Datetime,Open,High,Low,Close,Volume,Dividends,Stock Splits
2025-07-14 09:15:00+05:30,1424.5999755859375,1424.5999755859375,1418.0999755859375,1420.199951171875,138824,0.0,0.0
2025-07-14 09:30:00+05:30,1420.0999755859375,1420.9000244140625,1419.0,1419.5999755859375,232240,0.0,0.0
2025-07-14 09:45:00+05:30,1419.5,1422.699951171875,1419.5,1422.5999755859375,129120,0.0,0.0
2025-07-14 10:00:00+05:30,1422.5999755859375,1422.9000244140625,1419.800048828125,1421.5999755859375,91078,0.0,0.0
2025-07-14 10:15:00+05:30,1421.9000244140625,1423.300048828125,1419.199951171875,1419.5,81060,0.0,0.0
2025-07-14 10:30:00+05:30,1419.5999755859375,1419.5999755859375,1417.300048828125,1418.300048828125,108157,0.0,0.0
2025-07-14 10:45:00+05:30,1418.0999755859375,1418.800048828125,1416.5999755859375,1417.199951171875,78977,0.0,0.0
2025-07-14 11:00:00+05:30,1417.199951171875,1418.199951171875,1417.0,1417.9000244140625,98262,0.0,0.0
2025-07-14 11:15:00+05:30,1417.9000244140625,1419.0,1416.199951171875,1417.0999755859375,250870,0.0,0.0
2025-07-14 11:30:00+05:30,1417.0999755859375,1418.0,1416.5999755859375,1418.0,195207,0.0,0.0
2025-07-14 11:45:00+05:30,1418.0,1418.5999755859375,1417.300048828125,1418.0999755859375,287035,0.0,0.0
2025-07-14 12:00:00+05:30,1418.199951171875,1420.0,1417.9000244140625,1418.300048828125,181406,0.0,0.0
2025-07-14 12:15:00+05:30,1418.300048828125,1419.9000244140625,1418.0999755859375,1419.300048828125,115709,0.0,0.0
2025-07-14 12:30:00+05:30,1419.5999755859375,1421.0,1419.300048828125,1420.199951171875,78302,0.0,0.0
2025-07-14 12:45:00+05:30,1420.0999755859375,1421.0,1419.0,1420.699951171875,83218,0.0,0.0
2025-07-14 13:00:00+05:30,1420.9000244140625,1421.4000244140625,1417.699951171875,1419.5999755859375,166627,0.0,0.0
2025-07-14 13:15:00+05:30,1419.5999755859375,1423.300048828125,1419.4000244140625,1423.300048828125,89100,0.0,0.0
2025-07-14 13:30:00+05:30,1423.5,1423.5,1421.0,1422.0999755859375,152536,0.0,0.0
2025-07-14 13:45:00+05:30,1422.0999755859375,1423.199951171875,1421.5,1422.9000244140625,176365,0.0,0.0
2025-07-14 14:00:00+05:30,1422.9000244140625,1423.0,1421.699951171875,1423.0,116801,0.0,0.0
2025-07-14 14:15:00+05:30,1423.0,1423.0,1421.9000244140625,1423.0,169194,0.0,0.0
2025-07-14 14:30:00+05:30,1423.0,1423.0,1420.199951171875,1421.699951171875,309722,0.0,0.0
2025-07-14 14:45:00+05:30,1421.800048828125,1423.9000244140625,1420.0999755859375,1423.800048828125,564161,0.0,0.0
2025-07-14 15:00:00+05:30,1423.800048828125,1424.0,1422.699951171875,1423.300048828125,860108,0.0,0.0
2025-07-14 15:15:00+05:30,1423.300048828125,1423.5999755859375,1421.9000244140625,1421.9000244140625,865697,0.0,0.0
2025-07-15 09:15:00+05:30,1421.9000244140625,1425.300048828125,1419.300048828125,1421.800048828125,110230,0.0,0.0
2025-07-15 09:30:00+05:30,1422.800048828125,1423.199951171875,1420.300048828125,1421.800048828125,147813,0.0,0.0
2025-07-15 09:45:00+05:30,1421.800048828125,1423.9000244140625,1421.699951171875,1422.9000244140625,236524,0.0,0.0
2025-07-15 10:00:00+05:30,1422.5999755859375,1423.699951171875,1422.0,1422.5999755859375,58544,0.0,0.0
2025-07-15 10:15:00+05:30,1422.5999755859375,1423.9000244140625,1421.699951171875,1423.5,57996,0.0,0.0
2025-07-15 10:30:00+05:30,1423.5,1424.5,1422.9000244140625,1423.4000244140625,157911,0.0,0.0
2025-07-15 10:45:00+05:30,1423.4000244140625,1426.699951171875,1422.800048828125,1424.0,163631,0.0,0.0
2025-07-15 11:00:00+05:30,1424.199951171875,1425.199951171875,1422.800048828125,1423.199951171875,228893,0.0,0.0
2025-07-15 11:15:00+05:30,1423.300048828125,1424.199951171875,1422.5,1423.5,163961,0.0,0.0
2025-07-15 11:30:00+05:30,1423.800048828125,1425.5,1423.0999755859375,1423.4000244140625,249801,0.0,0.0
2025-07-15 11:45:00+05:30,1423.4000244140625,1424.800048828125,1422.300048828125,1424.4000244140625,181023,0.0,0.0
2025-07-15 12:00:00+05:30,1424.4000244140625,1426.199951171875,1424.0999755859375,1426.0,85911,0.0,0.0
2025-07-15 12:15:00+05:30,1426.0,1426.4000244140625,1424.4000244140625,1425.5999755859375,347532,0.0,0.0
2025-07-15 12:30:00+05:30,1426.0,1427.4000244140625,1425.4000244140625,1426.5999755859375,157143,0.0,0.0
2025-07-15 12:45:00+05:30,1426.5999755859375,1428.5999755859375,1426.0999755859375,1426.199951171875,182271,0.0,0.0
2025-07-15 13:00:00+05:30,1426.5,1427.800048828125,1426.0999755859375,1426.300048828125,134740,0.0,0.0
2025-07-15 13:15:00+05:30,1426.300048828125,1426.5999755859375,1425.0,1425.0999755859375,186222,0.0,0.0
2025-07-15 13:30:00+05:30,1425.5,1426.699951171875,1425.0,1426.199951171875,158537,0.0,0.0
2025-07-15 13:45:00+05:30,1426.199951171875,1427.9000244140625,1426.0999755859375,1427.300048828125,184454,0.0,0.0
2025-07-15 14:00:00+05:30,1427.5,1427.699951171875,1425.800048828125,1427.4000244140625,177791,0.0,0.0
2025-07-15 14:15:00+05:30,1427.5,1427.5999755859375,1426.5999755859375,1427.199951171875,105369,0.0,0.0
2025-07-15 14:30:00+05:30,1427.5,1427.5,1425.0,1425.5999755859375,290313,0.0,0.0
2025-07-15 14:45:00+05:30,1425.5,1426.699951171875,1425.0,1426.199951171875,319204,0.0,0.0
2025-07-15 15:00:00+05:30,1426.300048828125,1432.0,1426.300048828125,1431.5999755859375,888441,0.0,0.0
2025-07-15 15:15:00+05:30,1431.5999755859375,1433.800048828125,1431.199951171875,1433.0,871064,0.0,0.0
2025-07-16 09:15:00+05:30,1425.0999755859375,1426.0,1419.4000244140625,1420.699951171875,274971,0.0,0.0
2025-07-16 09:30:00+05:30,1420.699951171875,1422.0999755859375,1420.300048828125,1421.0,122125,0.0,0.0
2025-07-16 09:45:00+05:30,1421.300048828125,1422.0,1420.4000244140625,1421.199951171875,278342,0.0,0.0
2025-07-16 10:00:00+05:30,1421.300048828125,1422.0,1420.5,1421.699951171875,84695,0.0,0.0
2025-07-16 10:15:00+05:30,1421.5,1423.800048828125,1421.300048828125,1422.300048828125,152847,0.0,0.0
2025-07-16 10:30:00+05:30,1422.800048828125,1423.5,1422.199951171875,1422.9000244140625,121917,0.0,0.0
2025-07-16 10:45:00+05:30,1422.800048828125,1423.0,1420.4000244140625,1422.0,149630,0.0,0.0
2025-07-16 11:00:00+05:30,1422.0,1422.5,1421.0999755859375,1422.5,241895,0.0,0.0
2025-07-16 11:15:00+05:30,1422.0999755859375,1423.5,1421.9000244140625,1422.9000244140625,217728,0.0,0.0
2025-07-16 11:30:00+05:30,1422.800048828125,1423.199951171875,1421.699951171875,1422.699951171875,158895,0.0,0.0
2025-07-16 11:45:00+05:30,1422.5999755859375,1425.9000244140625,1422.300048828125,1425.4000244140625,183171,0.0,0.0
2025-07-16 12:00:00+05:30,1425.300048828125,1425.9000244140625,1423.699951171875,1424.5999755859375,135179,0.0,0.0
2025-07-16 12:15:00+05:30,1423.800048828125,1427.0,1423.4000244140625,1426.5,146390,0.0,0.0
2025-07-16 12:30:00+05:30,1426.9000244140625,1427.800048828125,1424.5,1426.699951171875,215895,0.0,0.0
2025-07-16 12:45:00+05:30,1427.0,1428.4000244140625,1425.9000244140625,1426.4000244140625,219553,0.0,0.0
2025-07-16 13:00:00+05:30,1426.300048828125,1427.4000244140625,1426.0,1426.9000244140625,90788,0.0,0.0
2025-07-16 13:15:00+05:30,1426.800048828125,1427.199951171875,1425.9000244140625,1426.4000244140625,86626,0.0,0.0
2025-07-16 13:30:00+05:30,1426.5,1428.4000244140625,1425.4000244140625,1428.199951171875,167670,0.0,0.0
2025-07-16 13:45:00+05:30,1428.199951171875,1429.0999755859375,1426.9000244140625,1428.0999755859375,441924,0.0,0.0
2025-07-16 14:00:00+05:30,1428.0999755859375,1429.199951171875,1426.300048828125,1427.5,188586,0.0,0.0
2025-07-16 14:15:00+05:30,1427.5,1428.300048828125,1425.4000244140625,1425.9000244140625,165391,0.0,0.0
2025-07-16 14:30:00+05:30,1425.9000244140625,1427.300048828125,1425.300048828125,1425.800048828125,208384,0.0,0.0
2025-07-16 14:45:00+05:30,1426.0999755859375,1427.699951171875,1425.5999755859375,1426.800048828125,174642,0.0,0.0
2025-07-16 15:00:00+05:30,1426.800048828125,1428.199951171875,1425.5,1426.300048828125,658710,0.0,0.0
2025-07-16 15:15:00+05:30,1426.300048828125,1427.4000244140625,1424.0999755859375,1425.699951171875,762666,0.0,0.0
2025-07-17 09:15:00+05:30,1422.300048828125,1422.300048828125,1410.9000244140625,1415.4000244140625,1569278,0.0,0.0
2025-07-17 09:30:00+05:30,1415.800048828125,1416.4000244140625,1413.0999755859375,1413.300048828125,330781,0.0,0.0
2025-07-17 09:45:00+05:30,1413.5,1413.9000244140625,1411.5,1412.199951171875,448025,0.0,0.0
2025-07-17 10:00:00+05:30,1412.300048828125,1412.5999755859375,1410.0,1412.5999755859375,289918,0.0,0.0
2025-07-17 10:15:00+05:30,1412.699951171875,1413.0999755859375,1410.0,1410.699951171875,298221,0.0,0.0
2025-07-17 10:30:00+05:30,1410.5,1412.5999755859375,1409.5999755859375,1412.5,384338,0.0,0.0
2025-07-17 10:45:00+05:30,1412.5,1415.4000244140625,1411.5999755859375,1415.0,1250927,0.0,0.0
2025-07-17 11:00:00+05:30,1415.0,1416.5,1413.0,1415.4000244140625,531997,0.0,0.0
2025-07-17 11:15:00+05:30,1415.300048828125,1417.0,1415.0,1415.9000244140625,201353,0.0,0.0
2025-07-17 11:30:00+05:30,1416.199951171875,1418.4000244140625,1415.699951171875,1417.699951171875,304721,0.0,0.0
2025-07-17 11:45:00+05:30,1417.800048828125,1418.699951171875,1417.0999755859375,1418.300048828125,157070,0.0,0.0
2025-07-17 12:00:00+05:30,1418.4000244140625,1418.5999755859375,1417.0999755859375,1418.0999755859375,177690,0.0,0.0
2025-07-17 12:15:00+05:30,1418.0999755859375,1418.5,1417.0999755859375,1418.0,224209,0.0,0.0
2025-07-17 12:30:00+05:30,1418.0,1420.5,1415.9000244140625,1419.199951171875,378964,0.0,0.0
2025-07-17 12:45:00+05:30,1419.5,1420.5,1418.699951171875,1420.4000244140625,208587,0.0,0.0
2025-07-17 13:00:00+05:30,1420.4000244140625,1420.699951171875,1419.199951171875,1420.300048828125,238946,0.0,0.0
2025-07-17 13:15:00+05:30,1420.4000244140625,1420.5,1418.4000244140625,1418.9000244140625,435163,0.0,0.0
2025-07-17 13:30:00+05:30,1418.800048828125,1420.300048828125,1418.5,1420.0999755859375,370145,0.0,0.0
2025-07-17 13:45:00+05:30,1420.0999755859375,1421.0999755859375,1419.800048828125,1420.300048828125,311194,0.0,0.0
2025-07-17 14:00:00+05:30,1420.4000244140625,1420.5999755859375,1416.800048828125,1418.0999755859375,537978,0.0,0.0
2025-07-17 14:15:00+05:30,1417.800048828125,1419.699951171875,1417.5,1419.4000244140625,461326,0.0,0.0
2025-07-17 14:30:00+05:30,1419.0999755859375,1420.4000244140625,1418.300048828125,1419.5,484582,0.0,0.0
2025-07-17 14:45:00+05:30,1419.5999755859375,1419.800048828125,1417.800048828125,1419.0999755859375,708223,0.0,0.0
2025-07-17 15:00:00+05:30,1419.4000244140625,1420.300048828125,1417.5999755859375,1418.9000244140625,1372835,0.0,0.0
2025-07-17 15:15:00+05:30,1418.9000244140625,1420.0,1417.699951171875,1418.0,1250550,0.0,0.0
2025-07-18 09:15:00+05:30,1420.300048828125,1422.800048828125,1414.300048828125,1416.199951171875,263853,0.0,0.0
2025-07-18 09:30:00+05:30,1415.699951171875,1415.9000244140625,1411.0,1414.0999755859375,591731,0.0,0.0
2025-07-18 09:45:00+05:30,1414.0999755859375,1416.5999755859375,1413.5,1416.0999755859375,308711,0.0,0.0
2025-07-18 10:00:00+05:30,1416.199951171875,1418.699951171875,1414.4000244140625,1417.699951171875,235241,0.0,0.0
2025-07-18 10:15:00+05:30,1417.5999755859375,1418.4000244140625,1412.800048828125,1416.300048828125,349743,0.0,0.0
2025-07-18 10:30:00+05:30,1416.300048828125,1417.5,1412.9000244140625,1414.5999755859375,171560,0.0,0.0
2025-07-18 10:45:00+05:30,1414.5999755859375,1416.0999755859375,1412.0999755859375,1412.300048828125,387640,0.0,0.0
2025-07-18 11:00:00+05:30,1411.9000244140625,1413.5,1410.199951171875,1413.5,233088,0.0,0.0
2025-07-18 11:15:00+05:30,1413.199951171875,1415.300048828125,1412.0,1413.5999755859375,504607,0.0,0.0
2025-07-18 11:30:00+05:30,1413.699951171875,1413.699951171875,1408.800048828125,1408.800048828125,294248,0.0,0.0
2025-07-18 11:45:00+05:30,1408.9000244140625,1410.199951171875,1408.5,1409.800048828125,169377,0.0,0.0
2025-07-18 12:00:00+05:30,1409.9000244140625,1410.4000244140625,1409.0,1409.699951171875,247620,0.0,0.0
2025-07-18 12:15:00+05:30,1409.5999755859375,1410.699951171875,1408.5,1410.4000244140625,380992,0.0,0.0
2025-07-18 12:30:00+05:30,1410.5,1412.0999755859375,1409.9000244140625,1411.0,211345,0.0,0.0
2025-07-18 12:45:00+05:30,1410.9000244140625,1414.5999755859375,1410.699951171875,1414.5999755859375,290463,0.0,0.0
2025-07-18 13:00:00+05:30,1414.800048828125,1416.5999755859375,1413.199951171875,1414.9000244140625,359158,0.0,0.0
2025-07-18 13:15:00+05:30,1414.5999755859375,1416.800048828125,1413.0999755859375,1415.300048828125,314289,0.0,0.0
2025-07-18 13:30:00+05:30,1415.300048828125,1418.5999755859375,1415.0,1418.5999755859375,325051,0.0,0.0
2025-07-18 13:45:00+05:30,1418.5999755859375,1422.4000244140625,1417.0999755859375,1420.300048828125,313430,0.0,0.0
2025-07-18 14:00:00+05:30,1420.5,1423.4000244140625,1420.0,1420.5999755859375,280368,0.0,0.0
2025-07-18 14:15:00+05:30,1420.5999755859375,1423.5999755859375,1419.0999755859375,1423.4000244140625,246795,0.0,0.0
2025-07-18 14:30:00+05:30,1423.0999755859375,1428.800048828125,1422.0,1424.300048828125,573120,0.0,0.0
2025-07-18 14:45:00+05:30,1424.199951171875,1427.0,1423.5999755859375,1425.5,560061,0.0,0.0
2025-07-18 15:00:00+05:30,1425.5,1427.199951171875,1424.4000244140625,1426.0,1780984,0.0,0.0
2025-07-18 15:15:00+05:30,1426.199951171875,1428.9000244140625,1425.4000244140625,1425.800048828125,941955,0.0,0.0
2025-07-21 09:15:00+05:30,1438.199951171875,1454.199951171875,1437.0,1440.5,687131,0.0,0.0
2025-07-21 09:30:00+05:30,1440.5,1453.5,1440.300048828125,1453.199951171875,1106314,0.0,0.0
2025-07-21 09:45:00+05:30,1453.199951171875,1461.9000244140625,1452.699951171875,1460.5,1071166,0.0,0.0
2025-07-21 10:00:00+05:30,1460.5999755859375,1461.5999755859375,1458.300048828125,1459.800048828125,589723,0.0,0.0
2025-07-21 10:15:00+05:30,1459.4000244140625,1461.5999755859375,1458.5999755859375,1458.800048828125,375377,0.0,0.0
2025-07-21 10:30:00+05:30,1458.800048828125,1461.0,1458.800048828125,1460.0999755859375,247982,0.0,0.0
2025-07-21 10:45:00+05:30,1460.0999755859375,1465.9000244140625,1460.0,1464.300048828125,787234,0.0,0.0
2025-07-21 11:00:00+05:30,1464.300048828125,1464.699951171875,1460.0,1460.300048828125,625517,0.0,0.0
2025-07-21 11:15:00+05:30,1460.4000244140625,1461.199951171875,1458.9000244140625,1460.0,468624,0.0,0.0
2025-07-21 11:30:00+05:30,1460.0999755859375,1461.5,1457.5,1459.0,507044,0.0,0.0
2025-07-21 11:45:00+05:30,1458.9000244140625,1459.9000244140625,1456.4000244140625,1459.9000244140625,247672,0.0,0.0
2025-07-21 12:00:00+05:30,1459.9000244140625,1461.0,1459.0999755859375,1459.5999755859375,221997,0.0,0.0
2025-07-21 12:15:00+05:30,1459.5999755859375,1460.0,1457.699951171875,1458.5,273067,0.0,0.0
2025-07-21 12:30:00+05:30,1458.5999755859375,1458.5999755859375,1456.800048828125,1458.5,273472,0.0,0.0
2025-07-21 12:45:00+05:30,1458.5,1460.0,1458.300048828125,1459.9000244140625,328287,0.0,0.0
2025-07-21 13:00:00+05:30,1460.0,1462.0,1459.800048828125,1460.5,226010,0.0,0.0
2025-07-21 13:15:00+05:30,1460.4000244140625,1461.9000244140625,1460.0,1460.800048828125,166206,0.0,0.0
2025-07-21 13:30:00+05:30,1460.699951171875,1461.699951171875,1460.0,1460.300048828125,167172,0.0,0.0
2025-07-21 13:45:00+05:30,1460.300048828125,1461.0999755859375,1459.4000244140625,1460.5,261204,0.0,0.0
2025-07-21 14:00:00+05:30,1460.5,1462.0,1459.300048828125,1461.0999755859375,414844,0.0,0.0
2025-07-21 14:15:00+05:30,1461.0999755859375,1463.5999755859375,1460.5,1462.9000244140625,246369,0.0,0.0
2025-07-21 14:30:00+05:30,1462.9000244140625,1463.9000244140625,1461.800048828125,1463.800048828125,245004,0.0,0.0
2025-07-21 14:45:00+05:30,1463.9000244140625,1465.199951171875,1462.5,1465.199951171875,350556,0.0,0.0
2025-07-21 15:00:00+05:30,1465.199951171875,1467.699951171875,1464.800048828125,1465.5,965362,0.0,0.0
2025-07-21 15:15:00+05:30,1465.4000244140625,1466.800048828125,1463.0999755859375,1465.800048828125,771821,0.0,0.0
2025-07-22 09:15:00+05:30,1472.300048828125,1476.800048828125,1471.300048828125,1473.5,1555423,0.0,0.0
2025-07-22 09:30:00+05:30,1473.699951171875,1479.199951171875,1472.300048828125,1477.300048828125,474177,0.0,0.0
2025-07-22 09:45:00+05:30,1477.0999755859375,1479.0,1475.0,1475.5999755859375,262727,0.0,0.0
2025-07-22 10:00:00+05:30,1475.9000244140625,1477.300048828125,1474.0,1477.199951171875,274000,0.0,0.0
2025-07-22 10:15:00+05:30,1477.0999755859375,1481.9000244140625,1477.0999755859375,1478.4000244140625,468297,0.0,0.0
2025-07-22 10:30:00+05:30,1478.4000244140625,1478.9000244140625,1472.699951171875,1473.300048828125,236389,0.0,0.0
2025-07-22 10:45:00+05:30,1473.0,1474.0,1471.800048828125,1473.0999755859375,186479,0.0,0.0
2025-07-22 11:00:00+05:30,1473.4000244140625,1475.800048828125,1473.0,1475.300048828125,507754,0.0,0.0
2025-07-22 11:15:00+05:30,1475.300048828125,1478.0,1474.4000244140625,1477.4000244140625,145906,0.0,0.0
2025-07-22 11:30:00+05:30,1477.800048828125,1478.0,1475.5999755859375,1475.9000244140625,249678,0.0,0.0
2025-07-22 11:45:00+05:30,1475.800048828125,1476.0,1473.300048828125,1475.300048828125,212644,0.0,0.0
2025-07-22 12:00:00+05:30,1475.300048828125,1477.0999755859375,1475.0,1475.5999755859375,113936,0.0,0.0
2025-07-22 12:15:00+05:30,1475.4000244140625,1478.4000244140625,1475.0999755859375,1476.9000244140625,153365,0.0,0.0
2025-07-22 12:30:00+05:30,1476.9000244140625,1477.699951171875,1476.0,1476.5999755859375,115248,0.0,0.0
2025-07-22 12:45:00+05:30,1476.5,1477.5,1475.5999755859375,1476.800048828125,125265,0.0,0.0
2025-07-22 13:00:00+05:30,1476.4000244140625,1477.0,1474.9000244140625,1475.5,222519,0.0,0.0
2025-07-22 13:15:00+05:30,1475.5,1476.800048828125,1475.0,1476.199951171875,204294,0.0,0.0
2025-07-22 13:30:00+05:30,1476.0999755859375,1476.4000244140625,1475.0999755859375,1476.0999755859375,262460,0.0,0.0
2025-07-22 13:45:00+05:30,1476.0999755859375,1476.0999755859375,1473.5999755859375,1474.9000244140625,174014,0.0,0.0
2025-07-22 14:00:00+05:30,1475.0,1475.5999755859375,1471.699951171875,1472.4000244140625,233817,0.0,0.0
2025-07-22 14:15:00+05:30,1472.5999755859375,1472.9000244140625,1470.0999755859375,1471.9000244140625,255638,0.0,0.0
2025-07-22 14:30:00+05:30,1472.199951171875,1474.0,1471.699951171875,1473.800048828125,396743,0.0,0.0
2025-07-22 14:45:00+05:30,1473.800048828125,1475.699951171875,1473.199951171875,1473.800048828125,211139,0.0,0.0
2025-07-22 15:00:00+05:30,1473.300048828125,1475.0,1471.699951171875,1473.699951171875,915489,0.0,0.0
2025-07-22 15:15:00+05:30,1473.9000244140625,1475.0,1470.800048828125,1473.5999755859375,972078,0.0,0.0
2025-07-23 09:15:00+05:30,1479.5,1479.699951171875,1472.5999755859375,1472.9000244140625,157902,0.0,0.0
2025-07-23 09:30:00+05:30,1473.0999755859375,1474.9000244140625,1472.800048828125,1474.0,126302,0.0,0.0
2025-07-23 09:45:00+05:30,1473.699951171875,1474.699951171875,1473.199951171875,1474.5999755859375,93035,0.0,0.0
2025-07-23 10:00:00+05:30,1474.4000244140625,1475.300048828125,1473.5999755859375,1473.9000244140625,344294,0.0,0.0
2025-07-23 10:15:00+05:30,1474.300048828125,1474.5,1473.5999755859375,1474.4000244140625,105557,0.0,0.0
2025-07-23 10:30:00+05:30,1474.5,1475.5,1473.5999755859375,1474.9000244140625,588464,0.0,0.0
2025-07-23 10:45:00+05:30,1474.800048828125,1477.300048828125,1474.800048828125,1476.4000244140625,923454,0.0,0.0
2025-07-23 11:00:00+05:30,1476.5,1476.9000244140625,1475.300048828125,1475.699951171875,159074,0.0,0.0
2025-07-23 11:15:00+05:30,1475.5,1476.0,1474.4000244140625,1475.699951171875,240088,0.0,0.0
2025-07-23 11:30:00+05:30,1475.800048828125,1477.300048828125,1475.300048828125,1476.800048828125,272214,0.0,0.0
2025-07-23 11:45:00+05:30,1476.800048828125,1478.699951171875,1476.5999755859375,1478.199951171875,289423,0.0,0.0
2025-07-23 12:00:00+05:30,1478.0,1480.4000244140625,1478.0,1479.9000244140625,267806,0.0,0.0
2025-07-23 12:15:00+05:30,1479.9000244140625,1481.5999755859375,1479.800048828125,1480.800048828125,229759,0.0,0.0
2025-07-23 12:30:00+05:30,1480.800048828125,1481.300048828125,1479.800048828125,1480.0999755859375,205079,0.0,0.0
2025-07-23 12:45:00+05:30,1480.0999755859375,1481.5,1479.800048828125,1481.4000244140625,176870,0.0,0.0
2025-07-23 13:00:00+05:30,1481.5,1483.5,1481.4000244140625,1482.199951171875,428342,0.0,0.0
2025-07-23 13:15:00+05:30,1482.199951171875,1483.699951171875,1481.5,1483.199951171875,605943,0.0,0.0
2025-07-23 13:30:00+05:30,1483.0999755859375,1484.800048828125,1483.0,1483.9000244140625,322571,0.0,0.0
2025-07-23 13:45:00+05:30,1484.0999755859375,1485.9000244140625,1483.5999755859375,1485.699951171875,423585,0.0,0.0
2025-07-23 14:00:00+05:30,1485.800048828125,1486.699951171875,1484.5999755859375,1486.699951171875,265985,0.0,0.0
2025-07-23 14:15:00+05:30,1486.5,1489.699951171875,1486.5,1487.4000244140625,1186503,0.0,0.0
2025-07-23 14:30:00+05:30,1487.199951171875,1490.0,1486.800048828125,1488.5,651344,0.0,0.0
2025-07-23 14:45:00+05:30,1488.5999755859375,1489.4000244140625,1487.4000244140625,1488.300048828125,832549,0.0,0.0
2025-07-23 15:00:00+05:30,1488.199951171875,1489.699951171875,1487.800048828125,1488.5,1434169,0.0,0.0
2025-07-23 15:15:00+05:30,1488.5999755859375,1488.800048828125,1486.0,1486.9000244140625,1042778,0.0,0.0
2025-07-24 09:15:00+05:30,1486.9000244140625,1488.300048828125,1483.199951171875,1483.5,94875,0.0,0.0
2025-07-24 09:30:00+05:30,1483.699951171875,1485.4000244140625,1482.699951171875,1484.5999755859375,127600,0.0,0.0
2025-07-24 09:45:00+05:30,1484.699951171875,1484.9000244140625,1482.300048828125,1483.0999755859375,78495,0.0,0.0
2025-07-24 10:00:00+05:30,1483.5,1484.300048828125,1482.0,1483.699951171875,213973,0.0,0.0
2025-07-24 10:15:00+05:30,1483.699951171875,1484.5999755859375,1482.0999755859375,1484.300048828125,227564,0.0,0.0
2025-07-24 10:30:00+05:30,1484.4000244140625,1485.300048828125,1483.5999755859375,1485.199951171875,127994,0.0,0.0
2025-07-24 10:45:00+05:30,1485.0999755859375,1486.800048828125,1484.9000244140625,1486.199951171875,101339,0.0,0.0
2025-07-24 11:00:00+05:30,1486.0999755859375,1486.699951171875,1484.199951171875,1484.199951171875,143610,0.0,0.0
2025-07-24 11:15:00+05:30,1484.0999755859375,1486.0,1483.800048828125,1484.9000244140625,194161,0.0,0.0
2025-07-24 11:30:00+05:30,1484.9000244140625,1485.0,1482.5999755859375,1482.9000244140625,90678,0.0,0.0
2025-07-24 11:45:00+05:30,1483.0,1483.699951171875,1482.800048828125,1483.4000244140625,172869,0.0,0.0
2025-07-24 12:00:00+05:30,1483.5999755859375,1484.0,1481.199951171875,1482.5,1013396,0.0,0.0
2025-07-24 12:15:00+05:30,1482.4000244140625,1486.0,1482.0999755859375,1485.9000244140625,211873,0.0,0.0
2025-07-24 12:30:00+05:30,1485.9000244140625,1487.300048828125,1484.300048828125,1485.800048828125,255236,0.0,0.0
2025-07-24 12:45:00+05:30,1485.9000244140625,1486.800048828125,1484.0999755859375,1484.0999755859375,117760,0.0,0.0
2025-07-24 13:00:00+05:30,1484.300048828125,1486.699951171875,1483.800048828125,1486.5999755859375,144884,0.0,0.0
2025-07-24 13:15:00+05:30,1486.5,1486.5999755859375,1483.0999755859375,1483.5,133144,0.0,0.0
2025-07-24 13:30:00+05:30,1483.4000244140625,1485.699951171875,1482.199951171875,1485.199951171875,294904,0.0,0.0
2025-07-24 13:45:00+05:30,1485.300048828125,1485.699951171875,1482.699951171875,1484.199951171875,298683,0.0,0.0
2025-07-24 14:00:00+05:30,1484.0999755859375,1486.300048828125,1483.300048828125,1485.4000244140625,173990,0.0,0.0
2025-07-24 14:15:00+05:30,1485.199951171875,1486.0,1484.800048828125,1485.0999755859375,160391,0.0,0.0
2025-07-24 14:30:00+05:30,1485.0999755859375,1488.5,1485.0,1487.4000244140625,388432,0.0,0.0
2025-07-24 14:45:00+05:30,1487.5,1488.5,1485.699951171875,1485.9000244140625,266176,0.0,0.0
2025-07-24 15:00:00+05:30,1486.0,1486.199951171875,1483.300048828125,1483.4000244140625,710426,0.0,0.0
2025-07-24 15:15:00+05:30,1483.5,1483.5999755859375,1478.0999755859375,1480.0,713104,0.0,0.0
2025-07-25 09:15:00+05:30,1493.800048828125,1493.800048828125,1482.0999755859375,1489.0999755859375,1941131,0.0,0.0
2025-07-25 09:30:00+05:30,1489.300048828125,1491.800048828125,1487.199951171875,1488.0999755859375,500471,0.0,0.0
2025-07-25 09:45:00+05:30,1487.800048828125,1489.9000244140625,1487.0,1487.4000244140625,329705,0.0,0.0
2025-07-25 10:00:00+05:30,1487.5,1488.300048828125,1486.0999755859375,1486.5999755859375,136412,0.0,0.0
2025-07-25 10:15:00+05:30,1486.5999755859375,1486.5999755859375,1483.699951171875,1484.300048828125,178403,0.0,0.0
2025-07-25 10:30:00+05:30,1484.199951171875,1484.5999755859375,1479.0999755859375,1480.5999755859375,233114,0.0,0.0
2025-07-25 10:45:00+05:30,1480.4000244140625,1481.5,1479.699951171875,1481.199951171875,201956,0.0,0.0
2025-07-25 11:00:00+05:30,1481.5,1483.0,1478.699951171875,1479.5,189852,0.0,0.0
2025-07-25 11:15:00+05:30,1479.5,1480.0999755859375,1478.199951171875,1479.5,178680,0.0,0.0
2025-07-25 11:30:00+05:30,1479.5999755859375,1482.699951171875,1476.5,1477.199951171875,421986,0.0,0.0
2025-07-25 11:45:00+05:30,1477.0999755859375,1478.0,1475.800048828125,1476.5999755859375,182863,0.0,0.0
2025-07-25 12:00:00+05:30,1476.5999755859375,1477.199951171875,1475.4000244140625,1475.800048828125,149726,0.0,0.0
2025-07-25 12:15:00+05:30,1475.699951171875,1476.199951171875,1474.4000244140625,1475.0,238097,0.0,0.0
2025-07-25 12:30:00+05:30,1475.0999755859375,1478.199951171875,1473.9000244140625,1476.199951171875,307013,0.0,0.0
2025-07-25 12:45:00+05:30,1476.0999755859375,1477.300048828125,1475.0,1476.0,179721,0.0,0.0
2025-07-25 13:00:00+05:30,1476.0,1477.4000244140625,1475.0,1476.9000244140625,195247,0.0,0.0
2025-07-25 13:15:00+05:30,1476.9000244140625,1479.4000244140625,1476.5,1478.699951171875,124086,0.0,0.0
2025-07-25 13:30:00+05:30,1478.699951171875,1478.800048828125,1475.4000244140625,1476.4000244140625,180565,0.0,0.0
2025-07-25 13:45:00+05:30,1476.5,1477.9000244140625,1476.0999755859375,1477.0999755859375,165929,0.0,0.0
2025-07-25 14:00:00+05:30,1477.300048828125,1477.9000244140625,1474.5,1474.5,177838,0.0,0.0
2025-07-25 14:15:00+05:30,1474.5999755859375,1477.5,1473.800048828125,1476.0,270453,0.0,0.0
2025-07-25 14:30:00+05:30,1476.300048828125,1476.9000244140625,1475.0,1476.0,283450,0.0,0.0
2025-07-25 14:45:00+05:30,1476.0999755859375,1476.5,1474.199951171875,1474.5,332453,0.0,0.0
2025-07-25 15:00:00+05:30,1474.9000244140625,1478.5,1474.9000244140625,1478.0999755859375,753604,0.0,0.0
2025-07-25 15:15:00+05:30,1478.0999755859375,1478.9000244140625,1474.199951171875,1477.0999755859375,595639,0.0,0.0
2025-07-28 09:15:00+05:30,1480.0,1485.0,1478.800048828125,1482.300048828125,341578,0.0,0.0
2025-07-28 09:30:00+05:30,1482.699951171875,1485.9000244140625,1481.9000244140625,1483.699951171875,251322,0.0,0.0
2025-07-28 09:45:00+05:30,1482.800048828125,1486.4000244140625,1482.800048828125,1486.0,178904,0.0,0.0
2025-07-28 10:00:00+05:30,1485.800048828125,1488.0,1484.4000244140625,1487.199951171875,130894,0.0,0.0
2025-07-28 10:15:00+05:30,1487.4000244140625,1490.9000244140625,1487.4000244140625,1490.0,302293,0.0,0.0
2025-07-28 10:30:00+05:30,1490.0999755859375,1491.0,1486.699951171875,1487.300048828125,299410,0.0,0.0
2025-07-28 10:45:00+05:30,1487.5,1490.4000244140625,1484.5999755859375,1490.0,316930,0.0,0.0
2025-07-28 11:00:00+05:30,1490.0999755859375,1491.9000244140625,1490.0,1491.199951171875,330852,0.0,0.0
2025-07-28 11:15:00+05:30,1491.199951171875,1493.0,1490.4000244140625,1492.4000244140625,222608,0.0,0.0
2025-07-28 11:30:00+05:30,1492.300048828125,1493.800048828125,1489.5,1491.0999755859375,370826,0.0,0.0
2025-07-28 11:45:00+05:30,1491.199951171875,1491.699951171875,1489.800048828125,1490.9000244140625,213441,0.0,0.0
2025-07-28 12:00:00+05:30,1490.9000244140625,1491.5,1488.0,1488.699951171875,167820,0.0,0.0
2025-07-28 12:15:00+05:30,1488.800048828125,1490.699951171875,1488.0999755859375,1490.699951171875,162703,0.0,0.0
2025-07-28 12:30:00+05:30,1490.800048828125,1490.800048828125,1488.5,1488.699951171875,148411,0.0,0.0
2025-07-28 12:45:00+05:30,1489.0999755859375,1489.800048828125,1486.4000244140625,1487.5,278902,0.0,0.0
2025-07-28 13:00:00+05:30,1487.5,1487.5999755859375,1483.4000244140625,1483.9000244140625,172131,0.0,0.0
2025-07-28 13:15:00+05:30,1484.0,1484.9000244140625,1482.4000244140625,1483.0,237670,0.0,0.0
2025-07-28 13:30:00+05:30,1483.0,1484.0,1482.0,1482.5999755859375,134155,0.0,0.0
2025-07-28 13:45:00+05:30,1483.0,1484.800048828125,1482.0,1483.800048828125,204626,0.0,0.0
2025-07-28 14:00:00+05:30,1484.0,1484.800048828125,1481.300048828125,1484.5999755859375,260459,0.0,0.0
2025-07-28 14:15:00+05:30,1484.800048828125,1485.9000244140625,1484.300048828125,1484.5,216675,0.0,0.0
2025-07-28 14:30:00+05:30,1484.5999755859375,1487.5,1484.5999755859375,1487.0999755859375,237226,0.0,0.0
2025-07-28 14:45:00+05:30,1486.9000244140625,1488.0,1485.0999755859375,1487.199951171875,210435,0.0,0.0
2025-07-28 15:00:00+05:30,1487.199951171875,1489.0,1487.0,1488.0999755859375,729302,0.0,0.0
2025-07-28 15:15:00+05:30,1488.0,1490.0,1487.4000244140625,1488.9000244140625,844485,0.0,0.0
2025-07-29 09:15:00+05:30,1478.9000244140625,1483.5,1475.699951171875,1483.5,1198287,0.0,0.0
2025-07-29 09:30:00+05:30,1483.4000244140625,1483.9000244140625,1480.0,1483.0,324834,0.0,0.0
2025-07-29 09:45:00+05:30,1482.9000244140625,1484.699951171875,1481.300048828125,1481.4000244140625,290482,0.0,0.0
2025-07-29 10:00:00+05:30,1481.699951171875,1482.5,1480.0999755859375,1480.5999755859375,315500,0.0,0.0
2025-07-29 10:15:00+05:30,1480.5999755859375,1481.800048828125,1479.5999755859375,1480.5,227595,0.0,0.0
2025-07-29 10:30:00+05:30,1480.5999755859375,1482.0,1480.0,1480.800048828125,224779,0.0,0.0
2025-07-29 10:45:00+05:30,1481.0,1483.5999755859375,1480.199951171875,1483.0999755859375,828465,0.0,0.0
2025-07-29 11:00:00+05:30,1483.0,1483.9000244140625,1482.300048828125,1482.300048828125,196719,0.0,0.0
2025-07-29 11:15:00+05:30,1482.4000244140625,1484.5,1481.5,1481.5,236767,0.0,0.0
2025-07-29 11:30:00+05:30,1481.800048828125,1482.9000244140625,1480.0999755859375,1480.199951171875,221622,0.0,0.0
2025-07-29 11:45:00+05:30,1480.300048828125,1482.0,1479.699951171875,1482.0,125592,0.0,0.0
2025-07-29 12:00:00+05:30,1481.800048828125,1483.4000244140625,1481.0,1482.800048828125,136252,0.0,0.0
2025-07-29 12:15:00+05:30,1482.9000244140625,1483.0999755859375,1481.199951171875,1482.5999755859375,178408,0.0,0.0
2025-07-29 12:30:00+05:30,1482.699951171875,1483.0999755859375,1481.300048828125,1482.0999755859375,219371,0.0,0.0
2025-07-29 12:45:00+05:30,1482.0999755859375,1482.4000244140625,1481.199951171875,1481.699951171875,262510,0.0,0.0
2025-07-29 13:00:00+05:30,1482.0999755859375,1486.4000244140625,1482.0,1485.5999755859375,258792,0.0,0.0
2025-07-29 13:15:00+05:30,1485.5,1485.5999755859375,1483.4000244140625,1483.9000244140625,256259,0.0,0.0
2025-07-29 13:30:00+05:30,1483.9000244140625,1485.5,1483.0,1484.5,301414,0.0,0.0
2025-07-29 13:45:00+05:30,1484.5999755859375,1488.699951171875,1484.5,1487.5,365910,0.0,0.0
2025-07-29 14:00:00+05:30,1487.4000244140625,1489.800048828125,1486.699951171875,1486.699951171875,236857,0.0,0.0
2025-07-29 14:15:00+05:30,1487.300048828125,1487.9000244140625,1483.699951171875,1487.4000244140625,277001,0.0,0.0
2025-07-29 14:30:00+05:30,1487.5,1487.5,1482.9000244140625,1484.5,311843,0.0,0.0
2025-07-29 14:45:00+05:30,1484.5,1484.800048828125,1482.0999755859375,1484.0,619452,0.0,0.0
2025-07-29 15:00:00+05:30,1484.0,1486.5,1482.9000244140625,1485.9000244140625,914759,0.0,0.0
2025-07-29 15:15:00+05:30,1485.9000244140625,1488.0999755859375,1483.0,1486.199951171875,869096,0.0,0.0
2025-07-30 09:15:00+05:30,1484.0,1484.0,1477.5,1479.800048828125,907931,0.0,0.0
2025-07-30 09:30:00+05:30,1480.0,1483.0,1479.699951171875,1481.199951171875,211502,0.0,0.0
2025-07-30 09:45:00+05:30,1481.300048828125,1481.9000244140625,1480.199951171875,1481.300048828125,245332,0.0,0.0
2025-07-30 10:00:00+05:30,1481.4000244140625,1482.0,1479.699951171875,1481.5999755859375,215177,0.0,0.0
2025-07-30 10:15:00+05:30,1481.5,1484.9000244140625,1480.199951171875,1483.699951171875,221278,0.0,0.0
2025-07-30 10:30:00+05:30,1483.699951171875,1485.300048828125,1481.699951171875,1482.699951171875,181423,0.0,0.0
2025-07-30 10:45:00+05:30,1483.0999755859375,1483.800048828125,1480.199951171875,1483.0999755859375,234176,0.0,0.0
2025-07-30 11:00:00+05:30,1483.0999755859375,1484.199951171875,1481.800048828125,1484.0,204154,0.0,0.0
2025-07-30 11:15:00+05:30,1484.0999755859375,1488.5,1484.0999755859375,1488.0,354968,0.0,0.0
2025-07-30 11:30:00+05:30,1488.0,1488.0,1482.199951171875,1484.699951171875,244035,0.0,0.0
2025-07-30 11:45:00+05:30,1484.699951171875,1488.0,1483.9000244140625,1486.9000244140625,154855,0.0,0.0
2025-07-30 12:00:00+05:30,1486.9000244140625,1487.5,1484.0999755859375,1486.0,204240,0.0,0.0
2025-07-30 12:15:00+05:30,1485.800048828125,1487.800048828125,1485.300048828125,1486.699951171875,189671,0.0,0.0
2025-07-30 12:30:00+05:30,1486.800048828125,1487.300048828125,1484.0999755859375,1485.0,160839,0.0,0.0
2025-07-30 12:45:00+05:30,1484.9000244140625,1485.699951171875,1482.9000244140625,1485.4000244140625,127268,0.0,0.0
2025-07-30 13:00:00+05:30,1485.5,1486.0,1482.0999755859375,1483.5999755859375,188444,0.0,0.0
2025-07-30 13:15:00+05:30,1483.9000244140625,1485.0,1482.4000244140625,1483.5999755859375,166142,0.0,0.0
2025-07-30 13:30:00+05:30,1483.5999755859375,1486.699951171875,1483.199951171875,1485.9000244140625,155449,0.0,0.0
2025-07-30 13:45:00+05:30,1485.9000244140625,1486.800048828125,1484.5999755859375,1486.300048828125,154067,0.0,0.0
2025-07-30 14:00:00+05:30,1486.199951171875,1486.9000244140625,1483.0999755859375,1484.0999755859375,456948,0.0,0.0
2025-07-30 14:15:00+05:30,1484.0,1484.800048828125,1482.9000244140625,1483.5,305910,0.0,0.0
2025-07-30 14:30:00+05:30,1483.5,1486.0,1482.0999755859375,1483.0,347569,0.0,0.0
2025-07-30 14:45:00+05:30,1482.800048828125,1484.300048828125,1482.0,1482.0999755859375,234275,0.0,0.0
2025-07-30 15:00:00+05:30,1482.0999755859375,1484.0999755859375,1481.199951171875,1482.199951171875,490314,0.0,0.0
2025-07-30 15:15:00+05:30,1482.4000244140625,1483.699951171875,1480.0999755859375,1482.4000244140625,638472,0.0,0.0
2025-07-31 09:15:00+05:30,1476.5,1477.800048828125,1468.5,1469.0999755859375,1269684,0.0,0.0
2025-07-31 09:30:00+05:30,1469.300048828125,1469.4000244140625,1467.300048828125,1468.300048828125,198824,0.0,0.0
2025-07-31 09:45:00+05:30,1468.5,1468.699951171875,1465.4000244140625,1466.4000244140625,299461,0.0,0.0
2025-07-31 10:00:00+05:30,1465.9000244140625,1468.0,1464.5999755859375,1466.0999755859375,551851,0.0,0.0
2025-07-31 10:15:00+05:30,1466.199951171875,1467.0,1464.300048828125,1466.0,252846,0.0,0.0
2025-07-31 10:30:00+05:30,1466.0,1466.800048828125,1464.5,1466.5,240953,0.0,0.0
2025-07-31 10:45:00+05:30,1466.9000244140625,1469.0,1466.300048828125,1468.9000244140625,307545,0.0,0.0
2025-07-31 11:00:00+05:30,1469.0,1473.800048828125,1468.5,1472.0,488758,0.0,0.0
2025-07-31 11:15:00+05:30,1472.0,1476.9000244140625,1470.5999755859375,1475.199951171875,294315,0.0,0.0
2025-07-31 11:30:00+05:30,1475.199951171875,1479.199951171875,1475.0,1479.0999755859375,357159,0.0,0.0
2025-07-31 11:45:00+05:30,1479.0999755859375,1481.699951171875,1478.5,1479.0,375941,0.0,0.0
2025-07-31 12:00:00+05:30,1479.4000244140625,1481.9000244140625,1476.0,1481.699951171875,204377,0.0,0.0
2025-07-31 12:15:00+05:30,1481.699951171875,1486.0,1481.5999755859375,1483.699951171875,312398,0.0,0.0
2025-07-31 12:30:00+05:30,1483.699951171875,1489.699951171875,1483.5,1487.9000244140625,612851,0.0,0.0
2025-07-31 12:45:00+05:30,1487.9000244140625,1491.800048828125,1487.5,1490.800048828125,503023,0.0,0.0
2025-07-31 13:00:00+05:30,1490.800048828125,1492.9000244140625,1489.5,1491.0,348399,0.0,0.0
2025-07-31 13:15:00+05:30,1491.0,1493.699951171875,1490.5999755859375,1493.699951171875,385662,0.0,0.0
2025-07-31 13:30:00+05:30,1493.699951171875,1494.300048828125,1490.9000244140625,1492.300048828125,391164,0.0,0.0
2025-07-31 13:45:00+05:30,1492.300048828125,1494.0,1491.199951171875,1492.699951171875,260399,0.0,0.0
2025-07-31 14:00:00+05:30,1492.699951171875,1494.5,1491.800048828125,1492.5999755859375,477274,0.0,0.0
2025-07-31 14:15:00+05:30,1492.0999755859375,1492.4000244140625,1488.5999755859375,1489.199951171875,432371,0.0,0.0
2025-07-31 14:30:00+05:30,1489.0999755859375,1493.0,1486.300048828125,1491.199951171875,748300,0.0,0.0
2025-07-31 14:45:00+05:30,1491.300048828125,1491.5999755859375,1485.800048828125,1489.0,713137,0.0,0.0
2025-07-31 15:00:00+05:30,1489.199951171875,1489.199951171875,1479.699951171875,1481.0,1268879,0.0,0.0
2025-07-31 15:15:00+05:30,1480.9000244140625,1484.5,1478.199951171875,1484.5,1097118,0.0,0.0
2025-08-01 09:15:00+05:30,1478.0999755859375,1480.4000244140625,1474.300048828125,1476.9000244140625,332047,0.0,0.0
2025-08-01 09:30:00+05:30,1476.9000244140625,1485.0,1475.300048828125,1482.800048828125,166074,0.0,0.0
2025-08-01 09:45:00+05:30,1483.0,1484.0,1482.300048828125,1482.800048828125,52407,0.0,0.0
2025-08-01 10:00:00+05:30,1482.800048828125,1483.9000244140625,1480.9000244140625,1483.5999755859375,89172,0.0,0.0
2025-08-01 10:15:00+05:30,1484.0,1484.9000244140625,1482.300048828125,1484.5999755859375,83215,0.0,0.0
2025-08-01 10:30:00+05:30,1484.5999755859375,1484.5999755859375,1482.5,1483.199951171875,74597,0.0,0.0
2025-08-01 10:45:00+05:30,1483.199951171875,1483.4000244140625,1480.199951171875,1480.800048828125,85979,0.0,0.0
2025-08-01 11:00:00+05:30,1480.800048828125,1482.4000244140625,1477.0,1477.0999755859375,71161,0.0,0.0
2025-08-01 11:15:00+05:30,1477.199951171875,1477.199951171875,1473.0,1473.199951171875,184705,0.0,0.0
2025-08-01 11:30:00+05:30,1473.300048828125,1474.300048828125,1472.0,1474.300048828125,112995,0.0,0.0
2025-08-01 11:45:00+05:30,1474.300048828125,1476.0,1474.0,1474.199951171875,149178,0.0,0.0
2025-08-01 12:00:00+05:30,1474.199951171875,1475.199951171875,1472.5,1473.9000244140625,88840,0.0,0.0
2025-08-01 12:15:00+05:30,1473.9000244140625,1475.199951171875,1473.300048828125,1474.800048828125,100461,0.0,0.0
2025-08-01 12:30:00+05:30,1474.5999755859375,1476.0,1471.300048828125,1473.0999755859375,149590,0.0,0.0
2025-08-01 12:45:00+05:30,1473.0999755859375,1475.199951171875,1472.4000244140625,1474.9000244140625,71188,0.0,0.0
2025-08-01 13:00:00+05:30,1475.0,1475.0,1471.5999755859375,1473.4000244140625,108345,0.0,0.0
2025-08-01 13:15:00+05:30,1473.5,1476.300048828125,1473.199951171875,1475.699951171875,166992,0.0,0.0
2025-08-01 13:30:00+05:30,1475.800048828125,1477.0,1472.0,1475.0,392491,0.0,0.0
2025-08-01 13:45:00+05:30,1475.199951171875,1476.9000244140625,1473.300048828125,1473.699951171875,173976,0.0,0.0
2025-08-01 14:00:00+05:30,1474.300048828125,1475.300048828125,1473.0,1475.0,190783,0.0,0.0
2025-08-01 14:15:00+05:30,1475.0,1475.4000244140625,1473.5,1474.199951171875,85983,0.0,0.0
2025-08-01 14:30:00+05:30,1474.300048828125,1474.5,1472.300048828125,1473.0999755859375,100492,0.0,0.0
2025-08-01 14:45:00+05:30,1473.300048828125,1474.199951171875,1471.699951171875,1473.0,64388,0.0,0.0
2025-08-01 15:00:00+05:30,1473.0,1473.4000244140625,1470.0,1471.0,585379,0.0,0.0
2025-08-01 15:15:00+05:30,1470.9000244140625,1473.0,1470.0999755859375,1470.0999755859375,736008,0.0,0.0
2025-08-04 09:15:00+05:30,1475.0,1478.800048828125,1469.0,1470.5999755859375,110084,0.0,0.0
2025-08-04 09:30:00+05:30,1470.5999755859375,1472.800048828125,1469.300048828125,1469.300048828125,125722,0.0,0.0
2025-08-04 09:45:00+05:30,1468.5,1471.300048828125,1467.0,1469.699951171875,76465,0.0,0.0
2025-08-04 10:00:00+05:30,1469.4000244140625,1471.0,1468.4000244140625,1470.5999755859375,61128,0.0,0.0
2025-08-04 10:15:00+05:30,1470.5999755859375,1472.199951171875,1468.300048828125,1469.0,1052411,0.0,0.0
2025-08-04 10:30:00+05:30,1469.0999755859375,1469.9000244140625,1468.699951171875,1469.199951171875,49372,0.0,0.0
2025-08-04 10:45:00+05:30,1469.0999755859375,1469.0999755859375,1465.0999755859375,1466.199951171875,134144,0.0,0.0
2025-08-04 11:00:00+05:30,1466.199951171875,1469.800048828125,1466.0,1468.300048828125,93705,0.0,0.0
2025-08-04 11:15:00+05:30,1468.300048828125,1468.9000244140625,1467.5,1468.0999755859375,100549,0.0,0.0
2025-08-04 11:30:00+05:30,1468.0999755859375,1469.800048828125,1467.300048828125,1469.699951171875,190748,0.0,0.0
2025-08-04 11:45:00+05:30,1469.9000244140625,1471.9000244140625,1469.0,1471.5,45206,0.0,0.0
2025-08-04 12:00:00+05:30,1471.5,1471.5,1468.5999755859375,1469.300048828125,69772,0.0,0.0
2025-08-04 12:15:00+05:30,1469.300048828125,1469.699951171875,1467.0,1468.5,108578,0.0,0.0
2025-08-04 12:30:00+05:30,1468.4000244140625,1471.300048828125,1467.5999755859375,1470.699951171875,87153,0.0,0.0
2025-08-04 12:45:00+05:30,1470.699951171875,1471.199951171875,1468.0,1468.4000244140625,137224,0.0,0.0
2025-08-04 13:00:00+05:30,1468.4000244140625,1469.9000244140625,1468.0,1468.5,63935,0.0,0.0
2025-08-04 13:15:00+05:30,1468.4000244140625,1468.9000244140625,1462.300048828125,1463.4000244140625,305252,0.0,0.0
2025-08-04 13:30:00+05:30,1463.5999755859375,1466.0,1463.5999755859375,1465.9000244140625,79664,0.0,0.0
2025-08-04 13:45:00+05:30,1466.0999755859375,1469.199951171875,1465.199951171875,1465.5,193240,0.0,0.0
2025-08-04 14:00:00+05:30,1465.5,1468.0,1463.300048828125,1466.699951171875,264305,0.0,0.0
2025-08-04 14:15:00+05:30,1466.800048828125,1467.5,1466.0999755859375,1467.0,76171,0.0,0.0
2025-08-04 14:30:00+05:30,1467.199951171875,1468.0,1461.4000244140625,1462.5,532032,0.0,0.0
2025-08-04 14:45:00+05:30,1462.5,1465.4000244140625,1462.0999755859375,1464.300048828125,214622,0.0,0.0
2025-08-04 15:00:00+05:30,1463.5,1464.199951171875,1463.0,1463.5,576288,0.0,0.0
2025-08-04 15:15:00+05:30,1463.5,1464.0,1461.699951171875,1463.800048828125,1032375,0.0,0.0
2025-08-05 09:15:00+05:30,1457.699951171875,1461.0999755859375,1453.5999755859375,1456.800048828125,785980,0.0,0.0
2025-08-05 09:30:00+05:30,1456.800048828125,1458.0999755859375,1454.5,1455.300048828125,123181,0.0,0.0
2025-08-05 09:45:00+05:30,1455.0999755859375,1456.5999755859375,1450.199951171875,1451.0,257208,0.0,0.0
2025-08-05 10:00:00+05:30,1451.0,1453.0,1450.9000244140625,1452.9000244140625,197193,0.0,0.0
2025-08-05 10:15:00+05:30,1452.5,1453.699951171875,1450.0,1450.0,6946789,0.0,0.0
2025-08-05 10:30:00+05:30,1450.199951171875,1450.199951171875,1446.800048828125,1447.699951171875,424818,0.0,0.0
2025-08-05 10:45:00+05:30,1447.699951171875,1447.9000244140625,1445.4000244140625,1447.4000244140625,362702,0.0,0.0
2025-08-05 11:00:00+05:30,1447.4000244140625,1448.699951171875,1445.800048828125,1448.199951171875,175216,0.0,0.0
2025-08-05 11:15:00+05:30,1448.300048828125,1448.5,1446.0999755859375,1447.300048828125,168978,0.0,0.0
2025-08-05 11:30:00+05:30,1447.0999755859375,1448.800048828125,1446.199951171875,1447.699951171875,165546,0.0,0.0
2025-08-05 11:45:00+05:30,1447.5,1447.9000244140625,1445.199951171875,1445.300048828125,154717,0.0,0.0
2025-08-05 12:00:00+05:30,1445.300048828125,1448.9000244140625,1445.300048828125,1447.699951171875,332196,0.0,0.0
2025-08-05 12:15:00+05:30,1447.699951171875,1448.0999755859375,1445.9000244140625,1447.0,168799,0.0,0.0
2025-08-05 12:30:00+05:30,1446.9000244140625,1447.0999755859375,1444.9000244140625,1445.4000244140625,262656,0.0,0.0
2025-08-05 12:45:00+05:30,1445.5999755859375,1446.0,1444.5,1444.9000244140625,258566,0.0,0.0
2025-08-05 13:00:00+05:30,1444.800048828125,1445.699951171875,1443.0,1443.5999755859375,194657,0.0,0.0
2025-08-05 13:15:00+05:30,1443.5999755859375,1443.5999755859375,1441.300048828125,1442.300048828125,197420,0.0,0.0
2025-08-05 13:30:00+05:30,1442.300048828125,1442.5,1441.0,1442.0,249288,0.0,0.0
2025-08-05 13:45:00+05:30,1442.0,1444.5,1441.300048828125,1442.5999755859375,540538,0.0,0.0
2025-08-05 14:00:00+05:30,1443.199951171875,1443.4000244140625,1441.0999755859375,1442.0999755859375,157113,0.0,0.0
2025-08-05 14:15:00+05:30,1441.800048828125,1443.5,1441.0999755859375,1443.0,183785,0.0,0.0
2025-08-05 14:30:00+05:30,1443.199951171875,1444.699951171875,1442.699951171875,1444.300048828125,403139,0.0,0.0
2025-08-05 14:45:00+05:30,1444.5,1444.5999755859375,1442.4000244140625,1443.300048828125,358849,0.0,0.0
2025-08-05 15:00:00+05:30,1443.300048828125,1445.0,1442.699951171875,1445.0,811531,0.0,0.0
2025-08-05 15:15:00+05:30,1445.0,1446.300048828125,1443.800048828125,1445.0,917733,0.0,0.0
2025-08-06 09:15:00+05:30,1444.300048828125,1449.9000244140625,1444.300048828125,1449.4000244140625,448845,0.0,0.0
2025-08-06 09:30:00+05:30,1449.800048828125,1452.0999755859375,1449.4000244140625,1452.0999755859375,455244,0.0,0.0
2025-08-06 09:45:00+05:30,1452.0,1452.199951171875,1448.9000244140625,1450.199951171875,596555,0.0,0.0
2025-08-06 10:00:00+05:30,1450.4000244140625,1452.5,1445.300048828125,1449.0,204672,0.0,0.0
2025-08-06 10:15:00+05:30,1449.0,1450.5,1445.5,1446.300048828125,162225,0.0,0.0
2025-08-06 10:30:00+05:30,1446.4000244140625,1447.699951171875,1443.4000244140625,1445.9000244140625,232058,0.0,0.0
2025-08-06 10:45:00+05:30,1445.9000244140625,1448.5,1444.4000244140625,1444.800048828125,322177,0.0,0.0
2025-08-06 11:00:00+05:30,1444.800048828125,1448.5,1444.4000244140625,1447.800048828125,152703,0.0,0.0
2025-08-06 11:15:00+05:30,1448.199951171875,1449.9000244140625,1448.0,1449.800048828125,192640,0.0,0.0
2025-08-06 11:30:00+05:30,1449.699951171875,1452.0,1449.5999755859375,1451.9000244140625,221732,0.0,0.0
2025-08-06 11:45:00+05:30,1451.9000244140625,1453.9000244140625,1448.5,1449.5,631791,0.0,0.0
2025-08-06 12:00:00+05:30,1449.5,1451.0999755859375,1447.5999755859375,1447.5999755859375,89791,0.0,0.0
2025-08-06 12:15:00+05:30,1447.9000244140625,1450.0999755859375,1447.9000244140625,1449.0,172417,0.0,0.0
2025-08-06 12:30:00+05:30,1449.0,1449.300048828125,1445.9000244140625,1445.9000244140625,135963,0.0,0.0
2025-08-06 12:45:00+05:30,1445.5999755859375,1446.5999755859375,1444.5999755859375,1445.5,176971,0.0,0.0
2025-08-06 13:00:00+05:30,1445.5,1446.800048828125,1444.5999755859375,1445.699951171875,152797,0.0,0.0
2025-08-06 13:15:00+05:30,1445.800048828125,1446.9000244140625,1444.5999755859375,1446.0999755859375,352087,0.0,0.0
2025-08-06 13:30:00+05:30,1446.0999755859375,1447.4000244140625,1444.699951171875,1446.199951171875,190971,0.0,0.0
2025-08-06 13:45:00+05:30,1446.199951171875,1446.5,1444.9000244140625,1445.800048828125,132465,0.0,0.0
2025-08-06 14:00:00+05:30,1446.0,1446.199951171875,1444.800048828125,1445.4000244140625,87172,0.0,0.0
2025-08-06 14:15:00+05:30,1445.9000244140625,1447.699951171875,1445.0999755859375,1445.300048828125,90950,0.0,0.0
2025-08-06 14:30:00+05:30,1445.300048828125,1445.300048828125,1441.699951171875,1443.9000244140625,547650,0.0,0.0
2025-08-06 14:45:00+05:30,1443.9000244140625,1445.0,1442.0,1442.0,377599,0.0,0.0
2025-08-06 15:00:00+05:30,1442.4000244140625,1445.0,1441.5999755859375,1442.0,1065619,0.0,0.0
2025-08-06 15:15:00+05:30,1441.9000244140625,1447.300048828125,1441.9000244140625,1443.5999755859375,611740,0.0,0.0
2025-08-07 09:15:00+05:30,1444.800048828125,1446.0999755859375,1440.0999755859375,1440.5999755859375,173185,0.0,0.0
2025-08-07 09:30:00+05:30,1440.5999755859375,1440.9000244140625,1437.699951171875,1438.0999755859375,180679,0.0,0.0
2025-08-07 09:45:00+05:30,1437.699951171875,1439.199951171875,1436.0999755859375,1436.5,153095,0.0,0.0
2025-08-07 10:00:00+05:30,1436.300048828125,1437.5,1435.300048828125,1435.300048828125,192167,0.0,0.0
2025-08-07 10:15:00+05:30,1435.4000244140625,1437.4000244140625,1434.5999755859375,1436.0,176199,0.0,0.0
2025-08-07 10:30:00+05:30,1435.800048828125,1435.9000244140625,1433.0999755859375,1434.300048828125,196313,0.0,0.0
2025-08-07 10:45:00+05:30,1434.4000244140625,1435.0999755859375,1433.0999755859375,1433.4000244140625,264649,0.0,0.0
2025-08-07 11:00:00+05:30,1434.0999755859375,1434.800048828125,1431.9000244140625,1433.9000244140625,284473,0.0,0.0
2025-08-07 11:15:00+05:30,1433.9000244140625,1435.9000244140625,1433.199951171875,1433.699951171875,406516,0.0,0.0
2025-08-07 11:30:00+05:30,1433.4000244140625,1436.800048828125,1432.9000244140625,1432.9000244140625,219773,0.0,0.0
2025-08-07 11:45:00+05:30,1432.9000244140625,1433.9000244140625,1432.5999755859375,1432.9000244140625,223997,0.0,0.0
2025-08-07 12:00:00+05:30,1432.9000244140625,1435.4000244140625,1432.800048828125,1434.0,134285,0.0,0.0
2025-08-07 12:15:00+05:30,1433.699951171875,1435.5999755859375,1433.5,1435.4000244140625,98631,0.0,0.0
2025-08-07 12:30:00+05:30,1435.4000244140625,1436.0999755859375,1433.5,1433.699951171875,246015,0.0,0.0
2025-08-07 12:45:00+05:30,1434.5999755859375,1435.800048828125,1433.699951171875,1434.800048828125,360297,0.0,0.0
2025-08-07 13:00:00+05:30,1434.800048828125,1434.800048828125,1433.199951171875,1434.199951171875,212976,0.0,0.0
2025-08-07 13:15:00+05:30,1434.199951171875,1434.5999755859375,1431.199951171875,1432.0,212109,0.0,0.0
2025-08-07 13:30:00+05:30,1432.199951171875,1432.800048828125,1429.699951171875,1430.5999755859375,299408,0.0,0.0
2025-08-07 13:45:00+05:30,1430.800048828125,1431.5999755859375,1429.199951171875,1430.0,243638,0.0,0.0
2025-08-07 14:00:00+05:30,1430.5,1431.800048828125,1429.800048828125,1430.5999755859375,359452,0.0,0.0
2025-08-07 14:15:00+05:30,1430.5,1434.0999755859375,1430.5,1432.800048828125,399456,0.0,0.0
2025-08-07 14:30:00+05:30,1432.800048828125,1434.9000244140625,1432.4000244140625,1434.800048828125,229408,0.0,0.0
2025-08-07 14:45:00+05:30,1434.800048828125,1437.4000244140625,1433.800048828125,1437.300048828125,310124,0.0,0.0
2025-08-07 15:00:00+05:30,1437.300048828125,1441.5,1436.5,1440.4000244140625,711734,0.0,0.0
2025-08-07 15:15:00+05:30,1440.4000244140625,1442.9000244140625,1440.0,1441.0,948644,0.0,0.0
2025-08-08 09:15:00+05:30,1444.0,1444.0,1435.5999755859375,1436.0999755859375,321067,0.0,0.0
2025-08-08 09:30:00+05:30,1436.199951171875,1437.9000244140625,1434.699951171875,1436.800048828125,69153,0.0,0.0
2025-08-08 09:45:00+05:30,1436.699951171875,1438.0,1436.300048828125,1438.0,56455,0.0,0.0
2025-08-08 10:00:00+05:30,1438.699951171875,1438.699951171875,1435.5999755859375,1437.5999755859375,87711,0.0,0.0
2025-08-08 10:15:00+05:30,1437.4000244140625,1439.800048828125,1437.0999755859375,1438.5999755859375,120499,0.0,0.0
2025-08-08 10:30:00+05:30,1438.5999755859375,1438.5999755859375,1436.199951171875,1437.5,42477,0.0,0.0
2025-08-08 10:45:00+05:30,1437.4000244140625,1437.9000244140625,1435.199951171875,1435.5,189631,0.0,0.0
2025-08-08 11:00:00+05:30,1435.5999755859375,1438.199951171875,1435.4000244140625,1437.9000244140625,142929,0.0,0.0
2025-08-08 11:15:00+05:30,1438.0,1438.199951171875,1435.0,1435.300048828125,284505,0.0,0.0
2025-08-08 11:30:00+05:30,1435.5,1436.5999755859375,1434.5999755859375,1435.800048828125,93665,0.0,0.0
2025-08-08 11:45:00+05:30,1435.800048828125,1437.300048828125,1434.9000244140625,1435.699951171875,257731,0.0,0.0
2025-08-08 12:00:00+05:30,1435.800048828125,1436.9000244140625,1435.0999755859375,1435.699951171875,121451,0.0,0.0
2025-08-08 12:15:00+05:30,1435.699951171875,1438.5,1435.5,1437.5999755859375,261359,0.0,0.0
2025-08-08 12:30:00+05:30,1437.5999755859375,1438.0999755859375,1436.5999755859375,1437.5999755859375,279347,0.0,0.0
2025-08-08 12:45:00+05:30,1437.5999755859375,1440.199951171875,1436.5,1437.699951171875,320430,0.0,0.0
2025-08-08 13:00:00+05:30,1438.0,1438.9000244140625,1435.699951171875,1437.5,142793,0.0,0.0
2025-08-08 13:15:00+05:30,1437.5,1438.0,1436.5,1436.5999755859375,121394,0.0,0.0
2025-08-08 13:30:00+05:30,1436.5,1438.199951171875,1436.0999755859375,1437.9000244140625,107184,0.0,0.0
2025-08-08 13:45:00+05:30,1437.9000244140625,1438.0,1436.0,1437.4000244140625,85202,0.0,0.0
2025-08-08 14:00:00+05:30,1437.5,1438.9000244140625,1435.699951171875,1437.0,171606,0.0,0.0
2025-08-08 14:15:00+05:30,1436.800048828125,1438.5,1436.5,1438.0999755859375,167371,0.0,0.0
2025-08-08 14:30:00+05:30,1438.4000244140625,1439.199951171875,1437.4000244140625,1438.699951171875,227371,0.0,0.0
2025-08-08 14:45:00+05:30,1438.9000244140625,1439.800048828125,1437.800048828125,1439.699951171875,241535,0.0,0.0
2025-08-08 15:00:00+05:30,1439.699951171875,1439.9000244140625,1433.0,1435.4000244140625,852947,0.0,0.0
2025-08-08 15:15:00+05:30,1435.5,1436.800048828125,1432.0,1435.9000244140625,433224,0.0,0.0
2025-08-11 09:15:00+05:30,1426.4000244140625,1430.800048828125,1420.4000244140625,1429.9000244140625,152697,0.0,0.0
2025-08-11 09:30:00+05:30,1429.9000244140625,1429.9000244140625,1424.4000244140625,1424.5999755859375,340416,0.0,0.0
2025-08-11 09:45:00+05:30,1425.0,1426.5,1422.9000244140625,1426.4000244140625,113661,0.0,0.0
2025-08-11 10:00:00+05:30,1426.4000244140625,1427.0,1425.5999755859375,1427.0,271800,0.0,0.0
2025-08-11 10:15:00+05:30,1427.0,1427.0,1425.0999755859375,1427.0,271114,0.0,0.0
2025-08-11 10:30:00+05:30,1427.0,1428.0,1426.0,1426.0999755859375,266249,0.0,0.0
2025-08-11 10:45:00+05:30,1426.0999755859375,1426.5999755859375,1424.4000244140625,1426.300048828125,323270,0.0,0.0
2025-08-11 11:00:00+05:30,1425.9000244140625,1427.0,1424.199951171875,1425.0999755859375,237422,0.0,0.0
2025-08-11 11:15:00+05:30,1425.199951171875,1426.9000244140625,1423.800048828125,1426.4000244140625,264713,0.0,0.0
2025-08-11 11:30:00+05:30,1426.300048828125,1426.9000244140625,1424.5999755859375,1424.800048828125,258602,0.0,0.0
2025-08-11 11:45:00+05:30,1425.0,1425.199951171875,1424.300048828125,1424.800048828125,156016,0.0,0.0
2025-08-11 12:00:00+05:30,1424.699951171875,1425.0,1422.199951171875,1423.300048828125,333713,0.0,0.0
2025-08-11 12:15:00+05:30,1423.300048828125,1425.0,1422.699951171875,1423.300048828125,179949,0.0,0.0
2025-08-11 12:30:00+05:30,1423.300048828125,1423.800048828125,1420.9000244140625,1423.4000244140625,281768,0.0,0.0
2025-08-11 12:45:00+05:30,1423.0,1424.800048828125,1422.699951171875,1424.4000244140625,224013,0.0,0.0
2025-08-11 13:00:00+05:30,1424.300048828125,1426.5999755859375,1424.199951171875,1424.5999755859375,388163,0.0,0.0
2025-08-11 13:15:00+05:30,1424.5999755859375,1426.5,1424.0999755859375,1424.9000244140625,195242,0.0,0.0
2025-08-11 13:30:00+05:30,1424.5999755859375,1429.300048828125,1424.5999755859375,1428.800048828125,420693,0.0,0.0
2025-08-11 13:45:00+05:30,1428.800048828125,1430.4000244140625,1427.0,1429.5999755859375,433903,0.0,0.0
2025-08-11 14:00:00+05:30,1429.4000244140625,1432.5,1429.0999755859375,1432.0,347472,0.0,0.0
2025-08-11 14:15:00+05:30,1432.0999755859375,1434.5999755859375,1430.199951171875,1434.0999755859375,574732,0.0,0.0
2025-08-11 14:30:00+05:30,1434.0999755859375,1436.800048828125,1432.0999755859375,1432.5999755859375,389191,0.0,0.0
2025-08-11 14:45:00+05:30,1432.5999755859375,1435.699951171875,1432.300048828125,1435.699951171875,398223,0.0,0.0
2025-08-11 15:00:00+05:30,1435.5999755859375,1438.4000244140625,1434.800048828125,1436.699951171875,801351,0.0,0.0
2025-08-11 15:15:00+05:30,1436.5999755859375,1437.800048828125,1434.9000244140625,1436.5999755859375,516852,0.0,0.0
2025-08-12 09:15:00+05:30,1424.0,1428.9000244140625,1421.5999755859375,1427.5,211039,11.0,0.0
2025-08-12 09:30:00+05:30,1427.5,1429.0999755859375,1426.0,1427.0999755859375,262484,0.0,0.0
2025-08-12 09:45:00+05:30,1427.5,1432.300048828125,1426.5999755859375,1431.800048828125,186868,0.0,0.0
2025-08-12 10:00:00+05:30,1432.300048828125,1433.800048828125,1430.0,1430.0999755859375,162046,0.0,0.0
2025-08-12 10:15:00+05:30,1430.0999755859375,1431.0,1427.0999755859375,1427.300048828125,119572,0.0,0.0
2025-08-12 10:30:00+05:30,1427.199951171875,1428.5999755859375,1424.0,1426.4000244140625,106010,0.0,0.0
2025-08-12 10:45:00+05:30,1426.5,1428.0,1424.5,1425.0,108499,0.0,0.0
2025-08-12 11:00:00+05:30,1425.0,1425.0,1423.0,1423.699951171875,70497,0.0,0.0
2025-08-12 11:15:00+05:30,1423.9000244140625,1425.699951171875,1423.199951171875,1423.199951171875,128713,0.0,0.0
2025-08-12 11:30:00+05:30,1423.4000244140625,1424.0,1423.199951171875,1424.0,57899,0.0,0.0
2025-08-12 11:45:00+05:30,1424.0,1425.0999755859375,1423.199951171875,1423.199951171875,116770,0.0,0.0
2025-08-12 12:00:00+05:30,1423.199951171875,1424.0999755859375,1423.199951171875,1424.0999755859375,96412,0.0,0.0
2025-08-12 12:15:00+05:30,1423.9000244140625,1429.300048828125,1423.300048828125,1428.199951171875,272254,0.0,0.0
2025-08-12 12:30:00+05:30,1428.4000244140625,1430.800048828125,1427.5999755859375,1429.199951171875,330108,0.0,0.0
2025-08-12 12:45:00+05:30,1429.199951171875,1429.199951171875,1427.0,1428.300048828125,71292,0.0,0.0
2025-08-12 13:00:00+05:30,1428.699951171875,1430.199951171875,1428.0,1429.0999755859375,207386,0.0,0.0
2025-08-12 13:15:00+05:30,1429.0999755859375,1429.0999755859375,1425.199951171875,1426.5,291789,0.0,0.0
2025-08-12 13:30:00+05:30,1426.4000244140625,1427.0999755859375,1424.199951171875,1425.0,194764,0.0,0.0
2025-08-12 13:45:00+05:30,1424.9000244140625,1427.699951171875,1423.5,1426.9000244140625,225018,0.0,0.0
2025-08-12 14:00:00+05:30,1427.199951171875,1427.5,1423.300048828125,1424.0,143518,0.0,0.0
2025-08-12 14:15:00+05:30,1424.4000244140625,1426.0,1423.0,1424.4000244140625,171811,0.0,0.0
2025-08-12 14:30:00+05:30,1424.4000244140625,1426.0,1422.0,1422.199951171875,206753,0.0,0.0
2025-08-12 14:45:00+05:30,1422.199951171875,1425.0,1421.0999755859375,1421.699951171875,374054,0.0,0.0
2025-08-12 15:00:00+05:30,1421.699951171875,1423.699951171875,1420.5999755859375,1421.4000244140625,879536,0.0,0.0
2025-08-12 15:15:00+05:30,1421.5,1423.0999755859375,1420.4000244140625,1422.0,512793,0.0,0.0
2025-08-13 09:15:00+05:30,1425.0,1425.9000244140625,1418.9000244140625,1419.699951171875,1027008,0.0,0.0
2025-08-13 09:30:00+05:30,1419.0999755859375,1421.9000244140625,1418.0999755859375,1420.0999755859375,302931,0.0,0.0
2025-08-13 09:45:00+05:30,1420.0,1420.4000244140625,1418.5999755859375,1419.5,273126,0.0,0.0
2025-08-13 10:00:00+05:30,1419.5,1419.5999755859375,1417.199951171875,1417.5999755859375,774683,0.0,0.0
2025-08-13 10:15:00+05:30,1418.0999755859375,1419.699951171875,1416.800048828125,1418.4000244140625,233103,0.0,0.0
2025-08-13 10:30:00+05:30,1418.699951171875,1418.800048828125,1416.0999755859375,1416.5999755859375,207925,0.0,0.0
2025-08-13 10:45:00+05:30,1416.300048828125,1419.0999755859375,1415.4000244140625,1417.699951171875,318794,0.0,0.0
2025-08-13 11:00:00+05:30,1417.800048828125,1420.5,1417.5,1418.800048828125,386281,0.0,0.0
2025-08-13 11:15:00+05:30,1418.800048828125,1420.300048828125,1417.699951171875,1418.0999755859375,195037,0.0,0.0
2025-08-13 11:30:00+05:30,1418.699951171875,1420.5,1417.800048828125,1420.0999755859375,121692,0.0,0.0
2025-08-13 11:45:00+05:30,1420.199951171875,1422.9000244140625,1419.800048828125,1420.5,176497,0.0,0.0
2025-08-13 12:00:00+05:30,1420.5,1423.4000244140625,1419.9000244140625,1422.9000244140625,230616,0.0,0.0
2025-08-13 12:15:00+05:30,1423.0,1425.5999755859375,1421.699951171875,1423.199951171875,255752,0.0,0.0
2025-08-13 12:30:00+05:30,1423.300048828125,1425.5,1423.300048828125,1424.800048828125,182620,0.0,0.0
2025-08-13 12:45:00+05:30,1425.0,1426.199951171875,1424.0999755859375,1425.0999755859375,165252,0.0,0.0
2025-08-13 13:00:00+05:30,1425.199951171875,1425.5999755859375,1423.0999755859375,1423.4000244140625,113498,0.0,0.0
2025-08-13 13:15:00+05:30,1423.9000244140625,1424.0,1420.300048828125,1421.5999755859375,160618,0.0,0.0
2025-08-13 13:30:00+05:30,1421.800048828125,1423.5,1420.800048828125,1422.0,271532,0.0,0.0
2025-08-13 13:45:00+05:30,1421.9000244140625,1424.5,1421.199951171875,1424.5,131625,0.0,0.0
2025-08-13 14:00:00+05:30,1424.5,1426.0,1422.4000244140625,1425.0999755859375,550092,0.0,0.0
2025-08-13 14:15:00+05:30,1425.4000244140625,1425.699951171875,1422.0,1423.0,359732,0.0,0.0
2025-08-13 14:30:00+05:30,1423.0,1424.4000244140625,1422.0999755859375,1422.4000244140625,130661,0.0,0.0
2025-08-13 14:45:00+05:30,1422.5999755859375,1423.300048828125,1420.800048828125,1422.0,327590,0.0,0.0
2025-08-13 15:00:00+05:30,1422.0,1422.0,1419.800048828125,1420.4000244140625,1065529,0.0,0.0
2025-08-13 15:15:00+05:30,1420.5,1422.199951171875,1419.9000244140625,1419.9000244140625,1047383,0.0,0.0
2025-08-14 09:15:00+05:30,1418.5999755859375,1424.800048828125,1418.5,1422.9000244140625,143874,0.0,0.0
2025-08-14 09:30:00+05:30,1422.5,1426.5,1421.5,1426.0,128417,0.0,0.0
2025-08-14 09:45:00+05:30,1425.800048828125,1429.0,1425.800048828125,1426.800048828125,124349,0.0,0.0
2025-08-14 10:00:00+05:30,1427.0,1429.4000244140625,1426.5999755859375,1427.4000244140625,133429,0.0,0.0
2025-08-14 10:15:00+05:30,1427.5,1429.4000244140625,1427.0999755859375,1427.0999755859375,109546,0.0,0.0
2025-08-14 10:30:00+05:30,1427.0999755859375,1427.300048828125,1424.9000244140625,1425.300048828125,106856,0.0,0.0
2025-08-14 10:45:00+05:30,1425.5,1425.9000244140625,1423.0999755859375,1424.0999755859375,620816,0.0,0.0
2025-08-14 11:00:00+05:30,1424.5999755859375,1426.199951171875,1423.699951171875,1424.0999755859375,73963,0.0,0.0
2025-08-14 11:15:00+05:30,1424.0999755859375,1425.0,1424.0,1425.0,53039,0.0,0.0
2025-08-14 11:30:00+05:30,1424.800048828125,1425.4000244140625,1423.699951171875,1425.0,192449,0.0,0.0
2025-08-14 11:45:00+05:30,1424.9000244140625,1426.0,1423.4000244140625,1424.9000244140625,165203,0.0,0.0
2025-08-14 12:00:00+05:30,1424.9000244140625,1428.0,1424.9000244140625,1426.699951171875,808702,0.0,0.0
2025-08-14 12:15:00+05:30,1426.5999755859375,1430.699951171875,1426.5,1429.0,262814,0.0,0.0
2025-08-14 12:30:00+05:30,1428.9000244140625,1430.699951171875,1428.5,1428.5,165091,0.0,0.0
2025-08-14 12:45:00+05:30,1428.199951171875,1430.5999755859375,1427.9000244140625,1430.0,265659,0.0,0.0
2025-08-14 13:00:00+05:30,1430.0,1430.199951171875,1428.800048828125,1429.9000244140625,219963,0.0,0.0
2025-08-14 13:15:00+05:30,1429.9000244140625,1431.0999755859375,1427.9000244140625,1427.9000244140625,200414,0.0,0.0
2025-08-14 13:30:00+05:30,1428.0,1428.800048828125,1426.300048828125,1427.800048828125,232717,0.0,0.0
2025-08-14 13:45:00+05:30,1427.699951171875,1428.5,1427.0999755859375,1427.9000244140625,198844,0.0,0.0
2025-08-14 14:00:00+05:30,1427.5,1428.5999755859375,1426.4000244140625,1426.800048828125,205388,0.0,0.0
2025-08-14 14:15:00+05:30,1426.5999755859375,1427.199951171875,1425.300048828125,1426.4000244140625,285236,0.0,0.0
2025-08-14 14:30:00+05:30,1426.5999755859375,1428.800048828125,1425.300048828125,1426.4000244140625,656830,0.0,0.0
2025-08-14 14:45:00+05:30,1426.4000244140625,1431.0,1426.300048828125,1428.699951171875,406862,0.0,0.0
2025-08-14 15:00:00+05:30,1428.699951171875,1429.699951171875,1427.0,1427.0999755859375,627585,0.0,0.0
2025-08-14 15:15:00+05:30,1427.0,1427.800048828125,1425.800048828125,1426.300048828125,646734,0.0,0.0
2025-08-18 09:15:00+05:30,1446.0,1451.699951171875,1444.0,1450.5,222611,0.0,0.0
2025-08-18 09:30:00+05:30,1450.5,1452.0,1450.0,1450.800048828125,382851,0.0,0.0
2025-08-18 09:45:00+05:30,1450.699951171875,1451.300048828125,1449.300048828125,1450.0999755859375,208315,0.0,0.0
2025-08-18 10:00:00+05:30,1450.0999755859375,1450.800048828125,1446.9000244140625,1447.0,153238,0.0,0.0
2025-08-18 10:15:00+05:30,1447.0,1447.4000244140625,1444.0,1444.300048828125,110933,0.0,0.0
2025-08-18 10:30:00+05:30,1444.4000244140625,1446.0999755859375,1444.4000244140625,1445.5,83788,0.0,0.0
2025-08-18 10:45:00+05:30,1445.4000244140625,1445.5999755859375,1442.5,1443.0,249142,0.0,0.0
2025-08-18 11:00:00+05:30,1443.0,1443.0,1439.5,1439.9000244140625,132273,0.0,0.0
2025-08-18 11:15:00+05:30,1439.800048828125,1440.0,1437.199951171875,1438.9000244140625,416125,0.0,0.0
2025-08-18 11:30:00+05:30,1438.9000244140625,1441.4000244140625,1438.0,1440.5999755859375,281667,0.0,0.0
2025-08-18 11:45:00+05:30,1440.0999755859375,1440.5999755859375,1436.699951171875,1436.9000244140625,412156,0.0,0.0
2025-08-18 12:00:00+05:30,1436.9000244140625,1437.199951171875,1433.0,1433.0,138708,0.0,0.0
2025-08-18 12:15:00+05:30,1433.0,1433.800048828125,1431.0999755859375,1433.300048828125,167495,0.0,0.0
2025-08-18 12:30:00+05:30,1433.300048828125,1433.5999755859375,1431.0,1433.5999755859375,134931,0.0,0.0
2025-08-18 12:45:00+05:30,1433.5,1437.800048828125,1433.199951171875,1436.800048828125,112758,0.0,0.0
2025-08-18 13:00:00+05:30,1436.300048828125,1437.4000244140625,1436.0,1437.199951171875,65805,0.0,0.0
2025-08-18 13:15:00+05:30,1437.199951171875,1437.699951171875,1434.199951171875,1434.5,146071,0.0,0.0
2025-08-18 13:30:00+05:30,1434.5,1435.0,1432.5,1434.0999755859375,132002,0.0,0.0
2025-08-18 13:45:00+05:30,1434.0999755859375,1434.800048828125,1432.199951171875,1434.0999755859375,177765,0.0,0.0
2025-08-18 14:00:00+05:30,1433.800048828125,1435.0,1431.5,1434.5999755859375,152317,0.0,0.0
2025-08-18 14:15:00+05:30,1434.5999755859375,1436.9000244140625,1433.5999755859375,1435.0,286635,0.0,0.0
2025-08-18 14:30:00+05:30,1435.0,1436.0999755859375,1432.5999755859375,1434.0999755859375,272716,0.0,0.0
2025-08-18 14:45:00+05:30,1434.300048828125,1435.5,1432.5999755859375,1435.4000244140625,187688,0.0,0.0
2025-08-18 15:00:00+05:30,1435.699951171875,1435.800048828125,1433.5,1434.0999755859375,440933,0.0,0.0
2025-08-18 15:15:00+05:30,1434.0,1437.0,1433.9000244140625,1434.5999755859375,434299,0.0,0.0
2025-08-19 09:15:00+05:30,1435.699951171875,1438.5,1432.300048828125,1436.0999755859375,699235,0.0,0.0
2025-08-19 09:30:00+05:30,1436.4000244140625,1436.5,1432.800048828125,1432.9000244140625,130609,0.0,0.0
2025-08-19 09:45:00+05:30,1433.0,1433.0,1431.0,1431.5999755859375,161280,0.0,0.0
2025-08-19 10:00:00+05:30,1431.699951171875,1431.699951171875,1428.800048828125,1430.5999755859375,122966,0.0,0.0
2025-08-19 10:15:00+05:30,1430.5999755859375,1430.5999755859375,1428.0999755859375,1428.300048828125,122391,0.0,0.0
2025-08-19 10:30:00+05:30,1428.4000244140625,1429.9000244140625,1426.300048828125,1429.9000244140625,214603,0.0,0.0
2025-08-19 10:45:00+05:30,1430.0,1432.699951171875,1429.300048828125,1431.9000244140625,139407,0.0,0.0
2025-08-19 11:00:00+05:30,1431.9000244140625,1433.5999755859375,1431.300048828125,1433.0999755859375,220832,0.0,0.0
2025-08-19 11:15:00+05:30,1433.0999755859375,1433.0999755859375,1431.4000244140625,1433.0999755859375,100165,0.0,0.0
2025-08-19 11:30:00+05:30,1433.0999755859375,1434.9000244140625,1433.0999755859375,1433.5,231108,0.0,0.0
2025-08-19 11:45:00+05:30,1433.199951171875,1435.0999755859375,1433.199951171875,1434.800048828125,100704,0.0,0.0
2025-08-19 12:00:00+05:30,1434.800048828125,1435.800048828125,1434.300048828125,1435.5999755859375,95632,0.0,0.0
2025-08-19 12:15:00+05:30,1435.5999755859375,1437.699951171875,1435.5,1436.9000244140625,190932,0.0,0.0
2025-08-19 12:30:00+05:30,1436.800048828125,1437.300048828125,1433.4000244140625,1435.800048828125,189638,0.0,0.0
2025-08-19 12:45:00+05:30,1435.800048828125,1437.9000244140625,1434.5999755859375,1437.300048828125,617200,0.0,0.0
2025-08-19 13:00:00+05:30,1437.0999755859375,1437.300048828125,1435.300048828125,1436.699951171875,450484,0.0,0.0
2025-08-19 13:15:00+05:30,1436.699951171875,1437.4000244140625,1435.4000244140625,1435.9000244140625,161245,0.0,0.0
2025-08-19 13:30:00+05:30,1436.0999755859375,1436.5,1432.800048828125,1435.4000244140625,215503,0.0,0.0
2025-08-19 13:45:00+05:30,1435.4000244140625,1435.5999755859375,1432.4000244140625,1434.9000244140625,167430,0.0,0.0
2025-08-19 14:00:00+05:30,1434.800048828125,1435.0,1431.699951171875,1433.0,140988,0.0,0.0
2025-08-19 14:15:00+05:30,1433.699951171875,1437.199951171875,1432.0,1437.199951171875,450396,0.0,0.0
2025-08-19 14:30:00+05:30,1437.199951171875,1438.199951171875,1436.699951171875,1437.0,392032,0.0,0.0
2025-08-19 14:45:00+05:30,1436.9000244140625,1437.9000244140625,1436.0,1437.199951171875,265133,0.0,0.0
2025-08-19 15:00:00+05:30,1437.0,1437.199951171875,1436.0,1436.0999755859375,607303,0.0,0.0
2025-08-19 15:15:00+05:30,1436.199951171875,1436.800048828125,1435.199951171875,1436.0,522147,0.0,0.0
2025-08-20 09:15:00+05:30,1434.199951171875,1434.5999755859375,1426.300048828125,1426.5,131193,0.0,0.0
2025-08-20 09:30:00+05:30,1426.5999755859375,1428.0999755859375,1423.800048828125,1426.5999755859375,296781,0.0,0.0
2025-08-20 09:45:00+05:30,1426.4000244140625,1426.9000244140625,1423.9000244140625,1426.9000244140625,144397,0.0,0.0
2025-08-20 10:00:00+05:30,1426.9000244140625,1428.4000244140625,1425.699951171875,1428.4000244140625,108873,0.0,0.0
2025-08-20 10:15:00+05:30,1428.300048828125,1429.0,1425.800048828125,1426.800048828125,154324,0.0,0.0
2025-08-20 10:30:00+05:30,1426.800048828125,1428.199951171875,1425.699951171875,1427.300048828125,130053,0.0,0.0
2025-08-20 10:45:00+05:30,1427.4000244140625,1427.9000244140625,1426.199951171875,1426.5999755859375,90511,0.0,0.0
2025-08-20 11:00:00+05:30,1427.0999755859375,1429.5999755859375,1426.4000244140625,1428.5999755859375,105040,0.0,0.0
2025-08-20 11:15:00+05:30,1428.5999755859375,1429.9000244140625,1428.0,1429.0,132634,0.0,0.0
2025-08-20 11:30:00+05:30,1429.0999755859375,1429.800048828125,1428.300048828125,1429.699951171875,78651,0.0,0.0
2025-08-20 11:45:00+05:30,1429.5999755859375,1430.0,1427.699951171875,1429.0,264351,0.0,0.0
2025-08-20 12:00:00+05:30,1429.0,1430.0,1428.5999755859375,1429.800048828125,160660,0.0,0.0
2025-08-20 12:15:00+05:30,1430.0,1431.699951171875,1428.0999755859375,1431.199951171875,275826,0.0,0.0
2025-08-20 12:30:00+05:30,1431.0999755859375,1432.5999755859375,1430.0999755859375,1430.9000244140625,117093,0.0,0.0
2025-08-20 12:45:00+05:30,1430.800048828125,1432.0,1430.5999755859375,1432.0,104247,0.0,0.0
2025-08-20 13:00:00+05:30,1432.0,1433.300048828125,1429.300048828125,1431.5,278106,0.0,0.0
2025-08-20 13:15:00+05:30,1431.5,1432.0,1430.0,1430.5,189906,0.0,0.0
2025-08-20 13:30:00+05:30,1430.0999755859375,1431.4000244140625,1429.5,1430.199951171875,613036,0.0,0.0
2025-08-20 13:45:00+05:30,1430.300048828125,1431.5999755859375,1429.199951171875,1431.5,267617,0.0,0.0
2025-08-20 14:00:00+05:30,1431.4000244140625,1433.800048828125,1431.0,1433.199951171875,203763,0.0,0.0
2025-08-20 14:15:00+05:30,1433.199951171875,1433.5,1430.0,1430.300048828125,239350,0.0,0.0
2025-08-20 14:30:00+05:30,1430.800048828125,1431.5,1428.800048828125,1431.5,306350,0.0,0.0
2025-08-20 14:45:00+05:30,1431.5,1432.4000244140625,1430.0,1430.5,264133,0.0,0.0
2025-08-20 15:00:00+05:30,1430.5999755859375,1431.5,1429.4000244140625,1430.800048828125,401161,0.0,0.0
2025-08-20 15:15:00+05:30,1430.800048828125,1431.199951171875,1430.0,1430.5999755859375,359989,0.0,0.0
2025-08-21 09:15:00+05:30,1439.5999755859375,1440.199951171875,1436.4000244140625,1438.800048828125,748215,0.0,0.0
2025-08-21 09:30:00+05:30,1439.300048828125,1441.199951171875,1437.199951171875,1439.199951171875,189195,0.0,0.0
2025-08-21 09:45:00+05:30,1439.0,1442.4000244140625,1438.699951171875,1441.5999755859375,150404,0.0,0.0
2025-08-21 10:00:00+05:30,1441.5999755859375,1445.800048828125,1441.5999755859375,1443.800048828125,147671,0.0,0.0
2025-08-21 10:15:00+05:30,1443.300048828125,1445.5,1443.0,1443.800048828125,269955,0.0,0.0
2025-08-21 10:30:00+05:30,1443.800048828125,1445.5,1443.0999755859375,1444.4000244140625,109186,0.0,0.0
2025-08-21 10:45:00+05:30,1444.0,1444.9000244140625,1442.800048828125,1443.199951171875,151535,0.0,0.0
2025-08-21 11:00:00+05:30,1443.5,1445.0,1443.0,1444.300048828125,94342,0.0,0.0
2025-08-21 11:15:00+05:30,1444.300048828125,1444.9000244140625,1442.300048828125,1442.5999755859375,91927,0.0,0.0
2025-08-21 11:30:00+05:30,1442.5999755859375,1442.9000244140625,1441.0,1441.699951171875,175061,0.0,0.0
2025-08-21 11:45:00+05:30,1441.800048828125,1442.300048828125,1439.4000244140625,1440.0,133576,0.0,0.0
2025-08-21 12:00:00+05:30,1439.9000244140625,1440.0,1438.300048828125,1439.0,188606,0.0,0.0
2025-08-21 12:15:00+05:30,1439.0,1439.0,1437.800048828125,1438.800048828125,138862,0.0,0.0
2025-08-21 12:30:00+05:30,1438.800048828125,1442.4000244140625,1438.199951171875,1441.5999755859375,215494,0.0,0.0
2025-08-21 12:45:00+05:30,1441.5,1442.199951171875,1439.5999755859375,1441.0999755859375,247531,0.0,0.0
2025-08-21 13:00:00+05:30,1441.0999755859375,1442.199951171875,1440.300048828125,1442.0,115629,0.0,0.0
2025-08-21 13:15:00+05:30,1442.0,1442.4000244140625,1440.800048828125,1442.199951171875,270281,0.0,0.0
2025-08-21 13:30:00+05:30,1442.5,1443.4000244140625,1441.5,1442.199951171875,203682,0.0,0.0
2025-08-21 13:45:00+05:30,1442.199951171875,1443.199951171875,1441.5999755859375,1442.9000244140625,173071,0.0,0.0
2025-08-21 14:00:00+05:30,1442.9000244140625,1444.5,1442.0,1443.5999755859375,145806,0.0,0.0
2025-08-21 14:15:00+05:30,1443.5999755859375,1446.199951171875,1443.5999755859375,1445.199951171875,430884,0.0,0.0
2025-08-21 14:30:00+05:30,1445.199951171875,1445.300048828125,1442.5999755859375,1443.9000244140625,287076,0.0,0.0
2025-08-21 14:45:00+05:30,1444.0,1446.9000244140625,1443.5999755859375,1446.699951171875,270945,0.0,0.0
2025-08-21 15:00:00+05:30,1446.5,1447.800048828125,1444.800048828125,1445.5999755859375,745994,0.0,0.0
2025-08-21 15:15:00+05:30,1445.5999755859375,1446.300048828125,1443.4000244140625,1444.699951171875,543367,0.0,0.0
2025-08-22 09:15:00+05:30,1444.699951171875,1444.699951171875,1433.5,1434.9000244140625,119703,0.0,0.0
2025-08-22 09:30:00+05:30,1434.9000244140625,1435.0,1433.0999755859375,1434.800048828125,133920,0.0,0.0
2025-08-22 09:45:00+05:30,1434.800048828125,1435.0,1431.4000244140625,1431.800048828125,153827,0.0,0.0
2025-08-22 10:00:00+05:30,1431.5999755859375,1433.0999755859375,1430.199951171875,1432.5999755859375,195579,0.0,0.0
2025-08-22 10:15:00+05:30,1432.699951171875,1432.699951171875,1429.5,1432.199951171875,408131,0.0,0.0
2025-08-22 10:30:00+05:30,1432.199951171875,1433.300048828125,1431.300048828125,1431.5999755859375,254167,0.0,0.0
2025-08-22 10:45:00+05:30,1431.5999755859375,1433.800048828125,1430.800048828125,1433.800048828125,162344,0.0,0.0
2025-08-22 11:00:00+05:30,1433.800048828125,1435.5,1433.300048828125,1435.5,186720,0.0,0.0
2025-08-22 11:15:00+05:30,1435.300048828125,1436.0,1433.9000244140625,1435.300048828125,203249,0.0,0.0
2025-08-22 11:30:00+05:30,1435.4000244140625,1438.0,1434.9000244140625,1437.5999755859375,217117,0.0,0.0
2025-08-22 11:45:00+05:30,1437.5999755859375,1437.699951171875,1435.5,1436.800048828125,227879,0.0,0.0
2025-08-22 12:00:00+05:30,1436.800048828125,1438.5,1436.0999755859375,1437.4000244140625,698175,0.0,0.0
2025-08-22 12:15:00+05:30,1437.800048828125,1439.0,1436.800048828125,1439.0,121240,0.0,0.0
2025-08-22 12:30:00+05:30,1439.0,1440.9000244140625,1438.9000244140625,1440.300048828125,137324,0.0,0.0
2025-08-22 12:45:00+05:30,1440.4000244140625,1441.0,1439.5999755859375,1440.0999755859375,128137,0.0,0.0
2025-08-22 13:00:00+05:30,1440.0999755859375,1440.9000244140625,1439.0999755859375,1439.5,135652,0.0,0.0
2025-08-22 13:15:00+05:30,1439.5,1440.699951171875,1438.9000244140625,1440.0999755859375,130514,0.0,0.0
2025-08-22 13:30:00+05:30,1440.0999755859375,1441.0,1438.800048828125,1440.0999755859375,213813,0.0,0.0
2025-08-22 13:45:00+05:30,1440.199951171875,1441.5,1439.699951171875,1439.699951171875,178720,0.0,0.0
2025-08-22 14:00:00+05:30,1439.699951171875,1440.0,1438.5,1438.9000244140625,207451,0.0,0.0
2025-08-22 14:15:00+05:30,1438.9000244140625,1439.0999755859375,1436.4000244140625,1438.0999755859375,169030,0.0,0.0
2025-08-22 14:30:00+05:30,1438.0999755859375,1438.699951171875,1437.0999755859375,1438.300048828125,316737,0.0,0.0
2025-08-22 14:45:00+05:30,1438.199951171875,1439.699951171875,1437.5999755859375,1439.5,199293,0.0,0.0
2025-08-22 15:00:00+05:30,1439.5999755859375,1439.5999755859375,1436.199951171875,1437.4000244140625,450329,0.0,0.0
2025-08-22 15:15:00+05:30,1437.300048828125,1437.4000244140625,1433.699951171875,1435.9000244140625,592053,0.0,0.0
2025-08-25 09:15:00+05:30,1432.9000244140625,1433.300048828125,1426.0999755859375,1431.0,53442,0.0,0.0
2025-08-25 09:30:00+05:30,1431.0,1431.0,1427.699951171875,1428.699951171875,660375,0.0,0.0
2025-08-25 09:45:00+05:30,1428.5999755859375,1429.0,1424.5,1425.199951171875,209720,0.0,0.0
2025-08-25 10:00:00+05:30,1425.0,1425.5,1424.5,1425.0,175597,0.0,0.0
2025-08-25 10:15:00+05:30,1425.0,1425.9000244140625,1424.0,1425.300048828125,68360,0.0,0.0
2025-08-25 10:30:00+05:30,1425.4000244140625,1426.0999755859375,1424.0999755859375,1425.5999755859375,90163,0.0,0.0
2025-08-25 10:45:00+05:30,1425.300048828125,1428.300048828125,1424.5,1426.800048828125,381071,0.0,0.0
2025-08-25 11:00:00+05:30,1427.0999755859375,1427.9000244140625,1425.9000244140625,1426.5,44718,0.0,0.0
2025-08-25 11:15:00+05:30,1426.5,1427.199951171875,1426.0,1426.0,268860,0.0,0.0
2025-08-25 11:30:00+05:30,1426.0999755859375,1430.5999755859375,1426.0,1430.5999755859375,631995,0.0,0.0
2025-08-25 11:45:00+05:30,1430.5999755859375,1430.699951171875,1426.0,1427.4000244140625,383486,0.0,0.0
2025-08-25 12:00:00+05:30,1427.4000244140625,1428.0,1426.300048828125,1427.300048828125,95649,0.0,0.0
2025-08-25 12:15:00+05:30,1427.5,1428.5999755859375,1427.0,1428.0999755859375,119916,0.0,0.0
2025-08-25 12:30:00+05:30,1428.0999755859375,1430.0,1427.199951171875,1429.5999755859375,87627,0.0,0.0
2025-08-25 12:45:00+05:30,1429.5999755859375,1430.300048828125,1429.0,1430.0999755859375,201711,0.0,0.0
2025-08-25 13:00:00+05:30,1430.0999755859375,1432.300048828125,1430.0,1432.0,324457,0.0,0.0
2025-08-25 13:15:00+05:30,1432.0999755859375,1432.199951171875,1430.0999755859375,1430.9000244140625,238838,0.0,0.0
2025-08-25 13:30:00+05:30,1430.9000244140625,1431.800048828125,1430.300048828125,1431.0,147946,0.0,0.0
2025-08-25 13:45:00+05:30,1431.0,1433.300048828125,1430.199951171875,1432.5,308341,0.0,0.0
2025-08-25 14:00:00+05:30,1432.5,1433.4000244140625,1432.0,1433.0,255207,0.0,0.0
2025-08-25 14:15:00+05:30,1433.0,1434.4000244140625,1432.300048828125,1433.0,347068,0.0,0.0
2025-08-25 14:30:00+05:30,1433.0,1433.199951171875,1431.0,1431.199951171875,308567,0.0,0.0
2025-08-25 14:45:00+05:30,1431.300048828125,1435.199951171875,1430.699951171875,1434.9000244140625,327942,0.0,0.0
2025-08-25 15:00:00+05:30,1434.9000244140625,1434.9000244140625,1432.0999755859375,1432.4000244140625,303495,0.0,0.0
2025-08-25 15:15:00+05:30,1432.5999755859375,1433.9000244140625,1430.5,1433.199951171875,263177,0.0,0.0
2025-08-26 09:15:00+05:30,1427.4000244140625,1427.4000244140625,1415.699951171875,1417.0999755859375,622668,0.0,0.0
2025-08-26 09:30:00+05:30,1416.699951171875,1417.800048828125,1414.0,1415.0999755859375,187460,0.0,0.0
2025-08-26 09:45:00+05:30,1415.0999755859375,1416.9000244140625,1415.0,1415.4000244140625,109223,0.0,0.0
2025-08-26 10:00:00+05:30,1415.4000244140625,1417.800048828125,1415.0999755859375,1417.0999755859375,99607,0.0,0.0
2025-08-26 10:15:00+05:30,1417.199951171875,1418.0999755859375,1416.699951171875,1417.699951171875,97906,0.0,0.0
2025-08-26 10:30:00+05:30,1417.300048828125,1417.800048828125,1416.699951171875,1417.0,73644,0.0,0.0
2025-08-26 10:45:00+05:30,1417.199951171875,1419.199951171875,1416.300048828125,1418.800048828125,156170,0.0,0.0
2025-08-26 11:00:00+05:30,1418.699951171875,1419.5999755859375,1417.0,1417.800048828125,134468,0.0,0.0
2025-08-26 11:15:00+05:30,1417.9000244140625,1421.5999755859375,1417.5999755859375,1420.5,89432,0.0,0.0
2025-08-26 11:30:00+05:30,1420.5,1421.800048828125,1419.9000244140625,1420.199951171875,152600,0.0,0.0
2025-08-26 11:45:00+05:30,1420.300048828125,1421.0,1420.0,1420.0999755859375,126534,0.0,0.0
2025-08-26 12:00:00+05:30,1420.0999755859375,1420.9000244140625,1418.199951171875,1419.0999755859375,180702,0.0,0.0
2025-08-26 12:15:00+05:30,1419.0,1420.199951171875,1417.5999755859375,1418.5,175269,0.0,0.0
2025-08-26 12:30:00+05:30,1418.5,1418.5999755859375,1417.0999755859375,1417.300048828125,123818,0.0,0.0
2025-08-26 12:45:00+05:30,1417.300048828125,1418.699951171875,1416.699951171875,1417.0,150634,0.0,0.0
2025-08-26 13:00:00+05:30,1417.0,1420.199951171875,1416.9000244140625,1419.9000244140625,133680,0.0,0.0
2025-08-26 13:15:00+05:30,1420.199951171875,1420.199951171875,1416.800048828125,1417.199951171875,265264,0.0,0.0
2025-08-26 13:30:00+05:30,1417.300048828125,1419.0,1416.5999755859375,1417.4000244140625,174617,0.0,0.0
2025-08-26 13:45:00+05:30,1417.4000244140625,1419.199951171875,1416.5999755859375,1417.5999755859375,273083,0.0,0.0
2025-08-26 14:00:00+05:30,1417.5999755859375,1419.4000244140625,1415.4000244140625,1415.800048828125,254637,0.0,0.0
2025-08-26 14:15:00+05:30,1415.5,1418.699951171875,1415.5,1418.4000244140625,267845,0.0,0.0
2025-08-26 14:30:00+05:30,1418.199951171875,1419.699951171875,1417.0999755859375,1418.5,275249,0.0,0.0
2025-08-26 14:45:00+05:30,1418.4000244140625,1418.800048828125,1416.5999755859375,1417.0999755859375,340473,0.0,0.0
2025-08-26 15:00:00+05:30,1417.0999755859375,1418.800048828125,1416.199951171875,1416.300048828125,2342472,0.0,0.0
2025-08-26 15:15:00+05:30,1416.199951171875,1416.5999755859375,1413.300048828125,1416.5999755859375,1476835,0.0,0.0
2025-08-28 09:15:00+05:30,1406.0999755859375,1407.4000244140625,1400.0,1404.9000244140625,768077,0.0,0.0
2025-08-28 09:30:00+05:30,1405.0,1411.800048828125,1402.5,1406.0,744836,0.0,0.0
2025-08-28 09:45:00+05:30,1406.0,1410.9000244140625,1405.0,1409.5,690369,0.0,0.0
2025-08-28 10:00:00+05:30,1409.699951171875,1410.0999755859375,1407.5,1408.4000244140625,374017,0.0,0.0
2025-08-28 10:15:00+05:30,1408.0,1409.300048828125,1405.199951171875,1408.199951171875,150368,0.0,0.0
2025-08-28 10:30:00+05:30,1409.0,1410.199951171875,1406.0,1406.5999755859375,187586,0.0,0.0
2025-08-28 10:45:00+05:30,1406.5999755859375,1410.0,1406.4000244140625,1409.0999755859375,261325,0.0,0.0
2025-08-28 11:00:00+05:30,1408.9000244140625,1410.0,1406.300048828125,1406.300048828125,190417,0.0,0.0
2025-08-28 11:15:00+05:30,1406.199951171875,1409.5,1406.0,1408.0,162804,0.0,0.0
2025-08-28 11:30:00+05:30,1408.0999755859375,1410.0,1408.0,1409.5,166545,0.0,0.0
2025-08-28 11:45:00+05:30,1409.5,1410.0,1405.0,1405.4000244140625,139607,0.0,0.0
2025-08-28 12:00:00+05:30,1405.4000244140625,1407.199951171875,1403.800048828125,1406.300048828125,272055,0.0,0.0
2025-08-28 12:15:00+05:30,1406.300048828125,1406.9000244140625,1403.300048828125,1405.300048828125,148853,0.0,0.0
2025-08-28 12:30:00+05:30,1405.199951171875,1405.5,1402.0999755859375,1402.199951171875,112142,0.0,0.0
2025-08-28 12:45:00+05:30,1402.199951171875,1404.699951171875,1402.0999755859375,1403.9000244140625,206179,0.0,0.0
2025-08-28 13:00:00+05:30,1403.9000244140625,1404.5999755859375,1401.0999755859375,1402.0,183012,0.0,0.0
2025-08-28 13:15:00+05:30,1402.199951171875,1402.699951171875,1401.0999755859375,1402.0999755859375,110220,0.0,0.0
2025-08-28 13:30:00+05:30,1402.0999755859375,1403.0,1401.0,1402.300048828125,174763,0.0,0.0
2025-08-28 13:45:00+05:30,1402.300048828125,1402.800048828125,1400.0,1400.5999755859375,196283,0.0,0.0
2025-08-28 14:00:00+05:30,1400.4000244140625,1403.0,1400.0,1401.9000244140625,481383,0.0,0.0
2025-08-28 14:15:00+05:30,1401.5999755859375,1403.0,1400.5,1402.0,518144,0.0,0.0
2025-08-28 14:30:00+05:30,1401.9000244140625,1402.9000244140625,1400.0999755859375,1401.5999755859375,638096,0.0,0.0
2025-08-28 14:45:00+05:30,1402.300048828125,1402.4000244140625,1399.4000244140625,1401.699951171875,869447,0.0,0.0
2025-08-28 15:00:00+05:30,1401.800048828125,1401.9000244140625,1398.199951171875,1399.300048828125,2226717,0.0,0.0
2025-08-28 15:15:00+05:30,1399.5999755859375,1400.699951171875,1396.5999755859375,1399.0999755859375,1494353,0.0,0.0
2025-08-29 09:15:00+05:30,1393.0,1400.5999755859375,1393.0,1400.0,282951,0.0,0.0
2025-08-29 09:30:00+05:30,1400.0,1403.699951171875,1399.5999755859375,1402.300048828125,296455,0.0,0.0
2025-08-29 09:45:00+05:30,1402.0,1403.5,1401.199951171875,1402.0,307733,0.0,0.0
2025-08-29 10:00:00+05:30,1401.4000244140625,1402.199951171875,1399.9000244140625,1401.0999755859375,197699,0.0,0.0
2025-08-29 10:15:00+05:30,1401.0,1404.5,1401.0,1403.0999755859375,192342,0.0,0.0
2025-08-29 10:30:00+05:30,1403.0999755859375,1404.800048828125,1402.5,1404.300048828125,152670,0.0,0.0
2025-08-29 10:45:00+05:30,1404.300048828125,1404.4000244140625,1401.199951171875,1401.5,221336,0.0,0.0
2025-08-29 11:00:00+05:30,1401.5,1403.0,1400.0999755859375,1401.5,208656,0.0,0.0
2025-08-29 11:15:00+05:30,1401.199951171875,1401.9000244140625,1400.0,1401.199951171875,157016,0.0,0.0
2025-08-29 11:30:00+05:30,1401.0,1403.800048828125,1401.0,1401.699951171875,164464,0.0,0.0
2025-08-29 11:45:00+05:30,1401.5999755859375,1402.199951171875,1400.0,1400.0,125632,0.0,0.0
2025-08-29 12:00:00+05:30,1399.9000244140625,1401.4000244140625,1398.4000244140625,1400.5,192288,0.0,0.0
2025-08-29 12:15:00+05:30,1400.5,1401.300048828125,1398.800048828125,1400.5,160076,0.0,0.0
2025-08-29 12:30:00+05:30,1400.800048828125,1402.9000244140625,1399.800048828125,1402.0999755859375,179810,0.0,0.0
2025-08-29 12:45:00+05:30,1402.0999755859375,1403.4000244140625,1401.5,1402.4000244140625,273849,0.0,0.0
2025-08-29 13:00:00+05:30,1402.4000244140625,1402.9000244140625,1400.699951171875,1401.300048828125,212380,0.0,0.0
2025-08-29 13:15:00+05:30,1401.0999755859375,1403.4000244140625,1401.0999755859375,1402.5,194744,0.0,0.0
2025-08-29 13:30:00+05:30,1402.5,1402.9000244140625,1401.300048828125,1401.800048828125,184938,0.0,0.0
2025-08-29 13:45:00+05:30,1401.800048828125,1402.5,1399.5999755859375,1400.0,200159,0.0,0.0
2025-08-29 14:00:00+05:30,1399.699951171875,1402.5,1399.0999755859375,1402.0999755859375,326797,0.0,0.0
2025-08-29 14:15:00+05:30,1402.0,1404.5,1401.300048828125,1402.5999755859375,282483,0.0,0.0
2025-08-29 14:30:00+05:30,1402.5,1403.0,1400.0999755859375,1401.5999755859375,245927,0.0,0.0
2025-08-29 14:45:00+05:30,1401.5999755859375,1403.0,1400.699951171875,1402.0999755859375,222419,0.0,0.0
2025-08-29 15:00:00+05:30,1402.0999755859375,1402.300048828125,1396.5,1396.9000244140625,1318822,0.0,0.0
2025-08-29 15:15:00+05:30,1397.300048828125,1400.0999755859375,1395.0,1397.800048828125,1307809,0.0,0.0
2025-09-01 09:15:00+05:30,1406.5,1408.699951171875,1401.699951171875,1406.300048828125,194755,0.0,0.0
2025-09-01 09:30:00+05:30,1406.0999755859375,1409.300048828125,1406.0999755859375,1406.800048828125,179446,0.0,0.0
2025-09-01 09:45:00+05:30,1406.800048828125,1408.300048828125,1405.0999755859375,1406.199951171875,228901,0.0,0.0
2025-09-01 10:00:00+05:30,1406.199951171875,1406.199951171875,1403.300048828125,1404.5999755859375,172870,0.0,0.0
2025-09-01 10:15:00+05:30,1404.5,1406.0,1402.800048828125,1403.0,258262,0.0,0.0
2025-09-01 10:30:00+05:30,1403.0,1404.4000244140625,1401.4000244140625,1403.9000244140625,245662,0.0,0.0
2025-09-01 10:45:00+05:30,1404.0999755859375,1405.699951171875,1403.5,1405.300048828125,165976,0.0,0.0
2025-09-01 11:00:00+05:30,1405.300048828125,1406.800048828125,1404.300048828125,1404.800048828125,127897,0.0,0.0
2025-09-01 11:15:00+05:30,1404.800048828125,1406.199951171875,1403.5999755859375,1406.0999755859375,141575,0.0,0.0
2025-09-01 11:30:00+05:30,1406.0999755859375,1407.199951171875,1404.4000244140625,1404.5999755859375,129931,0.0,0.0
2025-09-01 11:45:00+05:30,1404.699951171875,1404.800048828125,1402.0999755859375,1402.300048828125,127040,0.0,0.0
2025-09-01 12:00:00+05:30,1402.300048828125,1405.800048828125,1402.300048828125,1405.199951171875,131417,0.0,0.0
2025-09-01 12:15:00+05:30,1405.199951171875,1406.5,1403.800048828125,1406.5,146154,0.0,0.0
2025-09-01 12:30:00+05:30,1406.5,1407.0,1405.4000244140625,1406.9000244140625,143472,0.0,0.0
2025-09-01 12:45:00+05:30,1406.800048828125,1408.699951171875,1406.300048828125,1408.4000244140625,201335,0.0,0.0
2025-09-01 13:00:00+05:30,1408.300048828125,1410.0,1407.5999755859375,1410.0,208309,0.0,0.0
2025-09-01 13:15:00+05:30,1410.0,1410.699951171875,1407.5999755859375,1408.5999755859375,153520,0.0,0.0
2025-09-01 13:30:00+05:30,1408.9000244140625,1410.300048828125,1408.300048828125,1408.699951171875,161410,0.0,0.0
2025-09-01 13:45:00+05:30,1408.800048828125,1409.300048828125,1407.4000244140625,1407.800048828125,127739,0.0,0.0
2025-09-01 14:00:00+05:30,1407.800048828125,1408.9000244140625,1407.0,1408.0,134512,0.0,0.0
2025-09-01 14:15:00+05:30,1408.0999755859375,1408.0999755859375,1406.300048828125,1406.300048828125,88534,0.0,0.0
2025-09-01 14:30:00+05:30,1406.4000244140625,1407.4000244140625,1406.199951171875,1406.800048828125,102761,0.0,0.0
2025-09-01 14:45:00+05:30,1406.800048828125,1408.9000244140625,1406.199951171875,1408.5,120353,0.0,0.0
2025-09-01 15:00:00+05:30,1408.5,1412.4000244140625,1408.5,1412.0,462071,0.0,0.0
2025-09-01 15:15:00+05:30,1411.800048828125,1411.9000244140625,1409.800048828125,1411.0,382624,0.0,0.0
2025-09-02 09:15:00+05:30,1413.0,1413.0,1406.9000244140625,1411.0,224082,0.0,0.0
2025-09-02 09:30:00+05:30,1411.300048828125,1412.9000244140625,1409.199951171875,1409.5999755859375,106983,0.0,0.0
2025-09-02 09:45:00+05:30,1409.5999755859375,1410.300048828125,1408.4000244140625,1409.0999755859375,166293,0.0,0.0
2025-09-02 10:00:00+05:30,1409.0999755859375,1411.800048828125,1408.0999755859375,1409.0,178949,0.0,0.0
2025-09-02 10:15:00+05:30,1408.9000244140625,1409.300048828125,1408.0,1408.300048828125,137784,0.0,0.0
2025-09-02 10:30:00+05:30,1408.300048828125,1412.300048828125,1408.0999755859375,1411.800048828125,134738,0.0,0.0
2025-09-02 10:45:00+05:30,1412.0,1412.4000244140625,1410.0999755859375,1410.5999755859375,167425,0.0,0.0
2025-09-02 11:00:00+05:30,1410.9000244140625,1412.199951171875,1409.0,1411.4000244140625,242495,0.0,0.0
2025-09-02 11:15:00+05:30,1411.0999755859375,1411.300048828125,1408.5,1408.5,208446,0.0,0.0
2025-09-02 11:30:00+05:30,1408.5,1410.0,1407.800048828125,1410.0,208625,0.0,0.0
2025-09-02 11:45:00+05:30,1410.0,1410.0,1405.699951171875,1405.699951171875,166370,0.0,0.0
2025-09-02 12:00:00+05:30,1405.699951171875,1406.699951171875,1404.199951171875,1404.5,280724,0.0,0.0
2025-09-02 12:15:00+05:30,1404.5,1405.5,1403.0,1404.9000244140625,232867,0.0,0.0
2025-09-02 12:30:00+05:30,1404.800048828125,1407.0999755859375,1403.0,1406.0,616949,0.0,0.0
2025-09-02 12:45:00+05:30,1405.9000244140625,1406.300048828125,1404.4000244140625,1405.4000244140625,251195,0.0,0.0
2025-09-02 13:00:00+05:30,1405.5,1406.5,1402.5999755859375,1403.800048828125,230207,0.0,0.0
2025-09-02 13:15:00+05:30,1403.9000244140625,1405.0,1401.699951171875,1402.0999755859375,300735,0.0,0.0
2025-09-02 13:30:00+05:30,1402.5999755859375,1403.5999755859375,1399.4000244140625,1399.9000244140625,247461,0.0,0.0
2025-09-02 13:45:00+05:30,1399.9000244140625,1400.5,1395.300048828125,1396.4000244140625,227159,0.0,0.0
2025-09-02 14:00:00+05:30,1395.800048828125,1396.5,1391.5999755859375,1394.0999755859375,456692,0.0,0.0
2025-09-02 14:15:00+05:30,1394.0,1396.300048828125,1393.4000244140625,1394.0,464644,0.0,0.0
2025-09-02 14:30:00+05:30,1394.0,1396.5999755859375,1393.9000244140625,1395.4000244140625,356581,0.0,0.0
2025-09-02 14:45:00+05:30,1395.199951171875,1396.699951171875,1393.0999755859375,1395.0999755859375,333355,0.0,0.0
2025-09-02 15:00:00+05:30,1395.0999755859375,1395.9000244140625,1394.300048828125,1395.300048828125,480945,0.0,0.0
2025-09-02 15:15:00+05:30,1395.5,1396.4000244140625,1390.0999755859375,1390.9000244140625,587758,0.0,0.0
2025-09-03 09:15:00+05:30,1390.199951171875,1391.0,1384.5,1390.5999755859375,1405377,0.0,0.0
2025-09-03 09:30:00+05:30,1390.5,1390.9000244140625,1388.0,1388.300048828125,189549,0.0,0.0
2025-09-03 09:45:00+05:30,1388.300048828125,1391.699951171875,1388.300048828125,1390.0999755859375,252889,0.0,0.0
2025-09-03 10:00:00+05:30,1390.199951171875,1393.300048828125,1390.199951171875,1393.0999755859375,510280,0.0,0.0
2025-09-03 10:15:00+05:30,1392.800048828125,1393.0999755859375,1390.9000244140625,1392.0,237542,0.0,0.0
2025-09-03 10:30:00+05:30,1392.199951171875,1392.5,1389.5,1390.699951171875,147940,0.0,0.0
2025-09-03 10:45:00+05:30,1390.300048828125,1391.300048828125,1390.0,1390.5,149065,0.0,0.0
2025-09-03 11:00:00+05:30,1390.5,1392.300048828125,1389.4000244140625,1391.199951171875,397771,0.0,0.0
2025-09-03 11:15:00+05:30,1391.0999755859375,1392.5999755859375,1389.5,1391.4000244140625,490811,0.0,0.0
2025-09-03 11:30:00+05:30,1391.5999755859375,1392.0,1390.699951171875,1391.199951171875,292024,0.0,0.0
2025-09-03 11:45:00+05:30,1391.199951171875,1391.199951171875,1389.300048828125,1391.0,198467,0.0,0.0
2025-09-03 12:00:00+05:30,1390.699951171875,1392.5,1390.699951171875,1391.9000244140625,233530,0.0,0.0
2025-09-03 12:15:00+05:30,1391.5,1393.9000244140625,1390.699951171875,1393.199951171875,768708,0.0,0.0
2025-09-03 12:30:00+05:30,1393.199951171875,1394.300048828125,1392.5,1393.0999755859375,146870,0.0,0.0
2025-09-03 12:45:00+05:30,1393.0,1394.0,1390.0,1391.5999755859375,575106,0.0,0.0
2025-09-03 13:00:00+05:30,1391.0999755859375,1392.5999755859375,1390.300048828125,1391.199951171875,282102,0.0,0.0
2025-09-03 13:15:00+05:30,1391.0,1393.699951171875,1390.5,1391.199951171875,386655,0.0,0.0
2025-09-03 13:30:00+05:30,1391.0,1393.199951171875,1390.5,1392.699951171875,383373,0.0,0.0
2025-09-03 13:45:00+05:30,1392.5999755859375,1394.199951171875,1392.4000244140625,1393.5999755859375,224625,0.0,0.0
2025-09-03 14:00:00+05:30,1393.699951171875,1395.0999755859375,1392.4000244140625,1393.5999755859375,243936,0.0,0.0
2025-09-03 14:15:00+05:30,1393.5,1394.4000244140625,1393.0,1394.0,322598,0.0,0.0
2025-09-03 14:30:00+05:30,1393.699951171875,1395.800048828125,1393.5,1394.5,221239,0.0,0.0
2025-09-03 14:45:00+05:30,1394.5,1395.699951171875,1393.9000244140625,1394.199951171875,195719,0.0,0.0
2025-09-03 15:00:00+05:30,1394.699951171875,1399.9000244140625,1393.800048828125,1398.0,837969,0.0,0.0
2025-09-03 15:15:00+05:30,1398.199951171875,1398.199951171875,1395.0999755859375,1396.800048828125,718877,0.0,0.0
2025-09-04 09:15:00+05:30,1407.0,1411.0,1402.300048828125,1411.0,284900,0.0,0.0
2025-09-04 09:30:00+05:30,1410.9000244140625,1413.9000244140625,1410.5999755859375,1410.5999755859375,240108,0.0,0.0
2025-09-04 09:45:00+05:30,1409.9000244140625,1413.5,1409.9000244140625,1411.4000244140625,221140,0.0,0.0
2025-09-04 10:00:00+05:30,1411.4000244140625,1412.4000244140625,1406.699951171875,1406.9000244140625,208244,0.0,0.0
2025-09-04 10:15:00+05:30,1406.9000244140625,1410.0,1405.699951171875,1408.300048828125,142610,0.0,0.0
2025-09-04 10:30:00+05:30,1408.300048828125,1409.4000244140625,1407.0,1407.800048828125,136520,0.0,0.0
2025-09-04 10:45:00+05:30,1407.800048828125,1410.699951171875,1407.4000244140625,1408.9000244140625,240966,0.0,0.0
2025-09-04 11:00:00+05:30,1409.0999755859375,1410.4000244140625,1408.800048828125,1409.0999755859375,114808,0.0,0.0
2025-09-04 11:15:00+05:30,1409.0999755859375,1411.0,1407.9000244140625,1410.699951171875,170564,0.0,0.0
2025-09-04 11:30:00+05:30,1410.699951171875,1410.699951171875,1407.699951171875,1408.4000244140625,530647,0.0,0.0
2025-09-04 11:45:00+05:30,1408.5,1409.300048828125,1407.0999755859375,1408.800048828125,394855,0.0,0.0
2025-09-04 12:00:00+05:30,1408.4000244140625,1409.9000244140625,1406.699951171875,1408.9000244140625,432618,0.0,0.0
2025-09-04 12:15:00+05:30,1408.300048828125,1409.4000244140625,1406.4000244140625,1408.300048828125,211428,0.0,0.0
2025-09-04 12:30:00+05:30,1408.300048828125,1411.800048828125,1408.0,1411.800048828125,279088,0.0,0.0
2025-09-04 12:45:00+05:30,1411.699951171875,1412.5999755859375,1410.4000244140625,1412.0,145187,0.0,0.0
2025-09-04 13:00:00+05:30,1412.0,1413.0999755859375,1410.5,1412.4000244140625,417763,0.0,0.0
2025-09-04 13:15:00+05:30,1412.4000244140625,1414.699951171875,1411.5999755859375,1414.0,276716,0.0,0.0
2025-09-04 13:30:00+05:30,1413.9000244140625,1415.0,1412.0999755859375,1412.199951171875,460118,0.0,0.0
2025-09-04 13:45:00+05:30,1412.300048828125,1413.4000244140625,1410.0999755859375,1411.0999755859375,283489,0.0,0.0
2025-09-04 14:00:00+05:30,1411.0999755859375,1412.4000244140625,1404.699951171875,1405.199951171875,1086558,0.0,0.0
2025-09-04 14:15:00+05:30,1405.699951171875,1407.0999755859375,1404.0,1404.800048828125,471676,0.0,0.0
2025-09-04 14:30:00+05:30,1404.800048828125,1408.4000244140625,1404.0,1407.4000244140625,568371,0.0,0.0
2025-09-04 14:45:00+05:30,1407.5,1412.9000244140625,1405.199951171875,1407.300048828125,1001783,0.0,0.0
2025-09-04 15:00:00+05:30,1407.300048828125,1408.300048828125,1404.0999755859375,1404.800048828125,832636,0.0,0.0
2025-09-04 15:15:00+05:30,1404.800048828125,1408.0,1404.0,1408.0,650548,0.0,0.0
2025-09-05 09:15:00+05:30,1410.5999755859375,1410.5999755859375,1403.4000244140625,1405.199951171875,501218,0.0,0.0
2025-09-05 09:30:00+05:30,1405.0,1405.4000244140625,1401.0,1401.699951171875,121469,0.0,0.0
2025-09-05 09:45:00+05:30,1401.5,1403.5,1400.0,1400.800048828125,97392,0.0,0.0
2025-09-05 10:00:00+05:30,1400.5,1401.0,1397.300048828125,1397.699951171875,81815,0.0,0.0
2025-09-05 10:15:00+05:30,1397.300048828125,1397.4000244140625,1393.800048828125,1396.0,130129,0.0,0.0
2025-09-05 10:30:00+05:30,1395.800048828125,1396.0,1392.0999755859375,1393.9000244140625,124064,0.0,0.0
2025-09-05 10:45:00+05:30,1394.0,1394.699951171875,1391.5,1394.0,323858,0.0,0.0
2025-09-05 11:00:00+05:30,1394.0,1394.199951171875,1392.4000244140625,1393.800048828125,83082,0.0,0.0
2025-09-05 11:15:00+05:30,1393.800048828125,1395.199951171875,1393.0,1395.199951171875,233051,0.0,0.0
2025-09-05 11:30:00+05:30,1395.199951171875,1395.5999755859375,1393.300048828125,1393.5999755859375,159733,0.0,0.0
2025-09-05 11:45:00+05:30,1393.5999755859375,1395.0,1392.5,1392.800048828125,177974,0.0,0.0
2025-09-05 12:00:00+05:30,1392.800048828125,1393.0,1391.0,1391.0,128027,0.0,0.0
2025-09-05 12:15:00+05:30,1391.0,1392.0,1390.0,1391.300048828125,203744,0.0,0.0
2025-09-05 12:30:00+05:30,1391.0,1391.5,1388.0,1389.0,602913,0.0,0.0
2025-09-05 12:45:00+05:30,1389.0,1390.300048828125,1387.9000244140625,1390.0,309297,0.0,0.0
2025-09-05 13:00:00+05:30,1390.0,1392.5,1389.9000244140625,1392.0999755859375,160599,0.0,0.0
2025-09-05 13:15:00+05:30,1392.0999755859375,1393.5,1390.5,1392.300048828125,173975,0.0,0.0
2025-09-05 13:30:00+05:30,1392.300048828125,1393.699951171875,1392.0,1393.4000244140625,157430,0.0,0.0
2025-09-05 13:45:00+05:30,1393.9000244140625,1399.300048828125,1393.800048828125,1398.199951171875,228768,0.0,0.0
2025-09-05 14:00:00+05:30,1398.300048828125,1399.5999755859375,1396.0,1397.199951171875,161326,0.0,0.0
2025-09-05 14:15:00+05:30,1397.199951171875,1400.300048828125,1396.5,1399.5,238749,0.0,0.0
2025-09-05 14:30:00+05:30,1399.5,1400.5,1397.0999755859375,1400.0,294909,0.0,0.0
2025-09-05 14:45:00+05:30,1400.0,1404.5,1400.0,1404.300048828125,466105,0.0,0.0
2025-09-05 15:00:00+05:30,1403.9000244140625,1405.5999755859375,1401.4000244140625,1401.5999755859375,899370,0.0,0.0
2025-09-05 15:15:00+05:30,1401.5,1403.5,1400.5,1402.800048828125,389888,0.0,0.0
2025-09-08 09:15:00+05:30,1402.199951171875,1405.5999755859375,1400.0,1403.300048828125,158080,0.0,0.0
2025-09-08 09:30:00+05:30,1403.199951171875,1407.0999755859375,1403.0,1406.5999755859375,201995,0.0,0.0
2025-09-08 09:45:00+05:30,1406.300048828125,1406.699951171875,1401.300048828125,1401.4000244140625,166665,0.0,0.0
2025-09-08 10:00:00+05:30,1401.300048828125,1404.0,1401.0999755859375,1402.0999755859375,74658,0.0,0.0
2025-09-08 10:15:00+05:30,1402.0999755859375,1402.0999755859375,1399.5,1399.5999755859375,101147,0.0,0.0
2025-09-08 10:30:00+05:30,1399.5,1400.0999755859375,1397.699951171875,1400.0,119883,0.0,0.0
2025-09-08 10:45:00+05:30,1400.0,1401.5,1398.199951171875,1399.5,91607,0.0,0.0
2025-09-08 11:00:00+05:30,1399.4000244140625,1402.0999755859375,1398.5999755859375,1402.0,62259,0.0,0.0
2025-09-08 11:15:00+05:30,1401.800048828125,1402.300048828125,1400.300048828125,1402.300048828125,83171,0.0,0.0
2025-09-08 11:30:00+05:30,1402.0999755859375,1402.9000244140625,1401.0,1402.699951171875,69977,0.0,0.0
2025-09-08 11:45:00+05:30,1402.699951171875,1403.0,1401.199951171875,1401.9000244140625,78988,0.0,0.0
2025-09-08 12:00:00+05:30,1401.800048828125,1403.199951171875,1401.5,1403.0,71755,0.0,0.0
2025-09-08 12:15:00+05:30,1402.5999755859375,1403.199951171875,1401.0999755859375,1402.0999755859375,96749,0.0,0.0
2025-09-08 12:30:00+05:30,1401.699951171875,1405.0999755859375,1400.5,1404.5,292629,0.0,0.0
2025-09-08 12:45:00+05:30,1404.4000244140625,1406.9000244140625,1404.4000244140625,1406.0,181655,0.0,0.0
2025-09-08 13:00:00+05:30,1406.0,1408.199951171875,1405.4000244140625,1407.800048828125,179741,0.0,0.0
2025-09-08 13:15:00+05:30,1407.800048828125,1408.300048828125,1406.0,1407.199951171875,186952,0.0,0.0
2025-09-08 13:30:00+05:30,1407.300048828125,1408.300048828125,1406.4000244140625,1407.5,205233,0.0,0.0
2025-09-08 13:45:00+05:30,1407.199951171875,1408.300048828125,1406.0999755859375,1407.800048828125,206336,0.0,0.0
2025-09-08 14:00:00+05:30,1408.0,1408.199951171875,1406.5999755859375,1407.0,231945,0.0,0.0
2025-09-08 14:15:00+05:30,1406.9000244140625,1407.800048828125,1405.9000244140625,1406.5,252481,0.0,0.0
2025-09-08 14:30:00+05:30,1406.5,1410.5999755859375,1406.5,1410.199951171875,394775,0.0,0.0
2025-09-08 14:45:00+05:30,1410.0999755859375,1410.5,1403.5999755859375,1408.0,606401,0.0,0.0
2025-09-08 15:00:00+05:30,1407.699951171875,1407.800048828125,1400.699951171875,1402.199951171875,785279,0.0,0.0
2025-09-08 15:15:00+05:30,1402.199951171875,1405.5,1400.300048828125,1402.699951171875,523236,0.0,0.0
2025-09-09 09:15:00+05:30,1401.300048828125,1401.9000244140625,1397.5999755859375,1400.5999755859375,451465,0.0,0.0
2025-09-09 09:30:00+05:30,1400.300048828125,1402.4000244140625,1400.0999755859375,1400.699951171875,102690,0.0,0.0
2025-09-09 09:45:00+05:30,1401.0999755859375,1401.5999755859375,1400.0,1400.199951171875,45248,0.0,0.0
2025-09-09 10:00:00+05:30,1400.300048828125,1401.0,1399.0,1399.0,50639,0.0,0.0
2025-09-09 10:15:00+05:30,1399.199951171875,1399.9000244140625,1398.0,1398.4000244140625,58197,0.0,0.0
2025-09-09 10:30:00+05:30,1398.300048828125,1399.5999755859375,1397.4000244140625,1398.5,67621,0.0,0.0
2025-09-09 10:45:00+05:30,1398.4000244140625,1400.9000244140625,1397.800048828125,1400.5,104857,0.0,0.0
2025-09-09 11:00:00+05:30,1400.5,1402.0999755859375,1399.199951171875,1400.0999755859375,168864,0.0,0.0
2025-09-09 11:15:00+05:30,1400.199951171875,1400.4000244140625,1398.0999755859375,1398.300048828125,71864,0.0,0.0
2025-09-09 11:30:00+05:30,1398.300048828125,1399.0,1396.5,1398.0999755859375,250210,0.0,0.0
2025-09-09 11:45:00+05:30,1398.0999755859375,1398.800048828125,1397.0999755859375,1398.5999755859375,40294,0.0,0.0
2025-09-09 12:00:00+05:30,1398.5999755859375,1398.800048828125,1395.9000244140625,1397.199951171875,196824,0.0,0.0
2025-09-09 12:15:00+05:30,1397.0,1398.800048828125,1395.4000244140625,1396.4000244140625,385266,0.0,0.0
2025-09-09 12:30:00+05:30,1396.4000244140625,1398.9000244140625,1396.0999755859375,1397.4000244140625,286195,0.0,0.0
2025-09-09 12:45:00+05:30,1397.4000244140625,1399.699951171875,1396.699951171875,1398.300048828125,190889,0.0,0.0
2025-09-09 13:00:00+05:30,1398.300048828125,1400.800048828125,1398.0999755859375,1399.4000244140625,160575,0.0,0.0
2025-09-09 13:15:00+05:30,1399.4000244140625,1400.5999755859375,1398.5999755859375,1400.199951171875,66119,0.0,0.0
2025-09-09 13:30:00+05:30,1400.300048828125,1402.199951171875,1399.5999755859375,1401.4000244140625,137786,0.0,0.0
2025-09-09 13:45:00+05:30,1401.300048828125,1403.300048828125,1400.0999755859375,1403.300048828125,223555,0.0,0.0
2025-09-09 14:00:00+05:30,1403.0999755859375,1405.5,1402.199951171875,1405.5,434816,0.0,0.0
2025-09-09 14:15:00+05:30,1405.0999755859375,1407.5,1404.0999755859375,1405.5999755859375,263266,0.0,0.0
2025-09-09 14:30:00+05:30,1406.0999755859375,1406.9000244140625,1402.5999755859375,1404.0,425174,0.0,0.0
2025-09-09 14:45:00+05:30,1404.0999755859375,1406.9000244140625,1403.4000244140625,1405.800048828125,383674,0.0,0.0
2025-09-09 15:00:00+05:30,1405.9000244140625,1405.9000244140625,1402.199951171875,1404.199951171875,1145965,0.0,0.0
2025-09-09 15:15:00+05:30,1403.9000244140625,1404.4000244140625,1402.0,1403.0,758516,0.0,0.0
2025-09-10 09:15:00+05:30,1409.9000244140625,1409.9000244140625,1405.5999755859375,1408.300048828125,218179,0.0,0.0
2025-09-10 09:30:00+05:30,1408.5,1410.800048828125,1407.699951171875,1409.9000244140625,337904,0.0,0.0
2025-09-10 09:45:00+05:30,1409.800048828125,1412.4000244140625,1407.699951171875,1411.4000244140625,351323,0.0,0.0
2025-09-10 10:00:00+05:30,1411.300048828125,1412.300048828125,1409.300048828125,1410.0,149916,0.0,0.0
2025-09-10 10:15:00+05:30,1409.699951171875,1413.5999755859375,1409.699951171875,1411.5999755859375,309464,0.0,0.0
2025-09-10 10:30:00+05:30,1411.699951171875,1412.0,1407.9000244140625,1408.800048828125,315424,0.0,0.0
2025-09-10 10:45:00+05:30,1408.699951171875,1411.800048828125,1408.0999755859375,1409.800048828125,388209,0.0,0.0
2025-09-10 11:00:00+05:30,1409.9000244140625,1411.5,1409.300048828125,1409.800048828125,184030,0.0,0.0
2025-09-10 11:15:00+05:30,1409.9000244140625,1410.0,1408.199951171875,1408.5999755859375,198699,0.0,0.0
2025-09-10 11:30:00+05:30,1408.800048828125,1409.5999755859375,1407.300048828125,1407.9000244140625,166275,0.0,0.0
2025-09-10 11:45:00+05:30,1407.699951171875,1408.0999755859375,1406.0,1407.4000244140625,167427,0.0,0.0
2025-09-10 12:00:00+05:30,1407.300048828125,1408.0,1406.300048828125,1406.9000244140625,283062,0.0,0.0
2025-09-10 12:15:00+05:30,1406.9000244140625,1407.699951171875,1406.5999755859375,1406.9000244140625,188973,0.0,0.0
2025-09-10 12:30:00+05:30,1407.0,1408.699951171875,1406.5999755859375,1407.800048828125,206656,0.0,0.0
2025-09-10 12:45:00+05:30,1407.699951171875,1408.199951171875,1406.0999755859375,1406.800048828125,171929,0.0,0.0
2025-09-10 13:00:00+05:30,1406.9000244140625,1406.9000244140625,1404.5999755859375,1404.800048828125,162334,0.0,0.0
2025-09-10 13:15:00+05:30,1405.0,1407.5999755859375,1404.0,1407.300048828125,305490,0.0,0.0
2025-09-10 13:30:00+05:30,1407.300048828125,1407.699951171875,1406.199951171875,1407.4000244140625,114872,0.0,0.0
2025-09-10 13:45:00+05:30,1407.5999755859375,1409.300048828125,1407.300048828125,1408.4000244140625,176737,0.0,0.0
2025-09-10 14:00:00+05:30,1408.5,1409.800048828125,1407.5,1408.4000244140625,247876,0.0,0.0
2025-09-10 14:15:00+05:30,1408.5,1408.5,1403.300048828125,1405.5,543761,0.0,0.0
2025-09-10 14:30:00+05:30,1405.699951171875,1405.9000244140625,1402.4000244140625,1403.4000244140625,438388,0.0,0.0
2025-09-10 14:45:00+05:30,1403.5,1406.300048828125,1402.800048828125,1403.800048828125,520136,0.0,0.0
2025-09-10 15:00:00+05:30,1403.699951171875,1405.199951171875,1403.5999755859375,1403.800048828125,524408,0.0,0.0
2025-09-10 15:15:00+05:30,1403.800048828125,1404.199951171875,1402.5,1403.199951171875,508204,0.0,0.0
2025-09-11 09:15:00+05:30,1399.0,1405.5,1398.699951171875,1404.199951171875,740545,0.0,0.0
2025-09-11 09:30:00+05:30,1403.9000244140625,1405.0,1403.300048828125,1403.800048828125,150039,0.0,0.0
2025-09-11 09:45:00+05:30,1403.9000244140625,1405.5999755859375,1403.9000244140625,1404.0999755859375,116284,0.0,0.0
2025-09-11 10:00:00+05:30,1404.0999755859375,1404.5,1403.300048828125,1403.5999755859375,96960,0.0,0.0
2025-09-11 10:15:00+05:30,1403.4000244140625,1405.0,1403.300048828125,1404.5999755859375,106693,0.0,0.0
2025-09-11 10:30:00+05:30,1404.4000244140625,1405.199951171875,1404.0,1404.699951171875,89448,0.0,0.0
2025-09-11 10:45:00+05:30,1405.0,1406.5,1404.5,1405.699951171875,166439,0.0,0.0
2025-09-11 11:00:00+05:30,1405.5,1406.5999755859375,1405.0999755859375,1405.800048828125,208026,0.0,0.0
2025-09-11 11:15:00+05:30,1405.800048828125,1406.0999755859375,1403.0999755859375,1404.0999755859375,183761,0.0,0.0
2025-09-11 11:30:00+05:30,1404.0999755859375,1405.5,1403.4000244140625,1405.4000244140625,292069,0.0,0.0
2025-09-11 11:45:00+05:30,1404.9000244140625,1405.9000244140625,1404.4000244140625,1404.5999755859375,121163,0.0,0.0
2025-09-11 12:00:00+05:30,1405.0999755859375,1405.0999755859375,1403.5,1404.9000244140625,96876,0.0,0.0
2025-09-11 12:15:00+05:30,1404.9000244140625,1406.4000244140625,1403.5999755859375,1404.800048828125,271695,0.0,0.0
2025-09-11 12:30:00+05:30,1404.9000244140625,1405.300048828125,1403.0999755859375,1405.0999755859375,185581,0.0,0.0
2025-09-11 12:45:00+05:30,1405.300048828125,1406.800048828125,1404.199951171875,1405.4000244140625,190382,0.0,0.0
2025-09-11 13:00:00+05:30,1405.4000244140625,1405.4000244140625,1404.0,1405.0,76015,0.0,0.0
2025-09-11 13:15:00+05:30,1404.800048828125,1407.5999755859375,1404.5,1407.5999755859375,167044,0.0,0.0
2025-09-11 13:30:00+05:30,1407.5999755859375,1407.5999755859375,1404.5999755859375,1406.5,378123,0.0,0.0
2025-09-11 13:45:00+05:30,1406.699951171875,1407.800048828125,1404.5999755859375,1406.300048828125,909319,0.0,0.0
2025-09-11 14:00:00+05:30,1406.5,1407.199951171875,1405.300048828125,1406.300048828125,188797,0.0,0.0
2025-09-11 14:15:00+05:30,1405.800048828125,1406.9000244140625,1404.300048828125,1404.800048828125,647403,0.0,0.0
2025-09-11 14:30:00+05:30,1405.0,1405.0,1399.0999755859375,1401.4000244140625,1046405,0.0,0.0
2025-09-11 14:45:00+05:30,1401.5,1403.9000244140625,1399.699951171875,1403.199951171875,1321213,0.0,0.0
2025-09-11 15:00:00+05:30,1403.199951171875,1403.199951171875,1400.0999755859375,1400.800048828125,1632593,0.0,0.0
2025-09-11 15:15:00+05:30,1400.9000244140625,1402.5999755859375,1400.300048828125,1401.5999755859375,809091,0.0,0.0
2025-09-12 09:15:00+05:30,1407.5999755859375,1407.9000244140625,1401.5999755859375,1401.800048828125,106887,0.0,0.0
2025-09-12 09:30:00+05:30,1401.699951171875,1402.0,1400.0999755859375,1401.0,162806,0.0,0.0
2025-09-12 09:45:00+05:30,1401.0,1403.9000244140625,1401.0,1403.199951171875,116260,0.0,0.0
2025-09-12 10:00:00+05:30,1403.199951171875,1403.699951171875,1403.0,1403.0,70662,0.0,0.0
2025-09-12 10:15:00+05:30,1403.199951171875,1403.199951171875,1402.0,1402.199951171875,157331,0.0,0.0
2025-09-12 10:30:00+05:30,1402.199951171875,1404.5,1402.199951171875,1404.199951171875,95645,0.0,0.0
2025-09-12 10:45:00+05:30,1404.199951171875,1406.300048828125,1404.0,1405.199951171875,233709,0.0,0.0
2025-09-12 11:00:00+05:30,1405.0999755859375,1408.800048828125,1404.199951171875,1408.5,456510,0.0,0.0
2025-09-12 11:15:00+05:30,1408.0,1411.300048828125,1407.699951171875,1411.0999755859375,474912,0.0,0.0
2025-09-12 11:30:00+05:30,1411.0,1412.699951171875,1411.0,1412.0999755859375,481101,0.0,0.0
2025-09-12 11:45:00+05:30,1412.0999755859375,1412.199951171875,1410.199951171875,1411.199951171875,274923,0.0,0.0
2025-09-12 12:00:00+05:30,1411.199951171875,1412.800048828125,1411.0,1412.0999755859375,137672,0.0,0.0
2025-09-12 12:15:00+05:30,1411.800048828125,1412.4000244140625,1411.199951171875,1412.0,130489,0.0,0.0
2025-09-12 12:30:00+05:30,1411.9000244140625,1415.4000244140625,1411.9000244140625,1414.300048828125,218331,0.0,0.0
2025-09-12 12:45:00+05:30,1414.199951171875,1415.300048828125,1414.0,1415.0,230977,0.0,0.0
2025-09-12 13:00:00+05:30,1414.300048828125,1415.300048828125,1414.0,1415.0,266550,0.0,0.0
2025-09-12 13:15:00+05:30,1415.0,1415.300048828125,1414.5999755859375,1415.0999755859375,140673,0.0,0.0
2025-09-12 13:30:00+05:30,1415.0999755859375,1415.5999755859375,1414.5,1415.0999755859375,103371,0.0,0.0
2025-09-12 13:45:00+05:30,1415.0,1417.199951171875,1414.5,1416.5999755859375,304167,0.0,0.0
2025-09-12 14:00:00+05:30,1416.699951171875,1417.800048828125,1415.0,1415.5999755859375,232467,0.0,0.0
2025-09-12 14:15:00+05:30,1415.5999755859375,1417.0999755859375,1415.0,1417.0,179709,0.0,0.0
2025-09-12 14:30:00+05:30,1416.699951171875,1419.699951171875,1416.4000244140625,1419.0,426690,0.0,0.0
2025-09-12 14:45:00+05:30,1418.9000244140625,1419.5999755859375,1416.800048828125,1416.800048828125,481501,0.0,0.0
2025-09-12 15:00:00+05:30,1416.9000244140625,1418.5,1416.800048828125,1417.199951171875,934935,0.0,0.0
2025-09-12 15:15:00+05:30,1417.300048828125,1418.199951171875,1416.5999755859375,1417.699951171875,663001,0.0,0.0
2025-09-15 09:15:00+05:30,1419.699951171875,1423.5,1419.5,1420.699951171875,159085,0.0,0.0
2025-09-15 09:30:00+05:30,1421.0999755859375,1421.0999755859375,1418.5,1419.5,89260,0.0,0.0
2025-09-15 09:45:00+05:30,1419.800048828125,1422.0,1419.5,1421.9000244140625,66048,0.0,0.0
2025-09-15 10:00:00+05:30,1421.5,1424.5,1421.199951171875,1424.4000244140625,119827,0.0,0.0
2025-09-15 10:15:00+05:30,1424.5,1424.9000244140625,1421.9000244140625,1421.9000244140625,133844,0.0,0.0
2025-09-15 10:30:00+05:30,1421.800048828125,1423.699951171875,1421.0,1421.4000244140625,108287,0.0,0.0
2025-09-15 10:45:00+05:30,1421.5,1425.0,1421.5,1424.4000244140625,104378,0.0,0.0
2025-09-15 11:00:00+05:30,1424.300048828125,1425.9000244140625,1423.800048828125,1424.9000244140625,143844,0.0,0.0
2025-09-15 11:15:00+05:30,1424.9000244140625,1425.0999755859375,1423.0,1424.699951171875,412521,0.0,0.0
2025-09-15 11:30:00+05:30,1424.699951171875,1425.0999755859375,1422.5,1422.5,179153,0.0,0.0
2025-09-15 11:45:00+05:30,1422.5,1425.4000244140625,1421.9000244140625,1425.300048828125,227480,0.0,0.0
2025-09-15 12:00:00+05:30,1425.0,1426.5,1425.0,1426.199951171875,195447,0.0,0.0
2025-09-15 12:15:00+05:30,1426.199951171875,1426.800048828125,1425.0999755859375,1426.5,121259,0.0,0.0
2025-09-15 12:30:00+05:30,1426.4000244140625,1426.5,1423.300048828125,1423.9000244140625,178132,0.0,0.0
2025-09-15 12:45:00+05:30,1423.9000244140625,1424.300048828125,1422.0,1423.0,156085,0.0,0.0
2025-09-15 13:00:00+05:30,1423.0,1424.0999755859375,1422.199951171875,1423.199951171875,99584,0.0,0.0
2025-09-15 13:15:00+05:30,1423.0999755859375,1424.0999755859375,1421.699951171875,1423.5999755859375,238879,0.0,0.0
2025-09-15 13:30:00+05:30,1423.800048828125,1423.800048828125,1419.300048828125,1421.0999755859375,281111,0.0,0.0
2025-09-15 13:45:00+05:30,1421.199951171875,1423.5,1420.5,1421.800048828125,389389,0.0,0.0
2025-09-15 14:00:00+05:30,1421.800048828125,1422.300048828125,1419.300048828125,1420.4000244140625,217980,0.0,0.0
2025-09-15 14:15:00+05:30,1420.5,1422.4000244140625,1419.800048828125,1420.300048828125,361922,0.0,0.0
2025-09-15 14:30:00+05:30,1420.199951171875,1422.300048828125,1419.300048828125,1420.800048828125,275897,0.0,0.0
2025-09-15 14:45:00+05:30,1420.800048828125,1421.800048828125,1418.9000244140625,1419.0,326251,0.0,0.0
2025-09-15 15:00:00+05:30,1419.0,1420.199951171875,1418.5999755859375,1419.800048828125,453952,0.0,0.0
2025-09-15 15:15:00+05:30,1419.699951171875,1420.5,1417.0,1419.4000244140625,403653,0.0,0.0
2025-09-16 09:15:00+05:30,1415.5999755859375,1421.699951171875,1415.5999755859375,1421.0,848826,0.0,0.0
2025-09-16 09:30:00+05:30,1421.0,1422.5999755859375,1420.5,1421.199951171875,114218,0.0,0.0
2025-09-16 09:45:00+05:30,1421.199951171875,1423.0999755859375,1420.5,1422.9000244140625,125685,0.0,0.0
2025-09-16 10:00:00+05:30,1422.9000244140625,1424.9000244140625,1421.0,1421.199951171875,207380,0.0,0.0
2025-09-16 10:15:00+05:30,1421.300048828125,1422.5999755859375,1420.4000244140625,1422.0,171001,0.0,0.0
2025-09-16 10:30:00+05:30,1421.9000244140625,1422.0999755859375,1420.9000244140625,1421.0,96427,0.0,0.0
2025-09-16 11:00:00+05:30,1420.4000244140625,1420.5,1419.0,1419.9000244140625,312174,0.0,0.0
2025-09-16 11:15:00+05:30,1420.0,1420.5999755859375,1418.800048828125,1420.5,150894,0.0,0.0
2025-09-16 11:30:00+05:30,1420.800048828125,1421.5999755859375,1419.0,1419.9000244140625,181668,0.0,0.0
2025-09-16 11:45:00+05:30,1419.4000244140625,1420.800048828125,1418.800048828125,1420.199951171875,159324,0.0,0.0
2025-09-16 12:00:00+05:30,1420.300048828125,1420.5,1419.5,1420.300048828125,187162,0.0,0.0
2025-09-16 12:15:00+05:30,1420.0,1421.5999755859375,1419.4000244140625,1421.5999755859375,181498,0.0,0.0
2025-09-16 12:30:00+05:30,1421.5999755859375,1421.9000244140625,1420.300048828125,1420.300048828125,176343,0.0,0.0
2025-09-16 12:45:00+05:30,1420.300048828125,1420.4000244140625,1418.800048828125,1420.0,129098,0.0,0.0
2025-09-16 13:00:00+05:30,1420.0,1420.4000244140625,1419.0,1419.800048828125,244587,0.0,0.0
2025-09-16 13:15:00+05:30,1420.0,1420.0,1418.699951171875,1419.800048828125,66039,0.0,0.0
2025-09-16 15:15:00+05:30,1421.699951171875,1423.699951171875,1420.4000244140625,1421.5999755859375,4858841,0.0,0.0
2025-09-17 09:15:00+05:30,1422.0999755859375,1425.5,1420.5,1421.300048828125,136998,0.0,0.0
2025-09-17 09:30:00+05:30,1421.199951171875,1425.800048828125,1421.0,1424.699951171875,234605,0.0,0.0
2025-09-17 09:45:00+05:30,1424.5999755859375,1425.0999755859375,1423.0999755859375,1423.5,99034,0.0,0.0
2025-09-17 10:00:00+05:30,1423.5,1424.300048828125,1423.0999755859375,1423.5999755859375,81409,0.0,0.0
2025-09-17 10:15:00+05:30,1423.5999755859375,1423.9000244140625,1421.5999755859375,1422.0,117321,0.0,0.0
2025-09-17 10:30:00+05:30,1422.0,1422.699951171875,1421.4000244140625,1422.300048828125,179788,0.0,0.0
2025-09-17 10:45:00+05:30,1422.300048828125,1423.4000244140625,1421.0999755859375,1421.4000244140625,245362,0.0,0.0
2025-09-17 11:00:00+05:30,1421.4000244140625,1422.699951171875,1420.0999755859375,1421.0,233137,0.0,0.0
2025-09-17 11:15:00+05:30,1420.300048828125,1421.4000244140625,1420.0,1420.800048828125,147769,0.0,0.0
2025-09-17 11:30:00+05:30,1420.800048828125,1421.5,1419.4000244140625,1419.800048828125,166908,0.0,0.0
2025-09-17 11:45:00+05:30,1419.800048828125,1421.0999755859375,1419.4000244140625,1420.199951171875,207545,0.0,0.0
2025-09-17 12:00:00+05:30,1419.699951171875,1420.4000244140625,1419.199951171875,1419.800048828125,208561,0.0,0.0
2025-09-17 12:15:00+05:30,1419.800048828125,1421.699951171875,1419.5999755859375,1421.699951171875,322808,0.0,0.0
2025-09-17 12:30:00+05:30,1421.5999755859375,1424.0,1421.0,1421.5999755859375,573195,0.0,0.0
2025-09-17 12:45:00+05:30,1421.5999755859375,1422.0,1420.300048828125,1421.800048828125,275994,0.0,0.0
2025-09-17 13:00:00+05:30,1421.800048828125,1423.0,1421.0,1422.300048828125,289784,0.0,0.0
2025-09-17 13:15:00+05:30,1421.699951171875,1422.4000244140625,1421.300048828125,1421.800048828125,226825,0.0,0.0
2025-09-17 13:30:00+05:30,1421.9000244140625,1421.9000244140625,1419.800048828125,1420.0999755859375,233610,0.0,0.0
2025-09-17 13:45:00+05:30,1420.0999755859375,1421.0999755859375,1419.300048828125,1420.0999755859375,316890,0.0,0.0
2025-09-17 14:00:00+05:30,1419.9000244140625,1421.5,1419.0,1420.699951171875,420750,0.0,0.0
2025-09-17 14:15:00+05:30,1420.699951171875,1421.0999755859375,1418.5999755859375,1419.699951171875,326913,0.0,0.0
2025-09-17 14:30:00+05:30,1419.699951171875,1420.699951171875,1418.5,1419.699951171875,476628,0.0,0.0
2025-09-17 14:45:00+05:30,1419.800048828125,1421.9000244140625,1419.4000244140625,1421.4000244140625,341416,0.0,0.0
2025-09-17 15:00:00+05:30,1421.300048828125,1422.0,1419.199951171875,1419.5,585000,0.0,0.0
2025-09-17 15:15:00+05:30,1419.4000244140625,1419.5,1416.4000244140625,1417.199951171875,704638,0.0,0.0
2025-09-18 09:15:00+05:30,1430.5999755859375,1430.5999755859375,1423.0,1423.4000244140625,213669,0.0,0.0
2025-09-18 09:30:00+05:30,1423.5,1424.300048828125,1422.5,1423.199951171875,170601,0.0,0.0
2025-09-18 09:45:00+05:30,1423.0,1424.300048828125,1421.0,1423.4000244140625,189976,0.0,0.0
2025-09-18 10:00:00+05:30,1423.300048828125,1425.0,1421.5999755859375,1424.300048828125,146398,0.0,0.0
2025-09-18 10:15:00+05:30,1424.4000244140625,1425.699951171875,1424.199951171875,1425.5999755859375,89100,0.0,0.0
2025-09-18 10:30:00+05:30,1425.4000244140625,1426.300048828125,1424.300048828125,1424.800048828125,97653,0.0,0.0
2025-09-18 10:45:00+05:30,1424.800048828125,1425.300048828125,1423.9000244140625,1424.300048828125,87273,0.0,0.0
2025-09-18 11:00:00+05:30,1424.0999755859375,1424.699951171875,1423.0,1423.0,84369,0.0,0.0
2025-09-18 11:15:00+05:30,1423.5999755859375,1425.0,1422.5999755859375,1424.4000244140625,96523,0.0,0.0
2025-09-18 11:30:00+05:30,1424.0,1425.0,1422.5,1422.5999755859375,200133,0.0,0.0
2025-09-18 11:45:00+05:30,1422.5999755859375,1423.4000244140625,1422.199951171875,1422.5,77249,0.0,0.0
2025-09-18 12:00:00+05:30,1422.5,1425.5999755859375,1422.5,1424.699951171875,119899,0.0,0.0
2025-09-18 12:15:00+05:30,1424.800048828125,1426.0999755859375,1424.0999755859375,1424.699951171875,184021,0.0,0.0
2025-09-18 12:30:00+05:30,1424.699951171875,1425.199951171875,1422.199951171875,1423.199951171875,286975,0.0,0.0
2025-09-18 12:45:00+05:30,1423.4000244140625,1425.9000244140625,1422.4000244140625,1425.199951171875,412173,0.0,0.0
2025-09-18 13:00:00+05:30,1425.199951171875,1425.4000244140625,1419.699951171875,1421.9000244140625,456914,0.0,0.0
2025-09-18 13:15:00+05:30,1421.800048828125,1423.300048828125,1421.0,1423.199951171875,80926,0.0,0.0
2025-09-18 13:30:00+05:30,1423.300048828125,1423.9000244140625,1421.300048828125,1423.300048828125,289460,0.0,0.0
2025-09-18 13:45:00+05:30,1423.4000244140625,1423.699951171875,1420.199951171875,1420.800048828125,250811,0.0,0.0
2025-09-18 14:00:00+05:30,1420.5,1421.0999755859375,1417.800048828125,1420.300048828125,340233,0.0,0.0
2025-09-18 14:15:00+05:30,1420.0,1420.800048828125,1417.800048828125,1418.9000244140625,317712,0.0,0.0
2025-09-18 14:30:00+05:30,1418.9000244140625,1419.5999755859375,1415.5999755859375,1416.4000244140625,482763,0.0,0.0
2025-09-18 14:45:00+05:30,1416.5,1420.199951171875,1415.300048828125,1419.0,700192,0.0,0.0
2025-09-18 15:00:00+05:30,1419.0,1423.199951171875,1418.9000244140625,1422.300048828125,1167237,0.0,0.0
2025-09-18 15:15:00+05:30,1422.199951171875,1423.0,1421.699951171875,1422.9000244140625,754185,0.0,0.0
2025-09-19 09:15:00+05:30,1417.300048828125,1417.300048828125,1408.0999755859375,1412.4000244140625,232724,0.0,0.0
2025-09-19 09:30:00+05:30,1412.300048828125,1413.0999755859375,1407.5,1408.0,846924,0.0,0.0
2025-09-19 09:45:00+05:30,1408.5999755859375,1408.5999755859375,1405.5999755859375,1405.699951171875,211705,0.0,0.0
2025-09-19 10:00:00+05:30,1406.0,1406.0999755859375,1403.4000244140625,1405.199951171875,199338,0.0,0.0
2025-09-19 10:15:00+05:30,1405.0999755859375,1406.800048828125,1404.0,1406.5999755859375,154240,0.0,0.0
2025-09-19 10:30:00+05:30,1406.699951171875,1407.300048828125,1404.4000244140625,1405.0,233276,0.0,0.0
2025-09-19 10:45:00+05:30,1405.300048828125,1405.9000244140625,1404.0999755859375,1404.5999755859375,177534,0.0,0.0
2025-09-19 11:00:00+05:30,1404.300048828125,1405.5,1403.0,1403.800048828125,260196,0.0,0.0
2025-09-19 11:15:00+05:30,1403.9000244140625,1405.0999755859375,1402.5999755859375,1404.800048828125,128952,0.0,0.0
2025-09-19 11:30:00+05:30,1404.9000244140625,1406.0,1402.5999755859375,1403.699951171875,242394,0.0,0.0
2025-09-19 11:45:00+05:30,1403.5999755859375,1404.300048828125,1402.9000244140625,1403.5999755859375,327057,0.0,0.0
2025-09-19 12:00:00+05:30,1403.5999755859375,1405.0999755859375,1402.9000244140625,1404.4000244140625,310387,0.0,0.0
2025-09-19 12:15:00+05:30,1404.5,1405.0,1402.5,1403.0999755859375,334096,0.0,0.0
2025-09-19 12:30:00+05:30,1403.199951171875,1403.699951171875,1402.5,1402.699951171875,151814,0.0,0.0
2025-09-19 12:45:00+05:30,1402.699951171875,1403.9000244140625,1401.300048828125,1403.300048828125,307934,0.0,0.0
2025-09-19 13:00:00+05:30,1403.4000244140625,1403.5,1402.9000244140625,1403.300048828125,139748,0.0,0.0
2025-09-19 13:15:00+05:30,1403.199951171875,1403.9000244140625,1402.300048828125,1403.699951171875,289613,0.0,0.0
2025-09-19 13:30:00+05:30,1403.5,1404.300048828125,1402.0,1403.199951171875,404271,0.0,0.0
2025-09-19 13:45:00+05:30,1403.199951171875,1403.9000244140625,1402.5,1403.199951171875,298347,0.0,0.0
2025-09-19 14:00:00+05:30,1402.800048828125,1404.300048828125,1402.800048828125,1403.4000244140625,245872,0.0,0.0
2025-09-19 14:15:00+05:30,1403.5999755859375,1404.199951171875,1402.0,1402.0,451699,0.0,0.0
2025-09-19 14:30:00+05:30,1402.0999755859375,1402.800048828125,1401.199951171875,1402.199951171875,279340,0.0,0.0
2025-09-19 14:45:00+05:30,1402.199951171875,1403.0,1402.0999755859375,1402.300048828125,242212,0.0,0.0
2025-09-19 15:00:00+05:30,1402.5,1403.0999755859375,1400.5999755859375,1401.4000244140625,3288015,0.0,0.0
2025-09-19 15:15:00+05:30,1401.300048828125,1404.5999755859375,1401.300048828125,1402.199951171875,2856426,0.0,0.0
2025-09-22 09:15:00+05:30,1404.0,1404.699951171875,1397.199951171875,1400.0,238926,0.0,0.0
2025-09-22 09:30:00+05:30,1399.699951171875,1401.9000244140625,1399.5999755859375,1400.4000244140625,375578,0.0,0.0
2025-09-22 09:45:00+05:30,1400.699951171875,1402.4000244140625,1400.199951171875,1401.300048828125,406051,0.0,0.0
2025-09-22 10:00:00+05:30,1401.4000244140625,1403.800048828125,1400.800048828125,1403.5,198949,0.0,0.0
2025-09-22 10:15:00+05:30,1403.4000244140625,1405.699951171875,1403.300048828125,1405.4000244140625,295334,0.0,0.0
2025-09-22 10:30:00+05:30,1405.0999755859375,1405.5,1403.4000244140625,1404.0,163572,0.0,0.0
2025-09-22 10:45:00+05:30,1404.0,1404.0999755859375,1402.699951171875,1404.0999755859375,319622,0.0,0.0
2025-09-22 11:00:00+05:30,1404.0999755859375,1404.5999755859375,1403.0,1403.199951171875,89407,0.0,0.0
2025-09-22 11:15:00+05:30,1403.199951171875,1404.4000244140625,1403.0,1404.0,140542,0.0,0.0
2025-09-22 11:30:00+05:30,1404.0999755859375,1404.0999755859375,1403.300048828125,1403.4000244140625,77959,0.0,0.0
2025-09-22 11:45:00+05:30,1403.4000244140625,1405.199951171875,1403.300048828125,1403.800048828125,600331,0.0,0.0
2025-09-22 12:00:00+05:30,1403.4000244140625,1405.800048828125,1402.699951171875,1405.300048828125,463008,0.0,0.0
2025-09-22 12:15:00+05:30,1405.300048828125,1405.800048828125,1404.199951171875,1405.300048828125,186594,0.0,0.0
2025-09-22 12:30:00+05:30,1405.300048828125,1407.5,1405.0,1406.5999755859375,179552,0.0,0.0
2025-09-22 12:45:00+05:30,1406.800048828125,1408.800048828125,1406.5,1408.0999755859375,249275,0.0,0.0
2025-09-22 13:00:00+05:30,1408.0999755859375,1409.9000244140625,1407.5999755859375,1409.5999755859375,358136,0.0,0.0
2025-09-22 13:15:00+05:30,1409.5999755859375,1409.5999755859375,1405.4000244140625,1407.0,242921,0.0,0.0
2025-09-22 13:30:00+05:30,1406.9000244140625,1407.199951171875,1405.300048828125,1406.800048828125,234583,0.0,0.0
2025-09-22 13:45:00+05:30,1407.0,1407.800048828125,1405.0,1405.5,168631,0.0,0.0
2025-09-22 14:00:00+05:30,1405.9000244140625,1407.4000244140625,1404.4000244140625,1407.199951171875,469472,0.0,0.0
2025-09-22 14:15:00+05:30,1407.199951171875,1407.300048828125,1404.199951171875,1405.0,205925,0.0,0.0
2025-09-22 14:30:00+05:30,1404.5,1404.9000244140625,1400.0,1400.300048828125,579705,0.0,0.0
2025-09-22 14:45:00+05:30,1400.699951171875,1402.4000244140625,1399.800048828125,1402.300048828125,664996,0.0,0.0
2025-09-22 15:00:00+05:30,1401.9000244140625,1402.5,1400.4000244140625,1401.5,790437,0.0,0.0
2025-09-22 15:15:00+05:30,1401.699951171875,1402.5,1401.0,1402.199951171875,576032,0.0,0.0
2025-09-23 09:15:00+05:30,1398.5,1402.800048828125,1397.800048828125,1399.0,242777,0.0,0.0
2025-09-23 09:30:00+05:30,1398.800048828125,1399.300048828125,1396.5,1398.699951171875,414740,0.0,0.0
2025-09-23 09:45:00+05:30,1398.699951171875,1400.800048828125,1397.800048828125,1400.0999755859375,190715,0.0,0.0
2025-09-23 10:00:00+05:30,1400.0999755859375,1401.199951171875,1399.4000244140625,1399.699951171875,118883,0.0,0.0
2025-09-23 10:15:00+05:30,1399.699951171875,1399.699951171875,1396.9000244140625,1397.9000244140625,364693,0.0,0.0
2025-09-23 10:30:00+05:30,1397.9000244140625,1398.699951171875,1397.0,1398.0,196374,0.0,0.0
2025-09-23 10:45:00+05:30,1398.0,1399.0,1397.699951171875,1398.0,176559,0.0,0.0
2025-09-23 11:00:00+05:30,1398.0999755859375,1399.300048828125,1396.800048828125,1397.199951171875,145427,0.0,0.0
2025-09-23 11:15:00+05:30,1397.199951171875,1397.199951171875,1395.0,1395.699951171875,252002,0.0,0.0
2025-09-23 11:30:00+05:30,1395.5999755859375,1396.699951171875,1394.800048828125,1396.4000244140625,270323,0.0,0.0
2025-09-23 11:45:00+05:30,1396.300048828125,1397.300048828125,1395.5,1395.5999755859375,235668,0.0,0.0
2025-09-23 12:00:00+05:30,1395.5,1397.0,1394.0999755859375,1396.9000244140625,318784,0.0,0.0
2025-09-23 12:15:00+05:30,1397.0,1398.800048828125,1396.199951171875,1397.5,494262,0.0,0.0
2025-09-23 12:30:00+05:30,1397.5999755859375,1402.0999755859375,1397.5,1400.0999755859375,502467,0.0,0.0
2025-09-23 12:45:00+05:30,1400.199951171875,1402.4000244140625,1399.5,1401.199951171875,363085,0.0,0.0
2025-09-23 13:00:00+05:30,1401.199951171875,1402.0,1399.0,1399.300048828125,213551,0.0,0.0
2025-09-23 13:15:00+05:30,1399.199951171875,1399.800048828125,1397.199951171875,1398.300048828125,318947,0.0,0.0
2025-09-23 13:30:00+05:30,1398.199951171875,1400.300048828125,1397.800048828125,1398.5999755859375,568137,0.0,0.0
2025-09-23 13:45:00+05:30,1398.5,1399.5999755859375,1397.5,1398.0999755859375,287742,0.0,0.0
2025-09-23 14:00:00+05:30,1398.0999755859375,1400.0,1396.800048828125,1397.0,394749,0.0,0.0
2025-09-23 14:15:00+05:30,1397.0,1397.800048828125,1395.199951171875,1396.199951171875,688101,0.0,0.0
2025-09-23 14:30:00+05:30,1396.199951171875,1398.300048828125,1395.699951171875,1396.5,790628,0.0,0.0
2025-09-23 14:45:00+05:30,1396.4000244140625,1397.0999755859375,1394.0,1394.5999755859375,1274861,0.0,0.0
2025-09-23 15:00:00+05:30,1394.9000244140625,1395.4000244140625,1393.199951171875,1394.0,2146298,0.0,0.0
2025-09-23 15:15:00+05:30,1394.5999755859375,1396.0999755859375,1394.0999755859375,1394.300048828125,1275882,0.0,0.0
2025-09-24 09:15:00+05:30,1389.9000244140625,1390.4000244140625,1380.300048828125,1381.699951171875,301679,0.0,0.0
2025-09-24 09:30:00+05:30,1381.699951171875,1382.4000244140625,1380.300048828125,1381.0,290174,0.0,0.0
2025-09-24 09:45:00+05:30,1381.0,1381.5999755859375,1379.5,1381.0,213417,0.0,0.0
2025-09-24 10:00:00+05:30,1381.199951171875,1381.9000244140625,1379.300048828125,1381.199951171875,147211,0.0,0.0
2025-09-24 10:15:00+05:30,1381.199951171875,1381.300048828125,1380.0,1380.199951171875,239344,0.0,0.0
2025-09-24 10:30:00+05:30,1380.0999755859375,1381.699951171875,1379.0,1379.4000244140625,225249,0.0,0.0
2025-09-24 10:45:00+05:30,1379.4000244140625,1379.4000244140625,1377.0999755859375,1378.0999755859375,247048,0.0,0.0
2025-09-24 11:00:00+05:30,1378.0999755859375,1379.199951171875,1376.5,1379.199951171875,213055,0.0,0.0
2025-09-24 11:15:00+05:30,1379.199951171875,1380.0,1378.5,1379.0999755859375,227636,0.0,0.0
2025-09-24 11:30:00+05:30,1379.0999755859375,1379.5,1378.0,1378.300048828125,105660,0.0,0.0
2025-09-24 11:45:00+05:30,1378.4000244140625,1381.0,1378.4000244140625,1379.300048828125,149056,0.0,0.0
2025-09-24 12:00:00+05:30,1379.5,1382.199951171875,1379.300048828125,1382.0,217211,0.0,0.0
2025-09-24 12:15:00+05:30,1382.0,1383.0999755859375,1380.4000244140625,1380.5999755859375,208505,0.0,0.0
2025-09-24 12:30:00+05:30,1380.5999755859375,1381.5999755859375,1380.0,1380.300048828125,175222,0.0,0.0
2025-09-24 12:45:00+05:30,1380.199951171875,1383.4000244140625,1380.0,1383.0999755859375,421558,0.0,0.0
2025-09-24 13:00:00+05:30,1383.300048828125,1384.699951171875,1382.300048828125,1384.699951171875,521849,0.0,0.0
2025-09-24 13:15:00+05:30,1385.0,1387.4000244140625,1384.4000244140625,1387.199951171875,555256,0.0,0.0
2025-09-24 13:30:00+05:30,1387.199951171875,1388.0,1385.9000244140625,1386.4000244140625,182321,0.0,0.0
2025-09-24 13:45:00+05:30,1386.699951171875,1387.199951171875,1385.300048828125,1386.0,205681,0.0,0.0
2025-09-24 14:00:00+05:30,1385.800048828125,1386.0,1382.800048828125,1383.4000244140625,256036,0.0,0.0
2025-09-24 14:15:00+05:30,1383.5,1384.699951171875,1380.199951171875,1380.4000244140625,770043,0.0,0.0
2025-09-24 14:30:00+05:30,1380.4000244140625,1381.699951171875,1379.9000244140625,1380.4000244140625,972939,0.0,0.0
2025-09-24 14:45:00+05:30,1380.800048828125,1381.9000244140625,1380.0,1380.9000244140625,680022,0.0,0.0
2025-09-24 15:00:00+05:30,1380.4000244140625,1382.699951171875,1380.4000244140625,1382.5,691410,0.0,0.0
2025-09-24 15:15:00+05:30,1382.4000244140625,1385.800048828125,1382.0,1384.0,759713,0.0,0.0
2025-09-25 09:15:00+05:30,1376.4000244140625,1391.4000244140625,1371.800048828125,1389.5,201090,0.0,0.0
2025-09-25 09:30:00+05:30,1389.4000244140625,1390.4000244140625,1385.4000244140625,1385.800048828125,842789,0.0,0.0
2025-09-25 09:45:00+05:30,1385.4000244140625,1386.199951171875,1383.5,1384.0,634336,0.0,0.0
2025-09-25 10:00:00+05:30,1383.699951171875,1383.9000244140625,1379.5,1380.0,169828,0.0,0.0
2025-09-25 10:15:00+05:30,1380.0,1380.800048828125,1378.0,1378.5999755859375,525225,0.0,0.0
2025-09-25 10:30:00+05:30,1378.5999755859375,1380.0,1378.0999755859375,1379.0,1175151,0.0,0.0
2025-09-25 10:45:00+05:30,1379.0999755859375,1380.0,1378.0,1378.300048828125,271599,0.0,0.0
2025-09-25 11:00:00+05:30,1378.4000244140625,1380.9000244140625,1378.0999755859375,1380.5999755859375,167762,0.0,0.0
2025-09-25 11:15:00+05:30,1380.5,1381.300048828125,1378.300048828125,1379.0,288084,0.0,0.0
2025-09-25 11:30:00+05:30,1379.5999755859375,1379.5999755859375,1374.800048828125,1375.0,544054,0.0,0.0
2025-09-25 11:45:00+05:30,1375.0,1376.800048828125,1374.199951171875,1375.5,698486,0.0,0.0
2025-09-25 12:00:00+05:30,1375.5999755859375,1377.800048828125,1375.0,1377.0999755859375,303447,0.0,0.0
2025-09-25 12:15:00+05:30,1377.0999755859375,1379.0,1375.5,1377.0,1325864,0.0,0.0
2025-09-25 12:30:00+05:30,1376.800048828125,1378.0999755859375,1376.0,1377.199951171875,583520,0.0,0.0
2025-09-25 12:45:00+05:30,1377.199951171875,1380.199951171875,1377.0,1379.0999755859375,556066,0.0,0.0
2025-09-25 13:00:00+05:30,1379.0,1380.699951171875,1378.699951171875,1379.9000244140625,549518,0.0,0.0
2025-09-25 13:15:00+05:30,1379.5999755859375,1380.0999755859375,1377.4000244140625,1380.0999755859375,1555609,0.0,0.0
2025-09-25 13:30:00+05:30,1380.0999755859375,1381.0,1379.0,1380.0,499029,0.0,0.0
2025-09-25 13:45:00+05:30,1380.0999755859375,1380.9000244140625,1377.9000244140625,1377.9000244140625,1127913,0.0,0.0
2025-09-25 14:00:00+05:30,1377.9000244140625,1379.0,1377.5,1378.800048828125,793361,0.0,0.0
2025-09-25 14:15:00+05:30,1378.800048828125,1380.5,1377.699951171875,1379.5,998750,0.0,0.0
2025-09-25 14:30:00+05:30,1379.300048828125,1380.4000244140625,1378.0999755859375,1379.199951171875,639308,0.0,0.0
2025-09-25 14:45:00+05:30,1379.0,1379.4000244140625,1377.300048828125,1378.300048828125,1200727,0.0,0.0
2025-09-25 15:00:00+05:30,1377.9000244140625,1378.699951171875,1374.0999755859375,1374.9000244140625,2958041,0.0,0.0
2025-09-25 15:15:00+05:30,1375.0999755859375,1376.9000244140625,1373.4000244140625,1373.699951171875,2397877,0.0,0.0
2025-09-26 09:15:00+05:30,1367.0,1369.5999755859375,1363.5999755859375,1365.699951171875,294489,0.0,0.0
2025-09-26 09:30:00+05:30,1365.0,1367.5,1364.0,1366.800048828125,1749380,0.0,0.0
2025-09-26 09:45:00+05:30,1366.800048828125,1367.4000244140625,1364.5,1366.0999755859375,1388586,0.0,0.0
2025-09-26 10:00:00+05:30,1365.5999755859375,1365.699951171875,1361.199951171875,1362.300048828125,273298,0.0,0.0
2025-09-26 10:15:00+05:30,1362.300048828125,1365.0999755859375,1361.9000244140625,1364.5999755859375,320408,0.0,0.0
2025-09-26 10:30:00+05:30,1365.5,1366.9000244140625,1364.5,1366.9000244140625,315319,0.0,0.0
2025-09-26 10:45:00+05:30,1366.5,1366.5,1360.0999755859375,1360.199951171875,3785551,0.0,0.0
2025-09-26 11:00:00+05:30,1360.199951171875,1360.9000244140625,1359.300048828125,1359.4000244140625,288601,0.0,0.0
2025-09-26 11:15:00+05:30,1359.5,1360.800048828125,1359.4000244140625,1360.300048828125,162889,0.0,0.0
2025-09-26 11:30:00+05:30,1360.199951171875,1363.5,1360.0999755859375,1363.0,311652,0.0,0.0
2025-09-26 11:45:00+05:30,1363.199951171875,1364.0999755859375,1361.199951171875,1361.699951171875,422258,0.0,0.0
2025-09-26 12:00:00+05:30,1361.5999755859375,1363.0999755859375,1360.699951171875,1363.0999755859375,553839,0.0,0.0
2025-09-26 12:15:00+05:30,1363.0999755859375,1363.300048828125,1361.5999755859375,1362.0999755859375,242603,0.0,0.0
2025-09-26 12:30:00+05:30,1362.300048828125,1363.5999755859375,1361.9000244140625,1363.5999755859375,209494,0.0,0.0
2025-09-26 12:45:00+05:30,1363.5,1365.9000244140625,1362.300048828125,1362.699951171875,582653,0.0,0.0
2025-09-26 13:00:00+05:30,1362.4000244140625,1365.4000244140625,1362.300048828125,1365.4000244140625,303936,0.0,0.0
2025-09-26 13:15:00+05:30,1365.300048828125,1366.0999755859375,1364.5,1364.9000244140625,595087,0.0,0.0
2025-09-26 13:30:00+05:30,1364.5,1365.0,1363.0,1363.300048828125,217524,0.0,0.0
2025-09-26 13:45:00+05:30,1363.300048828125,1365.0,1362.699951171875,1363.800048828125,406309,0.0,0.0
2025-09-26 14:00:00+05:30,1363.800048828125,1364.0,1360.800048828125,1362.0,280171,0.0,0.0
2025-09-26 14:15:00+05:30,1361.800048828125,1361.9000244140625,1358.800048828125,1359.4000244140625,1271595,0.0,0.0
2025-09-26 14:30:00+05:30,1359.5999755859375,1359.9000244140625,1357.0999755859375,1357.800048828125,979505,0.0,0.0
2025-09-26 14:45:00+05:30,1357.800048828125,1359.9000244140625,1357.5999755859375,1359.5,693380,0.0,0.0
2025-09-26 15:00:00+05:30,1359.699951171875,1360.300048828125,1357.5999755859375,1358.5999755859375,916993,0.0,0.0
2025-09-26 15:15:00+05:30,1358.800048828125,1362.699951171875,1358.800048828125,1359.5999755859375,964101,0.0,0.0
2025-09-29 09:15:00+05:30,1359.5999755859375,1366.199951171875,1356.800048828125,1365.699951171875,298338,0.0,0.0
2025-09-29 09:30:00+05:30,1365.699951171875,1366.199951171875,1362.300048828125,1363.4000244140625,436034,0.0,0.0
2025-09-29 09:45:00+05:30,1363.300048828125,1363.4000244140625,1360.5,1362.699951171875,229086,0.0,0.0
2025-09-29 10:00:00+05:30,1362.699951171875,1362.699951171875,1360.800048828125,1361.5999755859375,234458,0.0,0.0
2025-09-29 10:15:00+05:30,1361.699951171875,1362.800048828125,1359.5999755859375,1361.199951171875,284569,0.0,0.0
2025-09-29 10:30:00+05:30,1361.199951171875,1361.199951171875,1357.9000244140625,1360.0999755859375,416257,0.0,0.0
2025-09-29 10:45:00+05:30,1360.199951171875,1360.9000244140625,1358.5,1359.5999755859375,285146,0.0,0.0
2025-09-29 11:00:00+05:30,1359.699951171875,1361.5999755859375,1358.699951171875,1358.800048828125,229995,0.0,0.0
2025-09-29 11:15:00+05:30,1358.9000244140625,1359.199951171875,1356.0999755859375,1356.4000244140625,185653,0.0,0.0
2025-09-29 11:30:00+05:30,1356.199951171875,1357.0,1354.699951171875,1355.0999755859375,466118,0.0,0.0
2025-09-29 11:45:00+05:30,1355.0999755859375,1355.9000244140625,1353.0999755859375,1355.0,489517,0.0,0.0
2025-09-29 12:00:00+05:30,1355.0,1355.800048828125,1352.0,1352.199951171875,622399,0.0,0.0
2025-09-29 12:15:00+05:30,1352.0999755859375,1353.9000244140625,1351.199951171875,1353.199951171875,543950,0.0,0.0
2025-09-29 12:30:00+05:30,1353.199951171875,1354.699951171875,1351.300048828125,1351.800048828125,472115,0.0,0.0
2025-09-29 12:45:00+05:30,1351.800048828125,1351.9000244140625,1349.4000244140625,1349.800048828125,680195,0.0,0.0
2025-09-29 13:00:00+05:30,1349.800048828125,1353.0999755859375,1348.0,1352.5999755859375,904257,0.0,0.0
2025-09-29 13:15:00+05:30,1352.5999755859375,1353.5,1349.800048828125,1352.5999755859375,560171,0.0,0.0
2025-09-29 13:30:00+05:30,1352.9000244140625,1355.300048828125,1352.300048828125,1355.0,382536,0.0,0.0
2025-09-29 13:45:00+05:30,1355.0,1357.5,1354.300048828125,1355.9000244140625,1356755,0.0,0.0
2025-09-29 14:00:00+05:30,1355.9000244140625,1358.5,1354.699951171875,1355.0999755859375,705551,0.0,0.0
2025-09-29 14:15:00+05:30,1355.199951171875,1355.9000244140625,1351.4000244140625,1352.0,731030,0.0,0.0
2025-09-29 14:30:00+05:30,1351.699951171875,1353.4000244140625,1350.5999755859375,1351.300048828125,1212476,0.0,0.0
2025-09-29 14:45:00+05:30,1351.4000244140625,1352.4000244140625,1350.0,1351.699951171875,914065,0.0,0.0
2025-09-29 15:00:00+05:30,1351.4000244140625,1351.4000244140625,1346.800048828125,1348.0,3777796,0.0,0.0
2025-09-29 15:15:00+05:30,1348.0,1350.699951171875,1346.199951171875,1350.699951171875,3398226,0.0,0.0
2025-09-30 09:15:00+05:30,1353.0999755859375,1353.5999755859375,1349.800048828125,1350.4000244140625,536647,0.0,0.0
2025-09-30 09:30:00+05:30,1350.300048828125,1350.699951171875,1347.5,1349.800048828125,437970,0.0,0.0
2025-09-30 09:45:00+05:30,1349.5,1350.300048828125,1348.300048828125,1348.9000244140625,330975,0.0,0.0
2025-09-30 10:00:00+05:30,1348.9000244140625,1349.699951171875,1346.5,1346.800048828125,311894,0.0,0.0
2025-09-30 10:15:00+05:30,1346.800048828125,1347.4000244140625,1343.0999755859375,1344.699951171875,628134,0.0,0.0
2025-09-30 10:30:00+05:30,1344.699951171875,1345.5999755859375,1342.5999755859375,1344.5999755859375,345951,0.0,0.0
2025-09-30 10:45:00+05:30,1344.5,1347.800048828125,1344.199951171875,1347.199951171875,384037,0.0,0.0
2025-09-30 11:00:00+05:30,1347.300048828125,1348.800048828125,1347.0,1348.300048828125,277742,0.0,0.0
2025-09-30 11:15:00+05:30,1348.300048828125,1348.4000244140625,1345.699951171875,1345.800048828125,290626,0.0,0.0
2025-09-30 11:30:00+05:30,1345.800048828125,1347.9000244140625,1345.0,1345.0,284526,0.0,0.0
2025-09-30 11:45:00+05:30,1345.0999755859375,1346.0999755859375,1343.800048828125,1344.0,277651,0.0,0.0
2025-09-30 12:00:00+05:30,1344.0,1345.9000244140625,1343.5,1345.300048828125,604727,0.0,0.0
2025-09-30 12:15:00+05:30,1345.300048828125,1348.9000244140625,1345.0999755859375,1348.9000244140625,540630,0.0,0.0
2025-09-30 12:30:00+05:30,1348.9000244140625,1349.9000244140625,1347.199951171875,1348.4000244140625,881800,0.0,0.0
2025-09-30 12:45:00+05:30,1348.4000244140625,1350.4000244140625,1348.199951171875,1349.199951171875,820505,0.0,0.0
2025-09-30 13:00:00+05:30,1349.199951171875,1352.800048828125,1349.0,1352.0999755859375,736862,0.0,0.0
2025-09-30 13:15:00+05:30,1352.199951171875,1353.800048828125,1351.300048828125,1353.0999755859375,577611,0.0,0.0
2025-09-30 13:30:00+05:30,1353.199951171875,1354.5,1351.5999755859375,1353.300048828125,889084,0.0,0.0
2025-09-30 13:45:00+05:30,1353.199951171875,1353.5,1352.300048828125,1352.4000244140625,246485,0.0,0.0
2025-09-30 14:00:00+05:30,1352.699951171875,1353.0,1348.0999755859375,1349.9000244140625,996445,0.0,0.0
2025-09-30 14:15:00+05:30,1349.5999755859375,1350.9000244140625,1347.699951171875,1350.0,1070007,0.0,0.0
2025-09-30 14:30:00+05:30,1350.0,1355.5999755859375,1349.300048828125,1353.199951171875,1196778,0.0,0.0
2025-09-30 14:45:00+05:30,1353.0,1354.0999755859375,1348.5999755859375,1351.699951171875,1862021,0.0,0.0
2025-09-30 15:00:00+05:30,1351.199951171875,1351.199951171875,1347.199951171875,1348.5,2859295,0.0,0.0
2025-09-30 15:15:00+05:30,1349.0999755859375,1349.0999755859375,1346.5999755859375,1348.0,2205453,0.0,0.0
2025-10-01 09:15:00+05:30,1351.0999755859375,1355.9000244140625,1348.0,1354.800048828125,660013,0.0,0.0
2025-10-01 09:30:00+05:30,1355.0999755859375,1357.5999755859375,1354.199951171875,1356.0999755859375,977404,0.0,0.0
2025-10-01 09:45:00+05:30,1356.0,1359.5,1355.699951171875,1359.4000244140625,585446,0.0,0.0
2025-10-01 10:00:00+05:30,1359.4000244140625,1367.0999755859375,1357.800048828125,1365.0,1975036,0.0,0.0
2025-10-01 10:15:00+05:30,1365.0,1365.300048828125,1362.0999755859375,1364.0,629193,0.0,0.0
2025-10-01 10:30:00+05:30,1364.0,1370.9000244140625,1363.699951171875,1369.5999755859375,467375,0.0,0.0
2025-10-01 10:45:00+05:30,1369.5999755859375,1370.9000244140625,1369.0,1370.0999755859375,334276,0.0,0.0
2025-10-01 11:00:00+05:30,1370.4000244140625,1372.300048828125,1369.199951171875,1371.300048828125,408326,0.0,0.0
2025-10-01 11:15:00+05:30,1371.199951171875,1373.300048828125,1370.699951171875,1372.800048828125,500940,0.0,0.0
2025-10-01 11:30:00+05:30,1372.800048828125,1377.0,1372.4000244140625,1376.800048828125,596584,0.0,0.0
2025-10-01 11:45:00+05:30,1376.5999755859375,1379.300048828125,1375.0,1378.5999755859375,1008002,0.0,0.0
2025-10-01 12:00:00+05:30,1378.0999755859375,1378.5999755859375,1375.0,1375.0999755859375,478863,0.0,0.0
2025-10-01 12:15:00+05:30,1374.699951171875,1375.199951171875,1369.0999755859375,1370.199951171875,690362,0.0,0.0
2025-10-01 12:30:00+05:30,1370.199951171875,1372.199951171875,1369.0999755859375,1371.0999755859375,741028,0.0,0.0
2025-10-01 12:45:00+05:30,1371.0999755859375,1372.300048828125,1369.199951171875,1369.699951171875,745036,0.0,0.0
2025-10-01 13:00:00+05:30,1370.199951171875,1371.800048828125,1369.4000244140625,1371.0999755859375,567317,0.0,0.0
2025-10-01 13:15:00+05:30,1371.0999755859375,1372.5,1369.4000244140625,1372.4000244140625,607164,0.0,0.0
2025-10-01 13:30:00+05:30,1372.199951171875,1375.0,1372.199951171875,1372.9000244140625,861950,0.0,0.0
2025-10-01 13:45:00+05:30,1372.9000244140625,1373.5,1371.0999755859375,1373.199951171875,962101,0.0,0.0
2025-10-01 14:00:00+05:30,1373.199951171875,1375.199951171875,1372.5,1372.800048828125,627707,0.0,0.0
2025-10-01 14:15:00+05:30,1373.0,1374.300048828125,1371.0999755859375,1372.5,1043883,0.0,0.0
2025-10-01 14:30:00+05:30,1372.4000244140625,1374.300048828125,1371.4000244140625,1372.4000244140625,1259769,0.0,0.0
2025-10-01 14:45:00+05:30,1372.4000244140625,1374.0999755859375,1370.9000244140625,1373.0,1425140,0.0,0.0
2025-10-01 15:00:00+05:30,1373.0999755859375,1374.0,1371.0,1371.199951171875,1270784,0.0,0.0
2025-10-01 15:15:00+05:30,1371.0,1373.0,1370.300048828125,1372.4000244140625,927556,0.0,0.0
2025-10-03 09:15:00+05:30,1369.5999755859375,1369.5999755859375,1361.300048828125,1365.9000244140625,502790,0.0,0.0
2025-10-03 09:30:00+05:30,1365.5,1365.800048828125,1363.0,1364.699951171875,366742,0.0,0.0
2025-10-03 09:45:00+05:30,1364.5,1371.0,1363.5,1369.699951171875,332782,0.0,0.0
2025-10-03 10:00:00+05:30,1370.0999755859375,1370.4000244140625,1367.5,1368.4000244140625,435513,0.0,0.0
2025-10-03 10:15:00+05:30,1368.300048828125,1369.300048828125,1365.9000244140625,1367.4000244140625,448523,0.0,0.0
2025-10-03 10:30:00+05:30,1367.300048828125,1370.4000244140625,1367.199951171875,1369.5,338284,0.0,0.0
2025-10-03 10:45:00+05:30,1369.199951171875,1370.199951171875,1366.800048828125,1366.800048828125,210994,0.0,0.0
2025-10-03 11:00:00+05:30,1366.800048828125,1369.4000244140625,1366.800048828125,1368.699951171875,218991,0.0,0.0
2025-10-03 11:15:00+05:30,1368.699951171875,1369.9000244140625,1368.0,1368.0999755859375,260660,0.0,0.0
2025-10-03 11:30:00+05:30,1368.0999755859375,1371.4000244140625,1366.699951171875,1366.699951171875,376266,0.0,0.0
2025-10-03 11:45:00+05:30,1366.800048828125,1370.199951171875,1366.5999755859375,1368.0,537307,0.0,0.0
2025-10-03 12:00:00+05:30,1368.0,1369.300048828125,1366.4000244140625,1368.5999755859375,358602,0.0,0.0
2025-10-03 12:15:00+05:30,1368.5,1368.5999755859375,1366.4000244140625,1366.800048828125,424891,0.0,0.0
2025-10-03 12:30:00+05:30,1366.699951171875,1367.5999755859375,1365.0,1367.300048828125,446421,0.0,0.0
2025-10-03 12:45:00+05:30,1367.4000244140625,1370.199951171875,1367.300048828125,1368.699951171875,518347,0.0,0.0
2025-10-03 13:00:00+05:30,1368.9000244140625,1370.0999755859375,1367.199951171875,1369.5,417542,0.0,0.0
2025-10-03 13:15:00+05:30,1369.300048828125,1369.300048828125,1365.4000244140625,1366.300048828125,342837,0.0,0.0
2025-10-03 13:30:00+05:30,1366.199951171875,1366.5,1364.0999755859375,1365.5999755859375,502092,0.0,0.0
2025-10-03 13:45:00+05:30,1365.4000244140625,1366.300048828125,1364.699951171875,1365.0,279653,0.0,0.0
2025-10-03 14:00:00+05:30,1365.0,1365.199951171875,1363.300048828125,1363.4000244140625,263579,0.0,0.0
2025-10-03 14:15:00+05:30,1363.4000244140625,1365.5,1363.4000244140625,1364.5,362742,0.0,0.0
2025-10-03 14:30:00+05:30,1364.4000244140625,1367.5,1364.300048828125,1367.300048828125,332340,0.0,0.0
2025-10-03 14:45:00+05:30,1367.300048828125,1367.699951171875,1365.0999755859375,1367.4000244140625,752435,0.0,0.0
2025-10-03 15:00:00+05:30,1367.300048828125,1367.4000244140625,1363.9000244140625,1365.0999755859375,1200826,0.0,0.0
2025-10-03 15:15:00+05:30,1365.199951171875,1365.4000244140625,1364.0999755859375,1365.0,960107,0.0,0.0
2025-10-06 09:15:00+05:30,1368.0,1372.4000244140625,1365.300048828125,1369.4000244140625,305740,0.0,0.0
2025-10-06 09:30:00+05:30,1369.699951171875,1369.699951171875,1366.300048828125,1366.9000244140625,166117,0.0,0.0
2025-10-06 09:45:00+05:30,1366.5,1370.4000244140625,1366.0,1367.800048828125,153382,0.0,0.0
2025-10-06 10:00:00+05:30,1367.800048828125,1370.5,1367.5,1370.4000244140625,184079,0.0,0.0
2025-10-06 10:15:00+05:30,1370.300048828125,1370.699951171875,1366.4000244140625,1367.300048828125,162594,0.0,0.0
2025-10-06 10:30:00+05:30,1367.300048828125,1367.4000244140625,1365.5,1365.5,80102,0.0,0.0
2025-10-06 10:45:00+05:30,1365.800048828125,1365.9000244140625,1363.0,1364.5999755859375,198771,0.0,0.0
2025-10-06 11:00:00+05:30,1364.800048828125,1366.0999755859375,1362.0,1366.0,360934,0.0,0.0
2025-10-06 11:15:00+05:30,1366.0,1366.0999755859375,1364.0,1365.0,730859,0.0,0.0
2025-10-06 11:30:00+05:30,1364.800048828125,1365.5,1361.0,1361.5,401648,0.0,0.0
2025-10-06 11:45:00+05:30,1361.4000244140625,1363.300048828125,1359.699951171875,1363.0999755859375,317508,0.0,0.0
2025-10-06 12:00:00+05:30,1363.0999755859375,1365.199951171875,1362.0,1365.0999755859375,265528,0.0,0.0
2025-10-06 12:15:00+05:30,1365.199951171875,1365.9000244140625,1364.0,1364.5,358129,0.0,0.0
2025-10-06 12:30:00+05:30,1364.5,1366.0999755859375,1363.699951171875,1365.9000244140625,552423,0.0,0.0
2025-10-06 12:45:00+05:30,1365.800048828125,1368.0,1365.4000244140625,1367.699951171875,423434,0.0,0.0
2025-10-06 13:00:00+05:30,1367.4000244140625,1369.699951171875,1364.9000244140625,1366.5999755859375,1838699,0.0,0.0
2025-10-06 13:15:00+05:30,1366.5999755859375,1367.4000244140625,1363.300048828125,1364.300048828125,1518773,0.0,0.0
2025-10-06 13:30:00+05:30,1364.800048828125,1365.0,1362.300048828125,1363.5999755859375,413160,0.0,0.0
2025-10-06 13:45:00+05:30,1363.5999755859375,1364.0999755859375,1361.199951171875,1363.5999755859375,464746,0.0,0.0
2025-10-06 14:00:00+05:30,1363.699951171875,1365.5,1361.699951171875,1363.5999755859375,453358,0.0,0.0
2025-10-06 14:15:00+05:30,1363.5,1363.9000244140625,1361.199951171875,1361.5,345828,0.0,0.0
2025-10-06 14:30:00+05:30,1361.5999755859375,1362.699951171875,1359.800048828125,1361.199951171875,2332158,0.0,0.0
2025-10-06 14:45:00+05:30,1361.4000244140625,1362.699951171875,1359.0999755859375,1362.699951171875,627931,0.0,0.0
2025-10-06 15:00:00+05:30,1362.699951171875,1364.4000244140625,1361.9000244140625,1363.699951171875,515949,0.0,0.0
2025-10-06 15:15:00+05:30,1363.5,1364.699951171875,1362.300048828125,1363.9000244140625,648402,0.0,0.0
