Date,Open,High,Low,Close,Volume,Dividends,Stock Splits
2002-12-23 00:00:00+05:30,4.7547546345855,5.632120244894827,4.737773407676014,5.507591247558594,88361782,0.0,0.0
2002-12-24 00:00:00+05:30,5.592497846645481,5.886839692522476,5.547214016128893,5.615139484405518,78481868,0.0,0.0
2002-12-25 00:00:00+05:30,5.615139484405518,5.615139484405518,5.615139484405518,5.615139484405518,0,0.0,0.0
2002-12-26 00:00:00+05:30,5.660422336438451,5.74532902668277,5.524571965045424,5.552874565124512,20912126,0.0,0.0
2002-12-27 00:00:00+05:30,5.711366404432157,5.841556375626751,5.547213976838064,5.700045585632324,29479745,0.0,0.0
2002-12-30 00:00:00+05:30,5.660422336438451,5.660422336438451,5.513251147012378,5.552874565124512,10686967,0.0,0.0
2002-12-31 00:00:00+05:30,5.541555301681942,5.711367619815636,5.524573514871945,5.620800495147705,13516316,0.0,0.0
2003-01-01 00:00:00+05:30,5.660422713199388,5.6943857245555956,5.558534789123782,5.60947847366333,9902506,0.0,0.0
2003-01-02 00:00:00+05:30,5.632120243911397,5.6830644796274274,5.5189120645345895,5.547213554382324,8362077,0.0,0.0
2003-01-03 00:00:00+05:30,5.603818416595459,5.660422508481113,5.552874733898371,5.603818416595459,12472503,0.0,0.0
2003-01-06 00:00:00+05:30,5.620800166662431,5.6264611319326825,5.230231857780144,5.252872943878174,10478599,0.0,0.0
2003-01-07 00:00:00+05:30,5.25853181578611,5.394382177607893,5.105700783107591,5.337778091430664,15550445,0.0,0.0
2003-01-08 00:00:00+05:30,5.343438851234287,5.445326768046095,5.337778442244547,5.371740341186523,7512213,0.0,0.0
2003-01-09 00:00:00+05:30,5.377401163743201,5.881178660573376,5.366080346061465,5.80759334564209,37626319,0.0,0.0
2003-01-10 00:00:00+05:30,5.881177528930928,6.175519287015972,5.717025704131462,5.932121753692627,44627102,0.0,0.0
2003-01-13 00:00:00+05:30,5.988726505272495,6.1585398826669575,5.90948078048511,6.073633193969727,17900143,0.0,0.0
2003-01-14 00:00:00+05:30,6.130236751154212,6.2151428774872794,6.000046802447095,6.135897159576416,18615140,0.0,0.0
2003-01-15 00:00:00+05:30,6.192503858230526,6.311372474628853,6.124578379577741,6.254768371582031,20697379,0.0,0.0
2003-01-16 00:00:00+05:30,6.2377849795984215,6.3849561646238735,6.2377849795984215,6.311370849609375,18711731,0.0,0.0
2003-01-17 00:00:00+05:30,6.3396725159733585,6.38495578405243,6.209482565249607,6.294389247894287,12691321,0.0,0.0
2003-01-20 00:00:00+05:30,6.311370655942675,6.713260226763111,6.311370655942675,6.65099573135376,41257166,0.0,0.0
2003-01-21 00:00:00+05:30,6.849110580992098,7.777419822233754,6.701939400674601,7.681192874908447,91934868,0.0,0.0
2003-01-22 00:00:00+05:30,7.8113831634896425,8.224594123796715,7.466097110083526,7.652891159057617,91442340,0.0,0.0
2003-01-23 00:00:00+05:30,7.6415690067004425,8.156667237401066,7.483077029947802,7.89628791809082,80647678,0.0,0.0
2003-01-24 00:00:00+05:30,7.8962888415764505,8.003836604631834,7.290623458327901,7.392511367797852,40825774,0.0,0.0
2003-01-27 00:00:00+05:30,7.528359672417009,7.528359672417009,6.8208076307951595,6.956657409667969,31445396,0.0,0.0
2003-01-28 00:00:00+05:30,7.018923055443523,7.392511119280198,6.922696112786772,7.313264846801758,34208061,0.0,0.0
2003-01-29 00:00:00+05:30,7.415154208287416,7.669873190900688,7.313266282244196,7.403833389282227,37021583,0.0,0.0
2003-01-30 00:00:00+05:30,7.466097461677708,7.528361962602418,7.205718084632438,7.251001358032227,18006481,0.0,0.0
2003-01-31 00:00:00+05:30,7.245340254280216,7.267981888809562,6.9623187126705215,7.0472259521484375,24095743,0.0,0.0
2003-02-03 00:00:00+05:30,7.132132167966475,7.392511523202228,7.0925087520640515,7.352888107299805,20490183,0.0,0.0
2003-02-04 00:00:00+05:30,7.449114766333265,7.998176609008984,7.449114766333265,7.669871807098389,81165271,0.0,0.0
2003-02-05 00:00:00+05:30,7.69817337026387,7.834023720355252,7.517039755140822,7.601945877075195,34453914,0.0,0.0
2003-02-06 00:00:00+05:30,7.584965260133335,7.834023774526075,7.392510827421583,7.783080101013184,49319379,0.0,0.0
2003-02-07 00:00:00+05:30,7.851005090875838,7.851005090875838,7.528361243715287,7.567984104156494,27902566,0.0,0.0
2003-02-10 00:00:00+05:30,7.584964952910533,7.584964952910533,7.171754063383306,7.222697734832764,21335467,0.0,0.0
2003-02-11 00:00:00+05:30,7.2453392245307695,7.341566157604163,7.0076015407648535,7.041563987731934,26627710,0.0,0.0
2003-02-12 00:00:00+05:30,7.018923081901686,7.222698339762885,6.83778945769213,7.05288553237915,28056902,0.0,0.0
2003-02-13 00:00:00+05:30,7.05288553237915,7.05288553237915,7.05288553237915,7.05288553237915,0,0.0,0.0
2003-02-14 00:00:00+05:30,7.103828785419464,7.103828785419464,6.6226929889566755,6.662315845489502,31379365,0.0,0.0
2003-02-17 00:00:00+05:30,6.87175315153019,7.324586424921132,6.792506870814689,7.239680290222168,35498422,0.0,0.0
2003-02-18 00:00:00+05:30,7.471758303313361,7.539683217344495,7.341568329757168,7.403833389282227,38619812,0.0,0.0
2003-02-19 00:00:00+05:30,7.449114349221761,7.692513010283192,7.426473271560599,7.607606887817383,41428285,0.0,0.0
2003-02-20 00:00:00+05:30,7.630247971369991,7.913268914218361,7.488737222447632,7.647229194641113,68782857,0.0,0.0
2003-02-21 00:00:00+05:30,7.811384302919952,7.811384302919952,7.53968352569078,7.613268852233887,31432873,0.0,0.0
2003-02-24 00:00:00+05:30,7.698173893400716,8.009497471642481,7.652890625291781,7.890628337860107,61026734,0.0,0.0
2003-02-25 00:00:00+05:30,7.924590673139319,7.924590673139319,7.432134550165506,7.471757411956787,29137172,0.0,0.0
2003-02-26 00:00:00+05:30,7.517040444835941,7.573645086315434,7.143452919051328,7.177415370941162,43364758,0.0,0.0
2003-02-27 00:00:00+05:30,7.177414483056951,7.500058291094063,7.052884953202751,7.3981709480285645,39176191,0.0,0.0
2003-02-28 00:00:00+05:30,7.584966503666526,7.613267994150578,7.001942701778118,7.0698676109313965,60068835,0.0,0.0
2003-03-03 00:00:00+05:30,7.279301976039044,7.63024838604065,7.279301976039044,7.426473140716553,39034964,0.0,0.0
2003-03-04 00:00:00+05:30,7.460436947137676,7.460436947137676,7.194397164674759,7.267982482910156,19078546,0.0,0.0
2003-03-05 00:00:00+05:30,7.222698312536581,7.3811903024970515,7.007602238660375,7.313264846801758,25124849,0.0,0.0
2003-03-06 00:00:00+05:30,7.358549583427125,7.471757765327737,7.166095119199605,7.267982482910156,42763383,0.0,0.0
2003-03-07 00:00:00+05:30,7.120810252318143,7.154772699285223,6.97929950162562,7.041563987731934,17605655,0.0,0.0
2003-03-10 00:00:00+05:30,7.0472254735840165,7.177414863286829,6.7415623182020115,6.803826808929443,15774908,0.0,0.0
2003-03-11 00:00:00+05:30,6.583070953503617,6.9623188969019605,6.583070953503617,6.922696590423584,26565638,0.0,0.0
2003-03-12 00:00:00+05:30,6.950998499960246,7.1887362381917566,6.911375636087741,6.98496150970459,30878093,0.0,0.0
2003-03-13 00:00:00+05:30,7.007602190746969,7.188735258038853,6.967979332276869,7.092508316040039,28352418,0.0,0.0
2003-03-14 00:00:00+05:30,7.092508316040039,7.092508316040039,7.092508316040039,7.092508316040039,0,0.0,0.0
2003-03-17 00:00:00+05:30,6.922696238996685,7.109490274320525,6.8434499650734795,6.928356647491455,13189818,0.0,0.0
2003-03-18 00:00:00+05:30,6.928356647491455,6.928356647491455,6.928356647491455,6.928356647491455,0,0.0,0.0
2003-03-19 00:00:00+05:30,7.08684944452085,7.2623226965088925,7.08684944452085,7.166095733642578,22280777,0.0,0.0
2003-03-20 00:00:00+05:30,7.177414946138511,7.635909129507699,7.08684785812949,7.573644638061523,44254848,0.0,0.0
2003-03-21 00:00:00+05:30,7.749116889892624,7.749116889892624,7.551002054307916,7.641569137573242,21817432,0.0,0.0
2003-03-24 00:00:00+05:30,7.7547797438977275,7.7830823479052675,7.369871322351696,7.443456649780273,17460809,0.0,0.0
2003-03-25 00:00:00+05:30,7.301943546571922,7.703833625758148,7.194395794252539,7.641569137573242,23776657,0.0,0.0
2003-03-26 00:00:00+05:30,7.703833625758148,7.901948461342856,7.590624910425583,7.641569137573242,17735717,0.0,0.0
2003-03-27 00:00:00+05:30,7.630247254014889,7.794399618532681,7.5962848106656145,7.675529956817627,13469192,0.0,0.0
2003-03-28 00:00:00+05:30,7.692512381964127,8.615161057383512,7.613266119139095,8.292516708374023,112773104,0.0,0.0
2003-03-31 00:00:00+05:30,8.26421428341791,8.445347876409773,7.981193356553551,8.083081245422363,39741972,0.0,0.0
2003-04-01 00:00:00+05:30,8.15100700357671,8.405725920407573,8.10572373925058,8.207611083984375,24863574,0.0,0.0
2003-04-02 00:00:00+05:30,8.320821360212665,8.830259289410078,8.320821360212665,8.717050552368164,36603135,0.0,0.0
2003-04-03 00:00:00+05:30,8.943467460218672,8.943467460218672,8.654786041369045,8.7849760055542,28079577,0.0,0.0
2003-04-04 00:00:00+05:30,8.841578244593698,9.073655523882,8.728369531406145,9.005730628967285,33337038,0.0,0.0
2003-04-07 00:00:00+05:30,9.101958864779506,9.379320001996268,8.84157950871575,9.283092498779297,37342544,0.0,0.0
2003-04-08 00:00:00+05:30,9.277433189414227,9.560454785818203,9.067998029470164,9.49252986907959,31591105,0.0,0.0
2003-04-09 00:00:00+05:30,9.50950646808857,10.075549418325952,9.260448546777615,9.481204986572266,43936539,0.0,0.0
2003-04-10 00:00:00+05:30,9.311395832744596,10.324610738428323,9.254791186089212,10.109515190124512,51397922,0.0,0.0
2003-04-11 00:00:00+05:30,10.245362809935122,10.494420759749586,9.679320904909517,9.92271900177002,28609641,0.0,0.0
2003-04-15 00:00:00+05:30,10.075551389602147,10.109513840062013,9.441583427699015,9.826492309570312,20062734,0.0,0.0
2003-04-16 00:00:00+05:30,9.90573802482423,10.143476287976451,9.707623175528319,10.001965522766113,21887272,0.0,0.0
2003-04-17 00:00:00+05:30,9.91705788935522,10.381212444279255,9.86045381070506,9.962342262268066,20949051,0.0,0.0
2003-04-18 00:00:00+05:30,9.962342262268066,9.962342262268066,9.962342262268066,9.962342262268066,0,0.0,0.0
2003-04-21 00:00:00+05:30,9.990645109627089,10.154797515104333,9.860455155973458,9.934041023254395,14886576,0.0,0.0
2003-04-22 00:00:00+05:30,9.984986540057879,10.04158952371686,9.747248236726495,9.815173149108887,13270530,0.0,0.0
2003-04-23 00:00:00+05:30,9.87743553867787,9.87743553867787,9.283092094110337,9.311394691467285,20912650,0.0,0.0
2003-04-24 00:00:00+05:30,9.339695294987834,9.81517067164189,9.022711895550584,9.571772575378418,33336334,0.0,0.0
2003-04-25 00:00:00+05:30,9.588756558435954,9.786871436750284,9.48686919215821,9.628378868103027,20163983,0.0,0.0
2003-04-28 00:00:00+05:30,9.60007504891432,10.030266046655541,9.549130823132817,9.962342262268066,27642967,0.0,0.0
2003-04-29 00:00:00+05:30,10.047246870879844,10.251022644656903,9.57177154539019,9.696300506591797,51922435,0.0,0.0
2003-04-30 00:00:00+05:30,9.679321688481945,10.143476287976451,9.588755153945032,10.001965522766113,24638895,0.0,0.0
2003-05-01 00:00:00+05:30,10.001965522766112,10.001965522766112,10.001965522766112,10.001965522766113,0,0.0,0.0
2003-05-02 00:00:00+05:30,10.13215801664732,10.449142077154807,10.018948710041938,10.381216049194336,30861000,0.0,0.0
2003-05-05 00:00:00+05:30,10.51140367421066,10.92461516421562,10.449139735026643,10.760462760925293,33455431,0.0,0.0
2003-05-06 00:00:00+05:30,10.811405780211908,11.20197563225666,10.811405780211908,10.884991645812988,32071399,0.0,0.0
2003-05-07 00:00:00+05:30,10.941597637120623,11.054805827004579,10.38121543220549,10.443480491638184,23537832,0.0,0.0
2003-05-08 00:00:00+05:30,10.51140398906058,10.5849898575653,10.36989321577899,10.426498413085938,14957372,0.0,0.0
2003-05-09 00:00:00+05:30,10.471780385735235,10.811404867548271,10.449138753614365,10.579327583312988,23934761,0.0,0.0
2003-05-12 00:00:00+05:30,10.732161025165553,11.411412327134217,10.658575152954281,11.105749130249023,72226159,0.0,0.0
2003-05-13 00:00:00+05:30,11.083106640100093,11.59820437590587,10.981218175661429,11.196314811706543,52147828,0.0,0.0
2003-05-14 00:00:00+05:30,11.207634060941784,11.773675949778774,11.207634060941784,11.603863716125488,43760505,0.0,0.0
2003-05-15 00:00:00+05:30,11.739714716317415,12.44160757460856,11.739714716317415,12.317078590393066,55053304,0.0,0.0
2003-05-16 00:00:00+05:30,12.3510409910833,12.803874769133945,11.603864868802253,11.920848846435547,55520644,0.0,0.0
2003-05-19 00:00:00+05:30,12.056697792224313,12.056697792224313,11.241596827512316,11.31518268585205,28908694,0.0,0.0
2003-05-20 00:00:00+05:30,11.264238975301826,11.994433299223804,10.964236785240018,11.9038667678833,61086776,0.0,0.0
2003-05-21 00:00:00+05:30,12.00009743722302,12.566139517848315,11.796321577802344,11.960474014282227,58252425,0.0,0.0
2003-05-22 00:00:00+05:30,12.101983174022163,12.385004731026457,11.43405380908241,11.58122444152832,52683213,0.0,0.0
2003-05-23 00:00:00+05:30,11.63216666189583,11.875565892376121,11.343485273410051,11.41141128540039,37763244,0.0,0.0
2003-05-26 00:00:00+05:30,11.49631557548685,11.852922936183417,11.09442606183602,11.739713668823242,62684732,0.0,0.0
2003-05-27 00:00:00+05:30,12.000094969017836,12.430287128208555,11.773677517341897,11.852924346923828,61346945,0.0,0.0
2003-05-28 00:00:00+05:30,12.051039374966528,13.74350543846975,11.898207787126413,13.522748947143555,154936368,0.0,0.0
2003-05-29 00:00:00+05:30,13.505768209094379,13.885016171170912,13.052934374229716,13.217086791992188,83172484,0.0,0.0
2003-05-30 00:00:00+05:30,13.228405295435303,13.545388147380503,12.837836583577872,13.109536170959473,59396273,0.0,0.0
2003-06-02 00:00:00+05:30,12.339721851323672,12.339721851323672,10.539707311204413,11.111409187316895,99968942,0.0,0.0
2003-06-03 00:00:00+05:30,10.924616297269335,12.158587711722372,10.924616297269335,11.77367877960205,81778973,0.0,0.0
2003-06-04 00:00:00+05:30,11.9661307985687,12.407643711410579,11.858582496724477,12.33971881866455,52821695,0.0,0.0
2003-06-05 00:00:00+05:30,12.679345487922944,12.888781165316823,11.615186429809661,11.818961143493652,56626236,0.0,0.0
2003-06-06 00:00:00+05:30,11.660467958666022,11.960470130686142,11.581222248508801,11.739713668823242,24790003,0.0,0.0
2003-06-09 00:00:00+05:30,11.88688629724477,12.06235950965088,11.63216625859631,11.69443130493164,15747611,0.0,0.0
2003-06-10 00:00:00+05:30,11.286880893343985,11.445373437187582,9.917058742226637,10.47744083404541,36388727,0.0,0.0
2003-06-11 00:00:00+05:30,10.811403473203951,11.377446423208745,10.624609477301185,11.083104133605957,47399823,0.0,0.0
2003-06-12 00:00:00+05:30,11.320845472814021,11.434054771136857,10.78310602325089,10.924616813659668,26285184,0.0,0.0
2003-06-13 00:00:00+05:30,11.04348479978788,11.094429039271608,10.590650938797344,10.698199272155762,22908369,0.0,0.0
2003-06-16 00:00:00+05:30,10.8340481015978,10.8340481015978,10.392535099965732,10.437819480895996,17562705,0.0,0.0
2003-06-17 00:00:00+05:30,10.55668709477234,10.981218298023443,10.358572237257057,10.720839500427246,42421710,0.0,0.0
2003-06-18 00:00:00+05:30,10.805745255645563,10.811405108805706,10.11517324056338,10.200079917907715,21657596,0.0,0.0
2003-06-19 00:00:00+05:30,10.279327500750007,10.698198890471472,10.256685864007927,10.55102825164795,38713139,0.0,0.0
2003-06-20 00:00:00+05:30,10.635935325415968,10.822729409720052,10.584992190601394,10.658576965332031,23857411,0.0,0.0
2003-06-23 00:00:00+05:30,10.754801148113186,10.981217476919062,10.61329038761312,10.681215286254883,29669761,0.0,0.0
2003-06-24 00:00:00+05:30,10.6302738170994,10.794426235956678,10.56800876201779,10.669896125793457,14983841,0.0,0.0
2003-06-25 00:00:00+05:30,10.77744429729774,11.247259910658574,10.698198571066415,11.105749130249023,51034509,0.0,0.0
2003-06-26 00:00:00+05:30,11.184994924500629,11.45669455894605,10.890653653851423,10.97555923461914,35890616,0.0,0.0
2003-06-27 00:00:00+05:30,11.060463943988783,11.247257964203873,10.811404880371077,10.89065170288086,20697677,0.0,0.0
2003-06-30 00:00:00+05:30,11.003859316136,11.07744628936694,10.754801349779383,10.822726249694824,15002316,0.0,0.0
2003-07-01 00:00:00+05:30,10.981217635544612,11.088767058270154,10.783103899974078,10.992538452148438,20506345,0.0,0.0
2003-07-02 00:00:00+05:30,11.122726576355443,11.264237315722351,10.952914355110728,11.04348087310791,16513618,0.0,0.0
2003-07-03 00:00:00+05:30,11.117067464174708,11.977451662419368,10.992537383644487,11.864243507385254,64703326,0.0,0.0
2003-07-04 00:00:00+05:30,12.000095727874553,12.311418772372534,11.79066004357707,11.926509857177734,37555549,0.0,0.0
2003-07-07 00:00:00+05:30,12.037752786562324,12.207546161414363,11.94992949815651,12.026042938232422,18343579,0.680858,0.0
2003-07-08 00:00:00+05:30,12.213399181838932,12.260239718195924,11.733294304445012,11.80355453491211,24009638,0.0,0.0
2003-07-09 00:00:00+05:30,11.967494647591062,12.24267667927982,11.768427210163642,11.920655250549316,20311533,0.0,0.0
2003-07-10 00:00:00+05:30,11.838685609071508,12.178271217641042,11.663036732364128,11.821120262145996,13990349,0.0,0.0
2003-07-11 00:00:00+05:30,11.944075933771481,12.529569593199955,11.944075933771481,12.242677688598633,30943105,0.0,0.0
2003-07-14 00:00:00+05:30,12.394901486898354,12.939411057698285,12.394901486898354,12.75790786743164,34991998,0.0,0.0
2003-07-15 00:00:00+05:30,12.880863732390042,13.115060691166306,12.22510995154276,12.54713249206543,31992383,0.0,0.0
2003-07-16 00:00:00+05:30,12.675940377986255,13.232159857916315,12.558841902675768,13.132625579833984,48134452,0.0,0.0
2003-07-17 00:00:00+05:30,13.267289800306475,13.466357214333009,12.424178456390957,12.576406478881836,42891445,0.0,0.0
2003-07-18 00:00:00+05:30,12.406611576409874,12.693503388159806,12.06117053248003,12.453452110290527,22669497,0.0,0.0
2003-07-21 00:00:00+05:30,12.681795343029233,12.681795343029233,12.178270726625293,12.266095161437988,17906872,0.0,0.0
2003-07-22 00:00:00+05:30,12.008479130204115,12.353920274262856,11.76842778275402,11.832831382751465,20654486,0.0,0.0
2003-07-23 00:00:00+05:30,12.236821115844524,12.236821115844524,11.72158660297407,12.020188331604004,20597893,0.0,0.0
2003-07-24 00:00:00+05:30,12.178271037142165,12.283660820859343,12.072882401561902,12.172416687011719,16543737,0.0,0.0
2003-07-25 00:00:00+05:30,12.06702832067848,13.021382708599273,12.06702832067848,12.93355941772461,45810482,0.0,0.0
2003-07-28 00:00:00+05:30,13.050660763134609,13.109210019255569,12.675944375823278,12.752058982849121,18913437,0.0,0.0
2003-07-29 00:00:00+05:30,12.880863006398005,12.880863006398005,12.137285981987596,12.48272705078125,23883797,0.0,0.0
2003-07-30 00:00:00+05:30,12.29536930415587,13.079930207839476,12.178269685041945,12.863297462463379,74458159,0.0,0.0
2003-07-31 00:00:00+05:30,13.115060044151315,13.343402641761614,12.54713187306846,12.664230346679688,42277939,0.0,0.0
2003-08-01 00:00:00+05:30,12.746201257000658,13.103353379166455,12.576407869836277,12.915994644165039,34658828,0.0,0.0
2003-08-04 00:00:00+05:30,12.76376374064906,12.880862206162428,12.605680238137644,12.740344047546387,20002399,0.0,0.0
2003-08-05 00:00:00+05:30,12.740345310490662,12.939412721596847,11.944073369792232,12.037752151489258,29251231,0.0,0.0
2003-08-06 00:00:00+05:30,11.124382908079136,12.41246973680812,11.124382908079136,11.944074630737305,31329373,0.0,0.0
2003-08-07 00:00:00+05:30,12.072882401561902,12.2368202791312,11.926508722520856,12.172416687011719,26637092,0.0,0.0
2003-08-08 00:00:00+05:30,12.29537013304838,12.705214809098043,12.207545699826449,12.611536026000977,40408961,0.0,0.0
2003-08-11 00:00:00+05:30,12.529565498547097,12.740343881866867,12.365627648960281,12.552985191345215,22564089,0.0,0.0
2003-08-12 00:00:00+05:30,12.675942632646919,12.734491880716275,12.254386898410525,12.32464599609375,17868189,0.0,0.0
2003-08-13 00:00:00+05:30,12.412468443756179,12.915993044218046,12.22510973196351,12.822314262390137,37899967,0.0,0.0
2003-08-14 00:00:00+05:30,12.980398760503562,13.577602187867948,12.980398760503562,13.208740234375,59735572,0.0,0.0
2003-08-15 00:00:00+05:30,13.208740234375002,13.208740234375002,13.208740234375002,13.208740234375,0,0.0,0.0
2003-08-18 00:00:00+05:30,13.290713210842018,13.372682168939821,12.59397534480492,12.816462516784668,24008456,0.0,0.0
2003-08-19 00:00:00+05:30,13.009672407303265,13.407808395996994,12.722780551068865,12.804749488830566,37615036,0.0,0.0
2003-08-20 00:00:00+05:30,12.915993389567417,13.173610046482356,12.6583755845156,13.115060806274414,24158083,0.0,0.0
2003-08-21 00:00:00+05:30,13.372678694536802,13.688844593627,13.232160517163381,13.366823196411133,47778267,0.0,0.0
2003-08-22 00:00:00+05:30,13.530764556702811,13.92890060954181,13.442940106597083,13.776671409606934,47839630,0.0,0.0
2003-08-25 00:00:00+05:30,14.637343867951286,14.684183258107593,12.681794736378087,13.202884674072266,71785320,0.0,0.0
2003-08-26 00:00:00+05:30,13.560039260964645,14.098694689539219,13.2907126948145,14.016724586486816,36804075,0.0,0.0
2003-08-27 00:00:00+05:30,14.23921118650575,15.39848856295835,14.174806441316216,15.12916088104248,69777387,0.0,0.0
2003-08-28 00:00:00+05:30,15.486310100585866,15.562424680786517,14.695893699314924,14.889106750488281,39276854,0.0,0.0
2003-08-29 00:00:00+05:30,14.988643946327635,14.988643946327635,14.344601032976266,14.572943687438965,34137409,0.0,0.0
2003-09-01 00:00:00+05:30,14.643198068675401,14.976929268045163,14.461694873829083,14.613924026489258,26766994,0.0,0.0
2003-09-02 00:00:00+05:30,14.754445763649278,15.363359077590179,14.567088174171156,15.135016441345215,54999703,0.0,0.0
2003-09-03 00:00:00+05:30,15.187712549167326,15.369215802523534,14.420715633842866,14.572943687438965,34336606,0.0,0.0
2003-09-04 00:00:00+05:30,14.60221379094679,14.736876448061404,13.817651799955259,14.02842903137207,30473113,0.0,0.0
2003-09-05 00:00:00+05:30,14.110401730644057,14.420713286532614,13.993302098801445,14.163095474243164,17055383,0.0,0.0
2003-09-08 00:00:00+05:30,14.332891714560507,14.619783631052226,14.186518006602574,14.373875617980957,19687226,0.0,0.0
2003-09-09 00:00:00+05:30,14.455840286394032,14.602213939322496,13.964025593287355,14.11039924621582,18246689,0.0,0.0
2003-09-10 00:00:00+05:30,14.14552841672868,14.666618328399005,14.051849641094494,14.561229705810547,23624676,0.0,0.0
2003-09-11 00:00:00+05:30,14.613924318378583,15.082319335942877,14.520244396356324,14.795426368713379,33723347,0.0,0.0
2003-09-12 00:00:00+05:30,14.89496477794593,14.98864357785597,14.23335653137565,14.309471130371094,23075843,0.0,0.0
2003-09-15 00:00:00+05:30,14.286046923789753,14.385581191364134,13.355111273009264,13.472210884094238,16651354,0.0,0.0
2003-09-16 00:00:00+05:30,13.466355027548277,14.110398852851782,12.775472966451984,14.057703971862793,25256622,0.0,0.0
2003-09-17 00:00:00+05:30,14.286048047891065,14.42656621448569,13.653714001941644,13.759103775024414,21122273,0.0,0.0
2003-09-18 00:00:00+05:30,13.85278283924959,13.85278283924959,12.880863203929128,12.986251831054688,19222405,0.0,0.0
2003-09-19 00:00:00+05:30,13.056510489728762,13.22044949693326,12.324643325257018,12.722779273986816,32089216,0.0,0.0
2003-09-22 00:00:00+05:30,12.92770410739574,13.027237248377473,12.517858250228507,12.582262992858887,17788078,0.0,0.0
2003-09-23 00:00:00+05:30,12.593971604351596,12.992106425436354,12.359773502635482,12.886717796325684,23721612,0.0,0.0
2003-09-24 00:00:00+05:30,13.091641810708149,13.29071038620393,12.705215656521695,13.249725341796875,21379975,0.0,0.0
2003-09-25 00:00:00+05:30,13.208738525914326,13.401951577094996,12.29536930415587,12.863297462463379,33948313,0.0,0.0
2003-09-26 00:00:00+05:30,12.763764914474907,13.630294787101414,12.763764914474907,13.524906158447266,26517111,0.0,0.0
2003-09-29 00:00:00+05:30,13.618588534054775,14.016724606638437,13.618588534054775,13.876206398010254,21315697,0.0,0.0
2003-09-30 00:00:00+05:30,14.040140877254087,14.391437461119516,13.89962270296266,14.315322875976562,42475820,0.0,0.0
2003-10-01 00:00:00+05:30,14.39143745395407,14.631489908984168,14.069416063961453,14.245063781738281,30370204,0.0,0.0
2003-10-02 00:00:00+05:30,14.245063781738283,14.245063781738283,14.245063781738283,14.245063781738281,0,0.0,0.0
2003-10-03 00:00:00+05:30,14.520248163884675,14.520248163884675,14.274341318630452,14.409005165100098,17629862,0.0,0.0
2003-10-06 00:00:00+05:30,14.520247834099832,14.90081966531718,14.461698586559553,14.64320182800293,27715537,0.0,0.0
2003-10-07 00:00:00+05:30,14.783717793832658,15.123304526519291,14.467551904769065,14.807137489318848,35442687,0.0,0.0
2003-10-08 00:00:00+05:30,14.883252704138535,15.913721645453032,14.883252704138535,15.720508575439453,69413584,0.0,0.0
2003-10-09 00:00:00+05:30,15.937140863400169,16.253307904499458,15.8083325366377,16.130353927612305,32154085,0.0,0.0
2003-10-10 00:00:00+05:30,16.15962642944978,16.229885505070662,15.644390911956629,15.820039749145508,18681962,0.0,0.0
2003-10-13 00:00:00+05:30,15.937142183679276,16.393827437261663,15.515586476669615,16.32356834411621,27865148,0.0,0.0
2003-10-14 00:00:00+05:30,16.510925212329617,16.93248090112205,15.866882404857881,16.18890380859375,41615643,0.0,0.0
2003-10-15 00:00:00+05:30,16.24159641770175,16.739266624906673,15.98397864203569,16.604602813720703,32253514,0.0,0.0
2003-10-16 00:00:00+05:30,16.768545427775436,18.73580482536583,16.768545427775436,18.60114097595215,70442577,0.0,0.0
2003-10-17 00:00:00+05:30,18.525023532573144,18.99927293065363,17.857559928430653,18.062482833862305,51621521,0.0,0.0
2003-10-20 00:00:00+05:30,18.115182135514313,18.413783893752715,17.06129330687592,17.406734466552734,29996099,0.0,0.0
2003-10-21 00:00:00+05:30,17.37745634904847,17.822431736142622,15.755639476190982,16.124500274658203,61782161,0.0,0.0
2003-10-22 00:00:00+05:30,16.39382284479183,16.774393400120687,15.820039263370079,16.118640899658203,39173287,0.0,0.0
2003-10-23 00:00:00+05:30,16.311857854800273,16.791962787247275,16.04838569178116,16.229888916015625,34884324,0.0,0.0
2003-10-24 00:00:00+05:30,16.26502235595205,16.973470075866185,15.831756713348595,16.844661712646484,42995840,0.0,0.0
2003-10-27 00:00:00+05:30,17.154966677235116,17.236935603794972,16.405534195271535,16.528488159179688,22182623,0.0,0.0
2003-10-28 00:00:00+05:30,16.569476382226814,16.832948556607835,16.171340371395345,16.434812545776367,30559244,0.0,0.0
2003-10-29 00:00:00+05:30,16.663153133234495,16.920769777553403,15.837606016325028,16.112789154052734,43203360,0.0,0.0
2003-10-30 00:00:00+05:30,16.206468999567402,16.35284267662459,15.591700244809365,15.720508575439453,39469090,0.0,0.0
2003-10-31 00:00:00+05:30,15.80833339380796,16.235744587082284,15.59170062207442,15.73807430267334,35806989,0.0,0.0
2003-11-03 00:00:00+05:30,15.890302381339568,16.071805608052635,14.988641746121562,15.164289474487305,40608189,0.0,0.0
2003-11-04 00:00:00+05:30,15.416056525343548,15.837611171444456,15.269682810267689,15.656107902526855,33424489,0.0,0.0
2003-11-05 00:00:00+05:30,15.720508383806957,16.10108016914386,15.533150814265257,15.75563907623291,33381571,0.0,0.0
2003-11-06 00:00:00+05:30,15.831755227634643,15.913724178354892,15.375069925484745,15.492168426513672,21537764,0.0,0.0
2003-11-07 00:00:00+05:30,15.620975745707813,15.761493927331706,15.386777628197738,15.521441459655762,18985913,0.0,0.0
2003-11-10 00:00:00+05:30,15.562426100403764,15.59755564490012,15.170144464655769,15.22283935546875,6531541,0.0,0.0
2003-11-11 00:00:00+05:30,15.293097255028286,15.492164658358348,15.216982673804274,15.392631530761719,10858508,0.0,0.0
2003-11-12 00:00:00+05:30,15.550717923852256,15.890303557153906,15.486313177950676,15.673670768737793,17904415,0.0,0.0
2003-11-13 00:00:00+05:30,15.796623465699803,16.013256236341913,15.22283974285429,15.3809232711792,16535285,0.0,0.0
2003-11-14 00:00:00+05:30,15.439471286389294,15.503874873751052,14.649053707586008,14.731023788452148,19012110,0.0,0.0
2003-11-17 00:00:00+05:30,15.047190484850072,15.328227988957822,14.877398260519456,15.22283935546875,10599295,0.0,0.0
2003-11-18 00:00:00+05:30,15.351645876067824,15.433614803565796,14.707603154732716,14.801281929016113,14571243,0.0,0.0
2003-11-19 00:00:00+05:30,14.80713652947748,14.924236147454556,14.637343174140659,14.77200698852539,11676187,0.0,0.0
2003-11-20 00:00:00+05:30,14.789573667532663,14.871542603816927,13.817653983888341,13.934752464294434,15992534,0.0,0.0
2003-11-21 00:00:00+05:30,13.829363281065342,13.905477864365878,13.202884713641888,13.519050598144531,19898169,0.0,0.0
2003-11-24 00:00:00+05:30,13.671278676422085,13.987445683892595,13.466355786118864,13.870346069335938,13212863,0.0,0.0
2003-11-25 00:00:00+05:30,14.07526680032637,14.07526680032637,13.882053786306308,13.969878196716309,7986554,0.0,0.0
2003-11-26 00:00:00+05:30,13.969878196716309,13.969878196716309,13.969878196716309,13.969878196716309,0,0.0,0.0
2003-11-27 00:00:00+05:30,14.086979553598201,14.46169463548008,14.005009481299831,14.11039924621582,18699702,0.0,0.0
2003-11-28 00:00:00+05:30,14.174804155089385,14.54952042022059,14.110400568424385,14.473405838012695,15402828,0.0,0.0
2003-12-01 00:00:00+05:30,14.637344079544373,14.637344079544373,14.373871932038048,14.4207124710083,9585127,0.0,0.0
2003-12-02 00:00:00+05:30,14.520245222708255,14.625633849327151,14.22749903765576,14.438276290893555,14225663,0.0,0.0
2003-12-03 00:00:00+05:30,14.543663908286474,14.74858679767145,14.449985135570312,14.502678871154785,10001467,0.0,0.0
2003-12-04 00:00:00+05:30,14.567089569188125,14.596363621279007,14.227502757601501,14.256776809692383,8929437,0.0,0.0
2003-12-05 00:00:00+05:30,14.286049776032709,14.54952194433749,14.063561503873995,14.139676094055176,10901663,0.0,0.0
2003-12-08 00:00:00+05:30,14.168949255184296,14.368017817624187,14.063560624082696,14.215789794921875,7449534,0.0,0.0
2003-12-09 00:00:00+05:30,14.344600618922065,14.432425067530252,14.157241871767072,14.30361557006836,8496555,0.0,0.0
2003-12-10 00:00:00+05:30,14.344598947856108,14.344598947856108,13.77081521956925,13.923043251037598,13099904,0.0,0.0
2003-12-11 00:00:00+05:30,14.028428422039344,14.274336329481173,13.642002366423124,13.905475616455078,16714496,0.0,0.0
2003-12-12 00:00:00+05:30,14.104547181766549,14.344599663589605,14.051852286483637,14.198225975036621,13598103,0.0,0.0
2003-12-15 00:00:00+05:30,14.44998580102159,14.567085420446208,13.911331684960794,14.32117748260498,12668482,0.0,0.0
2003-12-16 00:00:00+05:30,14.332887486891426,14.344597334148606,13.870346798027644,14.07526969909668,10140386,0.0,0.0
2003-12-17 00:00:00+05:30,14.268484358053469,14.286049704983666,13.882058206958423,13.923043251037598,8504831,0.0,0.0
2003-12-18 00:00:00+05:30,14.02257798830263,15.22284037607458,13.882058652759277,14.684185028076172,21323099,0.0,0.0
2003-12-19 00:00:00+05:30,15.15258058667533,15.181855783994271,14.649055918630742,14.812994956970215,20474700,0.0,0.0
2003-12-22 00:00:00+05:30,14.871543388691435,15.457036969759333,14.824703994056959,15.386777877807617,23655366,0.0,0.0
2003-12-23 00:00:00+05:30,15.574136734008789,15.738074616592888,15.234549971947633,15.574136734008789,28215550,0.0,0.0
2003-12-24 00:00:00+05:30,15.63268280029297,15.849315548225366,15.486310283912726,15.632682800292969,21455911,0.0,0.0
2003-12-25 00:00:00+05:30,15.63268280029297,15.63268280029297,15.63268280029297,15.632682800292969,0,0.0,0.0
2003-12-26 00:00:00+05:30,15.76149407151395,16.095225329992047,15.69123498005929,15.989836692810059,18059814,0.0,0.0
2003-12-29 00:00:00+05:30,16.17719712564361,16.335280683390188,16.106938021786718,16.270875930786133,11843549,0.0,0.0
2003-12-30 00:00:00+05:30,16.40553945617853,16.452378857804558,15.5741389291794,15.831755638122559,13140803,0.0,0.0
2003-12-31 00:00:00+05:30,15.691235916616034,16.042532542993968,15.691235916616034,15.954708099365234,11017860,0.0,0.0
2004-01-01 00:00:00+05:30,15.989835981876713,16.73341305558331,15.989835981876713,16.674863815307617,24744760,0.0,0.0
2004-01-02 00:00:00+05:30,16.62802562797966,16.955901397281917,16.458232244808222,16.54020118713379,15231056,0.0,0.0
2004-01-05 00:00:00+05:30,16.62802575326597,17.143260257045732,16.51092611521018,16.832948684692383,27274975,0.0,0.0
2004-01-06 00:00:00+05:30,16.51092592802929,16.862222541940138,16.2767289508467,16.464086532592773,25601164,0.0,0.0
2004-01-07 00:00:00+05:30,16.510925277562993,16.686574151667013,16.01325614658774,16.229888916015625,18087224,0.0,0.0
2004-01-08 00:00:00+05:30,16.346985808073764,17.41258420477677,16.346985808073764,17.16082191467285,37292666,0.0,0.0
2004-01-09 00:00:00+05:30,17.447715885134865,18.080050010817523,17.277922505021447,17.529685974121094,33010679,0.0,0.0
2004-01-12 00:00:00+05:30,17.564815654953936,18.378651867549447,17.389167923215066,18.03321075439453,40617365,0.0,0.0
2004-01-13 00:00:00+05:30,18.150309935723644,18.78264294228126,18.150309935723644,18.55430030822754,29801565,0.0,0.0
2004-01-14 00:00:00+05:30,18.618703433356767,19.32129547417358,18.618703433356767,19.210052490234375,32227441,0.0,0.0
2004-01-15 00:00:00+05:30,19.52036314452667,19.63746162125682,18.396215471643536,18.6772518157959,27967995,0.0,0.0
2004-01-16 00:00:00+05:30,18.688959305868938,18.688959305868938,16.99688251209369,17.845848083496094,23878040,0.0,0.0
2004-01-19 00:00:00+05:30,18.033212121638375,18.81777319769286,17.342328694810124,18.548446655273438,17339152,0.0,0.0
2004-01-20 00:00:00+05:30,18.847045390915696,18.946578523175837,17.272066842884616,17.54724884033203,19410447,0.0,0.0
2004-01-21 00:00:00+05:30,17.213517779207688,17.476989931535517,14.988640933221793,15.246258735656738,22182294,0.0,0.0
2004-01-22 00:00:00+05:30,15.363352563561172,16.10107505561251,14.941797017837052,15.140864372253418,28723757,0.0,0.0
2004-01-23 00:00:00+05:30,15.222839311108364,17.658493463109274,15.222839311108364,17.277921676635742,28477225,0.0,0.0
2004-01-26 00:00:00+05:30,17.277921676635742,17.277921676635742,17.277921676635742,17.277921676635742,0,0.0,0.0
2004-01-27 00:00:00+05:30,16.9793196752154,18.501604497938906,16.967609827290968,18.15616226196289,19228667,0.0,0.0
2004-01-28 00:00:00+05:30,19.007143742497824,19.007143742497824,16.92433244319994,17.23377799987793,34815682,0.486327,0.0
2004-01-29 00:00:00+05:30,17.24567572244006,17.721746865351225,16.91837703049224,17.209970474243164,26742365,0.0,0.0
2004-01-30 00:00:00+05:30,17.257578365100237,17.471811032322975,16.144762988268273,16.25187873840332,23528980,0.0,0.0
2004-02-02 00:00:00+05:30,16.25187873840332,16.25187873840332,16.25187873840332,16.25187873840332,0,0.0,0.0
2004-02-03 00:00:00+05:30,16.26378201904449,16.26378201904449,14.109559228825889,14.413054466247559,24068724,0.0,0.0
2004-02-04 00:00:00+05:30,14.520170281888921,15.28783492176745,14.520170281888921,15.091455459594727,25515167,0.0,0.0
2004-02-05 00:00:00+05:30,15.115264814632203,15.98409525141501,14.829622698617987,15.287840843200684,32651440,0.0,0.0
2004-02-06 00:00:00+05:30,15.48421560228101,15.805564050566899,15.246179412118526,15.686545372009277,15412832,0.0,0.0
2004-02-09 00:00:00+05:30,15.84126507252365,16.995736960613375,15.78175516566477,16.91837501525879,31143788,0.0,0.0
2004-02-10 00:00:00+05:30,17.01954446112042,17.073101756161538,16.01979506155546,16.37089729309082,24735363,0.0,0.0
2004-02-11 00:00:00+05:30,16.519666906511908,16.97788481589585,16.38279621269959,16.888622283935547,24018670,0.0,0.0
2004-02-12 00:00:00+05:30,17.13856126801911,17.43015473372083,16.55537433661567,16.858869552612305,32696795,0.0,0.0
2004-02-13 00:00:00+05:30,16.906479534806728,17.376600504778338,16.55537725572275,17.26948356628418,18485222,0.0,0.0
2004-02-16 00:00:00+05:30,17.41229953488881,17.483710023711502,16.87671970176614,17.007638931274414,21719391,0.0,0.0
2004-02-17 00:00:00+05:30,17.079053040313447,17.079053040313447,16.662490600263943,16.98383903503418,16512323,0.0,0.0
2004-02-18 00:00:00+05:30,16.912425038838542,17.096902732179704,16.733898803485424,16.870769500732422,13691363,0.0,0.0
2004-02-19 00:00:00+05:30,17.03144580645465,17.03144580645465,15.8591204649874,15.978137969970703,18314935,0.0,0.0
2004-02-20 00:00:00+05:30,15.978138889691687,15.978138889691687,15.234277690299466,15.47231388092041,21321064,0.0,0.0
2004-02-23 00:00:00+05:30,15.615134570004187,15.865072506604674,15.10930840481178,15.502068519592285,26119770,0.0,0.0
2004-02-24 00:00:00+05:30,15.436605338958195,15.591328071382415,15.025993260172848,15.317587852478027,22427001,0.0,0.0
2004-02-25 00:00:00+05:30,15.269985420555496,15.888877749426399,15.234280161214077,15.585382461547852,24192488,0.0,0.0
2004-02-26 00:00:00+05:30,15.549672881952965,15.871021293696652,14.906977225418215,15.073601722717285,16305507,0.0,0.0
2004-02-27 00:00:00+05:30,14.877221746941949,15.472311550381693,14.877221746941949,15.400899887084961,12860513,0.0,0.0
2004-03-01 00:00:00+05:30,15.264033778711138,16.162617809832092,15.264033778711138,16.06740379333496,10353714,0.0,0.0
2004-03-02 00:00:00+05:30,16.06740379333496,16.06740379333496,16.06740379333496,16.06740379333496,0,0.0,0.0
2004-03-03 00:00:00+05:30,16.186420686130557,16.341144623889935,15.841269889715882,15.995992660522461,15120405,0.0,0.0
2004-03-04 00:00:00+05:30,16.049548155933564,16.32924103754858,15.793659941797687,15.942432403564453,14219407,0.0,0.0
2004-03-05 00:00:00+05:30,15.954338963706274,16.251883976943017,15.84127288559497,16.126914978027344,10215124,0.0,0.0
2004-03-08 00:00:00+05:30,16.18046890916865,17.132611283750958,16.18046890916865,17.025495529174805,23906236,0.0,0.0
2004-03-09 00:00:00+05:30,17.108807813969232,17.108807813969232,16.364946655403294,16.680343627929688,21616682,0.0,0.0
2004-03-10 00:00:00+05:30,16.650591255741165,16.650591255741165,15.894828229194406,16.049551010131836,14311840,0.0,0.0
2004-03-11 00:00:00+05:30,15.900775876527305,16.507767480818984,15.7103478701316,16.31138801574707,22258873,0.0,0.0
2004-03-12 00:00:00+05:30,15.948381548314707,16.27568021654414,15.948381548314707,16.174514770507812,9075198,0.0,0.0
2004-03-15 00:00:00+05:30,16.198320751098954,16.591079679972864,15.472312812110056,15.609182357788086,11786663,0.0,0.0
2004-03-16 00:00:00+05:30,15.02599562796442,15.936482460393208,15.02599562796442,15.591330528259277,8472754,0.0,0.0
2004-03-17 00:00:00+05:30,15.502066920464062,16.06740061506432,15.502066920464062,15.990039825439453,8478681,0.0,0.0
2004-03-18 00:00:00+05:30,15.972181454441438,16.115002404769463,15.543717436505121,15.716293334960938,8184368,0.0,0.0
2004-03-19 00:00:00+05:30,15.876973360592999,16.067401364804752,15.656790397246825,15.942432403564453,5336482,0.0,0.0
2004-03-22 00:00:00+05:30,15.281882800439497,16.406601065214996,15.281882800439497,15.990039825439453,18234681,0.0,0.0
2004-03-23 00:00:00+05:30,15.746052211406484,16.091204120005933,15.388998553095075,15.75200366973877,10705021,0.0,0.0
2004-03-24 00:00:00+05:30,15.472313776554786,15.817465725498257,15.305689261110992,15.46041202545166,7680885,0.0,0.0
2004-03-25 00:00:00+05:30,15.293789164147414,15.978141729242088,14.520174032790282,15.817468643188477,11590278,0.0,0.0
2004-03-26 00:00:00+05:30,16.347093446131662,16.80531259197303,15.775808253729833,16.680343627929688,19781514,0.0,0.0
2004-03-29 00:00:00+05:30,16.78150611728244,17.13855976170086,16.60297987854951,16.971935272216797,14817379,0.0,0.0
2004-03-30 00:00:00+05:30,17.019544422047904,17.192120391462158,16.638687230956382,16.716049194335938,15606611,0.0,0.0
2004-03-31 00:00:00+05:30,16.781506019086255,17.471809805386098,16.638685028935626,17.23972511291504,21301812,0.0,0.0
2004-04-01 00:00:00+05:30,17.400401509635454,17.80506219982858,17.198070581062538,17.686044692993164,17542272,0.0,0.0
2004-04-02 00:00:00+05:30,17.840766044030453,18.73339844180947,17.644386589772335,18.519166946411133,39174351,0.0,0.0
2004-04-05 00:00:00+05:30,18.72149454176823,19.06069612095147,18.263276645763955,18.429901123046875,18434695,0.0,0.0
2004-04-06 00:00:00+05:30,18.53106685144968,18.715544537599307,17.644384833332765,17.971683502197266,26870592,0.0,0.0
2004-04-07 00:00:00+05:30,18.174016860289996,18.191868902075047,17.67414218601858,17.965734481811523,25087492,0.0,0.0
2004-04-08 00:00:00+05:30,18.06690388780564,18.667944153309232,17.811015619693627,18.334693908691406,29926460,0.0,0.0
2004-04-09 00:00:00+05:30,18.334693908691406,18.334693908691406,18.334693908691406,18.334693908691406,0,0.0,0.0
2004-04-12 00:00:00+05:30,18.495363023879456,18.608430227340932,17.9716848801534,18.126407623291016,10520387,0.0,0.0
2004-04-13 00:00:00+05:30,18.197819584611025,19.62603304547502,17.81696242832344,19.411800384521484,25507734,0.0,0.0
2004-04-14 00:00:00+05:30,19.411800384521484,19.411800384521484,19.411800384521484,19.411800384521484,0,0.0,0.0
2004-04-15 00:00:00+05:30,19.471311069981645,20.292533045638045,19.060700082153446,20.1140079498291,40480184,0.0,0.0
2004-04-16 00:00:00+05:30,20.221122775279674,20.929278709551003,19.94143221051584,20.77455711364746,37239605,0.0,0.0
2004-04-19 00:00:00+05:30,20.155663745573932,21.17326520642909,20.155663745573932,20.64363670349121,20604751,0.0,0.0
2004-04-20 00:00:00+05:30,20.352038568621293,20.697190435656754,19.768851736011364,20.072345733642578,16255741,0.0,0.0
2004-04-21 00:00:00+05:30,19.28683450828581,20.566275719075644,19.28683450828581,20.47106170654297,12527826,0.0,0.0
2004-04-22 00:00:00+05:30,20.590078308066985,21.101854769661475,20.411553209447025,20.935230255126953,26125625,0.0,0.0
2004-04-23 00:00:00+05:30,20.9114250144952,22.244423353852692,20.9114250144952,21.863567352294922,30137861,0.0,0.0
2004-04-27 00:00:00+05:30,21.089951966097527,21.476759417607653,19.780754821864896,20.14375877380371,19128060,0.0,0.0
2004-04-28 00:00:00+05:30,19.994990357538647,20.280634744007568,19.191621501228205,19.95333480834961,22859066,0.0,0.0
2004-04-29 00:00:00+05:30,19.994986328255948,20.709093649666585,19.596278293708412,19.715295791625977,26747295,0.0,0.0
2004-04-30 00:00:00+05:30,19.8045573752862,20.375843671610088,19.542718892510937,19.75695037841797,26053986,0.0,0.0
2004-05-03 00:00:00+05:30,20.804306157402916,20.804306157402916,18.227572260819983,18.935728073120117,22993990,0.0,0.0
2004-05-04 00:00:00+05:30,19.268981923563818,20.738852374132094,19.06070184785737,20.3282413482666,35994224,0.0,0.0
2004-05-05 00:00:00+05:30,20.25087611280553,20.518666072065624,19.81051019456401,20.19136619567871,20246515,0.0,0.0
2004-05-06 00:00:00+05:30,20.262779488700524,21.4708088950244,20.262779488700524,21.220870971679688,28748930,0.0,0.0
2004-05-07 00:00:00+05:30,21.36369692934563,21.81596587969387,20.685295837729157,21.417255401611328,30687275,0.0,0.0
2004-05-10 00:00:00+05:30,21.2744264720061,21.934975272438354,20.29252929110612,21.447002410888672,23452663,0.0,0.0
2004-05-11 00:00:00+05:30,20.471057197999887,20.86976753809775,18.590576196825236,19.149959564208984,23863471,0.0,0.0
2004-05-12 00:00:00+05:30,19.28087743689632,20.042592816301855,19.042842474850016,19.34038734436035,32050852,0.0,0.0
2004-05-13 00:00:00+05:30,18.804813281294265,20.036647505137644,17.275434096666828,18.792911529541016,27350001,0.0,0.0
2004-05-14 00:00:00+05:30,17.983587339967492,18.834564211266386,15.258079601479427,16.10905647277832,31288140,0.0,0.0
2004-05-17 00:00:00+05:30,15.847217799882559,15.948383256756046,11.306689160771159,14.859370231628418,16132219,0.0,0.0
2004-05-18 00:00:00+05:30,15.014093621850165,17.00764205188506,14.056000970590091,14.865321159362793,27056202,0.0,0.0
2004-05-19 00:00:00+05:30,15.162867777941635,17.352795916349663,15.162867777941635,16.793411254882812,39446246,0.0,0.0
2004-05-20 00:00:00+05:30,17.019542162619654,17.436104550673477,16.132860098703848,16.960033416748047,23957780,0.0,0.0
2004-05-21 00:00:00+05:30,16.781508599772337,16.781508599772337,15.871022897117335,16.40660285949707,11597295,0.0,0.0
2004-05-24 00:00:00+05:30,16.54346853416298,17.245672796517617,16.210218440579016,16.275678634643555,17820145,0.0,0.0
2004-05-25 00:00:00+05:30,16.19832048547332,16.573226199181185,15.72820077043681,16.341142654418945,19868745,0.0,0.0
2004-05-26 00:00:00+05:30,16.638691560588363,16.733905591399154,16.0674062087706,16.126914978027344,10162243,0.0,0.0
2004-05-27 00:00:00+05:30,16.281632221978782,16.281632221978782,15.710347065112396,15.871021270751953,8138437,0.0,0.0
2004-05-28 00:00:00+05:30,15.948383033857338,15.948383033857338,14.341643330912296,14.555874824523926,13697372,0.0,0.0
2004-05-31 00:00:00+05:30,14.47851453409065,14.47851453409065,12.782510930207899,13.086006164550781,26344372,0.0,0.0
2004-06-01 00:00:00+05:30,13.228828993199226,13.877476262978673,13.228828993199226,13.496620178222656,16187305,0.0,0.0
2004-06-02 00:00:00+05:30,13.371646021577332,15.448506306999695,13.371646021577332,15.037894248962402,41981513,0.0,0.0
2004-06-03 00:00:00+05:30,15.252129620618835,16.602981183956583,15.252129620618835,15.930530548095703,93406151,0.0,0.0
2004-06-04 00:00:00+05:30,14.311891661822076,16.257832260254816,14.311891661822076,16.049551010131836,39981112,0.0,0.0
2004-06-07 00:00:00+05:30,16.245925025938718,16.597027186145326,15.740100137003473,15.936479568481445,19016526,0.0,0.0
2004-06-08 00:00:00+05:30,16.710096710704278,16.710096710704278,15.805562541894162,15.972187042236328,15062050,0.0,0.0
2004-06-09 00:00:00+05:30,16.162615500015207,16.162615500015207,15.484214562471307,15.609182357788086,22936637,0.0,0.0
2004-06-10 00:00:00+05:30,16.001942040326444,16.001942040326444,15.079553493770792,15.17476749420166,21771455,0.0,0.0
2004-06-11 00:00:00+05:30,15.28188161681708,15.28188161681708,14.60943105997644,14.716547966003418,12750813,0.0,0.0
2004-06-14 00:00:00+05:30,14.984340302497385,14.984340302497385,14.097656958222224,14.419005393981934,16850079,0.0,0.0
2004-06-15 00:00:00+05:30,14.466612132738343,15.198571537646597,14.430906881300333,15.020045280456543,20334897,0.0,0.0
2004-06-16 00:00:00+05:30,15.45445952741283,15.45445952741283,14.79986209379693,15.168817520141602,23598269,0.0,0.0
2004-06-17 00:00:00+05:30,15.008144007986656,15.549674255520571,14.835568037063382,15.466361999511719,20563590,0.0,0.0
2004-06-18 00:00:00+05:30,15.567528463546042,15.591331966789248,15.085505772441929,15.252131462097168,23896952,0.0,0.0
2004-06-21 00:00:00+05:30,15.19262072703203,15.293785019175134,14.442808138535673,14.6808443069458,23603189,0.0,0.0
2004-06-22 00:00:00+05:30,13.53232252435404,14.948634285644621,13.53232252435404,14.335692405700684,32291138,0.0,0.0
2004-06-23 00:00:00+05:30,14.2999896761248,14.87722524060352,13.817968129130994,13.942935943603516,23106183,0.0,0.0
2004-06-24 00:00:00+05:30,13.925078205983384,14.305935319091459,13.841765967761848,14.204771041870117,20530562,0.0,0.0
2004-06-25 00:00:00+05:30,14.305935524674547,14.353542518628133,13.925078406093375,14.097654342651367,18132404,0.0,0.0
2004-06-28 00:00:00+05:30,14.06790548215325,14.73440479789555,13.82391896920925,14.651092529296875,23654944,0.0,0.0
2004-06-29 00:00:00+05:30,14.573728543435722,15.133113175063952,14.49041628632808,14.704648971557617,23832386,0.0,0.0
2004-06-30 00:00:00+05:30,14.502317761926427,14.805814157483894,14.288086247718153,14.365447044372559,25994479,0.0,0.0
2004-07-01 00:00:00+05:30,13.597781931180611,14.906977976807152,13.597781931180611,14.835567474365234,29260201,0.0,0.0
2004-07-02 00:00:00+05:30,14.92483139670804,15.079555333234687,14.579680603043283,14.88317584991455,30118897,0.0,0.0
2004-07-05 00:00:00+05:30,15.00814433701043,15.04384959036842,14.413054447138427,14.543974876403809,10499711,0.0,0.0
2004-07-06 00:00:00+05:30,14.424954408823556,14.787959523360996,14.401150909537751,14.728450775146484,9740912,0.0,0.0
2004-07-07 00:00:00+05:30,14.686794911857529,14.990290128667393,14.651089660877114,14.75820541381836,13076098,0.0,0.0
2004-07-08 00:00:00+05:30,14.740354833726009,14.877225570370866,13.829870187868364,13.978641510009766,18355633,0.0,0.0
2004-07-09 00:00:00+05:30,13.919129057401914,14.252379204584585,13.56802686975463,14.163115501403809,10257426,0.0,0.0
2004-07-12 00:00:00+05:30,14.442727712085524,15.01411491231198,14.199583537864816,14.916857719421387,12204741,0.486327,0.0
2004-07-13 00:00:00+05:30,14.95333672744786,15.068830298398307,14.728428759173491,14.831765174865723,4920774,0.0,0.0
2004-07-14 00:00:00+05:30,14.953332956404548,15.008040737267308,14.770975673519564,14.849996566772461,5243643,0.0,0.0
2004-07-15 00:00:00+05:30,14.467043379150768,15.123531877266341,14.467043379150768,14.856073379516602,7320767,0.0,0.0
2004-07-16 00:00:00+05:30,14.941172518119172,15.056664842548212,14.777050403621688,14.977643966674805,9898491,0.0,0.0
2004-07-19 00:00:00+05:30,15.074904425463346,15.67060726478768,15.026275816864548,15.42138385772705,15458963,0.0,0.0
2004-07-20 00:00:00+05:30,15.615898013681097,15.743547503235856,14.783131381850465,14.959410667419434,38136577,0.0,0.0
2004-07-21 00:00:00+05:30,15.141768504721348,15.287654322293957,14.831760546382325,15.038432121276855,15117377,0.0,0.0
2004-07-22 00:00:00+05:30,15.3180484027859,16.381800985982952,15.214712015254419,16.114343643188477,49565339,0.0,0.0
2004-07-23 00:00:00+05:30,16.387878382632785,16.4790576083415,15.81649111111284,16.096105575561523,16276525,0.0,0.0
2004-07-26 00:00:00+05:30,16.047476691514852,16.260227419773145,15.500403730849062,16.02924156188965,21938492,0.0,0.0
2004-07-27 00:00:00+05:30,16.047479802250948,16.156895369189336,15.397070340982028,15.439620971679688,12590073,0.0,0.0
2004-07-28 00:00:00+05:30,15.257265257704287,15.549036954390216,15.178243160521161,15.239028930664062,7827366,0.0,0.0
2004-07-29 00:00:00+05:30,15.074905035747461,15.591585811018502,15.074905035747461,15.457857131958008,8556072,0.0,0.0
2004-07-30 00:00:00+05:30,15.609819202036546,15.670606150457033,15.135690301913378,15.21471118927002,14935920,0.0,0.0
2004-08-02 00:00:00+05:30,15.403149193963273,15.439620651521597,15.23902703895354,15.36059856414795,5343432,0.0,0.0
2004-08-03 00:00:00+05:30,15.542956138526222,15.542956138526222,14.8317609695756,14.910781860351562,18532459,0.0,0.0
2004-08-04 00:00:00+05:30,14.922941162381411,15.068828197131646,14.831763106656508,14.97157096862793,6406219,0.0,0.0
2004-08-05 00:00:00+05:30,14.95333140224216,15.859040934428519,14.631166306632059,15.792177200317383,22152463,0.0,0.0
2004-08-06 00:00:00+05:30,15.925904891795065,16.0839478442559,15.439617692228934,15.62197494506836,16700786,0.0,0.0
2004-08-09 00:00:00+05:30,15.500409598530098,15.974539836188397,15.330209428291921,15.871203422546387,13906897,0.0,0.0
2004-08-10 00:00:00+05:30,15.986692541108644,16.16905100759687,15.767863811716143,16.071792602539062,14450502,0.0,0.0
2004-08-11 00:00:00+05:30,16.16904938381323,16.436506692877884,15.804333679457985,15.859040260314941,18773351,0.0,0.0
2004-08-12 00:00:00+05:30,15.91374831613847,16.229834232471763,15.682762454202603,16.096105575561523,13614573,0.0,0.0
2004-08-13 00:00:00+05:30,15.986695766437073,16.19944655893299,15.889438533752015,16.047481536865234,10997010,0.0,0.0
2004-08-16 00:00:00+05:30,16.16905378745192,16.16905378745192,15.749630196015426,15.986695289611816,4968119,0.0,0.0
2004-08-17 00:00:00+05:30,16.150817524078434,16.150817524078434,15.506487182241587,15.640215873718262,9483560,0.0,0.0
2004-08-18 00:00:00+05:30,15.67060884499629,15.852966145630514,15.451778892240577,15.512564659118652,7763700,0.0,0.0
2004-08-19 00:00:00+05:30,15.549033006451962,15.670605707864862,15.269418534789425,15.39706802368164,7017222,0.0,0.0
2004-08-20 00:00:00+05:30,15.433539367661524,15.44569771051203,15.184317179114057,15.257261276245117,8844731,0.0,0.0
2004-08-23 00:00:00+05:30,15.281577913908585,15.281577913908585,14.789211440981074,15.008041381835938,7203660,0.0,0.0
2004-08-24 00:00:00+05:30,15.123534112268128,15.123534112268128,14.831761270876092,14.868232727050781,4278573,0.0,0.0
2004-08-25 00:00:00+05:30,14.941174689355588,15.257261814765473,14.886466912574924,15.21471118927002,5808309,0.0,0.0
2004-08-26 00:00:00+05:30,15.305889496046888,15.591583130002139,15.305889496046888,15.336281776428223,7038355,0.0,0.0
2004-08-27 00:00:00+05:30,15.500406540394968,15.919828901729847,15.378835014210157,15.804336547851562,12849533,0.0,0.0
2004-08-30 00:00:00+05:30,15.919827611130366,16.15689385596395,15.871199004598699,16.071792602539062,6537077,0.0,0.0
2004-08-31 00:00:00+05:30,16.156897330153136,16.217683101388378,15.731394547516992,16.162975311279297,7110050,0.0,0.0
2004-09-01 00:00:00+05:30,16.29062063608965,16.934950789960595,16.11434136184322,16.813379287719727,17430233,0.0,0.0
2004-09-02 00:00:00+05:30,16.837695034841616,17.02005230387083,16.697887199255334,16.87416648864746,14008973,0.0,0.0
2004-09-03 00:00:00+05:30,16.971424288986366,17.275353081271003,16.837695620381126,17.19025421142578,14280513,0.0,0.0
2004-09-06 00:00:00+05:30,17.360453623661808,17.360453623661808,17.080837954224307,17.13554573059082,6087257,0.0,0.0
2004-09-07 00:00:00+05:30,17.05044583411245,17.196331649815587,16.95926660330077,17.1173095703125,5115381,0.0,0.0
2004-09-08 00:00:00+05:30,17.165939884807873,17.25711792637261,16.862009900940148,16.953187942504883,4410012,0.0,0.0
2004-09-09 00:00:00+05:30,17.06868088839373,17.06868088839373,16.442585810822287,16.582393646240234,5373525,0.0,0.0
2004-09-10 00:00:00+05:30,16.497295547713303,16.813382709869416,16.430430611874154,16.71612548828125,5990866,0.0,0.0
2004-09-13 00:00:00+05:30,16.594551663020752,16.746516657618756,16.296700845766026,16.618865966796875,6874330,0.0,0.0
2004-09-14 00:00:00+05:30,16.643179818228877,16.716123919569196,16.527687474428514,16.62494468688965,3488015,0.0,0.0
2004-09-15 00:00:00+05:30,16.71004637599044,16.9592686032031,16.552003390341667,16.612789154052734,3586210,0.0,0.0
2004-09-16 00:00:00+05:30,16.53376753119411,17.184177009224555,16.53376753119411,17.0869197845459,4384104,0.0,0.0
2004-09-17 00:00:00+05:30,17.202408634227194,17.597516597516833,17.141621693418674,17.500259399414062,8679122,0.0,0.0
2004-09-20 00:00:00+05:30,17.02005273424341,18.041255850618235,17.02005273424341,17.90144920349121,10951161,0.0,0.0
2004-09-21 00:00:00+05:30,17.937923777763192,18.387740878182473,17.87106002402101,18.272247314453125,9863329,0.0,0.0
2004-09-22 00:00:00+05:30,18.296554589931382,19.348149837757592,18.247925990632666,19.250892639160156,14904676,0.0,0.0
2004-09-23 00:00:00+05:30,19.062460568438926,19.135402287467343,18.478914896266662,18.691665649414062,15207487,0.0,0.0
2004-09-24 00:00:00+05:30,18.69166517158137,18.807158707079086,18.24792854487175,18.460678100585938,12834810,0.0,0.0
2004-09-27 00:00:00+05:30,18.448523488352556,18.478915773390796,18.083807723931837,18.38165855407715,6298658,0.0,0.0
2004-09-28 00:00:00+05:30,18.35734161270721,18.418127366047987,17.88929071598602,17.98046875,3948600,0.0,0.0
2004-09-29 00:00:00+05:30,17.88929354766897,18.168908057296523,17.62791297893832,17.85890007019043,5374769,0.0,0.0
2004-09-30 00:00:00+05:30,17.97439081325498,18.9652016407503,17.93184137899108,18.85578727722168,13406118,0.0,0.0
2004-10-01 00:00:00+05:30,18.843630414028855,19.025987689366648,18.491071823047974,18.867944717407227,3471915,0.0,0.0
2004-10-04 00:00:00+05:30,18.995595614449186,19.20834757268515,18.624801864597877,18.74029541015625,3545672,0.0,0.0
2004-10-05 00:00:00+05:30,18.88010181377621,19.876990633357472,18.582251002266634,19.66423988342285,9243161,0.0,0.0
2004-10-06 00:00:00+05:30,19.75541906880358,20.04719189977442,18.965201829253648,19.074617385864258,7941769,0.0,0.0
2004-10-07 00:00:00+05:30,19.086771008642426,19.39069974305113,18.84362682912121,19.141477584838867,9006437,0.0,0.0
2004-10-08 00:00:00+05:30,19.08677745157162,19.263055581035957,18.898340976632515,19.14756202697754,5689958,0.0,0.0
2004-10-11 00:00:00+05:30,19.03814357452972,19.652081481982684,18.977357820127605,19.0806941986084,5180630,0.0,0.0
2004-10-12 00:00:00+05:30,19.111089597322387,19.196189662059506,18.661272585437143,18.734216690063477,4724872,0.0,0.0
2004-10-14 00:00:00+05:30,18.618723312091152,18.94696761380295,18.509308942185395,18.715980529785156,4254222,0.0,0.0
2004-10-15 00:00:00+05:30,18.776763725267944,19.062458551199775,18.36342060654584,18.44852066040039,4270492,0.0,0.0
2004-10-18 00:00:00+05:30,19.086776904531327,19.086776904531327,18.424210270862712,18.53362464904785,2924213,0.0,0.0
2004-10-19 00:00:00+05:30,18.600486825026167,18.691666061813766,18.13243587297184,18.44244384765625,3414885,0.0,0.0
2004-10-20 00:00:00+05:30,18.58225368089129,18.667353754733387,18.28440282644663,18.339109420776367,1870329,0.0,0.0
2004-10-21 00:00:00+05:30,18.381655657204572,18.448520580942343,18.114197154247847,18.26008415222168,2193188,0.0,0.0
2004-10-22 00:00:00+05:30,18.26008415222168,18.26008415222168,18.26008415222168,18.26008415222168,0,0.0,0.0
2004-10-25 00:00:00+05:30,18.235775681182144,18.235775681182144,17.28143608197924,17.433401107788086,2453542,0.0,0.0
2004-10-26 00:00:00+05:30,17.500262732953544,18.174986461307753,17.366534060088917,17.907527923583984,6243880,0.0,0.0
2004-10-27 00:00:00+05:30,17.871057942802842,17.9865514930821,17.55497077066815,17.621835708618164,2659401,0.0,0.0
2004-10-28 00:00:00+05:30,17.627908727358573,18.515383036555264,17.627908727358573,18.07772445678711,12508070,0.0,0.0
2004-10-29 00:00:00+05:30,18.241848015117824,18.326948069467218,17.652224421991193,17.73732566833496,4515039,0.0,0.0
2004-11-01 00:00:00+05:30,17.713014567251815,18.108122629825647,17.652227611168527,18.059494018554688,3858074,0.0,0.0
2004-11-02 00:00:00+05:30,18.199303505577628,18.46676089157564,18.004787851038923,18.047338485717773,5796002,0.0,0.0
2004-11-03 00:00:00+05:30,17.640068262794287,18.649114205065786,17.640068262794287,18.551856994628906,5879275,0.0,0.0
2004-11-04 00:00:00+05:30,18.776763873749278,19.08677300323387,18.673427497254412,18.88010025024414,7823238,0.0,0.0
2004-11-05 00:00:00+05:30,18.661274499917035,19.171876132717436,18.661274499917035,18.97736167907715,4498790,0.0,0.0
2004-11-08 00:00:00+05:30,19.208347277710608,19.208347277710608,18.66127303578066,18.728137969970703,2795154,0.0,0.0
2004-11-09 00:00:00+05:30,18.722060089354265,18.83147446152443,18.156750711816592,18.223615646362305,4066267,0.0,0.0
2004-11-10 00:00:00+05:30,18.357348343582924,18.636962911473532,18.29656256795453,18.39381980895996,2209617,0.0,0.0
2004-11-11 00:00:00+05:30,18.478913371686698,18.630878353110653,18.04125474966323,18.095962524414062,3584833,0.0,0.0
2004-11-12 00:00:00+05:30,18.357343617459545,18.59440867737496,18.120278557544133,18.168907165527344,1225892,0.0,0.0
2004-11-15 00:00:00+05:30,18.168907165527344,18.168907165527344,18.168907165527344,18.168907165527344,0,0.0,0.0
2004-11-16 00:00:00+05:30,18.260086392297964,18.9530452477043,18.114199376427283,18.807159423828125,6252053,0.0,0.0
2004-11-17 00:00:00+05:30,18.946969675855495,19.560906525362665,18.843633274811953,19.469728469848633,8402045,0.0,0.0
2004-11-18 00:00:00+05:30,19.670316237497207,20.259939831954316,19.60345250492614,20.071504592895508,8571746,0.0,0.0
2004-11-19 00:00:00+05:30,20.24170823067496,20.290336841747386,19.512276680599413,19.57914161682129,8596282,0.0,0.0
2004-11-22 00:00:00+05:30,19.4514902723132,19.87699179709425,19.09285368153873,19.71286964416504,6495367,0.0,0.0
2004-11-23 00:00:00+05:30,19.725025910235043,20.22954830672399,19.725025910235043,20.07758331298828,4865965,0.0,0.0
2004-11-24 00:00:00+05:30,19.94993546846902,20.600343740697074,19.70679241193416,20.490930557250977,8175757,0.0,0.0
2004-11-25 00:00:00+05:30,19.937781351390758,21.244679651236478,19.937781351390758,21.0501651763916,12150683,0.0,0.0
2004-11-26 00:00:00+05:30,21.0501651763916,21.0501651763916,21.0501651763916,21.0501651763916,0,0.0,0.0
2004-11-29 00:00:00+05:30,21.262910046096476,21.566840037266694,20.910351447058147,21.068395614624023,6431942,0.0,0.0
2004-11-30 00:00:00+05:30,21.268990072761568,21.530368254558784,20.849567717047545,21.159574508666992,5643538,0.0,0.0
2004-12-01 00:00:00+05:30,21.408788981120008,24.302197370244713,20.940738184994125,23.31138801574707,28191117,0.0,0.0
2004-12-02 00:00:00+05:30,23.341786908764803,24.80064993155644,23.341786908764803,24.521034240722656,27864932,0.0,0.0
2004-12-03 00:00:00+05:30,24.897905509532556,24.922219812178856,23.88885837372781,24.132003784179688,23767302,0.0,0.0
2004-12-06 00:00:00+05:30,24.375154037139602,24.612220346215683,23.548465118088245,23.76121711730957,12414723,0.0,0.0
2004-12-07 00:00:00+05:30,24.004359982359677,24.004359982359677,22.685305705582913,22.837270736694336,20304927,0.0,0.0
2004-12-08 00:00:00+05:30,23.104719652738506,23.682186081975782,22.855497474730004,22.995304107666016,10200700,0.0,0.0
2004-12-09 00:00:00+05:30,23.098641592148386,23.682187220610604,22.630590685479802,23.487672805786133,11885794,0.0,0.0
2004-12-10 00:00:00+05:30,23.52414291832589,24.27788865500953,22.93452050610772,23.11079978942871,18158282,0.0,0.0
2004-12-13 00:00:00+05:30,23.11080051883419,23.505908529923786,22.934521229949603,23.171585083007812,6329054,0.0,0.0
2004-12-14 00:00:00+05:30,23.463358060866646,23.998272691532964,23.220212662938646,23.949644088745117,10069055,0.0,0.0
2004-12-15 00:00:00+05:30,24.071219150067144,24.156320409506296,23.52414609592876,23.64571762084961,6365799,0.0,0.0
2004-12-16 00:00:00+05:30,23.70650512719213,23.8888612268241,23.305317893619126,23.663955688476562,6966454,0.0,0.0
2004-12-17 00:00:00+05:30,23.767292767667385,23.86454760868042,23.074331463542315,23.238454818725586,7556853,0.0,0.0
2004-12-20 00:00:00+05:30,23.28099964321979,23.524142657522493,23.050012587637838,23.39041519165039,4246002,0.0,0.0
2004-12-21 00:00:00+05:30,23.201980496482467,24.119847279333904,23.201980496482467,23.998275756835938,5989478,0.0,0.0
2004-12-22 00:00:00+05:30,24.26573393612303,24.727708121402046,23.77944782950212,24.083377838134766,10272596,0.0,0.0
2004-12-23 00:00:00+05:30,23.408652469011198,25.402430137160938,23.408652469011198,25.189678192138672,16616064,0.0,0.0
2004-12-24 00:00:00+05:30,25.347725907496777,25.651655937810013,24.49672277621545,24.636531829833984,10724606,0.0,0.0
2004-12-27 00:00:00+05:30,24.314362158511514,25.031635275990244,24.11376856640428,24.685155868530273,4192068,0.0,0.0
2004-12-28 00:00:00+05:30,24.654768204878888,24.897911287769844,24.454174565496487,24.587902069091797,3884805,0.0,0.0
2004-12-29 00:00:00+05:30,24.56966291831705,25.092421653089986,24.527113481762584,24.65476417541504,5397804,0.0,0.0
2004-12-30 00:00:00+05:30,24.68516231878235,25.195762805937235,23.961809840654137,24.259660720825195,11543597,0.0,0.0
2004-12-31 00:00:00+05:30,24.75202239555827,25.95558408391288,24.314364900150675,25.846168518066406,17851703,0.0,0.0
2005-01-03 00:00:00+05:30,26.077151972777095,26.429710542447555,25.651650497380555,26.01028823852539,7692338,0.0,0.0
2005-01-04 00:00:00+05:30,26.13793656018081,27.91288536916535,26.0163650505228,27.499542236328125,23537148,0.0,0.0
2005-01-05 00:00:00+05:30,27.71837809292913,27.71837809292913,23.888863824412702,25.41459083557129,32880576,0.0,0.0
2005-01-06 00:00:00+05:30,25.530081201274896,26.210881713743174,23.706503632042544,24.69731330871582,19587689,0.0,0.0
2005-01-07 00:00:00+05:30,24.800655800056877,25.359887314053623,24.241424286060127,25.0377197265625,12558638,0.0,0.0
2005-01-10 00:00:00+05:30,25.408509070817846,26.22912106064507,24.484565453687367,24.7702579498291,13976520,0.0,0.0
2005-01-11 00:00:00+05:30,24.922227200866445,25.165370299414022,23.53022998169458,23.76121711730957,15173250,0.0,0.0
2005-01-12 00:00:00+05:30,23.463359076273317,23.706502100734877,22.06528310963605,22.478626251220703,16804271,0.0,0.0
2005-01-13 00:00:00+05:30,22.85550520916764,24.48456867425984,22.73393366460695,24.259660720825195,13155361,0.0,0.0
2005-01-14 00:00:00+05:30,23.098649310952972,24.855363570847082,23.098649310952972,23.420814514160156,14937344,0.0,0.0
2005-01-17 00:00:00+05:30,23.69434573351493,25.40850777490532,23.22021560428022,24.928300857543945,21519726,0.0,0.0
2005-01-18 00:00:00+05:30,25.05595100975627,26.289903723090436,24.934379490018102,26.0771541595459,34564154,0.0,0.0
2005-01-19 00:00:00+05:30,25.89479126404494,26.016362763013678,25.074181858014505,25.256540298461914,16079230,0.0,0.0
2005-01-20 00:00:00+05:30,24.922219073211064,25.347720548899215,24.618289107149696,24.87359046936035,11423904,0.0,0.0
2005-01-24 00:00:00+05:30,25.043793024009055,25.043793024009055,23.299237518831816,23.481595993041992,13976048,0.0,0.0
2005-01-25 00:00:00+05:30,23.706508432493624,25.007327536781354,22.977076780296564,24.879676818847656,15343624,0.0,0.0
2005-01-27 00:00:00+05:30,24.983007999160982,24.983007999160982,24.19278954800293,24.423776626586914,14046556,0.0,0.0
2005-01-28 00:00:00+05:30,24.55750939296143,25.524004873310684,24.55750939296143,25.26870346069336,15739793,0.0,0.0
2005-01-31 00:00:00+05:30,25.286935126929293,25.864401620470172,25.05595043670411,25.46929359436035,10039461,0.0,0.0
2005-02-01 00:00:00+05:30,25.226157886164824,25.651659511077725,24.928306987124756,25.15929412841797,15192635,0.0,0.0
2005-02-02 00:00:00+05:30,25.14105140136892,25.590867243586263,24.946536958029345,25.04987335205078,12019505,0.0,0.0
2005-02-03 00:00:00+05:30,25.10457614737716,25.748906304916435,25.07418267564674,25.4510555267334,7799468,0.0,0.0
2005-02-04 00:00:00+05:30,25.499689881630488,25.894797951311705,24.630451651533956,24.861438751220703,10259004,0.0,0.0
2005-02-07 00:00:00+05:30,24.922224341856115,25.76106912761004,24.472408469149965,24.636531829833984,5911069,0.0,0.0
2005-02-08 00:00:00+05:30,24.739861864779254,25.165363361931835,24.47240453010844,25.062026977539062,9167646,0.0,0.0
2005-02-09 00:00:00+05:30,25.16536264917985,25.870479804602812,25.16536264917985,25.69420051574707,7151596,0.0,0.0
2005-02-10 00:00:00+05:30,26.06499621510813,26.131862339980824,25.408507614470192,25.590866088867188,9902495,0.0,0.0
2005-02-11 00:00:00+05:30,25.707745255456334,26.298302226136315,25.609319093676337,25.806171417236328,6299624,0.486327,0.0
2005-02-14 00:00:00+05:30,25.83693537564906,26.083000829429366,25.473987021840895,25.8492374420166,11824961,0.0,0.0
2005-02-15 00:00:00+05:30,26.082995320041313,26.1445128768138,25.412466496961873,25.603166580200195,5979125,0.0,0.0
2005-02-16 00:00:00+05:30,25.83693555469626,25.843085381601178,24.692727567724166,24.914186477661133,8410964,0.0,0.0
2005-02-17 00:00:00+05:30,25.09873302552959,25.22176573488971,24.631208729961134,25.129491806030273,8494534,0.0,0.0
2005-02-18 00:00:00+05:30,25.34480214491423,25.461685045354688,24.914186392957117,25.067977905273438,4346562,0.0,0.0
2005-02-21 00:00:00+05:30,25.160249493398574,25.221764639084697,24.61890318309121,24.80345344543457,3116563,0.0,0.0
2005-02-22 00:00:00+05:30,24.852667837374934,25.898447082959265,24.60660241637187,25.818477630615234,10342626,0.0,0.0
2005-02-23 00:00:00+05:30,26.08299831191606,26.08299831191606,25.49243886720077,25.633928298950195,7897138,0.0,0.0
2005-02-24 00:00:00+05:30,25.775414244485425,25.898446954376112,25.049520049809068,25.270978927612305,8286146,0.0,0.0
2005-02-25 00:00:00+05:30,25.590865200495283,25.959965760509554,25.098734337333223,25.65853500366211,4933605,0.0,0.0
2005-02-28 00:00:00+05:30,25.590863330972986,27.116473720608447,25.283282770288142,26.88886260986328,14205656,0.0,0.0
2005-03-01 00:00:00+05:30,26.931926632070642,26.99344419905226,26.464402291053123,26.79043960571289,9451899,0.0,0.0
2005-03-02 00:00:00+05:30,26.61203903594982,27.62090966785988,26.61203903594982,27.473270416259766,8429830,0.0,0.0
2005-03-03 00:00:00+05:30,27.55939295961265,27.657821543034835,26.968835934935647,27.110322952270508,6709487,0.0,0.0
2005-03-04 00:00:00+05:30,27.19029498153714,27.48557349563869,26.765831514355487,27.134929656982422,5374738,0.0,0.0
2005-03-07 00:00:00+05:30,27.190297608000897,28.91276059859438,26.95653422210197,28.66669273376465,17343537,0.0,0.0
2005-03-08 00:00:00+05:30,28.42062111304126,29.343369977428694,28.051523014871727,28.629777908325195,12420598,0.0,0.0
2005-03-09 00:00:00+05:30,28.666690146337512,28.765118730971093,27.331784585550626,28.272985458374023,9692601,0.0,0.0
2005-03-10 00:00:00+05:30,28.27298439124162,29.011183065953386,27.87312747946018,28.765117645263672,9830054,0.0,0.0
2005-03-11 00:00:00+05:30,28.912752189927417,29.724770358628362,28.617471320536566,28.758960723876953,12434164,0.0,0.0
2005-03-14 00:00:00+05:30,29.15882488954032,29.15882488954032,28.0638324645953,28.199167251586914,7453142,0.0,0.0
2005-03-15 00:00:00+05:30,28.27298501050177,28.635933323450683,27.577849578667195,27.713184356689453,8597197,0.0,0.0
2005-03-16 00:00:00+05:30,27.68242912491664,28.18686447541922,26.981139012822535,27.177993774414062,12047712,0.0,0.0
2005-03-17 00:00:00+05:30,27.19029506069599,27.202599538474058,25.959965502381657,26.199878692626953,11138864,0.0,0.0
2005-03-18 00:00:00+05:30,26.083006924481776,26.421346399331814,25.246381773484003,26.113765716552734,8276965,0.0,0.0
2005-03-21 00:00:00+05:30,26.26755119203878,26.661255919075792,25.91075507684001,26.359825134277344,6744458,0.0,0.0
2005-03-22 00:00:00+05:30,26.206025498591828,26.390575738503735,24.772691655233807,25.043363571166992,6652267,0.0,0.0
2005-03-23 00:00:00+05:30,24.975699229798572,25.30173649858186,23.41318026992621,23.8684024810791,10777729,0.0,0.0
2005-03-24 00:00:00+05:30,23.745372857425405,24.508175721232597,23.425485372863452,23.923770904541016,10722704,0.0,0.0
2005-03-28 00:00:00+05:30,24.114469493105673,24.932640044987487,24.114469493105673,24.60045051574707,5816791,0.0,0.0
2005-03-29 00:00:00+05:30,24.606604885355107,24.723485368898487,23.517762272360734,23.843799591064453,6365069,0.0,0.0
2005-03-30 00:00:00+05:30,23.745372805619343,24.212897140481157,23.450091865695395,24.003740310668945,6644346,0.0,0.0
2005-03-31 00:00:00+05:30,24.11446473606172,25.08642658960627,24.11446473606172,24.606597900390625,10841462,0.0,0.0
2005-04-01 00:00:00+05:30,24.85266632239286,25.461680011732824,24.508172341345794,25.344797134399414,5327434,0.0,0.0
2005-04-04 00:00:00+05:30,25.572413136558037,26.046089737008632,25.22176926267624,25.33864974975586,5536080,0.0,0.0
2005-04-05 00:00:00+05:30,25.590867760175076,25.590867760175076,24.557390431520343,24.797306060791016,6057313,0.0,0.0
2005-04-06 00:00:00+05:30,24.975699567813212,25.080277970796445,24.606601450792276,24.81575584411621,4052887,0.0,0.0
2005-04-07 00:00:00+05:30,24.852668934091206,25.34479979781443,24.741938283432113,24.840364456176758,4019632,0.0,0.0
2005-04-08 00:00:00+05:30,25.00030643809206,25.08643053951875,24.237501240230138,24.452810287475586,4982625,0.0,0.0
2005-04-11 00:00:00+05:30,24.237506498101574,24.85267258066008,23.640797135122845,23.714616775512695,5334693,0.0,0.0
2005-04-12 00:00:00+05:30,23.745369889058946,23.899161372955575,23.185569273698018,23.560819625854492,6704172,0.0,0.0
2005-04-13 00:00:00+05:30,23.745373021159644,23.92377106950538,23.443939839353817,23.57927703857422,4457511,0.0,0.0
2005-04-15 00:00:00+05:30,23.36397019971502,23.48700291958131,22.90874792988833,23.25939178466797,5781861,0.0,0.0
2005-04-18 00:00:00+05:30,23.130208163303198,23.80688936802273,22.650379321754013,23.339365005493164,4239042,0.0,0.0
2005-04-19 00:00:00+05:30,23.499303318784705,23.92991901410086,22.392006505869624,22.644224166870117,4049987,0.0,0.0
2005-04-20 00:00:00+05:30,22.761102819912743,22.976409421217056,21.69071481303844,22.145936965942383,10852360,0.0,0.0
2005-04-21 00:00:00+05:30,22.268974227099935,22.63192254149595,21.77684337297925,22.45967674255371,6323117,0.0,0.0
2005-04-22 00:00:00+05:30,22.76110678773104,22.88413949744429,22.27512577488175,22.441219329833984,4234652,0.0,0.0
2005-04-25 00:00:00+05:30,22.631925193122985,22.908749434160132,22.484285919588903,22.69959259033203,3154582,0.0,0.0
2005-04-26 00:00:00+05:30,22.76110831029174,23.007173746178314,22.484284091758653,22.58271026611328,2324822,0.0,0.0
2005-04-27 00:00:00+05:30,22.521195908721246,22.736505005272527,22.26897819785113,22.410465240478516,2070364,0.0,0.0
2005-04-28 00:00:00+05:30,22.31818464642824,22.576554520298615,21.936782073724927,22.182849884033203,7130494,0.0,0.0
2005-04-29 00:00:00+05:30,22.232065525378196,22.26897413295988,21.20473814961951,21.500019073486328,5522920,0.0,0.0
2005-05-02 00:00:00+05:30,21.500018701951408,22.207458599016224,20.915611515770568,21.53077507019043,4082111,0.0,0.0
2005-05-03 00:00:00+05:30,21.161679101683273,22.145943302055585,21.161679101683273,21.321622848510742,6568445,0.0,0.0
2005-05-04 00:00:00+05:30,21.260104598039927,21.75223788875081,21.260104598039927,21.63535499572754,7052676,0.0,0.0
2005-05-05 00:00:00+05:30,22.072122647239375,23.837646369456543,21.899876842352317,23.363969802856445,16959732,0.0,0.0
2005-05-06 00:00:00+05:30,23.610036111588954,23.610036111588954,22.484284892818074,23.037933349609375,9025514,0.0,0.0
2005-05-09 00:00:00+05:30,22.26897488510528,24.11447046787405,22.26897488510528,23.96683120727539,17441090,0.0,0.0
2005-05-10 00:00:00+05:30,23.99144034648353,25.147950425612088,23.462398399110125,24.575847625732422,22706987,0.0,0.0
2005-05-11 00:00:00+05:30,24.268263974287642,24.483570643970847,23.78228289181481,24.145231246948242,6392267,0.0,0.0
2005-05-12 00:00:00+05:30,24.23750799180948,24.532786571566298,23.874562007352537,24.11447525024414,4024464,0.0,0.0
2005-05-13 00:00:00+05:30,24.11447095319614,24.206744889766696,23.653096445057745,24.040651321411133,2576792,0.0,0.0
2005-05-16 00:00:00+05:30,24.06525637778944,24.409747971492017,24.06525637778944,24.268260955810547,2514700,0.0,0.0
2005-05-17 00:00:00+05:30,24.188292417074262,24.53278405816378,23.782283205182978,23.899166107177734,2963009,0.0,0.0
2005-05-18 00:00:00+05:30,23.62233585858672,24.237501822474297,23.007172307341758,23.849946975708008,4311056,0.0,0.0
2005-05-19 00:00:00+05:30,23.683852543361418,24.29901848447828,23.683852543361418,23.91761589050293,1687582,0.0,0.0
2005-05-20 00:00:00+05:30,23.991440870210802,23.991440870210802,23.499307524915896,23.69001007080078,3059513,0.0,0.0
2005-05-23 00:00:00+05:30,22.91489826528384,24.05295384530146,22.91489826528384,23.745370864868164,1514165,0.0,0.0
2005-05-24 00:00:00+05:30,23.44393953116446,24.102168801008812,23.44393953116446,23.862253189086914,3330765,0.0,0.0
2005-05-25 00:00:00+05:30,23.868407565127796,24.372842965330495,23.65309847776942,24.06525993347168,4534651,0.0,0.0
2005-05-26 00:00:00+05:30,23.911468491102028,24.237505830335333,23.634644244106088,23.948379516601562,5146368,0.0,0.0
2005-05-27 00:00:00+05:30,23.948373376618594,24.840361047890127,23.92991666227933,24.13292121887207,6049643,0.0,0.0
2005-05-30 00:00:00+05:30,24.114466850121914,24.225197485280017,23.640790356936762,23.800731658935547,2354088,0.0,0.0
2005-05-31 00:00:00+05:30,23.431641282315425,24.69272987533497,23.431641282315425,24.55124282836914,6918014,0.0,0.0
2005-06-01 00:00:00+05:30,24.606600187163572,24.975698285230127,24.286712756196824,24.50202178955078,5067810,0.0,0.0
2005-06-02 00:00:00+05:30,24.60660457906536,24.82806347743231,24.29902156945651,24.422054290771484,3057040,0.0,0.0
2005-06-03 00:00:00+05:30,24.446662410895122,24.815760598632544,24.378995012970677,24.705032348632812,2931487,0.0,0.0
2005-06-06 00:00:00+05:30,24.8403644248439,24.96339714061952,24.434355256463004,24.545085906982422,4056696,0.0,0.0
2005-06-07 00:00:00+05:30,24.729630549717726,25.640074851559447,24.54508031180214,25.443220138549805,7651630,0.0,0.0
2005-06-08 00:00:00+05:30,25.689297873445792,25.867693530246274,25.09873833103889,25.23407554626465,5786302,0.0,0.0
2005-06-09 00:00:00+05:30,25.394015079872553,25.547806591244278,25.117190841932032,25.33864974975586,2819263,0.0,0.0
2005-06-10 00:00:00+05:30,25.45553289237223,25.566261141019233,24.7726994439177,24.914186477661133,2186618,0.0,0.0
2005-06-13 00:00:00+05:30,24.975705595671435,25.332501734558615,24.90188595445096,25.23407554626465,2963805,0.0,0.0
2005-06-14 00:00:00+05:30,25.234068426865182,25.824625390012525,25.111035726209487,25.7569580078125,4266446,0.0,0.0
2005-06-15 00:00:00+05:30,25.775415086920425,25.867689019193637,25.467832095819464,25.763113021850586,4659813,0.0,0.0
2005-06-16 00:00:00+05:30,25.46783313479822,26.070694663881785,25.25252647982957,25.720050811767578,4032175,0.0,0.0
2005-06-17 00:00:00+05:30,25.658531496405576,25.77541195726953,25.09873090659565,25.25867462158203,4569925,0.0,0.0
2005-06-20 00:00:00+05:30,25.283287121934798,25.590867735559048,24.85267136768929,25.461685180664062,2100436,0.0,0.0
2005-06-21 00:00:00+05:30,25.406319778846377,25.836935531887363,25.104888992981984,25.57856559753418,3893544,0.0,0.0
2005-06-22 00:00:00+05:30,25.713898266749876,26.3290642667295,25.221767396880384,26.003026962280273,6624051,0.0,0.0
2005-06-23 00:00:00+05:30,26.095297994007566,26.69816186149067,25.886143603903726,26.341365814208984,11999719,0.0,0.0
2005-06-24 00:00:00+05:30,26.35367164733971,27.061111604730797,26.162971532368438,26.753528594970703,10101528,0.0,0.0
2005-06-27 00:00:00+05:30,26.78429355140877,27.18415059119418,26.482862711407872,26.86426544189453,9269979,0.0,0.0
2005-06-28 00:00:00+05:30,26.82119507598491,26.944227782107095,25.77541345498253,25.9292049407959,3967851,0.0,0.0
2005-06-29 00:00:00+05:30,25.959968005032135,26.144518300995657,25.670839288444046,26.039939880371094,2247909,0.0,0.0
2005-06-30 00:00:00+05:30,25.22792264938399,26.489011169864742,25.22792264938399,26.021484375,2973120,0.0,0.0
2005-07-01 00:00:00+05:30,25.726205758425767,26.907322397113145,25.726205758425767,26.722774505615234,4563309,0.0,0.0
2005-07-04 00:00:00+05:30,26.82119816404871,27.19029632491145,26.71661974864356,26.882713317871094,2872900,0.0,0.0
2005-07-05 00:00:00+05:30,26.32906672463764,27.00574794020007,26.156820904103586,26.624347686767578,2626342,0.0,0.0
2005-07-06 00:00:00+05:30,26.095299477557635,27.005743949928043,26.095299477557635,26.895015716552734,2238692,0.0,0.0
2005-07-07 00:00:00+05:30,26.944231271744915,27.43636215997118,26.575130692932365,26.815046310424805,5505828,0.0,0.0
2005-07-08 00:00:00+05:30,26.8888595831918,28.162249764743343,26.88270734538355,27.805456161499023,7315293,0.0,0.0
2005-07-11 00:00:00+05:30,28.039231463298943,28.851247583700726,27.633219784133086,28.648242950439453,5618236,0.0,0.0
2005-07-12 00:00:00+05:30,28.555966405796095,29.343378318357303,28.051530988589505,29.21419334411621,5176199,0.0,0.0
2005-07-13 00:00:00+05:30,29.232644221346018,29.761686123354416,28.611328382552916,28.777421951293945,3477009,0.0,0.0
2005-07-14 00:00:00+05:30,28.998883442945488,29.52792539231012,28.297595670264492,29.423349380493164,4139243,0.0,0.0
2005-07-15 00:00:00+05:30,29.40488354574801,29.89701672958898,28.93735931310925,29.16497039794922,5952738,0.0,0.0
2005-07-18 00:00:00+05:30,29.281854414013875,29.404887121775975,28.91275629072758,29.374128341674805,1697776,0.0,0.0
2005-07-19 00:00:00+05:30,29.527917338025166,29.577130416977493,28.728203598728662,29.005027770996094,1672623,0.0,0.0
2005-07-20 00:00:00+05:30,29.269547446942383,29.515612821250905,28.346798674322184,28.968116760253906,2064324,0.0,0.0
2005-07-21 00:00:00+05:30,29.06039572615813,29.257248059838222,28.174557811955147,28.500595092773438,2022680,0.0,0.0
2005-07-22 00:00:00+05:30,28.426772511460957,29.835499893664686,28.426772511460957,29.675556182861328,4009135,0.0,0.0
2005-07-25 00:00:00+05:30,29.429491603642298,30.143083671362763,28.346801438467658,29.835500717163086,8262803,0.0,0.0
2005-07-26 00:00:00+05:30,29.39949500019332,30.14694043010309,29.169032801804853,29.7358455657959,7350742,0.583593,0.0
2005-07-27 00:00:00+05:30,29.766987435502184,30.234138657182964,29.399492828535895,29.823043823242188,4946081,0.0,0.0
2005-07-28 00:00:00+05:30,153.30747985839844,153.30747985839844,153.30747985839844,153.30747985839844,0,0.0,0.0
2005-07-29 00:00:00+05:30,29.39326221911811,32.015546551424485,28.913652415144515,31.08747100830078,12998568,0.0,0.0
2005-08-01 00:00:00+05:30,31.143534027795024,32.38304550024382,30.906842523290624,31.978179931640625,6568188,0.0,0.0
2005-08-02 00:00:00+05:30,31.629371534465296,32.233555204392204,31.081244254379378,31.305477142333984,4367921,0.0,0.0
2005-08-03 00:00:00+05:30,31.30548068647672,31.70411941972342,30.33380228580464,30.470834732055664,3884723,0.0,0.0
2005-08-04 00:00:00+05:30,30.582945460022888,30.832095547656625,29.58635488094181,29.829273223876953,5493094,0.0,0.0
2005-08-05 00:00:00+05:30,27.231907735771937,30.850785774182444,27.231907735771937,30.271516799926758,2729786,0.0,0.0
2005-08-08 00:00:00+05:30,30.333801063476493,30.62655140957764,28.901198288345334,29.50538444519043,4068540,0.0,0.0
2005-08-09 00:00:00+05:30,29.648643070207715,29.804360972032672,28.402902298471723,28.91365623474121,4054043,0.0,0.0
2005-08-10 00:00:00+05:30,29.088056186776697,29.897787226939037,29.044455961099352,29.74829864501953,2204949,0.0,0.0
2005-08-11 00:00:00+05:30,29.773221930919366,30.582953202858086,29.181494292631807,29.7171630859375,6413513,0.0,0.0
2005-08-12 00:00:00+05:30,29.773218350850385,29.960080330699437,29.524070672960843,29.785676956176758,3497489,0.0,0.0
2005-08-16 00:00:00+05:30,30.209221861107547,30.27150998933639,29.318517261760167,30.184307098388672,4890640,0.0,0.0
2005-08-17 00:00:00+05:30,30.146940180855438,30.146940180855438,29.7109305539182,29.773216247558594,1553994,0.0,0.0
2005-08-18 00:00:00+05:30,30.140709127952384,30.271512252722403,29.293604689309635,29.468008041381836,2042482,0.0,0.0
2005-08-19 00:00:00+05:30,30.14693865003733,30.14693865003733,28.733021474683635,28.901195526123047,2470429,0.0,0.0
2005-08-22 00:00:00+05:30,28.963481252522072,29.39949082108582,28.284553358414833,28.483871459960938,1385599,0.0,0.0
2005-08-23 00:00:00+05:30,29.27492139457373,29.27492139457373,27.412538329156636,27.61185646057129,2101680,0.0,0.0
2005-08-24 00:00:00+05:30,27.655455898744695,27.755114961596686,26.509374233083197,27.013898849487305,2670243,0.0,0.0
2005-08-25 00:00:00+05:30,27.25681960049618,27.574482252075107,26.783436609899134,27.16961669921875,6906818,0.0,0.0
2005-08-26 00:00:00+05:30,27.294199616265214,27.96690095622654,27.294199616265214,27.78626823425293,1859452,0.0,0.0
2005-08-29 00:00:00+05:30,27.742663867615835,27.780034801579674,26.90801539947907,27.05127716064453,1911777,0.0,0.0
2005-08-30 00:00:00+05:30,27.281727667884542,28.427809050187584,27.169610028464348,28.029172897338867,3135449,0.0,0.0
2005-08-31 00:00:00+05:30,28.216041729971813,28.216041729971813,27.730202536134847,27.960664749145508,1265844,0.0,0.0
2005-09-01 00:00:00+05:30,28.029182343955025,28.377989095255256,27.686602452494444,27.917064666748047,994283,0.0,0.0
2005-09-02 00:00:00+05:30,27.780033174974925,30.421005996903713,27.65545933094959,28.103927612304688,1077530,0.0,0.0
2005-09-05 00:00:00+05:30,28.15375108904999,29.000853046060413,28.035404130555424,28.71433448791504,1845567,0.0,0.0
2005-09-06 00:00:00+05:30,28.776622229103936,29.007084418103414,28.216038790225575,28.564847946166992,1246886,0.0,0.0
2005-09-08 00:00:00+05:30,28.58976325097303,28.838910907873778,28.421586750417337,28.776622772216797,1123589,0.0,0.0
2005-09-09 00:00:00+05:30,28.77662081985642,29.704698832425397,28.527473179859186,29.40572166442871,3197814,0.0,0.0
2005-09-12 00:00:00+05:30,29.661097376395766,29.960074531996888,29.65486807493825,29.835500717163086,1943536,0.0,0.0
2005-09-13 00:00:00+05:30,30.0099095058018,30.103339273172164,29.52407031832114,30.028594970703125,2860572,0.0,0.0
2005-09-14 00:00:00+05:30,30.14693739637169,30.495744088558947,29.112971037378667,29.648639678955078,2088361,0.0,0.0
2005-09-15 00:00:00+05:30,29.742073980681848,30.022368169062744,29.46178467802848,29.87287712097168,1430229,0.0,0.0
2005-09-16 00:00:00+05:30,29.77944449822079,30.5082044324114,29.77944449822079,30.427230834960938,1986388,0.0,0.0
2005-09-19 00:00:00+05:30,30.283971521560918,31.11239058250211,30.271515359423432,30.744895935058594,2219435,0.0,0.0
2005-09-20 00:00:00+05:30,30.769812675438306,31.39268433671356,30.146943457026932,31.06879234313965,4340327,0.0,0.0
2005-09-21 00:00:00+05:30,31.143535186144046,31.143535186144046,29.306066803147786,30.14071273803711,4417302,0.0,0.0
2005-09-22 00:00:00+05:30,29.64864097665396,30.58294587876678,28.42158575578012,29.169031143188477,3595695,0.0,0.0
2005-09-23 00:00:00+05:30,28.807767922619874,30.165626368051644,28.091466549964462,28.546161651611328,3071860,0.0,0.0
2005-09-26 00:00:00+05:30,28.751712042188487,29.131662883008868,28.65205296543979,28.951032638549805,2120701,0.0,0.0
2005-09-27 00:00:00+05:30,29.51161372382925,29.5240723298548,28.65205296543979,28.951032638549805,7131934,0.0,0.0
2005-09-28 00:00:00+05:30,29.13789012111487,29.268693260793928,28.78908337721323,28.888742446899414,3696100,0.0,0.0
2005-09-29 00:00:00+05:30,29.26246522489708,29.26246522489708,28.02918296271401,28.614681243896484,4455054,0.0,0.0
2005-09-30 00:00:00+05:30,28.77662477207058,28.957257446592727,28.029181749424204,28.888742446899414,3831729,0.0,0.0
2005-10-03 00:00:00+05:30,29.25001039472078,29.343440170136596,28.913659783214275,29.05691909790039,2083920,0.0,0.0
2005-10-04 00:00:00+05:30,29.150348005798982,29.997452520058882,29.088059867352708,29.798131942749023,2272496,0.0,0.0
2005-10-05 00:00:00+05:30,29.947617964378594,30.14693852452219,29.169030958037265,29.368349075317383,1546859,0.0,0.0
2005-10-06 00:00:00+05:30,29.150345200404374,29.274919022444394,28.40289982530081,28.539932250976562,3292874,0.0,0.0
2005-10-07 00:00:00+05:30,28.838906564316094,28.901192247728364,27.34401596233665,27.991802215576172,3244707,0.0,0.0
2005-10-10 00:00:00+05:30,28.639595896511494,28.639595896511494,27.16961967523041,27.25682258605957,2522087,0.0,0.0
2005-10-11 00:00:00+05:30,27.65545364642308,28.340610869161594,26.970296423684566,28.047863006591797,3351651,0.0,0.0
2005-10-13 00:00:00+05:30,27.79248719591665,28.32815585828893,27.157159474764732,27.40007781982422,3705060,0.0,0.0
2005-10-14 00:00:00+05:30,27.28173899454954,27.711519385988893,26.297601919321806,26.472007751464844,4368199,0.0,0.0
2005-10-17 00:00:00+05:30,26.646406210712346,26.646406210712346,25.693413384891507,26.278911590576172,3633365,0.0,0.0
2005-10-18 00:00:00+05:30,26.409714805391445,26.64640629782692,25.537695574619526,25.861587524414062,1451846,0.0,0.0
2005-10-19 00:00:00+05:30,25.662269934433887,25.75570213865505,24.69682092419376,25.41935157775879,2846020,0.0,0.0
2005-10-20 00:00:00+05:30,25.898965675113413,25.961253821466247,24.22967120150715,24.746654510498047,1920995,0.0,0.0
2005-10-21 00:00:00+05:30,24.83385804494168,25.656045474361147,24.29195995249444,25.394441604614258,1984928,0.0,0.0
2005-10-24 00:00:00+05:30,25.487867763891185,25.78684496849292,24.85253998268063,25.089231491088867,4474881,0.0,0.0
2005-10-25 00:00:00+05:30,25.089230319049996,25.562610870888864,24.634532788046318,25.41935157775879,2836833,0.0,0.0
2005-10-26 00:00:00+05:30,25.4504954486,25.6622697355602,25.163974421696693,25.406892776489258,1877711,0.0,0.0
2005-10-27 00:00:00+05:30,25.40066641199145,25.40066641199145,23.544510224534992,24.27326774597168,3348243,0.0,0.0
2005-10-28 00:00:00+05:30,24.167383934676703,24.534876157221237,23.756289035360158,24.073951721191406,1683017,0.0,0.0
2005-10-31 00:00:00+05:30,24.105099721118393,25.263640302822616,24.080184948701017,25.176437377929688,1900098,0.0,0.0
2005-11-02 00:00:00+05:30,24.833850363082075,25.2760867935143,24.541100067076027,25.170198440551758,1131763,0.0,0.0
2005-11-04 00:00:00+05:30,25.170198440551754,25.170198440551754,25.170198440551754,25.170198440551758,0,0.0,0.0
2005-11-07 00:00:00+05:30,25.288550284882046,25.71833063838539,24.665678649572758,25.575071334838867,1363515,0.0,0.0
2005-11-08 00:00:00+05:30,26.098280767250632,26.895555755389026,25.799303562772625,26.54051971435547,3473719,0.0,0.0
2005-11-09 00:00:00+05:30,26.783431539087783,27.138467493386088,25.979929887632604,26.16056251525879,4801616,0.0,0.0
2005-11-10 00:00:00+05:30,26.347430755787368,26.64641042943436,25.743246991197285,25.87405014038086,3663252,0.0,0.0
2005-11-11 00:00:00+05:30,25.911413347173326,26.391025565468837,25.861583823566416,26.235307693481445,2450792,0.0,0.0
2005-11-14 00:00:00+05:30,26.29760112193128,26.596580794493747,25.836676671380726,26.241544723510742,3157944,0.0,0.0
2005-11-16 00:00:00+05:30,26.48446270432108,26.895557610261665,26.303830020108883,26.802127838134766,3750092,0.0,0.0
2005-11-17 00:00:00+05:30,26.97029886327807,27.19453175671598,26.54674784233981,26.658863067626953,4060058,0.0,0.0
2005-11-18 00:00:00+05:30,26.658864563509713,27.01390060875742,25.998622007685423,26.13565444946289,2323984,0.0,0.0
2005-11-21 00:00:00+05:30,26.03599112224221,26.34742691365788,25.288548154280882,25.50655174255371,3772803,0.0,0.0
2005-11-22 00:00:00+05:30,24.927285003585734,25.78061885327215,24.927285003585734,25.207576751708984,3332210,0.0,0.0
2005-11-23 00:00:00+05:30,25.226262247908203,25.537698066843127,25.132832479373242,25.475412368774414,2419542,0.0,0.0
2005-11-24 00:00:00+05:30,25.475409480947338,27.206989311072416,25.475409480947338,26.627717971801758,5728954,0.0,0.0
2005-11-25 00:00:00+05:30,26.72115041025457,27.02012759262515,26.11073744148286,26.378570556640625,3278850,0.0,0.0
2005-11-28 00:00:00+05:30,26.908012592735105,27.281736550574948,26.683779683749464,26.81458282470703,4378115,0.0,0.0
2005-11-29 00:00:00+05:30,26.88309887350117,26.88309887350117,26.297600589105887,26.63395118713379,3930171,0.0,0.0
2005-11-30 00:00:00+05:30,26.596581707928053,27.107335714303055,25.979939318348862,26.10451316833496,3913500,0.0,0.0
2005-12-01 00:00:00+05:30,26.16056907642423,26.459546282846713,25.7868451255324,25.967477798461914,4809630,0.0,0.0
2005-12-02 00:00:00+05:30,26.1605633492197,26.633943822420417,26.042216398772123,26.179248809814453,4158279,0.0,0.0
2005-12-05 00:00:00+05:30,26.285144775263245,26.397260014185424,26.035994642723495,26.123197555541992,2136297,0.0,0.0
2005-12-06 00:00:00+05:30,26.0982794080151,26.0982794080151,25.25117492991544,25.46295166015625,2868129,0.0,0.0
2005-12-07 00:00:00+05:30,25.631125765673794,25.768158198941702,25.213804049434263,25.307233810424805,1798736,0.0,0.0
2005-12-08 00:00:00+05:30,25.413122472025123,25.51278153634055,24.989569005820922,25.220033645629883,2280552,0.0,0.0
2005-12-09 00:00:00+05:30,25.413124123371144,25.76816017378103,25.325921214996885,25.575071334838867,1236579,0.0,0.0
2005-12-12 00:00:00+05:30,25.65604121724404,25.849132489413012,25.55015529196079,25.793073654174805,1156165,0.0,0.0
2005-12-13 00:00:00+05:30,25.811764555287173,26.64641307161372,25.674734532356076,26.204174041748047,4616350,0.0,0.0
2005-12-14 00:00:00+05:30,26.1605706585329,28.652052415124665,26.1605706585329,28.20358657836914,19788814,0.0,0.0
2005-12-15 00:00:00+05:30,28.15375140099373,28.458957867249428,26.78343451080232,27.41876220703125,10733474,0.0,0.0
2005-12-16 00:00:00+05:30,27.40630974910666,28.216040900750386,27.101103241618567,27.730201721191406,8230869,0.0,0.0
2005-12-19 00:00:00+05:30,27.780031172775054,30.358715665404805,27.730201638756302,29.866649627685547,11308883,0.0,0.0
2005-12-20 00:00:00+05:30,30.146938088429636,30.757351035201765,28.739250241206587,30.290197372436523,18107549,0.0,0.0
2005-12-21 00:00:00+05:30,30.003676055366178,30.52065924145473,29.274918596323875,29.461780548095703,7534615,0.0,0.0
2005-12-22 00:00:00+05:30,29.524069078868532,29.991222781836253,29.28737757622125,29.486698150634766,2821885,0.0,0.0
2005-12-23 00:00:00+05:30,29.399496369977832,29.748303113517668,28.415361836415705,28.515018463134766,2281780,0.0,0.0
2005-12-26 00:00:00+05:30,28.652044993676434,28.652044993676434,27.188300879034696,27.437448501586914,1484519,0.0,0.0
2005-12-27 00:00:00+05:30,27.22567870451645,29.88533696753661,26.789669033060825,29.70470428466797,4254649,0.0,0.0
2005-12-28 00:00:00+05:30,29.760757662140627,30.122022961568327,28.96971207300184,29.40572166442871,6542665,0.0,0.0
2005-12-29 00:00:00+05:30,29.337206223504126,29.742071776708976,28.527475117094422,28.882511138916016,2702269,0.0,0.0
2005-12-30 00:00:00+05:30,28.78908617171544,30.24660387164999,28.595994873307635,30.053512573242188,4143787,0.0,0.0
2006-01-02 00:00:00+05:30,30.146938489998934,30.321341842419315,29.443093335580187,29.629955291748047,3723972,0.0,0.0
2006-01-03 00:00:00+05:30,29.524071431522874,30.37117600097577,29.524071431522874,29.960081100463867,3088999,0.0,0.0
2006-01-04 00:00:00+05:30,30.022370359351378,31.018963576437166,30.022370359351378,30.76358413696289,8267208,0.0,0.0
2006-01-05 00:00:00+05:30,31.131077945598587,31.417599006598255,30.645238735334413,31.062562942504883,7074848,0.0,0.0
2006-01-06 00:00:00+05:30,31.317941152134527,31.317941152134527,30.14694453671883,30.46460723876953,3588230,0.0,0.0
2006-01-09 00:00:00+05:30,31.13106971404705,31.13106971404705,29.69846723071554,29.854185104370117,2801456,0.0,0.0
2006-01-10 00:00:00+05:30,29.89779142595415,30.582948744077612,29.187719340678267,29.293607711791992,3886584,0.0,0.0
2006-01-12 00:00:00+05:30,29.399493200242883,29.6984703767568,28.77662163964207,29.530296325683594,3330092,0.0,0.0
2006-01-13 00:00:00+05:30,29.897792426313984,30.041054174381646,29.038231709363256,29.268693923950195,2387686,0.0,0.0
2006-01-16 00:00:00+05:30,29.33721022312213,29.33721022312213,28.415363766854174,28.67696762084961,1628147,0.0,0.0
2006-01-17 00:00:00+05:30,28.676965204012415,29.01954508225285,27.78626045202374,27.935749053955078,2049534,0.0,0.0
2006-01-18 00:00:00+05:30,27.910836040893063,28.63959607468351,27.530885209725408,27.979351043701172,6122938,0.0,0.0
2006-01-19 00:00:00+05:30,28.029178284763436,28.645818091508485,28.029178284763436,28.166208267211914,2977269,0.0,0.0
2006-01-20 00:00:00+05:30,28.963485435294842,28.963485435294842,27.79248897673829,27.973121643066406,3530862,0.0,0.0
2006-01-23 00:00:00+05:30,27.78003059518774,29.206404030397803,27.54334153495163,29.013315200805664,9277104,0.0,0.0
2006-01-24 00:00:00+05:30,29.150346702248704,29.6860153860505,28.589763252755283,28.882511138916016,6251992,0.0,0.0
2006-01-25 00:00:00+05:30,28.90119618976983,28.95102816330509,27.935747200857833,28.097694396972656,9809076,0.0,0.0
2006-01-27 00:00:00+05:30,28.27833289472357,30.632784812221228,28.27833289472357,30.389863967895508,12229287,0.0,0.0
2006-01-30 00:00:00+05:30,30.396087646484375,30.632779143674764,29.530297700377634,30.396087646484375,5415904,0.0,0.0
2006-01-31 00:00:00+05:30,30.632779483953886,31.44873990738594,30.146940322673387,31.23073387145996,6488648,0.0,0.0
2006-02-01 00:00:00+05:30,31.230731779289055,31.392678969821464,29.58635488094181,29.829273223876953,3480710,0.0,0.0
2006-02-02 00:00:00+05:30,30.73244081814247,30.73244081814247,29.150349386732398,29.268693923950195,3171839,0.0,0.0
2006-02-03 00:00:00+05:30,29.399494314009523,29.89156276781108,29.02577038634553,29.14411735534668,1433149,0.0,0.0
2006-02-06 00:00:00+05:30,29.399496488294332,29.76699114100772,28.913657300691025,29.106748580932617,3672243,0.0,0.0
2006-02-07 00:00:00+05:30,29.387040417645796,29.82927941098869,29.032004339491632,29.32475471496582,1788286,0.0,0.0
2006-02-08 00:00:00+05:30,29.63618456027747,30.27151227909721,29.050686370664636,29.89156150817871,2565221,0.0,0.0
2006-02-10 00:00:00+05:30,30.271517803821965,34.38246448511651,30.271517803821965,32.79414367675781,37187885,0.0,0.0
2006-02-13 00:00:00+05:30,32.887571871451485,36.12650147697887,32.700712333225376,35.46002960205078,36734621,0.0,0.0
2006-02-14 00:00:00+05:30,36.11404339400289,36.11404339400289,33.52290260353357,34.1083984375,17997012,0.0,0.0
2006-02-15 00:00:00+05:30,33.8841630011357,34.49457600085617,33.012143732145404,33.8903923034668,7787649,0.0,0.0
2006-02-16 00:00:00+05:30,34.208057986545775,35.08007727028442,33.57895706919208,34.26411437988281,4791355,0.0,0.0
2006-02-17 00:00:00+05:30,34.26410842182224,34.71880589193526,32.77544952732398,32.91870880126953,5003429,0.0,0.0
2006-02-20 00:00:00+05:30,33.01213808750721,33.06819691317452,32.0155451566173,32.45155715942383,2593273,0.0,0.0
2006-02-21 00:00:00+05:30,32.762995596975635,33.230149293553104,32.54499200429099,32.887569427490234,2225553,0.0,0.0
2006-02-22 00:00:00+05:30,33.055742607820314,33.367178374230754,31.95326126501631,32.07783508300781,2942092,0.0,0.0
2006-02-23 00:00:00+05:30,32.2647032838993,32.576139110661885,31.031418582494126,31.523487091064453,3394452,0.0,0.0
2006-02-24 00:00:00+05:30,31.98440938607471,33.75336026873262,31.57954381554673,33.491756439208984,7916503,0.0,0.0
2006-02-27 00:00:00+05:30,33.63501408745713,34.88075480709697,33.63501408745713,34.53194808959961,12603541,0.0,0.0
2006-02-28 00:00:00+05:30,34.50703646954358,37.247668256863626,34.469663096401746,35.65934753417969,31575699,0.0,0.0
2006-03-01 00:00:00+05:30,35.379051022274496,35.628198666795996,33.809415976062105,33.97759246826172,4813372,0.0,0.0
2006-03-02 00:00:00+05:30,34.095942108550325,36.23861705890687,34.095942108550325,36.0330696105957,7439510,0.0,0.0
2006-03-03 00:00:00+05:30,36.25107353217199,36.31335922755988,34.631608809131805,34.886985778808594,4886759,0.0,0.0
2006-03-06 00:00:00+05:30,35.21710835434401,35.58460300935302,34.413606486863806,34.56309509277344,1600182,0.0,0.0
2006-03-07 00:00:00+05:30,34.8683012935396,35.25448141009722,33.990052688141695,34.8620719909668,4543960,0.0,0.0
2006-03-08 00:00:00+05:30,35.111213004672926,36.00191760338675,33.75958407455606,34.41982650756836,5430338,0.0,0.0
2006-03-09 00:00:00+05:30,34.507030288894725,35.36036398700841,34.33885624703807,34.494571685791016,6498266,0.0,0.0
2006-03-10 00:00:00+05:30,34.74372385140103,35.379051576311845,34.63160618817885,34.87452697753906,2561422,0.0,0.0
2006-03-13 00:00:00+05:30,35.36659276607674,35.484939730534755,34.569320295775114,34.75617980957031,1837054,0.0,0.0
2006-03-14 00:00:00+05:30,34.96795770540706,35.62197091138381,34.25788566626349,34.42605972290039,2976220,0.0,0.0
2006-03-16 00:00:00+05:30,34.83093046271206,35.117451530468344,33.94645493306156,34.1021728515625,2418365,0.0,0.0
2006-03-17 00:00:00+05:30,34.531944619150124,34.80600701249772,33.927761004918004,34.13330841064453,1442783,0.0,0.0
2006-03-20 00:00:00+05:30,34.44474172710787,34.62537436980279,34.00873459548654,34.13330841064453,840575,0.0,0.0
2006-03-21 00:00:00+05:30,34.363776611774355,34.426062308855606,33.41078370494386,33.67238998413086,891246,0.0,0.0
2006-03-22 00:00:00+05:30,33.522899727685044,33.97759482113934,32.63842186409027,32.893798828125,1491968,0.0,0.0
2006-03-23 00:00:00+05:30,33.385856898899554,33.72843421647551,32.513837911294246,32.987220764160156,2462127,0.0,0.0
2006-03-24 00:00:00+05:30,33.23637209151685,33.473063544606454,32.887562991473445,32.980995178222656,758023,0.0,0.0
2006-03-27 00:00:00+05:30,33.635011258816924,35.36659098220875,33.1367159900121,34.81846618652344,6921006,0.0,0.0
2006-03-28 00:00:00+05:30,34.85584255577911,35.304310810631,33.38586884028757,33.666160583496094,4151735,0.0,0.0
2006-03-29 00:00:00+05:30,34.00873706712094,35.17973345757331,33.64747175547561,34.87452697753906,2600604,0.0,0.0
2006-03-30 00:00:00+05:30,34.855833833392204,35.1298986483329,33.09311021070107,33.59763717651367,2934622,0.0,0.0
2006-03-31 00:00:00+05:30,34.24542382098706,34.45720052941258,33.04328344417806,33.30488967895508,3865508,0.0,0.0
2006-04-03 00:00:00+05:30,33.448148895142666,34.19559423190733,33.448148895142666,33.61632537841797,1253738,0.0,0.0
2006-04-04 00:00:00+05:30,33.89662376241715,34.3077186566068,33.64747608195791,33.853023529052734,2507544,0.0,0.0
2006-04-05 00:00:00+05:30,34.38246528041763,35.036478596463226,34.1333175831492,34.270347595214844,4512268,0.0,0.0
2006-04-07 00:00:00+05:30,33.75958378344941,34.718805803467575,32.7692201424708,33.018367767333984,1952532,0.0,0.0
2006-04-10 00:00:00+05:30,31.878521413493015,33.3111241841887,31.878521413493015,32.881343841552734,1367715,0.0,0.0
2006-04-12 00:00:00+05:30,32.918717290923304,33.22392382158622,31.65429093328093,31.853609085083008,1921231,0.0,0.0
2006-04-13 00:00:00+05:30,31.890979883905874,32.239789090966454,29.34343927038278,30.4396915435791,3407467,0.0,0.0
2006-04-17 00:00:00+05:30,31.13107279467784,32.18995395173978,30.64523366480019,31.803773880004883,2748395,0.0,0.0
2006-04-18 00:00:00+05:30,32.21487605500081,32.94363369440053,31.797551821811687,32.04669952392578,2548653,0.0,0.0
2006-04-19 00:00:00+05:30,32.26469126325865,32.613497891276424,31.33038413105947,31.50478744506836,1361757,0.0,0.0
2006-04-20 00:00:00+05:30,31.75395140358984,31.866066647469864,31.143538315459015,31.374000549316406,727318,0.0,0.0
2006-04-21 00:00:00+05:30,31.766410051563888,31.87852774707637,30.90684919551556,31.535947799682617,1348931,0.0,0.0
2006-04-24 00:00:00+05:30,31.91590246453458,33.87171581422591,31.641837517984367,32.57614517211914,7490854,0.0,0.0
2006-04-25 00:00:00+05:30,32.98722412557569,32.98722412557569,30.688831930569997,31.006494522094727,3876524,0.0,0.0
2006-04-26 00:00:00+05:30,31.14354599029763,31.616926738272344,30.832110066250372,31.00028419494629,2681845,0.0,0.0
2006-04-27 00:00:00+05:30,31.616920300712888,31.616920300712888,30.283976380626324,30.78227424621582,7314188,0.0,0.0
2006-04-28 00:00:00+05:30,30.146936037039538,30.8881520566634,28.029176329951824,30.595401763916016,1716333,0.0,0.0
2006-05-02 00:00:00+05:30,31.89097948804949,32.86888720768505,31.67297587384857,32.72562789916992,4778920,0.0,0.0
2006-05-03 00:00:00+05:30,32.949852630575876,33.51043600538686,32.32698112840222,33.32357406616211,3773219,0.0,0.0
2006-05-04 00:00:00+05:30,33.6350223852165,33.98382918876449,32.80660561607399,33.19278335571289,4550196,0.0,0.0
2006-05-05 00:00:00+05:30,33.261298920945265,33.94022702143676,32.900033530641885,33.35472869873047,3485183,0.0,0.0
2006-05-08 00:00:00+05:30,30.68883502337029,34.58177475500952,30.68883502337029,34.29525375366211,7943815,0.0,0.0
2006-05-09 00:00:00+05:30,34.4945741162859,34.75618037126317,33.51043967342103,34.052337646484375,2272923,0.0,0.0
2006-05-10 00:00:00+05:30,34.756183832786235,34.86207220572119,34.13331464326261,34.55686569213867,5298138,0.0,0.0
2006-05-11 00:00:00+05:30,34.631603644529946,34.68143317055466,33.703525668740475,33.921531677246094,1605451,0.0,0.0
2006-05-12 00:00:00+05:30,33.6350179520795,33.75959179407051,32.40173325207274,32.92494583129883,1354499,0.0,0.0
2006-05-15 00:00:00+05:30,33.012144296455055,33.385868242618564,30.857013296463926,31.25564956665039,876400,0.0,0.0
2006-05-16 00:00:00+05:30,31.641835071849155,31.7664089275305,29.524074639538064,30.78227424621582,1368147,0.0,0.0
2006-05-17 00:00:00+05:30,31.766408057241197,33.635020726996096,31.14353879589893,33.049522399902344,2180110,0.0,0.0
2006-05-18 00:00:00+05:30,32.99968396159418,32.99968396159418,29.212630102245434,29.754528045654297,2893061,0.0,0.0
2006-05-19 00:00:00+05:30,31.143536073985118,31.766405280889238,27.40631106110503,27.67414665222168,2137053,0.0,0.0
2006-05-22 00:00:00+05:30,28.278327461934364,29.274920532524963,22.423342866856654,25.406892776489258,2635025,0.0,0.0
2006-05-23 00:00:00+05:30,25.911419292499712,27.530884067033842,24.29195696082935,26.96407127380371,2348510,0.0,0.0
2006-05-24 00:00:00+05:30,27.406305562187477,28.353069009582942,26.783434037395104,27.001440048217773,1835029,0.0,0.0
2006-05-25 00:00:00+05:30,27.032585743095776,27.68036962736335,26.035990266187905,27.300418853759766,4939969,0.0,0.0
2006-05-26 00:00:00+05:30,28.029178383094298,28.652047493825798,27.78002829593824,28.17243766784668,2451959,0.0,0.0
2006-05-29 00:00:00+05:30,28.776625731626662,29.025773414149945,28.1662126880127,28.49010467529297,1466208,0.0,0.0
2006-05-30 00:00:00+05:30,28.776620739662718,29.268689159433542,28.103922113544836,29.031997680664062,1729128,0.0,0.0
2006-05-31 00:00:00+05:30,28.813999105437073,28.813999105437073,23.419938343056884,28.49010467529297,1890645,0.0,0.0
2006-06-01 00:00:00+05:30,29.274922781314313,29.76076197108336,28.191126726112678,28.58353614807129,1424076,0.0,0.0
2006-06-02 00:00:00+05:30,28.278330657774102,28.6520521854074,27.40631131709922,28.508792877197266,782739,0.0,0.0
2006-06-05 00:00:00+05:30,28.6520504934027,29.02577199896642,27.59939853248524,27.780031204223633,559078,0.0,0.0
2006-06-06 00:00:00+05:30,27.40631248035926,27.780034023855155,26.40971925483958,26.876873016357422,1151703,0.0,0.0
2006-06-07 00:00:00+05:30,27.032590414335026,27.032590414335026,25.537699383519122,25.91765022277832,779377,0.0,0.0
2006-06-08 00:00:00+05:30,25.0394048229,25.91142176946269,23.046218345028716,23.60057258605957,960566,0.0,0.0
2006-06-09 00:00:00+05:30,22.54791816329413,27.90460535038935,18.947725736218917,27.481054306030273,2948965,0.0,0.0
2006-06-12 00:00:00+05:30,27.780038392986302,27.780038392986302,25.35084187104896,26.148117065429688,1070405,0.0,0.0
2006-06-13 00:00:00+05:30,25.039397077724214,25.53769232162756,23.426161950576457,24.478811264038086,1033624,0.0,0.0
2006-06-14 00:00:00+05:30,25.265128119286203,26.915096763578976,24.25967902961901,25.394031524658203,5031075,1.283904,0.0
2006-06-15 00:00:00+05:30,25.909648900954277,26.79908370402619,25.845195931333095,26.354366302490234,3582555,0.0,0.0
2006-06-16 00:00:00+05:30,26.811967164688777,28.229909449431393,26.811967164688777,27.3469181060791,1510890,0.0,0.0
2006-06-19 00:00:00+05:30,26.57994751084519,27.456493265349888,26.57994751084519,26.792638778686523,936092,0.0,0.0
2006-06-20 00:00:00+05:30,26.68306661299623,26.876422974117066,26.296356418519995,26.753965377807617,546257,0.0,0.0
2006-06-21 00:00:00+05:30,26.702408520550993,27.19868731907577,26.554167691851063,26.78619384765625,599786,0.0,0.0
2006-06-22 00:00:00+05:30,27.314698256790287,27.714300109517747,26.947322889943347,27.134233474731445,1467344,0.0,0.0
2006-06-23 00:00:00+05:30,26.683071149816918,27.082673015934525,26.438155915556013,26.97310447692871,697611,0.0,0.0
2006-06-26 00:00:00+05:30,25.007323207472577,27.06978290556858,25.007323207472577,25.290910720825195,961456,0.0,0.0
2006-06-27 00:00:00+05:30,27.069781991515143,27.069781991515143,24.88486222696978,25.194232940673828,925888,0.0,0.0
2006-06-28 00:00:00+05:30,23.860080785010805,25.394035330480886,23.860080785010805,24.523935317993164,815073,0.0,0.0
2006-06-29 00:00:00+05:30,24.73662002818897,25.651835364205557,24.627051514372457,25.129776000976562,1871861,0.0,0.0
2006-06-30 00:00:00+05:30,25.40692050510917,26.708846028789267,25.40692050510917,25.877418518066406,1193979,0.0,0.0
2006-07-03 00:00:00+05:30,25.974099241455207,26.154564016818355,25.78074538887753,25.980545043945312,518226,0.0,0.0
2006-07-04 00:00:00+05:30,26.37369830731242,26.631505102162635,26.00632299270951,26.534828186035156,919462,0.0,0.0
2006-07-05 00:00:00+05:30,26.55416485901363,27.31469621912339,26.55416485901363,26.76041030883789,1458698,0.0,0.0
2006-07-06 00:00:00+05:30,26.74752042518877,26.74752042518877,26.019213042761397,26.14811897277832,1878348,0.0,0.0
2006-07-07 00:00:00+05:30,26.425260324838863,26.60572508573146,25.05888175031514,25.162004470825195,1133207,0.0,0.0
2006-07-10 00:00:00+05:30,25.265129097910634,25.394032508275608,24.76240453360441,25.21356773376465,829107,0.0,0.0
2006-07-11 00:00:00+05:30,23.847187107895454,25.626056553370102,23.847187107895454,25.045989990234375,484637,0.0,0.0
2006-07-12 00:00:00+05:30,25.007325076573853,25.136228501368652,24.395031912974094,25.052440643310547,616359,0.0,0.0
2006-07-13 00:00:00+05:30,25.136227590587772,26.167457479346744,24.878420750339494,25.896759033203125,2540418,0.0,0.0
2006-07-14 00:00:00+05:30,25.220013536224315,25.742072980143867,25.071772718480343,25.21356773376465,801569,0.0,0.0
2006-07-17 00:00:00+05:30,25.297359529954548,25.522939901352384,23.99543109046118,24.32413673400879,1303951,0.0,0.0
2006-07-18 00:00:00+05:30,24.362802472677735,24.485262607218186,22.815959034812543,22.977088928222656,2432970,0.0,0.0
2006-07-19 00:00:00+05:30,23.202671802567597,23.46047864914223,22.177887691608973,22.397022247314453,1334306,0.0,0.0
2006-07-20 00:00:00+05:30,22.712833472047826,23.447584076503134,22.699941868856868,23.2091121673584,2245339,0.0,0.0
2006-07-21 00:00:00+05:30,23.20911678859724,23.331574404467595,21.913634270459706,22.042537689208984,2046697,0.0,0.0
2006-07-24 00:00:00+05:30,22.016751555031632,23.13821228440646,21.340005614424644,22.96419334411621,3576947,0.0,0.0
2006-07-25 00:00:00+05:30,23.202671011246984,24.21456600924944,23.202671011246984,24.092105865478516,4650848,0.0,0.0
2006-07-26 00:00:00+05:30,24.23389714231824,24.23389714231824,23.47336582459559,24.02120590209961,1272363,0.0,0.0
2006-07-27 00:00:00+05:30,24.221010318179612,24.91709133766779,23.976095075715875,24.730180740356445,4118074,0.0,0.0
2006-07-28 00:00:00+05:30,24.491705298521577,26.01277054608946,24.491705298521577,25.561607360839844,5167367,0.0,0.0
2006-07-31 00:00:00+05:30,25.780745082113064,26.19968179473402,25.071772538545364,25.30379867553711,4199526,0.0,0.0
2006-08-01 00:00:00+05:30,25.47137158551527,25.484263188931937,24.749510043846964,25.10399627685547,1735939,0.0,0.0
2006-08-02 00:00:00+05:30,25.13622472041881,25.510045859977136,25.084663358256666,25.342470169067383,924007,0.0,0.0
2006-08-03 00:00:00+05:30,25.381146306266558,26.167458462448185,25.316693329900083,25.52938461303711,2694743,0.0,0.0
2006-08-04 00:00:00+05:30,25.278016114327624,25.63250235975681,24.891305914758437,24.994428634643555,1292272,0.0,0.0
2006-08-07 00:00:00+05:30,25.123332307752637,25.90964684707716,24.50459598171228,25.638948440551758,4208533,0.0,0.0
2006-08-08 00:00:00+05:30,26.03855418612461,26.161011803897885,25.52938377832836,25.722740173339844,5776715,0.0,0.0
2006-08-09 00:00:00+05:30,25.780744385254277,26.657287545752176,25.774298583015103,26.41881561279297,4269181,0.0,0.0
2006-08-10 00:00:00+05:30,26.418814890895828,27.00532726779136,26.238350127489245,26.592836380004883,2916965,0.0,0.0
2006-08-11 00:00:00+05:30,26.88931433912913,27.243798048977702,26.425259582111455,26.554162979125977,2724131,0.0,0.0
2006-08-14 00:00:00+05:30,26.811970647638844,26.83775385564809,26.489713408474696,26.599279403686523,782019,0.0,0.0
2006-08-16 00:00:00+05:30,26.811980302671785,27.508061447678397,26.811980302671785,27.05689811706543,3084501,0.0,0.0
2006-08-17 00:00:00+05:30,27.321140329706097,27.321140329706097,26.57349809261994,26.753965377807617,1988125,0.0,0.0
2006-08-18 00:00:00+05:30,26.811970759313077,26.992438049536492,25.909646947023514,26.3221378326416,1900633,0.0,0.0
2006-08-21 00:00:00+05:30,26.31568950098608,27.314692664386158,26.115889879412165,27.147119522094727,1953709,0.0,0.0
2006-08-22 00:00:00+05:30,27.327589171087997,27.83031374370576,27.327589171087997,27.49516487121582,3519784,0.0,0.0
2006-08-23 00:00:00+05:30,27.41781985316726,27.495161892285406,26.683066689896705,26.837753295898438,1693098,0.0,0.0
2006-08-24 00:00:00+05:30,26.6830683870492,27.256691706700384,26.180343836923182,27.082670211791992,1977937,0.0,0.0
2006-08-25 00:00:00+05:30,27.340480083019123,27.84320468937004,27.269583833330497,27.411378860473633,2902442,0.0,0.0
2006-08-28 00:00:00+05:30,27.707856913232217,27.707856913232217,27.263136967902906,27.559616088867188,982537,0.0,0.0
2006-08-29 00:00:00+05:30,27.71430232912488,28.745532265531207,27.611179588260843,28.526397705078125,3400363,0.0,0.0
2006-08-30 00:00:00+05:30,28.745528274444883,29.647854659490378,28.616624866262043,29.506059646606445,7903472,0.0,0.0
2006-08-31 00:00:00+05:30,29.518954369713715,29.63496871321693,28.242806702241904,28.5006160736084,6319276,0.0,0.0
2006-09-01 00:00:00+05:30,28.61662598335363,29.4544994331325,28.38459983956704,29.33848762512207,3167794,0.0,0.0
2006-09-04 00:00:00+05:30,29.64784951670871,30.601737099563888,29.64784951670871,30.35037612915039,5073644,0.0,0.0
2006-09-05 00:00:00+05:30,30.550179969071866,32.69642732723401,30.550179969071866,32.122806549072266,11310061,0.0,0.0
2006-09-06 00:00:00+05:30,32.161472487504355,32.87044238725333,31.523398819400704,32.22592544555664,3357840,0.0,0.0
2006-09-07 00:00:00+05:30,32.01323302853433,32.59329951830336,31.613631275707753,32.258148193359375,2610648,0.0,0.0
2006-09-08 00:00:00+05:30,32.097031319615645,32.85756279417066,31.96812536631204,32.180816650390625,1657643,0.0,0.0
2006-09-11 00:00:00+05:30,32.303275763866424,32.58041748793738,29.905664542507687,30.176362991333008,2844380,0.0,0.0
2006-09-12 00:00:00+05:30,29.905663883635263,31.697427721050136,29.654302849382432,31.458955764770508,3577111,0.0,0.0
2006-09-13 00:00:00+05:30,31.581414367737015,32.47084924749687,31.45895674821718,32.30327606201172,7617353,0.0,0.0
2006-09-14 00:00:00+05:30,32.999349826594816,33.321609600886404,32.48373620994071,33.14759063720703,2949438,0.0,0.0
2006-09-15 00:00:00+05:30,33.24426373172582,33.70831846106391,32.503067347278616,33.45695495605469,2743794,0.0,0.0
2006-09-18 00:00:00+05:30,33.12824958195219,33.90167244951269,33.12824958195219,33.52140808105469,1408706,0.0,0.0
2006-09-19 00:00:00+05:30,33.87589474140388,33.90167542165724,33.2700474915673,33.57941818237305,3058921,0.0,0.0
2006-09-20 00:00:00+05:30,33.25716760214264,33.508528672106394,32.61264789000388,33.16048812866211,1175817,0.0,0.0
2006-09-21 00:00:00+05:30,33.192703529161314,34.85556110088208,33.192703529161314,34.55908203125,2249873,0.0,0.0
2006-09-22 00:00:00+05:30,34.28839195308018,35.19071838970936,34.19815829831095,34.43663024902344,2100575,0.0,0.0
2006-09-25 00:00:00+05:30,34.48174103616037,34.80400079428406,34.030577880340296,34.462406158447266,1746539,0.0,0.0
2006-09-26 00:00:00+05:30,34.778221385733474,35.70632841083106,34.41729185899322,35.52586364746094,2701225,0.0,0.0
2006-09-27 00:00:00+05:30,35.9576962336488,36.350854845267804,35.46786321159511,36.163944244384766,1871301,0.0,0.0
2006-09-28 00:00:00+05:30,37.17582631220165,38.41330391720517,35.73210581005125,38.020145416259766,7284758,0.0,0.0
2006-09-29 00:00:00+05:30,37.42074962521477,38.15550032544049,36.492642546279136,36.634437561035156,4052527,0.0,0.0
2006-10-03 00:00:00+05:30,36.60865373020405,37.639883448347334,35.835230809655215,36.067256927490234,2785942,0.0,0.0
2006-10-04 00:00:00+05:30,36.09303671732473,36.73755622318478,35.841675727809154,36.43463134765625,2570326,0.0,0.0
2006-10-05 00:00:00+05:30,36.47975453623769,37.74945632044911,36.47975453623769,37.324073791503906,6299167,0.0,0.0
2006-10-06 00:00:00+05:30,37.51098212023804,37.61410484496842,36.35084893925564,36.69888687133789,1927066,0.0,0.0
2006-10-09 00:00:00+05:30,37.08560272404581,37.08560272404581,36.221946040419326,36.47975540161133,1428394,0.0,0.0
2006-10-10 00:00:00+05:30,36.6086597816162,36.9953700419311,36.26061928344985,36.453975677490234,1149400,0.0,0.0
2006-10-11 00:00:00+05:30,36.73755313002048,36.73755313002048,34.93934648894918,35.210044860839844,1918985,0.0,0.0
2006-10-12 00:00:00+05:30,35.448526446667564,36.26706505955265,34.8168984247378,35.87390899658203,2817351,0.0,0.0
2006-10-13 00:00:00+05:30,36.105929378315494,37.43363818372732,36.105929378315494,37.092041015625,3316022,0.0,0.0
2006-10-16 00:00:00+05:30,37.382075890405495,37.51097928658084,36.36373526897214,36.60220718383789,1697467,0.0,0.0
2006-10-17 00:00:00+05:30,36.66021732760976,37.1178237893327,36.170381854513316,36.35084915161133,1228822,0.0,0.0
2006-10-18 00:00:00+05:30,36.47974873340348,36.82778915879274,35.964132633035796,36.24772262573242,857349,0.0,0.0
2006-10-19 00:00:00+05:30,37.25317862005136,37.25317862005136,35.384075149684364,35.725669860839844,2374953,0.0,0.0
2006-10-20 00:00:00+05:30,36.99536807762485,37.12427149088557,35.525866638687006,35.71922302246094,1410140,0.0,0.0
2006-10-23 00:00:00+05:30,35.70632841083106,36.02214237867017,35.190714801202134,35.52586364746094,807496,0.0,0.0
2006-10-26 00:00:00+05:30,35.835236616290075,38.02659980645584,35.59676465793255,37.65277862548828,4773666,0.0,0.0
2006-10-27 00:00:00+05:30,38.02659263757869,38.980480291179276,37.76878584681242,38.703338623046875,6778890,0.0,0.0
2006-10-30 00:00:00+05:30,38.671112793005065,38.8644691532162,38.039484881116174,38.23928451538086,4182958,0.0,0.0
2006-10-31 00:00:00+05:30,38.219959284663986,39.29630482172646,37.575439606456065,37.87836456298828,5955144,0.0,0.0
2006-11-01 00:00:00+05:30,38.406860277539174,38.858023433811745,37.717225203347745,38.27151107788086,3006950,0.0,0.0
2006-11-02 00:00:00+05:30,38.54221140419764,38.65822320415829,37.536762323122375,38.21995162963867,2299834,0.0,0.0
2006-11-03 00:00:00+05:30,38.29084758499586,38.41330771396534,37.51098136302368,37.78167724609375,2101824,0.0,0.0
2006-11-06 00:00:00+05:30,37.768792126156846,38.12972169323687,37.266067536698195,37.504539489746094,1072672,0.0,0.0
2006-11-07 00:00:00+05:30,37.510985084589805,37.88480625516191,37.13071811127126,37.30473709106445,1224699,0.0,0.0
2006-11-08 00:00:00+05:30,37.38207874208299,37.50453634584986,35.77078237532591,36.49264144897461,2438249,0.0,0.0
2006-11-09 00:00:00+05:30,36.54420567219315,37.446532112657046,36.0930424519612,37.30473709106445,2554621,0.0,0.0
2006-11-10 00:00:00+05:30,37.369184490857826,37.897689681943916,37.13715837647585,37.420745849609375,2994160,0.0,0.0
2006-11-13 00:00:00+05:30,37.38207618216444,37.75589729787324,36.99536346285479,37.349849700927734,1094458,0.0,0.0
2006-11-14 00:00:00+05:30,37.394968118861144,37.70433629576441,36.7504485558804,37.375633239746094,2115293,0.0,0.0
2006-11-15 00:00:00+05:30,37.38208007813555,38.72912135101169,37.253174139754115,38.374637603759766,8834388,0.0,0.0
2006-11-16 00:00:00+05:30,38.477756552589405,39.438090027050556,37.96214296077498,38.9224739074707,9495059,0.0,0.0
2006-11-17 00:00:00+05:30,38.92892637992154,39.908594900004104,38.31018996372152,38.94826126098633,8396740,0.0,0.0
2006-11-20 00:00:00+05:30,38.64533805366009,38.64533805366009,37.38208203570753,37.910587310791016,1132123,0.0,0.0
2006-11-21 00:00:00+05:30,38.02659627524667,39.57344222334812,37.38207923667575,38.32952117919922,6446058,0.0,0.0
2006-11-22 00:00:00+05:30,38.54221129983577,39.31563172336441,38.1554985603059,38.39397048950195,5282038,0.0,0.0
2006-11-23 00:00:00+05:30,38.522878760934965,39.35430898098954,38.10394201331466,39.08361053466797,3365798,0.0,0.0
2006-11-24 00:00:00+05:30,39.07071765804562,39.315632868748715,38.709785588784996,38.98048400878906,1931995,0.0,0.0
2006-11-27 00:00:00+05:30,38.845144211927106,39.45743744258988,38.54222176242245,38.99982833862305,1776041,0.0,0.0
2006-11-28 00:00:00+05:30,38.67111471583145,38.91602991947588,38.15549857221915,38.29084777832031,1162524,0.0,0.0
2006-11-29 00:00:00+05:30,38.35530547726106,38.928926327617255,38.31018991224856,38.471317291259766,770514,0.0,0.0
2006-11-30 00:00:00+05:30,38.54220755343988,39.04493204375024,38.16838645452125,38.42619323730469,2746899,0.0,0.0
2006-12-01 00:00:00+05:30,38.67111983412128,40.27597058556015,38.65822822813608,40.101951599121094,5298704,0.0,0.0
2006-12-04 00:00:00+05:30,40.25018512418293,41.04294296520638,40.153508201831734,40.675567626953125,3047710,0.0,0.0
2006-12-05 00:00:00+05:30,40.514440531369736,40.99138442931509,39.6572296644962,40.12128448486328,1535729,0.0,0.0
2006-12-06 00:00:00+05:30,40.34686368330012,40.55310914082449,39.44453727886533,39.74101638793945,1197187,0.0,0.0
2006-12-07 00:00:00+05:30,39.960156320411585,40.321085897001474,39.21895975837582,39.42520523071289,2977294,0.0,0.0
2006-12-08 00:00:00+05:30,39.8312501287496,39.9601535399912,38.96759600954806,39.22540283203125,1802710,0.0,0.0
2006-12-11 00:00:00+05:30,38.9289229803563,39.05782638914116,34.94579880172439,35.95769119262695,2413759,0.0,0.0
2006-12-12 00:00:00+05:30,35.70632547727196,36.067254974358974,31.452503436256578,32.27104187011719,3099552,0.0,0.0
2006-12-13 00:00:00+05:30,32.483736993775345,33.30872132809439,30.807987643682466,33.05735778808594,2722800,0.0,0.0
2006-12-14 00:00:00+05:30,33.12825527128731,35.04247662849429,33.12825527128731,34.25616455078125,2880379,0.0,0.0
2006-12-15 00:00:00+05:30,34.67510524060477,37.37563898459936,34.54620181374854,36.163944244384766,3532687,0.0,0.0
2006-12-18 00:00:00+05:30,36.73755438447444,37.12426455197645,34.8233333678677,36.105926513671875,1911598,0.0,0.0
2006-12-19 00:00:00+05:30,35.83523758605147,36.067263747762325,33.63098273038352,34.89424133300781,1049272,0.0,0.0
2006-12-20 00:00:00+05:30,35.061813472999766,35.70633309739662,33.9016801712981,34.20460510253906,1594502,0.0,0.0
2006-12-21 00:00:00+05:30,34.99736098221487,34.99736098221487,33.52141375746674,33.77922058105469,1252582,0.0,0.0
2006-12-22 00:00:00+05:30,33.9016771387519,34.67510011329133,33.85011577563365,34.423736572265625,644627,0.0,0.0
2006-12-26 00:00:00+05:30,34.18526666392085,35.197161634853614,34.18526666392085,34.98447036743164,632809,0.0,0.0
2006-12-27 00:00:00+05:30,35.319615352579746,36.09303570459199,35.1907119605777,35.8094482421875,1238219,0.0,0.0
2006-12-28 00:00:00+05:30,35.92546747499497,36.05437088463645,35.25516721709363,35.50653076171875,971567,0.0,0.0
2006-12-29 00:00:00+05:30,35.44852254752442,36.344403113873284,35.37118050402589,35.603206634521484,1334425,0.0,0.0
2007-01-02 00:00:00+05:30,35.70633212475367,35.931914998254015,35.34540256047205,35.699886322021484,435041,0.0,0.0
2007-01-03 00:00:00+05:30,35.96414084130711,37.35630286060408,35.719225602305464,37.117828369140625,1429191,0.0,0.0
2007-01-04 00:00:00+05:30,37.47231485006566,37.626998957864934,35.86101826884095,36.15749740600586,1498609,0.0,0.0
2007-01-05 00:00:00+05:30,36.73756223503754,36.73756223503754,35.50008690682594,36.47975540161133,1443425,0.0,0.0
2007-01-08 00:00:00+05:30,36.49908642032281,37.5109812941625,35.77722483534155,36.892242431640625,2065871,0.0,0.0
2007-01-09 00:00:00+05:30,36.737563200025974,37.12427346032303,35.461415549396875,35.77078628540039,3786348,0.0,0.0
2007-01-10 00:00:00+05:30,35.77078398074441,35.77078398074441,33.57942092471546,33.77922058105469,2274733,0.0,0.0
2007-01-11 00:00:00+05:30,33.64387494218026,34.41729802290414,32.225934733991444,33.10247802734375,4820538,0.0,0.0
2007-01-12 00:00:00+05:30,34.15948418730978,35.28094763442858,33.553639430421256,35.06825637817383,2596877,0.0,0.0
2007-01-15 00:00:00+05:30,35.409846229601456,35.64187233367512,34.81689063030209,34.990909576416016,1099490,0.0,0.0
2007-01-16 00:00:00+05:30,35.190712536068474,35.190712536068474,34.043468536840905,34.59130859375,2380649,0.0,0.0
2007-01-17 00:00:00+05:30,34.80400457338136,35.19071733622609,34.707327646553026,34.874900817871094,591587,0.0,0.0
2007-01-18 00:00:00+05:30,35.06181451924936,36.08015535396255,34.23038680784397,34.89424133300781,4760748,0.0,0.0
2007-01-19 00:00:00+05:30,34.932909972496425,35.12626636491933,33.708326227860276,33.83078384399414,2533098,0.0,0.0
2007-01-22 00:00:00+05:30,34.46885272139729,34.46885272139729,33.68253818643818,33.82433319091797,1538932,0.0,0.0
2007-01-23 00:00:00+05:30,33.87589704862581,33.87589704862581,31.839218114365533,31.9939022064209,4376290,0.0,0.0
2007-01-24 00:00:00+05:30,32.23881720286096,32.85755604613569,31.581408603749626,32.39350128173828,2680365,0.0,0.0
2007-01-25 00:00:00+05:30,32.728653810086655,32.82533073087904,31.9874573433036,32.122806549072266,3135495,0.0,0.0
2007-01-29 00:00:00+05:30,32.35482857635472,32.61263535098128,31.5878515260168,31.716754913330078,1198780,0.0,0.0
2007-01-31 00:00:00+05:30,32.09702833969591,32.535299945834296,30.936892562033425,31.0980224609375,4014857,0.0,0.0
2007-02-01 00:00:00+05:30,31.130249126715498,31.839219169343476,30.956230149328594,31.4525089263916,2790913,0.0,0.0
2007-02-02 00:00:00+05:30,31.761873065923854,31.81988022690268,30.492171437285794,30.737089157104492,4238009,0.0,0.0
2007-02-05 00:00:00+05:30,30.807992902938963,31.31071754101078,30.485735593624035,30.911115646362305,1840036,0.0,0.0
2007-02-06 00:00:00+05:30,31.13024530873356,31.52984710799071,30.80798554858114,30.904664993286133,2015925,0.0,0.0
2007-02-07 00:00:00+05:30,31.00134284267352,31.568520340933002,31.00134284267352,31.13669204711914,5309797,0.0,0.0
2007-02-08 00:00:00+05:30,31.29782373411424,31.310712811212113,30.691976444138415,30.814434051513672,2668063,0.0,0.0
2007-02-09 00:00:00+05:30,31.317154422009782,31.317154422009782,29.364263601227545,29.963665008544922,6833287,0.0,0.0
2007-02-12 00:00:00+05:30,29.96366154221804,29.96366154221804,28.565056735097315,28.764856338500977,2961055,0.0,0.0
2007-02-13 00:00:00+05:30,28.745529152823824,29.44805590859448,28.107457894762597,28.403934478759766,3609384,0.0,0.0
2007-02-14 00:00:00+05:30,28.03655408654405,28.075226367117384,26.251238989616365,27.063331604003906,5769940,0.0,0.0
2007-02-15 00:00:00+05:30,27.314694610983544,28.35881593089511,27.314694610983544,27.901206970214844,3669837,0.0,0.0
2007-02-19 00:00:00+05:30,28.178354263305664,28.53928381883251,27.972108803004613,28.178354263305664,2835471,0.0,0.0
2007-02-20 00:00:00+05:30,28.178353988427933,28.358818764430932,27.74007986179781,27.843202590942383,1237150,0.0,0.0
2007-02-21 00:00:00+05:30,28.07523237020584,28.07523237020584,27.46293924585755,27.540281295776367,1727858,0.0,0.0
2007-02-22 00:00:00+05:30,27.45649152223841,27.907654712417756,26.438153339000547,27.095561981201172,5089267,0.0,0.0
2007-02-23 00:00:00+05:30,27.35981839020958,28.036562005382418,26.811975672648177,27.011777877807617,2159373,0.0,0.0
2007-02-26 00:00:00+05:30,27.417821916447576,28.217023047477582,27.082670527282268,27.759416580200195,1291532,0.0,0.0
2007-02-27 00:00:00+05:30,28.229918516526798,28.229918516526798,27.54028329226568,27.81098175048828,2989375,0.0,0.0
2007-02-28 00:00:00+05:30,27.71430106384907,27.71430106384907,25.136227604416263,26.86998176574707,5092058,0.0,0.0
2007-03-01 00:00:00+05:30,27.32758889506628,27.843202539842853,26.554165900135732,27.656291961669922,1791540,0.0,0.0
2007-03-02 00:00:00+05:30,27.469386049160274,27.823869825591643,26.457491032824997,26.67662811279297,2906858,0.0,0.0
2007-03-05 00:00:00+05:30,25.90965058041178,26.289915036975202,23.782737833766397,24.053436279296875,2811912,0.0,0.0
2007-03-06 00:00:00+05:30,25.136226291130217,25.767854280968407,22.603268529163014,23.537818908691406,2945911,0.0,0.0
2007-03-07 00:00:00+05:30,24.47237075938051,24.47237075938051,22.44858346378355,22.828847885131836,2632670,0.0,0.0
2007-03-08 00:00:00+05:30,22.815960050977772,24.098550925216237,22.448584686525745,23.872970581054688,3726162,0.0,0.0
2007-03-09 00:00:00+05:30,24.10499583282562,24.80107677529055,23.634497753911553,24.478816986083984,3847876,0.0,0.0
2007-03-12 00:00:00+05:30,24.491705001541423,25.110443871107407,24.23389819245791,24.67861557006836,3239422,0.0,0.0
2007-03-13 00:00:00+05:30,24.87841885000159,25.45848546013476,24.298352239868418,25.31669044494629,2305900,0.0,0.0
2007-03-14 00:00:00+05:30,25.007322222872258,25.413367332698694,24.104995824511366,24.530378341674805,2369653,0.0,0.0
2007-03-15 00:00:00+05:30,25.000878216608857,25.123335833046163,23.524930905389066,23.731176376342773,2470809,0.0,0.0
2007-03-16 00:00:00+05:30,23.59582821011897,23.956760328207324,22.828850934859418,23.344467163085938,2620996,0.0,0.0
2007-03-19 00:00:00+05:30,23.479806979782694,23.718281406036816,22.957747629183135,23.202665328979492,2344619,0.0,0.0
2007-03-20 00:00:00+05:30,23.576491517934762,24.34346873430075,23.344465370544007,24.008319854736328,6170334,0.0,0.0
2007-03-21 00:00:00+05:30,23.22200692638799,24.994433438670217,23.22200692638799,24.865530014038086,3279817,0.0,0.0
2007-03-22 00:00:00+05:30,25.136223224524112,27.05688764241068,25.136223224524112,26.824861526489258,6009470,0.0,0.0
2007-03-23 00:00:00+05:30,27.069778868169024,27.308250782589408,25.819412135955186,26.044992446899414,6309520,0.0,0.0
2007-03-26 00:00:00+05:30,26.42526035468152,26.676623882032764,25.671174828158758,25.76140594482422,3244393,0.0,0.0
2007-03-28 00:00:00+05:30,25.78074430217045,25.78074430217045,24.92353349562145,25.1362247467041,2608001,0.0,0.0
2007-03-29 00:00:00+05:30,25.651836354789562,25.651836354789562,24.233896477413,24.794628143310547,5553887,0.0,0.0
2007-03-30 00:00:00+05:30,25.194229917476026,25.522932943651192,25.02020843794325,25.10399627685547,1999856,0.0,0.0
2007-04-02 00:00:00+05:30,23.73117648908941,24.427257484631102,23.267124177238856,23.608718872070312,2443919,0.0,0.0
2007-04-03 00:00:00+05:30,23.557157479463456,24.143669935485907,23.46047801877125,23.711841583251953,1938200,0.0,0.0
2007-04-04 00:00:00+05:30,23.963196752013232,24.104991742980438,23.460472273921617,23.524925231933594,2046430,0.0,0.0
2007-04-05 00:00:00+05:30,23.718284389346376,24.453035053387907,23.370243935914722,24.169445037841797,2198621,0.0,0.0
2007-04-09 00:00:00+05:30,24.246791106482963,25.110447845248952,24.233902027871657,24.949317932128906,1696542,0.0,0.0
2007-04-10 00:00:00+05:30,25.007321221395266,25.1104439453335,24.627054281048856,24.76240348815918,1406038,0.0,0.0
2007-04-11 00:00:00+05:30,24.86552517556757,25.13622357850404,24.627053254459813,24.704395294189453,1102785,0.0,0.0
2007-04-12 00:00:00+05:30,24.62061120287893,24.743071346928712,24.246790023360578,24.569049835205078,1056176,0.0,0.0
2007-04-13 00:00:00+05:30,24.569049915167444,25.39403432839992,24.569049915167444,25.284465789794922,1982003,0.0,0.0
2007-04-16 00:00:00+05:30,25.780743545267864,26.425260554046123,25.27801648677257,26.3221378326416,5134971,0.0,0.0
2007-04-17 00:00:00+05:30,26.296361075354397,27.037557641850093,26.051443311597467,26.541278839111328,4185811,0.0,0.0
2007-04-18 00:00:00+05:30,26.683066689896705,27.147121452371024,26.683066689896705,26.837753295898438,2771450,0.0,0.0
2007-04-19 00:00:00+05:30,26.30924962033139,27.056889375066284,25.961209160278905,26.36725425720215,1997162,0.0,0.0
2007-04-20 00:00:00+05:30,26.670179323840745,26.87642477471222,25.851640794870367,26.380146026611328,1741830,0.0,0.0
2007-04-23 00:00:00+05:30,26.799084656541723,26.799084656541723,25.8709775331564,26.03855323791504,1113509,0.0,0.0
2007-04-24 00:00:00+05:30,26.103004820862246,28.96466836549954,25.845197977498316,28.60373878479004,6472388,0.0,0.0
2007-04-25 00:00:00+05:30,28.809987165007122,29.647860754323517,28.616630749100974,29.2418155670166,3427737,0.0,0.0
2007-04-26 00:00:00+05:30,29.64785673484742,29.866993807980705,28.57151130535206,28.784202575683594,2584416,0.0,0.0
2007-04-27 00:00:00+05:30,28.99689855605711,29.132247798050106,28.48772807956274,28.590850830078125,2017375,0.0,0.0
2007-04-30 00:00:00+05:30,28.539281911516632,28.616623953960662,27.63695555523741,27.97210693359375,1368563,0.0,0.0
2007-05-03 00:00:00+05:30,28.487716931325618,30.292369414653823,28.35881354362578,29.15157127380371,2998144,0.0,0.0
2007-05-04 00:00:00+05:30,29.647856679302006,29.647856679302006,28.519949885037345,28.648853302001953,3309858,0.0,0.0
2007-05-07 00:00:00+05:30,29.016228662916173,29.274035496762078,28.07523245549572,28.30725860595703,2793915,0.0,0.0
2007-05-08 00:00:00+05:30,28.48772038750022,28.545727550943976,27.785196207363462,27.90765380859375,2125528,0.0,0.0
2007-05-09 00:00:00+05:30,28.113895755230043,28.726188740714186,27.92698521170825,28.552169799804688,1849258,0.0,0.0
2007-05-10 00:00:00+05:30,28.867985498766192,29.00333469565927,28.120343278886477,28.38459587097168,2191455,0.0,0.0
2007-05-11 00:00:00+05:30,27.34047820495397,28.47483328864649,27.198685715316685,28.197689056396484,2056952,0.0,0.0
2007-05-14 00:00:00+05:30,28.487724419179834,29.963671755994817,28.487724419179834,29.680084228515625,6071588,0.0,0.0
2007-05-15 00:00:00+05:30,30.028124673359905,30.73064895157952,29.390050841925063,30.56951904296875,7008905,0.0,0.0
2007-05-16 00:00:00+05:30,29.77675759769386,31.58141033930124,29.77675759769386,31.47184181213379,4392879,0.0,0.0
2007-05-17 00:00:00+05:30,31.832772542792206,32.74154474991551,31.645861964928304,32.58686065673828,7333239,0.0,0.0
2007-05-18 00:00:00+05:30,32.74154474991551,32.83177840148507,32.097027695010404,32.58686065673828,3547481,0.0,0.0
2007-05-21 00:00:00+05:30,32.64486437598828,35.951244733702225,32.62552949832451,34.533302307128906,8516315,0.0,0.0
2007-05-22 00:00:00+05:30,33.12825145710481,34.79755487523935,33.12825145710481,33.67609405517578,3710237,0.0,0.0
2007-05-23 00:00:00+05:30,33.8114481576113,34.39795806826905,33.14114786687502,33.921016693115234,2549450,0.0,0.0
2007-05-24 00:00:00+05:30,34.352835407692844,34.352835407692844,33.154032623080404,33.45695495605469,1853561,0.0,0.0
2007-05-25 00:00:00+05:30,33.12826188964314,33.86301527706941,32.496633780267565,33.15404510498047,2528086,0.0,0.0
2007-05-28 00:00:00+05:30,33.26360267767847,34.2239362053501,33.26360267767847,33.895233154296875,2192108,0.0,0.0
2007-05-29 00:00:00+05:30,34.15948222419078,34.53330335174717,33.39895089283407,33.57941818237305,1246788,0.0,0.0
2007-05-30 00:00:00+05:30,33.5149651472975,34.14659307605766,32.90911789873641,33.444068908691406,1221846,0.0,0.0
2007-05-31 00:00:00+05:30,33.44407032950438,33.77277338406564,30.94333666065801,31.50406837463379,4797472,0.0,0.0
2007-06-01 00:00:00+05:30,32.18726163337323,33.25071802666585,32.09703050167926,32.95423889160156,3033619,0.0,0.0
2007-06-04 00:00:00+05:30,32.99935545019653,33.366733374376416,32.12925542799003,32.245269775390625,2644638,0.0,0.0
2007-06-05 00:00:00+05:30,32.61263782709962,33.50851833277065,32.161474673365916,33.02513122558594,2960793,0.0,0.0
2007-06-06 00:00:00+05:30,33.128251569649166,33.360280213274734,31.001341715949682,31.304264068603516,3294832,0.0,0.0
2007-06-07 00:00:00+05:30,31.555637533449428,31.645868676389536,30.421284748477028,30.666202545166016,2088264,0.0,0.0
2007-06-08 00:00:00+05:30,30.679081137679187,31.452504030969344,29.976557007052815,30.485727310180664,1925822,0.0,0.0
2007-06-11 00:00:00+05:30,31.175360866269962,31.310710066644596,30.67908215007326,30.904664993286133,1120464,0.0,0.0
2007-06-12 00:00:00+05:30,31.033570973560742,31.130247898543107,29.78964991476774,30.099018096923828,1369823,0.0,0.0
2007-06-13 00:00:00+05:30,30.292375621497925,31.194702048046818,30.169915482267335,30.427724838256836,1979016,0.0,0.0
2007-06-14 00:00:00+05:30,30.679086681357084,31.362276058238255,30.511513502429093,31.072242736816406,1413800,0.0,0.0
2007-06-15 00:00:00+05:30,31.323600524638007,31.56851823672721,31.02067565340065,31.17535972595215,1570675,0.0,0.0
2007-06-18 00:00:00+05:30,31.175361588159262,31.4138335128622,30.679082860470853,30.78220558166504,615531,0.0,0.0
2007-06-19 00:00:00+05:30,30.67907972995412,32.406390189231715,30.67907972995412,32.22592544555664,2644088,0.0,0.0
2007-06-20 00:00:00+05:30,32.35483418074624,35.70633041472163,32.35483418074624,35.50653076171875,12048231,0.0,0.0
2007-06-21 00:00:00+05:30,35.5774245683913,35.5774245683913,33.282938978390426,33.95968246459961,2959863,0.0,0.0
2007-06-22 00:00:00+05:30,34.288388918171606,35.06180934302668,33.66320424837348,33.901676177978516,3629890,0.0,0.0
2007-06-25 00:00:00+05:30,33.901677183634916,34.35928617773947,33.65031617004205,34.1143684387207,1551346,0.0,0.0
2007-06-26 00:00:00+05:30,34.425521811090235,34.55130641885953,33.63108601330345,33.7767333984375,2105634,1.361717,0.0
2007-06-27 00:00:00+05:30,33.89589462454784,34.0812649545392,33.40599288765919,33.650943756103516,1408295,0.0,0.0
2007-06-28 00:00:00+05:30,34.1540914064849,34.86908391738708,33.79659515103381,34.504966735839844,3430348,0.0,0.0
2007-06-29 00:00:00+05:30,34.75653604951792,35.88860527965743,34.69695291183869,35.7363395690918,3258890,0.0,0.0
2007-07-02 00:00:00+05:30,36.014385764126956,36.27919939057963,35.75619565897598,36.10707092285156,2555860,0.0,0.0
2007-07-03 00:00:00+05:30,36.5440138230126,37.07363593234602,36.120313539104494,36.7293815612793,3547219,0.0,0.0
2007-07-04 00:00:00+05:30,37.47085504772225,37.47085504772225,36.01438905662391,36.14679718017578,2300980,0.0,0.0
2007-07-05 00:00:00+05:30,36.279206707024684,36.530775938049175,35.08755163876884,35.50463104248047,3660810,0.0,0.0
2007-07-06 00:00:00+05:30,35.73634870447903,35.73634870447903,34.849227531014186,35.027976989746094,1954614,0.0,0.0
2007-07-09 00:00:00+05:30,35.21995325839369,36.914746475025424,35.10078699469096,36.52415084838867,2908056,0.0,0.0
2007-07-10 00:00:00+05:30,36.742630033894265,37.033922246523574,36.0474976445675,36.28582763671875,2055359,0.0,0.0
2007-07-11 00:00:00+05:30,34.57778622350359,37.25900661551425,34.57778622350359,36.683040618896484,3821628,0.0,0.0
2007-07-12 00:00:00+05:30,37.338448333065,37.338448333065,36.45794836023264,36.60359573364258,2380623,0.0,0.0
2007-07-13 00:00:00+05:30,37.07363909669149,37.66946531876781,36.610218413249726,37.27886962890625,3244085,0.0,0.0
2007-07-16 00:00:00+05:30,37.7356699264844,39.19213346875515,37.10674166163605,38.92732238769531,5207901,0.0,0.0
2007-07-17 00:00:00+05:30,39.125932345289954,39.45694749778463,37.616503976917876,37.84159469604492,3100802,0.0,0.0
2007-07-18 00:00:00+05:30,38.66250488444321,38.66250488444321,36.8816448181391,37.63636016845703,2398646,0.0,0.0
2007-07-19 00:00:00+05:30,37.636364855860066,38.71547191365758,37.55030060898243,37.80849075317383,1414345,0.0,0.0
2007-07-20 00:00:00+05:30,38.662512363377886,38.662512363377886,37.48409912579019,37.682708740234375,1686950,0.0,0.0
2007-07-23 00:00:00+05:30,37.72243483799622,38.06007097421826,37.08688812949649,37.64961242675781,735816,0.0,0.0
2007-07-24 00:00:00+05:30,38.13288619114606,38.649269092600164,37.6032640339837,38.00048065185547,2227213,0.0,0.0
2007-07-25 00:00:00+05:30,37.934275879351375,38.96704159238725,35.81578224217222,36.21961975097656,5052265,0.0,0.0
2007-07-26 00:00:00+05:30,36.279204005325,37.590020068839614,35.696617068752936,37.245765686035156,4274044,0.0,0.0
2007-07-27 00:00:00+05:30,35.484767326944024,36.5440141515758,33.89589579177566,34.80949783325195,3232385,0.0,0.0
2007-07-30 00:00:00+05:30,34.98162685656379,35.617176046866405,34.16071250616002,34.64399337768555,4571560,0.0,0.0
2007-07-31 00:00:00+05:30,35.20671915654277,35.7495831947635,33.45896075195242,34.65723419189453,3973028,0.0,0.0
2007-08-01 00:00:00+05:30,33.90914262491452,34.29312001226971,32.558603439103805,32.988922119140625,2417568,0.0,0.0
2007-08-02 00:00:00+05:30,33.23387145996094,33.82307676969964,32.30703007151973,33.23387145996094,1905280,0.0,0.0
2007-08-03 00:00:00+05:30,33.763490199836795,34.74329370551401,33.763490199836795,34.160709381103516,1483681,0.0,0.0
2007-08-06 00:00:00+05:30,33.36627632073744,34.4255232292758,32.604942524086695,34.04154586791992,1110944,0.0,0.0
2007-08-07 00:00:00+05:30,34.4387625130233,35.78930420493053,34.4387625130233,35.40532684326172,3397993,0.0,0.0
2007-08-08 00:00:00+05:30,35.33250320928202,36.941235115279284,35.33250320928202,36.70952606201172,2909896,0.0,0.0
2007-08-09 00:00:00+05:30,37.07363714082482,37.90779588487784,35.915086791562,36.5307731628418,4868186,0.0,0.0
2007-08-10 00:00:00+05:30,36.14679549376903,36.14679549376903,34.5711633035607,35.352359771728516,2655186,0.0,0.0
2007-08-13 00:00:00+05:30,35.749582826705065,36.067356134652876,34.98162806938948,35.160377502441406,2117015,0.0,0.0
2007-08-14 00:00:00+05:30,35.73634428425753,35.73634428425753,34.49172954015919,34.93528747558594,883828,0.0,0.0
2007-08-16 00:00:00+05:30,34.293118204320244,34.293118204320244,32.18124528164739,32.379852294921875,2884522,0.0,0.0
2007-08-17 00:00:00+05:30,32.43943352973774,33.3530330071087,31.790645118787133,32.4129524230957,4063507,0.0,0.0
2007-08-20 00:00:00+05:30,33.08822758660018,34.02830833102108,32.43943906494547,32.565223693847656,2717002,0.0,0.0
2007-08-21 00:00:00+05:30,32.5983158838515,33.22062310634462,30.71815236657131,31.00944709777832,1998047,0.0,0.0
2007-08-22 00:00:00+05:30,31.115377597563572,31.5787982917531,29.268315747001143,30.506309509277344,4132951,0.0,0.0
2007-08-23 00:00:00+05:30,31.90318973588892,31.90318973588892,29.66552978510208,29.791316986083984,2823941,0.0,0.0
2007-08-24 00:00:00+05:30,30.440106796077767,30.440106796077767,29.334516024122934,29.731735229492188,3637611,0.0,0.0
2007-08-27 00:00:00+05:30,30.70492015359349,31.11537864491704,30.016408717108543,30.982973098754883,4533571,0.0,0.0
2007-08-28 00:00:00+05:30,31.11537622926678,31.77740390868087,30.85056256105961,31.539073944091797,1941475,0.0,0.0
2007-08-29 00:00:00+05:30,31.221298227809292,31.499351129741246,30.45334358302249,31.28750228881836,1657581,0.0,0.0
2007-08-30 00:00:00+05:30,31.77740910783877,32.280552822955244,31.512597992746922,31.903196334838867,3649820,0.0,0.0
2007-08-31 00:00:00+05:30,31.909817381500343,32.67776961814682,31.909817381500343,32.33351516723633,1459747,0.0,0.0
2007-09-03 00:00:00+05:30,32.5718386138315,33.518540110561794,32.45267493380617,33.35965347290039,2037063,0.0,0.0
2007-09-04 00:00:00+05:30,33.36627543148032,33.89589757341354,32.85651347075921,33.15442657470703,1595062,0.0,0.0
2007-09-05 00:00:00+05:30,32.96905621229196,33.44571610225743,32.57183704087943,32.955814361572266,2242296,0.0,0.0
2007-09-06 00:00:00+05:30,32.4394376176225,33.763495713018116,32.4394376176225,33.66419219970703,1817551,0.0,0.0
2007-09-07 00:00:00+05:30,34.02830419004681,34.77639873484791,33.56488609935224,33.92238235473633,3476927,0.0,0.0
2007-09-10 00:00:00+05:30,33.631090496289524,34.01506789301091,33.43248087125802,33.809837341308594,2103824,0.0,0.0
2007-09-11 00:00:00+05:30,33.498686157253715,34.29312208968506,33.498686157253715,33.74363708496094,804802,0.0,0.0
2007-09-12 00:00:00+05:30,33.43247779527508,34.41228138050149,33.43247779527508,34.107749938964844,1746570,0.0,0.0
2007-09-13 00:00:00+05:30,34.425522366888316,34.822738973974,34.0283031633611,34.385799407958984,1844919,0.0,0.0
2007-09-14 00:00:00+05:30,34.59103079560166,34.91542501523027,33.20738966763526,33.7171516418457,2016044,0.0,0.0
2007-09-17 00:00:00+05:30,34.02830664316177,34.120991825847355,33.44572222652655,33.59136962890625,1167397,0.0,0.0
2007-09-18 00:00:00+05:30,33.737004993218136,34.39903515056079,33.2669634776472,34.20704650878906,2005074,0.0,0.0
2007-09-19 00:00:00+05:30,34.69033959168223,35.74958666157578,34.69033959168223,35.48477554321289,3594702,0.0,0.0
2007-09-20 00:00:00+05:30,35.74957734063669,35.74957734063669,34.895561057472385,35.01472473144531,1452411,0.0,0.0
2007-09-21 00:00:00+05:30,34.69034094775191,35.74296713172379,34.69034094775191,35.491397857666016,1508083,0.0,0.0
2007-09-24 00:00:00+05:30,35.8819818622962,36.702898688679724,35.087546140104365,36.51091003417969,2136832,0.0,0.0
2007-09-25 00:00:00+05:30,36.41161153993094,36.74262668597825,35.09417188180861,35.663516998291016,1156700,0.0,0.0
2007-09-26 00:00:00+05:30,35.66352043305663,36.78897151872175,35.35236803524292,36.100460052490234,1741589,0.0,0.0
2007-09-27 00:00:00+05:30,36.54401832534327,36.79558756005004,35.36560509223038,35.53111267089844,1867466,0.0,0.0
2007-09-28 00:00:00+05:30,35.48476852032471,37.067019183168874,35.08754932495313,36.8088264465332,2898695,0.0,0.0
2007-10-01 00:00:00+05:30,37.07363807047338,37.748907597038624,36.61021739985935,37.48409652709961,2141479,0.0,0.0
2007-10-03 00:00:00+05:30,37.57677617312444,38.15274211286167,36.980950055173146,37.656219482421875,2418370,0.0,0.0
2007-10-04 00:00:00+05:30,37.60325513387362,37.70255861572756,36.49104627063373,36.71613693237305,937763,0.0,0.0
2007-10-05 00:00:00+05:30,36.411614878596794,37.60326743647924,35.81578859965556,36.02763748168945,836216,0.0,0.0
2007-10-08 00:00:00+05:30,33.26697073025589,36.279206525716575,33.26697073025589,34.71681594848633,926258,0.0,0.0
2007-10-09 00:00:00+05:30,34.29312195176595,35.34574806504995,33.511927876297165,35.04121398925781,942677,0.0,0.0
2007-10-10 00:00:00+05:30,35.48477033855546,36.332168389468286,35.08755112283047,35.2199592590332,1255188,0.0,0.0
2007-10-11 00:00:00+05:30,35.24643917373416,36.14679941007018,35.10741271258125,35.6767578125,685248,0.0,0.0
2007-10-12 00:00:00+05:30,35.15376019874101,36.14680578307564,35.08755612120858,35.279544830322266,1125969,0.0,0.0
2007-10-15 00:00:00+05:30,35.286163310906645,36.08059920400619,35.286163310906645,35.610557556152344,1312623,0.0,0.0
2007-10-16 00:00:00+05:30,35.723100485619156,36.14017988524686,35.226577761744494,35.55097198486328,999295,0.0,0.0
2007-10-17 00:00:00+05:30,34.42552340555873,34.82274002462905,31.90981295856352,33.92238235473633,912224,0.0,0.0
2007-10-18 00:00:00+05:30,34.39904764127881,34.92866988231244,32.969064994045986,33.406002044677734,885874,0.0,0.0
2007-10-19 00:00:00+05:30,33.49868076662576,34.29311657121602,31.92305100913514,32.69100570678711,928309,0.0,0.0
2007-10-22 00:00:00+05:30,32.06868963583411,32.955807774168,32.04220853612923,32.432804107666016,2163074,0.0,0.0
2007-10-23 00:00:00+05:30,33.101460682986094,36.41160649164058,33.101460682986094,36.18651580810547,4612818,0.0,0.0
2007-10-24 00:00:00+05:30,36.41161342182968,38.0666866411655,36.213003804648025,37.64298629760742,4388674,0.0,0.0
2007-10-25 00:00:00+05:30,37.404657918100625,39.58935601141458,36.4248542394558,39.29144287109375,5849603,0.0,0.0
2007-10-26 00:00:00+05:30,38.66251583709278,39.324546213760456,37.073643971667146,38.44404602050781,1890629,0.0,0.0
2007-10-29 00:00:00+05:30,39.45694967972238,39.54963226582351,37.47086125136684,37.62312698364258,1120849,0.0,0.0
2007-10-30 00:00:00+05:30,38.357976374171706,39.589351767158576,36.76910732827914,37.7158088684082,5232601,0.0,0.0
2007-10-31 00:00:00+05:30,37.73567346368693,39.58935639774646,37.33845680486354,38.8545036315918,3094258,0.0,0.0
2007-11-01 00:00:00+05:30,39.58935544878376,41.495997961875375,39.23185916619102,39.91374969482422,5935924,0.0,0.0
2007-11-02 00:00:00+05:30,39.45694524710177,40.64859765095568,38.3976983774048,39.543006896972656,3078070,0.0,0.0
2007-11-05 00:00:00+05:30,40.105733758028094,40.50295036144313,37.65622487919827,38.060062408447266,5525881,0.0,0.0
2007-11-06 00:00:00+05:30,38.72871149108424,39.17889291036063,36.623459571988384,37.047157287597656,2831251,0.0,0.0
2007-11-07 00:00:00+05:30,37.603268344626926,38.2652961169713,35.76282724284672,36.00777816772461,1985791,0.0,0.0
2007-11-08 00:00:00+05:30,35.617182504100356,36.41823681778391,34.56455631985052,35.425193786621094,2170857,0.0,0.0
2007-11-12 00:00:00+05:30,34.835982909056334,36.61684071620949,34.3063581381608,36.2461051940918,2217271,0.0,0.0
2007-11-13 00:00:00+05:30,36.94123843887135,37.65623103840707,36.41161621435744,36.616844177246094,2608232,0.0,0.0
2007-11-14 00:00:00+05:30,37.73567026267729,38.66251165108573,37.073639957687924,37.84159469604492,1975911,0.0,0.0
2007-11-15 00:00:00+05:30,37.3384524375532,38.64926855657106,37.3384524375532,37.7158088684082,1424122,0.0,0.0
2007-11-16 00:00:00+05:30,37.073640457844455,39.344402669012254,37.073640457844455,38.51686477661133,2378166,0.0,0.0
2007-11-19 00:00:00+05:30,39.324545295561194,39.8541675073755,38.59631085965373,38.788299560546875,4140616,0.0,0.0
2007-11-20 00:00:00+05:30,38.636028776882355,39.32454015874517,37.49733857378253,37.94751739501953,1717824,0.0,0.0
2007-11-21 00:00:00+05:30,37.2060484074641,38.252056163389106,35.08755438164425,35.51787567138672,1651896,0.0,0.0
2007-11-22 00:00:00+05:30,35.49801173148027,36.385132795951655,33.90252163574966,34.35270309448242,2922696,0.0,0.0
2007-11-23 00:00:00+05:30,35.08754899411498,35.48476818574121,34.16071027201717,34.46524429321289,1767379,0.0,0.0
2007-11-26 00:00:00+05:30,35.08754599018068,36.10707239186619,35.08754599018068,35.53772735595703,1608510,0.0,0.0
2007-11-27 00:00:00+05:30,35.61717431478421,35.61717431478421,35.0875495825477,35.464908599853516,1812678,0.0,0.0
2007-11-28 00:00:00+05:30,35.86875436519476,35.88199362340944,35.30602747112375,35.491397857666016,2225352,0.0,0.0
2007-11-29 00:00:00+05:30,36.146796748846185,36.279202274376736,35.259675833129485,35.478145599365234,2148233,0.0,0.0
2007-11-30 00:00:00+05:30,35.7495855572974,36.226245555626924,35.352368892022795,36.01439666748047,2248989,0.0,0.0
2007-12-03 00:00:00+05:30,36.411609826474425,37.0471563843938,35.895226949944195,36.484432220458984,1267227,0.0,0.0
2007-12-04 00:00:00+05:30,37.07364366149927,37.07364366149927,36.160044034210195,36.47119903564453,1591803,0.0,0.0
2007-12-05 00:00:00+05:30,36.411616191441404,38.62279287205828,36.411616191441404,38.44404602050781,7440959,0.0,0.0
2007-12-06 00:00:00+05:30,38.662512493820735,40.95313230998742,38.662512493820735,39.76810073852539,6287138,0.0,0.0
2007-12-07 00:00:00+05:30,40.383782794080425,41.045813041763616,38.953800470956786,40.066009521484375,2337190,0.0,0.0
2007-12-10 00:00:00+05:30,40.913411403824036,41.04581694666883,39.854164464624034,40.39040756225586,1638798,0.0,0.0
2007-12-11 00:00:00+05:30,40.38379012972976,42.098446601682966,40.38379012972976,41.93955993652344,5729530,0.0,0.0
2007-12-12 00:00:00+05:30,41.31062989074383,42.74723334078845,41.085539159561,42.11168670654297,4178532,0.0,0.0
2007-12-13 00:00:00+05:30,42.38310978731056,42.96569407910275,41.57543481183259,41.853485107421875,4187354,0.0,0.0
2007-12-14 00:00:00+05:30,42.105064579244605,42.489041958038584,39.85416512093256,41.59530258178711,1769312,0.0,0.0
2007-12-17 00:00:00+05:30,36.54401699258491,41.64164192103756,36.54401699258491,39.6158332824707,1864237,0.0,0.0
2007-12-18 00:00:00+05:30,38.66250849579338,39.721755339465,36.822067721568786,38.265289306640625,3387913,0.0,0.0
2007-12-19 00:00:00+05:30,39.298057550592844,40.64859924483282,37.76215069770628,38.973663330078125,2863097,0.0,0.0
2007-12-20 00:00:00+05:30,38.97366179515424,39.85416184269784,38.54996408592514,39.35102081298828,1160164,0.0,0.0
2007-12-24 00:00:00+05:30,39.65555416677812,40.099114674973464,39.48342826227553,39.90050506591797,748209,0.0,0.0
2007-12-26 00:00:00+05:30,40.185178930599854,40.979614770482115,39.999811173797035,40.549293518066406,1283466,0.0,0.0
2007-12-27 00:00:00+05:30,40.78100674836579,41.04581783981761,39.59597257034588,39.979949951171875,1832628,0.0,0.0
2007-12-28 00:00:00+05:30,39.98656781345616,41.456273153054966,39.79457913775497,41.18484115600586,1719320,0.0,0.0
2007-12-31 00:00:00+05:30,41.57544267495708,45.01799465777581,41.57544267495708,43.88592529296875,3720903,0.0,0.0
2008-01-01 00:00:00+05:30,43.99847294837525,46.865059008528405,43.99847294837525,45.567481994628906,3722538,0.0,0.0
2008-01-02 00:00:00+05:30,46.14343704308406,53.346313374017285,45.82566377460091,52.24734878540039,17309116,0.0,0.0
2008-01-03 00:00:00+05:30,52.167905023897134,55.795824444731586,51.155002039711896,53.58464813232422,11547534,0.0,0.0
2008-01-04 00:00:00+05:30,54.55121300817961,54.809408358294455,52.061983631076345,52.8365592956543,6581348,0.0,0.0
2008-01-07 00:00:00+05:30,51.63828354071659,54.14075465599423,50.71144219458106,53.167572021484375,3581337,0.0,0.0
2008-01-08 00:00:00+05:30,53.49196544836946,53.86270094280913,51.00935714718836,51.83026885986328,3199968,0.0,0.0
2008-01-09 00:00:00+05:30,52.28707937130105,52.55189048015833,50.18182716122286,50.55256271362305,6266473,0.0,0.0
2008-01-10 00:00:00+05:30,50.96301191744959,50.97625376936819,47.944160481463044,48.400962829589844,3797765,0.0,0.0
2008-01-11 00:00:00+05:30,48.83128391223873,49.78460382608535,47.368199410019244,49.04313278198242,2233022,0.0,0.0
2008-01-14 00:00:00+05:30,50.31421824296715,50.83722460328239,48.6392851292462,49.559505462646484,6706403,0.0,0.0
2008-01-15 00:00:00+05:30,49.96997921763023,50.049419955345456,47.97064622046136,48.24869918823242,1820070,0.0,0.0
2008-01-16 00:00:00+05:30,48.063330612958744,48.063330612958744,40.43013197052448,46.83857345581055,3491012,0.0,0.0
2008-01-17 00:00:00+05:30,47.53370737631886,47.93092141388642,46.07723859562644,46.52742004394531,2607399,0.0,0.0
2008-01-18 00:00:00+05:30,46.34204960338864,46.47445774426701,41.37683259946727,42.105064392089844,4376948,0.0,0.0
2008-01-21 00:00:00+05:30,41.97265739791236,44.22355417203133,34.19381180851666,37.42451477050781,4133794,0.0,0.0
2008-01-22 00:00:00+05:30,34.69033063360856,36.411607651366474,30.18853239816948,32.955814361572266,5159662,0.0,0.0
2008-01-23 00:00:00+05:30,35.74958125983511,38.927321989361005,33.068363249546834,36.31230545043945,10998609,0.0,0.0
2008-01-24 00:00:00+05:30,38.10641013253054,38.132891243897504,35.21996380064748,36.43147659301758,9305727,0.0,0.0
2008-01-25 00:00:00+05:30,37.073641795030504,39.32454390497073,37.073641795030504,38.45728302001953,3066822,0.0,0.0
2008-01-28 00:00:00+05:30,37.40465155921961,40.77438071426187,36.14679773417088,40.17855453491211,3550735,0.0,0.0
2008-01-29 00:00:00+05:30,40.78100532563529,41.09877862429129,36.438093191570104,37.76877212524414,8178523,0.0,0.0
2008-01-30 00:00:00+05:30,38.1328888605149,38.927324748311946,36.49767838847732,36.90151596069336,5538707,0.0,0.0
2008-01-31 00:00:00+05:30,36.94122824994657,39.22522930519667,34.82273474331817,38.42417526245117,6158613,0.0,0.0
2008-02-01 00:00:00+05:30,39.19213711833683,39.456950820497816,36.42485457246737,39.112693786621094,4353497,0.0,0.0
2008-02-04 00:00:00+05:30,39.50990484234812,42.422831593637,39.22523101544561,42.18450164794922,7160649,0.0,0.0
2008-02-05 00:00:00+05:30,42.23746216440865,42.899492361213525,41.0722909913274,41.39006423950195,5390807,0.0,0.0
2008-02-06 00:00:00+05:30,41.443037820114085,41.443037820114085,39.19213816831504,40.60226058959961,2759586,0.0,0.0
2008-02-07 00:00:00+05:30,40.51619458587018,42.62144933327739,40.51619458587018,40.84059143066406,3481548,0.0,0.0
2008-02-08 00:00:00+05:30,40.78100677993325,41.57544265134539,38.265293619868444,39.00676727294922,2519789,0.0,0.0
2008-02-11 00:00:00+05:30,38.54334257382652,39.32453910799717,36.835307314815324,38.285152435302734,1936833,0.0,0.0
2008-02-12 00:00:00+05:30,39.04649095537977,40.91341308067008,37.364934001227724,38.45728302001953,1153009,0.0,0.0
2008-02-13 00:00:00+05:30,38.66251130384063,39.72175822444506,37.9342795327579,38.3447380065918,3857894,0.0,0.0
2008-02-14 00:00:00+05:30,38.80153193184904,39.65554818880788,38.53009996551556,39.14578628540039,2304548,0.0,0.0
2008-02-15 00:00:00+05:30,39.324544998561834,40.58239904034178,37.76877521933403,40.33744812011719,4457963,0.0,0.0
2008-02-18 00:00:00+05:30,40.648595616578454,41.012710168176476,39.83429967493599,40.47646713256836,4723186,0.0,0.0
2008-02-19 00:00:00+05:30,41.297382234192,41.3768255473139,40.21827528362184,40.51618576049805,5238981,0.0,0.0
2008-02-20 00:00:00+05:30,40.589011462859844,40.589011462859844,37.73566527587681,38.040199279785156,4260591,0.0,0.0
2008-02-21 00:00:00+05:30,38.37122128667732,39.152415318187245,35.35236700260791,36.43809509277344,11652577,0.0,0.0
2008-02-22 00:00:00+05:30,35.96144243071012,36.76912039077686,35.24645227445171,36.49768829345703,4098082,0.0,0.0
2008-02-25 00:00:00+05:30,37.06039551839759,37.06039551839759,35.12726968692578,35.96142578125,2886630,0.0,0.0
2008-02-26 00:00:00+05:30,36.39836478779489,36.50428920483967,35.689993301476974,36.00114822387695,1922717,0.0,0.0
2008-02-27 00:00:00+05:30,36.279206707024684,36.808828873856925,35.09417256496466,35.50463104248047,4268847,0.0,0.0
2008-02-28 00:00:00+05:30,35.749579507551175,36.014390572921414,34.690332649628736,35.57745361328125,9198119,0.0,0.0
2008-02-29 00:00:00+05:30,35.08754883410156,37.206042524975416,33.49867986416689,36.848548889160156,8701818,0.0,0.0
2008-03-03 00:00:00+05:30,36.01439247193123,36.01439247193123,33.43247795732543,33.789974212646484,4811645,0.0,0.0
2008-03-04 00:00:00+05:30,34.226908899990455,34.69032952081193,30.195152354929025,31.744300842285156,6403875,0.0,0.0
2008-03-05 00:00:00+05:30,31.777406721339585,32.67776704147632,30.97635250923582,31.161720275878906,6039748,0.0,0.0
2008-03-07 00:00:00+05:30,31.777401110055738,31.777401110055738,29.804554904487354,30.17529296875,5839517,0.0,0.0
2008-03-10 00:00:00+05:30,29.870756865184838,32.167997092732776,28.8644723553894,31.70457649230957,5570439,0.0,0.0
2008-03-11 00:00:00+05:30,30.45996574221337,32.68438385488793,30.45996574221337,31.995872497558594,2851109,0.0,0.0
2008-03-12 00:00:00+05:30,32.88961263358746,33.41923736755461,30.824081104354452,31.327224731445312,2842673,0.0,0.0
2008-03-13 00:00:00+05:30,30.46658808653289,30.956489872043583,29.52650487842234,29.87076187133789,1759452,0.0,0.0
2008-03-14 00:00:00+05:30,30.426864933197088,30.426864933197088,28.718829620764723,29.44044303894043,3215318,0.0,0.0
2008-03-17 00:00:00+05:30,27.93763493651453,28.983639944163638,27.818468658738663,28.493738174438477,3168287,0.0,0.0
2008-03-18 00:00:00+05:30,28.070038525906913,28.718826890119647,26.395105405906328,26.719499588012695,5475909,0.0,0.0
2008-03-19 00:00:00+05:30,27.805232667842024,28.38781708072567,26.74598568433907,27.527179718017578,5726137,0.0,0.0
2008-03-24 00:00:00+05:30,27.57351910453712,28.05679997183245,27.050517873693966,27.818470001220703,2887057,0.0,0.0
2008-03-25 00:00:00+05:30,27.937640482632126,30.704923159426365,27.937640482632126,30.320945739746094,5839060,0.0,0.0
2008-03-26 00:00:00+05:30,30.585750702876812,31.51259202666724,29.294794813881083,29.817798614501953,5002185,0.0,0.0
2008-03-27 00:00:00+05:30,29.64567748543074,30.71816386303772,28.599669624452904,29.116052627563477,6745065,0.0,0.0
2008-03-28 00:00:00+05:30,29.407343403474393,30.18853742933068,29.129290456434134,30.049510955810547,4183508,0.0,0.0
2008-03-31 00:00:00+05:30,30.062756316557813,30.42025003710397,29.44044887455688,29.804563522338867,2899497,0.0,0.0
2008-04-01 00:00:00+05:30,29.923729075345715,30.320945752889568,28.473883658537183,28.917444229125977,2370455,0.0,0.0
2008-04-02 00:00:00+05:30,29.394104376234612,30.982976286540268,29.394104376234612,30.493074417114258,3654508,0.0,0.0
2008-04-03 00:00:00+05:30,30.9829763789565,31.51259861967681,29.66553651139121,29.84428596496582,3063589,0.0,0.0
2008-04-04 00:00:00+05:30,29.844282160287722,30.049510103292995,28.599664860380166,28.738691329956055,2361850,0.0,0.0
2008-04-07 00:00:00+05:30,29.195491932084238,30.301082793794965,28.31499439503542,30.016408920288086,3232570,0.0,0.0
2008-04-08 00:00:00+05:30,30.175296952081034,30.559271724791024,29.01674391843069,29.142528533935547,5308522,0.0,0.0
2008-04-09 00:00:00+05:30,28.99688713067989,29.791323070320395,28.93068305385904,29.645675659179688,1227840,0.0,0.0
2008-04-10 00:00:00+05:30,29.645676683243373,30.267984121799856,29.46030889676047,29.764842987060547,2563047,0.0,0.0
2008-04-11 00:00:00+05:30,30.188536561521573,30.188536561521573,29.341138488275558,29.778078079223633,2189990,0.0,0.0
2008-04-15 00:00:00+05:30,29.778078079223633,29.917104548747265,29.1425288751787,29.778078079223633,1197264,0.0,0.0
2008-04-16 00:00:00+05:30,30.05612946372129,30.850562682136044,29.791318390916373,30.314319610595703,2056423,0.0,0.0
2008-04-17 00:00:00+05:30,30.810848183137104,31.65162544663461,30.39376871676261,31.168344497680664,3330667,0.0,0.0
2008-04-21 00:00:00+05:30,30.982976768823498,32.234212573822376,29.877385783634388,31.923057556152344,2403329,0.0,0.0
2008-04-22 00:00:00+05:30,31.764171515772034,32.41296007998549,31.128622209786357,31.234546661376953,2177612,0.0,0.0
2008-04-23 00:00:00+05:30,31.128618097998576,31.7045841747745,30.12895427082662,30.373905181884766,3505200,0.0,0.0
2008-04-24 00:00:00+05:30,30.698299407313474,31.201443082123863,30.18853740248744,30.764503479003906,6610937,0.0,0.0
2008-04-25 00:00:00+05:30,31.102139664906627,31.936295980998004,30.9829759605747,31.65162467956543,2654184,0.0,0.0
2008-04-28 00:00:00+05:30,31.651620690360634,32.24082600005573,30.678438011501886,30.830703735351562,5011541,0.0,0.0
2008-04-29 00:00:00+05:30,31.115378455751898,31.909814324336818,30.91676883949524,31.525836944580078,4482895,0.0,0.0
2008-04-30 00:00:00+05:30,31.83699319535949,32.04222376293063,31.009457787218256,31.3934326171875,3904571,0.0,0.0
2008-05-02 00:00:00+05:30,31.525837449149513,32.17462593000448,31.453012450706204,31.876712799072266,2404265,0.0,0.0
2008-05-05 00:00:00+05:30,32.04222411226464,33.09485028455929,31.9098185493762,32.52550506591797,2994932,0.0,0.0
2008-05-06 00:00:00+05:30,33.23387698415054,33.23387698415054,32.07532635424367,32.34013748168945,1218016,0.0,0.0
2008-05-07 00:00:00+05:30,32.068699407048356,32.75720820916134,31.51259354736167,32.353370666503906,1374362,0.0,0.0
2008-05-08 00:00:00+05:30,32.04222036912776,32.30703146396971,31.525837435965098,32.13490295410156,1551753,0.0,0.0
2008-05-09 00:00:00+05:30,32.174620750089,32.273924245598565,30.790979756166664,31.00282859802246,3857041,0.0,0.0
2008-05-12 00:00:00+05:30,30.982970653174213,30.982970653174213,29.85089877907264,30.5989933013916,2377338,0.0,0.0
2008-05-13 00:00:00+05:30,30.73139851374189,31.764164277862154,30.625474086287657,31.035932540893555,1122638,0.0,0.0
2008-05-14 00:00:00+05:30,31.115374652498044,31.380185710844405,30.72477639410611,31.135234832763672,1435606,0.0,0.0
2008-05-15 00:00:00+05:30,31.247786446071505,32.96906386327876,30.797604960191155,31.128620147705078,7945121,0.0,0.0
2008-05-16 00:00:00+05:30,31.254401298139076,31.71120102568699,31.062412630554967,31.307363510131836,858845,0.0,0.0
2008-05-20 00:00:00+05:30,31.380192001788693,31.611901075183287,30.73802440744986,31.128620147705078,1054855,0.0,0.0
2008-05-21 00:00:00+05:30,31.11537430951034,31.380185364937663,30.22163505011209,31.181575775146484,990027,0.0,0.0
2008-05-22 00:00:00+05:30,30.718159960006034,31.108758275509466,30.188537765874376,30.26136016845703,1549609,0.0,0.0
2008-05-23 00:00:00+05:30,30.685063758558748,30.69168208935253,29.66553703259667,29.804563522338867,883232,0.0,0.0
2008-05-26 00:00:00+05:30,29.129284819617506,29.897239440381856,29.11604296925338,29.433818817138672,1081966,0.0,0.0
2008-05-27 00:00:00+05:30,29.12928839178216,29.69863350199293,27.9574961378322,28.35471534729004,1518524,0.0,0.0
2008-05-28 00:00:00+05:30,28.983639839957053,29.658909353229028,28.367953465358788,29.460302352905273,1561957,0.0,0.0
2008-05-29 00:00:00+05:30,29.394097294497307,29.877378120389714,27.957494071387952,28.215686798095703,4743779,0.0,0.0
2008-05-30 00:00:00+05:30,28.930677027299318,28.930677027299318,28.23554734769281,28.46063804626465,1238789,0.0,0.0
2008-06-02 00:00:00+05:30,28.910820202411468,29.327899616447247,27.81847121072851,28.043561935424805,1367766,0.0,0.0
2008-06-03 00:00:00+05:30,27.80523446716133,27.80523446716133,27.02404038293056,27.12996482849121,3077751,0.0,0.0
2008-06-04 00:00:00+05:30,27.408015975264092,27.652966911663462,26.381870932533275,26.613582611083984,4342326,0.0,0.0
2008-06-05 00:00:00+05:30,26.878395450033118,26.957838791527635,26.216365007803283,26.765850067138672,1071875,0.0,0.0
2008-06-06 00:00:00+05:30,27.275609319586493,27.275609319586493,26.640062653756466,26.885013580322266,1083323,0.0,0.0
2008-06-09 00:00:00+05:30,25.170359098589266,26.745989227750993,25.170359098589266,26.534137725830078,1197526,0.0,0.0
2008-06-10 00:00:00+05:30,27.306438130653042,27.306438130653042,25.382575284369643,25.699771881103516,3810586,1.556248,0.0
2008-06-11 00:00:00+05:30,25.78941250969013,26.61688099938972,25.203290235670362,26.003173828125,2565653,0.0,0.0
2008-06-12 00:00:00+05:30,24.824035706606548,26.892705799557426,24.686124727663422,26.65135955810547,2035706,0.0,0.0
2008-06-13 00:00:00+05:30,26.8513265576513,27.265062128065388,26.644461476845777,27.078880310058594,1761735,0.0,0.0
2008-06-16 00:00:00+05:30,27.444343345231324,27.995989837363307,26.865117368114163,27.209896087646484,4895899,0.0,0.0
2008-06-17 00:00:00+05:30,27.306438567059814,29.099286691007,27.306438567059814,28.67865753173828,3925041,0.0,0.0
2008-06-18 00:00:00+05:30,29.237197713494325,29.237197713494325,28.0649503413637,28.271818161010742,2984486,0.0,0.0
2008-06-19 00:00:00+05:30,27.858082323917145,28.43730837242346,27.609842588843012,28.14080047607422,1808796,0.0,0.0
2008-06-20 00:00:00+05:30,28.147696627901485,28.147696627901485,26.47896720763972,26.954763412475586,2077144,0.0,0.0
2008-06-23 00:00:00+05:30,26.47896763109203,27.44434709595712,25.49979842184975,25.67218780517578,2407102,0.0,0.0
2008-06-24 00:00:00+05:30,25.78941320412658,26.037652946400346,25.099855660075455,25.230873107910156,946091,0.0,0.0
2008-06-25 00:00:00+05:30,24.410297760002063,24.87919499217596,23.713844078771398,24.451669692993164,5342635,0.0,0.0
2008-06-26 00:00:00+05:30,23.78969805858131,25.5411712566743,23.78969805858131,25.1274356842041,2383857,0.0,0.0
2008-06-27 00:00:00+05:30,24.81024302576806,25.168811528600187,22.962230717753002,24.610271453857422,3876837,0.0,0.0
2008-06-30 00:00:00+05:30,24.27239352531338,25.28604132128104,24.27239352531338,24.55510902404785,4847984,0.0,0.0
2008-07-01 00:00:00+05:30,24.90678178609168,24.90678178609168,23.844865917682416,24.134477615356445,2810380,0.0,0.0
2008-07-02 00:00:00+05:30,23.996562699844045,25.086063289024207,23.472501076578702,24.76197052001953,3409539,0.0,0.0
2008-07-03 00:00:00+05:30,24.410303196097498,25.196397142003267,23.45871336816765,23.975881576538086,8410913,0.0,0.0
2008-07-04 00:00:00+05:30,23.789700578885185,24.134476653267555,22.562288883645994,23.113935470581055,5237742,0.0,0.0
2008-07-07 00:00:00+05:30,23.431128958281338,23.85865431228293,22.851902891325548,23.14841079711914,3403011,0.0,0.0
2008-07-08 00:00:00+05:30,23.431129350836763,23.431129350836763,22.134763522481823,23.113935470581055,2954439,0.0,0.0
2008-07-09 00:00:00+05:30,23.031185029321705,23.78969938638581,22.893274065601418,23.169095993041992,6558082,0.0,0.0
2008-07-10 00:00:00+05:30,23.637995459315395,23.844863252591598,23.14151600073446,23.293216705322266,4897513,0.0,0.0
2008-07-11 00:00:00+05:30,23.04497759879171,23.651788546746072,22.83121357560257,23.031185150146484,2645728,0.0,0.0
2008-07-14 00:00:00+05:30,23.03118380989624,23.582830339971203,22.63813826020431,23.258737564086914,3179062,0.0,0.0
2008-07-15 00:00:00+05:30,22.78984346829203,23.169097974862787,22.148555403837417,22.307153701782227,2437730,0.0,0.0
2008-07-16 00:00:00+05:30,22.35541851329369,22.617449311615754,21.831355564448884,22.21061134338379,1534161,0.0,0.0
2008-07-17 00:00:00+05:30,25.513589675008618,25.513589675008618,22.341628145296255,22.67951202392578,1884471,0.0,0.0
2008-07-18 00:00:00+05:30,20.217797233561814,23.486294040525415,20.217797233561814,22.631244659423828,4616082,0.0,0.0
2008-07-21 00:00:00+05:30,24.120682336426107,24.120682336426107,21.438308381137396,22.858795166015625,3996721,0.0,0.0
2008-07-22 00:00:00+05:30,22.858797184930843,23.844862553446067,22.75536193912471,23.63799476623535,3191671,0.0,0.0
2008-07-23 00:00:00+05:30,24.134475598067937,26.237623893176856,24.134475598067937,25.920427322387695,7570203,0.0,0.0
2008-07-24 00:00:00+05:30,26.34105759730617,26.823747346817157,25.51359177334603,26.320371627807617,3724857,0.0,0.0
2008-07-25 00:00:00+05:30,25.051588213150684,26.609986251885953,25.051588213150684,25.692874908447266,7089653,0.0,0.0
2008-07-28 00:00:00+05:30,25.375685141927807,26.354854553252835,24.975741906422545,26.0583438873291,2790121,0.0,0.0
2008-07-29 00:00:00+05:30,25.60323372156662,26.203145747714427,24.134475848399813,24.375822067260742,5584257,0.0,0.0
2008-07-30 00:00:00+05:30,24.82403430869589,25.582546002370172,24.548212366341936,25.403263092041016,1899127,0.0,0.0
2008-07-31 00:00:00+05:30,24.98262805305049,27.568465868879198,24.81713490881211,25.196392059326172,4522550,0.0,0.0
2008-08-01 00:00:00+05:30,26.89270424205776,27.554679607048236,24.686123297958606,27.07198715209961,2599406,0.0,0.0
2008-08-04 00:00:00+05:30,26.768582870647418,27.84429114266488,26.375535929456632,27.616737365722656,3919833,0.0,0.0
2008-08-05 00:00:00+05:30,27.44434948609567,29.637140793980638,27.29264876272633,29.513019561767578,4490287,0.0,0.0
2008-08-06 00:00:00+05:30,30.06466535724531,31.03004487985252,29.65092973075543,29.94054412841797,5963205,0.0,0.0
2008-08-07 00:00:00+05:30,26.89959819569025,30.671470369998307,26.89959819569025,29.678508758544922,2033969,0.0,0.0
2008-08-08 00:00:00+05:30,29.375106794252783,30.188782865847372,29.375106794252783,29.781946182250977,3116511,0.0,0.0
2008-08-11 00:00:00+05:30,28.69244360860513,32.39536168610153,28.69244360860513,31.995418548583984,4566841,0.0,0.0
2008-08-12 00:00:00+05:30,31.85061849186942,31.995422992155618,30.961089292899672,31.361032485961914,3301166,0.0,0.0
2008-08-13 00:00:00+05:30,31.030046375804254,31.305868337160234,30.492192198959085,30.761117935180664,2527294,0.0,0.0
2008-08-14 00:00:00+05:30,30.761114541398143,32.9332169801384,28.07184395387154,28.237337112426758,2859945,0.0,0.0
2008-08-18 00:00:00+05:30,27.85808440633334,29.030329039566126,27.85808440633334,28.726924896240234,2447014,0.0,0.0
2008-08-19 00:00:00+05:30,28.271820176481647,29.126871007283082,27.947730030479235,28.88552474975586,1472655,0.0,0.0
2008-08-20 00:00:00+05:30,28.961375509404856,29.361318695250436,28.27871414436519,28.520057678222656,1248546,0.0,0.0
2008-08-21 00:00:00+05:30,28.82345817333647,28.96137183737107,27.396077712833748,27.864974975585938,1669564,0.0,0.0
2008-08-22 00:00:00+05:30,26.203144297952793,28.271814082812515,26.203144297952793,27.685691833496094,1486735,0.0,0.0
2008-08-25 00:00:00+05:30,26.554817199601903,28.816562149869913,26.554817199601903,28.01667594909668,1547820,0.0,0.0
2008-08-26 00:00:00+05:30,27.99599596915822,28.40972890057363,27.513306196972596,27.740859985351562,1364862,0.0,0.0
2008-08-27 00:00:00+05:30,27.995990301788826,28.244230010385657,27.340911264690583,27.602943420410156,978173,0.0,0.0
2008-08-28 00:00:00+05:30,27.651215809894495,28.08563739474926,27.16852606152314,27.589155197143555,2611070,0.0,0.0
2008-08-29 00:00:00+05:30,28.368355092094152,29.885378445150952,28.133905094192038,29.706092834472656,4285045,0.0,0.0
2008-09-01 00:00:00+05:30,28.40972918979279,30.671474646692822,28.40972918979279,30.4783992767334,3499473,0.0,0.0
2008-09-02 00:00:00+05:30,30.754219901938207,32.68497892672055,30.2025760116586,31.836824417114258,7075819,0.0,0.0
2008-09-04 00:00:00+05:30,31.71959898143555,32.602231898239026,30.830072544399048,32.305721282958984,6214224,0.0,0.0
2008-09-05 00:00:00+05:30,31.18174412081597,32.27124482059934,31.18174412081597,31.464462280273438,3505524,0.0,0.0
2008-09-08 00:00:00+05:30,31.85751417484169,33.512451451260624,31.62996036694414,31.864410400390625,1610139,0.0,0.0
2008-09-09 00:00:00+05:30,31.71959687352904,31.967836604270385,30.492187963773784,30.83007049560547,2983458,0.0,0.0
2008-09-10 00:00:00+05:30,30.47839677035609,31.23001492210589,30.064663868751897,30.306007385253906,5393074,0.0,0.0
2008-09-11 00:00:00+05:30,30.306004932813874,31.00245864132429,29.726778917440466,30.05086898803711,4538897,0.0,0.0
2008-09-12 00:00:00+05:30,30.464606375290458,30.533560505217824,28.982058776830947,29.32683753967285,2141602,0.0,0.0
2008-09-15 00:00:00+05:30,28.271817511242787,28.947582641569866,26.803062245629533,28.533849716186523,2438681,0.0,0.0
2008-09-16 00:00:00+05:30,27.56847268419359,30.478401284097384,26.892707492627483,30.04397964477539,5643328,0.0,0.0
2008-09-17 00:00:00+05:30,30.47839033209835,30.657675903788743,28.23733150357316,28.589006423950195,3230010,0.0,0.0
2008-09-18 00:00:00+05:30,27.720175710658015,29.58197807252571,26.623778642631876,29.36132049560547,3391341,0.0,0.0
2008-09-19 00:00:00+05:30,29.926754265985608,31.51273181331121,29.237196694138227,31.236909866333008,6967795,0.0,0.0
2008-09-22 00:00:00+05:30,31.933365645354055,32.54707019157933,30.064667105866086,30.457714080810547,2133120,0.0,0.0
2008-09-23 00:00:00+05:30,29.816423748980128,30.457713176987482,28.561432497360943,28.706239700317383,2283677,0.0,0.0
2008-09-24 00:00:00+05:30,28.961376941317106,29.36132014693673,27.94083295577795,28.61659812927246,5901127,0.0,0.0
2008-09-25 00:00:00+05:30,28.671757005912397,28.68554674945172,27.030612556237887,27.499509811401367,4313961,0.0,0.0
2008-09-26 00:00:00+05:30,27.575362352256658,27.92014109153317,26.203143618992492,26.2721004486084,4124392,0.0,0.0
2008-09-29 00:00:00+05:30,26.203145457043544,26.775477988037387,24.548211178591036,25.0860652923584,3751608,0.0,0.0
2008-09-30 00:00:00+05:30,24.093103503679515,26.33416274876907,23.444920622071095,26.113502502441406,3475924,0.0,0.0
2008-10-01 00:00:00+05:30,26.458282937007958,26.803061720270453,25.341202708167543,25.961803436279297,7791284,0.0,0.0
2008-10-03 00:00:00+05:30,25.775620335117313,26.32726690224945,25.0998552510717,25.292930603027344,4435982,0.0,0.0
2008-10-06 00:00:00+05:30,24.810247733827055,25.196398502461733,23.65868624465912,24.55510902404785,4434476,0.0,0.0
2008-10-07 00:00:00+05:30,25.513587664698445,25.554959597033104,23.596618720223713,24.43787956237793,3884918,0.0,0.0
2008-10-08 00:00:00+05:30,24.13447721982416,24.13447721982416,20.983205381972844,22.96223258972168,4746206,0.0,0.0
2008-10-10 00:00:00+05:30,21.376252946857733,24.520631354524433,19.721317156328045,23.831073760986328,11340159,0.0,0.0
2008-10-13 00:00:00+05:30,24.272387124581865,25.506692177135008,23.996562515319614,24.499940872192383,13205409,0.0,0.0
2008-10-14 00:00:00+05:30,24.824029956995883,25.789409290403693,23.886232812988254,24.306861877441406,4134000,0.0,0.0
2008-10-15 00:00:00+05:30,23.879342357595227,24.499943050921473,23.49318895204884,23.78969955444336,2434152,0.0,0.0
2008-10-16 00:00:00+05:30,23.85865871939464,25.9273290351599,22.831218435101313,25.120546340942383,4118963,0.0,0.0
2008-10-17 00:00:00+05:30,25.513592354675673,25.913532826501513,23.458712084016145,23.769012451171875,3002231,0.0,0.0
2008-10-20 00:00:00+05:30,23.99656285565012,26.341054489020458,22.782943752649057,25.00331687927246,12968573,0.0,0.0
2008-10-21 00:00:00+05:30,25.382571170493975,25.920425241469438,25.06537732957116,25.196392059326172,4655377,0.0,0.0
2008-10-22 00:00:00+05:30,24.82403155561601,25.444632209286336,23.9345025096744,24.2379093170166,4461423,0.0,0.0
2008-10-23 00:00:00+05:30,23.858655308027643,24.534420433213448,22.90706823468475,24.09310531616211,7604455,0.0,0.0
2008-10-24 00:00:00+05:30,24.13447522979633,24.65853959169498,21.37625057100884,21.665864944458008,8466868,0.0,0.0
2008-10-27 00:00:00+05:30,21.78998456492512,22.038224294623653,18.81799591948544,20.238481521606445,5580875,0.0,0.0
2008-10-29 00:00:00+05:30,21.803774138899396,22.238194311645387,20.486721173329087,21.727922439575195,8389867,0.0,0.0
2008-10-31 00:00:00+05:30,22.27267393985379,23.72074315213571,22.203719808450888,22.913963317871094,6298262,0.0,0.0
2008-11-03 00:00:00+05:30,23.444920747879543,24.272389238943965,22.286464589949183,23.031185150146484,5427223,0.0,0.0
2008-11-04 00:00:00+05:30,22.479544610398328,25.18260532127728,22.479544610398328,24.47236442565918,5308702,0.0,0.0
2008-11-05 00:00:00+05:30,25.099854501439143,25.623918859783046,24.58268907167548,24.830928802490234,5506079,0.0,0.0
2008-11-06 00:00:00+05:30,24.796448225686426,25.513587867741048,23.824172650866366,25.16191291809082,12230274,0.0,0.0
2008-11-07 00:00:00+05:30,24.824034000768915,27.030614921032896,24.824034000768915,26.56861114501953,3969589,0.0,0.0
2008-11-10 00:00:00+05:30,27.168525805711504,27.858083355292695,26.89270386763974,27.437454223632812,4415821,0.0,0.0
2008-11-11 00:00:00+05:30,27.306435995283394,27.306435995283394,25.67218767835569,26.216938018798828,3306260,0.0,0.0
2008-11-12 00:00:00+05:30,25.658401210270725,26.74789932586918,24.699915147742814,25.582548141479492,4834937,0.0,0.0
2008-11-14 00:00:00+05:30,26.54791960491316,26.961655130895963,25.42394341131563,25.858362197875977,5545801,0.0,0.0
2008-11-17 00:00:00+05:30,25.51358868861655,26.120396886154293,23.658680272603515,24.651641845703125,2596429,0.0,0.0
2008-11-18 00:00:00+05:30,24.13447561397884,24.258596834404766,22.824320097179932,23.78969955444336,2287471,0.0,0.0
2008-11-19 00:00:00+05:30,23.996565685222738,24.94125921466509,23.34838277097535,23.541458129882812,2020737,0.0,0.0
2008-11-20 00:00:00+05:30,23.169097666022672,23.169097666022672,22.06580852439387,22.410587310791016,3812647,0.0,0.0
2008-11-21 00:00:00+05:30,22.61745206568057,23.224263008506924,21.927895897088057,22.3898983001709,3548437,0.0,0.0
2008-11-24 00:00:00+05:30,22.49333637002429,22.879488491014747,21.37625465591001,21.73482322692871,3602999,0.0,0.0
2008-11-25 00:00:00+05:30,21.80377693054932,22.603661902796663,21.789985833651965,22.203720092773438,3460266,0.0,0.0
2008-11-26 00:00:00+05:30,22.47954045681474,22.879483591036827,21.762400763961175,22.67951202392578,1597288,0.0,0.0
2008-11-27 00:00:00+05:30,22.67951202392578,22.67951202392578,22.67951202392578,22.67951202392578,0,0.0,0.0
2008-11-28 00:00:00+05:30,22.55539061780067,23.693159403062186,22.203718350611748,23.334590911865234,2212321,0.0,0.0
2008-12-01 00:00:00+05:30,23.58283179359935,24.189640039243326,22.065807122886856,22.31404685974121,1914877,0.0,0.0
2008-12-02 00:00:00+05:30,21.417623705054286,22.61745177453243,21.307294935851846,22.493331909179688,1878436,0.0,0.0
2008-12-03 00:00:00+05:30,23.044979111958984,23.982776436155593,22.410587281661613,23.824176788330078,3667544,0.0,0.0
2008-12-04 00:00:00+05:30,24.106893913273712,24.106893913273712,23.369068208791177,23.693161010742188,3571267,0.0,0.0
2008-12-05 00:00:00+05:30,23.98277644617984,24.26549461807189,22.838111309055016,23.017396926879883,2260735,0.0,0.0
2008-12-08 00:00:00+05:30,23.720742071383107,23.955192057154928,22.479540718664385,22.603660583496094,3086804,0.0,0.0
2008-12-10 00:00:00+05:30,22.96222938584316,23.224261551837685,22.500225659537218,22.700197219848633,4508603,0.0,0.0
2008-12-11 00:00:00+05:30,23.003603131697236,23.706953112296695,22.424377076640976,22.610557556152344,4329742,0.0,0.0
2008-12-12 00:00:00+05:30,22.2037219448594,22.78294806286338,21.85894314146555,22.4588565826416,4522118,0.0,0.0
2008-12-15 00:00:00+05:30,23.155307011748285,23.155307011748285,22.548497399186157,22.720888137817383,2557520,0.0,0.0
2008-12-16 00:00:00+05:30,22.755365410766153,23.541459335934064,22.755365410766153,23.079458236694336,4734331,0.0,0.0
2008-12-17 00:00:00+05:30,23.444921774218493,23.720743715180614,22.941546055862165,23.141517639160156,6918878,0.0,0.0
2008-12-18 00:00:00+05:30,23.182888372481507,25.3756794500992,23.141516435689635,24.927465438842773,11188445,0.0,0.0
2008-12-19 00:00:00+05:30,24.96194504180814,27.168525968399013,24.272390192499618,26.485864639282227,13155325,0.0,0.0
2008-12-22 00:00:00+05:30,26.06523571192012,27.961516295267888,26.06523571192012,27.07198715209961,10069487,0.0,0.0
2008-12-23 00:00:00+05:30,27.03061499853731,27.25127255031604,25.968699178401284,26.485864639282227,6862964,0.0,0.0
2008-12-24 00:00:00+05:30,26.478968092607538,26.892703701561913,25.72045641539354,26.01007080078125,3923118,0.0,0.0
2008-12-26 00:00:00+05:30,26.334165508041426,26.94787003692695,25.86526547791607,26.037654876708984,1726275,0.0,0.0
2008-12-29 00:00:00+05:30,26.065237003238597,26.89270557437051,25.18950026598126,26.472076416015625,2900109,0.0,0.0
2008-12-30 00:00:00+05:30,26.961663397347372,27.003035339989562,25.92732696966384,26.65825653076172,4350829,0.0,0.0
2008-12-31 00:00:00+05:30,27.154732382895983,27.154732382895983,25.803199660606094,25.941110610961914,2604536,0.0,0.0
2009-01-02 00:00:00+05:30,26.75479100374484,27.55467727190426,26.210040686332714,27.058195114135742,3521984,0.0,0.0
2009-01-05 00:00:00+05:30,27.561578941627324,29.306159177157408,27.347817567651376,29.03033447265625,6870639,0.0,0.0
2009-01-06 00:00:00+05:30,29.168243014599287,30.299115824104156,29.099288872586794,29.87848663330078,9626334,0.0,0.0
2009-01-07 00:00:00+05:30,30.064664524004275,30.064664524004275,26.47896848101153,27.616737365722656,5343607,0.0,0.0
2009-01-09 00:00:00+05:30,27.168522008250854,29.09928071368635,26.727206969020525,28.437305450439453,4234205,0.0,0.0
2009-01-12 00:00:00+05:30,28.409726333995057,28.8234592280332,26.961659852660702,27.16162872314453,3815269,0.0,0.0
2009-01-13 00:00:00+05:30,27.16852742365346,28.80967210951669,27.16852742365346,28.492475509643555,4423419,0.0,0.0
2009-01-14 00:00:00+05:30,28.61659349500869,30.754217456468435,28.61659349500869,30.395648956298828,4726527,0.0,0.0
2009-01-15 00:00:00+05:30,30.06466881621543,30.06466881621543,27.671905704411554,27.83050537109375,4335479,0.0,0.0
2009-01-16 00:00:00+05:30,28.271809383881976,29.023424658360323,27.45123728946196,27.73395538330078,3860917,0.0,0.0
2009-01-19 00:00:00+05:30,28.00288365303128,28.795873558011227,27.968405243162344,28.389034271240234,2315477,0.0,0.0
2009-01-20 00:00:00+05:30,27.85118850988635,28.092532041549635,27.17542337594684,27.63742446899414,1702109,0.0,0.0
2009-01-21 00:00:00+05:30,27.554684876849425,28.092536414240268,27.306442377250768,27.520206451416016,3685305,0.0,0.0
2009-01-22 00:00:00+05:30,27.99599441596098,28.526952324587423,27.451244058184912,28.161487579345703,2276234,0.0,0.0
2009-01-23 00:00:00+05:30,28.926897804889396,29.237198187186372,23.12083065029105,23.762117385864258,48014491,0.0,0.0
2009-01-27 00:00:00+05:30,24.106891721742212,24.734388595171275,23.244947577059506,23.996562957763672,10589435,0.0,0.0
2009-01-28 00:00:00+05:30,23.84486341104226,24.520628475246518,23.3621736931247,23.989667892456055,11558499,0.0,0.0
2009-01-29 00:00:00+05:30,24.14826903826342,24.920573176156367,23.858654648503343,24.382719039916992,9046637,0.0,0.0
2009-01-30 00:00:00+05:30,24.396507175540254,25.03779652548101,23.87244552309571,24.91367530822754,3452252,0.0,0.0
2009-02-02 00:00:00+05:30,24.94815483379112,25.48600895846591,23.927610971361933,24.127582550048828,4516509,0.0,0.0
2009-02-03 00:00:00+05:30,24.40340365771498,24.892989603344706,24.10689305976409,24.610271453857422,2977104,0.0,0.0
2009-02-04 00:00:00+05:30,24.824034459314074,25.1412310471466,24.45167348267605,24.85851287841797,2230174,0.0,0.0
2009-02-05 00:00:00+05:30,24.272389344129827,25.099855134378426,24.272389344129827,24.975736618041992,2949880,0.0,0.0
2009-02-06 00:00:00+05:30,25.037799978655194,25.92732647698173,24.686124950868976,25.651504516601562,2713264,0.0,0.0
2009-02-09 00:00:00+05:30,25.65839858240547,26.33416368066825,25.610127715099722,25.927324295043945,2433160,0.0,0.0
2009-02-10 00:00:00+05:30,25.78940750318703,26.341051252961577,25.66528630728717,26.120393753051758,2440089,0.0,0.0
2009-02-11 00:00:00+05:30,25.51359250438937,26.320372381967697,25.037798965878878,25.94801139831543,2065218,0.0,0.0
2009-02-12 00:00:00+05:30,25.899741208790232,26.189355585037177,25.803202181907356,26.085920333862305,2609975,0.0,0.0
2009-02-13 00:00:00+05:30,26.334161719944113,26.865119585560432,25.68597886365895,25.954904556274414,2135032,0.0,0.0
2009-02-16 00:00:00+05:30,26.20314868870078,26.630674083591835,25.09985813219542,25.803205490112305,2738170,0.0,0.0
2009-02-17 00:00:00+05:30,25.237768023627716,25.513589945183895,24.837824885170445,24.996421813964844,3161985,0.0,0.0
2009-02-18 00:00:00+05:30,25.099854622062537,25.292929969179664,24.562000517178294,24.693017959594727,2194375,0.0,0.0
2009-02-19 00:00:00+05:30,24.65853968381594,24.92057186574418,23.6517883016098,23.71384620666504,2641322,0.0,0.0
2009-02-20 00:00:00+05:30,23.72764123972332,23.72764123972332,22.789843884673086,23.024293899536133,1926104,0.0,0.0
2009-02-24 00:00:00+05:30,22.948440414035886,22.948440414035886,22.127868081409414,22.307153701782227,2298348,0.0,0.0
2009-02-25 00:00:00+05:30,23.08635187052995,23.279427217658583,22.093388885837353,22.35542106628418,1598845,0.0,0.0
2009-02-26 00:00:00+05:30,22.73467770502261,22.73467770502261,20.569470111372713,22.127866744995117,6462354,0.0,0.0
2009-02-27 00:00:00+05:30,22.272672929482944,23.031184566916462,21.886522238819023,22.831212997436523,2984034,0.0,0.0
2009-03-02 00:00:00+05:30,21.37625080944141,22.700198768602903,21.100427529165607,21.617595672607422,2244069,0.0,0.0
2009-03-03 00:00:00+05:30,21.514161533508048,21.8589402919569,20.852187561311016,21.665864944458008,2805990,0.0,0.0
2009-03-04 00:00:00+05:30,21.927898379782977,22.741575859652073,21.672762392730927,21.955480575561523,4340306,0.0,0.0
2009-03-05 00:00:00+05:30,22.341628783989215,22.617452062710502,20.865978772703123,21.12111473083496,4469262,0.0,0.0
2009-03-06 00:00:00+05:30,20.83150051942986,21.355562149917944,20.224689611305294,20.74875259399414,6329583,0.0,0.0
2009-03-09 00:00:00+05:30,20.68669552044491,20.824606490371654,20.107468094551685,20.445350646972656,2955730,0.0,0.0
2009-03-12 00:00:00+05:30,20.74875232671716,21.196964954267308,20.231585574560206,20.390182495117188,3087924,0.0,0.0
2009-03-13 00:00:00+05:30,20.54878401034974,21.024578903700487,20.35570864482248,20.59705352783203,4924635,0.0,0.0
2009-03-16 00:00:00+05:30,20.686695715568042,21.224549855556443,19.997138155028406,20.452245712280273,7465444,0.0,0.0
2009-03-17 00:00:00+05:30,20.9625211434944,21.03147664057352,19.89370891046634,20.141948699951172,6145433,0.0,0.0
2009-03-18 00:00:00+05:30,20.410869491382755,20.734960903351823,20.093674303085724,20.29364585876465,5785701,0.0,0.0
2009-03-19 00:00:00+05:30,20.65911466317151,20.686696858941517,20.1488426892254,20.27296257019043,5184866,0.0,0.0
2009-03-20 00:00:00+05:30,20.383290187620126,20.452245673101814,20.14194531233376,20.279857635498047,3447944,0.0,0.0
2009-03-23 00:00:00+05:30,20.548780559156913,21.22454692940844,20.348809002345813,21.100425720214844,7225472,0.0,0.0
2009-03-24 00:00:00+05:30,21.376250415187464,21.721027818922245,20.624633646744414,20.79012680053711,7104339,0.0,0.0
2009-03-25 00:00:00+05:30,20.617737155903292,21.286605942730827,20.431556696404648,21.14869499206543,4469345,0.0,0.0
2009-03-26 00:00:00+05:30,21.376250200931256,22.314046081891057,21.04526254446257,22.107179641723633,7562169,0.0,0.0
2009-03-27 00:00:00+05:30,22.203720359999387,23.4035471567101,21.962374133089728,23.113935470581055,6428005,0.0,0.0
2009-03-30 00:00:00+05:30,22.7553661191595,23.11393737677917,22.500230126346448,22.76226234436035,5308995,0.0,0.0
2009-03-31 00:00:00+05:30,22.934654328617402,23.24495474914872,21.452107724723188,22.85190773010254,8726739,0.0,0.0
2009-04-01 00:00:00+05:30,23.444921203127702,23.444921203127702,21.91410541147408,22.534706115722656,2938015,0.0,0.0
2009-04-02 00:00:00+05:30,22.75536650342576,23.5690426632072,22.617455519090097,22.776052474975586,5461125,0.0,0.0
2009-04-06 00:00:00+05:30,23.355277822365643,23.56903914003167,22.893274065601418,23.169095993041992,3102303,0.0,0.0
2009-04-08 00:00:00+05:30,22.851897770544145,22.89326969956925,21.858936316726528,22.65882110595703,6101625,0.0,0.0
2009-04-09 00:00:00+05:30,23.141516480469818,24.244806893478625,22.700198692625285,23.603517532348633,10760117,0.0,0.0
2009-04-13 00:00:00+05:30,23.789694994190207,25.727347057221454,23.720738172860443,25.382568359375,7105002,0.0,0.0
2009-04-15 00:00:00+05:30,25.09985475245259,26.472073566437803,24.562000644774272,26.278995513916016,12689718,0.0,0.0
2009-04-16 00:00:00+05:30,26.47896747562739,27.03061403991218,25.258454759535635,26.24452018737793,6140529,0.0,0.0
2009-04-17 00:00:00+05:30,26.47896645077231,28.34077116682178,26.375533907147965,27.864974975585938,10922652,0.0,0.0
2009-04-20 00:00:00+05:30,28.133906401366065,29.223404451858276,27.03061590122618,27.5133056640625,4114054,0.0,0.0
2009-04-21 00:00:00+05:30,26.513445191263347,27.954618117567836,26.478966774832738,26.589298248291016,3771625,0.0,0.0
2009-04-22 00:00:00+05:30,26.754791419424603,27.471928418763177,25.734247600579607,26.154876708984375,2699755,0.0,0.0
2009-04-23 00:00:00+05:30,26.203140315517942,26.451380002916487,25.65149656574339,26.120393753051758,2855874,0.0,0.0
2009-04-24 00:00:00+05:30,26.203140976967358,27.15473052595131,25.927319095117475,26.75478744506836,3216418,0.0,0.0
2009-04-27 00:00:00+05:30,26.878915315149786,27.84429494275304,26.375539529094393,26.947872161865234,4276044,0.0,0.0
2009-04-28 00:00:00+05:30,26.892710208327234,27.292653465029677,25.306729633873882,25.51359748840332,3283148,0.0,0.0
2009-04-29 00:00:00+05:30,25.679081915853377,27.837391733163983,25.10674942667326,27.299537658691406,13094805,0.0,0.0
2009-04-30 00:00:00+05:30,27.306442260742188,27.306442260742188,27.306442260742188,27.306442260742188,0,0.0,0.0
2009-05-04 00:00:00+05:30,28.18906780464252,29.423372923656498,28.154589388578074,28.651071548461914,10045126,0.0,0.0
2009-05-05 00:00:00+05:30,29.61645137752854,29.61645137752854,27.678798807571102,29.07859992980957,7900536,0.0,0.0
2009-05-06 00:00:00+05:30,28.940694109609268,31.71960547013709,28.940694109609268,30.540464401245117,14002013,0.0,0.0
2009-05-07 00:00:00+05:30,30.8921259654008,32.51948059192434,30.754215014746503,31.954044342041016,8171475,0.0,0.0
2009-05-08 00:00:00+05:30,31.678225976408388,32.40915544865751,30.61630748124513,30.98866844177246,2647974,0.0,0.0
2009-05-11 00:00:00+05:30,31.030041447457254,31.27138494921185,29.547493907930978,29.81641960144043,3173921,0.0,0.0
2009-05-12 00:00:00+05:30,29.816422978161892,30.761116533254597,29.4371684746823,29.857797622680664,8802254,0.0,0.0
2009-05-13 00:00:00+05:30,30.312900010056136,31.774758793196902,29.775045949640006,30.030181884765625,7109958,0.0,0.0
2009-05-14 00:00:00+05:30,30.064666806656305,31.099000513942244,28.030475108952423,30.761117935180664,3537765,0.0,0.0
2009-05-15 00:00:00+05:30,31.03004700444292,31.97473791732618,31.03004700444292,31.629959106445312,5191600,0.0,0.0
2009-05-18 00:00:00+05:30,33.09870812817875,37.57393017931168,33.09870812817875,36.42926788330078,36832,0.0,0.0
2009-05-19 00:00:00+05:30,37.92560676477082,39.16680813584895,35.346664996338895,38.111785888671875,8021355,0.0,0.0
2009-05-20 00:00:00+05:30,37.5118697372676,41.09756545484597,37.5118697372676,38.47724914550781,3737831,0.0,0.0
2009-05-21 00:00:00+05:30,38.44967443067462,39.773622586359465,37.27053348482434,37.539459228515625,4063913,0.0,0.0
2009-05-22 00:00:00+05:30,37.236048503090515,37.92560600856319,36.456850901779816,37.649784088134766,5096674,0.0,0.0
2009-05-25 00:00:00+05:30,37.511881652835086,38.89099707662358,37.24295587601388,37.49119567871094,3047278,0.0,0.0
2009-05-26 00:00:00+05:30,37.63598872999021,38.44277116536693,36.83610251819141,37.51186752319336,3593664,0.0,0.0
2009-05-27 00:00:00+05:30,37.9256065819106,39.325404877547776,37.9256065819106,39.146121978759766,4925678,0.0,0.0
2009-05-28 00:00:00+05:30,38.360031407852134,40.27010461790441,38.360031407852134,39.91153335571289,7231481,0.0,0.0
2009-05-29 00:00:00+05:30,40.10460442813842,40.532129755291116,38.55999627112193,39.139225006103516,6522905,0.0,0.0
2009-06-01 00:00:00+05:30,39.814989438950924,39.85636137400268,37.67046931699147,38.966835021972656,7385143,0.0,0.0
2009-06-02 00:00:00+05:30,39.44262666508867,39.67707663413821,38.13246857315482,38.394500732421875,3177607,0.0,0.0
2009-06-03 00:00:00+05:30,38.601373896414614,38.80824170410615,37.71874098191944,37.973876953125,1815736,0.0,0.0
2009-06-04 00:00:00+05:30,37.92560728705719,39.02889771036505,37.036078183186966,38.77376174926758,2695720,0.0,0.0
2009-06-05 00:00:00+05:30,39.58054066024877,40.3666371985073,38.663432088882956,38.93235778808594,2883859,0.0,0.0
2009-06-08 00:00:00+05:30,39.028899045247826,39.29092853524923,36.022431795194976,36.60165786743164,1652420,0.0,0.0
2009-06-09 00:00:00+05:30,36.14655671658563,37.16709799584559,35.498373741070836,35.93279266357422,5386669,0.0,0.0
2009-06-10 00:00:00+05:30,36.54649546821583,36.96023110387083,35.51216178788221,35.739715576171875,4436748,0.0,0.0
2009-06-11 00:00:00+05:30,36.06381143243756,36.33273718425964,33.47797295761407,33.691734313964844,7035630,0.0,0.0
2009-06-12 00:00:00+05:30,34.26405961195338,34.450238730721715,33.09870862653227,33.195247650146484,3547445,0.0,0.0
2009-06-15 00:00:00+05:30,32.05058548427086,33.374533402715464,32.05058548427086,32.595333099365234,5948384,0.0,0.0
2009-06-16 00:00:00+05:30,32.68497471008578,34.588151294828464,32.39536035285073,34.44334411621094,4803276,0.0,0.0
2009-06-17 00:00:00+05:30,34.78812891791044,35.40183344972472,33.10560956759904,33.43659591674805,5566378,0.0,0.0
2009-06-18 00:00:00+05:30,33.64346322966928,34.32612459279292,33.10560906821447,33.912391662597656,7763720,0.0,0.0
2009-06-19 00:00:00+05:30,34.202005388959314,35.58112064683191,34.202005388959314,35.277713775634766,5885335,0.0,0.0
2009-06-22 00:00:00+05:30,35.58111322510179,36.96022549090846,35.0570488873663,35.381141662597656,7115890,0.0,0.0
2009-06-23 00:00:00+05:30,35.3742491326994,36.5396002142822,34.61573744251708,36.325836181640625,4659366,0.0,0.0
2009-06-24 00:00:00+05:30,36.68440535509972,36.96022728073765,34.93982559053606,35.19496154785156,7887500,0.0,0.0
2009-06-25 00:00:00+05:30,35.45009411628273,36.06380122266131,35.40182596001075,35.58800506591797,4716061,0.0,0.0
2009-06-26 00:00:00+05:30,35.52595662118901,36.90506918895763,35.52595662118901,36.71888732910156,4640387,0.0,0.0
2009-06-29 00:00:00+05:30,36.960230662108536,37.78080299425411,36.78094504184079,37.33948516845703,2863184,0.0,0.0
2009-06-30 00:00:00+05:30,37.511861080536036,38.59446522907818,35.94657004366653,36.20170593261719,2741445,0.0,0.0
2009-07-01 00:00:00+05:30,36.53270279918785,36.80852473128398,35.58111578125536,36.360313415527344,1338002,0.0,0.0
2009-07-02 00:00:00+05:30,36.54649743565147,38.118688067853924,36.277571691960176,37.539459228515625,4222947,0.0,0.0
2009-07-03 00:00:00+05:30,37.09813847067402,38.06351792071857,36.96022750701076,37.89112854003906,1758573,0.0,0.0
2009-07-06 00:00:00+05:30,37.649789687847765,38.71170559163844,35.719030548880696,36.305152893066406,4830650,0.0,0.0
2009-07-07 00:00:00+05:30,36.54648880946182,37.19467434026208,35.44319848940406,36.68440246582031,2130987,0.0,0.0
2009-07-08 00:00:00+05:30,37.210497101167626,37.210497101167626,33.48517968199471,33.861976623535156,4077818,1.556248,0.0
2009-07-09 00:00:00+05:30,33.84065501006125,35.532687899977276,33.55628043736763,35.226985931396484,2095908,0.0,0.0
2009-07-10 00:00:00+05:30,36.68440121759439,36.68440121759439,33.819320345753816,34.66533660888672,1343955,0.0,0.0
2009-07-13 00:00:00+05:30,34.551590495041516,34.551590495041516,33.41408953897111,33.81221389770508,1073284,0.0,0.0
2009-07-14 00:00:00+05:30,33.98284151569124,35.82417171103381,33.98284151569124,35.59667205810547,1504238,0.0,0.0
2009-07-15 00:00:00+05:30,35.84549337826326,36.91900928516379,35.12744701638832,36.59197998046875,1512561,0.0,0.0
2009-07-16 00:00:00+05:30,37.25315214054708,37.509089214017585,35.49002729060249,36.1298713684082,1938431,0.0,0.0
2009-07-17 00:00:00+05:30,36.257842222107584,39.2295632944376,36.00190512244119,38.895423889160156,6479888,0.0,0.0
2009-07-20 00:00:00+05:30,39.24378284250338,40.0969092838428,38.83143834938501,39.55659484863281,4506907,0.0,0.0
2009-07-21 00:00:00+05:30,39.95471758667196,40.65143939059339,38.04229532387528,38.26268768310547,5996171,0.0,0.0
2009-07-22 00:00:00+05:30,41.078001704082645,41.078001704082645,37.18916937405013,37.43088912963867,7382521,0.0,0.0
2009-07-23 00:00:00+05:30,38.39065790809653,39.087376979589685,38.10628334590734,38.72480010986328,4323882,0.0,0.0
2009-07-24 00:00:00+05:30,39.243782458172916,39.51393688487302,38.54706342085104,39.06604766845703,2446273,0.0,0.0
2009-07-27 00:00:00+05:30,39.101595660348316,39.5281574879069,38.52573370782028,38.980735778808594,2267618,0.0,0.0
2009-07-28 00:00:00+05:30,38.95940928281312,39.300658752728445,38.39065737802836,38.717689514160156,950661,0.0,0.0
2009-07-29 00:00:00+05:30,38.53284787320353,39.1726920768273,37.65839394236707,38.618160247802734,2133017,0.0,0.0
2009-07-30 00:00:00+05:30,38.67502841957068,40.02581163088095,38.1062793547615,39.69166946411133,2743923,0.0,0.0
2009-07-31 00:00:00+05:30,39.990265372825014,41.03534669167712,39.76276573975862,40.65143966674805,3821196,0.0,0.0
2009-08-03 00:00:00+05:30,41.20597601582655,41.774725161975475,40.2817544709455,40.87183380126953,3302286,0.0,0.0
2009-08-04 00:00:00+05:30,41.077998140126454,42.64917083861775,40.210654465424795,40.58034133911133,2218829,0.0,0.0
2009-08-05 00:00:00+05:30,40.95003302259291,40.95003302259291,39.95471930365787,40.40972137451172,2176244,0.0,0.0
2009-08-06 00:00:00+05:30,40.09690936772787,41.078002964952255,39.96893942536853,40.40972137451172,2730501,0.0,0.0
2009-08-07 00:00:00+05:30,39.95471398652928,40.509245682524686,37.68682235970131,38.006744384765625,3160047,0.0,0.0
2009-08-10 00:00:00+05:30,38.55417300780164,38.945190126301476,36.9830000491232,38.54706573486328,2378510,0.0,0.0
2009-08-11 00:00:00+05:30,38.54706914974306,39.24378829061181,38.26269455923735,38.73902130126953,2200261,0.0,0.0
2009-08-12 00:00:00+05:30,38.390656350017565,38.67503090066546,37.53752990981474,38.035186767578125,1860418,0.0,0.0
2009-08-13 00:00:00+05:30,38.67503356933594,39.087378090357724,37.82190985852467,38.67503356933594,3307396,0.0,0.0
2009-08-14 00:00:00+05:30,39.08737750718075,39.10159762961178,38.41909588288623,38.65370559692383,1403026,0.0,0.0
2009-08-17 00:00:00+05:30,38.10628296402492,38.10628296402492,36.25784275180081,36.634639739990234,2093898,0.0,0.0
2009-08-18 00:00:00+05:30,36.54221503348769,37.46643647612325,35.582448864344634,37.23182678222656,2557670,0.0,0.0
2009-08-19 00:00:00+05:30,37.25315369033599,37.49487344168795,35.83127821253318,35.90237045288086,2055261,0.0,0.0
2009-08-20 00:00:00+05:30,36.34315508093553,37.523313683326975,36.04456318807654,37.381126403808594,4314593,0.0,0.0
2009-08-21 00:00:00+05:30,37.52331080072417,37.52331080072417,36.25783992783725,37.21049880981445,2517141,0.0,0.0
2009-08-24 00:00:00+05:30,37.679717185138685,38.803000842586584,37.62284506326825,38.035186767578125,2526014,0.0,0.0
2009-08-25 00:00:00+05:30,37.60862307733263,38.241357118224116,37.53752804906529,37.708152770996094,1281672,0.0,0.0
2009-08-26 00:00:00+05:30,37.58019564909605,38.106290076193844,37.12519348097215,37.26738357543945,999686,0.0,0.0
2009-08-27 00:00:00+05:30,37.267377966509144,37.267377966509144,36.55643875421164,37.03276824951172,2863364,0.0,0.0
2009-08-28 00:00:00+05:30,37.1820653601205,37.62995460736286,36.72706326335863,37.42378234863281,1371015,0.0,0.0
2009-08-31 00:00:00+05:30,37.110964752377484,38.07784092604263,37.068307179480115,37.85744857788086,1731220,0.0,0.0
2009-09-01 00:00:00+05:30,38.39065476298037,39.22956104684155,38.10628022408828,38.83854675292969,3487542,0.0,0.0
2009-09-02 00:00:00+05:30,38.53284667911212,39.3788631255317,38.53284667911212,39.25800323486328,3264606,0.0,0.0
2009-09-03 00:00:00+05:30,39.428625644516615,40.0755770173963,39.14424832001829,39.69878005981445,3782400,0.0,0.0
2009-09-04 00:00:00+05:30,40.31019080214898,40.594568155538454,39.670346636476424,40.06847381591797,1363495,0.0,0.0
2009-09-07 00:00:00+05:30,40.523464925720226,41.73205797725889,40.3172927106269,41.30549621582031,5139017,0.0,0.0
2009-09-08 00:00:00+05:30,41.660973325581004,42.22972523258766,40.537689633666,41.12065887451172,5369875,0.0,0.0
2009-09-09 00:00:00+05:30,40.67277217350681,41.07089658142366,40.31019249653083,40.89316177368164,1834448,0.0,0.0
2009-09-10 00:00:00+05:30,41.6325341309135,42.1444083164084,41.03534758116945,41.739173889160156,3294390,0.0,0.0
2009-09-11 00:00:00+05:30,41.533005972585705,42.229727868935605,41.277068853171535,41.74628829956055,1999131,0.0,0.0
2009-09-14 00:00:00+05:30,41.390811211651375,42.834016809479145,41.390811211651375,42.50698471069336,2811069,0.0,0.0
2009-09-15 00:00:00+05:30,43.0828452049925,45.20144246074628,42.940657937535704,44.83175277709961,7802141,0.0,0.0
2009-09-16 00:00:00+05:30,45.50003672103649,46.637537708768875,44.7322226481329,45.75597381591797,8824101,0.0,0.0
2009-09-17 00:00:00+05:30,46.18253918705797,46.49535119704787,44.732223382404605,45.3720703125,6982919,0.0,0.0
2009-09-18 00:00:00+05:30,45.50003935561181,45.9123838709263,43.31745967954175,44.177696228027344,6458915,0.0,0.0
2009-09-22 00:00:00+05:30,44.36253550121386,44.917067264685514,43.793786404452746,44.78199005126953,2250114,0.0,0.0
2009-09-23 00:00:00+05:30,44.93129014109943,45.48582193857101,44.220350938299205,44.76777267456055,4209335,0.0,0.0
2009-09-24 00:00:00+05:30,44.078160876876275,44.76776985257555,43.79378632898576,44.0070686340332,4612335,0.0,0.0
2009-09-25 00:00:00+05:30,43.93597152466381,44.710892828074776,43.19659494686348,43.402767181396484,2906262,0.0,0.0
2009-09-29 00:00:00+05:30,43.93597445639679,45.215662735021446,43.31745771152576,44.41230392456055,5656657,0.0,0.0
2009-09-30 00:00:00+05:30,44.575813824797265,46.05456413254271,44.36964159857337,45.827064514160156,5437576,0.0,0.0
2009-10-01 00:00:00+05:30,45.784413459129524,46.068788005270925,44.83886460788549,45.052146911621094,3633365,0.0,0.0
2009-10-05 00:00:00+05:30,44.931287179508836,45.48581894042913,44.39097275181259,45.173004150390625,2472855,0.0,0.0
2009-10-06 00:00:00+05:30,45.4858150186391,46.083001516001204,44.59003387846651,45.734642028808594,3834782,0.0,0.0
2009-10-07 00:00:00+05:30,46.21098019801519,49.61637341831303,45.86262064484045,48.91254425048828,12145444,0.0,0.0
2009-10-08 00:00:00+05:30,49.48128764708365,49.90074218969634,48.91253856041465,49.331993103027344,4608407,0.0,0.0
2009-10-09 00:00:00+05:30,49.48128888299929,49.73011870582641,48.32957055959807,48.720584869384766,3518437,0.0,0.0
2009-10-12 00:00:00+05:30,48.628164399901344,51.10223131116558,48.414884884850984,50.569026947021484,3843460,0.0,0.0
2009-10-13 00:00:00+05:30,51.08801269531249,51.08801269531249,51.08801269531249,51.0880126953125,0,0.0,0.0
2009-10-14 00:00:00+05:30,50.9742717663361,52.68051938771789,50.33442751418809,52.28950500488281,5202472,0.0,0.0
2009-10-15 00:00:00+05:30,52.89378712109077,53.3203460978416,52.24683301963218,52.60230255126953,3111170,0.0,0.0
2009-10-16 00:00:00+05:30,52.68050331268263,54.40808616988765,52.374804192457965,53.98152160644531,7638403,0.0,0.0
2009-10-20 00:00:00+05:30,56.263653729696586,56.263653729696586,53.69716651370949,53.9602165222168,2784029,0.0,0.0
2009-10-21 00:00:00+05:30,53.66161203545574,56.15700374937311,53.66161203545574,55.53137969970703,4860748,0.0,0.0
2009-10-22 00:00:00+05:30,54.82754819006686,55.16879765699814,52.47434107330712,52.92934036254883,4761231,0.0,0.0
2009-10-23 00:00:00+05:30,53.391448162957715,54.457856898552144,53.370123557217504,53.82512283325195,3666845,0.0,0.0
2009-10-26 00:00:00+05:30,54.137935944632304,54.35122105301643,51.19465498351028,51.54301452636719,10748186,0.0,0.0
2009-10-27 00:00:00+05:30,51.04535111013753,53.8322269443555,48.05941032639644,48.27268981933594,9223226,0.0,0.0
2009-10-28 00:00:00+05:30,48.06652884638132,48.06652884638132,45.784416679495315,47.156524658203125,7935117,0.0,0.0
2009-10-29 00:00:00+05:30,46.92191650769645,48.75613949109474,45.748870686198586,48.01676559448242,6284537,0.0,0.0
2009-10-30 00:00:00+05:30,49.05473565585731,50.12113895217756,47.803481909210355,48.53575134277344,3898186,0.0,0.0
2009-11-03 00:00:00+05:30,48.62816846853177,50.33442146124832,46.28207130061134,47.16363525390625,2937655,0.0,0.0
2009-11-04 00:00:00+05:30,47.63996912541561,49.60926668451849,47.63996912541561,48.90543746948242,4013607,0.0,0.0
2009-11-05 00:00:00+05:30,48.649495134125004,50.30597757795275,47.817696093559604,49.765663146972656,3988157,0.0,0.0
2009-11-06 00:00:00+05:30,50.61879104284525,52.53121331871559,50.19222644256838,50.874725341796875,4037763,0.0,0.0
2009-11-09 00:00:00+05:30,51.486129482542,54.67112959391896,51.32972489504882,54.230350494384766,4256792,0.0,0.0
2009-11-10 00:00:00+05:30,55.168796375516465,55.31098086184258,52.993324103714265,53.540748596191406,3115961,0.0,0.0
2009-11-11 00:00:00+05:30,53.775367970978,55.38208585698344,53.63317788255238,55.119041442871094,2295963,0.0,0.0
2009-11-12 00:00:00+05:30,55.29676455129561,56.14988817156918,54.12371608809565,54.827545166015625,3232138,0.0,0.0
2009-11-13 00:00:00+05:30,54.82754321398465,55.396292273917794,53.32745990069887,53.675819396972656,2153035,0.0,0.0
2009-11-16 00:00:00+05:30,54.22324112891481,55.31097434846617,52.822693153853564,53.1923828125,3498281,0.0,0.0
2009-11-17 00:00:00+05:30,53.23503905757879,53.23503905757879,51.51456621980602,52.296600341796875,2832813,0.0,0.0
2009-11-18 00:00:00+05:30,52.29660209270312,52.609416867276146,51.514567944529524,51.7705078125,1733107,0.0,0.0
2009-11-19 00:00:00+05:30,52.040674673385745,52.040674673385745,50.40551671024606,50.68278121948242,3587480,0.0,0.0
2009-11-20 00:00:00+05:30,50.61879444485327,53.30614101182537,49.623480694992544,52.730281829833984,8928188,0.0,0.0
2009-11-23 00:00:00+05:30,53.3203616572934,53.5763015792439,52.054893324358396,52.78716278076172,3430065,0.0,0.0
2009-11-24 00:00:00+05:30,52.893797932972404,55.35364491798537,52.325048796703115,54.77067565917969,8401053,0.0,0.0
2009-11-25 00:00:00+05:30,54.912858319286336,55.310982701365795,53.39856030926721,54.37965393066406,2557747,0.0,0.0
2009-11-26 00:00:00+05:30,54.31566752105614,55.979265615670734,53.55496350565478,54.77778244018555,6985407,0.0,0.0
2009-11-27 00:00:00+05:30,54.0312859215322,55.45316406809262,50.7112058027705,54.628475189208984,4624163,0.0,0.0
2009-11-30 00:00:00+05:30,55.453170824609415,56.75418926416998,55.18301639751456,56.29207992553711,3560662,0.0,0.0
2009-12-01 00:00:00+05:30,56.576457418984006,59.15004861241677,56.576457418984006,58.85145950317383,5513621,0.0,0.0
2009-12-02 00:00:00+05:30,59.15004040368877,62.263951200328776,59.00785592995067,60.678558349609375,7298781,0.0,0.0
2009-12-03 00:00:00+05:30,61.1406754476888,61.48193049653217,58.87278345007601,59.342002868652344,8432709,0.0,0.0
2009-12-04 00:00:00+05:30,59.66903517558107,60.216454088873355,57.52910764165485,58.048091888427734,5444367,0.0,0.0
2009-12-07 00:00:00+05:30,58.29692211778804,58.96520649215896,56.1783247512817,56.58356475830078,3498841,0.0,0.0
2009-12-08 00:00:00+05:30,56.30629800945477,58.36091052621994,56.30629800945477,58.12630081176758,3533920,0.0,0.0
2009-12-09 00:00:00+05:30,57.600203812418535,58.104967947659944,56.59066996541737,56.72574996948242,4416772,0.0,0.0
2009-12-10 00:00:00+05:30,57.031452785244824,58.78747047288892,56.76129278621148,58.48176574707031,3192216,0.0,0.0
2009-12-11 00:00:00+05:30,59.00786969432914,59.10028934499113,56.74708751883098,57.11677169799805,6174842,0.0,0.0
2009-12-14 00:00:00+05:30,57.23052225971383,57.4864565810563,55.35364454611554,55.65934371948242,4580453,0.0,0.0
2009-12-15 00:00:00+05:30,56.16410484194842,56.29207477125643,53.17816398967171,53.419883728027344,3585974,0.0,0.0
2009-12-16 00:00:00+05:30,52.915126117708766,54.38676948675324,51.50036324265541,53.71849060058594,6617111,0.0,0.0
2009-12-17 00:00:00+05:30,53.88911615531911,55.595369281404025,53.60474156372481,54.912864685058594,3208795,0.0,0.0
2009-12-18 00:00:00+05:30,54.45785048080384,55.31097402282955,54.0312859215322,54.628475189208984,3180928,0.0,0.0
2009-12-21 00:00:00+05:30,54.32988745029965,55.709110988923484,54.32988745029965,55.24700164794922,2227917,0.0,0.0
2009-12-22 00:00:00+05:30,55.595364632361765,56.32762844741822,54.898639970568944,56.13567352294922,2518236,0.0,0.0
2009-12-23 00:00:00+05:30,56.44847681831844,56.86082125164568,56.1641023085268,56.71152114868164,1507821,0.0,0.0
2009-12-24 00:00:00+05:30,56.91059578816592,57.713954612239235,56.761295659769516,57.31583023071289,2009392,0.0,0.0
2009-12-29 00:00:00+05:30,57.585986156537295,57.79927126311821,56.87505253082335,57.07411193847656,1191311,0.0,0.0
2009-12-30 00:00:00+05:30,56.34895290671822,57.422466094093565,55.638013771147854,56.4769172668457,1685058,0.0,0.0
2009-12-31 00:00:00+05:30,56.87504952176035,57.443798622848384,54.74934208873119,55.27543640136719,2905645,0.0,0.0
2010-01-04 00:00:00+05:30,55.453163245788964,56.83949107221725,54.96261373107495,56.71152114868164,2056253,0.0,0.0
2010-01-05 00:00:00+05:30,56.8608269606292,57.8703607541376,56.7399670847684,57.70684051513672,2572865,0.0,0.0
2010-01-06 00:00:00+05:30,57.728177991578384,58.53864692240283,56.6475546093187,57.9912223815918,1972375,0.0,0.0
2010-01-07 00:00:00+05:30,57.84192057067394,58.581294371116805,57.60731087923789,58.46754455566406,2035501,0.0,0.0
2010-01-08 00:00:00+05:30,58.581300885849764,58.72349095923746,57.123877727959936,57.66419219970703,817006,0.0,0.0
2010-01-11 00:00:00+05:30,57.05278197104074,58.29691988153726,57.05278197104074,57.813480377197266,582601,0.0,0.0
2010-01-12 00:00:00+05:30,57.79927104103049,58.42489508292303,56.61200235480337,56.70442199707031,1286849,0.0,0.0
2010-01-13 00:00:00+05:30,56.00769322437076,57.13097674206846,55.6877739858881,56.14988327026367,2337843,0.0,0.0
2010-01-14 00:00:00+05:30,56.44849368761131,56.96747802014108,55.552709531679824,55.893959045410156,2848616,0.0,0.0
2010-01-15 00:00:00+05:30,56.16410937093989,56.29918379475255,54.60004658215247,54.7635612487793,3827205,0.0,0.0
2010-01-18 00:00:00+05:30,54.3156736171308,56.02192669178152,54.04551915738967,55.73044204711914,2766438,0.0,0.0
2010-01-19 00:00:00+05:30,55.822860526123016,56.87504914441411,55.822860526123016,56.29207992553711,1329104,0.0,0.0
2010-01-20 00:00:00+05:30,56.43426403363869,57.51489288781715,56.43426403363869,57.23051834106445,2393896,0.0,0.0
2010-01-21 00:00:00+05:30,56.875054163447516,57.287393112999425,55.92239515898793,56.334739685058594,1498949,0.0,0.0
2010-01-22 00:00:00+05:30,55.538480439556146,56.803954152608625,54.60004721659386,55.481605529785156,2641291,0.0,0.0
2010-01-25 00:00:00+05:30,54.82754352751441,56.021916560204005,54.79910328609617,55.46027755737305,1763318,0.0,0.0
2010-01-27 00:00:00+05:30,55.16878628759953,56.10011485702872,51.91269132434434,52.936439514160156,2795503,0.0,0.0
2010-01-28 00:00:00+05:30,53.32034809751972,54.443631636559694,52.054880086402946,53.021759033203125,7175207,0.0,0.0
2010-01-29 00:00:00+05:30,53.178170945585,56.72575124700705,51.15910878262958,55.510047912597656,7067142,0.0,0.0
2010-02-01 00:00:00+05:30,55.31097539505448,57.74238730905505,54.86308622144387,57.500667572021484,2873347,0.0,0.0
2010-02-02 00:00:00+05:30,57.44379645975813,58.581294619100824,56.94613683265714,57.42246627807617,3786780,0.0,0.0
2010-02-03 00:00:00+05:30,58.22582706571658,58.22582706571658,56.90348401557707,57.10965347290039,1718559,0.0,0.0
2010-02-04 00:00:00+05:30,56.732848953614614,57.017223451504044,55.6664404041413,55.972145080566406,1466748,0.0,0.0
2010-02-05 00:00:00+05:30,54.749340217376776,55.23277972503659,53.761136596819156,54.2019157409668,1186340,0.0,0.0
2010-02-08 00:00:00+05:30,54.17348187812169,55.65933957301564,53.874887211701115,55.26121520996094,1644000,0.0,0.0
2010-02-09 00:00:00+05:30,54.791996759106745,55.45317107302069,54.72801178830744,55.09059143066406,1086459,0.0,0.0
2010-02-10 00:00:00+05:30,55.87973675712022,55.87973675712022,54.07395414806036,54.34410858154297,1516786,0.0,0.0
2010-02-11 00:00:00+05:30,54.884429921858626,55.02661442915711,54.351225472321346,54.72801971435547,947720,0.0,0.0
2010-02-15 00:00:00+05:30,55.4531743922216,55.79442387256483,54.045516103416816,54.32278060913086,724470,0.0,0.0
2010-02-16 00:00:00+05:30,54.315660666052125,55.28253959430219,53.107067582257145,54.84175491333008,1460985,0.0,0.0
2010-02-17 00:00:00+05:30,55.15458241425859,55.58114707391738,53.974423720997905,54.358333587646484,1489654,0.0,0.0
2010-02-18 00:00:00+05:30,54.855987959448726,54.88442820593071,53.63317446762061,53.88911437988281,1297947,0.0,0.0
2010-02-19 00:00:00+05:30,53.60474155966271,54.84887970072862,53.057316985560725,54.0455207824707,1454591,0.0,0.0
2010-02-22 00:00:00+05:30,55.15457261206659,55.16879273271573,53.64738481272354,54.4365234375,1057368,0.0,0.0
2010-02-23 00:00:00+05:30,54.031291857012555,54.528951493584955,53.6189473722736,53.924652099609375,747423,0.0,0.0
2010-02-24 00:00:00+05:30,53.75402874357199,54.66403288809495,53.370124491824626,54.258792877197266,2239288,0.0,0.0
2010-02-25 00:00:00+05:30,54.315667787697556,55.851295947723685,53.9602037794595,54.258792877197266,1581234,0.0,0.0
2010-02-26 00:00:00+05:30,54.52895450703906,56.44137691484173,54.457859472668595,55.879737854003906,1914893,0.0,0.0
2010-03-02 00:00:00+05:30,55.73754590422731,58.22582741107086,55.73754590422731,57.58598327636719,2826619,0.0,0.0
2010-03-03 00:00:00+05:30,58.275598412440566,59.576611300722945,57.72817391033116,59.114501953125,3315862,0.0,0.0
2010-03-04 00:00:00+05:30,59.00786008323299,61.49614152570678,58.88700020496408,61.261531829833984,4955961,0.0,0.0
2010-03-05 00:00:00+05:30,61.439265347675004,62.83981343331388,60.85629615036866,61.11223602294922,4213663,0.0,0.0
2010-03-08 00:00:00+05:30,62.39193320657812,62.39193320657812,60.365760845620045,61.23310470581055,3113098,0.0,0.0
2010-03-09 00:00:00+05:30,60.998485475837334,61.1406699549399,60.01028187648023,60.159576416015625,1910030,0.0,0.0
2010-03-10 00:00:00+05:30,60.1453666473744,60.842091348013845,59.16427293958421,59.35622787475586,2940683,0.0,0.0
2010-03-11 00:00:00+05:30,60.0600614104909,60.0600614104909,58.062323541937694,58.311153411865234,2892773,0.0,0.0
2010-03-12 00:00:00+05:30,58.709266754568915,59.34911088728814,58.01254771175283,58.13340759277344,1186155,0.0,0.0
2010-03-15 00:00:00+05:30,58.15473566963433,58.22582512229273,56.59777739439327,56.84660720825195,1551886,0.0,0.0
2010-03-16 00:00:00+05:30,57.21629967692548,57.42957919829278,56.60489020344561,56.91059494018555,1689972,0.0,0.0
2010-03-17 00:00:00+05:30,57.14520379705083,57.55043822755164,56.16411020618143,56.58356475830078,1324807,0.0,0.0
2010-03-18 00:00:00+05:30,56.59067915103447,57.85615308977323,56.213884897797996,57.53622817993164,2966150,0.0,0.0
2010-03-19 00:00:00+05:30,58.22582542883613,58.53864021294874,57.230517321197546,57.97700119018555,4334389,0.0,0.0
2010-03-22 00:00:00+05:30,57.301609137206405,57.984113641913424,56.3347356556058,56.72574996948242,2584354,0.0,0.0
2010-03-23 00:00:00+05:30,57.017242427138676,57.2802924105541,55.950833522758934,56.93903732299805,2194997,0.0,0.0
2010-03-25 00:00:00+05:30,56.83950179450437,58.97942386968791,56.249422484179235,58.012550354003906,3593386,0.0,0.0
2010-03-26 00:00:00+05:30,58.36801994462365,59.43442873975672,58.36801994462365,58.77325439453125,1907295,0.0,0.0
2010-03-29 00:00:00+05:30,59.24958690706065,59.84677630897292,58.04099355672875,58.44622802734375,1989482,0.0,0.0
2010-03-30 00:00:00+05:30,59.00786240922321,59.69036134174952,58.510202755200645,58.723487854003906,1392354,0.0,0.0
2010-03-31 00:00:00+05:30,59.98895569228576,59.98895569228576,58.05520315080329,58.32536315917969,1348649,0.0,0.0
2010-04-01 00:00:00+05:30,58.01255297397447,59.1500512790922,58.01255297397447,58.7306022644043,1202800,0.0,0.0
2010-04-05 00:00:00+05:30,59.29222897987656,59.85387353025461,58.72347994602834,59.66191864013672,1598347,0.0,0.0
2010-04-06 00:00:00+05:30,59.15004189278844,60.415515527067036,59.15004189278844,59.939186096191406,1590204,0.0,0.0
2010-04-07 00:00:00+05:30,60.00317733126087,61.695210150775765,60.00317733126087,61.126461029052734,5144065,0.0,0.0
2010-04-08 00:00:00+05:30,60.86341769171293,61.12646767443144,59.72591932460346,60.35154342651367,1344726,0.0,0.0
2010-04-09 00:00:00+05:30,57.33716326460243,60.64302394201424,57.33716326460243,59.87520980834961,1864962,0.0,0.0
2010-04-12 00:00:00+05:30,60.1453498853996,60.1453498853996,58.65238234308074,59.20691680908203,1530584,0.0,0.0
2010-04-13 00:00:00+05:30,59.15003552367982,59.64769508199957,58.64527148229941,58.908321380615234,1233412,0.0,0.0
2010-04-15 00:00:00+05:30,59.07895719034102,59.32067695537672,57.35137410703461,57.59309387207031,2699765,0.0,0.0
2010-04-16 00:00:00+05:30,57.57177012938707,57.72817474230741,56.590670932698394,56.633331298828125,3363053,0.0,0.0
2010-04-19 00:00:00+05:30,56.02192127538988,56.09301630840139,54.82043808122073,55.18301773071289,3401042,0.0,0.0
2010-04-20 00:00:00+05:30,55.58114089695927,57.84903280731309,55.45317095563156,57.159423828125,7741467,0.0,0.0
2010-04-21 00:00:00+05:30,57.42958653271325,57.799276288380696,56.02192812827078,56.327632904052734,3821160,0.0,0.0
2010-04-22 00:00:00+05:30,55.168792468290334,57.18074435237329,55.168792468290334,56.789730072021484,10539505,0.0,0.0
2010-04-23 00:00:00+05:30,57.44379587952076,58.90832892726986,57.05278158826109,58.069419860839844,5943398,0.0,0.0
2010-04-26 00:00:00+05:30,58.58129861564337,58.72348868352076,57.51489541263679,58.28981399536133,6100710,0.0,0.0
2010-04-27 00:00:00+05:30,59.07895921832881,59.86098787456348,58.30403504673463,59.56239318847656,9298283,0.0,0.0
2010-04-28 00:00:00+05:30,58.29691832660799,59.55528190113184,56.79684058287934,58.026763916015625,10291806,0.0,0.0
2010-04-29 00:00:00+05:30,58.15473722290296,58.96520607821496,57.01723345525146,57.44379806518555,7485461,0.0,0.0
2010-04-30 00:00:00+05:30,58.012547290324136,61.53880284374967,57.75660740848839,61.09090805053711,9618659,0.0,0.0
2010-05-03 00:00:00+05:30,61.42504905605444,61.42504905605444,58.24715322681234,60.90605926513672,3219251,0.0,0.0
2010-05-04 00:00:00+05:30,60.99849806837273,62.48435601610646,60.44396342879596,60.85630798339844,4958794,0.0,0.0
2010-05-05 00:00:00+05:30,60.11693412723891,62.27818661694081,59.09318558941551,61.90849685668945,3344105,0.0,0.0
2010-05-06 00:00:00+05:30,61.42505296979868,62.9820057122006,60.44395380797897,62.42747116088867,2452288,0.0,0.0
2010-05-07 00:00:00+05:30,62.06489374553859,62.06489374553859,59.526841978382315,60.337310791015625,2491824,0.0,0.0
2010-05-10 00:00:00+05:30,61.425052177312075,62.06489629655955,60.70700296713365,61.36817169189453,2586097,0.0,0.0
2010-05-11 00:00:00+05:30,61.42505081049603,61.78051480081877,59.37754855916103,59.775672912597656,2308799,0.0,0.0
2010-05-12 00:00:00+05:30,60.07426497406022,60.813638741327516,58.46754193223595,60.500823974609375,3599339,0.0,0.0
2010-05-13 00:00:00+05:30,60.742549304559816,62.846926566151254,60.66434978807362,62.15020751953125,7454355,0.0,0.0
2010-05-14 00:00:00+05:30,61.92271653140807,62.56256075703693,60.06005877287698,60.35154342651367,3488632,0.0,0.0
2010-05-17 00:00:00+05:30,59.903640258537,60.78519850048141,59.043401044191555,60.500823974609375,2828557,0.0,0.0
2010-05-18 00:00:00+05:30,60.35864723021798,61.759195434833174,60.35864723021798,61.52458572387695,2060936,0.0,0.0
2010-05-19 00:00:00+05:30,60.57192848196269,61.60278699668119,59.896539574357895,60.13114929199219,3932957,0.0,0.0
2010-05-20 00:00:00+05:30,60.31598958479032,61.140672988141105,59.811219881161804,60.51504898071289,1633632,0.0,0.0
2010-05-21 00:00:00+05:30,59.28512860864844,59.86098779659511,58.2969249096444,58.77325439453125,2860187,0.0,0.0
2010-05-24 00:00:00+05:30,59.15003973651754,59.6619194504508,57.77082191657399,57.998321533203125,2058577,0.0,0.0
2010-05-25 00:00:00+05:30,57.4438024271686,57.827706701698204,55.75176955698504,56.612003326416016,3545584,0.0,0.0
2010-05-26 00:00:00+05:30,58.25426493319839,58.25426493319839,55.175904284876886,55.60957336425781,3735996,0.0,0.0
2010-05-27 00:00:00+05:30,55.581138565031864,57.1167610669819,54.91996428025738,56.23520278930664,4621321,0.0,0.0
2010-05-28 00:00:00+05:30,57.159416329937216,58.04098010547308,55.76597843275659,56.6901969909668,6010277,0.0,0.0
2010-05-31 00:00:00+05:30,56.86083529097999,58.538648101273004,56.462710878972025,58.19028854370117,2732413,0.0,0.0
2010-06-01 00:00:00+05:30,58.29691794940973,59.41309146280958,57.038559959545736,57.55043411254883,2817551,0.0,0.0
2010-06-02 00:00:00+05:30,57.87035950302068,58.22582348587678,56.47691593048513,57.63574981689453,2813002,0.0,0.0
2010-06-03 00:00:00+05:30,58.70926708658303,59.405986133339226,58.01254803982685,59.21403121948242,2335772,0.0,0.0
2010-06-04 00:00:00+05:30,59.292231728334784,60.27332525133041,58.517307648471885,59.72590637207031,3233038,0.0,0.0
2010-06-07 00:00:00+05:30,59.13583038288861,60.78520274820604,57.62864250218426,60.32309341430664,3389100,0.0,0.0
2010-06-08 00:00:00+05:30,60.287544474334794,61.8231724905616,59.78989044818819,60.500823974609375,3745583,0.0,0.0
2010-06-09 00:00:00+05:30,60.71411419214889,61.47481820446062,60.42973964219847,60.88473892211914,2448556,0.0,0.0
2010-06-10 00:00:00+05:30,61.1335650646993,61.5245849624662,60.472396306745864,61.14778518676758,1458194,0.0,0.0
2010-06-11 00:00:00+05:30,61.42505326444648,61.97958224190017,60.856298588868455,61.46059799194336,2142738,0.0,0.0
2010-06-14 00:00:00+05:30,62.00643120981568,62.72692888995691,61.16948980613155,62.494041442871094,1946641,1.94531,0.0
2010-06-15 00:00:00+05:30,62.58864592122851,62.908868995278304,61.75898301562015,62.617759704589844,1298256,0.0,0.0
2010-06-16 00:00:00+05:30,62.58865790180829,62.879772956806306,61.72988675703953,62.006439208984375,1007073,0.0,0.0
2010-06-17 00:00:00+05:30,61.933657343020684,62.00643610312475,60.841998775802786,61.16221618652344,1289368,0.0,0.0
2010-06-18 00:00:00+05:30,61.162210855244716,61.700764499333886,60.405326658460176,60.65277099609375,1309287,0.0,0.0
2010-06-21 00:00:00+05:30,60.98754264312104,61.78809748281307,60.936599230259866,61.63526153564453,1176357,0.0,0.0
2010-06-22 00:00:00+05:30,61.56975584759788,61.788092080379165,61.009372646537024,61.103981018066406,1094612,0.0,0.0
2010-06-23 00:00:00+05:30,60.9875465076842,61.6934873037227,60.427163222116825,61.518821716308594,1665580,0.0,0.0
2010-06-24 00:00:00+05:30,61.51882281264242,62.865209828445465,61.43149287167176,62.544986724853516,6159549,0.0,0.0
2010-06-25 00:00:00+05:30,62.22475571973714,63.491085371692705,61.91909525656818,63.0107536315918,1688368,0.0,0.0
2010-06-28 00:00:00+05:30,63.31642991920551,64.91753407248349,63.09809935103578,64.6773681640625,2795462,0.0,0.0
2010-06-29 00:00:00+05:30,64.48086306755317,66.56957716475249,64.04419628945848,65.21591186523438,5334009,0.0,0.0
2010-06-30 00:00:00+05:30,63.76764197850243,66.05285120475213,63.36008328663817,65.31780242919922,4165141,0.0,0.0
2010-07-01 00:00:00+05:30,65.1868166407665,66.22753181739917,64.93937227468993,65.79814910888672,2743820,0.0,0.0
2010-07-02 00:00:00+05:30,66.43857818384629,66.78063088560947,65.2086350129258,65.68169403076172,2720178,0.0,0.0
2010-07-05 00:00:00+05:30,65.20863261886439,66.780628433834,64.7865284458107,66.4385757446289,2315117,0.0,0.0
2010-07-06 00:00:00+05:30,66.37308852139013,67.45747436704872,65.90731358327794,66.74425506591797,2823098,0.0,0.0
2010-07-07 00:00:00+05:30,66.41675135170233,67.6539731268752,66.37308637980966,67.04264068603516,2306553,0.0,0.0
2010-07-08 00:00:00+05:30,67.5375156817261,68.03240433313192,67.24640638930651,67.47929382324219,2061065,0.0,0.0
2010-07-09 00:00:00+05:30,67.64668631042663,68.22890489224513,67.56662911470723,67.98873901367188,4717830,0.0,0.0
2010-07-12 00:00:00+05:30,68.26528511446813,69.72083714330441,67.91595399760769,68.89845275878906,3784847,0.0,0.0
2010-07-13 00:00:00+05:30,68.89846410812221,69.32057403767362,68.4399619467045,69.02218627929688,2439149,0.0,0.0
2010-07-14 00:00:00+05:30,72.63194165692674,72.63194165692674,68.1925178676382,68.71651458740234,1144296,0.0,0.0
2010-07-15 00:00:00+05:30,68.4108538935425,69.13863002809653,68.04696582626548,68.978515625,827811,0.0,0.0
2010-07-16 00:00:00+05:30,69.1313434559443,70.31761590405401,68.86934225155345,69.71356201171875,2758409,0.0,0.0
2010-07-19 00:00:00+05:30,71.14000806168652,74.93899739543976,71.03084278418393,72.26805877685547,16799593,0.0,0.0
2010-07-20 00:00:00+05:30,72.84299207835922,73.06860104071372,70.61599910927946,70.8125,4451106,0.0,0.0
2010-07-21 00:00:00+05:30,70.95806924997504,71.72951040414426,70.22302033004091,70.47773742675781,2357881,0.0,0.0
2010-07-22 00:00:00+05:30,70.59417527128434,71.39473014607198,69.88095604279104,70.6960678100586,3490010,0.0,0.0
2010-07-23 00:00:00+05:30,71.17639048695642,71.32194798763686,69.86640152375755,70.06289672851562,1681043,0.0,0.0
2010-07-26 00:00:00+05:30,70.59416926060092,70.59416926060092,67.98873690628284,68.28712463378906,2048131,0.0,0.0
2010-07-27 00:00:00+05:30,68.41084875788724,68.95668081782672,67.59574274518516,68.19979095458984,2914117,0.0,0.0
2010-07-28 00:00:00+05:30,68.55639954245338,70.30306096690538,68.4108477537569,69.67717742919922,3481451,0.0,0.0
2010-07-29 00:00:00+05:30,69.57528043635573,70.95805373752287,69.29872805955611,70.71788787841797,3968345,0.0,0.0
2010-07-30 00:00:00+05:30,70.57233865657372,71.44566649015678,69.43700961862335,69.72811889648438,4075382,0.0,0.0
2010-08-02 00:00:00+05:30,70.5941828989566,71.11818541617018,70.04835074924974,70.6815185546875,2607286,0.0,0.0
2010-08-03 00:00:00+05:30,71.3073937825611,72.26805733920969,71.03084137115039,71.64945220947266,2361310,0.0,0.0
2010-08-04 00:00:00+05:30,71.91872729706961,71.96239226616636,69.91734866187531,70.16478729248047,2843480,0.0,0.0
2010-08-05 00:00:00+05:30,70.50683442125762,71.16183168704279,69.64805781804809,69.85911560058594,1900021,0.0,0.0
2010-08-06 00:00:00+05:30,69.43701562439631,70.36128694797439,69.0076272616932,69.31329345703125,788090,0.0,0.0
2010-08-09 00:00:00+05:30,69.3569479951089,71.01627362719077,69.13861747780898,70.8125,1335864,0.0,0.0
2010-08-10 00:00:00+05:30,71.01627768559835,71.81683247575509,70.17933637667367,70.45589447021484,2435180,0.0,0.0
2010-08-11 00:00:00+05:30,70.44861798812843,70.88527905985202,70.06289461894877,70.36128234863281,731045,0.0,0.0
2010-08-12 00:00:00+05:30,70.44862084331574,72.03516793262072,69.57528724730385,71.71495056152344,1888912,0.0,0.0
2010-08-13 00:00:00+05:30,71.97694873832582,73.86916208543357,71.97694873832582,73.24327850341797,4747295,0.0,0.0
2010-08-16 00:00:00+05:30,73.57804690128776,74.37860171189091,71.79499897301032,73.43977355957031,2165069,0.0,0.0
2010-08-17 00:00:00+05:30,73.4397852868836,75.89966055099784,73.4397852868836,75.37566375732422,5642335,0.0,0.0
2010-08-18 00:00:00+05:30,76.27082219267342,76.92581956987841,75.19371488717316,76.70748901367188,4558534,0.0,0.0
2010-08-19 00:00:00+05:30,76.87487508222287,78.5123713566983,76.18349119148442,78.11209106445312,4794465,0.0,0.0
2010-08-20 00:00:00+05:30,78.11936268303842,78.50508604907095,76.4964234429088,76.9112548828125,3269669,0.0,0.0
2010-08-23 00:00:00+05:30,77.09319304616295,77.58080319661292,76.5983101592358,77.11502838134766,1510957,0.0,0.0
2010-08-24 00:00:00+05:30,77.14415774477096,77.43526706311604,73.94922227233575,74.32038879394531,2876817,0.0,0.0
2010-08-25 00:00:00+05:30,74.08750132686488,75.31016046370955,72.95945057774695,74.34222412109375,4672161,0.0,0.0
2010-08-26 00:00:00+05:30,74.81527356912746,75.54304397256249,73.87643964450045,74.42227172851562,3576345,0.0,0.0
2010-08-27 00:00:00+05:30,75.2373825545826,75.38293435003409,72.63194433413967,73.08316802978516,1859395,0.0,0.0
2010-08-30 00:00:00+05:30,73.50527973363886,74.50960826851012,72.95944764306887,73.24327850341797,3208764,0.0,0.0
2010-08-31 00:00:00+05:30,73.06861549406956,75.68132660775947,72.06428692381036,74.80799865722656,5369438,0.0,0.0
2010-09-01 00:00:00+05:30,74.96809906530353,76.12526346682706,74.23304455367894,75.74681854248047,4372013,0.0,0.0
2010-09-02 00:00:00+05:30,81.94746633088731,81.94746633088731,75.91421099772376,76.2853775024414,3468347,0.0,0.0
2010-09-03 00:00:00+05:30,76.67107895902647,78.13390932960117,76.61286281891728,77.93013000488281,3535606,0.0,0.0
2010-09-06 00:00:00+05:30,78.16303604894645,78.87626100134042,77.72637493385412,78.55603790283203,1959395,0.0,0.0
2010-09-07 00:00:00+05:30,78.59969915616978,79.02180906709624,77.51531344893776,78.41047668457031,4313683,0.0,0.0
2010-09-08 00:00:00+05:30,77.72637246559108,79.68408610069775,77.62448563644975,79.34931182861328,2320797,0.0,0.0
2010-09-09 00:00:00+05:30,80.05526350145595,82.84991890579289,79.61859663220187,82.23130798339844,4527957,0.0,0.0
2010-09-13 00:00:00+05:30,82.67524413542506,85.87745226543404,82.40596445484859,84.16718292236328,7925751,0.0,0.0
2010-09-14 00:00:00+05:30,84.71301447996338,85.2879546520174,84.13079015302141,84.8658447265625,4528508,0.0,0.0
2010-09-15 00:00:00+05:30,85.00412574583261,85.86290250911564,84.18901966137057,84.80762481689453,2614046,0.0,0.0
2010-09-16 00:00:00+05:30,84.4219179776338,86.72168472331101,83.01730892560998,83.30113983154297,4925036,0.0,0.0
2010-09-17 00:00:00+05:30,83.40300931408001,85.14966495092453,82.8498988414536,83.5485610961914,2785129,0.0,0.0
2010-09-20 00:00:00+05:30,84.40733953540696,84.85855749075061,83.26473204736561,83.73778533935547,1207427,0.0,0.0
2010-09-21 00:00:00+05:30,83.83967744265057,84.62567539983849,80.78302696598718,81.72185516357422,4045988,0.0,0.0
2010-09-22 00:00:00+05:30,81.94745724441131,83.83239763521114,81.94745724441131,83.5412826538086,2834484,0.0,0.0
2010-09-23 00:00:00+05:30,83.98523294324617,84.24723415892387,80.78302503995315,81.78007507324219,2712514,0.0,0.0
2010-09-24 00:00:00+05:30,81.80918758519245,84.1162381134157,81.14691748141385,83.47579193115234,3241119,0.0,0.0
2010-09-27 00:00:00+05:30,83.91247124225899,84.71302623502606,83.6941406572253,84.49468994140625,1688379,0.0,0.0
2010-09-28 00:00:00+05:30,84.71302272344235,84.85857453790258,83.72324526733485,84.13079833984375,1866237,0.0,0.0
2010-09-29 00:00:00+05:30,84.49466582666747,85.06961162299898,83.05367638468228,83.41028594970703,2519146,0.0,0.0
2010-09-30 00:00:00+05:30,82.83535230003154,85.22245434387911,82.02024623433225,84.8658447265625,2445734,0.0,0.0
2010-10-01 00:00:00+05:30,85.14966760237212,85.86289247868994,84.82945024660512,85.36800384521484,2147221,0.0,0.0
2010-10-04 00:00:00+05:30,85.87743990381534,87.31843506747111,84.71300282727607,85.23699951171875,3343884,0.0,0.0
2010-10-05 00:00:00+05:30,85.23701060561403,91.51043187058463,85.23701060561403,90.74626922607422,6779856,0.0,0.0
2010-10-06 00:00:00+05:30,90.97187697922072,95.09108360720153,90.70259730604684,92.42015075683594,6504435,0.0,0.0
2010-10-07 00:00:00+05:30,93.44630216745541,93.44630216745541,90.28048087604056,90.9864273071289,3098535,0.0,0.0
2010-10-08 00:00:00+05:30,91.2629706506269,92.13629841014972,88.65753855327901,90.07669830322266,2526029,0.0,0.0
2010-10-11 00:00:00+05:30,90.9282113132875,91.55409488286625,90.26593551324274,90.78265380859375,1040888,0.0,0.0
2010-10-12 00:00:00+05:30,90.40420369692808,91.40853786303293,88.81037822539817,89.98937225341797,1808843,0.0,0.0
2010-10-13 00:00:00+05:30,90.3532694327861,93.9339225534005,90.3532694327861,92.9878158569336,2740797,0.0,0.0
2010-10-14 00:00:00+05:30,93.15519788484865,95.48407797468448,92.98781075226938,94.76358032226562,4819669,0.0,0.0
2010-10-15 00:00:00+05:30,94.7635924522079,95.0474290487665,93.52637635165587,93.97032165527344,3147139,0.0,0.0
2010-10-18 00:00:00+05:30,93.7374264125462,94.88730676295597,91.55409801886539,94.17408752441406,7110302,0.0,0.0
2010-10-19 00:00:00+05:30,94.3196445433316,95.41130873449188,91.73604157435308,92.3182601928711,8334709,0.0,0.0
2010-10-20 00:00:00+05:30,91.69963996812143,97.23073306001199,90.82630647541008,95.3821792602539,12596370,0.0,0.0
2010-10-21 00:00:00+05:30,96.22642008882629,103.6351709695403,96.22642008882629,102.42706298828125,26127856,0.0,0.0
2010-10-22 00:00:00+05:30,102.68905364234733,107.56514432744369,101.05155743453045,106.5462646484375,14358069,0.0,0.0
2010-10-25 00:00:00+05:30,106.98293222915503,108.42392760941902,104.9451613303121,105.56376647949219,6720169,0.0,0.0
2010-10-26 00:00:00+05:30,105.96403254402551,107.41958469994958,105.53464420134112,106.83009338378906,4008765,0.0,0.0
2010-10-27 00:00:00+05:30,106.82281209574415,108.722309536941,105.09071320407988,108.14009094238281,7228011,0.0,0.0
2010-10-28 00:00:00+05:30,108.43848160957734,108.68592594608288,103.37316257458582,104.22465515136719,7559197,0.0,0.0
2010-10-29 00:00:00+05:30,103.78071130171361,105.96402802532506,103.3877094962524,105.0179214477539,4272831,0.0,0.0
2010-11-01 00:00:00+05:30,105.67290576345168,108.58399801902152,105.67290576345168,108.00906372070312,5514824,0.0,0.0
2010-11-02 00:00:00+05:30,107.70342432891918,111.17491787402636,107.22309253497062,107.85625457763672,6253688,0.0,0.0
2010-11-03 00:00:00+05:30,108.19102074945974,110.0832337980969,108.09640667187725,108.5549087524414,6602702,0.0,0.0
2010-11-04 00:00:00+05:30,109.00615916208511,111.79353615860761,108.85332889541142,110.75281524658203,5554319,0.0,0.0
2010-11-08 00:00:00+05:30,111.64068535974349,119.06399233366291,110.24336074913232,117.9432144165039,10537361,0.0,0.0
2010-11-09 00:00:00+05:30,118.33622289935114,122.87753955638983,115.8617794907802,121.73493194580078,10811944,0.0,0.0
2010-11-10 00:00:00+05:30,121.97509765504562,122.26621268706126,118.61277497940404,119.62438201904297,14075960,0.0,0.0
2010-11-11 00:00:00+05:30,120.6360010773483,121.85866606615109,116.29846887181056,117.04080200195312,6739472,0.0,0.0
2010-11-12 00:00:00+05:30,117.01168270678627,119.50067183441217,114.02780484901749,114.56635284423828,6497366,0.0,0.0
2010-11-15 00:00:00+05:30,113.53290991502098,118.04511298173306,112.48491635284024,117.5938949584961,7951114,0.0,0.0
2010-11-16 00:00:00+05:30,117.75398546939208,118.59092103480097,111.83717469868928,112.92155456542969,7453425,0.0,0.0
2010-11-18 00:00:00+05:30,113.80216231644128,116.1528775017921,107.44869041985054,113.56927490234375,9371253,0.0,0.0
2010-11-19 00:00:00+05:30,113.66389698849827,114.08600117484404,109.45735493074376,110.2724609375,3711748,0.0,0.0
2010-11-22 00:00:00+05:30,108.8751489474662,115.5270097948728,108.8751489474662,113.37279510498047,6121699,0.0,0.0
2010-11-23 00:00:00+05:30,112.82696156911842,113.78762517328222,108.8897044733719,112.7833023071289,4464240,0.0,0.0
2010-11-24 00:00:00+05:30,112.93611919976824,113.53289465851756,98.56983751578962,104.3119888305664,11221401,0.0,0.0
2010-11-25 00:00:00+05:30,105.52738300239857,107.71071147500811,98.11135948445424,99.41407012939453,18392512,0.0,0.0
2010-11-26 00:00:00+05:30,101.44455753200587,102.28149317362771,91.1319816681715,100.94966888427734,12491004,0.0,0.0
2010-11-29 00:00:00+05:30,101.1607344538343,105.381822340905,99.73429596777524,103.2421646118164,10804989,0.0,0.0
2010-11-30 00:00:00+05:30,104.36292802557512,110.47623986224878,103.53326517337555,107.92902374267578,32071090,0.0,0.0
2010-12-01 00:00:00+05:30,108.2492522893986,110.6072404904841,106.56081262878885,108.30747985839844,8612074,0.0,0.0
2010-12-02 00:00:00+05:30,109.45734690244244,109.94496277359495,107.25218921160725,107.92173767089844,5068699,0.0,0.0
2010-12-03 00:00:00+05:30,108.20559270630154,108.20559270630154,105.09071462055353,106.13142395019531,4288047,0.0,0.0
2010-12-06 00:00:00+05:30,106.50260024506973,106.98293203763117,100.14184321682201,100.87689208984375,5349827,0.0,0.0
2010-12-07 00:00:00+05:30,100.43294820064126,102.7618224668788,98.10406251723407,101.69927215576172,8986986,0.0,0.0
2010-12-08 00:00:00+05:30,100.86961245330238,101.0151699538264,95.92074877284588,97.157958984375,9876772,0.0,0.0
2010-12-09 00:00:00+05:30,97.52185638999964,98.61352062298349,93.35170609864741,95.05470275878906,6639159,0.0,0.0
2010-12-10 00:00:00+05:30,95.35307263153139,97.2161834612421,87.62410546370985,96.08084869384766,9474908,0.0,0.0
2010-12-13 00:00:00+05:30,96.79406753402644,99.10839631765562,94.14497021158152,96.57573699951172,6403068,0.0,0.0
2010-12-14 00:00:00+05:30,97.59462524631066,98.64263017194573,96.21185746089972,97.89301300048828,2903964,0.0,0.0
2010-12-15 00:00:00+05:30,98.24961759221094,98.24961759221094,92.71852992901792,93.82474517822266,3408999,0.0,0.0
2010-12-16 00:00:00+05:30,93.88297282042929,96.64851396820255,92.9732527086555,96.40106964111328,4603647,0.0,0.0
2010-12-20 00:00:00+05:30,96.06630250680638,96.91780653152415,94.02853729727997,94.59619903564453,3035213,0.0,0.0
2010-12-21 00:00:00+05:30,96.93963558299733,96.93963558299733,93.44631239894377,95.323974609375,3291563,0.0,0.0
2010-12-22 00:00:00+05:30,95.33852741981309,96.56847064056204,94.79269533889071,95.68785858154297,2203361,0.0,0.0
2010-12-23 00:00:00+05:30,95.77519813582703,96.32830297685123,95.04742199822257,95.57141876220703,1568536,0.0,0.0
2010-12-24 00:00:00+05:30,94.90185156647964,95.65873567807486,94.34874109217542,95.04740905761719,1938951,0.0,0.0
2010-12-27 00:00:00+05:30,95.62963743906239,96.34285666009403,94.0721983832208,94.71991729736328,1908806,0.0,0.0
2010-12-28 00:00:00+05:30,94.89457374202446,95.6732931949614,93.80291538568788,94.08674621582031,740026,0.0,0.0
2010-12-29 00:00:00+05:30,94.46519044425354,95.44768929665715,94.2177518282751,95.1129150390625,1410731,0.0,0.0
2010-12-30 00:00:00+05:30,94.31964307217356,95.33852849298061,93.1552001447147,94.24686431884766,2980044,0.0,0.0
2010-12-31 00:00:00+05:30,94.65440845030169,96.91050963129108,94.4651859928706,96.10267639160156,2166698,0.0,0.0
2011-01-03 00:00:00+05:30,96.53207217031057,97.7692938303615,96.09541107484333,96.40835571289062,1372999,0.0,0.0
2011-01-04 00:00:00+05:30,94.90186915539441,96.96875394454585,94.32692894687058,94.50159454345703,2441714,0.0,0.0
2011-01-05 00:00:00+05:30,94.46520399179408,94.46520399179408,89.84383548384562,90.25138854980469,5617275,0.0,0.0
2011-01-06 00:00:00+05:30,90.6443767064927,91.40854505975125,88.8831639714776,90.70987701416016,5844735,0.0,0.0
2011-01-07 00:00:00+05:30,92.42742439936877,92.42742439936877,87.84243741623531,88.31549072265625,5740094,0.0,0.0
2011-01-10 00:00:00+05:30,88.2063371572834,89.03600016504994,84.42191020376382,85.68096160888672,3181467,0.0,0.0
2011-01-11 00:00:00+05:30,84.56745291142283,87.14377730970624,83.43940225178939,85.22972869873047,5043438,0.0,0.0
2011-01-12 00:00:00+05:30,85.98661820443533,86.74350812753866,82.8207965732526,85.79012298583984,4044610,0.0,0.0
2011-01-13 00:00:00+05:30,85.81194284005228,87.03460752510117,82.55879163980573,83.27201080322266,3409344,0.0,0.0
2011-01-14 00:00:00+05:30,83.25745844517203,83.25745844517203,78.90536448053913,79.6113052368164,4912883,0.0,0.0
2011-01-17 00:00:00+05:30,79.90969105641831,79.90969105641831,76.2053160779841,76.88214874267578,5264509,0.0,0.0
2011-01-18 00:00:00+05:30,77.15870787241538,79.18192188864117,76.70748986230714,78.05387115478516,6472599,0.0,0.0
2011-01-19 00:00:00+05:30,78.89082211779514,85.12785777174174,78.23582465410794,84.49468994140625,11869684,0.0,0.0
2011-01-20 00:00:00+05:30,84.20356559721633,87.18744303472234,82.07118642344828,86.8381118774414,8081659,0.0,0.0
2011-01-21 00:00:00+05:30,85.87745283678211,89.87293743381912,85.87745283678211,88.35916900634766,7690652,0.0,0.0
2011-01-24 00:00:00+05:30,88.002559223153,90.50610501873915,87.40578370550067,88.5556640625,5411724,0.0,0.0
2011-01-25 00:00:00+05:30,88.0607877222738,89.95300125004434,86.67801410252385,87.44217681884766,5010857,0.0,0.0
2011-01-27 00:00:00+05:30,87.77694875992704,88.55566834912345,85.0259641970402,85.68096160888672,2990506,0.0,0.0
2011-01-28 00:00:00+05:30,86.02299958838293,86.35777382928684,79.95335261909649,81.90379333496094,4842380,0.0,0.0
2011-01-31 00:00:00+05:30,81.36523974575779,88.85404087039672,78.70885832066287,87.7551040649414,11510085,0.0,0.0
2011-02-01 00:00:00+05:30,88.06076722612508,89.19609622025669,85.38982900124041,86.42327117919922,6578932,0.0,0.0
2011-02-02 00:00:00+05:30,85.18606349608464,87.33299953728773,81.97657710317966,82.87901306152344,7538579,0.0,0.0
2011-02-03 00:00:00+05:30,82.96635962388672,84.04346700922002,81.27791978556188,83.52674865722656,8341608,0.0,0.0
2011-02-04 00:00:00+05:30,83.84695588865793,85.1933428111462,81.2196880577476,81.72185516357422,5334549,0.0,0.0
2011-02-07 00:00:00+05:30,82.74073793200647,83.79600981504079,80.81941092178185,82.704345703125,3572264,0.0,0.0
2011-02-08 00:00:00+05:30,82.98817622476865,83.1846714121131,79.79324131609538,80.09162902832031,3105192,0.0,0.0
2011-02-09 00:00:00+05:30,80.24447859684567,80.46280915703231,75.71771302753115,77.34793090820312,4660764,0.0,0.0
2011-02-10 00:00:00+05:30,77.14416268749964,78.96359747087642,76.19077746811524,77.65360260009766,5166195,0.0,0.0
2011-02-11 00:00:00+05:30,77.58080780921792,79.76413594846125,75.55759405367996,78.8616943359375,8108375,0.0,0.0
2011-02-14 00:00:00+05:30,79.0363690638156,82.31135594372711,79.0363690638156,81.86013793945312,4289281,0.0,0.0
2011-02-15 00:00:00+05:30,82.16579080487475,85.28066870188322,81.04501863600844,84.62567138671875,6549081,0.0,0.0
2011-02-16 00:00:00+05:30,85.3971248543865,86.66345470378263,84.66934868517592,85.87017822265625,6529310,0.0,0.0
2011-02-17 00:00:00+05:30,85.86290083999207,88.49016878688887,84.58929261276602,86.95455932617188,6039974,0.0,0.0
2011-02-18 00:00:00+05:30,87.82062208084643,87.98800923506273,84.17446837993536,84.89496612548828,5353230,0.0,0.0
2011-02-21 00:00:00+05:30,85.14967743810669,88.02438977795977,84.13807042602971,87.37667083740234,4327372,0.0,0.0
2011-02-22 00:00:00+05:30,87.04188634717337,87.33299562854306,85.22244620288186,85.57905578613281,3644365,0.0,0.0
2011-02-23 00:00:00+05:30,85.60090762998323,86.70712311250739,83.4175790358067,84.13079833984375,3773697,0.0,0.0
2011-02-24 00:00:00+05:30,83.13373758865916,86.00117133471103,81.60541233367711,83.11190795898438,8358798,0.0,0.0
2011-02-25 00:00:00+05:30,83.548576515578,86.51790306338981,83.37391091965797,85.68096160888672,4321471,0.0,0.0
2011-02-28 00:00:00+05:30,86.60523927371173,90.68078155725189,86.19040773981173,89.39261627197266,6870083,0.0,0.0
2011-03-01 00:00:00+05:30,90.20043555169501,91.6996527379953,89.51632441075625,90.31687927246094,4242162,0.0,0.0
2011-03-03 00:00:00+05:30,90.31688711740165,91.93254816480447,89.3853315617739,90.047607421875,5439540,0.0,0.0
2011-03-04 00:00:00+05:30,90.52065003542687,91.24842612123845,88.71577242125956,89.00688171386719,4222726,0.0,0.0
2011-03-07 00:00:00+05:30,88.05349407021012,88.6284341927587,86.02300181851547,87.20927429199219,2293604,0.0,0.0
2011-03-08 00:00:00+05:30,88.20632555885791,91.11742414999121,87.74055069765018,90.93548583984375,4708165,0.0,0.0
2011-03-09 00:00:00+05:30,91.53955757017339,92.61666506781832,90.0985676501332,90.41878509521484,4141058,0.0,0.0
2011-03-10 00:00:00+05:30,90.5643326736157,90.82632821727768,87.91522919808234,88.62844848632812,2584611,0.0,0.0
2011-03-11 00:00:00+05:30,88.06079039136266,89.89478210784456,87.50767978498094,88.76673126220703,3239021,0.0,0.0
2011-03-14 00:00:00+05:30,88.0971606225574,90.92092929218742,87.56588545590968,90.43331909179688,2147462,0.0,0.0
2011-03-15 00:00:00+05:30,88.9486635949358,89.8656564780559,87.62411197644536,89.0942153930664,3005357,0.0,0.0
2011-03-16 00:00:00+05:30,89.37805465924819,93.51909106789446,89.37805465924819,92.9878158569336,8035877,0.0,0.0
2011-03-17 00:00:00+05:30,92.5220361758301,93.15519818671122,90.82631808932881,91.72148132324219,5595813,0.0,0.0
2011-03-18 00:00:00+05:30,91.55410054658256,92.25276291172881,87.78422487795625,88.52655792236328,9210935,0.0,0.0
2011-03-21 00:00:00+05:30,88.79581855991076,88.79581855991076,87.80604702466742,88.439208984375,2828922,0.0,0.0
2011-03-22 00:00:00+05:30,88.35188650287952,88.78854759799849,87.58044543177283,88.67938232421875,6411426,0.0,0.0
2011-03-23 00:00:00+05:30,88.10444249906931,89.29071504010646,87.85699816633527,88.24272155761719,5086527,0.0,0.0
2011-03-24 00:00:00+05:30,88.49745155187654,88.86133965802877,88.29367786592633,88.76673126220703,3715429,0.0,0.0
2011-03-25 00:00:00+05:30,89.0796659730957,89.51632708471897,88.42466859707545,89.28343963623047,5707806,0.0,0.0
2011-03-28 00:00:00+05:30,89.39989037575519,90.66622025772035,88.78855792120845,90.0257797241211,10223524,0.0,0.0
2011-03-29 00:00:00+05:30,90.28048741316158,90.28048741316158,89.2616077065618,89.80743408203125,6039100,0.0,0.0
2011-03-30 00:00:00+05:30,90.38965412211745,91.19020324066973,89.6036561865937,90.44059753417969,8608609,0.0,0.0
2011-03-31 00:00:00+05:30,91.11743162065784,92.04898712803596,90.37510430189124,91.15382385253906,11082775,0.0,0.0
2011-04-01 00:00:00+05:30,91.42308985672082,91.99075724731897,90.42603983603429,91.60503387451172,5125862,0.0,0.0
2011-04-04 00:00:00+05:30,92.09266357833418,93.7228816380361,91.63416706815612,93.36627197265625,6225985,0.0,0.0
2011-04-05 00:00:00+05:30,94.39242076100605,94.39242076100605,92.23820622179836,93.09697723388672,5285960,0.0,0.0
2011-04-06 00:00:00+05:30,93.8757024660397,93.8757024660397,92.22365493918632,93.17704010009766,5880040,0.0,0.0
2011-04-07 00:00:00+05:30,92.2818768112739,93.68647998983548,92.2818768112739,93.16248321533203,3200811,0.0,0.0
2011-04-08 00:00:00+05:30,93.30076702303045,93.65009822378136,90.97188664277185,92.0781021118164,3312202,0.0,0.0
2011-04-11 00:00:00+05:30,92.16542535934413,93.58458531207259,91.16837531118001,93.41719818115234,5769014,0.0,0.0
2011-04-13 00:00:00+05:30,92.86410477877658,93.59188100410347,92.71855295886286,93.36627197265625,4627320,0.0,0.0
2011-04-15 00:00:00+05:30,93.55548184173904,95.25119428081764,93.02420663905902,94.8800277709961,7287426,0.0,0.0
2011-04-18 00:00:00+05:30,95.33852915692718,97.15796375123425,94.9600842038651,95.9207534790039,10723259,0.0,0.0
2011-04-19 00:00:00+05:30,95.77519228579455,96.10268239397651,94.31236165353033,95.7242431640625,3455532,0.0,0.0
2011-04-20 00:00:00+05:30,96.31373985326974,96.83045813742014,95.78246467724847,96.21185302734375,2901188,0.0,0.0
2011-04-21 00:00:00+05:30,96.48841524663614,96.67035927701329,95.48408100214648,95.83341217041016,2784400,0.0,0.0
2011-04-25 00:00:00+05:30,95.92802023987572,96.63396668690862,95.71696243776921,96.2627944946289,2281282,0.0,0.0
2011-04-26 00:00:00+05:30,96.3501292126199,96.46657293384693,94.61075184036441,94.96736145019531,1624579,0.0,0.0
2011-04-27 00:00:00+05:30,95.33853131957585,95.93530113050268,94.95280791152227,95.5568618774414,1581568,0.0,0.0
2011-04-28 00:00:00+05:30,95.77519220409032,95.77519220409032,92.5729785386736,93.18431091308594,4042354,0.0,0.0
2011-04-29 00:00:00+05:30,93.73742231094651,94.29052712292206,90.9063751110971,91.96892547607422,4078281,0.0,0.0
2011-05-02 00:00:00+05:30,92.98053611035616,92.98053611035616,85.96478747834108,87.21656036376953,6536363,0.0,0.0
2011-05-03 00:00:00+05:30,87.84243730010981,88.49743462417942,81.2269637561482,82.95906829833984,13401589,0.0,0.0
2011-05-04 00:00:00+05:30,82.96635206477508,84.98956602423797,80.85580245916242,83.49034881591797,8766635,0.0,0.0
2011-05-05 00:00:00+05:30,83.70140243684914,84.85856115740286,80.66658164971682,81.31430053710938,10873446,0.0,0.0
2011-05-06 00:00:00+05:30,81.07412524182057,85.2515530811887,79.88057443057252,84.39277648925781,8497917,0.0,0.0
2011-05-09 00:00:00+05:30,85.39711814931579,85.44078882622124,83.4030179958642,84.67662048339844,4128936,0.0,0.0
2011-05-10 00:00:00+05:30,84.98955809667189,84.98955809667189,83.33023235187027,83.73050689697266,2979479,0.0,0.0
2011-05-11 00:00:00+05:30,85.0041294584922,85.39712562494748,83.47579834764231,84.94590759277344,3116496,0.0,0.0
2011-05-12 00:00:00+05:30,83.8760639128227,86.16855161289251,83.86878546731516,84.46556091308594,5519460,0.0,0.0
2011-05-13 00:00:00+05:30,84.58201352577981,86.05939540467712,82.39869086137217,82.81352233886719,4706119,0.0,0.0
2011-05-16 00:00:00+05:30,82.95180122547863,82.95180122547863,80.4409768542073,80.73208618164062,2851201,0.0,0.0
2011-05-17 00:00:00+05:30,77.28968725385796,81.3652279521871,67.68305968535634,78.99268341064453,4100170,0.0,0.0
2011-05-18 00:00:00+05:30,78.59969690663439,79.32747298799475,75.39748899895078,76.18348693847656,7923654,0.0,0.0
2011-05-19 00:00:00+05:30,76.43092784445852,76.83848083338874,74.96081885580071,75.5503158569336,6232925,0.0,0.0
2011-05-20 00:00:00+05:30,75.724992423062,77.33337498443866,75.33927471465911,76.1325454711914,14476991,0.0,0.0
2011-05-23 00:00:00+05:30,76.42365102533351,76.42365102533351,72.77749796675198,73.18505096435547,7534780,0.0,0.0
2011-05-24 00:00:00+05:30,73.35971875493104,75.67404191423061,71.94055881174984,75.44115447998047,7462894,0.0,0.0
2011-05-25 00:00:00+05:30,75.10636975328978,77.79913747226425,74.96809071775546,77.15141296386719,6313144,0.0,0.0
2011-05-26 00:00:00+05:30,77.34065964831225,78.85443394306847,77.18055093653692,77.85738372802734,11227565,0.0,0.0
2011-05-27 00:00:00+05:30,78.57786218434569,78.74525502289379,77.60992592548611,78.03203582763672,2220901,0.0,0.0
2011-05-30 00:00:00+05:30,78.58514636298483,79.89514684040513,76.78026861406009,78.06114959716797,2074184,0.0,0.0
2011-05-31 00:00:00+05:30,78.58513223135503,79.76413187816027,78.3886370473745,79.20374298095703,3199228,0.0,0.0
2011-06-01 00:00:00+05:30,79.76414881192856,80.6374767833156,79.34203886527841,79.64042663574219,1548206,0.0,0.0
2011-06-02 00:00:00+05:30,79.02181554018914,79.02181554018914,76.88215773466291,77.55899047851562,3037778,0.0,0.0
2011-06-03 00:00:00+05:30,77.28970369629221,78.40319746820747,76.56192760125317,76.84576416015625,1988578,0.0,0.0
2011-06-06 00:00:00+05:30,76.13982700577164,77.55899284808451,75.16461217105656,77.0058822631836,2251230,0.0,0.0
2011-06-07 00:00:00+05:30,76.84575594598736,78.01747145191574,76.59103319823441,77.79914093017578,1315050,0.0,0.0
2011-06-08 00:00:00+05:30,76.73660971380752,78.8908246791804,76.73660971380752,77.49349975585938,1987185,0.0,0.0
2011-06-09 00:00:00+05:30,77.43525729834118,77.84281029263089,76.51825877975077,76.9112548828125,2170240,0.0,0.0
2011-06-10 00:00:00+05:30,79.3274669333008,79.3274669333008,76.02336674457544,76.3144760131836,1614760,0.0,0.0
2011-06-13 00:00:00+05:30,75.97970809529484,76.25626049630776,74.92443619532484,75.44843292236328,2332194,0.0,0.0
2011-06-14 00:00:00+05:30,75.84870927442637,77.27514769706112,75.33926942716474,75.62310028076172,3345344,0.0,0.0
2011-06-15 00:00:00+05:30,75.8050430323914,75.97243016331004,74.43682649268777,74.73521423339844,2541364,0.0,0.0
2011-06-16 00:00:00+05:30,74.22576709153067,75.7468195461767,73.82549253339643,74.29126739501953,4364189,0.0,0.0
2011-06-17 00:00:00+05:30,73.94193624541536,75.0263219129476,73.57804820764275,74.29854583740234,2969640,0.0,0.0
2011-06-20 00:00:00+05:30,74.95355322038102,74.95355322038102,73.21416999319769,73.7818374633789,2532100,0.0,0.0
2011-06-21 00:00:00+05:30,74.08748446739651,75.37564362129545,73.69448269568942,73.89098358154297,1775095,0.0,0.0
2011-06-22 00:00:00+05:30,74.29855675777536,75.38294258469018,74.29855675777536,74.93172454833984,1934967,0.0,0.0
2011-06-23 00:00:00+05:30,75.10638303346063,75.25193483102603,74.10205450849405,74.21849822998047,2229017,0.0,0.0
2011-06-24 00:00:00+05:30,74.23305084761283,75.65221657994573,74.05110681570274,74.82254791259766,5445133,0.0,0.0
2011-06-27 00:00:00+05:30,74.66971291759042,76.54737497915674,74.240324572901,76.18348693847656,3138467,0.0,0.0
2011-06-28 00:00:00+05:30,77.12232245604609,77.2751527075585,76.43821127604475,76.65654754638672,3252027,0.0,0.0
2011-06-29 00:00:00+05:30,77.00588308577379,77.4716580217876,75.73227475009837,76.0379409790039,1685634,0.0,0.0
2011-06-30 00:00:00+05:30,76.3872680497183,76.98404358135672,76.12527251667309,76.4163818359375,3946847,0.0,0.0
2011-07-01 00:00:00+05:30,76.87487988074781,77.21693262434289,76.4163834070529,76.82393646240234,2396143,0.0,0.0
2011-07-04 00:00:00+05:30,77.3624699350555,79.03635239948069,76.62741551292216,78.5924072265625,4601062,0.0,0.0
2011-07-05 00:00:00+05:30,79.2837966884596,79.32746164869583,77.87190969403595,78.5924072265625,2976163,0.0,0.0
2011-07-06 00:00:00+05:30,78.80786435644599,79.00844585253387,78.00552089019426,78.3323974609375,3008158,2.139841,0.0
2011-07-07 00:00:00+05:30,78.33239682459624,78.95644238520032,77.75293010924962,78.71871185302734,5248172,0.0,0.0
2011-07-08 00:00:00+05:30,78.92673992060674,79.88509198965738,78.18382899095784,78.57756805419922,2316464,0.0,0.0
2011-07-11 00:00:00+05:30,79.46162968141684,79.46162968141684,76.088817261245,76.28197479248047,2557048,0.0,0.0
2011-07-12 00:00:00+05:30,76.22254090484094,77.09917667557899,74.81844120642516,75.76936340332031,5167707,0.0,0.0
2011-07-13 00:00:00+05:30,77.11403857509497,77.11403857509497,75.17504493698709,75.82880401611328,3782960,0.0,0.0
2011-07-14 00:00:00+05:30,76.44541478500082,78.6592878941211,75.4796329347217,77.48548889160156,4184819,0.0,0.0
2011-07-15 00:00:00+05:30,77.63406312560272,78.19867604067217,76.7202842275416,77.24031829833984,1539132,0.0,0.0
2011-07-18 00:00:00+05:30,77.4111952450265,78.0575244119716,76.7574304431118,77.64892578125,1005541,0.0,0.0
2011-07-19 00:00:00+05:30,77.76778273548186,79.17188220700707,77.27746210011435,79.00843811035156,2518046,0.0,0.0
2011-07-20 00:00:00+05:30,79.16446558448102,79.46162877248238,77.87180134619969,78.14667510986328,1527001,0.0,0.0
2011-07-21 00:00:00+05:30,77.9237905713452,78.28781614150596,76.00708105923991,76.46025848388672,1745480,0.0,0.0
2011-07-22 00:00:00+05:30,77.77522080129454,77.82722362764365,76.81686302211776,77.54491424560547,1908837,0.0,0.0
2011-07-25 00:00:00+05:30,77.41119004240551,78.3026794933287,77.27003536077193,77.9609375,1686564,0.0,0.0
2011-07-26 00:00:00+05:30,77.96094298238015,78.4364098836081,75.77678930354917,76.29682922363281,2637379,0.0,0.0
2011-07-27 00:00:00+05:30,76.0888133102557,77.11402772417732,71.95823642332209,73.71150207519531,11498144,0.0,0.0
2011-07-28 00:00:00+05:30,73.1023118485712,73.41433462198583,70.57642208633841,70.91072845458984,7756354,0.0,0.0
2011-07-29 00:00:00+05:30,71.02959343243916,71.29704318780482,67.75336306570938,68.19168090820312,6327938,0.0,0.0
2011-08-01 00:00:00+05:30,69.23920154096655,69.90782026489816,66.72816496481853,67.29277801513672,3410577,0.0,0.0
2011-08-02 00:00:00+05:30,67.29277224434936,67.45621054991192,63.96453270112449,64.36570739746094,4359712,0.0,0.0
2011-08-03 00:00:00+05:30,64.36570074328692,64.36570074328692,61.973529911517346,63.38505935668945,4916415,0.0,0.0
2011-08-04 00:00:00+05:30,63.89767749229844,65.40578893776106,63.39250290132468,64.30628204345703,7094886,0.0,0.0
2011-08-05 00:00:00+05:30,62.998752653153296,64.78173775809563,59.611086198333744,64.38799285888672,7369798,0.0,0.0
2011-08-08 00:00:00+05:30,62.85759032814391,65.97038261919468,60.658576991440725,64.15768432617188,8810052,0.0,0.0
2011-08-09 00:00:00+05:30,61.82494128883297,66.19325421804302,61.52034832776848,64.40283966064453,5882153,0.0,0.0
2011-08-10 00:00:00+05:30,64.63313740365442,68.2585393679484,64.63313740365442,67.43390655517578,4570604,0.0,0.0
2011-08-11 00:00:00+05:30,66.56470495177275,69.15003317597116,66.17096595134305,68.25111389160156,4788677,0.0,0.0
2011-08-12 00:00:00+05:30,68.80830468387774,69.68493464397987,66.49042595758303,66.83959197998047,5661001,0.0,0.0
2011-08-16 00:00:00+05:30,68.1768205663149,68.1768205663149,66.20067830614643,66.49041748046875,5987607,0.0,0.0
2011-08-17 00:00:00+05:30,63.890232814522896,67.45620249543306,63.74165414374336,64.26168823242188,4959693,0.0,0.0
2011-08-18 00:00:00+05:30,64.4102747798011,66.67615057015674,62.181542201497095,63.05817794799805,3968617,0.0,0.0
2011-08-19 00:00:00+05:30,62.114682694732345,64.85601944282085,61.38662565761858,63.40734100341797,4190829,0.0,0.0
2011-08-22 00:00:00+05:30,63.295913587836544,63.890239992324965,61.26034419563851,62.159263610839844,2599534,0.0,0.0
2011-08-23 00:00:00+05:30,62.30041573704984,64.18740636362878,61.09689753367704,63.57822036743164,4035069,0.0,0.0
2011-08-24 00:00:00+05:30,63.55592498963969,64.76686706044354,62.38955593632617,62.96902847290039,2961744,0.0,0.0
2011-08-25 00:00:00+05:30,63.16219438426333,63.429644204044905,61.08205178102275,61.80267333984375,7876242,0.0,0.0
2011-08-26 00:00:00+05:30,61.65407817000059,61.95124134774372,59.71508479316399,60.08654022216797,3682072,0.0,0.0
2011-08-29 00:00:00+05:30,60.69571961607135,63.13989304385842,60.6139975658102,62.7758674621582,1872200,0.0,0.0
2011-08-30 00:00:00+05:30,63.221615734965376,64.26168976441782,62.12210907032422,63.422203063964844,3565062,0.0,0.0
2011-09-02 00:00:00+05:30,64.61829617060029,64.7371556224473,62.10725986447974,62.61243438720703,4143957,0.0,0.0
2011-09-05 00:00:00+05:30,61.067181617732366,63.59307154200727,60.621433937501386,63.33305740356445,4573765,0.0,0.0
2011-09-06 00:00:00+05:30,63.14733245988485,63.66736658688907,62.40442156933552,63.154762268066406,3291537,0.0,0.0
2011-09-07 00:00:00+05:30,64.4548581858927,65.8515282626753,63.32563792633919,65.19776916503906,3954779,0.0,0.0
2011-09-08 00:00:00+05:30,65.37605559578651,65.70293800073001,64.20225668839413,65.3463363647461,2827447,0.0,0.0
2011-09-09 00:00:00+05:30,65.22747144971599,67.07731877302997,64.447417385568,65.00460052490234,3282433,0.0,0.0
2011-09-12 00:00:00+05:30,62.998757513435784,64.4400006642114,62.998757513435784,63.65994644165039,2051987,0.0,0.0
2011-09-13 00:00:00+05:30,64.46970430907055,65.0640306370613,63.37019768863768,64.08338928222656,1923123,0.0,0.0
2011-09-14 00:00:00+05:30,64.33596718459656,64.58855728274692,62.93929766597008,63.13988494873047,2570691,0.0,0.0
2011-09-15 00:00:00+05:30,63.303342127757126,65.37606052076305,63.303342127757126,64.97489166259766,2542166,0.0,0.0
2011-09-16 00:00:00+05:30,65.13832436121793,65.89609481705567,64.03881771586519,64.42513275146484,3339273,0.0,0.0
2011-09-19 00:00:00+05:30,62.998755821006576,64.29142023277312,62.998755821006576,63.61537170410156,3249107,0.0,0.0
2011-09-20 00:00:00+05:30,63.87537804679071,64.9005924204544,63.44449000172915,64.58856964111328,1847412,0.0,0.0
2011-09-21 00:00:00+05:30,64.74457059423568,65.33147287442358,64.20967696064491,65.09374237060547,4009505,0.0,0.0
2011-09-22 00:00:00+05:30,64.26167495091136,64.47712184586855,62.701567180016546,63.13988494873047,1848374,0.0,0.0
2011-09-23 00:00:00+05:30,60.710591888077914,65.33148996245323,60.710591888077914,64.48457336425781,2696270,0.0,0.0
2011-09-26 00:00:00+05:30,65.08632265278261,65.08632265278261,62.90216893992009,63.169612884521484,2569267,0.0,0.0
2011-09-27 00:00:00+05:30,64.61829599044238,65.97038708015238,63.860525467513106,65.71037292480469,3912061,0.0,0.0
2011-09-28 00:00:00+05:30,66.11896589950655,67.7385066407617,66.04467364981774,67.14418029785156,6359373,0.0,0.0
2011-09-29 00:00:00+05:30,66.85444670492728,67.53792491058114,65.53949312003343,66.80986785888672,2084907,0.0,0.0
2011-09-30 00:00:00+05:30,66.02982418468378,67.73851705368992,65.37606510698521,65.97782135009766,2016743,0.0,0.0
2011-10-03 00:00:00+05:30,65.36120089241919,65.36120089241919,64.09825585159066,64.46971130371094,2411379,0.0,0.0
2011-10-04 00:00:00+05:30,63.451926789662146,65.52464518757156,61.97353478573735,63.035892486572266,3572649,0.0,0.0
2011-10-05 00:00:00+05:30,63.890235212376396,66.62414229578661,61.86209578038234,62.7164421081543,2445677,0.0,0.0
2011-10-07 00:00:00+05:30,64.60343640541221,65.07889752091023,62.56786122056045,62.88731384277344,2436553,0.0,0.0
2011-10-10 00:00:00+05:30,63.013604121968235,64.48456620627938,62.64214869700278,64.26911926269531,1794377,0.0,0.0
2011-10-11 00:00:00+05:30,64.49198814198903,65.22746916082563,63.459343958061865,64.4177017211914,2532769,0.0,0.0
2011-10-12 00:00:00+05:30,64.558861186799,67.39678007733714,64.2616979728973,66.86931610107422,3334178,0.0,0.0
2011-10-13 00:00:00+05:30,67.75337449756893,68.90488411226261,66.34927469958875,67.03275299072266,4034627,0.0,0.0
2011-10-14 00:00:00+05:30,67.03275634677006,68.29570149913204,66.14126085203124,68.13226318359375,1416890,0.0,0.0
2011-10-17 00:00:00+05:30,68.64486742135144,68.8900278078245,67.18876472043287,67.90196228027344,1910230,0.0,0.0
2011-10-18 00:00:00+05:30,67.30762451901727,67.7013693979695,66.08182268663856,67.35220336914062,1279133,0.0,0.0
2011-10-19 00:00:00+05:30,67.35220561646696,68.39227975660432,67.08475581600561,67.53793334960938,2019154,0.0,0.0
2011-10-20 00:00:00+05:30,68.34769598662113,68.34769598662113,66.96588571404267,68.01338958740234,2218140,0.0,0.0
2011-10-21 00:00:00+05:30,67.7533655503604,69.2243276042148,66.54242345405804,67.02531433105469,3228092,0.0,0.0
2011-10-24 00:00:00+05:30,67.2927719954068,68.90488310140745,65.16804489444985,65.44292449951172,2534218,0.0,0.0
2011-10-25 00:00:00+05:30,65.52464725075276,67.2853428904343,64.63315180440459,65.5617904663086,4891781,0.0,0.0
2011-10-28 00:00:00+05:30,66.87673199058656,70.2644038737668,66.87673199058656,68.79344177246094,3991529,0.0,0.0
2011-10-31 00:00:00+05:30,68.61515243373398,70.39813755135086,66.86188655127289,69.37291717529297,11505479,0.0,0.0
2011-11-01 00:00:00+05:30,68.79343781193808,72.02509519858371,67.90937230955895,70.7992935180664,7139897,0.0,0.0
2011-11-02 00:00:00+05:30,70.57643583449195,72.39656417788481,69.8483844971348,71.57936096191406,4109315,0.0,0.0
2011-11-03 00:00:00+05:30,71.31933616065417,72.80515202193853,70.62099833537539,72.45598602294922,5668254,0.0,0.0
2011-11-04 00:00:00+05:30,73.10230982735372,73.82293119558439,72.62684878664894,73.04287719726562,3181169,0.0,0.0
2011-11-08 00:00:00+05:30,73.17660965537577,73.49606226044287,71.33419210440782,71.63135528564453,3650688,0.0,0.0
2011-11-09 00:00:00+05:30,71.99537419878219,73.3846199540793,70.72499953219749,70.9032974243164,4657700,0.0,0.0
2011-11-11 00:00:00+05:30,70.71757993849786,72.29997760165708,68.94202474082097,69.7369384765625,4823376,0.0,0.0
2011-11-14 00:00:00+05:30,70.90330090465842,70.90330090465842,67.78308472576933,68.20654296875,2660753,0.0,0.0
2011-11-15 00:00:00+05:30,68.05053595670022,68.6448623566328,65.24976624130464,66.23040771484375,2148768,0.0,0.0
2011-11-16 00:00:00+05:30,66.49043160727328,68.3179897649355,65.59893612768616,67.72366333007812,3484710,0.0,0.0
2011-11-17 00:00:00+05:30,67.51564040015376,67.87966603883824,63.94224645993468,64.92288208007812,2966031,0.0,0.0
2011-11-18 00:00:00+05:30,64.93773773374326,65.6657889666836,62.3598450147097,64.9451675415039,2880348,0.0,0.0
2011-11-21 00:00:00+05:30,64.36570087304207,64.36570087304207,62.426701691897215,62.70901107788086,1558692,0.0,0.0
2011-11-22 00:00:00+05:30,63.87538848530344,65.6360841635826,62.850168116798265,64.89317321777344,2132179,0.0,0.0
2011-11-23 00:00:00+05:30,67.96138151982557,67.96138151982557,61.8843758920568,62.27069091796875,2464199,0.0,0.0
2011-11-24 00:00:00+05:30,64.7817279166674,66.26754375564826,61.304910112502085,65.21261596679688,4370528,0.0,0.0
2011-11-25 00:00:00+05:30,64.78172687122607,66.04467177080353,63.778796097211625,65.03431701660156,3710843,0.0,0.0
2011-11-28 00:00:00+05:30,65.89608844425324,67.90194402317283,64.8634385132947,67.59735107421875,4305463,0.0,0.0
2011-11-29 00:00:00+05:30,67.47107520799076,68.27341300600796,64.50686109702826,64.79660034179688,2686425,0.0,0.0
2011-11-30 00:00:00+05:30,65.2274735440829,65.2274735440829,63.14733124866444,64.05368041992188,2757720,0.0,0.0
2011-12-01 00:00:00+05:30,65.8218050336059,67.12189322584776,64.42513516519556,65.2423324584961,2389881,0.0,0.0
2011-12-02 00:00:00+05:30,65.08632262288047,66.11896684367032,64.27654932703945,65.91094970703125,7378841,0.0,0.0
2011-12-05 00:00:00+05:30,65.9332445201075,67.30762504847318,64.96003285490292,66.73558807373047,3419548,0.0,0.0
2011-12-07 00:00:00+05:30,66.86186706367282,68.02080617824355,66.22296196704954,67.1887435913086,4255656,0.0,0.0
2011-12-08 00:00:00+05:30,67.30761380105103,67.60477695138351,64.97488161411607,65.36119079589844,4481718,0.0,0.0
2011-12-09 00:00:00+05:30,64.62571665017906,65.04175093195549,63.59307240829544,64.33598327636719,2814230,0.0,0.0
2011-12-12 00:00:00+05:30,65.23490907219369,65.37606378271178,62.32270377595298,62.434139251708984,2788090,0.0,0.0
2011-12-13 00:00:00+05:30,62.56042668758223,62.56042668758223,60.82202065850384,61.37920379638672,3314341,0.0,0.0
2011-12-14 00:00:00+05:30,61.2157643552369,62.9987493671799,59.72994836803495,61.074615478515625,5615260,0.0,0.0
2011-12-15 00:00:00+05:30,59.44020656396291,61.587217127714666,59.44020656396291,60.725440979003906,4742895,0.0,0.0
2011-12-16 00:00:00+05:30,60.84430520821044,61.93638207774984,59.7299447422786,60.547142028808594,6103393,0.0,0.0
2011-12-19 00:00:00+05:30,59.507066282972815,61.17118586726316,56.684013245857216,57.76123046875,4295784,0.0,0.0
2011-12-20 00:00:00+05:30,56.921746980701386,57.783523138354305,53.50436158249865,53.74209213256836,4551270,0.0,0.0
2011-12-21 00:00:00+05:30,54.529576418493555,56.89202814683621,54.262126634141346,55.46564483642578,8041563,0.0,0.0
2011-12-22 00:00:00+05:30,55.42107002513283,55.56965454444244,52.7911741481407,54.284420013427734,15690186,0.0,0.0
2011-12-23 00:00:00+05:30,54.70043797918472,56.01539149184706,53.6380804316432,53.8089485168457,4930269,0.0,0.0
2011-12-26 00:00:00+05:30,53.56379248770288,54.77473462319489,53.56379248770288,54.499855041503906,1130694,0.0,0.0
2011-12-27 00:00:00+05:30,54.25469533921753,54.58900756049646,51.869960079062665,52.80602264404297,2620600,0.0,0.0
2011-12-28 00:00:00+05:30,52.746596269926975,53.40036117419985,51.93682868937021,52.56829833984375,2419553,0.0,0.0
2011-12-29 00:00:00+05:30,52.0036805492842,53.994682660400805,50.71102213144941,53.14776611328125,5531638,0.0,0.0
2011-12-30 00:00:00+05:30,53.34834589425852,55.25762588109163,53.34834589425852,54.158119201660156,5068237,0.0,0.0
2012-01-02 00:00:00+05:30,54.38099216413477,54.65586590117062,53.65293513993457,54.41070556640625,985411,0.0,0.0
2012-01-03 00:00:00+05:30,54.75988347875845,58.095553050582254,54.75988347875845,57.10005187988281,3694501,0.0,0.0
2012-01-04 00:00:00+05:30,57.36005630365703,58.22925631233839,56.38684482437395,57.54578399658203,2476320,0.0,0.0
2012-01-05 00:00:00+05:30,57.37491620597503,59.5813593352824,56.349701795762584,56.69886779785156,2743861,0.0,0.0
2012-01-06 00:00:00+05:30,57.196620438901924,57.196620438901924,54.685584233058634,56.25312805175781,2572418,0.0,0.0
2012-01-09 00:00:00+05:30,56.22339759595786,59.209894303227564,55.428484046848546,58.76415252685547,4357260,0.0,0.0
2012-01-10 00:00:00+05:30,59.13561629413077,61.66151221965854,59.00932703379003,61.30491638183594,3847526,0.0,0.0
2012-01-11 00:00:00+05:30,61.758086863406554,62.25583739584938,60.16825941379836,60.64372634887695,3101213,0.0,0.0
2012-01-12 00:00:00+05:30,61.163770993212886,61.95868485466887,59.685378758180455,61.3494987487793,3716025,0.0,0.0
2012-01-13 00:00:00+05:30,61.36435044254054,62.18154779965004,60.47286082733904,60.63629913330078,3867142,0.0,0.0
2012-01-16 00:00:00+05:30,60.160834018557445,61.65407975348069,59.6853670946566,61.20833206176758,2652924,0.0,0.0
2012-01-17 00:00:00+05:30,61.23061850528422,63.05074656916907,61.23061850528422,62.590145111083984,2737142,0.0,0.0
2012-01-18 00:00:00+05:30,62.59014855817857,62.99874721227016,60.17568819219988,60.46542739868164,3540670,0.0,0.0
2012-01-19 00:00:00+05:30,61.81008523173321,62.83530545549706,60.94088514205972,62.590145111083984,3008734,0.0,0.0
2012-01-20 00:00:00+05:30,62.81301968913308,65.06403593870617,62.58271894668346,63.91995620727539,4787968,0.0,0.0
2012-01-23 00:00:00+05:30,64.3359911077434,65.09376168396919,63.45935524434111,64.16512298583984,1667122,0.0,0.0
2012-01-24 00:00:00+05:30,65.6732221697046,71.08903367748727,64.3359849042595,70.45013427734375,11140077,0.0,0.0
2012-01-25 00:00:00+05:30,71.0221650226393,72.04737939288162,69.95237763472556,71.19303894042969,8455219,0.0,0.0
2012-01-27 00:00:00+05:30,70.13067424917,71.92851863841229,68.10252914099044,69.09803009033203,12889639,0.0,0.0
2012-01-30 00:00:00+05:30,68.06539084546019,69.0534620587761,67.34476940718626,67.94652557373047,1966576,0.0,0.0
2012-01-31 00:00:00+05:30,67.35220431967221,70.42784782925524,67.35220431967221,69.84838104248047,2516416,0.0,0.0
2012-02-01 00:00:00+05:30,70.72500979382073,70.72500979382073,67.97624294070566,69.84095001220703,2969162,0.0,0.0
2012-02-02 00:00:00+05:30,74.05324456106598,74.05324456106598,68.87516380439861,71.78736877441406,7811594,0.0,0.0
2012-02-03 00:00:00+05:30,71.04446614148038,73.54807276025382,69.98210255886042,71.90624237060547,3447507,0.0,0.0
2012-02-06 00:00:00+05:30,73.10232026303012,76.77229589264986,72.5599967076447,75.94023895263672,4158351,0.0,0.0
2012-02-07 00:00:00+05:30,76.51971025985137,77.85694762068405,74.73672516964079,75.8065185546875,2618164,0.0,0.0
2012-02-08 00:00:00+05:30,76.51970930339579,78.15410985428429,75.43506214185803,77.77523040771484,4284346,0.0,0.0
2012-02-09 00:00:00+05:30,77.70836304962405,78.73357750505392,75.50191982300085,78.14667510986328,2585259,0.0,0.0
2012-02-10 00:00:00+05:30,77.85694143481244,79.66963978839895,76.44541192668179,78.19125366210938,4429310,0.0,0.0
2012-02-13 00:00:00+05:30,79.70679217549983,79.70679217549983,76.46770456161303,78.55528259277344,1810405,0.0,0.0
2012-02-14 00:00:00+05:30,78.74843817301114,80.15996187804426,78.17639538640573,79.73650360107422,1883448,0.0,0.0
2012-02-15 00:00:00+05:30,80.08568123269137,82.16582955396919,80.08568123269137,81.7572250366211,2092052,0.0,0.0
2012-02-16 00:00:00+05:30,81.05887468579175,81.90579111013622,79.37246581687808,81.62348175048828,2603086,0.0,0.0
2012-02-17 00:00:00+05:30,82.01724801808541,84.09739641505658,82.01724801808541,83.30248260498047,2375565,0.0,0.0
2012-02-21 00:00:00+05:30,83.65163044416595,83.65163044416595,81.12574067467332,82.32182312011719,4480078,0.0,0.0
2012-02-22 00:00:00+05:30,82.0172352735941,83.80022016927231,76.44540965983731,77.9015121459961,4181930,0.0,0.0
2012-02-23 00:00:00+05:30,77.85693745377922,78.17639004857284,74.29097356631843,75.62078094482422,11560864,0.0,0.0
2012-02-24 00:00:00+05:30,76.37112719522545,76.37112719522545,72.41884215383247,74.7590103149414,5638233,0.0,0.0
2012-02-27 00:00:00+05:30,74.88530341574075,75.02645811413508,69.96724249640141,70.50213623046875,3344485,0.0,0.0
2012-02-28 00:00:00+05:30,72.43370818825998,77.17347174183396,70.57643660768977,76.22254943847656,5411843,0.0,0.0
2012-02-29 00:00:00+05:30,77.01745903638377,78.19125806105103,74.29098154453139,75.9105224609375,3083555,0.0,0.0
2012-03-01 00:00:00+05:30,74.88530976831967,75.53906883208309,73.48120995521926,74.39498901367188,2293866,0.0,0.0
2012-03-02 00:00:00+05:30,74.9001596470161,77.09917294832839,73.75607415006026,74.94473266601562,2509143,0.0,0.0
2012-03-05 00:00:00+05:30,74.45442247418224,75.07103832861071,71.9285322409558,73.20633697509766,2992922,0.0,0.0
2012-03-06 00:00:00+05:30,72.29998116747561,75.40534400765983,70.33870397417579,70.94046020507812,3340727,0.0,0.0
2012-03-07 00:00:00+05:30,70.94045212764914,72.9537377525439,70.59128029546866,72.46341705322266,3153868,0.0,0.0
2012-03-09 00:00:00+05:30,73.73379245439159,76.55685140365051,72.99088159118658,76.37854766845703,2925873,0.0,0.0
2012-03-12 00:00:00+05:30,76.66830035992,79.43935114147764,76.07396806838395,76.98774719238281,3946425,0.0,0.0
2012-03-13 00:00:00+05:30,77.32204367566995,78.13924676753507,76.5197001992006,76.80200958251953,2782893,0.0,0.0
2012-03-14 00:00:00+05:30,77.99808313134513,78.71127466095388,76.37111276918785,78.27295684814453,4217369,0.0,0.0
2012-03-15 00:00:00+05:30,78.25068927573582,78.6295745386497,74.51385113246685,75.16761016845703,3397829,0.0,0.0
2012-03-16 00:00:00+05:30,74.60300701403422,76.87630705906189,72.07711095285781,72.70115661621094,5391954,0.0,0.0
2012-03-19 00:00:00+05:30,70.7770085406141,73.3846263669112,68.0505312698175,68.45170593261719,6913645,0.0,0.0
2012-03-20 00:00:00+05:30,68.64485747870218,69.98209469717624,66.99559746561081,69.52892303466797,7110580,0.0,0.0
2012-03-21 00:00:00+05:30,70.56157264216844,71.17818847049641,68.64486270843686,70.65071868896484,6118100,0.0,0.0
2012-03-22 00:00:00+05:30,70.72500318612823,71.82450982464961,68.05052883887087,68.43684387207031,2951165,0.0,0.0
2012-03-23 00:00:00+05:30,69.26889465789644,69.92265357199206,66.92873272333956,68.90486907958984,2841671,0.0,0.0
2012-03-26 00:00:00+05:30,68.94201852374083,68.94201852374083,65.74008027184951,66.17839813232422,2936170,0.0,0.0
2012-03-27 00:00:00+05:30,66.86187778195108,68.19911498795209,65.98524204204587,67.32247924804688,3980877,0.0,0.0
2012-03-28 00:00:00+05:30,66.93615878729476,68.68943012518524,66.49784678012192,67.7830810546875,3612525,0.0,0.0
2012-03-29 00:00:00+05:30,66.5647158322865,68.03567808022223,66.42356695075487,67.53793334960938,3227116,0.0,0.0
2012-03-30 00:00:00+05:30,67.71622960314457,71.02217384781876,66.86188321723198,70.69529724121094,3158325,0.0,0.0
2012-04-02 00:00:00+05:30,70.87357970137592,72.06223224302862,69.47691005128428,69.78893280029297,2476238,0.0,0.0
2012-04-03 00:00:00+05:30,70.5764300337227,70.7621577572099,69.69979424649507,70.0638198852539,1276634,0.0,0.0
2012-04-04 00:00:00+05:30,69.53635818172265,70.56157268429784,69.29862762038931,70.24954986572266,1093707,0.0,0.0
2012-04-09 00:00:00+05:30,69.38777838973057,70.1306893581097,67.64194227588051,67.90196228027344,2212501,0.0,0.0
2012-04-10 00:00:00+05:30,68.19912543278471,68.71915961374039,67.01046671912711,68.30313110351562,2207268,0.0,0.0
2012-04-11 00:00:00+05:30,67.75336350843517,69.06831121720892,67.02531231107119,67.57506561279297,2862875,0.0,0.0
2012-04-12 00:00:00+05:30,68.59284699877763,70.41297490824638,68.18424840185395,70.1009521484375,3358334,0.0,0.0
2012-04-13 00:00:00+05:30,70.57641690115953,71.17074317480858,68.34768463402636,69.06830596923828,2405097,0.0,0.0
2012-04-16 00:00:00+05:30,68.89002671258994,70.92560203431044,68.68944518306535,70.27184295654297,1988002,0.0,0.0
2012-04-17 00:00:00+05:30,71.14103255221563,72.2999718396585,69.25404203466763,71.77993774414062,6060639,0.0,0.0
2012-04-18 00:00:00+05:30,72.0622447425015,72.61199809519756,70.69529408249805,70.96273803710938,2190196,0.0,0.0
2012-04-19 00:00:00+05:30,70.72500628477579,71.55706902140633,70.05638766866753,70.55413818359375,1178814,0.0,0.0
2012-04-20 00:00:00+05:30,70.4204152306433,71.31934043632455,69.01631551548971,70.27926635742188,2364852,0.0,0.0
2012-04-23 00:00:00+05:30,70.13811424281363,70.81416271039055,69.2540486208666,70.01924896240234,2527474,0.0,0.0
2012-04-24 00:00:00+05:30,70.13069119085333,70.6878744316987,68.85288638967643,70.07125854492188,1230297,0.0,0.0
2012-04-25 00:00:00+05:30,70.0415255205863,70.40555113367044,67.53792507514649,68.32540893554688,1197835,0.0,0.0
2012-04-26 00:00:00+05:30,68.32540798106017,68.86030168167677,65.07889091212179,65.38348388671875,3232966,0.0,0.0
2012-04-27 00:00:00+05:30,66.26755103554552,66.26755103554552,62.315271728724184,63.25876998901367,4891036,0.0,0.0
2012-04-30 00:00:00+05:30,65.06403766122797,65.62865064742353,63.711940748604704,64.87088012695312,4816565,0.0,0.0
2012-05-02 00:00:00+05:30,64.78171740801561,65.74749900351264,64.06109611459392,64.63313293457031,2409117,0.0,0.0
2012-05-03 00:00:00+05:30,65.14575230030383,65.14575230030383,63.429629939671905,63.771366119384766,1606690,0.0,0.0
2012-05-04 00:00:00+05:30,63.61536250605393,64.41770601897876,62.642150890214644,63.548500061035156,3419070,0.0,0.0
2012-05-07 00:00:00+05:30,62.99875537383381,64.93031925501279,62.129549296382784,64.46228790283203,3442495,0.0,0.0
2012-05-08 00:00:00+05:30,64.63313950269534,65.0343141253862,62.56785124118237,63.12503433227539,1973140,0.0,0.0
2012-05-09 00:00:00+05:30,62.552998594257424,62.98388666627132,59.729945443163395,60.26483917236328,2960603,0.0,0.0
2012-05-10 00:00:00+05:30,60.47285925381579,63.1324742404385,58.036109381068414,62.23355484008789,18196877,0.0,0.0
2012-05-11 00:00:00+05:30,62.0329745223185,63.444504240000335,61.223201075805505,62.24098587036133,4882878,0.0,0.0
2012-05-14 00:00:00+05:30,62.40442543115228,63.03589506535647,59.848816005168395,60.73287582397461,3324607,0.0,0.0
2012-05-15 00:00:00+05:30,60.14596673579947,61.156321437287836,59.514491405306934,60.04938507080078,2961323,0.0,0.0
2012-05-16 00:00:00+05:30,59.128200931417055,59.82653309211466,58.19213235021862,58.68245315551758,2448900,0.0,0.0
2012-05-17 00:00:00+05:30,59.00189206120471,59.99738723116894,58.689869273594965,59.15047073364258,2618082,0.0,0.0
2012-05-18 00:00:00+05:30,57.508652699279956,59.43279265763835,57.508652699279956,59.07619094848633,2459685,0.0,0.0
2012-05-21 00:00:00+05:30,60.175684721686196,60.175684721686196,58.0435338770624,58.184688568115234,3614530,0.0,0.0
2012-05-22 00:00:00+05:30,58.786444920359514,59.72994308771251,58.021250483008785,58.26641082763672,2707980,0.0,0.0
2012-05-23 00:00:00+05:30,58.2664174343053,58.437285548689914,56.94403388853133,57.33034896850586,3129604,0.0,0.0
2012-05-24 00:00:00+05:30,57.278346619918054,58.39271301804978,54.35871155174565,57.87267303466797,2997970,0.0,0.0
2012-05-25 00:00:00+05:30,57.64979676812021,59.27676736365781,57.501212264488316,58.964744567871094,2500969,0.0,0.0
2012-05-28 00:00:00+05:30,59.38820953924043,60.32427803238644,58.89788878006409,60.17569351196289,1850723,0.0,0.0
2012-05-29 00:00:00+05:30,60.82944857214698,60.86659178259583,59.59621706488454,59.819087982177734,1170158,0.0,0.0
2012-05-30 00:00:00+05:30,59.187618054006165,59.72994155589602,57.30805157519476,57.67207717895508,1563761,0.0,0.0
2012-05-31 00:00:00+05:30,57.649794943663196,60.60657286120106,56.84745146950363,59.74479675292969,6234632,0.0,0.0
2012-06-01 00:00:00+05:30,59.529357204438405,60.53228220302796,58.1326873524446,58.75673294067383,2759668,0.0,0.0
2012-06-04 00:00:00+05:30,57.94696609791151,59.77452421911818,57.20405515550862,58.979610443115234,2820574,0.0,0.0
2012-06-05 00:00:00+05:30,59.001889671749176,61.15632403959934,59.001889671749176,60.822017669677734,3299598,0.0,0.0
2012-06-06 00:00:00+05:30,61.082047483206935,62.1741244583062,60.81459768224349,61.66151428222656,3902617,0.0,0.0
2012-06-07 00:00:00+05:30,62.188974363256875,62.2261234040149,60.91859954264329,61.810089111328125,2319178,0.0,0.0
2012-06-08 00:00:00+05:30,61.810085204141764,63.23647425117202,60.918595691810445,62.73872375488281,3745578,0.0,0.0
2012-06-11 00:00:00+05:30,62.85017145700085,64.18741472690634,61.55008306004197,62.20384216308594,3369982,0.0,0.0
2012-06-12 00:00:00+05:30,61.82495180256588,64.58857834389175,61.386633890924564,64.36570739746094,3213689,0.0,0.0
2012-06-13 00:00:00+05:30,64.58857186053365,64.81144278459283,63.57821706719175,64.26911926269531,3074117,0.0,0.0
2012-06-14 00:00:00+05:30,64.18526075525979,64.627392449664,62.538706908605356,62.9122314453125,1896541,2.139841,0.0
2012-06-15 00:00:00+05:30,62.67594058239455,64.82561026321261,62.67594058239455,64.54356384277344,2178203,0.0,0.0
2012-06-18 00:00:00+05:30,66.70084359484619,66.70084359484619,61.49436460176615,61.84502410888672,3352941,0.0,0.0
2012-06-19 00:00:00+05:30,62.210936004705054,62.34052667470144,60.526263274112104,61.669708251953125,2195280,0.0,0.0
2012-06-20 00:00:00+05:30,61.7535510672648,62.58445481880511,61.32666665617603,62.3328971862793,926639,0.0,0.0
2012-06-21 00:00:00+05:30,62.02798345221447,63.255276954771304,61.21995070243969,63.01896667480469,2023076,0.0,0.0
2012-06-22 00:00:00+05:30,62.50821719331875,63.85748343040897,61.44100329152851,63.346744537353516,1708247,0.0,0.0
2012-06-25 00:00:00+05:30,64.02519075881706,64.33773186553674,62.50822134393494,62.76740264892578,1399838,0.0,0.0
2012-06-26 00:00:00+05:30,63.3162591491331,63.499209618202116,62.249045089884014,63.30101776123047,1007937,0.0,0.0
2012-06-27 00:00:00+05:30,63.87274197719585,64.19290683168971,62.096596877410896,62.531105041503906,3525634,0.0,0.0
2012-06-28 00:00:00+05:30,62.828377741917315,63.125671442903425,61.54772473339952,61.80690002441406,2871337,0.0,0.0
2012-06-29 00:00:00+05:30,62.98845630554626,63.19427777863744,62.35575648119931,62.9122314453125,4651537,0.0,0.0
2012-07-02 00:00:00+05:30,62.81313219088486,63.8041152090133,62.6073166885317,63.14854431152344,3441159,0.0,0.0
2012-07-03 00:00:00+05:30,63.80411769397184,64.1852659433824,63.34674457816623,64.01756286621094,4081047,0.0,0.0
2012-07-04 00:00:00+05:30,64.30724223657134,64.94757186684906,63.99470110505005,64.64265441894531,5425563,0.0,0.0
2012-07-05 00:00:00+05:30,64.71126231073603,65.78610006363216,64.26913051152599,65.65650939941406,5856959,0.0,0.0
2012-07-06 00:00:00+05:30,65.40494397487234,65.89281183890485,64.09379610060546,64.91707611083984,2927924,0.0,0.0
2012-07-09 00:00:00+05:30,64.77225023743107,65.404956234453,64.0480660090767,65.11528015136719,3580766,0.0,0.0
2012-07-10 00:00:00+05:30,65.35920612820335,65.90043377812489,64.8332198641103,65.66412353515625,3414453,0.0,0.0
2012-07-11 00:00:00+05:30,65.7174887282318,66.99051825933417,64.77986538262927,65.53453826904297,10888529,0.0,0.0
2012-07-12 00:00:00+05:30,65.1000271154759,65.38207348451729,64.49018630087127,65.07715606689453,2572315,0.0,0.0
2012-07-13 00:00:00+05:30,65.17625165629465,65.83945226821496,64.71887852184929,64.93994140625,2655962,0.0,0.0
2012-07-16 00:00:00+05:30,65.10002203189953,65.28297246818683,62.82837997380066,63.94132995605469,3527813,0.0,0.0
2012-07-17 00:00:00+05:30,64.03281181461112,64.58166315476493,62.584449626908224,63.18666076660156,2391064,0.0,0.0
2012-07-18 00:00:00+05:30,63.278150843058526,63.278150843058526,61.45626373765169,61.883148193359375,4479518,0.0,0.0
2012-07-19 00:00:00+05:30,62.20330063033817,62.561577836825066,61.24280631194129,61.58584213256836,2750461,0.0,0.0
2012-07-20 00:00:00+05:30,61.623959595289904,62.035602613635916,60.838797954114895,61.34953689575195,2480690,0.0,0.0
2012-07-23 00:00:00+05:30,60.98363815385294,61.07511039717793,58.833962704040765,59.23797607421875,2809773,0.0,0.0
2012-07-24 00:00:00+05:30,59.06265122801185,60.06888181373247,57.77437424020641,58.590030670166016,11305732,0.0,0.0
2012-07-25 00:00:00+05:30,59.07790261475217,59.12363874102562,56.722411390306405,57.11880111694336,4779187,0.0,0.0
2012-07-26 00:00:00+05:30,57.33985458284313,57.43895049297874,54.656575554017635,55.04534149169922,5784986,0.0,0.0
2012-07-27 00:00:00+05:30,55.64756480766711,56.70715510579253,52.69748048806231,53.10149383544922,6968109,0.0,0.0
2012-07-30 00:00:00+05:30,53.3682970290903,54.801411873425515,52.400184981077885,54.565101623535156,6279088,0.0,0.0
2012-07-31 00:00:00+05:30,54.83190622806709,56.089694297049355,53.74182124182945,55.83051300048828,6020825,0.0,0.0
2012-08-01 00:00:00+05:30,56.10494100295437,56.51657801189122,55.113951945589804,56.242149353027344,4348927,0.0,0.0
2012-08-02 00:00:00+05:30,56.08969723385219,56.08969723385219,54.96149975407912,55.54846954345703,2911192,0.0,0.0
2012-08-03 00:00:00+05:30,54.27543085708806,55.19018309266992,53.91715364557171,55.02248001098633,2636079,0.0,0.0
2012-08-06 00:00:00+05:30,55.647564653374815,55.9448583956253,54.991987704454,55.2054328918457,1363741,0.0,0.0
2012-08-07 00:00:00+05:30,55.34264581947009,55.952480654554286,54.6946925700937,55.403629302978516,2464492,0.0,0.0
2012-08-08 00:00:00+05:30,55.83813632997311,55.83813632997311,54.755675033348666,55.02248001098633,2149935,0.0,0.0
2012-08-09 00:00:00+05:30,55.19781459682659,55.45699592847344,53.360680203268544,53.66560363769531,2558852,0.0,0.0
2012-08-10 00:00:00+05:30,52.60601227321563,53.46740481538425,52.60601227321563,53.284454345703125,2716652,0.0,0.0
2012-08-13 00:00:00+05:30,52.21723651246793,54.24493889986075,52.21723651246793,53.970516204833984,1741306,0.0,0.0
2012-08-14 00:00:00+05:30,53.7418268379715,54.96150259949465,53.520763932214244,54.49650573730469,3027672,0.0,0.0
2012-08-16 00:00:00+05:30,54.679446666556004,55.25116908199548,54.275433319768695,54.48887252807617,2169479,0.0,0.0
2012-08-17 00:00:00+05:30,54.885270198444566,55.14445151469919,53.749449008674354,54.59560012817383,2275776,0.0,0.0
2012-08-21 00:00:00+05:30,54.5879801178395,54.72519446854332,51.767486161993816,52.31633758544922,9682988,0.0,0.0
2012-08-22 00:00:00+05:30,52.362078479699214,52.362078479699214,51.416831393669135,51.912322998046875,3079756,0.0,0.0
2012-08-23 00:00:00+05:30,52.262975528323715,52.94904127295351,51.150025361602445,51.561668395996094,4047895,0.0,0.0
2012-08-24 00:00:00+05:30,51.302482809154306,51.302482809154306,50.49445005977134,50.715518951416016,3236101,0.0,0.0
2012-08-27 00:00:00+05:30,50.75362963329479,50.85273153968961,49.091828068737975,49.33576202392578,2673317,0.0,0.0
2012-08-28 00:00:00+05:30,49.320512458482845,49.320512458482845,48.19231497634752,48.8478889465332,3003439,0.0,0.0
2012-08-29 00:00:00+05:30,48.93936371790264,49.549201562665104,47.422397273624384,47.62821578979492,4349086,0.0,0.0
2012-08-30 00:00:00+05:30,47.41477301761521,48.77166003829903,46.690591893694716,48.15420150756836,6359697,0.0,0.0
2012-08-31 00:00:00+05:30,47.45289216348901,48.78690823971534,47.45289216348901,48.49723815917969,3893066,0.0,0.0
2012-09-03 00:00:00+05:30,49.25952585251332,49.61018237009648,48.48198495941642,48.73353958129883,2434676,0.0,0.0
2012-09-04 00:00:00+05:30,48.779279202921714,49.213790255400376,47.978870242961094,48.92411422729492,3356900,0.0,0.0
2012-09-05 00:00:00+05:30,48.92412032757222,48.92412032757222,48.07797220682851,48.367645263671875,3187729,0.0,0.0
2012-09-06 00:00:00+05:30,47.8950191876114,48.238052029602166,47.208953503629886,47.43001937866211,3730640,0.0,0.0
2012-09-07 00:00:00+05:30,48.00936079553844,49.39673948077278,47.95600099677695,49.1756706237793,3760707,0.0,0.0
2012-09-10 00:00:00+05:30,49.54919864785913,50.098049985146666,49.06895148547293,49.75502014160156,2367952,0.0,0.0
2012-09-11 00:00:00+05:30,49.65592430439326,49.9837128019675,49.10707290014597,49.86936950683594,2276994,0.0,0.0
2012-09-12 00:00:00+05:30,49.9760833547481,50.45633052033853,49.549198978454044,50.235267639160156,2349816,0.0,0.0
2012-09-13 00:00:00+05:30,49.13756419049579,50.50207199458742,49.13756419049579,49.33576202392578,1556944,0.0,0.0
2012-09-14 00:00:00+05:30,49.854115566319365,52.14100209518016,49.854115566319365,51.98092269897461,4642227,0.0,0.0
2012-09-17 00:00:00+05:30,52.445918239781655,57.164529194354685,52.445918239781655,54.90813446044922,10631911,0.0,0.0
2012-09-18 00:00:00+05:30,54.27542788860957,61.5477271966592,54.18394968037509,60.01551055908203,14054354,0.0,0.0
2012-09-20 00:00:00+05:30,59.84018679890537,62.92747931674071,58.42231934550541,61.730674743652344,17716208,0.0,0.0
2012-09-21 00:00:00+05:30,61.73829921298676,66.06813845516584,61.73829921298676,65.519287109375,11388357,0.0,0.0
2012-09-24 00:00:00+05:30,63.30862569975206,69.4984638968318,63.30862569975206,65.1991195678711,14828729,0.0,0.0
2012-09-25 00:00:00+05:30,65.55740329680246,67.36404879657886,63.89560179874239,66.2206039428711,8379776,0.0,0.0
2012-09-26 00:00:00+05:30,65.99953691806324,67.08199831576174,65.10003196392356,66.8990478515625,6920348,0.0,0.0
2012-09-27 00:00:00+05:30,67.21920357059531,67.21920357059531,64.07092170836079,65.69461059570312,5989149,0.0,0.0
2012-09-28 00:00:00+05:30,66.01477550841662,67.56223355463091,65.60313851353436,65.7784652709961,6392165,0.0,0.0
2012-10-01 00:00:00+05:30,66.01477777118589,66.84568145120453,65.35920683399759,66.59412384033203,2679331,0.0,0.0
2012-10-03 00:00:00+05:30,66.92953371589668,67.49363245099309,65.7098640072338,66.49502563476562,2281369,0.0,0.0
2012-10-04 00:00:00+05:30,66.63224734764174,67.23446456489545,65.96905261756432,66.5026626586914,3513708,0.0,0.0
2012-10-05 00:00:00+05:30,66.93715458419672,67.23445429512081,64.18526819296748,64.83322143554688,4171567,0.0,0.0
2012-10-08 00:00:00+05:30,64.94756923859842,66.89142312226205,64.20814370993442,66.54839324951172,5257178,0.0,0.0
2012-10-09 00:00:00+05:30,67.08199726690984,67.34880226528864,65.75560193768439,66.54839324951172,3537709,0.0,0.0
2012-10-10 00:00:00+05:30,65.93854880851754,66.44166404464315,62.34814096831121,65.24486541748047,2364518,0.0,0.0
2012-10-11 00:00:00+05:30,63.72788805107937,65.86231569605656,62.935096881634,65.05428314208984,7783100,0.0,0.0
2012-10-12 00:00:00+05:30,64.87133321188507,66.16723968389537,64.87133321188507,65.24485778808594,2592502,0.0,0.0
2012-10-15 00:00:00+05:30,65.08477933208142,66.01477894470246,64.72650211609377,65.68699645996094,1456174,0.0,0.0
2012-10-16 00:00:00+05:30,65.98429488543488,66.77708022254714,64.20814408608662,64.5130615234375,1878492,0.0,0.0
2012-10-17 00:00:00+05:30,64.83322166190084,65.1762515119753,64.23101051388974,64.85608673095703,1337987,0.0,0.0
2012-10-18 00:00:00+05:30,65.1762637607912,66.9295437134074,64.65028336262246,66.73897552490234,3020367,0.0,0.0
2012-10-19 00:00:00+05:30,65.24485807965748,68.3016618678759,65.24485807965748,68.15682983398438,8066253,0.0,0.0
2012-10-22 00:00:00+05:30,68.30166689980625,69.20117781780105,67.84429373687146,68.57609558105469,4819741,0.0,0.0
2012-10-23 00:00:00+05:30,68.57609067503778,68.91912650205711,67.08199236037356,67.55461883544922,1764793,0.0,0.0
2012-10-25 00:00:00+05:30,67.55462581088449,67.996757639741,65.87757672665916,67.3106918334961,2705014,0.0,0.0
2012-10-29 00:00:00+05:30,65.08478290178577,65.2524859947603,63.78888231928929,64.16240692138672,3315436,0.0,0.0
2012-10-30 00:00:00+05:30,64.37584197351751,64.47494386973847,60.22133549894923,60.5948600769043,5972350,0.0,0.0
2012-10-31 00:00:00+05:30,61.501994089188415,61.501994089188415,59.481915303513254,61.120845794677734,4123713,0.0,0.0
2012-11-01 00:00:00+05:30,61.57822616201328,62.614945477624715,60.91503146488768,62.34052276611328,2320473,0.0,0.0
2012-11-02 00:00:00+05:30,63.270511368641415,65.63362564321447,62.820755972791,65.23723602294922,5224006,0.0,0.0
2012-11-05 00:00:00+05:30,64.79510408225622,65.23723579433077,63.13329682603712,63.7660026550293,4061805,0.0,0.0
2012-11-06 00:00:00+05:30,63.57542548139178,64.42919413569257,61.49435765975552,63.994686126708984,20205431,0.0,0.0
2012-11-07 00:00:00+05:30,64.04805417329054,66.62461381122803,63.27813994058686,66.34256744384766,8610243,0.0,0.0
2012-11-08 00:00:00+05:30,65.70986678454237,67.84429484427592,65.24486395136117,67.58511352539062,6359455,0.0,0.0
2012-11-09 00:00:00+05:30,67.79093371525235,68.36265016708317,65.82420879113226,66.41117858886719,4408198,0.0,0.0
2012-11-12 00:00:00+05:30,67.08199328774023,67.53937240363601,65.89281236989854,67.1353530883789,2178897,0.0,0.0
2012-11-15 00:00:00+05:30,66.61699158472646,66.62461526770868,65.26773124277565,66.11387634277344,2229439,0.0,0.0
2012-11-16 00:00:00+05:30,65.6183821772674,67.21920605596497,64.66551751208722,65.19149780273438,2146635,0.0,0.0
2012-11-19 00:00:00+05:30,65.30583966503438,65.72510632713583,64.04043393429284,64.70362854003906,2142944,0.0,0.0
2012-11-20 00:00:00+05:30,64.8103497183226,65.26010514209715,62.75215270822659,63.18666076660156,2926819,0.0,0.0
2012-11-21 00:00:00+05:30,63.422970622509595,65.40494275212727,62.584449241719646,65.16863250732422,3715352,0.0,0.0
2012-11-22 00:00:00+05:30,66.28158400910455,66.28158400910455,64.36060129831115,65.62600708007812,2495751,0.0,0.0
2012-11-23 00:00:00+05:30,65.86231401231119,66.74657140435407,64.85608369170703,66.373046875,2092165,0.0,0.0
2012-11-26 00:00:00+05:30,65.99953874934735,66.60175594265246,65.10003377024915,65.49642944335938,1791545,0.0,0.0
2012-11-27 00:00:00+05:30,65.8623337004603,66.9143004466392,65.35921838976255,66.71610260009766,1963163,0.0,0.0
2012-11-29 00:00:00+05:30,66.89141859634545,68.91150319705986,65.92330655135098,67.66133880615234,7830717,0.0,0.0
2012-11-30 00:00:00+05:30,67.7070651455306,71.3432145099527,67.7070651455306,70.8248519897461,6808885,0.0,0.0
2012-12-03 00:00:00+05:30,71.04592954436048,71.6405169957815,69.93297352972502,70.48944854736328,3340290,0.0,0.0
2012-12-04 00:00:00+05:30,70.51994747658226,72.35708169798421,69.5670767816908,72.097900390625,3537133,0.0,0.0
2012-12-05 00:00:00+05:30,72.44855153498006,72.6696203989601,71.35084883598662,71.88445281982422,3199434,0.0,0.0
2012-12-06 00:00:00+05:30,72.26560666031418,73.942655569504,71.22888736461705,73.29470825195312,4119688,0.0,0.0
2012-12-07 00:00:00+05:30,72.11314912741794,74.03413194051747,72.11314912741794,73.24134063720703,2643975,0.0,0.0
2012-12-10 00:00:00+05:30,73.33281727435892,74.98700103561497,72.5781444034669,74.041748046875,5710952,0.0,0.0
2012-12-11 00:00:00+05:30,74.40001977515696,74.58297020235632,72.18936130563343,73.48526763916016,3838664,0.0,0.0
2012-12-12 00:00:00+05:30,73.63773679891885,73.90454179627943,71.35085305123245,72.7763442993164,3598527,0.0,0.0
2012-12-13 00:00:00+05:30,73.02790208010208,73.2794597114194,70.26839181890722,70.71814727783203,3831199,0.0,0.0
2012-12-14 00:00:00+05:30,69.83387961509371,71.1602748638896,68.97248716443673,70.59617614746094,9194243,0.0,0.0
2012-12-17 00:00:00+05:30,70.62667754819643,72.2656141904354,69.88725193194391,71.75487518310547,7831031,0.0,0.0
2012-12-18 00:00:00+05:30,71.96067235110446,72.50952361428028,69.91009931130708,71.9835433959961,10088481,0.0,0.0
2012-12-19 00:00:00+05:30,72.41807225790983,73.08889066172856,71.42708903015584,72.59339904785156,9824102,0.0,0.0
2012-12-20 00:00:00+05:30,72.92881354263086,74.7049585289821,71.8997118632414,74.23233795166016,4103372,0.0,0.0
2012-12-21 00:00:00+05:30,73.7673345666832,73.98077978101837,72.15889270291466,72.50192260742188,3547779,0.0,0.0
2012-12-24 00:00:00+05:30,72.87544410577696,73.48528498642831,71.81585372252293,72.10552978515625,1661591,0.0,0.0
2012-12-26 00:00:00+05:30,72.27322576014885,73.99601068122602,71.46519310079063,73.63773345947266,3842241,0.0,0.0
2012-12-27 00:00:00+05:30,73.94266604337221,75.00988022390949,72.89069923183014,74.32381439208984,5760049,0.0,0.0
2012-12-28 00:00:00+05:30,74.72019335469699,75.5587147503591,74.53724290586021,75.20806121826172,2557377,0.0,0.0
2012-12-31 00:00:00+05:30,75.45200241674561,76.19905164961638,75.16233233969601,75.75691986083984,3269489,0.0,0.0
2013-01-01 00:00:00+05:30,76.21429900786353,79.27872679485634,75.99323610318059,78.66889190673828,4506670,0.0,0.0
2013-01-02 00:00:00+05:30,79.26348020999406,81.26069397280915,79.24061513856375,79.65225219726562,7251966,0.0,0.0
2013-01-03 00:00:00+05:30,80.48315422190475,80.48315422190475,78.60790747882491,79.7132339477539,4314799,0.0,0.0
2013-01-04 00:00:00+05:30,80.46791009741601,80.65086056903759,78.98143527323079,80.2239761352539,2968309,0.0,0.0
2013-01-07 00:00:00+05:30,80.2239620508605,81.00912360630413,78.83658340011665,79.28633880615234,2795637,0.0,0.0
2013-01-08 00:00:00+05:30,79.27872565135776,79.530283286498,77.64741286465191,78.20388793945312,4948574,0.0,0.0
2013-01-09 00:00:00+05:30,78.21913059135647,79.27872087256783,77.68552061959525,77.92183685302734,1767646,0.0,0.0
2013-01-10 00:00:00+05:30,78.05904105507358,79.23298053874697,76.83937143484,77.08330535888672,4467787,0.0,0.0
2013-01-11 00:00:00+05:30,77.08331001049852,77.79224675713955,76.36675556021035,76.74028015136719,3080723,0.0,0.0
2013-01-14 00:00:00+05:30,76.74027861443297,79.24822511957228,75.3833886330181,78.88232421875,3344850,0.0,0.0
2013-01-15 00:00:00+05:30,77.7922475600745,80.1172496647239,77.7922475600745,79.7513427734375,3793519,0.0,0.0
2013-01-16 00:00:00+05:30,78.99667311510173,79.39306877550041,77.09093762642085,77.49495697021484,3729910,0.0,0.0
2013-01-17 00:00:00+05:30,78.2953445459551,79.09575335151541,77.19001240555477,78.63837432861328,3512870,0.0,0.0
2013-01-18 00:00:00+05:30,78.63839935834451,80.41455024613467,77.95233359530313,79.45405578613281,4000437,0.0,0.0
2013-01-21 00:00:00+05:30,79.44642790361866,80.34593882557415,78.55454664435305,79.36257934570312,2143412,0.0,0.0
2013-01-22 00:00:00+05:30,79.59888466529597,79.80470616434897,76.49633873122399,76.82412719726562,4096813,0.0,0.0
2013-01-23 00:00:00+05:30,77.60167107491274,78.82134074446247,74.65158684007059,75.48249053955078,3676648,0.0,0.0
2013-01-24 00:00:00+05:30,76.23716448249611,76.23716448249611,74.26281595499684,75.14707946777344,5073439,0.0,0.0
2013-01-25 00:00:00+05:30,74.70494809999292,75.75691470536863,73.27183322059774,74.56773376464844,11942890,0.0,0.0
2013-01-28 00:00:00+05:30,74.87264427614011,75.52822116032911,73.2642027742251,73.55387878417969,4520982,0.0,0.0
2013-01-29 00:00:00+05:30,73.86643270763318,74.99462427637812,71.83872420275114,72.60102081298828,9356392,0.0,0.0
2013-01-30 00:00:00+05:30,73.79019595202543,73.79019595202543,70.89347145642931,71.13740539550781,3178070,0.0,0.0
2013-01-31 00:00:00+05:30,70.5047107203061,73.61488089729077,70.5047107203061,73.34807586669922,6173336,0.0,0.0
2013-02-01 00:00:00+05:30,73.77495497818674,74.06462506110097,71.67102158166075,71.99118041992188,2708196,0.0,0.0
2013-02-04 00:00:00+05:30,72.5247852980363,72.68486470581202,68.95724241392152,69.46035766601562,2689335,0.0,0.0
2013-02-05 00:00:00+05:30,69.32315176499083,69.52134961256687,67.57749553648496,68.98773956298828,2894356,0.0,0.0
2013-02-06 00:00:00+05:30,69.63568334595624,71.57953715492742,69.37650204084551,71.13740539550781,4432096,0.0,0.0
2013-02-07 00:00:00+05:30,70.74101852461355,71.57954602866788,68.92676112264286,70.14643096923828,3398482,0.0,0.0
2013-02-08 00:00:00+05:30,70.5428268645417,70.63429911362282,67.18109913393096,68.00437927246094,19799738,0.0,0.0
2013-02-11 00:00:00+05:30,67.40215480807709,68.34740174617859,62.50821704091506,67.99674224853516,4099871,0.0,0.0
2013-02-12 00:00:00+05:30,68.05011097319105,69.12494262205905,67.34117424407127,68.37026977539062,2805661,0.0,0.0
2013-02-13 00:00:00+05:30,68.60659182187793,69.12494848321892,66.52552355497083,67.03626251220703,3579044,0.0,0.0
2013-02-14 00:00:00+05:30,67.04387783645517,67.65371264397314,65.70985896307062,66.10625457763672,3034894,0.0,0.0
2013-02-15 00:00:00+05:30,66.31969177785079,66.99813372824894,65.32108506828614,66.68559265136719,2429890,0.0,0.0
2013-02-18 00:00:00+05:30,66.6627405503791,69.74241580387148,66.65511686661146,69.43749237060547,3661494,0.0,0.0
2013-02-19 00:00:00+05:30,69.68903940668767,69.96346806309882,68.94199026352275,69.7500228881836,4157055,0.0,0.0
2013-02-20 00:00:00+05:30,69.81863511859729,70.04732767532104,68.53035823109346,68.82765197753906,2519362,0.0,0.0
2013-02-21 00:00:00+05:30,68.60659360207414,68.60659360207414,66.66273962836767,66.97528076171875,2254376,0.0,0.0
2013-02-22 00:00:00+05:30,66.62461106961953,68.14158038287492,66.33494103134353,67.39453125,2175607,0.0,0.0
2013-02-25 00:00:00+05:30,67.8138041660697,68.08823286820926,65.64888722254172,66.19773864746094,1829816,0.0,0.0
2013-02-26 00:00:00+05:30,65.55739464921682,66.56362503105169,64.93993618388335,65.15338134765625,1977782,0.0,0.0
2013-02-27 00:00:00+05:30,65.55740488085307,66.7618332500199,65.40494915095724,66.07576751708984,4380135,0.0,0.0
2013-02-28 00:00:00+05:30,66.92191078821482,66.92191078821482,62.20329977018301,63.36199188232422,5448567,0.0,0.0
2013-03-01 00:00:00+05:30,63.88796653976096,64.79510096689407,63.31624421649661,63.994686126708984,2514031,0.0,0.0
2013-03-04 00:00:00+05:30,63.72789539773552,64.58928784522564,62.52346712019766,63.598304748535156,3198231,0.0,0.0
2013-03-05 00:00:00+05:30,63.65929343064132,64.45970246030828,62.470112421623114,64.07093048095703,4460637,0.0,0.0
2013-03-06 00:00:00+05:30,64.94756870068242,65.80133751319204,64.41396468770378,64.9018325805664,2783520,0.0,0.0
2013-03-07 00:00:00+05:30,65.10003338125426,66.38068665853078,64.59691809891287,66.04528045654297,3661016,0.0,0.0
2013-03-08 00:00:00+05:30,66.16723964659266,66.76182710335478,64.80273198975952,65.96141815185547,4881480,0.0,0.0
2013-03-11 00:00:00+05:30,66.17486270723724,67.44027455017341,65.55740415239718,66.51789855957031,3454427,0.0,0.0
2013-03-12 00:00:00+05:30,66.8761759916127,67.08199750360481,64.97044051777002,65.91568756103516,2188839,0.0,0.0
2013-03-13 00:00:00+05:30,65.16101008959251,65.6717490023775,63.71264788268789,64.20051574707031,2578165,0.0,0.0
2013-03-14 00:00:00+05:30,64.12429222335533,66.53314904794648,63.156180066803635,66.28921508789062,3229485,0.0,0.0
2013-03-15 00:00:00+05:30,66.28920835296722,67.02101015878438,65.58789529937955,65.90043640136719,3719623,0.0,0.0
2013-03-18 00:00:00+05:30,65.86233155109355,66.54839731789578,64.76462273659408,65.13052368164062,1814364,0.0,0.0
2013-03-19 00:00:00+05:30,65.70985796256375,66.16723705091754,61.31903545657192,61.63157653808594,5376882,0.0,0.0
2013-03-20 00:00:00+05:30,61.745936830370596,61.745936830370596,58.89495387848249,59.33708572387695,4591850,0.0,0.0
2013-03-21 00:00:00+05:30,59.154125937868194,60.22133995082805,56.19641784716695,56.58518981933594,7633109,0.0,0.0
2013-03-22 00:00:00+05:30,57.77436589954471,59.10076111463169,56.29551496947425,58.246986389160156,3654410,0.0,0.0
2013-03-25 00:00:00+05:30,58.696746651631656,59.520026714397346,55.921989028858306,56.50133514404297,3395999,0.0,0.0
2013-03-26 00:00:00+05:30,56.623306589064185,56.707161132426485,54.275439168518915,55.350276947021484,3934134,0.0,0.0
2013-03-28 00:00:00+05:30,55.62469333746337,59.001662028118105,54.885267837229755,58.55190658569336,7930182,0.0,0.0
2013-04-01 00:00:00+05:30,58.681494093574976,59.7334666236505,57.67526365914371,59.51239776611328,2346181,0.0,0.0
2013-04-02 00:00:00+05:30,59.154128506520244,62.119454429926,58.97117803744224,61.86027908325195,4043695,0.0,0.0
2013-04-03 00:00:00+05:30,61.74592296907447,62.02035163197523,59.001660257503076,59.31420135498047,3256530,0.0,0.0
2013-04-04 00:00:00+05:30,58.71199328608234,60.83117391378684,58.30035027015279,59.7410888671875,5308779,0.0,0.0
2013-04-05 00:00:00+05:30,60.206097773505526,61.73069106038705,59.76396595948428,60.655853271484375,4664527,0.0,0.0
2013-04-08 00:00:00+05:30,61.12847817959014,61.59348107848032,59.00167350274172,59.33708572387695,4532168,0.0,0.0
2013-04-09 00:00:00+05:30,59.97740828871119,60.3509329085162,56.96634027949788,57.400848388671875,6167224,0.0,0.0
2013-04-10 00:00:00+05:30,57.842973574612806,58.18600342087261,56.1506774533977,57.751495361328125,5239741,0.0,0.0
2013-04-11 00:00:00+05:30,57.964947900911895,58.5290466796236,56.4632257189102,56.97396469116211,4177134,0.0,0.0
2013-04-12 00:00:00+05:30,57.27887497166749,59.603876969304636,56.3564990512186,59.23797607421875,5994907,0.0,0.0
2013-04-15 00:00:00+05:30,59.45903717825575,63.33912085367342,58.582397401064256,62.64543151855469,10490772,0.0,0.0
2013-04-16 00:00:00+05:30,62.03559474988905,64.33772555768981,62.03559474988905,63.94132995605469,5126916,0.0,0.0
2013-04-17 00:00:00+05:30,63.58306350290503,64.64265386759293,62.515849454664604,63.04183578491211,4218104,0.0,0.0
2013-04-18 00:00:00+05:30,62.50821846569371,65.19912133278315,62.20330105602678,64.42157745361328,5869040,0.0,0.0
2013-04-22 00:00:00+05:30,64.50544139113785,68.53036374446216,64.46732895163069,67.98150634765625,10450871,0.0,0.0
2013-04-23 00:00:00+05:30,68.36266210006744,68.43889296673777,65.58790997576747,66.47979736328125,5816590,0.0,0.0
2013-04-25 00:00:00+05:30,66.41116860553784,67.6613328870799,66.3425614457597,66.8837890625,4161707,0.0,0.0
2013-04-26 00:00:00+05:30,66.77708117826742,66.90667183841619,63.804125657668074,64.1242904663086,5865683,0.0,0.0
2013-04-29 00:00:00+05:30,64.85610087660807,65.40495229345072,63.04946122573446,64.39109802246094,5363876,0.0,0.0
2013-04-30 00:00:00+05:30,64.56641572678579,64.93994030255942,61.92887264829319,63.23240280151367,5164057,0.0,0.0
2013-05-02 00:00:00+05:30,62.9656044546433,65.48118083365166,62.38625832324994,62.83601379394531,18363966,0.0,0.0
2013-05-03 00:00:00+05:30,62.500592515078274,62.81313359606559,59.61149792106088,60.289939880371094,12687682,0.0,0.0
2013-05-06 00:00:00+05:30,60.29756969911091,60.831173706129185,58.40707565602566,59.70297622680664,7428581,0.0,0.0
2013-05-07 00:00:00+05:30,59.611505411140456,61.288554303851306,59.611505411140456,60.97601318359375,4435982,0.0,0.0
2013-05-08 00:00:00+05:30,61.13608831188456,61.74592314298269,59.94690740156368,61.425758361816406,5051864,0.0,0.0
2013-05-09 00:00:00+05:30,60.98363917665997,62.35577068442484,60.67871574883692,61.86027908325195,6588293,0.0,0.0
2013-05-10 00:00:00+05:30,61.631587888964084,65.25249089196089,61.33429411749206,64.52831268310547,7253416,0.0,0.0
2013-05-13 00:00:00+05:30,65.22199908382467,65.2524878382453,61.67732112601189,61.94412612915039,5312259,0.0,0.0
2013-05-14 00:00:00+05:30,61.98224808327691,63.209541600771935,61.6239648377126,62.57683563232422,4032833,0.0,0.0
2013-05-15 00:00:00+05:30,62.81314029739809,65.8470792010511,62.81314029739809,65.4811782836914,5725309,0.0,0.0
2013-05-16 00:00:00+05:30,64.79511646146476,67.21921466912355,64.79511646146476,66.20536041259766,4574341,0.0,0.0
2013-05-17 00:00:00+05:30,65.86232904368526,67.50888323370967,64.98568915395873,67.0896224975586,3431387,0.0,0.0
2013-05-20 00:00:00+05:30,67.69182984362223,69.71953819559668,67.40215978449413,67.76043701171875,6311417,0.0,0.0
2013-05-21 00:00:00+05:30,67.76042673741516,68.54559422026765,67.08198482172993,67.52411651611328,5359897,0.0,0.0
2013-05-22 00:00:00+05:30,67.5774930110304,69.47561089115514,67.08200140028745,67.32593536376953,6404862,0.0,0.0
2013-05-23 00:00:00+05:30,66.65510218928453,66.76944546190121,64.3301003884309,64.74173736572266,3053863,0.0,0.0
2013-05-24 00:00:00+05:30,64.52830485697028,65.55740039628857,63.270516769413035,65.1610107421875,4144877,0.0,0.0
2013-05-27 00:00:00+05:30,65.55740887427092,66.21298589289998,63.78126393560176,65.48880767822266,3681126,0.0,0.0
2013-05-28 00:00:00+05:30,65.56502238896512,67.29543691478719,65.13051433167918,66.56362915039062,3336286,0.0,0.0
2013-05-29 00:00:00+05:30,67.22683153911844,67.22683153911844,64.03281335821922,64.44445037841797,4201130,0.0,0.0
2013-05-30 00:00:00+05:30,64.26151260822154,66.31971007408427,63.362007540845255,64.94757843017578,8907744,0.0,0.0
2013-05-31 00:00:00+05:30,64.64264752614612,65.07715559049763,61.82977764238874,62.81313705444336,4834680,0.0,0.0
2013-06-03 00:00:00+05:30,62.386258369170925,63.11806023292671,61.8983904600004,62.16519546508789,2931332,0.0,0.0
2013-06-04 00:00:00+05:30,62.26428926043892,63.33150326489624,60.37379519775918,60.648223876953125,5288839,0.0,0.0
2013-06-05 00:00:00+05:30,60.526248153365906,61.21993745494229,59.733462942717985,60.85403060913086,5062114,0.0,0.0
2013-06-06 00:00:00+05:30,60.22132972488174,63.52969080946971,60.09173908949735,63.20952606201172,6152157,0.0,0.0
2013-06-07 00:00:00+05:30,62.37100846995114,63.40773371420781,60.22133908760366,60.5567512512207,5837502,0.0,0.0
2013-06-10 00:00:00+05:30,60.983630258540956,61.669695912094575,59.39043009652662,59.96977615356445,3525397,0.0,0.0
2013-06-11 00:00:00+05:30,59.61149895143371,61.441003374670814,59.245592087427454,59.96977615356445,3864151,0.0,0.0
2013-06-12 00:00:00+05:30,59.878311308942884,60.83118214584755,59.16175674472989,59.94691848754883,3494287,0.0,0.0
2013-06-13 00:00:00+05:30,59.45905147906186,59.85544718857143,57.934458115742224,58.04880142211914,4507971,0.0,0.0
2013-06-14 00:00:00+05:30,58.696742985106184,60.671091471630554,58.696742985106184,59.39805603027344,5898541,0.0,0.0
2013-06-17 00:00:00+05:30,59.76397020027427,59.97741542815313,57.66003657692157,59.33708572387695,4126443,0.0,0.0
2013-06-18 00:00:00+05:30,58.8492021151863,59.97739949273683,58.23936133157284,58.429935455322266,3105572,0.0,0.0
2013-06-19 00:00:00+05:30,58.12503403515609,58.69675656360425,57.484710304305764,57.98781967163086,4035851,0.0,0.0
2013-06-20 00:00:00+05:30,57.47707371084439,57.62190574705028,53.36067362640035,54.732810974121094,5790790,0.0,0.0
2013-06-21 00:00:00+05:30,54.90051429908409,55.563708937595315,52.44592160339301,54.069610595703125,6047556,0.0,0.0
2013-06-24 00:00:00+05:30,53.97051756140976,55.03010789069706,51.927561777094525,52.331581115722656,4425645,0.0,0.0
2013-06-25 00:00:00+05:30,52.44591674903164,53.17771848646189,51.07378550167063,51.615013122558594,4426663,0.0,0.0
2013-06-26 00:00:00+05:30,51.91232293673832,53.863794617221146,51.85133944672324,52.5831413269043,5672747,0.0,0.0
2013-06-27 00:00:00+05:30,53.05575956784781,54.48887451043619,52.75084213105873,53.13961410522461,3796182,0.0,0.0
2013-06-28 00:00:00+05:30,53.58936313536413,55.495098381423986,53.58936313536413,54.976741790771484,5434225,0.0,0.0
2013-07-01 00:00:00+05:30,54.88526976511499,59.001664100594695,54.88526976511499,58.62813949584961,5437946,0.0,0.0
2013-07-02 00:00:00+05:30,58.6967435823913,58.803463184037795,56.50133218960021,56.813873291015625,5130114,0.0,0.0
2013-07-03 00:00:00+05:30,56.409864855715554,56.409864855715554,53.7418267478287,54.38215637207031,4936941,0.0,0.0
2013-07-04 00:00:00+05:30,55.062519488646636,56.25712560311498,53.962851630684554,54.841007232666016,7637195,2.528902,0.0
2013-07-05 00:00:00+05:30,55.8536480803005,56.24921276667784,54.48499575475977,55.473907470703125,3484093,0.0,0.0
2013-07-08 00:00:00+05:30,54.920120963985724,55.09416719305309,53.55937446311605,54.50082015991211,3366230,0.0,0.0
2013-07-09 00:00:00+05:30,55.21284647264059,56.62896511659059,55.08626624319886,56.328338623046875,3562517,0.0,0.0
2013-07-10 00:00:00+05:30,56.80300772345353,57.23021437226269,54.5087337062771,54.8172721862793,4086568,0.0,0.0
2013-07-11 00:00:00+05:30,55.85364532470703,56.43908028700006,55.4027025973678,55.85364532470703,2605004,0.0,0.0
2013-07-12 00:00:00+05:30,55.410620720474576,56.48655251274214,55.022968049041026,56.098899841308594,2783012,0.0,0.0
2013-07-15 00:00:00+05:30,55.996058652329,57.43591327964988,55.39479951681196,57.13528060913086,4384942,0.0,0.0
2013-07-16 00:00:00+05:30,55.378972316132035,56.114723666870795,52.016681601955305,52.24610900878906,8964768,0.0,0.0
2013-07-17 00:00:00+05:30,52.45180623355749,52.91856690573596,49.85690247432111,50.553096771240234,6117823,0.0,0.0
2013-07-18 00:00:00+05:30,50.790427222445054,52.35686188134077,49.92018677953415,52.127437591552734,5885418,0.0,0.0
2013-07-19 00:00:00+05:30,52.37268768163251,52.64167217197452,50.00721153875933,50.38695526123047,4603519,0.0,0.0
2013-07-22 00:00:00+05:30,50.31575032684975,51.8505399004751,50.00720876338834,50.60847091674805,4318490,0.0,0.0
2013-07-23 00:00:00+05:30,51.114797269506646,52.1195332033992,50.81417079604964,51.37586975097656,4315739,0.0,0.0
2013-07-24 00:00:00+05:30,50.157529509085045,50.47398003590796,46.676564405751975,47.00092697143555,8184126,0.0,0.0
2013-07-25 00:00:00+05:30,46.518338318284435,47.73667437635043,46.18606371962633,46.51042938232422,5018532,0.0,0.0
2013-07-26 00:00:00+05:30,46.83479007136032,47.29364489057416,41.23360328745282,42.610164642333984,15806867,0.0,0.0
2013-07-29 00:00:00+05:30,42.491493879754906,43.49622657688156,41.04373046827261,42.70509719848633,7142780,0.0,0.0
2013-07-30 00:00:00+05:30,42.578521883198036,43.45667131029889,40.838037798271976,41.15449142456055,7597371,0.0,0.0
2013-07-31 00:00:00+05:30,40.82221863790821,43.986730219365064,38.93142124595569,43.33800506591797,12671638,0.0,0.0
2013-08-01 00:00:00+05:30,43.78103160849252,44.23988639525922,40.22095564600624,40.782657623291016,8925155,0.0,0.0
2013-08-02 00:00:00+05:30,41.091199813384456,41.486764534541635,37.49156643582291,38.227317810058594,8177819,0.0,0.0
2013-08-05 00:00:00+05:30,38.06909158687906,39.71463743461993,36.45518768916593,39.31907272338867,11987547,0.0,0.0
2013-08-06 00:00:00+05:30,38.74946290254769,38.74946290254769,36.94568863553543,37.768463134765625,6791155,0.0,0.0
2013-08-07 00:00:00+05:30,37.65770630709264,39.714641135519145,37.49948102840762,39.0263557434082,8920986,0.0,0.0
2013-08-08 00:00:00+05:30,39.55641362599831,39.55641362599831,37.42827676649246,38.72572708129883,7542460,0.0,0.0
2013-08-12 00:00:00+05:30,39.2320513553409,40.102291897243454,37.18302866600751,39.12129211425781,10431475,0.0,0.0
2013-08-13 00:00:00+05:30,38.76528337849915,39.90450840015321,38.19566931629192,39.532676696777344,6318906,0.0,0.0
2013-08-14 00:00:00+05:30,39.09755784863621,40.45829823850392,38.8285733451534,39.429832458496094,7387358,0.0,0.0
2013-08-16 00:00:00+05:30,39.23996054032743,39.49312407829769,35.078628129665795,35.47418975830078,9264869,0.0,0.0
2013-08-19 00:00:00+05:30,35.12609201198487,35.12609201198487,32.78435192396715,33.24320983886719,10504117,0.0,0.0
2013-08-20 00:00:00+05:30,32.1277148307603,34.6355888806174,31.81917327124588,34.2479362487793,9141789,0.0,0.0
2013-08-21 00:00:00+05:30,37.10391243779741,38.19566829904105,32.43625634031418,32.66568374633789,16918392,0.0,0.0
2013-08-22 00:00:00+05:30,32.27802718785815,33.607122333747604,31.83499650681498,33.35396194458008,13927855,0.0,0.0
2013-08-23 00:00:00+05:30,33.52801253298148,34.17673766620039,33.22738608302174,33.63877487182617,8826476,0.0,0.0
2013-08-26 00:00:00+05:30,34.176738325483164,34.28749756370411,32.95840221885488,33.27485275268555,9237486,0.0,0.0
2013-08-27 00:00:00+05:30,32.99004345187254,33.06124558942908,31.724238360374212,31.985307693481445,8430663,0.0,0.0
2013-08-28 00:00:00+05:30,31.3286750191381,31.39196512126516,29.96793472064617,30.830263137817383,8847023,0.0,0.0
2013-08-29 00:00:00+05:30,31.170451222879464,31.62930603615928,30.236920621427593,30.909381866455078,10782098,0.0,0.0
2013-08-30 00:00:00+05:30,30.854004960666053,32.523287142887135,30.46635223773843,32.088165283203125,13381751,0.0,0.0
2013-09-02 00:00:00+05:30,32.357146459070115,33.17200891716341,32.238475180879945,32.7606201171875,6789017,0.0,0.0
2013-09-03 00:00:00+05:30,32.83182568348558,33.04542904206126,30.537554402044442,30.751157760620117,8356387,0.0,0.0
2013-09-04 00:00:00+05:30,30.71159491441792,31.660949547303403,30.14198399634273,31.059690475463867,7019319,0.0,0.0
2013-09-05 00:00:00+05:30,32.27802718785815,33.512187187809786,31.969485636490273,33.35396194458008,16896976,0.0,0.0
2013-09-06 00:00:00+05:30,33.781174155751565,34.06597961466816,32.08815927360712,32.3492317199707,22589890,0.0,0.0
2013-09-10 00:00:00+05:30,33.36978686989486,33.38561094747203,32.562836482466885,32.895111083984375,13862893,0.0,0.0
2013-09-11 00:00:00+05:30,33.01378253194548,35.36343488665561,32.278034215058746,35.18147659301758,39916428,0.0,0.0
2013-09-12 00:00:00+05:30,35.72735630264999,36.122917964570625,34.3666157461337,35.54539489746094,23928078,0.0,0.0
2013-09-13 00:00:00+05:30,35.197295796715906,36.9931580377299,34.96786837994953,35.940956115722656,18658798,0.0,0.0
2013-09-16 00:00:00+05:30,37.008975355569234,37.19884566045288,35.06280007637159,35.60076904296875,14326244,0.0,0.0
2013-09-17 00:00:00+05:30,35.60077187080454,35.60077187080454,34.25585245024233,34.81755447387695,11895068,0.0,0.0
2013-09-18 00:00:00+05:30,35.28431709338113,36.12291253081474,34.87293141343038,35.632415771484375,10055761,0.0,0.0
2013-09-19 00:00:00+05:30,37.34125340387671,39.39818810308281,36.89822265139067,38.678260803222656,22217296,0.0,0.0
2013-09-20 00:00:00+05:30,38.95515219797673,40.18931233200554,35.60077047157247,37.11182403564453,27211026,0.0,0.0
2013-09-23 00:00:00+05:30,36.3127880176839,37.10391437038565,35.054891687057285,35.656150817871094,15461467,0.0,0.0
2013-09-24 00:00:00+05:30,35.18147829260438,36.36025744393162,34.8254675221825,35.54539489746094,9365912,0.0,0.0
2013-09-25 00:00:00+05:30,35.49001510879695,35.94886996543964,34.17674064993956,35.18147659301758,11004418,0.0,0.0
2013-09-26 00:00:00+05:30,35.15773678009782,36.05962542222992,35.00742355778928,35.68779373168945,7104545,0.0,0.0
2013-09-27 00:00:00+05:30,35.7906434320352,36.58176979266166,35.36343364591666,35.64823913574219,6439951,0.0,0.0
2013-09-30 00:00:00+05:30,35.12608560271326,35.63240945254616,34.20837614588342,35.0390625,9624329,0.0,0.0
2013-10-01 00:00:00+05:30,35.29223071415991,36.23367338947248,34.68306265431306,35.893489837646484,6327995,0.0,0.0
2013-10-03 00:00:00+05:30,36.25740723498435,37.45201347021354,36.059627971756996,37.293785095214844,6897298,0.0,0.0
2013-10-04 00:00:00+05:30,37.214675077544285,37.97415640606443,36.7320872076903,37.2858772277832,7793756,0.0,0.0
2013-10-07 00:00:00+05:30,37.238408274101914,37.50739279730524,36.32069856159217,36.827022552490234,4314439,0.0,0.0
2013-10-08 00:00:00+05:30,37.97415590554815,38.274785478838574,36.89822403765921,37.17511749267578,5950682,0.0,0.0
2013-10-09 00:00:00+05:30,36.70835252690523,37.73682152036714,36.24950075766552,37.60232925415039,6453970,0.0,0.0
2013-10-10 00:00:00+05:30,37.23840658909087,37.958333896405584,37.23840658909087,37.531124114990234,4744257,0.0,0.0
2013-10-11 00:00:00+05:30,37.98998193790211,39.058004924046415,37.65770729258769,38.51212692260742,9055509,0.0,0.0
2013-10-14 00:00:00+05:30,38.45675170888314,39.588064892280144,38.45675170888314,38.638710021972656,6141937,0.0,0.0
2013-10-15 00:00:00+05:30,39.145020152984074,39.23995530351806,36.059623106489305,36.407718658447266,8217905,0.0,0.0
2013-10-17 00:00:00+05:30,36.65297322679104,36.65297322679104,34.959958101509606,35.18147659301758,9354649,0.0,0.0
2013-10-18 00:00:00+05:30,35.442542300042156,36.66088146599715,35.347607143277386,36.42354202270508,6608146,0.0,0.0
2013-10-21 00:00:00+05:30,36.621324280981,37.325427467535675,36.31278579797759,37.05644607543945,6222701,0.0,0.0
2013-10-22 00:00:00+05:30,36.97733332679279,37.246317832074595,36.31278720538881,36.46310043334961,8701992,0.0,0.0
2013-10-23 00:00:00+05:30,36.70834547963554,37.94250555264716,36.605501392518015,37.36498260498047,12816412,0.0,0.0
2013-10-24 00:00:00+05:30,37.67352160327778,38.353891694384735,36.866568215973324,37.23048782348633,10518932,0.0,0.0
2013-10-25 00:00:00+05:30,36.9694203689688,37.30960388032547,36.51847452861961,36.747901916503906,4692538,0.0,0.0
2013-10-28 00:00:00+05:30,36.9615126961973,37.206761086646,35.57703616719588,35.71944046020508,5554560,0.0,0.0
2013-10-29 00:00:00+05:30,35.71943624250915,37.42036310762104,35.1260892287129,37.1513786315918,9328515,0.0,0.0
2013-10-30 00:00:00+05:30,37.42036181680198,37.72890026756652,36.56594239462947,36.88239288330078,5161651,0.0,0.0
2013-10-31 00:00:00+05:30,36.550122182039665,41.45511768592627,36.471011102890046,40.86177062988281,24050511,0.0,0.0
2013-11-01 00:00:00+05:30,41.138674422009586,43.915533673363285,41.107029364214455,41.95353698730469,25983453,0.0,0.0
2013-11-05 00:00:00+05:30,42.48358466478184,46.4392256141309,41.842771563238735,44.37438201904297,23295479,0.0,0.0
2013-11-06 00:00:00+05:30,44.477228972143386,45.078484978270254,42.388649271655666,42.610164642333984,13251176,0.0,0.0
2013-11-07 00:00:00+05:30,42.610164236615304,43.32217947268196,40.45038551461589,40.74310302734375,14733331,0.0,0.0
2013-11-08 00:00:00+05:30,39.88868657847245,41.391831349513794,39.651350216657924,40.18140411376953,11694051,0.0,0.0
2013-11-11 00:00:00+05:30,39.87286714158317,40.86177592709481,38.701996955193856,39.02635955810547,13169502,0.0,0.0
2013-11-12 00:00:00+05:30,38.60705838623668,42.86332894533302,38.60705838623668,39.75419235229492,45454045,0.0,0.0
2013-11-13 00:00:00+05:30,39.572238206578994,41.10702811722571,38.868134916306346,39.58806228637695,24408999,0.0,0.0
2013-11-14 00:00:00+05:30,40.6244376266239,41.13075850360433,39.817487177556075,40.18931579589844,10980406,0.0,0.0
2013-11-18 00:00:00+05:30,40.853858648496285,41.98517150780974,40.7589234989374,41.82694625854492,13146252,0.0,0.0
2013-11-19 00:00:00+05:30,41.94562141924626,42.167136805181144,40.86177440247127,41.439300537109375,17627163,0.0,0.0
2013-11-20 00:00:00+05:30,41.170310132625914,41.3997375252423,39.358627106722814,39.872859954833984,14515828,0.0,0.0
2013-11-21 00:00:00+05:30,39.239957545608114,39.38236183092583,37.81592710347204,38.1482048034668,14148462,0.0,0.0
2013-11-22 00:00:00+05:30,38.21149687431253,38.891867133661194,37.22258809285444,37.49156951904297,10666924,0.0,0.0
2013-11-25 00:00:00+05:30,37.83175646453217,39.18458495294912,37.83175646453217,38.97098159790039,11329286,0.0,0.0
2013-11-26 00:00:00+05:30,38.62287875162225,39.698813657321175,36.32860775298037,36.700439453125,48102467,0.0,0.0
2013-11-27 00:00:00+05:30,36.98524597178708,37.95042166768618,36.92986790311956,37.8159294128418,15359966,0.0,0.0
2013-11-28 00:00:00+05:30,38.448836646412545,38.4963026796786,37.74473026237326,38.06118392944336,10022445,0.0,0.0
2013-11-29 00:00:00+05:30,38.09282159510639,39.477294872415065,38.08490955684358,39.303245544433594,12767880,0.0,0.0
2013-12-02 00:00:00+05:30,39.56432505801043,40.06273701626839,38.955156955313356,39.26369857788086,9548058,0.0,0.0
2013-12-03 00:00:00+05:30,39.073818883235276,39.073818883235276,38.29060464960442,38.49629592895508,9372724,0.0,0.0
2013-12-04 00:00:00+05:30,37.85548525700542,39.145023488716475,37.85548525700542,38.6861686706543,10747559,0.0,0.0
2013-12-05 00:00:00+05:30,39.66717106814904,41.13867077947278,39.07382395995648,40.98835754394531,25210301,0.0,0.0
2013-12-06 00:00:00+05:30,41.15449039385374,42.34118457097308,40.663990506309005,42.0880241394043,16384723,0.0,0.0
2013-12-09 00:00:00+05:30,43.51205245899664,44.60380831604774,43.116487753387894,44.22406768798828,16546410,0.0,0.0
2013-12-10 00:00:00+05:30,44.46141138489591,44.61963977552516,42.40447953984554,42.974090576171875,11889264,0.0,0.0
2013-12-11 00:00:00+05:30,42.72092641797404,42.72092641797404,41.57378930176465,42.0089111328125,8612814,0.0,0.0
2013-12-12 00:00:00+05:30,41.771573636654615,42.625993260176244,41.29689779178743,41.52632522583008,8753167,0.0,0.0
2013-12-13 00:00:00+05:30,40.806390604448055,40.980439934634845,39.68298975349731,39.817481994628906,7520695,0.0,0.0
2013-12-16 00:00:00+05:30,39.48520928371184,40.315892679468526,39.09755661865735,39.7225456237793,8028742,0.0,0.0
2013-12-17 00:00:00+05:30,40.157666955646015,40.64025477171723,38.54376620964385,38.82065963745117,11019670,0.0,0.0
2013-12-18 00:00:00+05:30,38.75737047755069,41.676633561004536,38.46465296532132,40.972530364990234,24162509,0.0,0.0
2013-12-19 00:00:00+05:30,41.455115315012975,41.668721732296916,39.41400490994039,40.616519927978516,16972429,0.0,0.0
2013-12-20 00:00:00+05:30,40.553233995087766,42.325360102495495,40.18140228757805,41.9218864440918,11865988,0.0,0.0
2013-12-23 00:00:00+05:30,41.66872569615659,44.619633908072075,41.66872569615659,43.97882080078125,18091038,0.0,0.0
2013-12-24 00:00:00+05:30,43.98673140252876,45.719303572287544,43.21933805253268,45.481964111328125,21765363,0.0,0.0
2013-12-26 00:00:00+05:30,45.640190028815105,46.59745682275154,44.63545720367289,44.95981979370117,18325833,0.0,0.0
2013-12-27 00:00:00+05:30,45.25253304908598,45.695563777991346,44.30317838438564,44.63545608520508,8406091,0.0,0.0
2013-12-30 00:00:00+05:30,44.95190648374371,45.4582304531118,43.62281110613824,43.781036376953125,9432401,0.0,0.0
2013-12-31 00:00:00+05:30,44.12912968540041,44.77785476788381,43.44875955261928,44.659183502197266,11037862,0.0,0.0
2014-01-01 00:00:00+05:30,44.88861043343362,45.39493433577873,44.46931274558724,45.12594985961914,6251894,0.0,0.0
2014-01-02 00:00:00+05:30,45.09430410957876,46.265174043202066,41.929789853019535,42.910789489746094,18446369,0.0,0.0
2014-01-03 00:00:00+05:30,42.341180870383425,44.26362315941952,41.9772612304294,43.96299362182617,17362007,0.0,0.0
2014-01-06 00:00:00+05:30,43.63072118693905,44.61172092471814,42.63390047416886,42.9661750793457,8942206,0.0,0.0
2014-01-07 00:00:00+05:30,42.982001139090485,43.70192850122066,41.94562321209894,42.48358917236328,12968527,0.0,0.0
2014-01-08 00:00:00+05:30,42.720922507086186,44.065841868582055,42.341181883832874,43.377559661865234,16658310,0.0,0.0
2014-01-09 00:00:00+05:30,43.46458435839923,43.899706165425094,42.135489025956346,42.32535934448242,11737674,0.0,0.0
2014-01-10 00:00:00+05:30,42.404474729520466,43.156047088708426,41.36018484529132,41.684547424316406,14745159,0.0,0.0
2014-01-13 00:00:00+05:30,42.18296126957654,42.24625138042197,40.90133187081575,41.605438232421875,12542862,0.0,0.0
2014-01-14 00:00:00+05:30,41.56587881197877,42.06428763131201,40.458298831388674,40.608612060546875,10812536,0.0,0.0
2014-01-15 00:00:00+05:30,40.94088796387816,42.12757906456948,40.67190344798739,41.96144485473633,14427091,0.0,0.0
2014-01-16 00:00:00+05:30,42.2383330808659,42.483581448354286,41.80321130622117,42.151309967041016,10589003,0.0,0.0
2014-01-17 00:00:00+05:30,41.92979701688653,42.16713647993784,40.743105907151104,40.869686126708984,8709302,0.0,0.0
2014-01-20 00:00:00+05:30,40.98044208523985,41.28898056998983,40.402916001350384,41.15449142456055,7230078,0.0,0.0
2014-01-21 00:00:00+05:30,41.36809504723969,42.62598821430455,41.36809504723969,41.937705993652344,12525307,0.0,0.0
2014-01-22 00:00:00+05:30,41.94562235523066,42.436122272126184,41.51841255001452,42.22251892089844,11652757,0.0,0.0
2014-01-23 00:00:00+05:30,41.929792781019316,42.515230891472726,41.771567522556325,42.01681900024414,11116585,0.0,0.0
2014-01-24 00:00:00+05:30,41.960048187253136,42.122243579591455,40.062357325974325,40.17589569091797,15810635,1.264451,0.0
2014-01-27 00:00:00+05:30,39.243270045971215,39.478454161492216,37.67808052430954,37.87271499633789,11112565,0.0,0.0
2014-01-28 00:00:00+05:30,37.791616401305134,39.18650317094218,36.57514933854802,37.17527389526367,21280592,0.0,0.0
2014-01-29 00:00:00+05:30,37.953814183942754,38.09978844727496,36.66435524405747,36.85898971557617,8366920,0.0,0.0
2014-01-30 00:00:00+05:30,36.20209819996738,36.44539288384545,34.79910405127289,35.018070220947266,16274576,0.0,0.0
2014-01-31 00:00:00+05:30,35.358683665318246,36.494054664836725,34.87209427660242,35.869598388671875,24077314,0.0,0.0
2014-02-03 00:00:00+05:30,35.52087806408788,36.23453781580054,34.91264293569064,35.00996017456055,13306884,0.0,0.0
2014-02-04 00:00:00+05:30,34.62880431484025,35.96691724224527,34.22331419960856,35.80472183227539,12492854,0.0,0.0
2014-02-05 00:00:00+05:30,35.86149115679903,36.32374885161901,35.42356197733435,36.05612564086914,10384964,0.0,0.0
2014-02-06 00:00:00+05:30,36.10477745474726,36.72923364334425,35.22892240298534,35.69928741455078,11304452,0.0,0.0
2014-02-07 00:00:00+05:30,36.04801711124457,36.299422386159506,35.36679637852938,35.756065368652344,10710105,0.0,0.0
2014-02-10 00:00:00+05:30,35.93447865340369,36.412957504841806,35.4560029825796,35.61819839477539,7662657,0.0,0.0
2014-02-11 00:00:00+05:30,35.89392389967533,35.99124112452705,35.39111664763479,35.577640533447266,5896280,0.0,0.0
2014-02-12 00:00:00+05:30,35.8452730061948,36.16966383994696,35.293808588816134,35.51277160644531,7248321,0.0,0.0
2014-02-13 00:00:00+05:30,35.68307490732701,35.780392150138155,34.46660778188079,34.580142974853516,8208354,0.0,0.0
2014-02-14 00:00:00+05:30,34.64501672299014,34.76666246585307,33.89891477587675,34.539588928222656,11319272,0.0,0.0
2014-02-17 00:00:00+05:30,34.7017947833384,34.969414837738285,34.26386556416871,34.82344055175781,7441242,0.0,0.0
2014-02-18 00:00:00+05:30,35.02617889643127,35.76416711196711,34.855872944964986,35.455997467041016,8310656,0.0,0.0
2014-02-19 00:00:00+05:30,35.30190975640656,35.98313356791496,34.782884513820015,35.08294677734375,9529110,0.0,0.0
2014-02-20 00:00:00+05:30,34.87209407216504,34.95319336334685,34.26386211075677,34.36117935180664,7759669,0.0,0.0
2014-02-21 00:00:00+05:30,34.39362023175715,34.85587794608454,34.39362023175715,34.750450134277344,5683049,0.0,0.0
2014-02-24 00:00:00+05:30,34.417950000211775,35.26136934473763,34.417950000211775,35.147830963134766,6048554,0.0,0.0
2014-02-25 00:00:00+05:30,35.374896621873766,35.49654236157468,34.5476985945581,34.78288269042969,5949166,0.0,0.0
2014-02-26 00:00:00+05:30,34.790996340286874,35.00184876242867,34.36117775052662,34.426055908203125,5280881,0.0,0.0
2014-02-28 00:00:00+05:30,34.61258123393543,35.34246212799535,34.46660696349173,35.05051040649414,8190608,0.0,0.0
2014-03-03 00:00:00+05:30,34.70989818880593,35.41545056208817,34.38550738980735,34.54770278930664,8411910,0.0,0.0
2014-03-04 00:00:00+05:30,34.709895603715026,35.780388341296955,34.46660411289262,35.59386444091797,14270762,0.0,0.0
2014-03-05 00:00:00+05:30,36.007461616839,37.29691732272787,35.52087545818665,36.97252655029297,26003588,0.0,0.0
2014-03-06 00:00:00+05:30,37.467228585517006,37.7754014533297,37.00497087410494,37.55643844604492,15296264,0.0,0.0
2014-03-07 00:00:00+05:30,37.66186343170987,38.829670290435814,37.515885984062265,38.326866149902344,20065012,0.0,0.0
2014-03-10 00:00:00+05:30,38.27820605323987,39.08918622146889,38.15656030025101,38.55393981933594,14143923,0.0,0.0
2014-03-11 00:00:00+05:30,38.64314678426003,40.35431380710765,38.31064542167667,39.05674743652344,35091324,0.0,0.0
2014-03-12 00:00:00+05:30,38.9269918662765,39.22705417939946,38.116014790683415,38.27009963989258,8854040,0.0,0.0
2014-03-13 00:00:00+05:30,37.95381787817786,39.6325427438856,37.95381787817786,38.562049865722656,15656598,0.0,0.0
2014-03-14 00:00:00+05:30,38.26198661857133,38.926989368189034,37.515887756905585,38.71613693237305,9609103,0.0,0.0
2014-03-18 00:00:00+05:30,39.12162295654479,40.37053231508711,39.12162295654479,40.192115783691406,17000332,0.0,0.0
2014-03-19 00:00:00+05:30,40.54895043364082,41.00309757418844,39.68120261891974,39.94882583618164,13035560,0.0,0.0
2014-03-20 00:00:00+05:30,39.737970122498396,39.81906623566915,38.635038174587535,38.79723358154297,8594339,0.0,0.0
2014-03-21 00:00:00+05:30,39.31626050790214,39.640651308970526,38.78101409583241,38.910770416259766,7267671,0.0,0.0
2014-03-24 00:00:00+05:30,39.36491743426939,39.981263135292814,39.29193188968122,39.73796844482422,7761705,0.0,0.0
2014-03-25 00:00:00+05:30,39.73797232275393,40.22455857056207,39.42169205683217,39.7866325378418,7491758,0.0,0.0
2014-03-26 00:00:00+05:30,40.06236156725345,40.50840132886492,39.5757753387251,40.02992248535156,9863078,0.0,0.0
2014-03-27 00:00:00+05:30,39.91638389944611,41.35992451180692,39.754188503709706,40.75979995727539,27268210,0.0,0.0
2014-03-28 00:00:00+05:30,41.35182068520496,43.79286557682144,41.27883195569054,43.42792510986328,22215682,0.0,0.0
2014-03-31 00:00:00+05:30,44.1172527922848,44.676830885774415,42.284440041577604,42.87645721435547,17180237,0.0,0.0
2014-04-01 00:00:00+05:30,43.208956610423954,43.460358668340284,41.90327975258523,42.34931945800781,14527235,0.0,0.0
2014-04-02 00:00:00+05:30,42.82779663631896,45.41481875335433,42.41419917410864,45.041770935058594,20214371,0.0,0.0
2014-04-03 00:00:00+05:30,45.33372504766361,45.577016562811885,43.841524153591195,44.54707336425781,18903608,0.0,0.0
2014-04-04 00:00:00+05:30,44.311894673230356,45.17153194663208,44.04427144843416,44.660614013671875,12014822,0.0,0.0
2014-04-07 00:00:00+05:30,44.91201388499105,45.30128603491738,43.346827442393675,44.595733642578125,10942386,0.0,0.0
2014-04-09 00:00:00+05:30,45.09043119476593,46.58263211673169,44.60384497475989,46.233909606933594,19105586,0.0,0.0
2014-04-10 00:00:00+05:30,46.233913861065446,47.344953217696904,45.13098188949523,46.08793640136719,19669373,0.0,0.0
2014-04-11 00:00:00+05:30,45.25262468947889,46.339338639165476,45.090429289663085,45.528358459472656,11042396,0.0,0.0
2014-04-15 00:00:00+05:30,45.690557419618905,46.09604754106219,43.3062800856166,43.74420928955078,14616593,0.0,0.0
2014-04-16 00:00:00+05:30,43.64688399897412,44.311886657800116,42.008705864140616,42.276329040527344,14806985,0.0,0.0
2014-04-17 00:00:00+05:30,42.65748885558272,44.86335249526194,42.20334176884258,44.60383987426758,16809427,0.0,0.0
2014-04-21 00:00:00+05:30,44.676835063061304,46.00683743823523,44.376769575821626,45.62567901611328,13159751,0.0,0.0
2014-04-22 00:00:00+05:30,45.84463805808714,46.22579962782785,44.96878291123004,45.30939483642578,11273007,0.0,0.0
2014-04-23 00:00:00+05:30,45.19585597353235,46.21768855733043,44.863354617004795,45.40671157836914,20566495,0.0,0.0
2014-04-24 00:00:00+05:30,45.40671157836914,45.40671157836914,45.40671157836914,45.40671157836914,0,0.0,0.0
2014-04-25 00:00:00+05:30,45.57701923015353,47.31251492155592,45.52836219652182,46.58263397216797,17452194,0.0,0.0
2014-04-28 00:00:00+05:30,46.74482774890581,48.00184772272652,45.67433805972829,47.79098892211914,21210433,0.0,0.0
2014-04-29 00:00:00+05:30,48.172154240710775,48.49654505928313,46.250131484288175,46.550193786621094,16346950,0.0,0.0
2014-04-30 00:00:00+05:30,47.01244635933133,48.383001393752224,45.41481777673109,46.33122253417969,24733030,0.0,0.0
2014-05-02 00:00:00+05:30,46.63129187261794,47.34495165497491,45.97439650627201,46.290679931640625,9860374,0.0,0.0
2014-05-05 00:00:00+05:30,46.21769067545611,50.361795155171244,46.00683506095596,49.331851959228516,55125740,0.0,0.0
2014-05-06 00:00:00+05:30,49.87520479868826,49.9563040890369,46.420434825375594,46.631290435791016,35688546,0.0,0.0
2014-05-07 00:00:00+05:30,46.71238714998422,47.09354873057298,45.658115445492406,45.92573547363281,19297468,0.0,0.0
2014-05-08 00:00:00+05:30,46.30689914868693,46.47720193152344,44.376765956455195,44.79847717285156,19133129,0.0,0.0
2014-05-09 00:00:00+05:30,44.99311146983985,46.663728837330105,44.29566966931459,46.45287322998047,18857415,0.0,0.0
2014-05-12 00:00:00+05:30,47.020553662788686,48.00994707296837,46.67183120966848,47.0692138671875,16430264,0.0,0.0
2014-05-13 00:00:00+05:30,47.68555853214373,49.79410493551616,47.271961088260916,48.96690368652344,29937363,0.0,0.0
2014-05-14 00:00:00+05:30,49.291304529862124,54.78974007861784,48.772276035586145,54.11662673950195,54223595,0.0,0.0
2014-05-15 00:00:00+05:30,54.335588057703724,57.96066708510754,53.37863045051452,54.132843017578125,50024475,0.0,0.0
2014-05-16 00:00:00+05:30,56.768524125532394,67.26259682114068,56.768524125532394,58.69865417480469,79070962,0.0,0.0
2014-05-19 00:00:00+05:30,60.82341899639271,64.99996571396397,60.207079648203006,64.12410736083984,33959551,0.0,0.0
2014-05-20 00:00:00+05:30,65.48655755245447,67.74918928531643,62.85087793437202,66.58949279785156,37796544,0.0,0.0
2014-05-21 00:00:00+05:30,67.2788139379508,67.29503506897792,64.43227897548705,65.8433837890625,21327068,0.0,0.0
2014-05-22 00:00:00+05:30,66.17588917518732,68.08979827664673,65.78662017433743,67.27071380615234,19816455,0.0,0.0
2014-05-23 00:00:00+05:30,67.6356438379398,77.91885443587843,67.39235232887029,76.07793426513672,49669565,0.0,0.0
2014-05-26 00:00:00+05:30,77.52958756017445,79.77600424177473,67.78973367458372,72.74481201171875,52724400,0.0,0.0
2014-05-27 00:00:00+05:30,72.74480822491287,73.32871800993799,67.65997382932002,69.67931365966797,30641210,0.0,0.0
2014-05-28 00:00:00+05:30,69.09540132157457,72.29876901101062,69.0629654242869,70.15778350830078,25616616,0.0,0.0
2014-05-29 00:00:00+05:30,70.62005443011255,72.65561569750065,68.93322206236189,70.19023895263672,34454022,0.0,0.0
2014-05-30 00:00:00+05:30,70.54706441058637,71.34993411029986,66.85711310728874,67.27071380615234,22902976,0.0,0.0
2014-06-02 00:00:00+05:30,67.76540705226998,71.91762242654146,67.49778382057367,71.48780059814453,25637050,0.0,0.0
2014-06-03 00:00:00+05:30,72.01492915296893,72.66371075116555,69.92260690847795,71.20394897460938,29885202,0.0,0.0
2014-06-04 00:00:00+05:30,70.66060006857815,73.53957086557281,70.06858605077116,73.1259765625,26889941,0.0,0.0
2014-06-05 00:00:00+05:30,73.46657923695761,74.93445155611836,72.77725118491264,74.06670379638672,22484976,0.0,0.0
2014-06-06 00:00:00+05:30,75.03177314266479,76.29690044003581,74.30189225422872,76.07793426513672,20260513,0.0,0.0
2014-06-09 00:00:00+05:30,77.04300504737641,80.77350890500041,76.54019452085014,79.99496459960938,31195245,0.0,0.0
2014-06-10 00:00:00+05:30,80.23826373474812,80.27069963564904,75.78598945983913,77.96752166748047,17787153,0.0,0.0
2014-06-11 00:00:00+05:30,77.6836731019398,79.58947142294738,75.51025157780833,76.18336486816406,19261905,0.0,0.0
2014-06-12 00:00:00+05:30,75.59945138166336,77.59445946008653,74.95066981824783,76.32122802734375,13497306,0.0,0.0
2014-06-13 00:00:00+05:30,76.5564118110587,76.92945963361532,72.3798715942689,73.052978515625,21541681,0.0,0.0
2014-06-16 00:00:00+05:30,72.17712773313187,72.6474959821313,69.13595842551109,71.20394897460938,19548616,0.0,0.0
2014-06-17 00:00:00+05:30,70.71736184072054,73.77475210065847,69.98748099492259,73.2800521850586,19514374,0.0,0.0
2014-06-18 00:00:00+05:30,73.53957381411334,75.08854554540018,70.70925993437143,71.60944366455078,20435492,0.0,0.0
2014-06-19 00:00:00+05:30,72.2420036009421,72.63938311238338,69.59010333637568,69.86583709716797,13167256,0.0,0.0
2014-06-20 00:00:00+05:30,69.16027030581935,70.39296146382313,68.13033051419148,68.5277099609375,13540883,0.0,0.0
2014-06-23 00:00:00+05:30,68.7710178046339,71.42291826917007,67.79784536483139,70.53895568847656,16956658,0.0,0.0
2014-06-24 00:00:00+05:30,71.04175001795714,73.06919391034235,71.04175001795714,72.48529052734375,12969899,0.0,0.0
2014-06-25 00:00:00+05:30,72.6637091046874,72.72858726303699,71.72297898923196,72.14468383789062,8913434,0.0,0.0
2014-06-26 00:00:00+05:30,72.35555006673235,73.36927541555627,69.33870571867456,70.0929183959961,19809530,0.0,0.0
2014-06-27 00:00:00+05:30,70.38486141548032,71.73108794189616,69.19272289714162,70.23888397216797,11314420,0.0,0.0
2014-06-30 00:00:00+05:30,70.23077446791922,75.42103982005665,70.23077446791922,74.99932861328125,19999629,0.0,0.0
2014-07-01 00:00:00+05:30,75.42104641624236,76.19958437878427,74.2045760788497,74.83714294433594,12131359,0.0,0.0
2014-07-02 00:00:00+05:30,75.57513308904129,76.04550135664174,74.139696589885,74.48030853271484,11064948,0.0,0.0
2014-07-03 00:00:00+05:30,75.11093773260625,75.47948662602303,72.94057283521211,73.22722625732422,20824932,0.875389,0.0
2014-07-04 00:00:00+05:30,73.38282428438156,73.95613106213845,71.85128664032605,73.45653533935547,13640039,0.0,0.0
2014-07-07 00:00:00+05:30,73.87425264619908,74.03805647022233,72.66212490581349,72.89144897460938,9515385,0.0,0.0
2014-07-08 00:00:00+05:30,72.60477827998884,73.97251868648544,68.51794514803555,69.754638671875,15309249,0.0,0.0
2014-07-09 00:00:00+05:30,69.58265899625057,70.35252660216352,66.17560023467608,67.51876831054688,22044095,0.0,0.0
2014-07-10 00:00:00+05:30,67.66618293349607,71.66292338639703,64.04618219692894,67.8135986328125,33562102,0.0,0.0
2014-07-11 00:00:00+05:30,67.15840355581709,67.55152497797079,63.07976077074447,63.72677230834961,20612554,0.0,0.0
2014-07-14 00:00:00+05:30,63.12070545630403,65.16002996227768,62.514641687090275,64.48025512695312,17085522,0.0,0.0
2014-07-15 00:00:00+05:30,65.43848812204081,67.3140087040244,63.88237785540976,66.99459838867188,26421702,0.0,0.0
2014-07-16 00:00:00+05:30,67.76446521054127,68.22310685521092,66.68337812172885,67.95283508300781,12906763,0.0,0.0
2014-07-17 00:00:00+05:30,67.36315391705543,68.7145127971011,66.99460499932427,68.32958221435547,12156317,0.0,0.0
2014-07-18 00:00:00+05:30,67.40409816438712,67.92826644842533,66.5031965738048,67.48600006103516,14481823,0.0,0.0
2014-07-21 00:00:00+05:30,67.84637260553876,69.05850026243387,65.22555657096959,65.70877075195312,21733959,0.0,0.0
2014-07-22 00:00:00+05:30,65.85619176143693,66.2247406974652,64.75053210498677,65.83161926269531,15088431,0.0,0.0
2014-07-23 00:00:00+05:30,66.02817975789196,67.56790858431742,64.86519069914088,65.72515106201172,15606868,0.0,0.0
2014-07-24 00:00:00+05:30,65.8316156520991,66.7816622794448,65.20917020242737,66.09369659423828,11541181,0.0,0.0
2014-07-25 00:00:00+05:30,65.73333268015463,66.40491670649503,63.923332142051024,64.71776580810547,11556335,0.0,0.0
2014-07-28 00:00:00+05:30,64.71777440495686,65.88895440244933,64.71777440495686,65.38935852050781,9296767,0.0,0.0
2014-07-30 00:00:00+05:30,65.55316460054335,65.97904941868438,64.24275965885323,65.74972534179688,8202997,0.0,0.0
2014-07-31 00:00:00+05:30,65.19278982882206,66.48681932440287,65.19278982882206,65.47125244140625,12143661,0.0,0.0
2014-08-01 00:00:00+05:30,64.81604712848801,67.30582243919903,64.12808146090869,64.48025512695312,15516666,0.0,0.0
2014-08-04 00:00:00+05:30,64.64405442574896,66.8307944876086,64.61948193069439,66.38853454589844,12618958,0.0,0.0
2014-08-05 00:00:00+05:30,66.83080476246676,67.8136083530241,65.68419736139184,66.54415130615234,18029886,0.0,0.0
2014-08-06 00:00:00+05:30,66.50319875686228,66.81441826532259,64.70138909236877,64.92251586914062,7755660,0.0,0.0
2014-08-07 00:00:00+05:30,64.86519222890202,65.50401939145632,64.25912839866565,64.60311126708984,8137846,0.0,0.0
2014-08-08 00:00:00+05:30,63.9642828482576,63.9642828482576,61.66287745147816,61.95772171020508,11459009,0.0,0.0
2014-08-11 00:00:00+05:30,62.244371818829094,63.030621073276315,61.638308031121014,62.604736328125,8036756,0.0,0.0
2014-08-12 00:00:00+05:30,62.981476759889475,63.29270270170778,62.326274394244244,62.5965461730957,10797242,0.0,0.0
2014-08-13 00:00:00+05:30,62.10514510247338,62.49827297082949,58.39505745797379,59.828311920166016,15554604,0.0,0.0
2014-08-14 00:00:00+05:30,60.44256500017816,61.99867549401339,59.16491712803986,61.43355941772461,14420542,0.0,0.0
2014-08-18 00:00:00+05:30,60.87663660320481,63.063376844608065,60.606364832140635,62.72758483886719,6767493,0.0,0.0
2014-08-19 00:00:00+05:30,63.292699862389945,63.62030103051634,62.26075136465521,62.66206359863281,10248667,0.0,0.0
2014-08-20 00:00:00+05:30,62.08057541696685,62.76854111635215,61.343471145963306,61.9085807800293,9899154,0.0,0.0
2014-08-21 00:00:00+05:30,61.99867311095969,64.37378971280309,61.92496204192124,63.546592712402344,18040352,0.0,0.0
2014-08-22 00:00:00+05:30,63.89057987468485,65.3402160072495,63.89057987468485,64.6440658569336,11875626,0.0,0.0
2014-08-25 00:00:00+05:30,65.02899333195079,65.70057737465099,63.36641489067652,63.71858215332031,10628621,0.0,0.0
2014-08-26 00:00:00+05:30,63.40736064117741,64.86518749081623,61.98229069728099,64.50482940673828,11508939,0.0,0.0
2014-08-27 00:00:00+05:30,65.0289911555357,65.25831519198026,63.390978843114866,63.775909423828125,9530956,0.0,0.0
2014-08-28 00:00:00+05:30,64.01343070069912,64.17723451801145,61.75297913655991,61.941349029541016,10847178,0.0,0.0
2014-09-01 00:00:00+05:30,62.44912329938863,64.52120477145519,62.44912329938863,64.31645965576172,8615924,0.0,0.0
2014-09-02 00:00:00+05:30,64.43930561555919,64.74233427973125,63.42373880666286,63.81686019897461,8757428,0.0,0.0
2014-09-03 00:00:00+05:30,64.20998046521403,64.63586517817386,63.21898616978482,63.9397087097168,10341618,0.0,0.0
2014-09-04 00:00:00+05:30,63.55479136864872,63.825063180333004,62.29352505551648,63.20261764526367,8433721,0.0,0.0
2014-09-05 00:00:00+05:30,62.96509497316869,64.20997933847912,62.65386906370476,63.268123626708984,6915788,0.0,0.0
2014-09-08 00:00:00+05:30,63.87419622950782,64.77510433187818,63.06338086462927,64.51302337646484,7447267,0.0,0.0
2014-09-09 00:00:00+05:30,64.69319780318536,65.11089170508833,64.07894319877195,64.70957946777344,6693212,0.0,0.0
2014-09-10 00:00:00+05:30,64.12808483275262,66.74890074897776,63.66125233895971,66.11827087402344,16683894,0.0,0.0
2014-09-11 00:00:00+05:30,66.73251822112115,67.69894652695814,66.33939680239567,66.95365142822266,15320826,0.0,0.0
2014-09-12 00:00:00+05:30,67.32220782197811,67.8955082938367,66.0199874810074,67.62523651123047,11019695,0.0,0.0
2014-09-15 00:00:00+05:30,67.24030444789476,68.66537439992781,66.23292840969279,67.82998657226562,12648619,0.0,0.0
2014-09-16 00:00:00+05:30,67.80541766667807,68.32138870092803,63.58753739027015,64.14446258544922,12516167,0.0,0.0
2014-09-17 00:00:00+05:30,65.01260807008596,65.16003020285184,63.104330448961065,64.103515625,10294659,0.0,0.0
2014-09-18 00:00:00+05:30,63.71858276614471,66.07731777101907,63.47288347836831,65.87256622314453,11009892,0.0,0.0
2014-09-19 00:00:00+05:30,66.38034924358465,66.50319888072721,64.57034874336806,64.73414611816406,8521949,0.0,0.0
2014-09-22 00:00:00+05:30,64.11170799273562,65.19278866915178,63.88238395580955,64.50482940673828,7221745,0.0,0.0
2014-09-23 00:00:00+05:30,64.53758622836645,64.86518740627503,61.277949690039314,61.73659133911133,10016971,0.0,0.0
2014-09-24 00:00:00+05:30,61.933160840856964,62.211623487668746,57.36311251773004,58.77180099487305,20378663,0.0,0.0
2014-09-25 00:00:00+05:30,58.57523013423969,58.640750367799235,55.528529637447676,55.95441436767578,19457792,0.0,0.0
2014-09-26 00:00:00+05:30,55.51215158131077,59.29594969557588,54.89789701378013,58.87007141113281,19354220,0.0,0.0
2014-09-29 00:00:00+05:30,59.132157013064074,59.42699486037495,57.166543526201586,58.36228942871094,11736368,0.0,0.0
2014-09-30 00:00:00+05:30,57.85451030860836,58.96835433194031,56.838943428185075,57.47776412963867,10846052,0.0,0.0
2014-10-01 00:00:00+05:30,57.17473516970463,58.60798953688424,56.73246875619108,58.01011657714844,7518032,0.0,0.0
2014-10-07 00:00:00+05:30,57.44500714970393,58.788175211737084,56.51134217235723,57.027313232421875,8110051,0.0,0.0
2014-10-08 00:00:00+05:30,56.47857784217236,58.640752035302874,56.355728203777645,58.36228942871094,8374697,0.0,0.0
2014-10-09 00:00:00+05:30,58.9683590431039,60.91759105780178,58.9683590431039,60.467140197753906,9792292,0.0,0.0
2014-10-10 00:00:00+05:30,59.86926211793655,61.04862637229514,59.29595523170876,60.17229080200195,8860152,0.0,0.0
2014-10-13 00:00:00+05:30,59.57441487854379,62.11332872906318,59.3532816827841,61.531837463378906,9592612,0.0,0.0
2014-10-14 00:00:00+05:30,62.506452683070926,62.817678621126625,60.60636584567111,62.1542854309082,11575761,0.0,0.0
2014-10-15 00:00:00+05:30,62.1542854309082,62.1542854309082,62.1542854309082,62.1542854309082,0,0.0,0.0
2014-10-16 00:00:00+05:30,61.6710740168035,62.60473902399385,60.033061625700356,60.87664031982422,9193755,0.0,0.0
2014-10-17 00:00:00+05:30,61.0977697019164,63.505643393564775,60.28695430482873,62.850440979003906,11992009,0.0,0.0
2014-10-20 00:00:00+05:30,63.980665164465265,64.92252102112207,63.07976347281782,63.366416931152344,8161780,0.0,0.0
2014-10-21 00:00:00+05:30,63.8823924174545,64.95528882768404,63.276328551210966,63.99705123901367,9811024,0.0,0.0
2014-10-22 00:00:00+05:30,64.65225390376274,64.8406302280617,62.727594310451366,63.04700469970703,7417498,0.0,0.0
2014-10-27 00:00:00+05:30,63.81686481804898,64.61948932482504,63.014240311272914,63.620304107666016,6592272,0.0,0.0
2014-10-28 00:00:00+05:30,64.03800377784626,64.2918939152045,62.58017034800979,63.178043365478516,8085109,0.0,0.0
2014-10-29 00:00:00+05:30,63.55478387087169,63.882385054843304,62.65387579681292,63.620304107666016,6506733,0.0,0.0
2014-10-30 00:00:00+05:30,63.284505956350586,63.83324029537783,62.57196782912525,63.41554641723633,8313982,0.0,0.0
2014-10-31 00:00:00+05:30,63.874201823278995,66.11008739716186,63.81687241228454,65.88895416259766,15632164,0.0,0.0
2014-11-03 00:00:00+05:30,66.4704301292077,67.64980068277494,66.17559230895219,66.99459838867188,10887583,0.0,0.0
2014-11-05 00:00:00+05:30,67.21572562179583,68.22310156515103,66.76527484444628,67.20753479003906,9295713,0.0,0.0
2014-11-07 00:00:00+05:30,65.68419628215237,66.66700628074413,65.20917294847563,66.18379211425781,13234752,0.0,0.0
2014-11-10 00:00:00+05:30,66.2574996064421,66.50319888072721,64.029805200595,64.73414611816406,8087484,0.0,0.0
2014-11-11 00:00:00+05:30,65.17641403962834,66.78166304061855,63.96428645632768,66.53595733642578,9243731,0.0,0.0
2014-11-12 00:00:00+05:30,66.55233671224853,67.81360282332926,66.41310541191667,67.09288024902344,11846947,0.0,0.0
2014-11-13 00:00:00+05:30,67.73170386271228,68.14120048617221,65.5531481631926,66.06092834472656,8983459,0.0,0.0
2014-11-14 00:00:00+05:30,66.01179582233702,66.7734725885649,64.93889953804373,65.9708480834961,11042782,0.0,0.0
2014-11-17 00:00:00+05:30,65.52039798677269,67.79723105394137,65.19279037567914,67.33039855957031,11113357,0.0,0.0
2014-11-18 00:00:00+05:30,67.55153629600844,69.0830745021548,67.3713572200452,68.05113220214844,13647339,0.0,0.0
2014-11-19 00:00:00+05:30,68.19854808413449,68.43605655219973,65.85619461564269,66.216552734375,8836639,0.0,0.0
2014-11-20 00:00:00+05:30,66.04454965622327,66.26567640802395,63.90694822760661,64.3573989868164,12593491,0.0,0.0
2014-11-21 00:00:00+05:30,64.48845061405987,65.84800038284286,63.47288370389562,64.88976287841797,12236124,0.0,0.0
2014-11-24 00:00:00+05:30,65.45486533175874,66.25748969346826,64.88155854529121,65.89712524414062,7988127,0.0,0.0
2014-11-25 00:00:00+05:30,65.89712972471649,66.00359768843492,62.99785154322393,63.19441223144531,9634492,0.0,0.0
2014-11-26 00:00:00+05:30,63.06338361487238,63.78410627369036,62.408181197765124,62.62931442260742,10463476,0.0,0.0
2014-11-27 00:00:00+05:30,62.490077747111954,63.2763205802164,62.28532620630154,62.711204528808594,8386361,0.0,0.0
2014-11-28 00:00:00+05:30,63.32545900687845,67.9692177746573,63.31726817436282,67.53514862060547,23141031,0.0,0.0
2014-12-01 00:00:00+05:30,67.87912377733844,68.06750007332585,66.04455720510109,66.44586944580078,10403943,0.0,0.0
2014-12-02 00:00:00+05:30,66.01180588404726,68.55072025955226,64.8651983557251,67.94465637207031,21181209,0.0,0.0
2014-12-03 00:00:00+05:30,68.20673370361328,70.05768200376558,67.72351954696833,68.20673370361328,18728792,0.0,0.0
2014-12-04 00:00:00+05:30,68.46881902785157,69.35334549543373,67.092887539572,68.99298095703125,13580635,0.0,0.0
2014-12-05 00:00:00+05:30,69.12400896884992,70.58183567742405,68.3050028901699,68.77183532714844,17251660,0.0,0.0
2014-12-08 00:00:00+05:30,69.04211402462438,69.50075567607254,67.53514859843757,68.01835632324219,10712773,0.0,0.0
2014-12-09 00:00:00+05:30,67.80541562124797,68.20672784115457,65.02079615353604,65.4139175415039,10650561,0.0,0.0
2014-12-10 00:00:00+05:30,65.42212084552567,68.26407025441651,64.32465194342397,67.8709487915039,11260603,0.0,0.0
2014-12-11 00:00:00+05:30,68.30500643422776,70.27061984021084,66.6014739591515,69.30419158935547,24892649,0.0,0.0
2014-12-12 00:00:00+05:30,69.94302021289937,70.5818408899711,67.53514678916683,68.30500793457031,23074029,0.0,0.0
2014-12-15 00:00:00+05:30,67.81360193027494,69.60722714641581,67.15839959862545,69.03392028808594,12749168,0.0,0.0
2014-12-16 00:00:00+05:30,68.51795362310274,69.4434277785814,66.33939770125289,66.72433471679688,14433990,0.0,0.0
2014-12-17 00:00:00+05:30,66.32301545216079,67.64980172418973,63.882378838828075,66.74889373779297,16309527,0.0,0.0
2014-12-18 00:00:00+05:30,68.14120018433056,71.62197607386699,68.14120018433056,71.34351348876953,23883520,0.0,0.0
2014-12-19 00:00:00+05:30,72.72764660665618,72.83412102165796,69.84474935475836,70.15597534179688,17759055,0.0,0.0
2014-12-22 00:00:00+05:30,70.41804328767422,71.99052890254208,70.04948795657572,71.7939682006836,10343659,0.0,0.0
2014-12-23 00:00:00+05:30,72.49830857937306,72.62115820322742,70.76201933408655,70.95858001708984,13343017,0.0,0.0
2014-12-24 00:00:00+05:30,71.0568678049646,72.89144087902777,70.46718566750295,72.24442291259766,16586172,0.0,0.0
2014-12-26 00:00:00+05:30,72.54745443582244,73.58758735156924,71.7857776975151,73.42378997802734,11960718,0.0,0.0
2014-12-29 00:00:00+05:30,73.98071238757771,74.3328796182761,72.40002956870471,72.53926086425781,8958090,0.0,0.0
2014-12-30 00:00:00+05:30,72.71125146456255,73.69406139788222,71.76121128448739,73.50569152832031,8413534,0.0,0.0
2014-12-31 00:00:00+05:30,73.69407355162743,73.92339119615453,73.26818874867249,73.49751281738281,5763936,0.0,0.0
2015-01-01 00:00:00+05:30,73.54664533808655,74.11994582637432,73.30094604656074,73.58759307861328,4227841,0.0,0.0
2015-01-02 00:00:00+05:30,74.15271210044483,74.61135379411002,73.26818562199907,73.48931884765625,7982261,0.0,0.0
2015-01-05 00:00:00+05:30,73.57940212900594,74.22641363207185,72.97333836282672,73.77596282958984,7424057,0.0,0.0
2015-01-06 00:00:00+05:30,72.9078207680358,73.18627695247116,71.44998748904784,71.73664093017578,9577915,0.0,0.0
2015-01-07 00:00:00+05:30,71.25342790421722,72.03967074739936,70.51632363268834,71.6137924194336,7526159,0.0,0.0
2015-01-08 00:00:00+05:30,72.40003237105438,74.27555309343668,71.85129799959748,74.02985382080078,8119699,0.0,0.0
2015-01-09 00:00:00+05:30,74.76695925035958,74.76695925035958,71.58102736689416,72.19528198242188,9716623,0.0,0.0
2015-01-12 00:00:00+05:30,71.87587135183848,73.31732294810479,71.1879056712527,72.88324737548828,6675965,0.0,0.0
2015-01-13 00:00:00+05:30,73.01429627233826,73.39922689492226,72.12157895102916,72.8423080444336,7931555,0.0,0.0
2015-01-14 00:00:00+05:30,73.05523671090815,73.14532944462204,71.35171057215696,71.84310913085938,4865652,0.0,0.0
2015-01-15 00:00:00+05:30,76.23297952167891,76.68343035206674,74.02985751770188,74.97990417480469,11638589,0.0,0.0
2015-01-16 00:00:00+05:30,74.99628455241056,75.3320765960645,73.90701293699306,74.51307678222656,6183231,0.0,0.0
2015-01-19 00:00:00+05:30,74.94713642279733,76.41315406139475,74.34107265482356,76.07736206054688,11235024,0.0,0.0
2015-01-20 00:00:00+05:30,76.1674553996322,77.39596460987272,75.85623589301144,77.01921844482422,8350835,0.0,0.0
2015-01-21 00:00:00+05:30,77.16664586023482,77.86280241186176,76.27392859241601,76.97008514404297,11087952,0.0,0.0
2015-01-22 00:00:00+05:30,77.36321088064477,77.44511278966044,75.47130826087957,76.2493667602539,8317123,0.0,0.0
2015-01-23 00:00:00+05:30,77.26492110604076,77.47786346501891,75.52044092267104,76.8226547241211,6803816,0.0,0.0
2015-01-27 00:00:00+05:30,77.55976175236528,77.55976175236528,75.3484490350286,76.91275024414062,8957864,0.0,0.0
2015-01-28 00:00:00+05:30,76.16746518621561,78.40335069433343,76.00366136746388,77.98565673828125,10299435,0.0,0.0
2015-01-29 00:00:00+05:30,77.9037476368265,78.08393310565526,76.18383981963049,77.10931396484375,8491548,0.0,0.0
2015-01-30 00:00:00+05:30,77.23216041824215,77.8054672831031,72.35089335557326,72.5884017944336,11823064,0.0,0.0
2015-02-02 00:00:00+05:30,72.54745393167072,74.75876664048592,71.81854052764649,74.48849487304688,7409982,0.0,0.0
2015-02-03 00:00:00+05:30,74.73419886150292,75.59415921159194,71.45818054062076,71.97415161132812,10121309,0.0,0.0
2015-02-04 00:00:00+05:30,72.07243108328217,75.25017207871237,68.83736068594149,74.21822357177734,44482370,0.0,0.0
2015-02-05 00:00:00+05:30,74.69324261096452,74.69324261096452,69.82016663663396,70.36071014404297,15576862,0.0,0.0
2015-02-06 00:00:00+05:30,70.34433594572796,70.53270582529254,67.64980895455538,67.93646240234375,18638812,0.0,0.0
2015-02-09 00:00:00+05:30,67.30581581086174,68.46880466541057,65.39753196052966,65.75789642333984,10208133,0.0,0.0
2015-02-10 00:00:00+05:30,65.01260990982243,67.71532767307156,64.25093315176612,65.21736145019531,16514687,0.0,0.0
2015-02-11 00:00:00+05:30,65.32382380399642,66.83079552541349,65.29106690093003,66.14282989501953,9062958,0.0,0.0
2015-02-12 00:00:00+05:30,66.33939444052758,66.81441774395434,64.88156762527767,65.50401306152344,9547076,0.0,0.0
2015-02-13 00:00:00+05:30,65.94626907567837,68.5179461407457,65.54495686276022,68.23129272460938,17745977,0.0,0.0
2015-02-16 00:00:00+05:30,68.6162325520997,69.09944672413643,66.92089716979336,67.23211669921875,9553178,0.0,0.0
2015-02-18 00:00:00+05:30,67.38773081517728,67.80542475522836,66.60148150914502,67.10926818847656,6436723,0.0,0.0
2015-02-19 00:00:00+05:30,67.24850085790986,67.7317150478592,65.19279444836907,66.48682403564453,9744973,0.0,0.0
2015-02-20 00:00:00+05:30,66.79804470747946,68.41966894944564,65.88075497533082,67.4532470703125,11723779,0.0,0.0
2015-02-23 00:00:00+05:30,67.8463688728582,67.97740934616812,65.68419463906226,65.9708480834961,8186732,0.0,0.0
2015-02-24 00:00:00+05:30,66.17559219463736,67.07649374142738,64.86518118451318,66.38853454589844,10480666,0.0,0.0
2015-02-25 00:00:00+05:30,66.55234088003235,67.14202302321091,65.52039873551551,65.76609802246094,8312363,0.0,0.0
2015-02-26 00:00:00+05:30,65.905334216188,65.94628195898628,64.24275564132206,64.46388244628906,12464273,0.0,0.0
2015-02-27 00:00:00+05:30,65.11907510718912,67.32220338642055,64.97985023288784,66.8389892578125,9827587,0.0,0.0
2015-03-02 00:00:00+05:30,68.69813053398876,69.72188822574402,67.69894533954124,68.78822326660156,10554417,0.0,0.0
2015-03-03 00:00:00+05:30,68.81279339434033,70.90944747182392,68.30501314685219,70.26243591308594,10184646,0.0,0.0
2015-03-04 00:00:00+05:30,73.54664383273371,74.0544304954584,67.99379241895436,68.56709289550781,17957933,0.0,0.0
2015-03-05 00:00:00+05:30,68.5752790770567,69.83654517927302,68.01835387964347,69.5580825805664,9197754,0.0,0.0
2015-03-09 00:00:00+05:30,69.12402399279414,69.12402399279414,66.53596473559121,67.03556060791016,6793689,0.0,0.0
2015-03-10 00:00:00+05:30,67.10927133791712,68.14121356272796,66.24112650908721,66.51139831542969,7929719,0.0,0.0
2015-03-11 00:00:00+05:30,66.17559098283859,67.4122844851529,66.06911659706694,66.69975280761719,6560040,0.0,0.0
2015-03-12 00:00:00+05:30,67.28944185239156,67.77265599388716,66.6670028328815,66.86356353759766,6681311,0.0,0.0
2015-03-13 00:00:00+05:30,67.64980418249085,67.81360155239946,64.92251405290112,65.20916748046875,7523193,0.0,0.0
2015-03-16 00:00:00+05:30,65.52039655658741,65.96265654321802,64.52939576060783,65.21736145019531,6843075,0.0,0.0
2015-03-17 00:00:00+05:30,65.84799874932341,66.00360529698928,64.42292877730738,65.28288269042969,7543195,0.0,0.0
2015-03-18 00:00:00+05:30,65.60230041102096,66.65882157787381,65.13546786722391,65.65962982177734,8967996,0.0,0.0
2015-03-19 00:00:00+05:30,66.33939397296952,66.50319776920999,63.71857820239698,64.06256103515625,7619764,0.0,0.0
2015-03-20 00:00:00+05:30,63.71858494590971,63.79229601960075,62.17066524676345,62.44093704223633,9457492,0.0,0.0
2015-03-23 00:00:00+05:30,63.01424471697035,63.21080544109604,61.76935370665811,62.55560302734375,6861817,0.0,0.0
2015-03-24 00:00:00+05:30,62.391797943665814,62.85863045699855,61.35985576902649,61.499080657958984,7205958,0.0,0.0
2015-03-25 00:00:00+05:30,61.62193396970444,61.94953515525158,60.63912398888056,60.925777435302734,5298627,0.0,0.0
2015-03-26 00:00:00+05:30,60.6718912492486,61.25338258823519,59.304150589841,59.52528381347656,8413118,0.0,0.0
2015-03-27 00:00:00+05:30,59.8283120943315,60.418000686490885,56.757045181627056,59.48432922363281,12757696,0.0,0.0
2015-03-30 00:00:00+05:30,60.098577215748726,61.37622498321191,58.98473324439867,61.105953216552734,9186825,0.0,0.0
2015-03-31 00:00:00+05:30,61.507268359943474,61.74478323312461,59.95116434417009,60.246002197265625,7546325,0.0,0.0
2015-04-01 00:00:00+05:30,60.03305614210879,62.866814236265974,59.81192294770498,62.408172607421875,7775651,0.0,0.0
2015-04-06 00:00:00+05:30,62.899579328828416,63.53840000944686,61.52364797952374,63.07156753540039,9591332,0.0,0.0
2015-04-07 00:00:00+05:30,63.538395255392516,63.55477691884477,61.72020406509858,62.81767272949219,9805256,0.0,0.0
2015-04-08 00:00:00+05:30,63.03062407107981,63.415554672015226,61.94953691595679,62.19523620605469,7001446,0.0,0.0
2015-04-09 00:00:00+05:30,62.94053210986605,64.0298101113208,61.924965181186515,63.84962463378906,9983989,0.0,0.0
2015-04-10 00:00:00+05:30,63.96428343382526,65.08631823015085,63.55478037036994,64.33283233642578,9503747,0.0,0.0
2015-04-13 00:00:00+05:30,64.81605007308019,65.70876731503849,64.29188817841934,65.47125244140625,7834794,0.0,0.0
2015-04-15 00:00:00+05:30,65.76609706226603,67.39591858313756,65.31564623471522,66.306640625,15257144,0.0,0.0
2015-04-16 00:00:00+05:30,66.33120258840141,66.42129531800168,64.57034712648071,65.43849182128906,9723809,0.0,0.0
2015-04-17 00:00:00+05:30,65.52040037483081,66.62605361793115,64.87338238593958,65.97904205322266,8011105,0.0,0.0
2015-04-20 00:00:00+05:30,65.76609192065685,66.9864102577383,63.22717811050698,63.81686019897461,10339300,0.0,0.0
2015-04-21 00:00:00+05:30,64.01342660209015,64.66862898102269,63.39098113001297,64.13627624511719,7466724,0.0,0.0
2015-04-22 00:00:00+05:30,64.43111967451183,64.79966859871249,62.35903816346271,63.72677230834961,7488376,0.0,0.0
2015-04-23 00:00:00+05:30,64.0134245177506,64.63586996956036,63.16985228536531,63.55478286743164,6187889,0.0,0.0
2015-04-24 00:00:00+05:30,63.538406126743666,63.70220994092945,60.868451494468516,61.613746643066406,10160948,0.0,0.0
2015-04-27 00:00:00+05:30,62.006863372921636,63.47288105925471,61.11414614427777,62.604736328125,9354464,0.0,0.0
2015-04-28 00:00:00+05:30,62.40818159042456,64.02981240110519,61.99048763782204,62.99786376953125,8467737,0.0,0.0
2015-04-29 00:00:00+05:30,62.89958572387695,63.800487434209316,62.57197809373841,62.89958572387695,5243432,0.0,0.0
2015-04-30 00:00:00+05:30,62.801299039444885,63.61211439309398,61.75297523231033,61.97410202026367,9705935,0.0,0.0
2015-05-04 00:00:00+05:30,62.408176194870016,63.71039009145702,61.8430601403027,63.546592712402344,5176014,0.0,0.0
2015-05-05 00:00:00+05:30,63.54659195499185,64.08713550537615,62.899580430700105,63.104331970214844,5561567,0.0,0.0
2015-05-06 00:00:00+05:30,62.719402149526736,63.38279541478113,59.95117026898406,60.18867874145508,7447714,0.0,0.0
2015-05-07 00:00:00+05:30,59.68089072252724,60.3934224717117,57.576045956043345,58.214866638183594,6546166,0.0,0.0
2015-05-08 00:00:00+05:30,58.968353284308364,59.459758262668664,55.38929998068515,56.1673583984375,12522202,0.0,0.0
2015-05-11 00:00:00+05:30,56.80617924979423,59.590798902830734,55.938034520875476,59.38604736328125,13380106,0.0,0.0
2015-05-12 00:00:00+05:30,59.40242973384951,59.40242973384951,56.62600088031758,57.0600700378418,11004238,0.0,0.0
2015-05-13 00:00:00+05:30,57.65795420761158,58.9683590456931,57.191121681022175,58.648948669433594,8456582,0.0,0.0
2015-05-14 00:00:00+05:30,58.476946620727176,60.93396501753867,57.65794691263881,60.622745513916016,8786205,0.0,0.0
2015-05-15 00:00:00+05:30,60.77015613453658,61.04861871013391,58.8045492906406,59.18947982788086,12156373,0.0,0.0
2015-05-18 00:00:00+05:30,59.361475132652814,59.672701071709064,57.567856263548514,57.936405181884766,12689486,0.0,0.0
2015-05-19 00:00:00+05:30,57.82174423489905,58.558848468472696,57.39586592886276,57.6661376953125,11608712,0.0,0.0
2015-05-20 00:00:00+05:30,57.98554896255888,58.24762990100204,57.330340192268736,57.608802795410156,6409082,0.0,0.0
2015-05-21 00:00:00+05:30,57.65795700934267,58.3131594602212,57.00274813428087,57.97736740112305,8095220,0.0,0.0
2015-05-22 00:00:00+05:30,58.10021437738272,59.328723734244285,57.674329591866794,57.854515075683594,13108026,0.0,0.0
2015-05-25 00:00:00+05:30,58.32953311326622,58.93559690310365,54.75047977779378,55.74147415161133,32558422,0.0,0.0
2015-05-26 00:00:00+05:30,54.60305524962116,55.36473197587832,54.33278348457979,55.08626937866211,15986041,0.0,0.0
2015-05-27 00:00:00+05:30,54.73409865374585,56.28201826168263,54.5457287761606,55.921653747558594,12517174,0.0,0.0
2015-05-28 00:00:00+05:30,56.10184168344102,56.80618265324672,55.29102630914823,55.93803787231445,14558819,0.0,0.0
2015-05-29 00:00:00+05:30,56.08546062855104,56.83075577134985,55.4712059664081,56.24107360839844,6802655,0.0,0.0
2015-06-01 00:00:00+05:30,56.093649360989524,56.79799031209259,55.946227219726715,56.14278793334961,5118388,0.0,0.0
2015-06-02 00:00:00+05:30,56.3557309622553,56.44582369943967,53.12885117951277,53.37455368041992,15451232,0.0,0.0
2015-06-03 00:00:00+05:30,52.874956238785224,53.808621160209675,51.84300775628249,53.00599670410156,14139790,0.0,0.0
2015-06-04 00:00:00+05:30,53.23531635761755,53.513778946388456,51.34341405970619,52.03137969970703,13533722,0.0,0.0
2015-06-05 00:00:00+05:30,51.59731494838235,52.17061866194825,50.30328537327107,50.66364669799805,12079044,0.0,0.0
2015-06-08 00:00:00+05:30,50.76192343358531,50.76192343358531,48.288526644086964,48.4195671081543,14313300,0.0,0.0
2015-06-09 00:00:00+05:30,48.32129433973133,49.05839867177698,47.51866976537459,47.96912384033203,13562550,0.0,0.0
2015-06-10 00:00:00+05:30,48.157490081183035,48.648895073334465,47.616946517071206,47.92816925048828,7703123,0.0,0.0
2015-06-11 00:00:00+05:30,48.321288349995086,48.7799299893212,46.56042964708543,48.02644729614258,31176292,0.0,0.0
2015-06-12 00:00:00+05:30,47.371243868344074,48.81269550939144,47.354865415107135,48.272151947021484,11695146,0.0,0.0
2015-06-15 00:00:00+05:30,48.124725181388214,48.427757052009014,47.616941786394634,48.01006317138672,5699601,0.0,0.0
2015-06-16 00:00:00+05:30,47.9773085246597,49.69721627094088,47.50228522273955,49.32047653198242,11952467,0.0,0.0
2015-06-17 00:00:00+05:30,49.58255455017659,49.90196486868904,48.95191832074993,49.41875076293945,7107737,0.0,0.0
2015-06-18 00:00:00+05:30,49.418754524614094,50.09034175197016,49.16486441683444,49.27133560180664,7294355,0.0,0.0
2015-06-19 00:00:00+05:30,49.4351357191169,49.877398907514056,49.15667311677589,49.54160690307617,7172493,0.0,0.0
2015-06-22 00:00:00+05:30,49.79549923636185,51.351609691654524,49.63169864297702,50.696407318115234,9993967,0.0,0.0
2015-06-23 00:00:00+05:30,51.08133897811731,51.965865412990006,50.88477826194367,51.212379455566406,10711955,0.0,0.0
2015-06-24 00:00:00+05:30,51.597311833177116,51.695592188532586,49.95929948640357,50.319664001464844,14882644,0.0,0.0
2015-06-25 00:00:00+05:30,50.0483101624605,50.61646057597461,49.69215398781494,49.81935119628906,14034095,2.042575,0.0
2015-06-26 00:00:00+05:30,49.692155929697286,49.895672801514976,48.759368604316975,49.19184112548828,11046827,0.0,0.0
2015-06-29 00:00:00+05:30,47.962252454884286,48.41168631511177,47.08882350839115,48.23360824584961,11554387,0.0,0.0
2015-06-30 00:00:00+05:30,47.504340446903235,48.16577188579873,46.554591801735,47.122745513916016,16818130,0.0,0.0
2015-07-01 00:00:00+05:30,47.31778095673076,48.86112206621889,46.98706690513462,48.733924865722656,12364345,0.0,0.0
2015-07-02 00:00:00+05:30,48.99679604387117,49.36142954145512,48.13184783306895,48.34384536743164,9233306,0.0,0.0
2015-07-03 00:00:00+05:30,48.34385048504043,48.92048157802838,47.71633851508286,48.71696472167969,9457451,0.0,0.0
2015-07-06 00:00:00+05:30,47.65697792152638,50.03134794614259,47.50434193899616,49.785430908203125,10803802,0.0,0.0
2015-07-07 00:00:00+05:30,50.0313474565356,50.31118396849495,48.89504333336741,49.44623565673828,8434791,0.0,0.0
2015-07-08 00:00:00+05:30,48.59824396441494,49.01375836963215,47.85201550538864,48.165771484375,10160681,0.0,0.0
2015-07-09 00:00:00+05:30,48.49648664702324,49.352957577921615,48.18273066086307,48.75936508178711,7864984,0.0,0.0
2015-07-10 00:00:00+05:30,49.18335861771056,49.81086724411664,48.89504141650643,49.68367004394531,8567083,0.0,0.0
2015-07-13 00:00:00+05:30,50.11614565728054,50.641899182184204,49.48015300728607,50.50621795654297,6926707,0.0,0.0
2015-07-14 00:00:00+05:30,50.54014200101841,51.37117082109487,49.87871055996114,50.75213623046875,10106900,0.0,0.0
2015-07-15 00:00:00+05:30,50.9047784656423,51.32029289960648,50.07374959771394,50.20094680786133,8206411,0.0,0.0
2015-07-16 00:00:00+05:30,50.31118453643807,50.8114993136996,50.217906806653616,50.565582275390625,4734912,0.0,0.0
2015-07-17 00:00:00+05:30,50.62493997837545,51.1846130025318,50.24334503697475,50.43838119506836,5730332,0.0,0.0
2015-07-20 00:00:00+05:30,50.438377135845926,50.73517502514103,48.70848065081817,48.928958892822266,7008432,0.0,0.0
2015-07-21 00:00:00+05:30,49.149440754585235,49.641274822500264,47.72481942803631,47.89441680908203,8560267,0.0,0.0
2015-07-22 00:00:00+05:30,47.487377913973454,48.38624566128887,47.487377913973454,48.25904846191406,5769390,0.0,0.0
2015-07-23 00:00:00+05:30,48.50496422402654,48.827200889923915,47.92833316599964,48.27600860595703,5085411,0.0,0.0
2015-07-24 00:00:00+05:30,48.250570819397424,48.488010484398636,47.21602510698564,47.36018371582031,5828332,0.0,0.0
2015-07-27 00:00:00+05:30,47.31778321109874,47.334744612380895,45.28261127737292,45.41828918457031,7087391,0.0,0.0
2015-07-28 00:00:00+05:30,45.12996679920453,45.72355923807891,44.09542121245031,44.18022155761719,13110196,0.0,0.0
2015-07-29 00:00:00+05:30,44.43461922443046,44.629658702418006,43.07783688187308,43.45095443725586,10506620,0.0,0.0
2015-07-30 00:00:00+05:30,43.9258267694748,44.807733123891815,43.45095411709641,44.621177673339844,16874794,0.0,0.0
2015-07-31 00:00:00+05:30,45.096054273669054,48.28449187030081,44.807737046601794,46.91075134277344,23362739,0.0,0.0
2015-08-03 00:00:00+05:30,46.80898752774203,49.81934668666513,46.63939015654007,49.43775177001953,22720286,0.0,0.0
2015-08-04 00:00:00+05:30,49.85326989992127,52.74491277875975,49.28511949522435,52.42267608642578,43878239,0.0,0.0
2015-08-05 00:00:00+05:30,52.812746204751136,53.253702682560736,50.99804939807292,51.48988342285156,41793137,0.0,0.0
2015-08-06 00:00:00+05:30,50.70973967533032,53.34698475452442,50.099185781541,52.8297119140625,29877450,0.0,0.0
2015-08-07 00:00:00+05:30,52.91450579604415,53.423301231587544,52.07499632058576,52.34635543823242,13003549,0.0,0.0
2015-08-10 00:00:00+05:30,52.07499701293709,53.330020892841816,51.99868068977914,52.46507263183594,11445880,0.0,0.0
2015-08-11 00:00:00+05:30,52.49051535406651,54.10169207176365,51.422046908015886,52.7194709777832,16524583,0.0,0.0
2015-08-12 00:00:00+05:30,52.06652065245748,52.22763732772548,49.35295599319393,49.68367004394531,17118437,0.0,0.0
2015-08-13 00:00:00+05:30,50.35358076069058,51.51532690740946,48.335367060334804,48.92047882080078,13654793,0.0,0.0
2015-08-14 00:00:00+05:30,49.40383436239334,51.99868256474037,48.8441613511328,51.837562561035156,18569789,0.0,0.0
2015-08-17 00:00:00+05:30,52.49051752278141,59.2744293995326,52.49051752278141,58.799556732177734,61164578,0.0,0.0
2015-08-18 00:00:00+05:30,58.46035284901857,61.131520635919095,57.40884580423831,59.51185989379883,48540562,0.0,0.0
2015-08-19 00:00:00+05:30,59.13875204565222,59.34226890498647,57.06965399845921,58.01092529296875,18611906,0.0,0.0
2015-08-20 00:00:00+05:30,57.39189195614546,59.528822228283474,54.9496830801893,55.348236083984375,24231217,0.0,0.0
2015-08-21 00:00:00+05:30,53.27066327342292,56.27254511090769,52.66011272635725,55.57719421386719,21155923,0.0,0.0
2015-08-24 00:00:00+05:30,52.55835239775153,53.567455906152524,45.96099648926278,48.148807525634766,25684004,0.0,0.0
2015-08-25 00:00:00+05:30,49.352958399134444,49.74303071887971,45.129971903552494,48.79328536987305,27159394,0.0,0.0
2015-08-26 00:00:00+05:30,48.649125310954446,49.25119849963398,46.68178906659983,47.249942779541016,18742585,0.0,0.0
2015-08-27 00:00:00+05:30,48.67456117710713,49.22575345635271,46.99554556552826,48.928958892822266,26615496,0.0,0.0
2015-08-28 00:00:00+05:30,49.734550213782065,50.845415501759526,47.309299464370085,47.57217788696289,26894413,0.0,0.0
2015-08-31 00:00:00+05:30,47.487376814344856,49.18335717081514,47.02946557689316,48.53040313720703,17855415,0.0,0.0
2015-09-01 00:00:00+05:30,48.030093898393304,48.14881040022711,45.20629006895776,45.47764587402344,23859786,0.0,0.0
2015-09-02 00:00:00+05:30,45.96099704858803,46.215394766627306,43.841024933633186,44.20566177368164,22070430,0.0,0.0
2015-09-03 00:00:00+05:30,44.74837499417308,45.92707925382128,44.16326321447723,45.138450622558594,15300916,0.0,0.0
2015-09-04 00:00:00+05:30,44.84165345293708,44.84165345293708,42.501206295883385,43.52727127075195,17354800,0.0,0.0
2015-09-07 00:00:00+05:30,43.68839090986908,44.3498223456282,42.662322617815846,42.84040069580078,11013275,0.0,0.0
2015-09-08 00:00:00+05:30,43.23047703907546,44.92645416937081,42.78952052413265,44.214141845703125,17343255,0.0,0.0
2015-09-09 00:00:00+05:30,45.19780925363315,45.58788488530519,44.18870236178854,44.96037292480469,15740163,0.0,0.0
2015-09-10 00:00:00+05:30,44.09542826625227,44.09542826625227,43.04392111195267,43.6629524230957,18593015,0.0,0.0
2015-09-11 00:00:00+05:30,44.20566132978495,44.9010122031138,43.55270730423301,43.9936637878418,13741021,0.0,0.0
2015-09-14 00:00:00+05:30,44.34982223544747,45.48612632583354,43.82406870312306,45.308048248291016,13579427,0.0,0.0
2015-09-15 00:00:00+05:30,45.435245854079064,45.604846558592406,44.23110280208233,44.26502227783203,13217222,0.0,0.0
2015-09-16 00:00:00+05:30,45.07909000726707,46.003396491081574,44.62965615219483,45.42676544189453,17289962,0.0,0.0
2015-09-18 00:00:00+05:30,46.11363917234675,47.82657770409137,45.960999867010095,46.98706817626953,20106054,0.0,0.0
2015-09-21 00:00:00+05:30,46.46979517160443,48.411689328790835,46.16451656199986,48.19969177246094,15536067,0.0,0.0
2015-09-22 00:00:00+05:30,48.67455952602128,49.18335494019274,46.130592432457576,46.520668029785156,17724022,0.0,0.0
2015-09-23 00:00:00+05:30,45.537004266106536,47.92833562007307,45.36740688741473,47.249942779541016,16891887,0.0,0.0
2015-09-24 00:00:00+05:30,47.190584344512935,47.87745455697884,46.681788884655724,47.207542419433594,15023480,0.0,0.0
2015-09-28 00:00:00+05:30,47.487376842490015,48.42016736940741,47.01250420482511,47.190582275390625,11295050,0.0,0.0
2015-09-29 00:00:00+05:30,46.58851253967495,48.496487256304796,45.83380335361725,47.75873947143555,27431813,0.0,0.0
2015-09-30 00:00:00+05:30,48.216646701344246,48.53888336503094,46.98706494578117,47.45345687866211,10400678,0.0,0.0
2015-10-01 00:00:00+05:30,48.04705072438978,48.04705072438978,46.99554700709315,47.35169982910156,7859232,0.0,0.0
2015-10-05 00:00:00+05:30,48.05553179375585,49.34447516998142,47.71633704363459,49.16639709472656,13418177,0.0,0.0
2015-10-06 00:00:00+05:30,49.57343282341725,50.8623762523864,48.92896277181514,50.31118392944336,20279096,0.0,0.0
2015-10-07 00:00:00+05:30,50.285744633441944,51.53228787257581,50.20094428043636,50.836936950683594,14220014,0.0,0.0
2015-10-08 00:00:00+05:30,50.70973768757717,51.78668350272911,50.21790364195427,50.557098388671875,13049593,0.0,0.0
2015-10-09 00:00:00+05:30,51.13373379246593,51.52380609600295,50.29422428345704,50.633419036865234,9358052,0.0,0.0
2015-10-12 00:00:00+05:30,49.95502976268202,51.286373421849504,49.59039620823582,50.20094680786133,10094491,0.0,0.0
2015-10-13 00:00:00+05:30,50.285743961132525,50.77757802015348,49.802390602451716,50.45534133911133,7429496,0.0,0.0
2015-10-14 00:00:00+05:30,50.62493917431342,50.77757847875534,49.607351571485324,49.802391052246094,8447046,0.0,0.0
2015-10-15 00:00:00+05:30,50.07374755708911,51.43901063837584,50.03134738017954,51.17613220214844,10088517,0.0,0.0
2015-10-16 00:00:00+05:30,51.218528490824625,51.51532638089541,50.294221998341904,51.04893112182617,9874649,0.0,0.0
2015-10-19 00:00:00+05:30,51.18461261320853,51.337251918913765,50.370545184820344,50.616458892822266,5796254,0.0,0.0
2015-10-20 00:00:00+05:30,50.54861793373666,51.684925329399135,50.54861793373666,50.98957443237305,7525665,0.0,0.0
2015-10-21 00:00:00+05:30,50.96413105327065,51.210048071104985,49.624310167970364,49.87870788574219,7251236,0.0,0.0
2015-10-23 00:00:00+05:30,50.37054544667628,50.77757916298638,50.03134735731962,50.18398666381836,6015155,0.0,0.0
2015-10-26 00:00:00+05:30,50.50622012650575,50.50622012650575,49.276638274606086,49.44623565673828,6030783,0.0,0.0
2015-10-27 00:00:00+05:30,49.497108944418684,49.89566525241822,48.92895859466207,49.23423385620117,8109346,0.0,0.0
2015-10-28 00:00:00+05:30,49.09855942526651,49.09855942526651,47.91137444311375,48.284488677978516,7864691,0.0,0.0
2015-10-29 00:00:00+05:30,48.454092263335376,48.52193121916131,47.48738215416817,47.606101989746094,6780087,0.0,0.0
2015-10-30 00:00:00+05:30,47.962257534001594,48.50496917340443,46.65635266304098,46.96162796020508,9970654,0.0,0.0
2015-11-02 00:00:00+05:30,46.944666322233694,47.28386107112265,46.35955454895905,47.131221771240234,8258654,0.0,0.0
2015-11-03 00:00:00+05:30,47.453457692397514,47.95377243339143,47.216021371943775,47.48737716674805,7230957,0.0,0.0
2015-11-04 00:00:00+05:30,47.894412875912245,48.1657686633012,46.13059360635479,46.37651062011719,26935060,0.0,0.0
2015-11-05 00:00:00+05:30,46.130596291674216,46.53763332221641,45.55396520990628,45.782920837402344,10753892,0.0,0.0
2015-11-06 00:00:00+05:30,45.78291879320928,47.088823526375656,45.545482476023935,46.63090896606445,12748042,0.0,0.0
2015-11-09 00:00:00+05:30,45.604849038123,47.40258467636457,45.33348989160679,47.0040283203125,7693459,0.0,0.0
2015-11-10 00:00:00+05:30,46.715712830765526,47.78417800142398,46.09667822857805,46.3341178894043,9328150,0.0,0.0
2015-11-13 00:00:00+05:30,46.31715886566723,47.249946178454394,45.88468302456945,47.03794860839844,7036072,0.0,0.0
2015-11-16 00:00:00+05:30,46.944670739620264,47.91137752780108,46.74963457209785,47.775699615478516,5768598,0.0,0.0
2015-11-17 00:00:00+05:30,48.08096987747413,48.19120900112019,46.57155159824799,46.79202651977539,9844011,0.0,0.0
2015-11-18 00:00:00+05:30,46.91923312260941,47.360186348560596,45.486130981061585,45.73204803466797,6822487,0.0,0.0
2015-11-19 00:00:00+05:30,46.23235288589712,46.28323375986053,45.409804808645376,45.67267990112305,9253545,0.0,0.0
2015-11-20 00:00:00+05:30,45.5624421519713,46.21539283096745,45.02820796419378,45.5709228515625,10984164,0.0,0.0
2015-11-23 00:00:00+05:30,45.79140442980101,46.02884077258389,45.316531744235256,45.49460983276367,5543400,0.0,0.0
2015-11-24 00:00:00+05:30,45.452204441428634,45.7065988309224,44.45157830586701,44.731414794921875,7893257,0.0,0.0
2015-11-26 00:00:00+05:30,44.99429133986625,45.104530464236696,44.358298694027724,44.49397659301758,6534193,0.0,0.0
2015-11-27 00:00:00+05:30,44.90949278372824,46.07971628547429,44.663575768757745,45.94403839111328,10691537,0.0,0.0
2015-11-30 00:00:00+05:30,45.944039088231925,46.62242857033033,45.91859698832971,46.0627555847168,7296818,0.0,0.0
2015-12-01 00:00:00+05:30,46.38499293523009,46.4867513590446,45.562444844621666,45.842281341552734,5232401,0.0,0.0
2015-12-02 00:00:00+05:30,45.71508508562718,45.83380492071069,44.646619872935794,44.799259185791016,6712926,0.0,0.0
2015-12-03 00:00:00+05:30,44.43461664058256,44.884050495201976,43.94278261271272,44.03606033325195,8139619,0.0,0.0
2015-12-04 00:00:00+05:30,43.75622698791911,43.857985407834114,42.84039788291947,42.916717529296875,10916113,0.0,0.0
2015-12-07 00:00:00+05:30,43.38311136063232,43.43399223570617,42.50968571611998,42.89127731323242,6664039,0.0,0.0
2015-12-08 00:00:00+05:30,42.73864203101847,43.32375381212819,42.297688851558135,42.40792465209961,8201656,0.0,0.0
2015-12-09 00:00:00+05:30,42.38248373422097,42.908237238339936,41.738013735285726,42.00088882446289,6617764,0.0,0.0
2015-12-10 00:00:00+05:30,42.36552391507807,42.54360531547555,41.305539493211164,41.678653717041016,6870094,0.0,0.0
2015-12-11 00:00:00+05:30,41.80585404674264,42.382485117238055,40.82218595366218,41.034183502197266,10639756,0.0,0.0
2015-12-14 00:00:00+05:30,40.68650570304516,41.364895158534786,40.474508166763506,41.05961990356445,6997868,0.0,0.0
2015-12-15 00:00:00+05:30,41.195300233823055,41.27161988352564,40.2794744146863,40.55931091308594,9328289,0.0,0.0
2015-12-16 00:00:00+05:30,40.73738291351248,41.229216927570384,40.61866642266269,40.76282501220703,7136098,0.0,0.0
2015-12-17 00:00:00+05:30,41.16138013983443,41.37337768547923,40.72042697429089,41.16986083984375,6835374,0.0,0.0
2015-12-18 00:00:00+05:30,41.20377887023508,42.00088815059039,40.92394238585127,41.1444206237793,10441921,0.0,0.0
2015-12-21 00:00:00+05:30,41.55145676388895,41.55145676388895,41.042664637469215,41.24618148803711,5456375,0.0,0.0
2015-12-22 00:00:00+05:30,41.28858116336239,41.822812058192646,40.49994921975575,40.644107818603516,6967394,0.0,0.0
2015-12-23 00:00:00+05:30,40.873064016348884,41.12745839647542,40.75434420006252,40.84762191772461,4612648,0.0,0.0
2015-12-24 00:00:00+05:30,41.20378024684739,41.20378024684739,40.56778761095131,40.77978515625,4105660,0.0,0.0
2015-12-28 00:00:00+05:30,40.84762891814579,41.195304401283174,40.71195100528877,40.856109619140625,3874504,0.0,0.0
2015-12-29 00:00:00+05:30,41.042665517766885,41.21226289687771,40.53387005466953,40.80522918701172,4775825,0.0,0.0
2015-12-30 00:00:00+05:30,40.89002764446856,41.246183815946004,40.058998794864515,40.17771530151367,7689624,0.0,0.0
2015-12-31 00:00:00+05:30,40.160755608169175,40.160755608169175,39.38060766838645,39.50780487060547,22710472,0.0,0.0
2016-01-01 00:00:00+05:30,39.499324331559464,40.63562843311364,39.41452730498878,40.41515350341797,7964233,0.0,0.0
2016-01-04 00:00:00+05:30,40.05899882597281,40.466032550397415,39.19405049868803,39.575645446777344,8275906,0.0,0.0
2016-01-05 00:00:00+05:30,39.83851562913018,39.948754747285435,38.85485091691191,39.10924530029297,8227991,0.0,0.0
2016-01-06 00:00:00+05:30,39.177084723789285,39.4314824360377,38.49869525881301,38.583492279052734,10050950,0.0,0.0
2016-01-07 00:00:00+05:30,38.159502383533386,38.159502383533386,36.99775621101399,37.091033935546875,9333105,0.0,0.0
2016-01-08 00:00:00+05:30,37.311512436854244,37.65070718813792,37.091034185637454,37.2606315612793,6200899,0.0,0.0
2016-01-11 00:00:00+05:30,36.97231888889393,37.33695242695027,36.158248133553066,36.514404296875,8186763,0.0,0.0
2016-01-12 00:00:00+05:30,36.633118977448284,36.955355648499044,35.081300522734814,35.276336669921875,9640851,0.0,0.0
2016-01-13 00:00:00+05:30,35.4968155538365,35.768171355054534,33.42772424378418,33.800838470458984,18678569,0.0,0.0
2016-01-14 00:00:00+05:30,33.10548846605073,33.30900532249147,32.155739810229065,32.494937896728516,14296238,0.0,0.0
2016-01-15 00:00:00+05:30,32.77476703573419,32.88500615081107,30.18840314707411,30.476716995239258,15953517,0.0,0.0
2016-01-18 00:00:00+05:30,30.61239714067044,31.172066744415453,29.136895176370384,30.06120491027832,21930509,0.0,0.0
2016-01-19 00:00:00+05:30,30.527599354957744,31.027914084031227,29.95944567879952,30.290163040161133,11363512,0.0,0.0
2016-01-20 00:00:00+05:30,29.679610551908496,29.705052652555676,28.38218979796452,29.060579299926758,15974958,0.0,0.0
2016-01-21 00:00:00+05:30,29.679611044308356,30.14600632896872,28.89946310410873,29.66265296936035,14153706,0.0,0.0
2016-01-22 00:00:00+05:30,30.01880934593723,31.91830332258364,30.01880934593723,31.587589263916016,20006928,0.0,0.0
2016-01-25 00:00:00+05:30,32.05398021960838,32.18118074459472,31.070312123384834,31.248390197753906,11115464,0.0,0.0
2016-01-27 00:00:00+05:30,31.358629252930886,33.07156771737338,31.03639590551513,32.249019622802734,22684646,0.0,0.0
2016-01-28 00:00:00+05:30,32.053984839215516,32.89349445690317,31.723270743271115,32.53733825683594,13340611,0.0,0.0
2016-01-29 00:00:00+05:30,32.36773569478958,33.42772342452494,31.078792344829026,32.90196990966797,23762654,0.0,0.0
2016-02-01 00:00:00+05:30,33.07156876791986,33.07156876791986,31.55366972950087,31.799583435058594,11923526,0.0,0.0
2016-02-02 00:00:00+05:30,31.825023132495595,32.76629101044282,31.3755892800449,31.485828399658203,17714517,0.0,0.0
2016-02-03 00:00:00+05:30,31.03639771306447,31.146633518157728,30.239285020940475,30.60392189025879,12494021,0.0,0.0
2016-02-04 00:00:00+05:30,30.900716906244163,31.307753958543707,30.205365960531815,30.815919876098633,11741457,0.0,0.0
2016-02-05 00:00:00+05:30,30.86679155332543,32.95284399336794,30.807433310946312,32.7238883972168,19656922,0.0,0.0
2016-02-08 00:00:00+05:30,32.84261375812006,35.21698400416176,32.800216902542026,33.35988998413086,26893308,0.0,0.0
2016-02-09 00:00:00+05:30,32.817171459397166,33.83475907365577,32.020062103861314,32.27445983886719,23382509,0.0,0.0
2016-02-10 00:00:00+05:30,32.198141374348246,32.461019819570005,30.27320520413549,31.112714767456055,28714062,0.0,0.0
2016-02-11 00:00:00+05:30,31.002473695808735,31.545188628207825,28.831623943506834,29.255619049072266,25708242,0.0,0.0
2016-02-12 00:00:00+05:30,29.552413940429688,30.239284156290427,27.339163988982925,29.552413940429688,45627246,0.0,0.0
2016-02-15 00:00:00+05:30,30.018814230073545,31.40103559256349,29.84921682293663,30.42584800720215,26528584,0.0,0.0
2016-02-16 00:00:00+05:30,30.858317367137055,30.951595089904696,28.687464363111506,28.916419982910156,21166584,0.0,0.0
2016-02-17 00:00:00+05:30,28.492426752447262,29.382817167064317,27.55964114944537,29.17930030822754,24445487,0.0,0.0
2016-02-18 00:00:00+05:30,29.654170756876905,30.001846196113178,28.51786671729837,29.24713706970215,15224826,0.0,0.0
2016-02-19 00:00:00+05:30,29.162340740961277,29.806814160236573,28.848584732416363,29.026662826538086,22986110,0.0,0.0
2016-02-22 00:00:00+05:30,29.17929912238581,29.348896497857385,28.331308919263158,28.45850944519043,14902784,0.0,0.0
2016-02-23 00:00:00+05:30,28.322828618256285,28.526345471690725,27.474840066063702,27.585079193115234,15046468,0.0,0.0
2016-02-24 00:00:00+05:30,27.28828199407757,28.441547448887196,27.05084567339185,27.70379638671875,16728427,0.0,0.0
2016-02-25 00:00:00+05:30,27.822516263343346,28.15323030777772,27.135644411432107,27.228923797607422,16903407,0.0,0.0
2016-02-26 00:00:00+05:30,27.678358617248364,27.81403651970891,26.966047966448073,27.34764289855957,18472283,0.0,0.0
2016-02-29 00:00:00+05:30,27.56812097344739,28.1532310925577,26.457253997078343,26.87276840209961,35472528,0.0,0.0
2016-03-01 00:00:00+05:30,27.016928194511273,28.136274257613483,27.016928194511273,27.98363494873047,16351325,0.0,0.0
2016-03-02 00:00:00+05:30,29.679612977959582,30.366486562048298,29.36586030197908,30.052730560302734,30275330,0.0,0.0
2016-03-03 00:00:00+05:30,30.391921927742363,30.612400172037624,29.476092802262475,30.264724731445312,18311882,0.0,0.0
2016-03-04 00:00:00+05:30,30.476720898032465,31.49430851074518,29.78136997240234,31.256872177124023,24419809,0.0,0.0
2016-03-08 00:00:00+05:30,31.104230002906235,31.66390297199944,30.29864334813471,30.442798614501953,20848985,0.0,0.0
2016-03-09 00:00:00+05:30,30.103605673984504,30.65479797614477,29.755930222551275,30.55303955078125,23669132,0.0,0.0
2016-03-10 00:00:00+05:30,30.697194784371224,30.951592482758027,30.06968290057769,30.527597427368164,12572944,0.0,0.0
2016-03-11 00:00:00+05:30,30.08664686328181,31.146631266328757,29.976407740393633,30.909194946289062,18636108,0.0,0.0
2016-03-14 00:00:00+05:30,31.28230976161984,31.596065736255415,31.06183483739266,31.401029586791992,11199276,0.0,0.0
2016-03-15 00:00:00+05:30,31.54518562944997,31.952219295732117,31.290787925141377,31.646944046020508,13536662,0.0,0.0
2016-03-16 00:00:00+05:30,31.714787056832314,32.00310427029877,30.993997348931106,31.816545486450195,15036424,0.0,0.0
2016-03-17 00:00:00+05:30,32.47797333031241,32.50341210344687,31.545186166324914,31.748703002929688,15427385,0.0,0.0
2016-03-18 00:00:00+05:30,31.8674227977048,32.410137743999684,31.66390594000606,32.27445983886719,11254064,0.0,0.0
2016-03-21 00:00:00+05:30,32.613654523172706,32.868052257566056,32.42709574118226,32.749332427978516,10189843,0.0,0.0
2016-03-22 00:00:00+05:30,33.03765285201911,33.03765285201911,32.17270446186938,32.757816314697266,10050462,0.0,0.0
2016-03-23 00:00:00+05:30,32.52885066839602,32.75780960243446,32.240536814600084,32.444053649902344,11305398,0.0,0.0
2016-03-28 00:00:00+05:30,32.393173099713515,32.5373316909246,30.68871542993377,30.900712966918945,12813225,0.0,0.0
2016-03-29 00:00:00+05:30,30.917678516805367,31.12119538144887,30.400405654395204,30.595441818237305,15698879,0.0,0.0
2016-03-30 00:00:00+05:30,30.88375478447712,32.01157808543638,30.74807689340727,31.748703002929688,13369517,0.0,0.0
2016-03-31 00:00:00+05:30,31.83350314037608,32.50341528748148,31.34167239995042,32.232059478759766,19960499,0.0,0.0
2016-04-01 00:00:00+05:30,32.053978788832254,33.88563700014698,31.833500549309097,33.69059753417969,21322472,0.0,0.0
2016-04-04 00:00:00+05:30,33.98739303365893,34.241790753542084,33.258122674040976,33.63972091674805,14087361,0.0,0.0
2016-04-05 00:00:00+05:30,33.47859665000414,33.66515539756119,31.375586187904496,31.604541778564453,22064981,0.0,0.0
2016-04-06 00:00:00+05:30,31.46039131722951,31.765669951229288,31.044876871802195,31.3416748046875,14647874,0.0,0.0
2016-04-07 00:00:00+05:30,31.375591323393582,31.663905202199626,30.68871778745917,30.875276565551758,14597614,0.0,0.0
2016-04-08 00:00:00+05:30,30.917672021384696,31.155108313586354,30.697193801458138,30.95159149169922,10729839,0.0,0.0
2016-04-11 00:00:00+05:30,31.095754369946384,31.8589442203913,30.612401019715588,31.791105270385742,18524249,0.0,0.0
2016-04-12 00:00:00+05:30,31.799583845138557,32.44405722028281,31.73174489257231,32.27445983886719,14083773,0.0,0.0
2016-04-13 00:00:00+05:30,32.656055162547894,33.800839994890325,32.656055162547894,33.35140609741211,20032580,0.0,0.0
2016-04-18 00:00:00+05:30,33.32595889094395,33.32595889094395,32.47797210378162,32.84260559082031,8205557,0.0,0.0
2016-04-20 00:00:00+05:30,32.73236722701759,33.63123481355766,32.223571868994185,33.436195373535156,14680049,0.0,0.0
2016-04-21 00:00:00+05:30,33.75843888755151,35.530735652567316,33.75843888755151,34.92018508911133,28337937,0.0,0.0
2016-04-22 00:00:00+05:30,34.82690498294689,36.37872686065873,34.76754673021675,35.861454010009766,33150194,0.0,0.0
2016-04-25 00:00:00+05:30,36.0310491875573,36.149765685749834,34.597947228804344,35.0643424987793,16336582,0.0,0.0
2016-04-26 00:00:00+05:30,35.16610281661597,36.41264606936524,34.648829969773644,36.29392623901367,20776914,0.0,0.0
2016-04-27 00:00:00+05:30,36.27696894073379,36.87056145367643,35.7342539806281,35.93777084350586,18289263,0.0,0.0
2016-04-28 00:00:00+05:30,36.10737411727043,36.4296075101442,35.35266154000289,35.564659118652344,14467476,0.0,0.0
2016-04-29 00:00:00+05:30,35.60705416545124,35.90384873730734,34.03827430510249,34.92866134643555,17585524,0.0,0.0
2016-05-02 00:00:00+05:30,34.767549386234215,34.77603008749066,33.8347620436854,34.09763717651367,18009010,0.0,0.0
2016-05-03 00:00:00+05:30,34.34354879492101,34.767543881429106,33.17332528283158,33.29204177856445,20703095,0.0,0.0
2016-05-04 00:00:00+05:30,33.13940789477963,33.563403007974536,31.92678413256231,32.104862213134766,15641310,0.0,0.0
2016-05-05 00:00:00+05:30,32.22357715130751,32.61365276953226,31.731743109949964,32.16421890258789,13180709,0.0,0.0
2016-05-06 00:00:00+05:30,32.062461853027344,32.50341503882679,31.731744469354112,32.062461853027344,17333405,0.0,0.0
2016-05-09 00:00:00+05:30,32.24054161935741,33.07157048357084,32.24054161935741,32.91045379638672,12903457,0.0,0.0
2016-05-10 00:00:00+05:30,33.181806663643435,33.181806663643435,32.52885262065516,32.80868911743164,12006824,0.0,0.0
2016-05-11 00:00:00+05:30,32.05397825783685,32.68997086655019,31.5282247670589,31.748703002929688,15119891,0.0,0.0
2016-05-12 00:00:00+05:30,31.791104872009143,32.172699792449805,31.460387500552702,31.943740844726562,12651472,0.0,0.0
2016-05-13 00:00:00+05:30,31.714781052405034,31.9606980421977,31.38406372443656,31.62150001525879,9960126,0.0,0.0
2016-05-16 00:00:00+05:30,31.714788058621004,31.757188237075663,29.832252062578373,30.247766494750977,18142269,0.0,0.0
2016-05-17 00:00:00+05:30,30.366483566521254,31.070311831468015,29.866168822958077,30.71415901184082,16061160,0.0,0.0
2016-05-18 00:00:00+05:30,30.595439382155902,31.54518800063604,30.40888060820443,31.35862922668457,14653143,0.0,0.0
2016-05-19 00:00:00+05:30,31.214471010746916,31.596065937695208,30.162963955140352,30.315603256225586,14083511,0.0,0.0
2016-05-20 00:00:00+05:30,30.51064177062824,31.290789674620704,30.324083000269436,31.12967300415039,15812249,0.0,0.0
2016-05-23 00:00:00+05:30,31.443431786680964,31.443431786680964,30.341043791498635,30.663280487060547,10129580,0.0,0.0
2016-05-24 00:00:00+05:30,30.6971983042843,30.985515507131783,30.205364249696757,30.832876205444336,10042134,0.0,0.0
2016-05-25 00:00:00+05:30,31.18903337139674,32.90197191779849,31.053355465832034,32.79173278808594,18909699,0.0,0.0
2016-05-26 00:00:00+05:30,32.732371650951606,34.06371181340787,32.469493237765285,33.81779479980469,18372135,0.0,0.0
2016-05-27 00:00:00+05:30,33.580360234857686,34.46226991499528,31.426468573030782,32.673011779785156,46515203,0.0,0.0
2016-05-30 00:00:00+05:30,32.91044778009505,33.19028425062406,32.00309942569883,32.71540832519531,20028339,0.0,0.0
2016-05-31 00:00:00+05:30,32.64757344967322,35.42897710289054,32.32533676830259,35.004981994628906,40811149,0.0,0.0
2016-06-01 00:00:00+05:30,35.10674025474982,35.26786025755217,33.30900472911703,33.49556350708008,39117455,0.0,0.0
2016-06-02 00:00:00+05:30,33.24116582998957,34.12307551932835,33.003729501335044,33.88563919067383,24279724,0.0,0.0
2016-06-03 00:00:00+05:30,34.25027466305408,34.25027466305408,32.43557763108415,32.60517501831055,31012071,0.0,0.0
2016-06-06 00:00:00+05:30,32.469494371570676,33.14788718905734,32.393174722310775,32.80868911743164,17136830,0.0,0.0
2016-06-07 00:00:00+05:30,32.901974940421965,33.52948697418916,32.4270989015549,33.147891998291016,33198911,0.0,0.0
2016-06-08 00:00:00+05:30,33.07157048357084,33.487084915677556,32.60517517217359,32.91045379638672,28732969,0.0,0.0
2016-06-09 00:00:00+05:30,32.901967892751685,33.877155214022594,32.85108702150695,33.48707962036133,27908360,0.0,0.0
2016-06-10 00:00:00+05:30,33.41076631720528,33.90260042093375,33.012213274168,33.11397171020508,21083333,0.0,0.0
2016-06-13 00:00:00+05:30,32.808689680457896,32.88500933102751,32.29989755293513,32.673011779785156,10890801,0.0,0.0
2016-06-14 00:00:00+05:30,33.06308813941595,33.56340290355174,32.75781285614075,33.44468307495117,16722197,0.0,0.0
2016-06-15 00:00:00+05:30,33.72451944687185,34.216353508605245,33.2750855613082,33.7923583984375,15744306,0.0,0.0
2016-06-16 00:00:00+05:30,33.580359109318884,34.73362455214706,33.3853229650802,34.3350715637207,38617246,0.0,0.0
2016-06-17 00:00:00+05:30,34.73362121776473,35.14065486706538,34.00435093321888,34.41138458251953,29305659,0.0,0.0
2016-06-20 00:00:00+05:30,33.70755978425382,35.598572964404205,33.588839961723146,35.45441436767578,29278311,0.0,0.0
2016-06-21 00:00:00+05:30,35.615538276409154,36.76032315022816,35.36114052919435,35.9716911315918,37624099,0.0,0.0
2016-06-22 00:00:00+05:30,35.869928825515245,36.41264373926695,35.564653557272564,35.84449005126953,19256888,0.0,0.0
2016-06-23 00:00:00+05:30,35.785130808132365,36.29392290772837,35.785130808132365,36.03104782104492,12762004,0.0,0.0
2016-06-24 00:00:00+05:30,34.920183114999375,35.92080925586715,33.63123978369414,35.63249206542969,29263429,0.0,0.0
2016-06-27 00:00:00+05:30,35.77665552251322,36.92144041417014,35.61553883136688,36.48896789550781,22000914,0.0,0.0
2016-06-28 00:00:00+05:30,36.751835969536394,36.92143332918926,36.24304389057777,36.4804801940918,20131824,0.0,0.0
2016-06-29 00:00:00+05:30,36.63312084452137,37.46415300185255,36.47200416366675,36.90447998046875,22327161,0.0,0.0
2016-06-30 00:00:00+05:30,37.226708307464364,37.5235061790348,36.97231393270623,37.04863357543945,12504858,0.0,0.0
2016-07-01 00:00:00+05:30,37.294552356200114,37.39631078518629,36.802721612316105,37.03167724609375,12494540,0.0,0.0
2016-07-04 00:00:00+05:30,37.30303507764604,38.78701474174713,37.25215752327908,38.30366134643555,20501713,0.0,0.0
2016-07-05 00:00:00+05:30,38.31213748516119,39.46540293124947,38.303656785188224,38.922691345214844,19159747,0.0,0.0
2016-07-07 00:00:00+05:30,38.6682970301525,39.66892326786624,38.50718034530736,39.100772857666016,15485082,0.0,0.0
2016-07-08 00:00:00+05:30,39.17708847491332,39.38060865965745,37.930545219342044,38.3291015625,15705762,0.0,0.0
2016-07-11 00:00:00+05:30,39.11772587739497,40.35579162064483,38.96508658723287,40.194671630859375,16362578,0.0,0.0
2016-07-12 00:00:00+05:30,40.52539506857239,40.85610914588932,40.203158366387,40.51691436767578,21335946,0.0,0.0
2016-07-13 00:00:00+05:30,40.67802910200934,41.02570456441968,39.685883591948944,40.75434875488281,16288142,0.0,0.0
2016-07-14 00:00:00+05:30,40.70346942445764,44.061507672377644,40.30491639549644,43.332237243652344,59295847,0.0,0.0
2016-07-15 00:00:00+05:30,43.54422904286138,44.163260256354725,42.94215590298033,43.56966781616211,29393100,0.0,0.0
2016-07-18 00:00:00+05:30,43.75623347757342,44.197186695937894,41.59386091358178,41.890655517578125,22282283,0.0,0.0
2016-07-19 00:00:00+05:30,42.22985299500532,44.43462237961275,41.449701679188344,43.93431091308594,46201320,0.0,0.0
2016-07-20 00:00:00+05:30,44.11238398458335,44.756857364355795,43.756231143935345,44.07846450805664,26215416,0.0,0.0
2016-07-21 00:00:00+05:30,43.92582756534954,44.00214721730579,42.39944782928404,42.535125732421875,17868801,0.0,0.0
2016-07-22 00:00:00+05:30,42.484245620549494,42.56904597441942,40.73738759756036,40.923946380615234,28176070,0.0,0.0
2016-07-25 00:00:00+05:30,40.83066990592878,44.0615076147451,40.2625161645404,43.205039978027344,53799026,0.0,0.0
2016-07-26 00:00:00+05:30,42.36552717555265,45.21477326319085,41.72105710297504,43.722312927246094,79246826,0.0,0.0
2016-07-27 00:00:00+05:30,43.6205532187075,44.655098915201165,43.50183338803358,44.34134292602539,27682750,0.0,0.0
2016-07-28 00:00:00+05:30,44.561818851290546,45.40980910870639,43.52727313179402,43.76470947265625,29617661,0.0,0.0
2016-07-29 00:00:00+05:30,43.76470344272129,43.891903959266884,42.37400174066088,42.49272155761719,18834899,0.0,0.0
2016-08-01 00:00:00+05:30,42.806483004242885,43.154158474378,41.10202513051304,41.3055419921875,21934760,0.0,0.0
2016-08-02 00:00:00+05:30,41.670178705276776,43.145677609690296,41.38186148945145,42.908241271972656,26989272,0.0,0.0
2016-08-03 00:00:00+05:30,43.077836139967395,43.68839001277364,42.24680734361189,42.679283142089844,22298990,0.0,0.0
2016-08-04 00:00:00+05:30,43.23047643055461,44.07846332088341,42.54360621794707,43.62055206298828,27254839,0.0,0.0
2016-08-05 00:00:00+05:30,44.00214686198517,44.46005811849526,43.5187901787537,43.96822738647461,15942989,0.0,0.0
2016-08-08 00:00:00+05:30,44.24805753976552,44.25653823950452,42.89127528634494,43.73926544189453,16574688,0.0,0.0
2016-08-09 00:00:00+05:30,43.73078211727717,44.94340570540714,43.43398757610825,44.332855224609375,27063785,0.0,0.0
2016-08-10 00:00:00+05:30,44.349822098463065,44.816214052989515,42.22984990087193,42.40792465209961,25554611,0.0,0.0
2016-08-11 00:00:00+05:30,42.45032166783439,42.45032166783439,41.14442030145024,41.92456817626953,22074882,0.0,0.0
2016-08-12 00:00:00+05:30,42.212890250350235,44.17174585271169,41.79737582872992,43.383113861083984,26396970,0.0,0.0
2016-08-16 00:00:00+05:30,43.58662865123211,43.87494585278879,42.60296387222574,43.103275299072266,15479155,0.0,0.0
2016-08-17 00:00:00+05:30,43.35767294667352,44.43461877467568,42.99303942104244,44.103904724121094,20294296,0.0,0.0
2016-08-18 00:00:00+05:30,44.48549927922713,45.520044923315844,44.18022400608427,44.88405227661133,19325849,0.0,0.0
2016-08-19 00:00:00+05:30,44.94341257950836,45.469166125713826,44.392220257486564,45.16389083862305,19571728,0.0,0.0
2016-08-22 00:00:00+05:30,45.28260965722692,45.96099916894209,44.87557595019782,45.35044860839844,19049004,0.0,0.0
2016-08-23 00:00:00+05:30,45.37588575803121,45.511563655513505,44.36677890118306,45.01972961425781,15181470,0.0,0.0
2016-08-24 00:00:00+05:30,45.10453408352686,46.13059910841263,44.9434140712242,45.969482421875,21076691,0.0,0.0
2016-08-25 00:00:00+05:30,45.97796275828504,46.62243282509285,45.647245361257276,45.884681701660156,21958602,0.0,0.0
2016-08-26 00:00:00+05:30,45.80836407352189,46.172997611646956,45.299568604176116,45.511566162109375,12691213,0.0,0.0
2016-08-29 00:00:00+05:30,45.43524788589987,46.622432915993954,45.282611901082916,46.401954650878906,13809164,0.0,0.0
2016-08-30 00:00:00+05:30,46.546111241573996,47.784173682518585,46.41891072210715,47.589134216308594,19470494,0.0,0.0
2016-08-31 00:00:00+05:30,47.65697810235385,48.17425428208799,47.40258368858324,47.58066177368164,17821924,0.0,0.0
2016-09-01 00:00:00+05:30,47.48737740645531,48.07248917339673,46.74114896697674,47.05490493774414,14295714,0.0,0.0
2016-09-02 00:00:00+05:30,47.28386409553617,47.89441800835387,47.01250827906829,47.75025939941406,9829936,0.0,0.0
2016-09-06 00:00:00+05:30,48.1657724042941,48.81024244939828,48.038571874752506,48.71696472167969,12508703,0.0,0.0
2016-09-07 00:00:00+05:30,48.844157411349386,53.33849921386608,48.58976302730673,52.0156364440918,61683771,0.0,0.0
2016-09-08 00:00:00+05:30,52.23611737985805,53.55049951787051,51.73580263406581,52.54987335205078,26447975,0.0,0.0
2016-09-09 00:00:00+05:30,52.64315357678483,53.74553821900095,51.98172212630218,52.778831481933594,28007943,0.0,0.0
2016-09-12 00:00:00+05:30,51.1337381717036,52.18524199732276,50.11615049856512,50.370548248291016,25787438,0.0,0.0
2016-09-14 00:00:00+05:30,50.54013619698929,52.98234150016763,50.43837445549923,52.812744140625,29047716,0.0,0.0
2016-09-15 00:00:00+05:30,52.85515233301102,53.21130850498144,51.337253240431615,51.64252853393555,25681686,0.0,0.0
2016-09-16 00:00:00+05:30,52.34635309344321,52.990823070294695,50.55709510078078,50.89628982543945,38268993,0.0,0.0
2016-09-19 00:00:00+05:30,51.464451283345134,51.82060746109684,51.03197544953735,51.413570404052734,13932615,0.0,0.0
2016-09-20 00:00:00+05:30,52.06651880529481,52.21915477493239,51.388126001663856,51.56620407104492,18078176,0.0,0.0
2016-09-21 00:00:00+05:30,51.710362783001756,51.896918226952835,50.998050503873124,51.218528747558594,11666924,0.0,0.0
2016-09-22 00:00:00+05:30,52.27003986188953,52.81275148792791,51.45596909706702,52.25307846069336,17611885,0.0,0.0
2016-09-23 00:00:00+05:30,52.40571679797833,52.40571679797833,51.15069286023949,51.31180953979492,13323596,0.0,0.0
2016-09-26 00:00:00+05:30,50.96413424554933,51.93084097756404,50.54861983176178,51.617088317871094,24263079,0.0,0.0
2016-09-27 00:00:00+05:30,51.76124424688526,52.03260338493634,51.023496463673524,51.34572982788086,14515278,0.0,0.0
2016-09-28 00:00:00+05:30,51.33724570764651,53.236739469831726,51.30332623556757,52.98234176635742,26444382,0.0,0.0
2016-09-29 00:00:00+05:30,53.42330509915717,54.0762558520846,49.52255533116564,50.43838119506836,37304669,0.0,0.0
2016-09-30 00:00:00+05:30,50.20094531164548,52.515957082532374,50.11614828266291,52.29547882080078,28656786,0.0,0.0
2016-10-03 00:00:00+05:30,52.91451054628109,54.60201034862544,52.61771595370753,54.1525764465332,18824412,0.0,0.0
2016-10-04 00:00:00+05:30,54.52568681587274,56.44213879466264,53.71161609928002,56.09446334838867,40586455,0.0,0.0
2016-10-05 00:00:00+05:30,56.67957949689645,57.47669215388757,56.136867892917614,56.82373809814453,28155385,0.0,0.0
2016-10-06 00:00:00+05:30,56.90005726090885,57.17989376075171,55.54327493683301,55.95878601074219,18620794,0.0,0.0
2016-10-07 00:00:00+05:30,55.661992744047254,56.213188382267106,54.992080603568404,55.72983169555664,16885749,0.0,0.0
2016-10-10 00:00:00+05:30,56.05206819952413,56.25558505340388,54.88184462683314,55.08536148071289,12076134,0.0,0.0
2016-10-13 00:00:00+05:30,54.2543316372889,54.50872603693971,51.87148103525719,52.626190185546875,21076085,0.0,0.0
2016-10-14 00:00:00+05:30,53.084109631060905,53.48266599325108,52.43115884588113,53.09259033203125,13643622,0.0,0.0
2016-10-17 00:00:00+05:30,53.42330115909969,53.754015198565945,51.24396747553404,51.69340133666992,20103782,0.0,0.0
2016-10-18 00:00:00+05:30,52.25307245295501,53.491138196157266,51.76123843552332,53.32154083251953,17895624,0.0,0.0
2016-10-19 00:00:00+05:30,53.65225914519058,53.65225914519058,52.76187208353925,53.27066421508789,12047563,0.0,0.0
2016-10-20 00:00:00+05:30,53.45722229886416,55.15319937443979,53.440260898483665,54.61896514892578,19823724,0.0,0.0
2016-10-21 00:00:00+05:30,54.712251569548414,54.712251569548414,53.525066502392704,54.16953659057617,11959381,0.0,0.0
2016-10-24 00:00:00+05:30,54.254333344310325,55.78071309329927,54.101694039105475,55.204078674316406,15705181,0.0,0.0
2016-10-25 00:00:00+05:30,55.20407818053404,55.44999521129504,54.55960814093734,54.86488342285156,10266401,0.0,0.0
2016-10-26 00:00:00+05:30,54.18649484264133,55.797674958086226,52.84667053802549,53.296104431152344,39407146,0.0,0.0
2016-10-27 00:00:00+05:30,52.405717884630775,53.96601713871669,52.30395945452289,53.42330551147461,22905552,0.0,0.0
2016-10-28 00:00:00+05:30,53.84729687728809,54.16953356627179,52.94842908896533,53.211307525634766,14511602,0.0,0.0
2016-11-01 00:00:00+05:30,53.346986208433435,53.5759418462413,52.75339369934957,52.85515213012695,9206375,0.0,0.0
2016-11-02 00:00:00+05:30,51.66796393411227,51.88844218345186,49.6582308926618,49.86174774169922,19180088,0.0,0.0
2016-11-03 00:00:00+05:30,49.89566484892749,50.77757447867336,49.53102801738101,50.150062561035156,17007951,0.0,0.0
2016-11-04 00:00:00+05:30,49.89566924214592,50.49774243931414,48.58976774492461,49.14944076538086,17097726,0.0,0.0
2016-11-07 00:00:00+05:30,50.370543815285295,51.311808422325676,49.904148536128474,50.71821594238281,15109261,0.0,0.0
2016-11-08 00:00:00+05:30,51.01501555906936,51.184612941069915,50.04830881878373,50.31118392944336,11276025,0.0,0.0
2016-11-09 00:00:00+05:30,45.28260849213075,52.03260058884731,42.77256071183709,50.947174072265625,36019418,0.0,0.0
2016-11-10 00:00:00+05:30,52.5753140667272,55.44151809701515,52.06652192781434,54.432411193847656,41054936,0.0,0.0
2016-11-11 00:00:00+05:30,53.59289956765237,56.16230226267794,52.58379270407621,52.89754867553711,35132192,0.0,0.0
2016-11-15 00:00:00+05:30,53.423304639074104,54.652886480906645,52.320916675593175,53.60137939453125,30750380,0.0,0.0
2016-11-16 00:00:00+05:30,54.61049029141071,54.91576558044632,53.13498807242457,54.245853424072266,18415187,0.0,0.0
2016-11-17 00:00:00+05:30,54.44088948144609,55.61111640921696,54.28825350009506,54.983604431152344,19847010,0.0,0.0
2016-11-18 00:00:00+05:30,55.288878949741694,55.93335231996288,54.89880331258306,55.339759826660156,16863028,0.0,0.0
2016-11-21 00:00:00+05:30,55.91639165329884,55.91639165329884,51.77820554673626,52.08348083496094,25856470,0.0,0.0
2016-11-22 00:00:00+05:30,52.87210746689806,53.06714694344193,50.116145952231754,51.32876968383789,25372630,0.0,0.0
2016-11-23 00:00:00+05:30,51.81212227792517,52.27851754899114,51.065893835137324,51.6849250793457,14142828,0.0,0.0
2016-11-24 00:00:00+05:30,51.54076375005474,52.31243425228922,51.04892973048189,51.8884391784668,17667080,0.0,0.0
2016-11-25 00:00:00+05:30,52.37179328696988,53.38938081431315,52.07499540051931,52.66011047363281,16309075,0.0,0.0
2016-11-28 00:00:00+05:30,51.47292717313543,52.89754842522124,51.12525172872303,52.46507263183594,14154132,0.0,0.0
2016-11-29 00:00:00+05:30,52.710993909548385,53.84729805780478,52.465076868585925,52.67707443237305,14979451,0.0,0.0
2016-11-30 00:00:00+05:30,52.9823475509146,54.19497463021797,52.6601141938658,53.999935150146484,14183166,0.0,0.0
2016-12-01 00:00:00+05:30,54.45784841731966,54.61048771752578,53.016265742837255,53.36394119262695,15014520,0.0,0.0
2016-12-02 00:00:00+05:30,53.067150871579955,53.516584782275,51.95628548325154,52.320919036865234,21183579,0.0,0.0
2016-12-05 00:00:00+05:30,52.2361176955531,53.07562719317744,52.09195909586834,52.8466682434082,11334201,0.0,0.0
2016-12-06 00:00:00+05:30,53.643779014391555,53.72857936676568,52.94842809767725,53.134986877441406,14118184,0.0,0.0
2016-12-07 00:00:00+05:30,53.57594156228669,53.74553894601678,51.600127884624925,52.29547882080078,16034517,0.0,0.0
2016-12-08 00:00:00+05:30,52.76186896562487,53.1604219470113,52.49051317816779,52.78730773925781,10019973,0.0,0.0
2016-12-09 00:00:00+05:30,53.084106049509415,53.737060116399874,52.566833211694856,53.525062561035156,14068033,0.0,0.0
2016-12-12 00:00:00+05:30,53.321539660526646,53.42329807647266,51.82907956755395,51.990196228027344,12084868,0.0,0.0
2016-12-13 00:00:00+05:30,52.04956068413685,52.405716845333735,51.23549325941812,51.70188522338867,11106401,0.0,0.0
2016-12-14 00:00:00+05:30,51.88844160833323,51.998680731781164,50.89629282306659,51.12525177001953,10296083,0.0,0.0
2016-12-15 00:00:00+05:30,50.65037814069543,52.066522085034265,50.20942495230612,51.70188522338867,14607212,0.0,0.0
2016-12-16 00:00:00+05:30,51.70188239009994,51.81212151259733,50.72669501335605,50.91325378417969,8667062,0.0,0.0
2016-12-19 00:00:00+05:30,50.87933468729375,50.99805118489072,50.26878082192104,50.47229766845703,7098854,0.0,0.0
2016-12-20 00:00:00+05:30,50.48926140950046,50.964134073435396,49.183359920796946,49.454715728759766,12330716,0.0,0.0
2016-12-21 00:00:00+05:30,49.24271392084523,49.69214777042179,48.564321133744166,48.979835510253906,13826668,0.0,0.0
2016-12-22 00:00:00+05:30,48.844161378946836,48.844161378946836,47.59761815343482,47.987693786621094,16212704,0.0,0.0
2016-12-23 00:00:00+05:30,47.979212149578764,48.25056794970994,47.19906422420163,47.436500549316406,13654145,0.0,0.0
2016-12-26 00:00:00+05:30,47.13122473174848,47.13122473174848,44.46854079706877,44.722938537597656,13337131,0.0,0.0
2016-12-27 00:00:00+05:30,44.926454927239554,45.774445169574506,44.29894294609528,45.37588882446289,12440071,0.0,0.0
2016-12-28 00:00:00+05:30,45.37588689340413,45.9609986723781,44.604216337841656,44.748374938964844,14418969,0.0,0.0
2016-12-29 00:00:00+05:30,44.58726116969011,44.77381663267508,43.87494881788563,44.19718551635742,15905206,0.0,0.0
2016-12-30 00:00:00+05:30,44.41766381268381,45.350451105536784,44.05302693573523,44.58726119995117,12741514,0.0,0.0
2017-01-02 00:00:00+05:30,45.079090417369386,45.08756779149343,43.62054971862742,44.51093673706055,17898102,0.0,0.0
2017-01-03 00:00:00+05:30,44.38374276259064,45.25716844462836,43.82406974155663,44.90949630737305,17256328,0.0,0.0
2017-01-04 00:00:00+05:30,45.06213412439134,45.41829030243291,44.34134439322345,44.756858825683594,12121695,0.0,0.0
2017-01-05 00:00:00+05:30,45.053651082211914,45.58788532151139,45.028212306749516,45.17237091064453,10456572,0.0,0.0
2017-01-06 00:00:00+05:30,45.22324943358186,46.46979601874015,45.22324943358186,45.85076141357422,21144444,0.0,0.0
2017-01-09 00:00:00+05:30,46.011882992433385,46.2238805598648,45.52004890205369,45.791404724121094,9177737,0.0,0.0
2017-01-10 00:00:00+05:30,45.86771740537365,46.18147335836719,45.299563744995865,45.5709228515625,9055314,0.0,0.0
2017-01-11 00:00:00+05:30,45.96100306847562,47.470424848755094,45.859244633084714,46.85987091064453,20701594,0.0,0.0
2017-01-12 00:00:00+05:30,46.97858522448942,47.31777996924385,46.30019573498056,46.66482925415039,12795027,0.0,0.0
2017-01-13 00:00:00+05:30,46.808992546502544,47.20754558011799,46.23235809682564,46.825950622558594,11752129,0.0,0.0
2017-01-16 00:00:00+05:30,46.97858535594699,47.48737747450236,46.6817874591328,47.18210220336914,12261544,0.0,0.0
2017-01-17 00:00:00+05:30,47.39409735547668,48.41168486692113,47.38561665582154,48.208168029785156,18278679,0.0,0.0
2017-01-18 00:00:00+05:30,48.42017478226118,49.149445250347505,48.21665458062516,48.87808609008789,14872548,0.0,0.0
2017-01-19 00:00:00+05:30,48.861126158222085,49.51407694162522,48.242094852842946,48.640647888183594,14354275,0.0,0.0
2017-01-20 00:00:00+05:30,48.47952920626023,49.073121710163036,46.00340076075983,46.24083709716797,34347700,0.0,0.0
2017-01-23 00:00:00+05:30,46.24083379188377,46.88530712754684,45.63876395618306,46.58002853393555,16387083,0.0,0.0
2017-01-24 00:00:00+05:30,46.9446642602023,47.62305372818214,46.647866373637655,47.114261627197266,16279794,0.0,0.0
2017-01-25 00:00:00+05:30,47.317780598242024,47.877453597408966,46.81746917451975,47.784175872802734,13866733,0.0,0.0
2017-01-27 00:00:00+05:30,47.89441568109271,48.72544449152713,47.75025707915779,48.165771484375,13447268,0.0,0.0
2017-01-30 00:00:00+05:30,48.37776859493702,49.8023898749122,47.87745384288477,48.818721771240234,21554908,0.0,0.0
2017-01-31 00:00:00+05:30,48.84415693358175,49.166393586083686,47.89441170101853,48.12336730957031,10425019,0.0,0.0
2017-02-01 00:00:00+05:30,48.335369755671046,49.77694915016103,47.45346005292272,49.581912994384766,18231504,0.0,0.0
2017-02-02 00:00:00+05:30,49.8617467602723,51.29484870124239,49.20031535103723,50.65037536621094,24792634,0.0,0.0
2017-02-03 00:00:00+05:30,50.85389424768526,53.33849982499197,50.55709636188217,52.74490737915039,25401072,0.0,0.0
2017-02-06 00:00:00+05:30,53.245220837828285,53.966010459996994,52.60922823403937,52.76186752319336,18015435,0.0,0.0
2017-02-07 00:00:00+05:30,52.81275051317938,53.64377933809508,52.253077496274535,52.8297119140625,18175194,0.0,0.0
2017-02-08 00:00:00+05:30,53.084106336706874,53.084106336706874,51.66796571891259,52.56683349609375,11628020,0.0,0.0
2017-02-09 00:00:00+05:30,52.91450907928094,53.050186983640465,51.286370901201735,52.48203659057617,21388857,0.0,0.0
2017-02-10 00:00:00+05:30,52.66011354006729,52.98234689311542,51.52380612682291,52.75339126586914,17294573,0.0,0.0
2017-02-13 00:00:00+05:30,52.66011241176119,53.08410418180811,50.709737631639314,51.0319709777832,15643648,0.0,0.0
2017-02-14 00:00:00+05:30,51.2185260137243,51.81211843939308,50.28573886646322,51.42204284667969,13762524,0.0,0.0
2017-02-15 00:00:00+05:30,51.37117142900553,51.60012706194961,49.48015481047534,49.75151062011719,14201379,0.0,0.0
2017-02-16 00:00:00+05:30,50.20094236505558,50.61645676224656,49.429275145818615,50.20942306518555,13471619,0.0,0.0
2017-02-17 00:00:00+05:30,51.263558959616255,52.04820661070939,50.600970196510104,50.89739227294922,10983245,0.0,0.0
2017-02-20 00:00:00+05:30,50.81020837945011,51.00201188153992,50.217364214594966,50.618408203125,9107740,0.0,0.0
2017-02-21 00:00:00+05:30,50.87995756808692,51.46408159224924,50.67943723177308,51.22868728637695,11109255,0.0,0.0
2017-02-22 00:00:00+05:30,51.24612582472185,51.664603494815225,50.66200178285137,50.86252212524414,8944235,0.0,0.0
2017-02-23 00:00:00+05:30,51.158944232214424,51.359464574639595,50.57481686448467,50.8276481628418,6444415,0.0,0.0
2017-02-27 00:00:00+05:30,51.08919426431621,51.52510890249558,50.22608514314933,50.38301467895508,9920815,0.0,0.0
2017-02-28 00:00:00+05:30,50.13889990644378,51.76050288245053,49.8511979764426,51.53382873535156,13655710,0.0,0.0
2017-03-01 00:00:00+05:30,51.629734043816505,52.71080055178105,51.150225251175414,51.61229705810547,11537740,0.0,0.0
2017-03-02 00:00:00+05:30,52.12667582288243,52.37950712377822,50.61841149889798,50.7404670715332,9775155,0.0,0.0
2017-03-03 00:00:00+05:30,50.56610211483137,50.8973981978324,50.06043949731584,50.33942794799805,5330705,0.0,0.0
2017-03-06 00:00:00+05:30,50.81892802571953,51.22868551367531,50.30454863270873,50.723026275634766,7044630,0.0,0.0
2017-03-07 00:00:00+05:30,50.74046814713585,51.00201628343637,50.21736854876981,50.374298095703125,5272585,0.0,0.0
2017-03-08 00:00:00+05:30,50.391732040630075,51.1240687735371,49.86863579959569,50.17377471923828,10542130,0.0,0.0
2017-03-09 00:00:00+05:30,49.95582226458657,50.37429996333551,49.71171110509097,49.859920501708984,6310975,0.0,0.0
2017-03-10 00:00:00+05:30,50.260962013469914,50.37429743138769,49.34553855984282,49.51990509033203,7008225,0.0,0.0
2017-03-14 00:00:00+05:30,50.74046329582306,50.74046329582306,49.563491806353866,49.65067672729492,11663215,0.0,0.0
2017-03-15 00:00:00+05:30,49.8686385376072,51.05432696320054,49.65068120424857,50.48763656616211,13195850,0.0,0.0
2017-03-16 00:00:00+05:30,50.99329928873985,51.75178987929178,50.49635350787894,51.55126953125,12785350,0.0,0.0
2017-03-17 00:00:00+05:30,51.961020917383884,51.98717805587412,50.64456023988119,51.06303787231445,9199030,0.0,0.0
2017-03-20 00:00:00+05:30,50.93226872482059,51.59486088927061,50.82765013466296,51.30715560913086,7581610,0.0,0.0
2017-03-21 00:00:00+05:30,51.44664415207259,51.629730827751345,49.95581688717615,50.29582977294922,10639715,0.0,0.0
2017-03-22 00:00:00+05:30,49.69426908137564,49.82504480400096,49.092708073981676,49.21476364135742,10738260,0.0,0.0
2017-03-23 00:00:00+05:30,49.345535521111344,49.554776009966204,49.014242791924524,49.35425567626953,6716000,0.0,0.0
2017-03-24 00:00:00+05:30,49.42399797448342,52.030768842010325,49.42399797448342,51.13278579711914,24512760,0.0,0.0
2017-03-27 00:00:00+05:30,51.26355945595583,52.08308108297995,51.08919294005083,51.743064880371094,14993255,0.0,0.0
2017-03-28 00:00:00+05:30,52.11795530277969,52.11795530277969,51.350747901362176,51.821533203125,9875500,0.0,0.0
2017-03-29 00:00:00+05:30,52.20513712007762,53.2426127441909,51.55126517382432,52.67592239379883,20886335,0.0,0.0
2017-03-30 00:00:00+05:30,53.00722199179525,53.66109398180695,52.658492259247964,52.859012603759766,17438740,0.0,0.0
2017-03-31 00:00:00+05:30,53.0944069365187,53.626220028258594,52.28360540257938,52.78926467895508,15572670,0.0,0.0
2017-04-03 00:00:00+05:30,52.832854433915315,53.18158748543724,52.614897108155326,53.08568572998047,6488955,0.0,0.0
2017-04-05 00:00:00+05:30,53.14671342545304,54.620107073593886,52.96363007030714,54.14059829711914,20591820,0.0,0.0
2017-04-06 00:00:00+05:30,54.04469680786133,54.83806129434224,53.556471229348205,54.04469680786133,14287760,0.0,0.0
2017-04-07 00:00:00+05:30,53.669812831576536,54.28881083554297,52.867728147280225,53.14671325683594,9297585,0.0,0.0
2017-04-10 00:00:00+05:30,53.190301228487535,54.105724604169176,52.85900850710803,53.95751190185547,9402570,0.0,0.0
2017-04-11 00:00:00+05:30,53.99238956424201,55.20423177593476,53.91392479312266,55.099613189697266,18228580,0.0,0.0
2017-04-12 00:00:00+05:30,55.27397436280931,55.7796335854441,54.27136942071517,54.445735931396484,13746840,0.0,0.0
2017-04-13 00:00:00+05:30,54.7334401372521,55.67501733886951,54.585230758718644,54.829341888427734,14481180,0.0,0.0
2017-04-17 00:00:00+05:30,54.872935551429435,55.06473906379487,53.59134872777961,54.08829116821289,7101340,0.0,0.0
2017-04-18 00:00:00+05:30,54.227781919492514,56.119653187827765,54.227781919492514,54.532920837402344,22429110,0.0,0.0
2017-04-19 00:00:00+05:30,54.49804756606229,55.62270815064681,53.93136052186178,55.38731384277344,18950215,0.0,0.0
2017-04-20 00:00:00+05:30,55.44834451180883,57.07866776681174,55.22167034748898,56.69506072998047,24219005,0.0,0.0
2017-04-21 00:00:00+05:30,56.93045249144153,57.03506774410596,55.83194577775995,56.337608337402344,16320130,0.0,0.0
2017-04-24 00:00:00+05:30,56.4422275728097,57.4884267339822,55.73604796137734,57.33149719238281,13336995,0.0,0.0
2017-04-25 00:00:00+05:30,57.540732546078296,58.473589610688386,57.052510277207084,57.82843780517578,13794795,0.0,0.0
2017-04-26 00:00:00+05:30,58.29922721685514,58.57821232455105,56.573002290060025,57.540733337402344,10412435,0.0,0.0
2017-04-27 00:00:00+05:30,57.767411090299966,58.02895588852133,56.93916926710812,57.40995788574219,9279630,0.0,0.0
2017-04-28 00:00:00+05:30,57.575605769889904,63.06812617815076,57.575605769889904,62.344512939453125,43627910,0.0,0.0
2017-05-02 00:00:00+05:30,62.20502538035715,64.66358398358915,61.63833494897286,64.1056137084961,32883460,0.0,0.0
2017-05-03 00:00:00+05:30,63.99227117335526,65.37847655079065,63.14659569837813,64.01842498779297,26744675,0.0,0.0
2017-05-04 00:00:00+05:30,64.61127086419418,68.61296421476321,64.61127086419418,67.68010711669922,27670990,0.0,0.0
2017-05-05 00:00:00+05:30,68.47346420667694,72.53618470361894,67.0000707723518,68.7960433959961,119774995,0.0,0.0
2017-05-08 00:00:00+05:30,69.21453226596866,70.44381485466367,68.15961953995917,68.87451934814453,50516155,0.0,0.0
2017-05-09 00:00:00+05:30,67.65394747351702,68.00268049868794,64.9338445105482,65.14308166503906,44038065,0.0,0.0
2017-05-10 00:00:00+05:30,65.21284020646637,65.7184961910974,63.46918144855583,64.26254272460938,26143485,0.0,0.0
2017-05-11 00:00:00+05:30,64.82051163082414,66.0236404054411,64.29741534476598,64.7071762084961,30552635,0.0,0.0
2017-05-12 00:00:00+05:30,64.86410850871198,65.36105099925952,63.381994541943044,63.817909240722656,17928680,0.0,0.0
2017-05-15 00:00:00+05:30,63.92252506141323,64.68973246348249,63.02454193188688,63.521484375,12611150,0.0,0.0
2017-05-16 00:00:00+05:30,63.617387732258166,66.0585058829112,62.640936481078974,65.06462097167969,28040480,0.0,0.0
2017-05-17 00:00:00+05:30,64.89898547776237,65.64875932638637,63.87022647510601,65.2041244506836,15228810,0.0,0.0
2017-05-18 00:00:00+05:30,64.49793346956355,65.52669229254026,63.643537843079336,64.21894836425781,15357615,0.0,0.0
2017-05-19 00:00:00+05:30,64.58511460055236,65.63130707499754,63.66097104154526,64.09688568115234,17733130,0.0,0.0
2017-05-22 00:00:00+05:30,64.51537037263593,64.97743885295192,62.361950864872085,63.06813049316406,17913175,0.0,0.0
2017-05-23 00:00:00+05:30,63.259937434152896,63.76560006892056,60.46136593360331,62.30964660644531,26451710,0.0,0.0
2017-05-24 00:00:00+05:30,62.42297725564168,62.81530443599636,61.045485349696364,61.56858825683594,14068065,0.0,0.0
2017-05-25 00:00:00+05:30,61.39421880622618,62.88504613767104,61.12395384688834,62.536319732666016,16929600,0.0,0.0
2017-05-26 00:00:00+05:30,62.59735004729009,63.45173908620685,62.030659638970974,62.77171325683594,11039075,0.0,0.0
2017-05-29 00:00:00+05:30,63.01581913752512,63.347118520080556,60.88855357112313,61.13267135620117,10343645,0.0,0.0
2017-05-30 00:00:00+05:30,61.02804966120297,62.248611984732946,59.9818571847656,62.021934509277344,11871855,0.0,0.0
2017-05-31 00:00:00+05:30,62.1439932270809,62.62350201648394,60.47880267498373,61.18498229980469,12793605,0.0,0.0
2017-06-01 00:00:00+05:30,61.18497745304699,62.07424036750724,60.4003297923295,61.498836517333984,12823285,0.0,0.0
2017-06-02 00:00:00+05:30,61.690639465139235,63.07684477704495,61.690639465139235,62.780426025390625,15584160,0.0,0.0
2017-06-05 00:00:00+05:30,62.946074633476435,63.76559632784471,62.87633334260692,63.23377990722656,9541130,0.0,0.0
2017-06-06 00:00:00+05:30,63.164030517891895,63.634819141008414,62.01321610078366,62.51015853881836,9385990,0.0,0.0
2017-06-07 00:00:00+05:30,62.579900603441686,63.58250554085031,62.335789485087396,63.24249267578125,7736490,0.0,0.0
2017-06-08 00:00:00+05:30,63.6173818221842,63.6173818221842,62.52759525308149,62.65837097167969,6057885,0.0,0.0
2017-06-09 00:00:00+05:30,62.63221281364955,63.07684761264877,62.16143085180284,62.85017013549805,5861525,0.0,0.0
2017-06-12 00:00:00+05:30,62.440417461194365,62.675808447785634,60.17365593816557,60.33058547973633,14081610,0.0,0.0
2017-06-13 00:00:00+05:30,60.67931696018892,61.3070351101974,60.53982773325903,60.80137252807617,6519945,0.0,0.0
2017-06-14 00:00:00+05:30,61.28960513340752,62.07424621652942,60.34802785182526,61.96091079711914,12983565,0.0,0.0
2017-06-15 00:00:00+05:30,61.551144412049716,61.96962538342988,61.07164231007364,61.36806106567383,8362815,0.0,0.0
2017-06-16 00:00:00+05:30,61.49011711659826,61.84757030868225,61.14138407960959,61.385501861572266,5806885,0.0,0.0
2017-06-19 00:00:00+05:30,61.68192138728994,62.57990447893085,61.17625880993871,61.97834014892578,10436025,0.0,0.0
2017-06-20 00:00:00+05:30,62.03937666237715,62.38810306386073,61.333190400854484,61.45524597167969,7203210,0.0,0.0
2017-06-21 00:00:00+05:30,61.795254760192634,62.5624687561129,61.47268219511644,61.62089157104492,11355305,0.0,0.0
2017-06-22 00:00:00+05:30,62.16143330985832,62.21374094068089,60.93215077328896,61.10651397705078,8837390,0.0,0.0
2017-06-23 00:00:00+05:30,61.21985178785653,61.385501475979744,58.8659087916163,59.15361404418945,11562845,0.0,0.0
2017-06-27 00:00:00+05:30,58.926939064202216,58.93565921961129,56.198115755775966,56.45966720581055,15336135,0.0,0.0
2017-06-28 00:00:00+05:30,55.51808797461455,57.191998570465174,55.291410502823496,56.843265533447266,18730405,0.0,0.0
2017-06-29 00:00:00+05:30,57.26174644218976,59.02283863238313,57.069942939474466,58.00279998779297,23593210,0.0,0.0
2017-06-30 00:00:00+05:30,57.62791621652289,57.62791621652289,56.55556988717988,57.30534362792969,11743970,0.0,0.0
2017-07-03 00:00:00+05:30,57.33149538106628,58.142296878458566,57.305341566880976,57.82843780517578,7162075,0.0,0.0
2017-07-04 00:00:00+05:30,57.71509525705011,58.40384118144139,57.45355046586359,57.810997009277344,7119180,0.0,0.0
2017-07-05 00:00:00+05:30,57.72381182800478,58.395124051912035,57.54944864470706,57.95920944213867,7512080,0.0,0.0
2017-07-06 00:00:00+05:30,58.13357735390904,60.0951932574432,58.13357735390904,59.720306396484375,14523565,0.0,0.0
2017-07-07 00:00:00+05:30,59.52850411238786,60.714192503915925,59.27567281477219,60.33058547973633,12376815,0.0,0.0
2017-07-10 00:00:00+05:30,61.64705505677282,63.225064116198126,61.63833490048844,63.0419807434082,4462645,0.0,0.0
2017-07-11 00:00:00+05:30,63.80918719568154,64.11432611368164,61.75166956069576,62.021934509277344,11324445,0.0,0.0
2017-07-12 00:00:00+05:30,62.57273165324838,63.03610277990623,61.497355513606365,62.86124801635742,9535045,0.2,0.0
2017-07-13 00:00:00+05:30,63.63062169784396,63.77051085234676,62.83502381002579,63.36833953857422,8345230,0.0,0.0
2017-07-14 00:00:00+05:30,63.4732514173193,64.5311381627417,62.42410941185572,64.28633880615234,14303665,0.0,0.0
2017-07-17 00:00:00+05:30,64.53988391131448,65.01199982223586,63.86668567017317,64.43496704101562,9139455,0.0,0.0
2017-07-18 00:00:00+05:30,63.98908390667518,65.51908654503183,63.69182278267631,64.44371032714844,11756620,0.0,0.0
2017-07-19 00:00:00+05:30,64.99451517539494,65.30925913941529,64.6010885555109,64.91583251953125,13932805,0.0,0.0
2017-07-20 00:00:00+05:30,61.02525562894809,62.94868500258053,61.01651088835192,61.5323371887207,37721330,0.0,0.0
2017-07-21 00:00:00+05:30,61.65472977529861,62.04816301342352,60.509415689562054,61.33999252319336,14583570,0.0,0.0
2017-07-24 00:00:00+05:30,61.42741978225414,62.13559027103187,61.20010324537809,61.724674224853516,15643710,0.0,0.0
2017-07-25 00:00:00+05:30,62.04815990132324,62.59895840273385,61.81209863623185,62.459075927734375,8646870,0.0,0.0
2017-07-26 00:00:00+05:30,62.607712247183755,63.02736640349581,62.126851578198526,62.450340270996094,9370610,0.0,0.0
2017-07-27 00:00:00+05:30,62.59896335744241,62.931196768640405,61.191360405477475,61.89079284667969,15477860,0.0,0.0
2017-07-28 00:00:00+05:30,62.07438984234192,63.78799191642909,61.296274784983,63.648109436035156,12355955,0.0,0.0
2017-07-31 00:00:00+05:30,63.29839689172195,64.68851038800703,63.097307893562096,64.36502838134766,11612250,0.0,0.0
2017-08-01 00:00:00+05:30,64.66227390761885,64.77592883070979,63.13227146387775,63.4207878112793,10087290,0.0,0.0
2017-08-02 00:00:00+05:30,63.59565095856416,63.8229675050282,62.529019475481554,62.99239730834961,7987655,0.0,0.0
2017-08-03 00:00:00+05:30,62.75634003869879,62.75634003869879,60.22965032718099,60.78044891357422,11541550,0.0,0.0
2017-08-04 00:00:00+05:30,60.32581485720436,61.81210038122567,60.32581485720436,61.47987365722656,9110895,0.0,0.0
2017-08-07 00:00:00+05:30,61.47987938114372,62.021939879455225,61.27005230804478,61.64599609375,4251985,0.0,0.0
2017-08-08 00:00:00+05:30,61.724679817124795,61.838341431001545,60.16844954656401,60.61433792114258,6410935,0.0,0.0
2017-08-09 00:00:00+05:30,60.456963480880866,61.103934165459975,59.775020506556636,60.14221954345703,10619440,0.0,0.0
2017-08-10 00:00:00+05:30,59.62638111419837,60.002324856469954,56.43523834477212,57.82535171508789,10480130,0.0,0.0
2017-08-11 00:00:00+05:30,57.35324105911067,58.218783550718776,56.09427198139404,56.98604202270508,11129860,0.0,0.0
2017-08-14 00:00:00+05:30,57.772898719760555,57.95649822796728,57.05598349568968,57.755409240722656,6043655,0.0,0.0
2017-08-16 00:00:00+05:30,57.94775738457102,59.17176085852704,56.3390720595814,58.900733947753906,11180870,0.0,0.0
2017-08-17 00:00:00+05:30,58.92695997515441,59.80124719534874,58.3149549188491,58.5947265625,7768735,0.0,0.0
2017-08-18 00:00:00+05:30,58.19255834141688,58.50730229107503,57.598042733205084,58.17507553100586,8110340,0.0,0.0
2017-08-21 00:00:00+05:30,58.57724554917924,58.92696178203678,56.84615386518971,57.13467025756836,7126140,0.0,0.0
2017-08-22 00:00:00+05:30,57.51061550439848,57.66798747967582,56.45272870903292,57.12592697143555,7737515,0.0,0.0
2017-08-23 00:00:00+05:30,57.34449832465392,58.996907386834074,57.22209864157131,58.77833557128906,11015820,0.0,0.0
2017-08-24 00:00:00+05:30,58.90947410527176,60.29084959869502,58.15758651620759,59.66136169433594,10767730,0.0,0.0
2017-08-28 00:00:00+05:30,60.06352689514519,60.11598866199647,59.03186775082817,59.2854118347168,6460485,0.0,0.0
2017-08-29 00:00:00+05:30,59.01438667703514,59.90615669634179,58.75209784591327,59.00564193725586,6403755,0.0,0.0
2017-08-30 00:00:00+05:30,59.45152793633312,59.79249940116895,58.94443977365559,59.32912826538086,4609640,0.0,0.0
2017-08-31 00:00:00+05:30,59.39907977040425,59.591424038707764,58.75210238242287,59.40781784057617,6623750,0.0,0.0
2017-09-01 00:00:00+05:30,59.97610458646155,60.55313737868607,59.28541685195756,59.530216217041016,6776035,0.0,0.0
2017-09-04 00:00:00+05:30,59.59141804493351,59.932389515255316,58.20129794492147,58.647186279296875,4781415,0.0,0.0
2017-09-05 00:00:00+05:30,58.75209655485768,59.329129302532884,58.64718636093994,59.1280403137207,5293655,0.0,0.0
2017-09-06 00:00:00+05:30,58.996902489193616,58.996902489193616,58.393642193878776,58.647186279296875,4091005,0.0,0.0
2017-09-07 00:00:00+05:30,58.66467581375577,59.521480292716745,58.210049357966845,58.629703521728516,5950495,0.0,0.0
2017-09-08 00:00:00+05:30,58.804559104011716,58.92695877873121,57.37946669504874,58.00020980834961,5536440,0.0,0.0
2017-09-11 00:00:00+05:30,58.402393889818356,58.7433654007536,58.02645008669967,58.37615966796875,4048720,0.0,0.0
2017-09-12 00:00:00+05:30,58.75209905174885,59.84495808671652,58.49856162548468,59.25044250488281,8932425,0.0,0.0
2017-09-13 00:00:00+05:30,59.45153432413702,60.46571075846085,59.22421776639504,59.434051513671875,8991420,0.0,0.0
2017-09-14 00:00:00+05:30,59.538963719019804,61.0864559733788,59.35536418669094,60.544395446777344,8369230,0.0,0.0
2017-09-15 00:00:00+05:30,60.43073639383105,61.20010676326765,60.3258195237924,60.8154182434082,12673985,0.0,0.0
2017-09-18 00:00:00+05:30,61.033989901951436,61.53233336040546,60.53564644349741,60.70176315307617,5055125,0.0,0.0
2017-09-19 00:00:00+05:30,60.70176156038612,60.81541649695241,59.626385351789274,59.91490173339844,5964155,0.0,0.0
2017-09-20 00:00:00+05:30,59.97610678239291,60.72799438569696,59.39033589874149,60.25587844848633,10292070,0.0,0.0
2017-09-21 00:00:00+05:30,60.32582006453294,60.49193677601259,58.822044931911,59.46027755737305,6661125,0.0,0.0
2017-09-22 00:00:00+05:30,58.91821595022335,59.01438807923431,56.68878084356161,57.00352478027344,8572455,0.0,0.0
2017-09-25 00:00:00+05:30,56.57512740020667,57.26581513123098,54.9489525743079,56.977298736572266,12816270,0.0,0.0
2017-09-26 00:00:00+05:30,56.82866916657189,57.74667341352936,56.56638033307486,57.300785064697266,11672495,0.0,0.0
2017-09-27 00:00:00+05:30,57.528099718616275,57.8690711887885,55.106320469126274,55.587181091308594,10068665,0.0,0.0
2017-09-28 00:00:00+05:30,55.42981255304733,56.024328145235806,54.61672515005841,55.2199821472168,10389215,0.0,0.0
2017-09-29 00:00:00+05:30,55.60466495733321,55.93689502939169,53.61129119526437,53.8560905456543,16377295,0.0,0.0
2017-10-03 00:00:00+05:30,54.31071903771966,54.511804690198474,53.43643185208606,53.96100616455078,10038410,0.0,0.0
2017-10-04 00:00:00+05:30,54.1883200298798,54.51180535869176,53.43643250739175,53.72494888305664,10255780,0.0,0.0
2017-10-05 00:00:00+05:30,53.89106659717377,54.44186850915092,53.61129493858184,54.205810546875,6027830,0.0,0.0
2017-10-06 00:00:00+05:30,54.555524686564745,55.25495380610714,54.46809396215875,55.1063232421875,11345880,0.0,0.0
2017-10-09 00:00:00+05:30,55.080098507304,55.47352844938443,54.57301028525783,54.957698822021484,6518270,0.0,0.0
2017-10-10 00:00:00+05:30,55.088837170118296,55.35986741342344,54.73037953743272,54.91398239135742,4155260,0.0,0.0
2017-10-11 00:00:00+05:30,55.01889356032346,55.438551014562066,52.84191697287342,53.3752326965332,8721910,0.0,0.0
2017-10-12 00:00:00+05:30,52.98180833246053,53.27906614386315,52.12500719021566,53.09546661376953,12486490,0.0,0.0
2017-10-13 00:00:00+05:30,53.366493961646256,54.64295253236851,52.876891906305424,53.94352340698242,11875395,0.0,0.0
2017-10-16 00:00:00+05:30,53.96101128676808,54.38066877549103,53.296551094934124,53.8386116027832,6501500,0.0,0.0
2017-10-17 00:00:00+05:30,53.9435203973706,54.6429494837342,53.78614843604616,53.995975494384766,7956180,0.0,0.0
2017-10-18 00:00:00+05:30,53.65500730862041,53.75117943922313,52.999291874664976,53.34026336669922,7186415,0.0,0.0
2017-10-19 00:00:00+05:30,53.33152271783941,53.48014995077545,52.465976865284475,52.911865234375,1089450,0.0,0.0
2017-10-23 00:00:00+05:30,52.99055174145183,53.585067349317804,52.14249202593746,53.392723083496094,8384015,0.0,0.0
2017-10-24 00:00:00+05:30,53.39271875287766,55.8931806651855,53.39271875287766,55.44729232788086,16729995,0.0,0.0
2017-10-25 00:00:00+05:30,60.9902780373554,77.654190234775,60.9902780373554,76.91979217529297,177050685,0.0,0.0
2017-10-26 00:00:00+05:30,77.3569459169384,81.08140514127159,73.0991642172368,74.15705108642578,78651165,0.0,0.0
2017-10-27 00:00:00+05:30,74.28818882415793,75.76573641362278,70.18777948030049,70.66864013671875,29133650,0.0,0.0
2017-10-30 00:00:00+05:30,69.68068542243752,75.01384254476531,69.62823032624472,72.28606414794922,48220225,0.0,0.0
2017-10-31 00:00:00+05:30,72.3385211730071,73.2215531140616,70.58120870087265,70.92218017578125,24634755,0.0,0.0
2017-11-01 00:00:00+05:30,71.6915566184304,73.49258627215909,70.99212412964975,72.12870025634766,21544130,0.0,0.0
2017-11-02 00:00:00+05:30,72.22487454583438,72.46967392312878,70.15281123896496,70.41510009765625,21578015,0.0,0.0
2017-11-03 00:00:00+05:30,71.1582403273643,71.51670130957667,69.87303697401944,70.65989685058594,20981775,0.0,0.0
2017-11-06 00:00:00+05:30,70.46755337558288,71.9538457525215,70.34515369010686,71.04458618164062,13065105,0.0,0.0
2017-11-07 00:00:00+05:30,71.51669589040876,71.82269507747465,67.80971334620993,68.32554626464844,16580070,0.0,0.0
2017-11-08 00:00:00+05:30,68.7189754590447,70.24023338296867,67.11902821528415,68.08074951171875,19312900,0.0,0.0
2017-11-09 00:00:00+05:30,68.85012587176791,69.3659521845,67.58241193652786,68.01081085205078,15920940,0.0,0.0
2017-11-10 00:00:00+05:30,67.66983933373703,69.73315792523105,67.39006766049799,68.01081085205078,20381100,0.0,0.0
2017-11-13 00:00:00+05:30,68.50914677056474,68.88509054020764,66.60320037311877,66.96165466308594,11565310,0.0,0.0
2017-11-14 00:00:00+05:30,67.04034286898165,67.54743104665239,65.78136716449761,65.99993896484375,8162425,0.0,0.0
2017-11-15 00:00:00+05:30,66.41085627580928,66.76057249704971,64.23388297076782,64.71473693847656,10418215,0.0,0.0
2017-11-16 00:00:00+05:30,65.20434139985879,67.494969609738,64.72348076862659,67.2414321899414,17235940,0.0,0.0
2017-11-17 00:00:00+05:30,69.3222370087355,69.75938063471797,67.68731744625937,67.99331665039062,17693720,0.0,0.0
2017-11-20 00:00:00+05:30,67.68731438425232,69.22606174578057,67.42503222269725,68.74520111083984,12825555,0.0,0.0
2017-11-21 00:00:00+05:30,69.261034034711,70.24023144363456,68.08074763200803,68.74520111083984,17958985,0.0,0.0
2017-11-22 00:00:00+05:30,68.92879968326388,70.10034800043937,67.88840245049717,69.7593765258789,24723890,0.0,0.0
2017-11-23 00:00:00+05:30,69.89052709814511,69.99543730246472,68.1157249920576,68.95503997802734,13388085,0.0,0.0
2017-11-24 00:00:00+05:30,69.01623162182554,69.45337520864678,68.08948268197292,68.29931640625,11288015,0.0,0.0
2017-11-27 00:00:00+05:30,67.59988188456373,68.06325300485398,67.24142762313002,67.68730926513672,10658345,0.0,0.0
2017-11-28 00:00:00+05:30,67.48622696291045,68.11571477554301,66.72559474426582,67.33759307861328,12222365,0.0,0.0
2017-11-29 00:00:00+05:30,67.28514866075206,67.59989261701016,65.79886294419754,66.12234497070312,9635690,0.0,0.0
2017-11-30 00:00:00+05:30,65.62399363839347,66.03490968050208,64.81965103314529,65.19559478759766,17566705,0.0,0.0
2017-12-01 00:00:00+05:30,65.48410592617552,66.01742159733064,62.97489951713884,63.4207878112793,9060530,0.0,0.0
2017-12-04 00:00:00+05:30,63.82296594308773,64.61857050109994,63.062333673697346,64.21639251708984,10237500,0.0,0.0
2017-12-05 00:00:00+05:30,64.2164015053301,65.72017677513932,63.47325861137543,65.3704605102539,12805695,0.0,0.0
2017-12-06 00:00:00+05:30,65.13440031343285,65.30051702590377,63.2721708668471,63.65685272216797,8063690,0.0,0.0
2017-12-07 00:00:00+05:30,63.4732532988192,64.33879581249752,63.202226384601694,64.12022399902344,8158725,0.0,0.0
2017-12-08 00:00:00+05:30,64.33005699052038,64.65353900169968,63.691824367712954,64.05028533935547,4998440,0.0,0.0
2017-12-11 00:00:00+05:30,64.52240675520557,64.77594420765007,63.71805735299755,64.1377182006836,4633660,0.0,0.0
2017-12-12 00:00:00+05:30,64.05028103435295,65.03822315200236,63.31587633048005,64.22513580322266,10596935,0.0,0.0
2017-12-13 00:00:00+05:30,63.67433911207475,64.20765484385517,61.427421248942295,62.04816436767578,10473260,0.0,0.0
2017-12-14 00:00:00+05:30,62.07438744849304,63.05359145461571,61.68096090038283,62.459075927734375,12824765,0.0,0.0
2017-12-15 00:00:00+05:30,63.210972047708424,63.60439864959291,61.908279217780034,62.14434051513672,9432075,0.0,0.0
2017-12-18 00:00:00+05:30,62.03941649975283,64.45245094562387,59.6263820538818,63.86668014526367,17119170,0.0,0.0
2017-12-19 00:00:00+05:30,64.15520016143493,65.14314908694212,63.77051828229668,64.91583251953125,15237230,0.0,0.0
2017-12-20 00:00:00+05:30,65.03822792771429,65.03822792771429,63.57816982256736,63.910396575927734,6520455,0.0,0.0
2017-12-21 00:00:00+05:30,63.822968743720715,64.91582779755154,63.73554135347071,64.4000015258789,5489610,0.0,0.0
2017-12-22 00:00:00+05:30,64.63605755351641,65.99994354789469,64.31256886523947,64.74097442626953,17911180,0.0,0.0
2017-12-26 00:00:00+05:30,64.7322267545479,65.7813687534385,64.1114836270047,65.60651397705078,11002985,0.0,0.0
2017-12-27 00:00:00+05:30,65.74640097990623,66.39337837159925,64.13771558174354,64.38251495361328,14778345,0.0,0.0
2017-12-28 00:00:00+05:30,64.26010651540146,64.75844993177085,62.7038764316613,63.071075439453125,10912095,0.0,0.0
2017-12-29 00:00:00+05:30,63.28090934201705,63.94536952587355,62.861255193473674,63.01862716674805,6066090,0.0,0.0
2018-01-01 00:00:00+05:30,63.24593020403542,63.99781769824632,62.78255907463882,63.071075439453125,4383275,0.0,0.0
2018-01-02 00:00:00+05:30,63.333369056228605,63.58691315328456,61.112678692277136,61.55856704711914,7222740,0.0,0.0
2018-01-03 00:00:00+05:30,61.56731283053888,62.31045573486193,61.40120277187001,61.68971252441406,6931120,0.0,0.0
2018-01-04 00:00:00+05:30,62.05691099214749,63.927885144950075,61.54982279402434,63.394569396972656,13793080,0.0,0.0
2018-01-05 00:00:00+05:30,63.962854372398304,64.24262600791907,62.81753361143479,63.79673767089844,9965415,0.0,0.0
2018-01-08 00:00:00+05:30,63.82296431116553,64.60107936982979,63.49073758317599,63.77924728393555,6076250,0.0,0.0
2018-01-09 00:00:00+05:30,63.84045717277822,64.46120703983983,63.1322865780543,63.7705192565918,9509470,0.0,0.0
2018-01-10 00:00:00+05:30,63.648110684763864,63.88416529330814,61.7159301072674,62.01319122314453,9585550,0.0,0.0
2018-01-11 00:00:00+05:30,62.004447492988774,62.651424832668205,61.73342059167679,62.16181945800781,5764925,0.0,0.0
2018-01-12 00:00:00+05:30,62.31044697517533,62.73010777395309,61.26130498365412,61.89079284667969,6967765,0.0,0.0
2018-01-15 00:00:00+05:30,61.89954310664769,62.72136862752526,61.637254250235735,61.96074295043945,7813505,0.0,0.0
2018-01-16 00:00:00+05:30,62.074398336859446,62.301714902673595,59.128047732808135,59.36410903930664,9500645,0.0,0.0
2018-01-17 00:00:00+05:30,59.19798896961755,62.598965842663105,58.57724582179067,62.030677795410156,18141360,0.0,0.0
2018-01-18 00:00:00+05:30,63.28965887605488,63.33337591038554,59.22422148377201,61.07771301269531,17869415,0.0,0.0
2018-01-19 00:00:00+05:30,61.11267037262951,64.02404805215866,60.640554532412786,63.4207878112793,16069165,0.0,0.0
2018-01-22 00:00:00+05:30,62.94867799896495,63.99781996416826,62.21427995737902,63.46450424194336,8990595,0.0,0.0
2018-01-23 00:00:00+05:30,63.82297594662806,66.21852139530169,62.878744016686724,65.48412322998047,20994160,0.0,0.0
2018-01-24 00:00:00+05:30,65.3617121717674,66.80428736887549,64.35628056952346,66.31468200683594,25651420,0.0,0.0
2018-01-25 00:00:00+05:30,67.2676607241892,67.30263301336217,62.65142527787038,63.18473434448242,29873390,0.0,0.0
2018-01-29 00:00:00+05:30,62.84376603824152,63.56942606711183,59.7837606189538,60.421993255615234,19740000,0.0,0.0
2018-01-30 00:00:00+05:30,60.32582156015884,61.89079657208092,59.45153429117103,61.095191955566406,17457855,0.0,0.0
2018-01-31 00:00:00+05:30,60.343299320200806,61.54981991940543,59.250440325432535,59.687583923339844,12633530,0.0,0.0
2018-02-01 00:00:00+05:30,59.80124393780507,60.1509601408892,57.47563685703515,57.68547058105469,16057240,0.0,0.0
2018-02-02 00:00:00+05:30,56.82866917242328,56.82866917242328,53.89106358619545,54.43312072753906,43755880,0.0,0.0
2018-02-05 00:00:00+05:30,53.15666100864771,55.91940842285943,52.08128815457053,55.54346466064453,22629165,0.0,0.0
2018-02-06 00:00:00+05:30,52.46597810539939,56.47895684636102,51.72283525287146,55.77078628540039,25995605,0.0,0.0
2018-02-07 00:00:00+05:30,56.51392319900691,57.43192741290031,54.56426317342302,54.966434478759766,18262310,0.0,0.0
2018-02-08 00:00:00+05:30,54.905236488160156,57.353240025503396,54.66043713496814,56.50518035888672,18304790,0.0,0.0
2018-02-09 00:00:00+05:30,55.15004015169859,56.636325776807205,54.45935243853238,56.15547180175781,12850775,0.0,0.0
2018-02-12 00:00:00+05:30,55.954378174065646,58.34118505297707,55.80575095790839,57.31826400756836,16125245,0.0,0.0
2018-02-14 00:00:00+05:30,57.35323844407103,57.35323844407103,53.724948599435656,53.995975494384766,24081195,0.0,0.0
2018-02-15 00:00:00+05:30,53.856089871563725,55.42980949049007,52.92934757946373,54.267005920410156,25902660,0.0,0.0
2018-02-16 00:00:00+05:30,54.677926811190616,54.90524003453109,52.999293514066935,53.759925842285156,15997415,0.0,0.0
2018-02-19 00:00:00+05:30,53.856095820589374,54.01346779986555,50.035461290698386,53.1916389465332,37966880,0.0,0.0
2018-02-20 00:00:00+05:30,53.39271829297474,55.254950936857504,52.30860404776462,54.42437744140625,31124705,0.0,0.0
2018-02-21 00:00:00+05:30,55.027638029832836,55.08009646521243,53.15666385812916,54.50306701660156,16906105,0.0,0.0
2018-02-22 00:00:00+05:30,53.9784982040886,54.55552767622512,53.681240395100616,54.06592559814453,15410465,0.0,0.0
2018-02-23 00:00:00+05:30,54.529293024468906,55.35986655121162,54.20580768663013,54.87900924682617,12830865,0.0,0.0
2018-02-26 00:00:00+05:30,55.202493176712174,55.31615144635057,53.88232097450989,54.18832015991211,12756305,0.0,0.0
2018-02-27 00:00:00+05:30,53.85609044787118,53.94352116938099,51.28568726802086,51.68785858154297,32849580,0.0,0.0
2018-02-28 00:00:00+05:30,50.18408696480211,52.98180335624307,49.91305673025708,52.326087951660156,41381570,0.0,0.0
2018-03-01 00:00:00+05:30,50.71739899972339,52.40477356237449,50.50757193942226,50.76111602783203,41696000,0.0,0.0
2018-03-05 00:00:00+05:30,50.18408922087137,50.533802117952625,48.69780023663782,49.00379943847656,28141805,0.0,0.0
2018-03-06 00:00:00+05:30,49.55460582789819,49.8168913582645,46.16237007442172,46.853057861328125,25949565,0.0,0.0
2018-03-07 00:00:00+05:30,46.424648002817875,46.68693682537623,42.35921460999536,43.618186950683594,70458570,0.0,0.0
2018-03-08 00:00:00+05:30,43.967905669644736,44.58864880353458,41.96578710920902,43.91544723510742,61587785,0.0,0.0
2018-03-09 00:00:00+05:30,43.88921886147343,43.924191150508435,40.942871880665905,41.17018508911133,54237575,0.0,0.0
2018-03-12 00:00:00+05:30,41.10898371787151,42.33298377218288,39.377895496885614,41.720985412597656,76917905,0.0,0.0
2018-03-13 00:00:00+05:30,40.91664314425384,45.768936775358405,40.71555747445807,44.06407928466797,118938425,0.0,0.0
2018-03-14 00:00:00+05:30,43.3471648957789,45.63779663302984,42.201847359582786,45.39299392700195,98163865,0.0,0.0
2018-03-15 00:00:00+05:30,45.6377937366125,46.651966782530955,45.02579201309561,46.241050720214844,63622240,0.0,0.0
2018-03-16 00:00:00+05:30,45.917568154274946,47.67488411228226,45.54162435863187,46.922996520996094,66689090,0.0,0.0
2018-03-19 00:00:00+05:30,47.38636537677585,47.456306616243914,45.05201689388587,46.19733428955078,54840200,0.0,0.0
2018-03-20 00:00:00+05:30,43.71436336311933,45.27059363160119,43.71436336311933,44.44876480102539,71266420,0.0,0.0
2018-03-21 00:00:00+05:30,45.113219411679125,45.98750663543369,44.71104808918588,45.06076431274414,45771055,0.0,0.0
2018-03-22 00:00:00+05:30,45.28807954632516,45.28807954632516,44.32636489129499,44.52745056152344,27525255,0.0,0.0
2018-03-23 00:00:00+05:30,43.18978993125238,43.696874783747724,42.37670255117404,42.79636001586914,31412120,0.0,0.0
2018-03-26 00:00:00+05:30,42.910023164837405,48.05957493381828,42.35047647984385,47.29894256591797,83633610,0.0,0.0
2018-03-27 00:00:00+05:30,48.260658087831594,48.46174376020132,46.33722542214814,47.00168228149414,87887355,0.0,0.0
2018-03-28 00:00:00+05:30,46.30225418151167,47.762315693350295,45.89134142218886,46.14488220214844,61645695,0.0,0.0
2018-04-02 00:00:00+05:30,45.98750432736998,46.43339265678516,44.780990420443906,46.214820861816406,30959650,0.0,0.0
2018-04-03 00:00:00+05:30,46.52082350973698,47.718599436784416,46.18859675791204,47.01042556762695,40271890,0.0,0.0
2018-04-04 00:00:00+05:30,47.21150861467634,47.823510319302194,45.65527847203027,45.90007781982422,36101235,0.0,0.0
2018-04-05 00:00:00+05:30,46.68694114302383,50.787347202748585,46.512083023527545,49.50214385986328,49517280,0.0,0.0
2018-04-06 00:00:00+05:30,49.76442844346892,50.61248813936846,48.487969864691074,49.99174499511719,85737205,0.0,0.0
2018-04-09 00:00:00+05:30,49.98299789428711,51.05837409104503,49.0737417360616,49.98299789428711,57597845,0.0,0.0
2018-04-10 00:00:00+05:30,50.16660286371653,50.70866001974323,49.65951466265135,50.24528884887695,43662660,0.0,0.0
2018-04-11 00:00:00+05:30,49.83437232628768,50.00923044007481,48.6803134444902,49.064998626708984,35073790,0.0,0.0
2018-04-12 00:00:00+05:30,48.9251145852423,49.80814659122613,48.356829863655676,48.61037063598633,33880745,0.0,0.0
2018-04-13 00:00:00+05:30,48.96008438951209,50.18408783330632,48.66282660088441,49.65077209472656,40189280,0.0,0.0
2018-04-16 00:00:00+05:30,49.580829873248966,49.90431856178857,49.012545153510324,49.32728576660156,30552265,0.0,0.0
2018-04-17 00:00:00+05:30,49.83437339499247,49.956773076726,47.631169118365335,48.03334045410156,35304315,0.0,0.0
2018-04-18 00:00:00+05:30,48.505454589449826,49.38848654976695,47.96339744662037,48.48796844482422,44064745,0.0,0.0
2018-04-19 00:00:00+05:30,48.61910903283796,48.94259434508215,48.29562372059378,48.66282272338867,18772930,0.0,0.0
2018-04-20 00:00:00+05:30,48.43550942568956,48.47922311614483,44.65858920593303,45.235618591308594,59173045,0.0,0.0
2018-04-23 00:00:00+05:30,44.64110607409132,46.33722205821287,43.89795994565801,46.013736724853516,70913850,0.0,0.0
2018-04-24 00:00:00+05:30,45.987502738505206,46.31099138518392,45.069501898381475,45.235618591308594,31903995,0.0,0.0
2018-04-25 00:00:00+05:30,44.58864911945882,45.50665005194886,44.08156092076194,44.47499084472656,34071070,0.0,0.0
2018-04-26 00:00:00+05:30,44.44876077788119,44.711046267291685,43.78430398236521,44.35258865356445,26014930,0.0,0.0
2018-04-27 00:00:00+05:30,44.501219867187274,47.124081470318764,44.501219867187274,45.64653396606445,48107730,0.0,0.0
2018-04-30 00:00:00+05:30,45.81264970581028,46.81807796479285,45.174417127539314,46.503334045410156,26518845,0.0,0.0
2018-05-02 00:00:00+05:30,46.512081665096474,46.844311748922195,44.352591122941,44.82470703125,25628810,0.0,0.0
2018-05-03 00:00:00+05:30,44.74601910332416,45.725219832182894,44.22144811807794,45.008304595947266,30373140,0.0,0.0
2018-05-04 00:00:00+05:30,44.938368077954905,45.69025234647028,44.27390786931539,44.693565368652344,26048520,0.0,0.0
2018-05-07 00:00:00+05:30,45.09573414289264,46.09242098999729,44.89464515747106,45.943790435791016,20560805,0.0,0.0
2018-05-08 00:00:00+05:30,46.09242418457338,47.561227008993,44.75476244456982,45.830135345458984,45057015,0.0,0.0
2018-05-09 00:00:00+05:30,45.71648250419498,46.013740311711906,44.93836736146747,45.1044807434082,27862875,0.0,0.0
2018-05-10 00:00:00+05:30,45.39298780206938,45.725217857116746,43.16355620836008,43.46955871582031,31143200,0.0,0.0
2018-05-11 00:00:00+05:30,42.18435595284898,43.74933078759574,42.18435595284898,43.1373291015625,47006970,0.0,0.0
2018-05-14 00:00:00+05:30,41.6248164769616,45.20065146036213,41.607330331756906,43.600704193115234,113164480,0.0,0.0
2018-05-15 00:00:00+05:30,43.37338497706687,44.25641350936062,42.01824059496502,42.31549835205078,54374660,0.0,0.0
2018-05-16 00:00:00+05:30,42.09693419087456,43.084876423595745,41.10898862301205,42.140647888183594,53292865,0.0,0.0
2018-05-17 00:00:00+05:30,42.6302423559364,42.72641448144932,41.677269175617226,41.948299407958984,31552515,0.0,0.0
2018-05-18 00:00:00+05:30,41.96578522396335,42.10567104130426,41.004070646637246,41.213897705078125,27489580,0.0,0.0
2018-05-21 00:00:00+05:30,42.088189469820946,43.67939206562425,41.11773004746085,42.9537353515625,45726525,0.0,0.0
2018-05-22 00:00:00+05:30,42.84007514192941,44.23019199932828,42.02698773466925,42.96247482299805,47186360,0.0,0.0
2018-05-23 00:00:00+05:30,42.6040177364913,44.833449580208104,41.78218891357338,42.437904357910156,58802890,0.0,0.0
2018-05-24 00:00:00+05:30,42.66521495169009,43.43458862619498,42.04447183635979,42.85755920410156,38361395,0.0,0.0
2018-05-25 00:00:00+05:30,42.8925345589133,44.76350877838246,42.700190292752126,44.27390670776367,30024225,0.0,0.0
2018-05-28 00:00:00+05:30,44.63236209546753,46.94047983203083,44.413790289578714,46.241050720214844,50940175,0.0,0.0
2018-05-29 00:00:00+05:30,46.09242589219946,46.14488099385278,44.62362301336382,44.91213607788086,36910165,0.0,0.0
2018-05-30 00:00:00+05:30,43.897956783229866,45.200646097727436,43.79304325958991,44.789730072021484,43758990,0.0,0.0
2018-05-31 00:00:00+05:30,44.93836443063228,45.37550804052115,44.11653230955092,44.96459197998047,32069220,0.0,0.0
2018-06-01 00:00:00+05:30,45.44545230688799,45.90008209163158,44.16899368153557,44.754764556884766,37980850,0.0,0.0
2018-06-04 00:00:00+05:30,44.93836498944802,45.410477559291586,44.09904671331712,44.26516342163086,28581255,0.0,0.0
2018-06-05 00:00:00+05:30,44.54493484394713,44.676075926798454,43.38213123218045,44.343849182128906,29908700,0.0,0.0
2018-06-06 00:00:00+05:30,44.5274513595296,45.85636842302815,43.99413558603741,45.56785202026367,38127585,0.0,0.0
2018-06-07 00:00:00+05:30,45.1656745952122,47.99836646377216,45.03453018703096,47.613677978515625,68098230,0.0,0.0
2018-06-08 00:00:00+05:30,47.194025665108896,48.575401130059944,46.8792817194167,48.30437088012695,52204255,0.0,0.0
2018-06-11 00:00:00+05:30,48.30437010012765,49.414715297216304,47.65739607385841,48.077056884765625,36210510,0.0,0.0
2018-06-12 00:00:00+05:30,47.771053991979905,49.13494327937924,47.771053991979905,48.872657775878906,33323710,0.0,0.0
2018-06-13 00:00:00+05:30,49.04751356108799,49.67700145051685,48.645342225126754,49.02128601074219,29915360,0.0,0.0
2018-06-14 00:00:00+05:30,48.91636766688631,48.91636766688631,47.6748781553155,48.5229377746582,29700810,0.0,0.0
2018-06-15 00:00:00+05:30,48.55791741693823,48.7415169494079,46.83557036959733,47.15031433105469,32881975,0.0,0.0
2018-06-18 00:00:00+05:30,46.949223434942276,47.500025306282424,46.57327967110673,46.8093376159668,17696505,0.0,0.0
2018-06-19 00:00:00+05:30,46.61699759337855,47.176540920043294,45.24436682792245,45.83888244628906,27546035,0.0,0.0
2018-06-20 00:00:00+05:30,45.92630581144444,46.328480460451956,45.4541932554512,45.742706298828125,20588180,0.0,0.0
2018-06-21 00:00:00+05:30,45.83013648264836,46.09242532827097,44.50122278485717,44.606136322021484,21422810,0.0,0.0
2018-06-22 00:00:00+05:30,44.71105054854037,45.795168233090564,44.238934621310065,45.35802459716797,25124165,0.0,0.0
2018-06-25 00:00:00+05:30,45.279336148788055,45.53288024427931,43.399617282409515,43.70561981201172,21113215,0.0,0.0
2018-06-26 00:00:00+05:30,43.53076534685957,44.658596761169555,43.27722123012792,44.2476806640625,26638330,0.0,0.0
2018-06-27 00:00:00+05:30,44.099050547297324,44.23893638295733,42.17562114075767,43.2772216796875,29928370,0.0,0.0
2018-06-28 00:00:00+05:30,43.5395041505988,44.11653359911351,42.73516148575939,43.50453186035156,31211815,0.0,0.0
2018-06-29 00:00:00+05:30,43.959162638311135,44.728536365724466,43.54824989145755,43.98539352416992,26348445,0.0,0.0
2018-07-02 00:00:00+05:30,43.871734668239455,44.32636444049192,42.09693261003826,43.52201843261719,36346275,0.0,0.0
2018-07-03 00:00:00+05:30,43.21601748056424,44.04659100523083,42.63898804971584,42.79636001586914,33217280,0.0,0.0
2018-07-04 00:00:00+05:30,42.80510099265317,43.128589661590375,42.3155022896408,42.778873443603516,29267850,0.0,0.0
2018-07-05 00:00:00+05:30,43.01492988741466,43.41710118944786,42.455386626300466,42.63024139404297,23444550,0.0,0.0
2018-07-06 00:00:00+05:30,42.94498629042869,43.88921806642278,42.630242365097324,43.303443908691406,30021495,0.0,0.0
2018-07-09 00:00:00+05:30,43.985391629428285,44.221449581141336,42.85756030517961,43.64441680908203,31070870,0.0,0.0
2018-07-10 00:00:00+05:30,43.69687757794636,44.53619256100659,43.62693633026198,43.82802200317383,21957555,0.0,0.0
2018-07-11 00:00:00+05:30,43.8455070412092,43.92419302732958,42.6302449588742,42.8837890625,20908415,0.0,0.0
2018-07-12 00:00:00+05:30,43.172308605772166,43.73185195449131,41.55487506979311,42.3067626953125,25316680,0.0,0.0
2018-07-13 00:00:00+05:30,42.30675921138609,42.30675921138609,40.2609269266409,40.52321243286133,37051930,0.0,0.0
2018-07-16 00:00:00+05:30,40.392071278127794,40.392071278127794,37.86538168044999,38.879554748535156,27145930,0.0,0.0
2018-07-17 00:00:00+05:30,38.783379016341556,41.26635468831621,38.6172623211725,41.04778289794922,39871955,0.0,0.0
2018-07-18 00:00:00+05:30,41.26636162763869,41.633560696335564,39.15058460682538,39.8325309753418,32308990,0.0,0.0
2018-07-19 00:00:00+05:30,39.95492728349906,41.686015607584366,39.36041169723044,40.68058395385742,40326590,0.0,0.0
2018-07-20 00:00:00+05:30,40.5407003091589,41.68601784857035,40.18224265715094,41.406246185302734,27864860,0.0,0.0
2018-07-23 00:00:00+05:30,41.406243531772304,43.39961733859349,40.75926951746413,43.18104553222656,31041220,0.0,0.0
2018-07-24 00:00:00+05:30,43.15481887413727,44.45750499931412,42.875047223019784,44.20396423339844,31238395,0.0,0.0
2018-07-25 00:00:00+05:30,44.39630681999296,46.118653821422086,43.277220173656744,45.27933883666992,41729895,0.0,0.0
2018-07-26 00:00:00+05:30,46.861795668786826,49.18739964037303,45.93505331031052,48.76774215698242,121093530,0.0,0.0
2018-07-27 00:00:00+05:30,48.654082763126006,49.397225529962896,47.85848156498711,48.82893753051758,42522130,0.0,0.0
2018-07-30 00:00:00+05:30,48.960085029452,51.16328925599428,48.960085029452,50.595001220703125,41842570,0.0,0.0
2018-07-31 00:00:00+05:30,50.18408803991057,50.69117289604479,49.1524288477873,49.746944427490234,33056200,0.0,0.0
2018-08-01 00:00:00+05:30,49.83437159273546,50.51631455781196,49.021284210463755,49.82563018798828,31315995,0.0,0.0
2018-08-02 00:00:00+05:30,49.397231545711904,49.72071690695045,48.522944261717,48.91637420654297,28680590,0.0,0.0
2018-08-03 00:00:00+05:30,48.96882641473648,51.10208939608565,48.82894059097106,50.769859313964844,38627350,0.0,0.0
2018-08-06 00:00:00+05:30,51.05837556952996,52.08129002783181,50.586259664863974,51.48677444458008,36560925,0.0,0.0
2018-08-07 00:00:00+05:30,51.48677482639031,51.86271860491506,50.192830116523716,50.51631546020508,28539070,0.0,0.0
2018-08-08 00:00:00+05:30,50.51631950539974,51.39060681195296,50.09666199847117,50.4376335144043,24545635,0.0,0.0
2018-08-09 00:00:00+05:30,50.866032921626044,52.85940680200852,50.62123355670643,51.749061584472656,46520645,0.0,0.0
2018-08-10 00:00:00+05:30,51.43431667188708,51.61791618022283,49.12619570297976,49.37099838256836,34650640,0.0,0.0
2018-08-13 00:00:00+05:30,48.69780213500123,48.96008765182202,46.74814190194028,47.194026947021484,32175770,0.0,0.0
2018-08-14 00:00:00+05:30,47.21151033608166,47.85848435259375,46.79185286664453,47.32516860961914,27927640,0.0,0.0
2018-08-16 00:00:00+05:30,46.7044165156086,48.208191434600884,46.25853155028498,46.791847229003906,34824615,0.0,0.0
2018-08-17 00:00:00+05:30,47.211512201804425,48.654087519804946,47.211512201804425,48.4967155456543,33498535,0.0,0.0
2018-08-20 00:00:00+05:30,48.78522595916065,50.56877267926162,48.72402612088532,50.271514892578125,27357425,0.0,0.0
2018-08-21 00:00:00+05:30,50.56877426193647,50.673687797243275,49.2660848025741,49.7207145690918,27584780,0.0,0.0
2018-08-23 00:00:00+05:30,49.65951289735356,49.83437100650987,48.2956269832446,49.18739700317383,31095755,0.0,0.0
2018-08-24 00:00:00+05:30,48.85516935993487,49.746942698494976,48.03333726265779,48.32185363769531,29317600,0.0,0.0
2018-08-27 00:00:00+05:30,48.84642710573957,50.35020222396158,48.636600036073006,49.799400329589844,34458810,0.0,0.0
2018-08-28 00:00:00+05:30,49.83437295182284,49.97425877758021,47.6661409850131,48.01585388183594,30351230,0.0,0.0
2018-08-29 00:00:00+05:30,48.36557300793758,49.90432051848655,48.21694576830096,49.318546295166016,34500315,0.0,0.0
2018-08-30 00:00:00+05:30,49.13494658037965,50.58626335473491,48.65408923580039,50.03546142578125,33801920,0.0,0.0
2018-08-31 00:00:00+05:30,49.65077317374361,50.14037189378846,48.470483398333016,49.607059478759766,35748920,0.0,0.0
2018-09-03 00:00:00+05:30,49.92180237556742,51.1895195991448,49.327286758098595,49.80814743041992,41724510,0.0,0.0
2018-09-04 00:00:00+05:30,49.95677230972407,50.01797214965122,47.15031107258107,47.4563102722168,41905000,0.0,0.0
2018-09-05 00:00:00+05:30,47.2552273333898,47.78854311364063,45.70773843066146,46.84431457519531,39886665,0.0,0.0
2018-09-06 00:00:00+05:30,47.211507833000944,47.81476478799411,46.54705104207257,47.02790832519531,39063930,0.0,0.0
2018-09-07 00:00:00+05:30,47.38637141455588,47.66614307835729,46.241053872959235,47.290199279785156,30655205,0.0,0.0
2018-09-10 00:00:00+05:30,46.8617955791571,47.38636993374795,45.95253936778714,46.310997009277344,32835415,0.0,0.0
2018-09-11 00:00:00+05:30,46.33722033205362,47.13282152887758,45.63779125822061,45.943790435791016,40966775,0.0,0.0
2018-09-12 00:00:00+05:30,46.14487836981556,46.65196655790372,44.990819507090656,46.31973648071289,35535110,0.0,0.0
2018-09-14 00:00:00+05:30,46.97544924747959,47.421337571892614,46.74813605072417,47.089107513427734,22706515,0.0,0.0
2018-09-17 00:00:00+05:30,46.64322386342362,47.47379742525235,46.127394247983986,46.77436828613281,25374650,0.0,0.0
2018-09-18 00:00:00+05:30,45.95253937467213,46.16236644842694,42.71767586053812,43.15481948852539,66702575,0.0,0.0
2018-09-19 00:00:00+05:30,43.61819242249729,44.16899434976953,42.84007726698487,43.04990768432617,40847325,0.0,0.0
2018-09-21 00:00:00+05:30,43.41710591143533,43.976649233404714,36.59766583843621,41.85213088989258,43146030,0.0,0.0
2018-09-24 00:00:00+05:30,42.40293416536304,42.40293416536304,40.27841575377168,40.74178695678711,32994095,0.0,0.0
2018-09-25 00:00:00+05:30,40.549440556454,41.458696693750326,38.71343546767021,40.8292121887207,42555800,0.0,0.0
2018-09-26 00:00:00+05:30,41.266359756990546,41.616072663447845,40.444527589776314,41.11772918701172,30046825,0.0,0.0
2018-09-27 00:00:00+05:30,41.388758420506825,41.4149859706806,39.65767007107315,39.806297302246094,25525725,0.0,0.0
2018-09-28 00:00:00+05:30,40.56692717329846,40.74178194414793,38.23257862887911,38.61726379394531,41898190,0.0,0.0
2018-10-01 00:00:00+05:30,38.29377923821884,41.09149898508245,37.340806043244264,40.70681381225586,48940135,0.0,0.0
2018-10-03 00:00:00+05:30,40.217211788763855,41.94830006988938,40.00738139022999,40.53195571899414,42378265,0.0,0.0
2018-10-04 00:00:00+05:30,39.876241635645506,40.91664225282866,39.43035327460905,40.05984115600586,31561015,0.0,0.0
2018-10-05 00:00:00+05:30,39.954927726484385,40.45327118886106,37.59435150014474,38.35498046875,33996520,0.0,0.0
2018-10-08 00:00:00+05:30,38.27629437762431,38.547324623225094,36.89492226989466,37.89160919189453,39237065,0.0,0.0
2018-10-09 00:00:00+05:30,38.451150808148384,38.451150808148384,36.92989294179925,37.80418014526367,32271225,0.0,0.0
2018-10-10 00:00:00+05:30,37.7692095938625,41.23138627838843,37.74297870865621,40.69807052612305,40507190,0.0,0.0
2018-10-11 00:00:00+05:30,38.11892108975638,40.39206984088488,38.11892108975638,39.3691520690918,32752595,0.0,0.0
2018-10-12 00:00:00+05:30,40.217215606508354,40.942875662884944,39.96367149029427,40.35710144042969,24690540,0.0,0.0
2018-10-15 00:00:00+05:30,40.39206847022068,40.71555379367952,39.55275357604271,40.190982818603516,24736160,0.0,0.0
2018-10-16 00:00:00+05:30,40.50573051761146,41.75595823604913,40.21721411979729,41.371273040771484,24047555,0.0,0.0
2018-10-17 00:00:00+05:30,42.13189830589359,42.13189830589359,38.16263701491672,38.58229446411133,35639570,0.0,0.0
2018-10-19 00:00:00+05:30,38.46864314586513,39.46533018465808,37.874127484981344,38.64350128173828,32304510,0.0,0.0
2018-10-22 00:00:00+05:30,39.34292468861156,39.58772404165112,36.59766336618434,36.9473762512207,42792360,0.0,0.0
2018-10-23 00:00:00+05:30,36.37909123698878,37.10474788492631,35.802061813455666,36.38783264160156,31257525,0.0,0.0
2018-10-24 00:00:00+05:30,37.157208342905946,37.594351970469546,35.96817714231037,37.19218063354492,29768370,0.0,0.0
2018-10-25 00:00:00+05:30,36.72006665852,37.55064026187194,36.37035040390611,37.008583068847656,23574315,0.0,0.0
2018-10-26 00:00:00+05:30,37.419491045853505,37.73423496771525,36.58891754874967,37.16594696044922,28380855,0.0,0.0
2018-10-29 00:00:00+05:30,37.33206523982856,41.965786873405534,37.08726254850442,41.65104293823242,55402585,0.0,0.0
2018-10-30 00:00:00+05:30,41.44121596343906,46.10990989686376,41.24012696596726,44.807220458984375,108004580,0.0,0.0
2018-10-31 00:00:00+05:30,45.28807968175406,46.03122585844624,43.67939097997468,45.80390930175781,60903790,0.0,0.0
2018-11-01 00:00:00+05:30,45.8126489490525,46.31099236812955,43.635672432709974,44.02910232543945,78716475,0.0,0.0
2018-11-02 00:00:00+05:30,44.57116314901181,44.97333447946544,42.332986611247904,42.577789306640625,52208895,0.0,0.0
2018-11-05 00:00:00+05:30,42.47287736385571,43.487050468100655,42.1406472659582,43.01493453979492,28066295,0.0,0.0
2018-11-06 00:00:00+05:30,43.16355651840927,43.452072884503586,42.009497724313746,42.324241638183594,21493505,0.0,0.0
2018-11-07 00:00:00+05:30,42.66521800679417,42.77887628546153,42.33298791115027,42.45539093017578,3000990,0.0,0.0
2018-11-09 00:00:00+05:30,42.4903576221532,44.099046242789825,42.08818630077931,43.08487319946289,35163265,0.0,0.0
2018-11-12 00:00:00+05:30,43.15482154605227,43.30344878578638,41.441219243075295,41.63356018066406,25233405,0.0,0.0
2018-11-13 00:00:00+05:30,41.44121761162405,43.01493401842748,41.039042935826394,42.53407669067383,30642030,0.0,0.0
2018-11-14 00:00:00+05:30,43.01493404835546,45.008307942683956,42.682703954253626,44.177734375,52099655,0.0,0.0
2018-11-15 00:00:00+05:30,44.23018895830507,45.3667616352652,43.36464317503656,44.70230484008789,37142695,0.0,0.0
2018-11-16 00:00:00+05:30,44.66733751819714,46.582025471445135,43.871736222357136,46.10991287231445,50716670,0.0,0.0
2018-11-19 00:00:00+05:30,46.6519679940073,46.818081370145705,45.331792384477026,45.65528106689453,33185710,0.0,0.0
2018-11-20 00:00:00+05:30,44.6585953045602,46.20608083587583,44.64985056419048,44.91213607788086,38218345,0.0,0.0
2018-11-21 00:00:00+05:30,44.920882858227536,46.31974121819629,44.8509382726584,46.00499725341797,39039015,0.0,0.0
2018-11-22 00:00:00+05:30,46.21482350549836,46.249795795127746,45.043278484042894,45.62030792236328,36977215,0.0,0.0
2018-11-26 00:00:00+05:30,46.03122452654791,46.32848232159547,44.90339318635498,46.101165771484375,31889005,0.0,0.0
2018-11-27 00:00:00+05:30,46.03122730194421,47.1153416773834,45.75145563504756,46.783111572265625,45819380,0.0,0.0
2018-11-28 00:00:00+05:30,46.99293704177323,47.56122505633479,45.524134277656295,45.82139205932617,36700565,0.0,0.0
2018-11-29 00:00:00+05:30,46.30224936684733,46.73065156282084,45.49790674275468,45.64653396606445,26636995,0.0,0.0
2018-11-30 00:00:00+05:30,45.97002430338689,46.16236522671486,44.413790761042776,44.72853469848633,27880215,0.0,0.0
2018-12-03 00:00:00+05:30,45.1044807434082,45.79516849251244,44.54493741988017,45.1044807434082,34628175,0.0,0.0
2018-12-04 00:00:00+05:30,45.09573951035513,45.18316690431235,44.14276624159971,44.38756561279297,24394505,0.0,0.0
2018-12-05 00:00:00+05:30,44.011618695103124,44.75476149647464,43.75807460140562,44.15150451660156,27936700,0.0,0.0
2018-12-06 00:00:00+05:30,43.88921748439789,43.959158725132355,42.61275899094009,42.99744415283203,26342895,0.0,0.0
2018-12-07 00:00:00+05:30,43.32967501393383,44.1864760733016,42.22807126964597,43.22475814819336,28399790,0.0,0.0
2018-12-10 00:00:00+05:30,41.96579018817485,43.0499079021649,41.85213190590896,42.15813446044922,19080645,0.0,0.0
2018-12-11 00:00:00+05:30,41.09150257361478,43.784309023987596,41.09150257361478,43.41710662841797,35394165,0.0,0.0
2018-12-12 00:00:00+05:30,44.06407861293722,45.331792453839704,43.71436237984202,45.130706787109375,36146760,0.0,0.0
2018-12-13 00:00:00+05:30,45.46293280481662,46.144875729643786,44.72853144917933,45.384246826171875,32071435,0.0,0.0
2018-12-14 00:00:00+05:30,45.218136233656566,46.756880278431225,44.97333354335933,46.59076690673828,33201865,0.0,0.0
2018-12-17 00:00:00+05:30,46.643222453565116,46.94048024559853,46.03122405979731,46.43339538574219,16318285,0.0,0.0
2018-12-18 00:00:00+05:30,46.25853551328438,47.44756663620005,46.06619126247715,47.06288146972656,27759915,0.0,0.0
2018-12-19 00:00:00+05:30,47.63116555351516,48.505452740624776,47.40385235232867,47.95465087890625,31668715,0.0,0.0
2018-12-20 00:00:00+05:30,47.587449416554364,48.48796410577148,46.56453172591153,46.94047546386719,36016400,0.0,0.0
2018-12-21 00:00:00+05:30,47.2115080870866,47.604937988173845,46.13613524754209,46.42464828491211,22548060,0.0,0.0
2018-12-24 00:00:00+05:30,46.35470853076393,47.21150960108522,45.90007877883285,46.573280334472656,21820585,0.0,0.0
2018-12-26 00:00:00+05:30,46.51208016143226,47.83225237886777,45.40173500636772,47.36888122558594,23579545,0.0,0.0
2018-12-27 00:00:00+05:30,47.66614216361311,48.03334121462767,47.228998530419815,47.604942321777344,25010455,0.0,0.0
2018-12-28 00:00:00+05:30,47.98088257641549,48.78522520133443,47.64865250583805,48.514198303222656,26018830,0.0,0.0
2018-12-31 00:00:00+05:30,48.91637178306333,49.23985712827534,47.954653817230856,48.094539642333984,21292440,0.0,0.0
2019-01-01 00:00:00+05:30,48.34808292186612,49.55460022736339,47.96339774314777,49.22237014770508,27095355,0.0,0.0
2019-01-02 00:00:00+05:30,48.99505759288027,49.607059326195305,47.840998706122164,48.15574264526367,28222815,0.0,0.0
2019-01-03 00:00:00+05:30,48.243172917350165,48.6803165622445,47.797284531878795,48.313114166259766,19967195,0.0,0.0
2019-01-04 00:00:00+05:30,48.61036818465874,49.92179901699818,47.9459113637355,49.475914001464844,30690280,0.0,0.0
2019-01-07 00:00:00+05:30,49.78191509070401,50.087917630987434,48.40928436739541,48.65408706665039,17759875,0.0,0.0
2019-01-08 00:00:00+05:30,48.59288669116571,50.7086602237726,48.44425612520193,50.341461181640625,27864940,0.0,0.0
2019-01-09 00:00:00+05:30,50.53380100597157,50.68243156869494,48.33934153573072,49.04751205444336,32093545,0.0,0.0
2019-01-10 00:00:00+05:30,49.09122928790872,49.510886758000765,48.66282707783955,49.14368438720703,16797210,0.0,0.0
2019-01-11 00:00:00+05:30,49.292316362476456,49.36225760859131,48.34808452636696,48.65408706665039,15197735,0.0,0.0
2019-01-14 00:00:00+05:30,48.65408766738173,49.21363098377402,48.11202716137812,48.61037063598633,18157035,0.0,0.0
2019-01-15 00:00:00+05:30,49.09123120506888,49.09123120506888,47.84974155598088,48.14699935913086,16436760,0.0,0.0
2019-01-16 00:00:00+05:30,48.304371333453865,49.10871401542367,48.00711353030388,48.14699935913086,19400930,0.0,0.0
2019-01-17 00:00:00+05:30,48.2431719192552,48.487971288086186,47.19402652618612,48.164485931396484,17894640,0.0,0.0
2019-01-18 00:00:00+05:30,48.514201214021256,48.57540105501784,47.53499708779355,47.666141510009766,13102490,0.0,0.0
2019-01-21 00:00:00+05:30,47.91093884596304,48.34808245465822,46.40716709994756,46.861793518066406,16934060,0.0,0.0
2019-01-22 00:00:00+05:30,46.686939090633565,47.05413812380634,45.725221143252384,46.066192626953125,15186460,0.0,0.0
2019-01-23 00:00:00+05:30,46.07493790833789,46.3372234115638,45.24436436883824,45.541622161865234,18252770,0.0,0.0
2019-01-24 00:00:00+05:30,45.550364545301065,46.127393998850806,45.01705212251241,45.865108489990234,18502120,0.0,0.0
2019-01-25 00:00:00+05:30,46.1623654801762,46.33722359473172,43.58321746212045,44.47499084472656,20197460,0.0,0.0
2019-01-28 00:00:00+05:30,44.76350753522854,45.80390815436598,41.563616357352686,42.03573226928711,53008935,0.0,0.0
2019-01-29 00:00:00+05:30,42.298012534825155,44.3788135153003,42.00075477545146,43.0673828125,49078250,0.0,0.0
2019-01-30 00:00:00+05:30,43.364644143870166,44.03784569364361,42.87504544231931,43.67064666748047,22086550,0.0,0.0
2019-01-31 00:00:00+05:30,44.00287414193945,44.10778766677136,42.97995643562064,43.74058532714844,22610500,0.0,0.0
2019-02-01 00:00:00+05:30,44.06407914522633,44.134020391605546,41.1089872788123,41.62481689453125,29423225,0.0,0.0
2019-02-04 00:00:00+05:30,41.79093231701947,41.84339075572566,40.27841568664224,41.09150314331055,24977955,0.0,0.0
2019-02-05 00:00:00+05:30,41.26635646433253,41.554869505760706,40.14726658159451,40.418296813964844,21810865,0.0,0.0
2019-02-06 00:00:00+05:30,40.65435401314338,41.43246907246057,39.61395346593088,41.1964111328125,21624295,0.0,0.0
2019-02-07 00:00:00+05:30,41.27510068250252,42.22807392788446,40.899156894452865,41.44995880126953,24444605,0.0,0.0
2019-02-08 00:00:00+05:30,41.26635744491357,41.29258499426454,39.67515497156063,39.91121292114258,20860145,0.0,0.0
2019-02-11 00:00:00+05:30,39.99863758087158,40.129781988963565,39.13309182477436,39.34292221069336,15752240,0.0,0.0
2019-02-12 00:00:00+05:30,39.34292875551205,39.7975585546816,38.43366915717295,38.57355499267578,20842975,0.0,0.0
2019-02-14 00:00:00+05:30,38.3986934350722,39.517783354288795,38.136407933822134,39.1156120300293,29247355,0.0,0.0
2019-02-15 00:00:00+05:30,39.11561292091142,39.14184047109144,37.29709384522974,37.638065338134766,26143535,0.0,0.0
2019-02-18 00:00:00+05:30,37.85663892835135,37.996524761118,37.20966820248359,37.35829544067383,16009900,0.0,0.0
2019-02-19 00:00:00+05:30,37.57686426849655,38.71343698605018,37.358292463769274,37.56812286376953,31105065,0.0,0.0
2019-02-20 00:00:00+05:30,37.856634096166474,38.43366349956704,37.72549302070415,38.215091705322266,18224190,0.0,0.0
2019-02-21 00:00:00+05:30,39.342924412418206,39.342924412418206,38.52983704108362,38.73092269897461,22249905,0.0,0.0
2019-02-22 00:00:00+05:30,38.730924833483215,39.12435476631801,38.22383995849487,38.818355560302734,17023350,0.0,0.0
2019-02-25 00:00:00+05:30,39.13309145662583,39.13309145662583,38.71343402387664,38.95823669433594,11592130,0.0,0.0
2019-02-26 00:00:00+05:30,38.29377941615652,38.56480965392573,37.30583392765952,38.11017990112305,23055975,0.0,0.0
2019-02-27 00:00:00+05:30,38.29378088991763,40.6630985374135,38.29378088991763,40.42704391479492,65408440,0.0,0.0
2019-02-28 00:00:00+05:30,40.234698579298545,40.8991554042333,40.05984046690274,40.47075653076172,27671285,0.0,0.0
2019-03-01 00:00:00+05:30,40.689332272371246,42.72641997362874,40.65435997948184,42.38544845581055,34222670,0.0,0.0
2019-03-05 00:00:00+05:30,42.647730405160274,44.58864914089129,42.35047261081535,44.300132751464844,32042530,0.0,0.0
2019-03-06 00:00:00+05:30,44.57990801492653,45.02579304166342,43.889220292105975,44.20396423339844,24709125,0.0,0.0
2019-03-07 00:00:00+05:30,44.22144626900749,45.279332934932896,43.53950001453304,44.99956130981445,27244315,0.0,0.0
2019-03-08 00:00:00+05:30,44.6323634691099,45.16567922551494,44.212705989104585,44.41379165649414,18233090,0.0,0.0
2019-03-11 00:00:00+05:30,44.74602051081513,45.97876536654675,44.702306816526416,45.34927749633789,23570270,0.0,0.0
2019-03-12 00:00:00+05:30,45.97002644103437,46.092426125700534,44.60613709373727,44.83345031738281,21102355,0.0,0.0
2019-03-13 00:00:00+05:30,44.798479037694214,46.14487883433275,44.37007682844029,45.98750686645508,35280355,0.0,0.0
2019-03-14 00:00:00+05:30,46.29350990158012,46.51208171099727,45.21813699946469,45.812652587890625,29336995,0.0,0.0
2019-03-15 00:00:00+05:30,46.109911938849756,47.18528487727154,45.83888168537126,46.26728057861328,28229285,0.0,0.0
2019-03-18 00:00:00+05:30,46.59951205513458,47.82351559952936,45.80391075182038,47.59619903564453,28420070,0.0,0.0
2019-03-19 00:00:00+05:30,47.75356562724375,49.25734066894992,47.517507684524226,48.32185363769531,40945845,0.0,0.0
2019-03-20 00:00:00+05:30,48.26065530469241,48.654085221484195,47.709853421183915,48.29562759399414,26229050,0.0,0.0
2019-03-22 00:00:00+05:30,48.41802757228888,48.6803130733996,47.36013749275456,47.51750946044922,20546165,0.0,0.0
2019-03-25 00:00:00+05:30,46.86179054865768,47.613678041592415,46.54704997185925,47.24647903442383,15620630,0.0,0.0
2019-03-26 00:00:00+05:30,47.368885064110415,49.53711711677832,47.26397152442329,49.169918060302734,31467320,0.0,0.0
2019-03-27 00:00:00+05:30,49.30980243160889,50.27151707640538,48.83768651428354,50.00923156738281,34242130,0.0,0.0
2019-03-28 00:00:00+05:30,49.6595139624546,52.457233763538184,49.6595139624546,51.836490631103516,51851150,0.0,0.0
2019-04-01 00:00:00+05:30,51.23322976963599,52.82443224358785,51.05837499370894,51.35563278198242,29710805,0.0,0.0
2019-04-02 00:00:00+05:30,51.53923408498935,52.17746337764962,50.88351864710181,51.73157501220703,32072465,0.0,0.0
2019-04-03 00:00:00+05:30,51.93266264832971,52.54466103947595,49.51962803271476,49.860599517822266,31224010,0.0,0.0
2019-04-04 00:00:00+05:30,50.00048654656335,50.69991901355322,49.09123034273065,49.27482986450195,37448010,0.0,0.0
2019-04-05 00:00:00+05:30,49.572086670019345,49.79939988264152,48.63659959956078,48.95134353637695,22405215,0.0,0.0
2019-04-08 00:00:00+05:30,49.099972486351206,49.72946038205482,47.58745592374444,47.85848617553711,27781145,0.0,0.0
2019-04-09 00:00:00+05:30,48.04208481467443,50.44637474017083,47.596196451721504,50.166603088378906,42796640,0.0,0.0
2019-04-10 00:00:00+05:30,49.694488433205755,50.15785961787636,49.02128683680925,49.231117248535156,28124160,0.0,0.0
2019-04-11 00:00:00+05:30,49.22237059560329,49.57208682317754,48.55791376538155,49.064998626708984,23099855,0.0,0.0
2019-04-12 00:00:00+05:30,48.960087701207364,49.974260813041006,48.64534374664842,49.80814743041992,21937825,0.0,0.0
2019-04-15 00:00:00+05:30,49.94803343736926,50.2715187984064,48.90762943557267,49.09123229980469,20396745,0.0,0.0
2019-04-16 00:00:00+05:30,49.34476622574304,49.64202399424743,48.68030945004308,48.96882247924805,15075645,0.0,0.0
2019-04-18 00:00:00+05:30,49.09997212421747,49.17865811060008,47.762313690854334,48.47922897338867,19828390,0.0,0.0
2019-04-22 00:00:00+05:30,48.085799172659904,48.120771463401184,46.42465204900244,46.77436828613281,20750575,0.0,0.0
2019-04-23 00:00:00+05:30,46.84431423283333,47.94591474215869,46.56453923389061,47.290199279785156,23380380,0.0,0.0
2019-04-24 00:00:00+05:30,47.29019727723654,47.98088500212274,46.818081363885874,47.82351303100586,15942460,0.0,0.0
2019-04-25 00:00:00+05:30,47.73608088977084,48.10328325653518,47.29019587492244,47.482540130615234,14287700,0.0,0.0
2019-04-26 00:00:00+05:30,47.63116834404584,47.928426138483964,47.0366527551696,47.806026458740234,17290020,0.0,0.0
2019-04-30 00:00:00+05:30,47.91093976606039,48.024598040343356,44.457504524019384,45.541622161865234,32859735,0.0,0.0
2019-05-02 00:00:00+05:30,45.375509340228945,46.60825422201989,45.0869929485705,45.84762191772461,22395270,0.0,0.0
2019-05-03 00:00:00+05:30,46.066194629808614,47.15905370720611,45.92630880130738,46.695682525634766,21268160,0.0,0.0
2019-05-06 00:00:00+05:30,45.80390751199118,46.85305285652916,45.60282184901874,46.43339538574219,17474950,0.0,0.0
2019-05-07 00:00:00+05:30,46.7393972536705,46.99294136565866,44.676078736365014,45.025794982910156,18567300,0.0,0.0
2019-05-08 00:00:00+05:30,44.92087657440776,45.882591145462804,44.509960529524136,44.89464569091797,25965390,0.0,0.0
2019-05-09 00:00:00+05:30,44.76350166691086,45.40173087079386,44.62361585969186,44.92961502075195,15355320,0.0,0.0
2019-05-10 00:00:00+05:30,45.13070364866813,46.98419488598116,44.80721832339237,46.42464828491211,48699285,0.0,0.0
2019-05-13 00:00:00+05:30,45.90007969488691,46.62573969855,42.0532145387828,42.560302734375,66889905,0.0,0.0
2019-05-14 00:00:00+05:30,42.65647655957095,43.88922147269908,41.69475856473644,43.460819244384766,33201490,0.0,0.0
2019-05-15 00:00:00+05:30,43.53950196097013,43.81053219404417,42.36795697773481,42.58652877807617,20463595,0.0,0.0
2019-05-16 00:00:00+05:30,42.73516405320441,42.8138500434174,41.80841831682261,42.44664764404297,20977435,0.0,0.0
2019-05-17 00:00:00+05:30,42.40292923849291,43.259730295053785,42.14064374528301,42.93624496459961,19042380,0.0,0.0
2019-05-20 00:00:00+05:30,45.07825167359432,47.027911834949606,44.47499133843812,46.46836853027344,35988140,0.0,0.0
2019-05-21 00:00:00+05:30,46.49459560959412,47.19402473335615,44.9558482021765,45.46293640136719,29389275,0.0,0.0
2019-05-22 00:00:00+05:30,45.36676031710459,45.978761997729,44.60613141976013,44.99956130981445,29759445,0.0,0.0
2019-05-23 00:00:00+05:30,46.337220197254155,48.85516819086892,44.99081714957937,45.30556106567383,51990710,0.0,0.0
2019-05-24 00:00:00+05:30,45.72522561341036,48.57540410965991,45.60282592372015,48.26940155029297,42787370,0.0,0.0
2019-05-27 00:00:00+05:30,48.02459738242757,49.93054379364162,47.87596682037969,49.126197814941406,35552750,0.0,0.0
2019-05-28 00:00:00+05:30,49.353517817811586,49.729461616506626,48.3917998049312,49.09123229980469,29122400,0.0,0.0
2019-05-29 00:00:00+05:30,48.87265648718441,48.9425977298744,47.421339848600915,47.63991165161133,17397825,0.0,0.0
2019-05-30 00:00:00+05:30,47.73608061422352,48.085796834347924,46.896765688094206,47.57870864868164,25304670,0.0,0.0
2019-05-31 00:00:00+05:30,47.92842460584044,48.32185451753653,45.9962506713498,46.82682418823242,28097125,0.0,0.0
2019-06-03 00:00:00+05:30,46.68694094045374,47.78854141876053,46.31099715246733,47.58745574951172,19175205,0.0,0.0
2019-06-04 00:00:00+05:30,47.56122787243525,49.02128598331551,47.316425173827,48.03334045410156,36009670,0.0,0.0
2019-06-06 00:00:00+05:30,47.648655076884914,47.95465428001945,45.480423099291315,45.76893615722656,27261880,0.0,0.0
2019-06-07 00:00:00+05:30,45.76019178222892,46.49459315722821,45.034531811691345,45.978763580322266,24473765,0.0,0.0
2019-06-10 00:00:00+05:30,46.49459304640012,46.92299190196298,44.71104637777597,45.16567611694336,21311550,0.0,0.0
2019-06-11 00:00:00+05:30,45.44545186261405,47.10659900850931,45.113221766406745,46.88802719116211,27825600,0.0,0.0
2019-06-12 00:00:00+05:30,46.774364460433816,47.20276664912223,46.33722086734564,46.949222564697266,19244880,0.0,0.0
2019-06-13 00:00:00+05:30,46.879283546786674,47.03665552576718,44.29139396932701,45.85636901855469,37515055,0.0,0.0
2019-06-14 00:00:00+05:30,45.480423275274454,46.67819587736012,45.156937925688936,46.03996658325195,26440230,0.0,0.0
2019-06-17 00:00:00+05:30,46.14487963106502,46.42465128209115,44.990820736796934,45.20939254760742,20895495,0.0,0.0
2019-06-18 00:00:00+05:30,45.4279645381799,46.58202343701468,44.833448943611536,45.48042297363281,27648970,0.0,0.0
2019-06-19 00:00:00+05:30,45.8126529027369,46.39842375513281,44.55367713735153,45.0345344543457,26980550,0.0,0.0
2019-06-20 00:00:00+05:30,45.41922467356506,47.124085529481604,44.982081035388575,46.922996520996094,23587520,0.0,0.0
2019-06-21 00:00:00+05:30,46.59950670575158,47.648652004061866,46.43339333978266,47.33390808105469,23432730,0.0,0.0
2019-06-24 00:00:00+05:30,47.386371497933176,47.902201129313625,47.12408597955053,47.753570556640625,18050735,0.0,0.0
2019-06-25 00:00:00+05:30,47.63117061319687,48.33059977015413,47.386371242047154,48.00711441040039,15744470,0.0,0.0
2019-06-26 00:00:00+05:30,47.9808844163444,48.96008518622948,47.56122694353651,48.69779968261719,19160775,0.0,0.0
2019-06-27 00:00:00+05:30,48.98631273604837,49.22237068984177,48.30436975962819,48.69779968261719,21273335,0.0,0.0
2019-06-28 00:00:00+05:30,48.78522980191324,51.02340645060157,48.57540272133886,49.729461669921875,61752225,0.0,0.0
2019-07-01 00:00:00+05:30,50.06168603777667,50.29774399346714,49.23985723048259,49.895572662353516,35247480,0.0,0.0
2019-07-02 00:00:00+05:30,49.83437248972143,50.24528855819763,49.16991565732058,49.510887145996094,18419620,0.0,0.0
2019-07-03 00:00:00+05:30,49.64202973045342,50.63871667674235,49.27483068082749,50.31523132324219,23380215,0.0,0.0
2019-07-04 00:00:00+05:30,50.35894675803024,51.31192004109517,49.73820358024573,50.21031951904297,36967645,0.0,0.0
2019-07-05 00:00:00+05:30,50.41140081565017,51.853976058238366,49.80814383636948,50.90974426269531,54520355,0.0,0.0
2019-07-08 00:00:00+05:30,50.64745671450792,50.8835146538389,46.643219820520116,47.20276641845703,60057840,0.0,0.0
2019-07-09 00:00:00+05:30,46.91425403436772,48.41802918227951,46.5907686834127,48.129512786865234,35730395,0.0,0.0
2019-07-10 00:00:00+05:30,48.43551386453297,48.84642659463926,47.62242647401513,48.13825607299805,29369320,0.0,0.0
2019-07-11 00:00:00+05:30,48.60162330676566,49.266080080205896,48.16447972722474,49.030025482177734,18785275,0.0,0.0
2019-07-12 00:00:00+05:30,49.04751532020187,50.19283286340316,48.75025751010374,49.729461669921875,25330070,0.0,0.0
2019-07-15 00:00:00+05:30,49.58957494089975,49.642030042523935,47.56122874461376,47.893455505371094,32476555,0.0,0.0
2019-07-16 00:00:00+05:30,47.7360807506697,48.46174074220266,47.49128139696753,48.37431335449219,19434945,0.0,0.0
2019-07-17 00:00:00+05:30,48.37431679873312,49.09997350679162,48.10328654130766,48.995059967041016,19592625,0.0,0.0
2019-07-18 00:00:00+05:30,48.986309974214834,49.07374069391703,46.73065076815318,46.949222564697266,26734935,0.0,0.0
2019-07-19 00:00:00+05:30,47.21151349965807,47.508771310654154,46.162368088192956,46.3984260559082,24580660,0.0,0.0
2019-07-22 00:00:00+05:30,46.214822743256605,47.036651525145665,45.55910733165567,46.22356414794922,23334655,0.0,0.0
2019-07-23 00:00:00+05:30,46.51207926825231,46.59950665337115,44.58864677936898,44.79847717285156,23462195,0.0,0.0
2019-07-24 00:00:00+05:30,44.76350897391227,45.043280634019,42.385446527863856,43.38213348388672,56765290,0.0,0.0
2019-07-25 00:00:00+05:30,43.7143632723965,43.7143632723965,41.20515975440049,41.83464431762695,60138340,0.0,0.0
2019-07-26 00:00:00+05:30,41.96578533165964,43.084871873258784,41.82589951395975,42.02698516845703,34827315,0.0,0.0
2019-07-29 00:00:00+05:30,42.07070248012367,42.647731944665146,41.32755963500584,41.930816650390625,27142640,0.0,0.0
2019-07-30 00:00:00+05:30,42.053213371638265,42.35921589552939,40.45326951523756,40.61064147949219,32822290,0.0,0.0
2019-07-31 00:00:00+05:30,40.462012650819645,41.54613030260329,40.09481360861076,41.336299896240234,23896015,0.0,0.0
2019-08-01 00:00:00+05:30,40.91664816506432,41.47619154709421,39.95493339409316,40.51447677612305,22121680,0.0,0.0
2019-08-02 00:00:00+05:30,40.2172113497979,41.08275714848385,39.51778225422092,40.689327239990234,29120850,0.0,0.0
2019-08-05 00:00:00+05:30,40.04235651759026,40.32212817870642,38.46864009002652,40.03361511230469,28274570,0.0,0.0
2019-08-06 00:00:00+05:30,39.648921243933245,41.05652410061119,39.50903543219051,40.60189437866211,21189775,0.0,0.0
2019-08-07 00:00:00+05:30,40.89915909474856,41.30133379009128,38.95824354392675,39.38664245605469,38029115,0.0,0.0
2019-08-08 00:00:00+05:30,39.60521248472873,40.11230069990158,38.494867256636915,39.841270446777344,38724100,0.0,0.0
2019-08-09 00:00:00+05:30,39.96366882324219,40.689328831190466,39.43909781483079,39.96366882324219,23781245,0.0,0.0
2019-08-13 00:00:00+05:30,39.96367064118618,40.54944485119549,38.468640197577855,38.678470611572266,21134115,0.0,0.0
2019-08-14 00:00:00+05:30,38.818356275117914,39.86749833514169,38.660984299086095,39.3953857421875,22610785,0.0,0.0
2019-08-16 00:00:00+05:30,39.23801133971924,41.79092841944799,38.81835387463264,41.266357421875,37535890,0.0,0.0
2019-08-19 00:00:00+05:30,41.46744410360762,41.51115779862535,40.07732725714049,40.4095573425293,27282900,0.0,0.0
2019-08-20 00:00:00+05:30,40.45327403628908,40.566932319873416,39.05441234603815,39.38664245605469,25867765,0.0,0.0
2019-08-21 00:00:00+05:30,39.342925758318614,39.66641110293639,38.20635301455098,38.43366622924805,29723445,0.0,0.0
2019-08-22 00:00:00+05:30,38.41617731991219,38.75715212013376,36.422803625507676,36.685089111328125,33191555,0.0,0.0
2019-08-23 00:00:00+05:30,36.5801783292334,38.33749421773721,36.265434388572146,37.89160919189453,35614590,0.0,0.0
2019-08-26 00:00:00+05:30,39.68389667408881,39.68389667408881,37.71675041461865,39.133094787597656,41520240,0.0,0.0
2019-08-27 00:00:00+05:30,39.517787534382435,40.75053252228141,39.500301387763976,40.13853073120117,39452385,0.0,0.0
2019-08-28 00:00:00+05:30,40.1122992569447,40.505729179539564,39.37789784648133,39.67515563964844,23863120,0.0,0.0
2019-08-29 00:00:00+05:30,39.34292875551205,39.64018657284824,38.075211495250606,38.57355499267578,23954030,0.0,0.0
2019-08-30 00:00:00+05:30,38.84458525808687,39.2817289109259,37.900353367086716,38.57355499267578,39476915,0.0,0.0
2019-09-03 00:00:00+05:30,37.41948894973421,37.41948894973421,33.931085126504584,34.44691467285156,108780970,0.0,0.0
2019-09-04 00:00:00+05:30,33.92234488574547,34.779145996913016,33.32782928450412,33.68628692626953,84293630,0.0,0.0
2019-09-05 00:00:00+05:30,34.02725850163216,34.097203083183395,33.284115665926954,33.49394607543945,55287430,0.0,0.0
2019-09-06 00:00:00+05:30,33.74748532868146,34.25457351670948,33.38028629746756,33.520172119140625,40316210,0.0,0.0
2019-09-09 00:00:00+05:30,33.45897804786404,34.7354368075441,33.34531975593204,34.613037109375,49376955,0.0,0.0
2019-09-11 00:00:00+05:30,34.639260408355575,36.02063588405093,34.639260408355575,35.75835037231445,41369045,0.0,0.0
2019-09-12 00:00:00+05:30,35.8457777909829,36.24794913161857,35.286234476160885,35.583492279052734,36661395,0.0,0.0
2019-09-13 00:00:00+05:30,35.662174013194694,35.714629108240366,34.31577098800846,35.566001892089844,44606905,0.0,0.0
2019-09-16 00:00:00+05:30,35.496056461611836,36.09057198214365,35.006457798920295,35.531028747558594,30826140,0.0,0.0
2019-09-17 00:00:00+05:30,35.461094083365715,35.70589346008399,33.76497458712803,33.93109130859375,36421795,0.0,0.0
2019-09-18 00:00:00+05:30,34.21085819728514,34.95400096427475,33.97480025908892,34.26331329345703,36499540,0.0,0.0
2019-09-19 00:00:00+05:30,34.09720445088856,34.193376586808554,32.75954595890663,33.19668960571289,40283765,0.0,0.0
2019-09-20 00:00:00+05:30,33.38028842972612,35.898236715823266,32.64588698524534,35.25126266479492,70729025,0.0,0.0
2019-09-23 00:00:00+05:30,36.19549233469015,37.10474851110997,34.19337379533235,36.67634963989258,78229920,0.0,0.0
2019-09-24 00:00:00+05:30,36.84246190263728,36.84246190263728,35.181318231465255,35.53977584838867,43546165,0.0,0.0
2019-09-25 00:00:00+05:30,35.32120295479048,35.32120295479048,33.292856989916025,33.52891159057617,41724630,0.0,0.0
2019-09-26 00:00:00+05:30,33.756230050906,34.65674481900926,33.48519981243191,33.695030212402344,47259165,0.0,0.0
2019-09-27 00:00:00+05:30,33.747484929210025,34.03600130901238,32.96062844229102,33.15296936035156,43106720,0.0,0.0
2019-09-30 00:00:00+05:30,33.222918132601094,33.34531782367752,31.474343494043143,31.894001007080078,44107570,0.0,0.0
2019-10-01 00:00:00+05:30,32.08634265282775,32.479772581262246,29.830679953230756,31.14211082458496,53945740,0.0,0.0
2019-10-03 00:00:00+05:30,30.827367593154946,32.13005708955412,30.617540516575733,31.719141006469727,40323350,0.0,0.0
2019-10-04 00:00:00+05:30,31.9989133845714,32.471029320198184,31.168343129659963,31.474342346191406,46065365,0.0,0.0
2019-10-07 00:00:00+05:30,31.675427849507916,31.937713367268987,31.124625927610754,31.369428634643555,28150540,0.0,0.0
2019-10-09 00:00:00+05:30,31.229541338752245,32.471027621018315,30.47765377731622,32.21748352050781,45886295,0.0,0.0
2019-10-10 00:00:00+05:30,31.9989119269861,32.12131494316441,30.888570057497105,31.14211082458496,32153760,0.0,0.0
2019-10-11 00:00:00+05:30,31.299482798906926,31.780340118087192,30.704967203692394,31.3082275390625,42254520,0.0,0.0
2019-10-14 00:00:00+05:30,31.474341318120523,32.1213153571218,31.142111225923045,31.334455490112305,32903625,0.0,0.0
2019-10-15 00:00:00+05:30,31.386915121367725,31.797827880770672,30.914799183185945,31.579256057739258,33581495,0.0,0.0
2019-10-16 00:00:00+05:30,31.780340068106348,31.963942924531768,31.22079676411176,31.4918270111084,29652315,0.0,0.0
2019-10-17 00:00:00+05:30,31.456857150291206,32.74206056882182,31.264512874010048,32.61091613769531,38201815,0.0,0.0
2019-10-18 00:00:00+05:30,32.52348426428464,33.22291335203616,32.34862615856152,33.021827697753906,33756725,0.0,0.0
2019-10-22 00:00:00+05:30,32.96062886745527,34.13217387588936,32.82074304563364,33.17045593261719,31813925,0.0,0.0
2019-10-23 00:00:00+05:30,33.22291582464023,33.87863126854761,32.75079990459303,33.49394607543945,29285970,0.0,0.0
2019-10-24 00:00:00+05:30,33.72125790512521,33.72125790512521,32.20874141041214,32.80325698852539,38205155,0.0,0.0
2019-10-25 00:00:00+05:30,32.96062881521742,33.90485727723171,32.462285367321336,33.695030212402344,37826545,0.0,0.0
2019-10-27 00:00:00+05:30,33.92234640423543,33.92234640423543,33.54640260029413,33.66006088256836,2607745,0.0,0.0
2019-10-29 00:00:00+05:30,33.57262647981824,34.691712917431964,33.485195767416755,34.14091110229492,28862160,0.0,0.0
2019-10-30 00:00:00+05:30,34.27206168388109,35.338689886407494,33.94857632751056,34.98023223876953,38130460,0.0,0.0
2019-10-31 00:00:00+05:30,35.16383665125939,36.56269501224068,35.05891977282974,35.59223556518555,55766535,0.0,0.0
2019-11-01 00:00:00+05:30,35.61846231533059,36.702576585387426,35.42611806235814,36.212974548339844,41838845,0.0,0.0
2019-11-04 00:00:00+05:30,36.37034757539161,36.99983545068491,36.134292957297745,36.344120025634766,31740945,0.0,0.0
2019-11-05 00:00:00+05:30,36.37034570377959,37.35829116052181,35.88948841718254,36.160518646240234,51590730,0.0,0.0
2019-11-06 00:00:00+05:30,36.16051855105801,37.50692161809848,35.364917345105184,36.87743377685547,94143315,0.0,0.0
2019-11-07 00:00:00+05:30,37.41074819357222,37.594347695839026,36.43154417786758,36.650115966796875,41073495,0.0,0.0
2019-11-08 00:00:00+05:30,36.45778115739543,36.58892225159969,35.04143666211284,35.207550048828125,38456070,0.0,0.0
2019-11-11 00:00:00+05:30,35.1201135733566,35.68840156071753,34.79662825839188,35.566001892089844,32264340,0.0,0.0
2019-11-13 00:00:00+05:30,35.56600264608225,35.784574440448466,34.2807994279638,34.43817138671875,27334675,0.0,0.0
2019-11-14 00:00:00+05:30,34.6042903423732,35.22503347843425,33.86988893198765,34.988975524902344,33153840,0.0,0.0
2019-11-15 00:00:00+05:30,35.583490956932195,37.489437386691655,35.417374248606954,35.8807487487793,107192395,0.0,0.0
2019-11-18 00:00:00+05:30,36.160521873171284,36.97360929776257,35.8982363602705,36.85995101928711,45317975,0.0,0.0
2019-11-19 00:00:00+05:30,36.877435368874494,38.9932088497278,36.61514986874721,38.66972351074219,84515715,0.0,0.0
2019-11-20 00:00:00+05:30,39.16806628785241,39.89372627203598,38.5036094766156,38.90578079223633,81868540,0.0,0.0
2019-11-21 00:00:00+05:30,39.34292762245828,39.61395788006386,38.61726757877622,38.7921257019043,43606460,0.0,0.0
2019-11-22 00:00:00+05:30,38.78338415099883,39.51778559726733,38.52109863486178,38.678470611572266,42082075,0.0,0.0
2019-11-25 00:00:00+05:30,38.608522479791716,39.77132605247896,38.608522479791716,39.60520935058594,39772880,0.0,0.0
2019-11-26 00:00:00+05:30,39.69264537484694,40.13853043735835,38.11892554212096,38.940757751464844,44724835,0.0,0.0
2019-11-27 00:00:00+05:30,38.99320826974407,39.86749548059162,38.94075317158348,39.718868255615234,29814780,0.0,0.0
2019-11-28 00:00:00+05:30,39.963670812385246,40.7243031481248,39.76258513798071,40.59315872192383,56284990,0.0,0.0
2019-11-29 00:00:00+05:30,40.52321088872728,40.96035449415105,39.54401014641752,39.718868255615234,38878520,0.0,0.0
2019-12-02 00:00:00+05:30,39.57023899406825,39.84126923897612,38.94949585442951,39.59646987915039,24065485,0.0,0.0
2019-12-03 00:00:00+05:30,39.65767110471672,39.753843238048766,37.804183025974275,37.961551666259766,32918635,0.0,0.0
2019-12-04 00:00:00+05:30,38.03149376849087,39.3254384436157,37.81292196522368,39.17681121826172,36059165,0.0,0.0
2019-12-05 00:00:00+05:30,39.16806730190058,39.40412525460882,37.89160874441846,38.048980712890625,33841395,0.0,0.0
2019-12-06 00:00:00+05:30,38.23258363855443,38.42492791386119,36.03812395949673,36.40532302856445,41218420,0.0,0.0
2019-12-09 00:00:00+05:30,36.37034553655751,37.85663441704828,36.08183249998217,37.244632720947266,60791305,0.0,0.0
2019-12-10 00:00:00+05:30,37.262120026920925,37.73423592164878,36.65011831173381,36.83372116088867,38236540,0.0,0.0
2019-12-11 00:00:00+05:30,36.91241126772968,37.419496172875405,36.44029532025023,37.21841049194336,26196360,0.0,0.0
2019-12-12 00:00:00+05:30,37.41949552676711,38.27629667491275,37.27960969309316,38.09269714355469,29598985,0.0,0.0
2019-12-13 00:00:00+05:30,38.29378158566393,39.9811562759386,38.29378158566393,39.841270446777344,50920485,0.0,0.0
2019-12-16 00:00:00+05:30,40.30464033375507,40.30464033375507,39.45658398087496,39.78881072998047,33230330,0.0,0.0
2019-12-17 00:00:00+05:30,39.86749689554769,40.55818461706462,39.69264211528515,40.05984115600586,29704715,0.0,0.0
2019-12-18 00:00:00+05:30,40.04235067298566,40.11229524562619,38.65223397559265,39.036922454833984,36455045,0.0,0.0
2019-12-19 00:00:00+05:30,38.97572321588389,39.386635913422346,38.76589282990232,38.99320602416992,23778445,0.0,0.0
2019-12-20 00:00:00+05:30,39.16807104662661,40.505732906529296,39.159329640938466,40.21721649169922,44774170,0.0,0.0
2019-12-23 00:00:00+05:30,40.07732889641806,40.71555820817753,39.22052776548859,39.50904083251953,39208980,0.0,0.0
2019-12-24 00:00:00+05:30,39.6576671961774,39.8587528482618,39.30795098855352,39.47406768798828,24140345,0.0,0.0
2019-12-26 00:00:00+05:30,39.46532520818884,39.49155275796304,38.38995231061162,38.512351989746094,33353670,0.0,0.0
2019-12-27 00:00:00+05:30,38.81835588090083,39.91121496161154,38.81835588090083,39.203041076660156,85920900,0.0,0.0
2019-12-30 00:00:00+05:30,39.29046875286574,39.342927189769625,38.468639918885856,38.77463912963867,30282100,0.0,0.0
2019-12-31 00:00:00+05:30,38.757155090514345,39.08064043664706,38.591038379822045,38.70469665527344,25782135,0.0,0.0
2020-01-01 00:00:00+05:30,38.83583520238003,39.05440699888638,38.43366389724218,38.75715255737305,21079405,0.0,0.0
2020-01-02 00:00:00+05:30,38.88829345998748,40.18223808929176,38.63474937674207,40.0161247253418,35167265,0.0,0.0
2020-01-03 00:00:00+05:30,39.83252539596736,39.95492506838836,38.58229445313978,38.75715255737305,33234705,0.0,0.0
2020-01-06 00:00:00+05:30,38.56480909126894,38.59978137985299,35.95068888457855,36.27417755126953,68253435,0.0,0.0
2020-01-07 00:00:00+05:30,37.314576352281016,37.471948308299986,35.793315222477965,36.37908935546875,71112745,0.0,0.0
2020-01-08 00:00:00+05:30,35.408638554233455,36.61515606103218,35.05018086523824,36.335384368896484,75706970,0.0,0.0
2020-01-09 00:00:00+05:30,37.34954936471857,37.72549311860647,36.8512059393585,37.32331848144531,43343815,0.0,0.0
2020-01-10 00:00:00+05:30,37.43697974713288,38.22383960553662,37.104749658568956,37.44572448730469,46604810,0.0,0.0
2020-01-13 00:00:00+05:30,37.59435119481738,37.909095133791915,37.34955183567768,37.79543685913086,29443200,0.0,0.0
2020-01-14 00:00:00+05:30,37.80417950861013,38.12766483460473,37.43697715506575,37.690521240234375,29424470,0.0,0.0
2020-01-15 00:00:00+05:30,37.25337593908164,38.36372101812823,36.55394688716197,38.14514923095703,58347755,0.0,0.0
2020-01-16 00:00:00+05:30,38.2413227978181,38.95823802005328,37.681776199970784,38.31126403808594,41565620,0.0,0.0
2020-01-17 00:00:00+05:30,37.78669466459592,39.1156116374175,37.73423623081601,38.748409271240234,41848320,0.0,0.0
2020-01-20 00:00:00+05:30,38.86207086320934,39.10687023814477,37.882870028326245,38.267555236816406,28176560,0.0,0.0
2020-01-21 00:00:00+05:30,37.99651867793358,38.69594772978931,37.76920548675827,38.32000732421875,30337915,0.0,0.0
2020-01-22 00:00:00+05:30,38.52984265095642,38.73092833812511,37.874127148611834,38.27629852294922,22607940,0.0,0.0
2020-01-23 00:00:00+05:30,38.302520912800915,39.64892057751669,37.96154612571456,38.591033935546875,69551335,0.0,0.0
2020-01-24 00:00:00+05:30,38.80086862581944,39.20303995558635,38.03149492116103,38.25880813598633,36472495,0.0,0.0
2020-01-27 00:00:00+05:30,37.75172857948194,37.97030042010648,36.536469679232155,36.78126907348633,32472815,0.0,0.0
2020-01-28 00:00:00+05:30,36.89491966279604,37.06103302634427,35.43485833793195,35.600975036621094,53997130,0.0,0.0
2020-01-29 00:00:00+05:30,35.994403276449866,36.35286423868323,35.59223195534945,35.68840408325195,29002775,0.0,0.0
2020-01-30 00:00:00+05:30,35.58349339246202,35.793320474515156,34.99771917351922,35.36492156982422,35498265,0.0,0.0
2020-01-31 00:00:00+05:30,35.6709181809087,35.90697613232521,35.04143364560576,35.43486022949219,35071730,0.0,0.0
2020-02-03 00:00:00+05:30,33.572630028823895,33.91360150538256,32.52348471508421,32.689598083496094,50795375,0.0,0.0
2020-02-04 00:00:00+05:30,33.22291492998993,33.686286097294634,32.31365540515634,32.47102737426758,53521590,0.0,0.0
2020-02-05 00:00:00+05:30,32.52348329082262,32.87319615666062,31.981426180932154,32.17376708984375,50771180,0.0,0.0
2020-02-06 00:00:00+05:30,32.37485244022871,33.992285685948005,32.19125293721748,33.14422607421875,83861555,0.0,0.0
2020-02-07 00:00:00+05:30,33.214174244336874,33.773717553230725,32.68085848581579,33.22291564941406,56097535,0.0,0.0
2020-02-10 00:00:00+05:30,33.21416940484503,33.53765470782668,32.51473703549775,32.72456741333008,33119950,0.0,0.0
2020-02-11 00:00:00+05:30,33.03057019891407,33.476458550069545,32.63714361690063,32.80325698852539,32454405,0.0,0.0
2020-02-12 00:00:00+05:30,33.039319334792935,33.17920517559996,31.972687714175912,32.296173095703125,39663985,0.0,0.0
2020-02-13 00:00:00+05:30,32.43605644714454,32.794514095148386,31.928971563814315,31.998912811279297,41693935,0.0,0.0
2020-02-14 00:00:00+05:30,32.05136924447819,32.436054419339385,31.395653831673695,31.526798248291016,43026875,0.0,0.0
2020-02-17 00:00:00+05:30,31.614225981689536,31.701653370296526,30.46016710934359,30.565080642700195,34295790,0.0,0.0
2020-02-18 00:00:00+05:30,30.600053456533924,30.600053456533924,29.297363999065087,30.215368270874023,45685570,0.0,0.0
2020-02-19 00:00:00+05:30,30.49514093037524,30.83611243226436,29.988052712592562,30.363996505737305,33534570,0.0,0.0
2020-02-20 00:00:00+05:30,30.320280921600283,31.019710027462246,29.92685100732135,30.189136505126953,36447470,0.0,0.0
2020-02-24 00:00:00+05:30,29.900622159661243,30.0230218309793,28.755304755637727,28.947649002075195,29552570,0.0,0.0
2020-02-25 00:00:00+05:30,29.12250891200586,29.13999505687086,28.388107503381413,28.48427963256836,36720300,0.0,0.0
2020-02-26 00:00:00+05:30,28.239477000948774,28.51924864911435,27.819819528700418,27.959705352783203,34750630,0.0,0.0
2020-02-27 00:00:00+05:30,27.872275584736716,28.055876766392778,26.971760823624827,27.19907569885254,42492595,0.0,0.0
2020-02-28 00:00:00+05:30,26.228616242447508,26.351015917956364,24.50627104285217,25.12701416015625,47397655,0.0,0.0
2020-03-02 00:00:00+05:30,25.58164629932499,25.86141796524606,23.815585573734914,24.156557083129883,50563580,0.0,0.0
2020-03-03 00:00:00+05:30,24.436328610559936,25.092044029438245,24.095355458795243,24.786043167114258,64330055,0.0,0.0
2020-03-04 00:00:00+05:30,24.829757819765984,24.86473011055661,23.64072828158509,24.287700653076172,53014175,0.0,0.0
2020-03-05 00:00:00+05:30,24.436330170626718,25.06581641261223,23.42215705808696,24.32267189025879,70901150,0.0,0.0
2020-03-06 00:00:00+05:30,22.731466289951918,23.203582159484725,22.276836563935976,22.81889533996582,41370245,0.0,0.0
2020-03-09 00:00:00+05:30,21.85718058750258,22.35552403808635,20.982893364002475,21.271408081054688,47125960,0.0,0.0
2020-03-11 00:00:00+05:30,21.27140867745648,21.64735246091342,20.161063472262875,20.39712142944336,50207515,0.0,0.0
2020-03-12 00:00:00+05:30,18.88460257001097,19.18186033121331,16.969913265224214,17.22345733642578,75893680,0.0,0.0
2020-03-13 00:00:00+05:30,15.59728472243683,19.129404356403594,14.33831061155939,18.77968978881836,92226460,0.0,0.0
2020-03-16 00:00:00+05:30,17.433288360759022,17.97534552592552,17.048601500996263,17.424545288085938,59893600,0.0,0.0
2020-03-17 00:00:00+05:30,17.590660562911854,18.34254647931649,17.136030783411904,17.34585952758789,60660935,0.0,0.0
2020-03-18 00:00:00+05:30,17.748029883582642,17.800488317387938,16.17431355597541,16.760086059570312,61231620,0.0,0.0
2020-03-19 00:00:00+05:30,15.85082684666572,18.351288873941623,15.684713472563333,17.319629669189453,84946910,0.0,0.0
2020-03-20 00:00:00+05:30,17.450773620762554,18.00157555086234,16.69014460738565,16.83003044128418,102006415,0.0,0.0
2020-03-23 00:00:00+05:30,15.99945587647138,15.99945587647138,13.114308642212794,13.306652069091797,32745650,0.0,0.0
2020-03-24 00:00:00+05:30,13.857453716454343,14.513169176214921,12.878251229480796,14.058539390563965,57422840,0.0,0.0
2020-03-25 00:00:00+05:30,13.551451528831748,15.160140101789027,13.464022475776801,14.626824378967285,39127405,0.0,0.0
2020-03-26 00:00:00+05:30,14.688024740427506,15.990714175574649,14.495682150893364,15.282540321350098,49627050,0.0,0.0
2020-03-27 00:00:00+05:30,15.815856418553523,16.698886737401594,15.3349991001295,15.7459135055542,61774090,0.0,0.0
2020-03-30 00:00:00+05:30,15.562312003509,15.658484132286581,14.810426120790568,15.186369895935059,28873640,0.0,0.0
2020-03-31 00:00:00+05:30,15.737170209153946,16.113113986517245,15.177626913117718,15.824599266052246,32821275,0.0,0.0
2020-04-01 00:00:00+05:30,15.999455622337274,16.078141606346357,15.431169257048785,15.77214241027832,31372945,0.0,0.0
2020-04-03 00:00:00+05:30,15.387456960598696,15.544828942914283,14.600598716591467,14.714255332946777,27553360,0.0,0.0
2020-04-07 00:00:00+05:30,15.238827405656608,15.387456308481275,14.548139660891794,15.177627563476562,36936870,0.0,0.0
2020-04-08 00:00:00+05:30,14.897855142281813,16.218027387037477,14.740483174676356,15.282540321350098,42173265,0.0,0.0
2020-04-09 00:00:00+05:30,15.457396790034787,16.261741019710772,15.142652888292332,16.051912307739258,56099065,0.0,0.0
2020-04-13 00:00:00+05:30,15.903286623975163,15.964486468818269,15.151399004312537,15.439913749694824,34279490,0.0,0.0
2020-04-15 00:00:00+05:30,15.55357104855467,16.086885139528174,15.0115122173624,15.116427421569824,55040455,0.0,0.0
2020-04-16 00:00:00+05:30,15.21259843176368,15.317513639738065,14.827911559285146,15.011512756347656,56463465,0.0,0.0
2020-04-17 00:00:00+05:30,15.562312003509,15.763399333459446,14.600597386015387,15.186369895935059,83183325,0.0,0.0
2020-04-20 00:00:00+05:30,15.387454478105006,16.462827293674856,15.05522442068917,16.086883544921875,116917710,0.0,0.0
2020-04-21 00:00:00+05:30,15.702197450559188,15.702197450559188,14.670539946186357,14.722996711730957,66076800,0.0,0.0
2020-04-22 00:00:00+05:30,14.71425356350047,14.775453400914635,13.909909269834667,14.495681762695312,102445500,0.0,0.0
2020-04-23 00:00:00+05:30,14.670539739280002,14.985281995679133,14.469452416982477,14.626824378967285,44754850,0.0,0.0
2020-04-24 00:00:00+05:30,14.4344829411243,14.810426731777925,14.172195761157049,14.224654197692871,38310380,0.0,0.0
2020-04-27 00:00:00+05:30,14.425739334655011,14.591854375731401,14.07602477520779,14.24213981628418,34768755,0.0,0.0
2020-04-28 00:00:00+05:30,14.46071039883867,15.037739789915939,14.189680179112667,14.679282188415527,58543460,0.0,0.0
2020-04-29 00:00:00+05:30,14.86288285278258,15.422426144205938,14.740483174676356,15.282540321350098,80530965,0.0,0.0
2020-04-30 00:00:00+05:30,15.466140536831972,15.946997814317744,15.282539363608198,15.36996841430664,71388515,0.0,0.0
2020-05-04 00:00:00+05:30,14.95031178314704,14.967797927749505,14.014824725332172,14.233396530151367,60112810,0.0,0.0
2020-05-05 00:00:00+05:30,14.513167880885453,14.591853862439491,13.90116617270304,13.95362377166748,51510945,0.0,0.0
2020-05-06 00:00:00+05:30,14.076025395347246,14.285854140259884,13.472766711491763,14.189682006835938,50205615,0.0,0.0
2020-05-07 00:00:00+05:30,14.014825454261443,14.46071215939221,13.96236785151093,14.224654197692871,29104330,0.0,0.0
2020-05-08 00:00:00+05:30,14.338309993297598,14.530654247853622,13.90116638577285,13.962367057800293,37986260,0.0,0.0
2020-05-11 00:00:00+05:30,14.006081724141806,14.145967546530668,13.72630924557881,13.78750991821289,35872110,0.0,0.0
2020-05-12 00:00:00+05:30,13.804994880684353,14.09351042431091,13.289165298305875,13.95362377166748,45927470,0.0,0.0
2020-05-13 00:00:00+05:30,14.513168643167305,15.780884151600683,14.259624540938276,15.57105541229248,111086770,0.0,0.0
2020-05-14 00:00:00+05:30,15.212596278499934,15.737168908980019,14.976538344648333,15.09019660949707,67809370,0.0,0.0
2020-05-15 00:00:00+05:30,15.20385314934365,15.308768342071525,14.539394708921556,14.679282188415527,50329990,0.0,0.0
2020-05-18 00:00:00+05:30,14.792940047899707,14.810426192775267,13.376594830605303,13.568938255310059,67059495,0.0,0.0
2020-05-19 00:00:00+05:30,13.831223018370865,13.883680616406465,13.271679752845719,13.359107971191406,50588615,0.0,0.0
2020-05-20 00:00:00+05:30,13.359108690755441,13.691337939448537,13.245451250377386,13.525223731994629,42202100,0.0,0.0
2020-05-21 00:00:00+05:30,13.638881475930036,14.102252652625907,13.481509503629326,13.586423873901367,54867785,0.0,0.0
2020-05-22 00:00:00+05:30,13.50773811340332,13.988596277188746,13.385338429600518,13.50773811340332,62119840,0.0,0.0
2020-05-26 00:00:00+05:30,13.691337577550927,13.857452614399262,13.507737230067915,13.778766632080078,35218675,0.0,0.0
2020-05-27 00:00:00+05:30,13.83122316455119,14.714253432022232,13.76128025562133,14.626824378967285,67379380,0.0,0.0
2020-05-28 00:00:00+05:30,14.714255050681546,14.967799165675268,14.478197081736493,14.56562614440918,62299320,0.0,0.0
2020-05-29 00:00:00+05:30,14.33831029960158,14.740483294252492,14.058538651620369,14.653054237365723,57054140,0.0,0.0
2020-06-01 00:00:00+05:30,14.889114393640664,16.17431621704819,14.862885172422663,16.078144073486328,112545425,0.0,0.0
2020-06-02 00:00:00+05:30,16.305457917595188,16.5502589635137,15.859571191585053,16.113115310668945,85990870,0.0,0.0
2020-06-03 00:00:00+05:30,16.235512551788588,17.7130583425335,16.095626737376453,16.98740005493164,168753555,0.0,0.0
2020-06-04 00:00:00+05:30,16.908714689121236,17.634373003041162,16.63768612231441,17.022371292114258,134266840,0.0,0.0
2020-06-05 00:00:00+05:30,17.240945945636316,18.561120044548172,17.136032397451846,18.237634658813477,150082405,0.0,0.0
2020-06-08 00:00:00+05:30,18.86711867190653,18.86711867190653,17.415801979265304,17.590660095214844,126715255,0.0,0.0
2020-06-09 00:00:00+05:30,17.67808535309097,18.438715897873973,17.345856973948635,17.5819149017334,108548355,0.0,0.0
2020-06-10 00:00:00+05:30,17.6168878930327,18.499918222610763,17.442031442194946,18.333803176879883,95924190,0.0,0.0
2020-06-11 00:00:00+05:30,18.39500397022055,19.111919226186124,17.57317351377611,17.660602569580078,162741200,0.0,0.0
2020-06-12 00:00:00+05:30,16.524026937067266,18.290087394774872,16.524026937067266,18.14145851135254,114883185,0.0,0.0
2020-06-15 00:00:00+05:30,18.09774677349283,18.185174164588357,17.345859203563016,17.957860946655273,92740945,0.0,0.0
2020-06-16 00:00:00+05:30,18.53489155240274,18.622318948937572,17.2584312186317,17.739290237426758,101512385,0.0,0.0
2020-06-17 00:00:00+05:30,17.66060149795066,18.02780217598949,17.380828202840245,17.616886138916016,107996805,0.0,0.0
2020-06-18 00:00:00+05:30,17.398314715835323,18.185172851889796,17.398314715835323,18.080259323120117,68716865,0.0,0.0
2020-06-19 00:00:00+05:30,18.237632418522843,18.972033835884204,18.11523107058223,18.770946502685547,146052715,0.0,0.0
2020-06-22 00:00:00+05:30,18.875861377165727,19.97746348404296,18.78843232089219,19.55780601501465,157462280,0.0,0.0
2020-06-23 00:00:00+05:30,19.88129064984969,20.239748267036962,19.592775941685044,19.890033721923828,98143725,0.0,0.0
2020-06-24 00:00:00+05:30,20.265976913373553,20.685634355708412,18.88460324834348,19.146888732910156,148101775,0.0,0.0
2020-06-25 00:00:00+05:30,17.887914405539842,18.59608820232146,17.835457643116527,18.325057983398438,182314160,0.0,0.0
2020-06-26 00:00:00+05:30,18.53489117563237,18.78843362205672,18.02780461521301,18.27260398864746,91915145,0.0,0.0
2020-06-29 00:00:00+05:30,18.176431901436843,18.211402522709992,17.52071649375275,17.835458755493164,63729455,0.0,0.0
2020-06-30 00:00:00+05:30,18.09774444723179,18.272600874517614,17.494485854305296,17.5819149017334,56480745,0.0,0.0
2020-07-01 00:00:00+05:30,17.590659122444503,18.534889227700457,17.398314872022603,18.447460174560547,92022055,0.0,0.0
2020-07-02 00:00:00+05:30,18.491174097031497,18.6660322054833,18.097745854370704,18.28134536743164,58977415,0.0,0.0
2020-07-03 00:00:00+05:30,18.421231236884022,18.42997430908726,17.887915505480056,18.010316848754883,45125230,0.0,0.0
2020-07-06 00:00:00+05:30,18.202658740883763,18.473687298574287,18.08025906984361,18.342544555664062,72770115,0.0,0.0
2020-07-07 00:00:00+05:30,18.360033050975765,18.395005342935352,17.800489720187688,18.27260398864746,79299585,0.0,0.0
2020-07-08 00:00:00+05:30,18.325060162105256,19.846321461381233,18.272603393445237,19.05946159362793,242848195,0.0,0.0
2020-07-09 00:00:00+05:30,19.190604749719885,19.46163331540308,18.596089185586038,18.998260498046875,115238010,0.0,0.0
2020-07-10 00:00:00+05:30,18.79717517292185,18.954547138855272,18.0977460660739,18.290088653564453,111469535,0.0,0.0
2020-07-13 00:00:00+05:30,18.36003095659989,18.561116609717164,17.966601054787414,18.080259323120117,78027570,0.0,0.0
2020-07-14 00:00:00+05:30,18.02780478192256,18.062775406634866,17.45077363224801,17.643117904663086,74533500,0.0,0.0
2020-07-15 00:00:00+05:30,17.809231025473526,18.071516518853905,17.6518590624171,17.730545043945312,48865450,0.0,0.0
2020-07-16 00:00:00+05:30,17.87043086275758,17.87043086275758,17.284658371142267,17.730545043945312,31390920,0.0,0.0
2020-07-17 00:00:00+05:30,17.74803076271837,17.98408872382357,17.678087848417267,17.879175186157227,20753570,0.0,0.0
2020-07-20 00:00:00+05:30,18.010316848754883,18.185173290108118,17.896658577683294,18.010316848754883,25895585,0.0,0.0
2020-07-21 00:00:00+05:30,18.1851749420166,18.272604004420373,17.966603119792506,18.1851749420166,34124940,0.0,0.0
2020-07-22 00:00:00+05:30,18.30757313227875,18.412486654974348,17.730543754741834,17.852943420410156,63931615,0.0,0.0
2020-07-23 00:00:00+05:30,17.852945967955332,18.08026085632657,17.713060139353125,17.879175186157227,42969245,0.0,0.0
2020-07-24 00:00:00+05:30,17.695572113741857,17.887914690740956,17.380828199042927,17.704315185546875,50916700,0.0,0.0
2020-07-27 00:00:00+05:30,17.730544438589853,17.791744273784424,17.223457945815674,17.433286666870117,49952315,0.0,0.0
2020-07-28 00:00:00+05:30,17.50323018547967,17.695572769607725,17.39831498750132,17.555686950683594,30998905,0.0,0.0
2020-07-29 00:00:00+05:30,17.651860350705636,17.949118154269144,17.468259157883175,17.52945899963379,38440075,0.0,0.0
2020-07-30 00:00:00+05:30,17.616888762758776,17.730547045606574,17.293403395574988,17.372089385986328,46959045,0.0,0.0
2020-07-31 00:00:00+05:30,17.345859850868997,17.914146252049985,17.197230945861293,17.809232711791992,71265050,0.0,0.0
2020-08-03 00:00:00+05:30,17.800487518310547,18.054029933372313,17.625629415283463,17.800487518310547,53008280,0.0,0.0
2020-08-04 00:00:00+05:30,17.85294441777331,18.36003091931833,17.721801673292273,18.263858795166016,73924085,0.0,0.0
2020-08-05 00:00:00+05:30,18.35128873585445,18.508660703879332,17.90540204897414,18.036544799804688,42662940,0.0,0.0
2020-08-06 00:00:00+05:30,18.386260404111425,18.42997409705419,17.748029481181824,17.91414451599121,103639025,0.0,0.0
2020-08-07 00:00:00+05:30,17.835458327229496,17.96660107210322,17.748029274790188,17.81797218322754,23016990,0.0,0.0
2020-08-10 00:00:00+05:30,17.81797411717128,17.949118543849753,17.75677427409234,17.809232711791992,17673420,0.0,0.0
2020-08-11 00:00:00+05:30,17.852944502918994,17.94037355551348,17.58191594068951,17.7218017578125,21088445,0.0,0.0
2020-08-12 00:00:00+05:30,17.8354598224874,18.25511730829402,17.74803076271837,17.879175186157227,53033790,0.0,0.0
2020-08-13 00:00:00+05:30,17.957860744096603,18.054031206731032,17.765516483686596,17.8616886138916,16898555,0.0,0.0
2020-08-14 00:00:00+05:30,17.984088967166052,18.045288809561285,17.590660694237854,17.71306037902832,20831055,0.0,0.0
2020-08-17 00:00:00+05:30,17.817973105376616,17.817973105376616,17.293402098733132,17.494487762451172,51045360,0.0,0.0
2020-08-18 00:00:00+05:30,17.564430397804724,17.949117241844213,17.459515197586487,17.844202041625977,40473320,0.0,0.0
2020-08-19 00:00:00+05:30,17.914144841439334,19.094432915611787,17.914144841439334,18.47368812561035,166267655,0.0,0.0
2020-08-20 00:00:00+05:30,18.360033066824144,18.674777024449458,18.019061557777167,18.1851749420166,42237255,0.0,0.0
2020-08-21 00:00:00+05:30,18.4387203491427,18.596092338990186,18.167691737500235,18.237634658813477,24051240,0.0,0.0
2020-08-24 00:00:00+05:30,18.44746238971697,18.44746238971697,18.027804885337854,18.097747802734375,23643705,0.0,0.0
2020-08-25 00:00:00+05:30,18.27260265928927,18.928318077691305,18.25511651458162,18.657289505004883,108345175,0.0,0.0
2020-08-26 00:00:00+05:30,18.70974479142039,18.849630602874083,18.534888360888484,18.587345123291016,27044390,0.0,0.0
2020-08-27 00:00:00+05:30,18.762204587848395,18.823406099380353,18.360033231776733,18.456205368041992,38658330,0.0,0.0
2020-08-28 00:00:00+05:30,18.58734596321907,20.265977444088044,18.58734596321907,20.073633193969727,236833790,0.0,0.0
2020-08-31 00:00:00+05:30,20.563237051970223,20.886722408995833,18.587347615766408,18.797176361083984,151886675,0.0,0.0
2020-09-01 00:00:00+05:30,18.884604599774974,19.400434201564597,18.11523089953224,18.666032791137695,87124235,0.0,0.0
2020-09-02 00:00:00+05:30,18.89334932370859,18.96329224188345,18.237633840480246,18.840890884399414,65414880,0.0,0.0
2020-09-03 00:00:00+05:30,18.928316580263086,19.068202391716774,18.447459311837324,18.587345123291016,51895090,0.0,0.0
2020-09-04 00:00:00+05:30,18.167689648366306,18.351289170362097,17.870431850074525,18.054031372070312,44597315,0.0,0.0
2020-09-07 00:00:00+05:30,17.96660107210322,18.115229960978905,17.748029274790188,17.81797218322754,25544090,0.0,0.0
2020-09-08 00:00:00+05:30,17.817974179619213,17.905403241854398,17.398316681975125,17.459516525268555,26227650,0.0,0.0
2020-09-09 00:00:00+05:30,17.38957135012588,17.38957135012588,16.73385596989404,17.0748291015625,33006780,0.0,0.0
2020-09-10 00:00:00+05:30,17.249685886069752,17.64311578922714,17.162256833415835,17.54694366455078,29059115,0.0,0.0
2020-09-11 00:00:00+05:30,17.59065901865485,17.966601110068474,17.18848604361239,17.63437271118164,61507820,0.0,0.0
2020-09-14 00:00:00+05:30,17.835458588531857,17.992830551714132,17.459514824834315,17.555686950683594,27021515,0.0,0.0
2020-09-15 00:00:00+05:30,17.651857806161804,17.748028257519376,17.442029092876584,17.5819149017334,22499970,0.0,0.0
2020-09-16 00:00:00+05:30,17.651860350705636,17.695574046935896,17.450773012362824,17.52945899963379,16038510,0.0,0.0
2020-09-17 00:00:00+05:30,17.38957278425535,17.538201682734908,17.337116016430386,17.415802001953125,9908410,0.0,0.0
2020-09-18 00:00:00+05:30,17.485743438416264,17.573172489122435,17.17974259472989,17.2584285736084,18406695,0.0,0.0
2020-09-21 00:00:00+05:30,17.23220137474127,17.302145957547893,16.611458210468204,16.725114822387695,25007105,0.0,0.0
2020-09-22 00:00:00+05:30,16.67265832044004,16.67265832044004,15.387456607013014,15.649742126464844,81079205,0.0,0.0
2020-09-23 00:00:00+05:30,15.89454190862634,16.034427730264174,15.090197600423528,15.41368293762207,57641025,0.0,0.0
2020-09-24 00:00:00+05:30,15.037742082299285,15.160141769498644,14.42574031116115,14.56562614440918,48689115,0.0,0.0
2020-09-25 00:00:00+05:30,14.731740016121224,15.300026376594928,14.382025461027446,15.230083465576172,43708910,0.0,0.0
2020-09-28 00:00:00+05:30,15.474883768569761,16.0169408868747,15.352482429298922,15.912027359008789,36135345,0.0,0.0
2020-09-29 00:00:00+05:30,16.034425628342884,16.043168699495453,15.308767398382779,15.63225269317627,35907870,0.0,0.0
2020-09-30 00:00:00+05:30,15.614771116189326,15.675970958044301,15.334999457669083,15.53608512878418,25688810,0.0,0.0
2020-10-01 00:00:00+05:30,15.562312963805377,16.09562873983296,15.562312963805377,15.684714317321777,34357215,0.0,0.0
2020-10-05 00:00:00+05:30,15.562311041725907,16.31419854554668,15.562311041725907,15.780882835388184,58242410,0.0,0.0
2020-10-06 00:00:00+05:30,15.96448442883077,16.07814103079164,15.693455864485234,15.973227500915527,24080585,0.0,0.0
2020-10-07 00:00:00+05:30,15.815855998294989,16.060657021073066,15.562311903177994,15.640997886657715,36288465,0.0,0.0
2020-10-08 00:00:00+05:30,15.798370715470037,16.12185773937511,15.52734212846025,15.675971031188965,46625250,0.0,0.0
2020-10-09 00:00:00+05:30,15.7196859519337,16.39288760304924,15.518600264219945,16.148086547851562,74475485,0.0,0.0
2020-10-12 00:00:00+05:30,16.218027751406986,16.62894382440227,15.614770752126791,15.7459135055542,66203890,0.0,0.0
2020-10-13 00:00:00+05:30,15.70219559482651,15.868310611584697,15.562309791526031,15.63225269317627,22470070,0.0,0.0
2020-10-14 00:00:00+05:30,15.571053505879842,15.667225624960418,15.334997245290834,15.483624458312988,27864535,0.0,0.0
2020-10-15 00:00:00+05:30,15.544826856532955,15.763398654286155,15.282539698686827,15.33499813079834,23929160,0.0,0.0
2020-10-16 00:00:00+05:30,15.4049414430867,15.50985497491819,15.221340261025812,15.361226081848145,16692555,0.0,0.0
2020-10-19 00:00:00+05:30,15.448653201683259,15.842083065697302,15.43991013053069,15.63225269317627,27593950,0.0,0.0
2020-10-20 00:00:00+05:30,15.396199822326643,15.614771646413866,15.396199822326643,15.518599510192871,14297385,0.0,0.0
2020-10-21 00:00:00+05:30,15.684712851959295,15.842084814941542,15.334998305093473,15.52734088897705,21420035,0.0,0.0
2020-10-22 00:00:00+05:30,15.492370521335959,15.536085887345823,15.387456978053692,15.439913749694824,12004835,0.0,0.0
2020-10-23 00:00:00+05:30,15.492370358646003,15.719685256798085,15.431170514445574,15.658485412597656,15813620,0.0,0.0
2020-10-26 00:00:00+05:30,15.658485098517408,15.824600149137101,15.562312963805377,15.684714317321777,31894935,0.0,0.0
2020-10-27 00:00:00+05:30,15.68471317616959,15.70219765319642,15.247569566658724,15.41368293762207,29603070,0.0,0.0
2020-10-28 00:00:00+05:30,15.41368351467107,15.457398877801065,15.116427383240058,15.212597846984863,25076275,0.0,0.0
2020-10-29 00:00:00+05:30,15.21259681440981,15.25631217457257,14.749225669677925,14.985281944274902,39339650,0.0,0.0
2020-10-30 00:00:00+05:30,15.282538749939798,15.38745394007916,14.83665211009566,15.072710037231445,63274485,0.0,0.0
2020-11-02 00:00:00+05:30,15.212598146873756,15.509855951735261,15.08145539003971,15.273797988891602,46257295,0.0,0.0
2020-11-03 00:00:00+05:30,15.38745611440066,15.61477100218132,15.247570286161885,15.492369651794434,30562450,0.0,0.0
2020-11-04 00:00:00+05:30,15.518596103333499,15.737167879436786,15.177624666234868,15.63225269317627,31797390,0.0,0.0
2020-11-05 00:00:00+05:30,15.772143182451877,16.235514369223832,15.675971048938921,15.999456405639648,60190580,0.0,0.0
2020-11-06 00:00:00+05:30,16.051915041303907,16.349172850777734,15.929513687798382,16.09562873840332,49426100,0.0,0.0
2020-11-09 00:00:00+05:30,16.22677021299754,16.384142178213192,15.999455337416098,16.209285736083984,37466380,0.0,0.0
2020-11-10 00:00:00+05:30,16.30545608975963,17.074829766359485,16.244256252033157,16.83877182006836,95358695,0.0,0.0
2020-11-11 00:00:00+05:30,16.952426961104983,17.08357136500187,16.30545468333316,16.497798919677734,52049865,0.0,0.0
2020-11-12 00:00:00+05:30,16.497799140669322,16.54151283084026,16.016940210937047,16.06939697265625,52433705,0.0,0.0
2020-11-13 00:00:00+05:30,15.83334302466171,16.034428696942772,15.789627660532807,15.999456405639648,27605790,0.0,0.0
2020-11-14 00:00:00+05:30,16.09562873840332,16.261743789008257,16.051915041303907,16.09562873840332,3697910,0.0,0.0
2020-11-17 00:00:00+05:30,16.191800430854187,16.392886100132195,16.09562829877748,16.165571212768555,30848225,0.0,0.0
2020-11-18 00:00:00+05:30,16.15682580414434,16.55899875212542,16.113112114558955,16.497798919677734,38849240,0.0,0.0
2020-11-19 00:00:00+05:30,16.427857720460345,16.663914003314673,16.261742681172045,16.314199447631836,34435280,0.0,0.0
2020-11-20 00:00:00+05:30,16.392885431106794,16.436599125228195,16.156827480681926,16.314199447631836,25085705,0.0,0.0
2020-11-23 00:00:00+05:30,16.506542242175797,16.5152853146232,16.200543044369564,16.410371780395508,30449485,0.0,0.0
2020-11-24 00:00:00+05:30,16.55025911703699,16.57648666920572,16.174315305291866,16.305458068847656,50433750,0.0,0.0
2020-11-25 00:00:00+05:30,16.436599437450997,17.625630616929524,16.436599437450997,16.873743057250977,182263240,0.0,0.0
2020-11-26 00:00:00+05:30,16.89122889731225,17.55568738752081,16.83002905845642,17.48574447631836,76958640,0.0,0.0
2020-11-27 00:00:00+05:30,17.520717478405917,18.482432129667256,17.520717478405917,18.150203704833984,149403040,0.0,0.0
2020-12-01 00:00:00+05:30,18.351288948049483,19.33049138954313,18.158946355778664,19.216833114624023,130787035,0.0,0.0
2020-12-02 00:00:00+05:30,19.225576109124066,19.321748238654585,18.193916904391248,18.491174697875977,147471520,0.0,0.0
2020-12-03 00:00:00+05:30,18.639802028130752,20.00368953401167,18.62231588467282,19.225574493408203,188282490,0.0,0.0
2020-12-04 00:00:00+05:30,19.409174585235977,19.933745519239384,18.47368597310382,19.44414520263672,233679705,0.0,0.0
2020-12-07 00:00:00+05:30,19.57528990895219,20.860493162467293,19.470376378606364,20.528263092041016,145330060,0.0,0.0
2020-12-08 00:00:00+05:30,20.72060581724543,24.62866871993576,20.580720008708667,23.955467224121094,362962275,0.0,0.0
2020-12-09 00:00:00+05:30,24.698615241033284,25.642845420713325,22.2068962017866,22.407981872558594,402468200,0.0,0.0
2020-12-10 00:00:00+05:30,21.533692917740805,21.935865895298775,21.026606410434137,21.42003631591797,253452900,0.0,0.0
2020-12-11 00:00:00+05:30,21.5074677901861,22.36426893905607,21.5074677901861,21.900896072387695,119377350,0.0,0.0
2020-12-14 00:00:00+05:30,22.198150417603987,22.381751588000057,21.944608008810878,22.276836395263672,55638385,0.0,0.0
2020-12-15 00:00:00+05:30,21.594896359679968,21.682323753124074,20.35340836246842,21.332609176635742,436930035,0.0,0.0
2020-12-16 00:00:00+05:30,21.6648373916259,22.005808865614608,20.738091760031697,20.974149703979492,195322435,0.0,0.0
2020-12-17 00:00:00+05:30,21.157750988480235,21.97957975899331,20.982892880778877,21.69980812072754,170924845,0.0,0.0
2020-12-18 00:00:00+05:30,21.9096390990831,22.067011078658997,20.7206095143654,21.262666702270508,113136495,0.0,0.0
2020-12-21 00:00:00+05:30,20.458320184411,21.227693855676723,18.395003522534015,19.085689544677734,231056170,0.0,0.0
2020-12-22 00:00:00+05:30,19.339235128656206,20.545750826434926,18.43871864104448,20.143579483032227,290327130,0.0,0.0
2020-12-23 00:00:00+05:30,20.17854927373695,21.297637532457628,20.012434232524146,21.10529327392578,105124350,0.0,0.0
2020-12-24 00:00:00+05:30,21.31512415100855,21.46375306227273,20.720610173522555,21.114038467407227,80200235,0.0,0.0
2020-12-28 00:00:00+05:30,21.12278091347218,21.988325135400498,21.009124298855014,21.900896072387695,104975770,0.0,0.0
2020-12-29 00:00:00+05:30,22.032037088857294,22.42546531013342,21.49872138788096,22.093236923217773,106589165,0.0,0.0
2020-12-30 00:00:00+05:30,22.20689326806506,22.85386555871128,21.612377739479236,22.617809295654297,228498505,0.0,0.0
2020-12-31 00:00:00+05:30,22.679009562731483,22.731466325794365,22.320551957922667,22.547866821289062,70687655,0.0,0.0
2021-01-01 00:00:00+05:30,22.539126322073734,23.50958405356949,22.381754347352633,23.30849838256836,165284170,0.0,0.0
2021-01-04 00:00:00+05:30,23.605754869539485,23.780612980045767,22.801410562837543,23.430896759033203,144495945,0.0,0.0
2021-01-05 00:00:00+05:30,23.25603987056931,23.91175527105019,22.78392398178924,23.675697326660156,166935235,0.0,0.0
2021-01-06 00:00:00+05:30,23.78061173907867,24.007924936275987,22.39923807439032,23.09866714477539,198688600,0.0,0.0
2021-01-07 00:00:00+05:30,23.43089701798836,23.605755130427152,23.046211838735896,23.256040573120117,94819285,0.0,0.0
2021-01-08 00:00:00+05:30,23.430897302490013,23.58826927208165,22.845124786549235,22.906326293945312,100987895,0.0,0.0
2021-01-11 00:00:00+05:30,22.906324208244985,23.133637401879064,22.40797912739066,22.53912353515625,100857225,0.0,0.0
2021-01-12 00:00:00+05:30,22.521637224740523,24.62866912663626,22.25935007872508,24.331411361694336,224433340,0.0,0.0
2021-01-13 00:00:00+05:30,24.46255584878692,25.51170117267019,23.780612889076263,25.31935691833496,324462290,0.0,0.0
2021-01-14 00:00:00+05:30,25.01335906982422,25.73901742972214,24.855987096039264,25.01335906982422,168398490,0.0,0.0
2021-01-15 00:00:00+05:30,25.109529069435155,25.354330098295833,23.693184666749186,24.00792694091797,161771090,0.0,0.0
2021-01-18 00:00:00+05:30,24.252729022761766,24.786044798848355,22.906327474497633,23.238555908203125,167950745,0.0,0.0
2021-01-19 00:00:00+05:30,23.51832548101534,24.471298667872173,23.40466887809622,24.226497650146484,107299815,0.0,0.0
2021-01-20 00:00:00+05:30,24.217755543633004,25.109527199533495,24.042897440672654,24.821012496948242,140015620,0.0,0.0
2021-01-21 00:00:00+05:30,25.004616916138104,25.354331499863466,23.430898788017966,23.798099517822266,148362995,0.0,0.0
2021-01-22 00:00:00+05:30,23.95547032052319,24.217757496109748,22.906326620888727,23.291011810302734,146861220,0.0,0.0
2021-01-25 00:00:00+05:30,23.588269381229306,24.2002711174574,23.0549552977317,23.36969757080078,132229940,0.0,0.0
2021-01-27 00:00:00+05:30,23.42215652527472,24.261471495495815,22.748954934011582,22.94129753112793,248009810,0.0,0.0
2021-01-28 00:00:00+05:30,22.679011503305475,22.679011503305475,21.62986614685308,22.373010635375977,238782890,0.0,0.0
2021-01-29 00:00:00+05:30,22.740210994647065,23.77187019023788,22.338038002731917,23.0811824798584,181546180,0.0,0.0
2021-02-01 00:00:00+05:30,23.457126175772203,25.057071730527795,23.08118240227943,24.873472213745117,278047210,0.0,0.0
2021-02-02 00:00:00+05:30,25.1794718882678,26.34227385276441,24.663642282375186,25.62535858154297,249047850,0.0,0.0
2021-02-03 00:00:00+05:30,25.878902079576157,27.31273258864081,25.38930170265149,26.761932373046875,286683105,0.0,0.0
2021-02-04 00:00:00+05:30,26.788159267255654,28.632905792387778,26.464673937181136,28.353134155273438,310688515,0.0,0.0
2021-02-05 00:00:00+05:30,29.14873801044646,30.110452683130944,27.62747834534645,28.12582015991211,345454315,0.0,0.0
2021-02-08 00:00:00+05:30,28.396849466410096,28.632907424015873,27.548791434634886,27.70616340637207,107651075,0.0,0.0
2021-02-09 00:00:00+05:30,27.70616240652119,28.388107036915663,27.015474703837885,27.21656036376953,150625300,0.0,0.0
2021-02-10 00:00:00+05:30,27.36519079740584,28.230736659429965,26.893076540236038,28.090850830078125,163381960,0.0,0.0
2021-02-11 00:00:00+05:30,27.977193283255964,28.213251251800397,27.46136364869028,27.592506408691406,88013255,0.0,0.0
2021-02-12 00:00:00+05:30,27.732389713621647,28.27444851780183,27.3039891806332,27.470104217529297,106126145,0.0,0.0
2021-02-15 00:00:00+05:30,27.776105941431688,28.729079163912687,27.54004798704012,28.423076629638672,114925545,0.0,0.0
2021-02-16 00:00:00+05:30,28.781532791876998,29.017590734197228,27.99467631928387,28.431819915771484,143555370,0.0,0.0
2021-02-17 00:00:00+05:30,28.405592483958962,29.454734451727877,28.326906502862197,29.070049285888672,237259260,0.0,0.0
2021-02-18 00:00:00+05:30,29.376048845975102,30.530107693379342,28.91267769311854,29.445993423461914,282764875,0.0,0.0
2021-02-19 00:00:00+05:30,29.201195405826184,29.585880594144783,27.67119105485449,27.977191925048828,161413225,0.0,0.0
2021-02-22 00:00:00+05:30,27.977191464325276,28.15204957800553,26.840618728115285,27.050447463989258,82717840,0.0,0.0
2021-02-23 00:00:00+05:30,27.102905946760906,28.09959292214821,27.102905946760906,27.854793548583984,101122890,0.0,0.0
2021-02-24 00:00:00+05:30,27.872277716180765,28.624166977189706,27.164105487227626,28.12582015991211,86205500,0.0,0.0
2021-02-25 00:00:00+05:30,28.501760717732758,29.00884888271198,28.396847190031885,28.589191436767578,84248020,0.0,0.0
2021-02-26 00:00:00+05:30,27.977191168320783,28.099590846059613,27.102903944310757,27.487590789794922,102290685,0.0,0.0
2021-03-01 00:00:00+05:30,27.8460486448596,27.977191396014305,27.1203903097283,27.408905029296875,67907515,0.0,0.0
2021-03-02 00:00:00+05:30,27.609990413975467,28.361876291217598,27.435132302484437,27.75861930847168,89081495,0.0,0.0
2021-03-03 00:00:00+05:30,27.977190503060328,29.20119392162562,27.92473373778683,28.991363525390625,134824005,0.0,0.0
2021-03-04 00:00:00+05:30,28.589190899909166,30.1541657222652,28.291933131054616,29.472219467163086,158072265,0.0,0.0
2021-03-05 00:00:00+05:30,29.20119386912888,29.236162822487675,27.49633315888537,27.90724754333496,155722910,0.0,0.0
2021-03-08 00:00:00+05:30,28.326905564823896,28.816504244198857,27.977189363721035,28.213247299194336,81364795,0.0,0.0
2021-03-09 00:00:00+05:30,28.46679376703522,28.720334532212824,27.548791163461438,27.968448638916016,75612295,0.0,0.0
2021-03-10 00:00:00+05:30,28.22199211907163,28.45805008311465,27.933479053113224,28.187023162841797,49132145,0.0,0.0
2021-03-12 00:00:00+05:30,28.458049565246125,28.711593670360802,27.199077115068235,27.452619552612305,79507070,0.0,0.0
2021-03-15 00:00:00+05:30,27.540047724682477,27.802333226460757,26.53461774443834,27.679933547973633,78056920,0.0,0.0
2021-03-16 00:00:00+05:30,27.802334324768214,27.95970629908025,26.971762424612265,27.548791885375977,77430805,0.0,0.0
2021-03-17 00:00:00+05:30,27.47010351164747,27.653703020680172,26.088729821411633,26.272329330444336,87762375,0.0,0.0
2021-03-18 00:00:00+05:30,26.71821586805129,27.06793040803158,25.022099932254253,25.63409996032715,101310520,0.0,0.0
2021-03-19 00:00:00+05:30,25.266900417033877,26.648274162990774,24.72484327248792,26.403474807739258,119483480,0.0,0.0
2021-03-22 00:00:00+05:30,26.403474826268937,26.971761188235178,25.79147310256958,26.22861671447754,95556770,0.0,0.0
2021-03-23 00:00:00+05:30,26.39473268806906,27.35644900181717,25.983816611087533,26.901819229125977,107108145,0.0,0.0
2021-03-24 00:00:00+05:30,26.691989158805036,27.041703709778055,25.80021580314595,25.940101623535156,69870025,0.0,0.0
2021-03-25 00:00:00+05:30,25.983816118635957,26.316046202987092,23.964213065340346,25.07455825805664,167465350,0.0,0.0
2021-03-26 00:00:00+05:30,25.704045007484975,25.96633218497631,25.23193075611354,25.555416107177734,82874275,0.0,0.0
2021-03-30 00:00:00+05:30,25.87890075123706,26.141186237091212,25.319355824473526,25.712785720825195,65449225,0.0,0.0
2021-03-31 00:00:00+05:30,25.69530153268635,27.172847439962087,25.433016026870327,26.613304138183594,125375210,0.0,0.0
2021-04-01 00:00:00+05:30,26.997989395389187,27.522562075971702,26.33353255656466,27.33896255493164,93341790,0.0,0.0
2021-04-05 00:00:00+05:30,26.971762631997223,27.277763510226716,25.32810162940084,25.66033172607422,112670590,0.0,0.0
2021-04-06 00:00:00+05:30,25.878902435302734,26.21113085017573,25.467986368468363,25.878902435302734,74317510,0.0,0.0
2021-04-07 00:00:00+05:30,25.791473743845565,26.75319004746918,25.730273903468074,26.167417526245117,97050120,0.0,0.0
2021-04-08 00:00:00+05:30,26.368503715531823,26.473418920810392,25.62535920855627,25.739017486572266,65429150,0.0,0.0
2021-04-09 00:00:00+05:30,25.704043245587467,26.893074366542614,25.529186806816142,26.01004409790039,124922715,0.0,0.0
2021-04-12 00:00:00+05:30,25.170728942301896,25.170728942301896,22.792666723758384,23.116153717041016,139699735,0.0,0.0
2021-04-13 00:00:00+05:30,23.60575581868064,24.12158543108709,23.002497147505704,24.01667022705078,100509615,0.0,0.0
2021-04-15 00:00:00+05:30,23.83306863795618,24.357641277512407,23.36095276208444,23.736896514892578,77774760,0.0,0.0
2021-04-16 00:00:00+05:30,23.736898483915525,24.104099195307867,23.25604116385034,23.465869903564453,69438630,0.0,0.0
2021-04-19 00:00:00+05:30,22.381754928999868,22.696497219050837,21.734782535332588,22.60906982421875,100388660,0.0,0.0
2021-04-20 00:00:00+05:30,22.906324871899916,23.256039411742645,22.180666576387335,22.39049530029297,65192495,0.0,0.0
2021-04-22 00:00:00+05:30,21.997067587064457,22.950040845085066,21.874667902846603,22.775182723999023,69547485,0.0,0.0
2021-04-23 00:00:00+05:30,22.469180807480644,23.570781167916337,22.442951592205347,22.81889533996582,103449745,0.0,0.0
2021-04-26 00:00:00+05:30,23.09867100639465,23.745643421553837,23.037471160950915,23.649471282958984,94189475,0.0,0.0
2021-04-27 00:00:00+05:30,23.745640756215074,24.515014443473802,23.53581202357284,24.418842315673828,100327380,0.0,0.0
2021-04-28 00:00:00+05:30,24.48004351580457,25.12701589432807,24.48004351580457,25.02210235595703,83622715,0.0,0.0
2021-04-29 00:00:00+05:30,25.17947256975952,25.336844544300742,24.147814997622675,24.392614364624023,95224395,0.0,0.0
2021-04-30 00:00:00+05:30,24.02541095199224,25.161985269778746,23.868038995101,24.2614688873291,94299250,0.0,0.0
2021-05-03 00:00:00+05:30,23.94672497354662,24.445068391988595,23.763125468887125,24.2614688873291,68410960,0.0,0.0
2021-05-04 00:00:00+05:30,24.480044626694706,25.931361424728806,24.410101708749835,24.716102600097656,186206435,0.0,0.0
2021-05-05 00:00:00+05:30,25.12701558994747,25.86141701993095,24.899700702803,25.459245681762695,112023825,0.0,0.0
2021-05-06 00:00:00+05:30,25.70404468815646,25.70404468815646,24.89970035546939,25.083301544189453,55567690,0.0,0.0
2021-05-07 00:00:00+05:30,25.258157328486828,25.511701423486688,24.847242934170776,25.231929779052734,54871900,0.0,0.0
2021-05-10 00:00:00+05:30,25.35433041370087,26.377246569508177,25.266901354622263,25.730274200439453,93566470,0.0,0.0
2021-05-11 00:00:00+05:30,25.17947178906622,26.63078847083824,25.065815181849622,26.246103286743164,163775745,0.0,0.0
2021-05-12 00:00:00+05:30,26.385989254943436,27.225304207611178,25.940102560999733,26.613304138183594,171938420,0.0,0.0
2021-05-14 00:00:00+05:30,27.032963549346896,27.365191991663806,25.511703838077608,25.80021858215332,128223600,0.0,0.0
2021-05-17 00:00:00+05:30,26.053758306984758,26.92804552087781,26.053758306984758,26.840618133544922,83654685,0.0,0.0
2021-05-18 00:00:00+05:30,27.260276911050845,27.566277784189207,25.380559644016056,25.642845153808594,233917065,0.0,0.0
2021-05-19 00:00:00+05:30,25.878902276579886,26.62204675372933,25.529187718971485,25.599130630493164,193909280,0.0,0.0
2021-05-20 00:00:00+05:30,25.86141587182206,26.15867365969351,25.599130373145154,25.77398681640625,77175110,0.0,0.0
2021-05-21 00:00:00+05:30,26.04501814376738,26.840619412927474,25.96633215736072,26.726961135864258,167529175,0.0,0.0
2021-05-24 00:00:00+05:30,27.006732753490336,27.942219848841905,26.71821802625508,26.989248275756836,252063070,0.0,0.0
2021-05-25 00:00:00+05:30,27.242789529715644,27.31273244032507,26.228616492093664,26.307302474975586,115872570,0.0,0.0
2021-05-26 00:00:00+05:30,26.403476977324495,26.622048801085224,26.088733017486426,26.149932861328125,77472255,0.0,0.0
2021-05-27 00:00:00+05:30,26.34227341489816,27.172846947548607,25.992558857623962,26.866846084594727,169949860,0.0,0.0
2021-05-28 00:00:00+05:30,27.295248653847075,28.484281572070298,27.067933757835814,28.309423446655273,302720720,0.0,0.0
2021-05-31 00:00:00+05:30,28.326909195713483,28.615422263734665,27.64496451723705,28.11707878112793,129044965,0.0,0.0
2021-06-01 00:00:00+05:30,28.256963818131137,28.50176318231491,27.601248376803575,27.811077117919922,87632170,0.0,0.0
2021-06-02 00:00:00+05:30,27.80233242336464,28.74656420466076,27.679932748413144,28.641647338867188,119397200,0.0,0.0
2021-06-03 00:00:00+05:30,28.85147993889942,28.982624363587284,28.440563854342617,28.545480728149414,82398320,0.0,0.0
2021-06-04 00:00:00+05:30,28.5017633481468,28.667880062073337,27.95096310795799,28.169536590576172,69208590,0.0,0.0
2021-06-07 00:00:00+05:30,28.326907704695653,28.466793528675883,27.98593288204905,28.134563446044922,47878890,0.0,0.0
2021-06-08 00:00:00+05:30,28.152048171661917,28.239475556564027,27.23404562205549,27.618732452392578,80489370,0.0,0.0
2021-06-09 00:00:00+05:30,27.767362681035745,28.37062133787489,26.814389465003817,27.234046936035156,108230265,0.0,0.0
2021-06-10 00:00:00+05:30,27.470107393498072,27.8722787563463,27.216563272734067,27.443878173828125,56634540,0.0,0.0
2021-06-11 00:00:00+05:30,27.732391043554617,27.889763015785157,27.067932531676004,27.260276794433594,42645950,0.0,0.0
2021-06-14 00:00:00+05:30,27.260274493620223,27.260274493620223,26.228615356134334,27.059188842773438,68858495,0.0,0.0
2021-06-15 00:00:00+05:30,27.120391030396387,27.443876380669245,26.910562289458984,26.989248275756836,31980110,0.0,0.0
2021-06-16 00:00:00+05:30,27.015475252548992,27.27776242382981,26.552104084822844,26.60456085205078,40989310,0.0,0.0
2021-06-17 00:00:00+05:30,26.333533147126293,26.997990000852074,26.141188881642485,26.464675903320312,63495250,0.0,0.0
2021-06-18 00:00:00+05:30,26.578331124604773,26.73570309083913,24.73358622642672,25.77398681640625,95152200,0.0,0.0
2021-06-21 00:00:00+05:30,25.354330220042666,26.744447079305825,25.14450148039906,26.630788803100586,88617150,0.0,0.0
2021-06-22 00:00:00+05:30,26.971760064024274,27.260274769155114,26.4034737257448,26.534616470336914,60366600,0.0,0.0
2021-06-23 00:00:00+05:30,26.709471609950754,26.963015682408237,26.385986300173734,26.5695858001709,58516070,0.0,0.0
2021-06-24 00:00:00+05:30,26.691989781352365,26.788160242881393,25.966331445819606,26.062501907348633,46766895,0.0,0.0
2021-06-25 00:00:00+05:30,26.228615998501972,27.155359963529303,26.11495939623948,26.823131561279297,76494885,0.0,0.0
2021-06-28 00:00:00+05:30,27.067934363079132,27.662450001698872,26.9805069659874,27.443878173828125,96950150,0.0,0.0
2021-06-29 00:00:00+05:30,27.41765035260128,27.58376373950159,26.805648573542232,26.884334564208984,49633635,0.0,0.0
2021-06-30 00:00:00+05:30,27.08541710155587,27.12038939004881,26.490901537739894,26.55210304260254,38862100,0.0,0.0
2021-07-01 00:00:00+05:30,26.683246355001714,27.094160748082246,26.4297022607642,26.858102798461914,53296120,0.0,0.0
2021-07-02 00:00:00+05:30,26.858105344796503,27.225306078717797,26.77941935412975,26.884334564208984,39426895,0.0,0.0
2021-07-05 00:00:00+05:30,27.10290439739352,27.36518990195297,26.831875820339345,27.24279022216797,46783410,0.0,0.0
2021-07-06 00:00:00+05:30,27.22530330700709,27.452618182727743,26.753189078641512,26.840618133544922,43728840,0.0,0.0
2021-07-07 00:00:00+05:30,26.75319092484898,27.12913471957773,26.657018791061446,27.024219512939453,28098935,0.0,0.0
2021-07-08 00:00:00+05:30,27.102904974837575,27.338962934512782,26.34227432729655,26.54336166381836,41787425,0.0,0.0
2021-07-09 00:00:00+05:30,26.385989277228482,26.63078863817804,26.228617306577725,26.438446044921875,33389935,0.0,0.0
2021-07-12 00:00:00+05:30,26.700731502857842,26.901817155737117,26.4034737257448,26.534616470336914,37441635,0.0,0.0
2021-07-13 00:00:00+05:30,26.709474978144716,26.8755900235451,26.552104672975016,26.814390182495117,29357725,0.0,0.0
2021-07-14 00:00:00+05:30,26.744448395692764,26.893077302035632,26.447190583007032,26.508390426635742,40916345,0.0,0.0
2021-07-15 00:00:00+05:30,26.639533246465373,26.65701939256142,26.10621913110124,26.324790954589844,40509370,0.0,0.0
2021-07-16 00:00:00+05:30,26.5608461542683,26.622047663064475,26.25484694814046,26.4559326171875,27585325,0.0,0.0
2021-07-19 00:00:00+05:30,26.35101708228425,26.35101708228425,25.739017010128034,25.90513038635254,37632230,0.0,0.0
2021-07-20 00:00:00+05:30,25.913873157509734,25.966331592353118,25.100785760713524,25.25815773010254,44843980,0.0,0.0
2021-07-22 00:00:00+05:30,25.494213539401535,25.61661320859769,25.25815560517716,25.336841583251953,22077260,0.0,0.0
2021-07-23 00:00:00+05:30,25.35433001455096,25.581644897548507,25.153244349135253,25.53792953491211,27940715,0.0,0.0
2021-07-26 00:00:00+05:30,25.56415916735671,25.765244836035695,25.40678719445295,25.642845153808594,25636135,0.0,0.0
2021-07-27 00:00:00+05:30,25.70404534133254,26.33353324143113,25.616616281033224,26.018789291381836,88155180,0.0,0.0
2021-07-28 00:00:00+05:30,26.237359546792614,26.316045529621835,24.847242740237096,25.048328399658203,98948435,0.0,0.0
2021-07-29 00:00:00+05:30,25.161987527372034,26.40347548276166,24.98712941123298,26.167417526245117,124721770,0.0,0.0
2021-07-30 00:00:00+05:30,26.167415325055124,27.111645404122548,26.027529510939242,26.788158416748047,95929250,0.0,0.0
2021-08-02 00:00:00+05:30,27.05044701877735,27.583761088340477,26.95427489107901,27.20781898498535,75713775,0.0,0.0
2021-08-03 00:00:00+05:30,27.277763737312142,27.575021545201658,27.067933323155486,27.478849411010742,70009910,0.0,0.0
2021-08-04 00:00:00+05:30,27.592504762475404,27.898505629268612,27.190333433456747,27.417648315429688,97791080,0.0,0.0
2021-08-05 00:00:00+05:30,27.242790424346513,27.443876090505796,26.578331917951406,27.33896255493164,65215995,0.0,0.0
2021-08-06 00:00:00+05:30,27.365191740936094,27.76736476486721,27.199078355084964,27.51382064819336,48439680,0.0,0.0
2021-08-09 00:00:00+05:30,27.452618790855066,27.62747690453532,26.691989831758235,27.050447463989258,34579170,0.0,0.0
2021-08-10 00:00:00+05:30,26.928044666954744,27.330217639728794,26.289815421268813,26.718215942382812,39908735,0.0,0.0
2021-08-11 00:00:00+05:30,26.718216967855984,27.06793152223161,26.359759341174648,26.945531845092773,27092590,0.0,0.0
2021-08-12 00:00:00+05:30,26.954276965462643,27.347706911260758,26.849361757392927,27.225305557250977,28940720,0.0,0.0
2021-08-13 00:00:00+05:30,27.286502863937365,27.505074665157895,26.928045243341334,27.277761459350586,55109985,0.0,0.0
2021-08-16 00:00:00+05:30,27.102904760552033,28.01216430133992,27.050447992451375,27.53130531311035,89187445,0.0,0.0
2021-08-17 00:00:00+05:30,27.365189802626222,27.365189802626222,26.534617929488952,26.69198989868164,138480310,0.0,0.0
2021-08-18 00:00:00+05:30,26.683248121533115,27.732391854463184,26.403476459418428,27.478849411010742,172405390,0.0,0.0
2021-08-20 00:00:00+05:30,27.102902771216584,27.129131987127003,26.438444309620238,26.718215942382812,57855210,0.0,0.0
2021-08-23 00:00:00+05:30,26.928048940502602,27.041707226581792,25.913875777001255,26.735706329345703,44342855,0.0,0.0
2021-08-24 00:00:00+05:30,26.578333165604594,27.277763995071165,26.534619468325097,27.225305557250977,39847235,0.0,0.0
2021-08-25 00:00:00+05:30,27.260277828031455,27.417649806228894,26.316047626417483,26.41221809387207,157596220,0.0,0.0
2021-08-26 00:00:00+05:30,26.482161771550754,27.12913414056168,26.464675626222473,26.726961135864258,150781535,0.0,0.0
2021-08-27 00:00:00+05:30,26.779419020236027,26.83187745840692,26.43844750997855,26.508390426635742,46886690,0.0,0.0
2021-08-30 00:00:00+05:30,26.75318963550558,27.24279001855691,26.59581766691787,27.146617889404297,64853600,0.0,0.0
2021-08-31 00:00:00+05:30,27.146618812240398,28.414336008896324,26.87559022799839,27.819820404052734,163342355,0.0,0.0
2021-09-01 00:00:00+05:30,27.802335642661195,28.361878984453707,27.487593346688257,28.16079330444336,83001905,0.0,0.0
2021-09-02 00:00:00+05:30,28.26570877525604,28.49302199586507,27.697420721021626,27.819820404052734,91891260,0.0,0.0
2021-09-03 00:00:00+05:30,27.863534022959147,28.580447598372366,27.819818662063486,28.099590301513672,95795720,0.0,0.0
2021-09-06 00:00:00+05:30,28.27444969615742,28.676621029269175,27.933478203513054,27.985933303833008,82329740,0.0,0.0
2021-09-07 00:00:00+05:30,28.099592388562034,28.099592388562034,27.13787772341496,27.29524803161621,78581620,0.0,0.0
2021-09-08 00:00:00+05:30,27.29524649835847,28.17827679358771,27.22530358722994,27.58376121520996,89951525,0.0,0.0
2021-09-09 00:00:00+05:30,27.452617638723627,27.924733525304227,27.39141780177514,27.54004669189453,33803115,0.0,0.0
2021-09-13 00:00:00+05:30,27.452618937810605,27.644963197402628,27.181590360968876,27.417648315429688,33226195,0.0,0.0
2021-09-14 00:00:00+05:30,27.452618754150336,27.609990722738047,27.041704355392863,27.146617889404297,48386370,0.0,0.0
2021-09-15 00:00:00+05:30,27.347705854528012,28.335649715977542,27.19033388228972,28.2569637298584,95019770,0.0,0.0
2021-09-16 00:00:00+05:30,28.25696353599939,29.34108118896538,28.05587786955029,29.15747833251953,189827730,0.0,0.0
2021-09-17 00:00:00+05:30,29.6033672905802,29.944338789893617,27.83730661720748,28.458049774169922,224284535,0.0,0.0
2021-09-20 00:00:00+05:30,27.802332243783404,28.536733623889727,26.997987954503646,27.094160079956055,68590310,0.0,0.0
2021-09-21 00:00:00+05:30,27.330218023755336,27.522560607089662,26.587073571556022,27.094160079956055,71617125,0.0,0.0
2021-09-22 00:00:00+05:30,27.242788518447917,27.81981792644868,27.1029027024217,27.426389694213867,56658945,0.0,0.0
2021-09-23 00:00:00+05:30,27.662448995476975,28.501763983536602,27.62747837142648,28.11707878112793,92340615,0.0,0.0
2021-09-24 00:00:00+05:30,28.152049270672475,28.274448948370093,27.487590780540106,27.57501983642578,37840935,0.0,0.0
2021-09-27 00:00:00+05:30,27.819819528700418,28.283190695635685,27.644963082382215,27.959705352783203,51218570,0.0,0.0
2021-09-28 00:00:00+05:30,27.97719058163644,28.833991642982134,27.96844750947122,28.624164581298828,77002825,0.0,0.0
2021-09-29 00:00:00+05:30,28.291933777443404,30.07548043131958,28.27444763356529,29.402278900146484,176541445,0.0,0.0
2021-09-30 00:00:00+05:30,29.542168923410962,31.037199418931177,29.47222433793705,30.25033950805664,220955680,0.0,0.0
2021-10-01 00:00:00+05:30,30.14542497089637,31.290742506702642,29.376051231761572,30.923540115356445,162352925,0.0,0.0
2021-10-04 00:00:00+05:30,31.019708727530833,31.99016803036984,30.967250296111647,31.841537475585938,125232450,0.0,0.0
2021-10-05 00:00:00+05:30,31.8240538964452,32.068853233526205,31.15959378845272,31.43062400817871,82813145,0.0,0.0
2021-10-06 00:00:00+05:30,31.491828944605434,32.06885842917025,30.32902523479708,30.503883361816406,94984375,0.0,0.0
2021-10-07 00:00:00+05:30,30.871085556945562,31.037198942182414,30.35525591999378,30.573827743530273,58772760,0.0,0.0
2021-10-08 00:00:00+05:30,30.949768895786995,31.290740377675018,30.02302324272281,30.99348258972168,91244705,0.0,0.0
2021-10-11 00:00:00+05:30,31.29947773550242,31.640449173304134,30.696220832864054,30.888565063476562,82634865,0.0,0.0
2021-10-12 00:00:00+05:30,30.949768816989447,32.87319802634702,30.774910706554838,32.70708465576172,210594485,0.0,0.0
2021-10-13 00:00:00+05:30,33.04805636208308,33.16171463491159,32.287427411919225,32.62839889526367,157132885,0.0,0.0
2021-10-14 00:00:00+05:30,32.855712558558636,34.09719870542712,32.680854462271874,33.84365463256836,138845300,0.0,0.0
2021-10-18 00:00:00+05:30,34.23708571789308,35.71462984637144,33.852400560664044,34.78788757324219,184701600,0.0,0.0
2021-10-19 00:00:00+05:30,35.128864773243095,35.23377831777013,33.065546165076434,33.34531784057617,115574880,0.0,0.0
2021-10-20 00:00:00+05:30,33.25788488579279,34.50811581091277,32.63714179294046,34.149658203125,109093940,0.0,0.0
2021-10-21 00:00:00+05:30,34.46440284000571,35.14634918359639,33.61634644966618,34.901546478271484,142001490,0.0,0.0
2021-10-22 00:00:00+05:30,35.14634583757551,35.55725855052933,34.28954478836117,34.726688385009766,116247380,0.0,0.0
2021-10-25 00:00:00+05:30,34.90154200379563,36.15177291576393,34.77040093021333,35.31245803833008,150329375,0.0,0.0
2021-10-26 00:00:00+05:30,35.49605990944615,36.28291974397432,33.441486270048614,33.808685302734375,300775775,0.0,0.0
2021-10-27 00:00:00+05:30,34.770402426185925,35.635944888547435,34.49063078833766,35.11137390136719,209824795,0.0,0.0
2021-10-28 00:00:00+05:30,35.13760467183517,35.461093367558895,34.0097766124767,34.16714859008789,141097665,0.0,0.0
2021-10-29 00:00:00+05:30,34.03600228904537,38.23258034553946,33.415259153291565,37.50692367553711,361340545,0.0,0.0
2021-11-01 00:00:00+05:30,37.59434955635595,37.76046292351235,36.518976701821295,37.53314971923828,88593570,0.0,0.0
2021-11-02 00:00:00+05:30,37.769212308140865,39.596472912146645,37.41949605148142,39.21178436279297,194794090,0.0,0.0
2021-11-03 00:00:00+05:30,39.29921375379544,40.15601488472491,38.818356418649685,39.50904083251953,155316095,0.0,0.0
2021-11-04 00:00:00+05:30,39.806295780235914,40.39206994780186,39.692640843734424,40.007381439208984,21922315,0.0,0.0
2021-11-08 00:00:00+05:30,40.20847222751383,43.01493350883176,39.99864181935998,42.70893096923828,242141500,0.0,0.0
2021-11-09 00:00:00+05:30,42.84007612740366,43.29470590693183,42.14064698010695,42.45539093017578,115533170,0.0,0.0
2021-11-10 00:00:00+05:30,42.315508155687766,42.69145197484003,40.916646424962174,41.25761795043945,89484360,0.0,0.0
2021-11-11 00:00:00+05:30,41.30133241798228,41.67727287862613,40.103556447624406,40.496986389160156,69272370,0.0,0.0
2021-11-12 00:00:00+05:30,40.74178664992801,40.90790337061927,39.61395857306162,40.35710144042969,75428590,0.0,0.0
2021-11-15 00:00:00+05:30,40.64561756913828,40.71555881804685,39.6401858518396,39.79755783081055,38603600,0.0,0.0
2021-11-16 00:00:00+05:30,39.87624035533422,40.10355356346183,38.64349551727278,38.82709503173828,54766815,0.0,0.0
2021-11-17 00:00:00+05:30,38.643495550471044,39.60521015242791,38.381210053131994,38.477378845214844,76916535,0.0,0.0
2021-11-18 00:00:00+05:30,38.626011574682565,38.98446921937169,37.74297957072122,38.38995361328125,63729300,0.0,0.0
2021-11-22 00:00:00+05:30,38.468635732438074,38.582293999123365,36.090573547187724,37.03480529785156,68737045,0.0,0.0
2021-11-23 00:00:00+05:30,36.72006583662434,38.07521045642388,36.5452077132312,37.78669738769531,55769555,0.0,0.0
2021-11-24 00:00:00+05:30,37.97029486327931,38.29378020622297,37.23589345285241,37.33206558227539,45277920,0.0,0.0
2021-11-25 00:00:00+05:30,37.445723560957,37.76920890134661,37.0785211910722,37.603092193603516,32728325,0.0,0.0
2021-11-26 00:00:00+05:30,37.22715171226856,37.40200648948871,35.25126071232638,35.43486022949219,67114675,0.0,0.0
2021-11-29 00:00:00+05:30,34.971491718038244,35.819551459445904,34.05349072746801,34.84034729003906,67554300,0.0,0.0
2021-11-30 00:00:00+05:30,34.840343526819694,36.10806063169658,34.53434434139537,34.82286071777344,68010695,0.0,0.0
2021-12-01 00:00:00+05:30,35.14634522462065,36.282917889056904,34.74417392315167,36.14303207397461,61086710,0.0,0.0
2021-12-02 00:00:00+05:30,36.22172164916992,36.43154872505264,35.59223375123928,36.22172164916992,39022375,0.0,0.0
2021-12-03 00:00:00+05:30,36.26543471589164,36.80749187684447,35.906977076934595,36.108062744140625,49609070,0.0,0.0
2021-12-06 00:00:00+05:30,36.16926119670527,36.64137709383949,35.31246012513264,35.41737365722656,54522660,0.0,0.0
2021-12-07 00:00:00+05:30,35.810801779735016,36.842460909939824,35.72337439655463,36.571434020996094,44753385,0.0,0.0
2021-12-08 00:00:00+05:30,36.85995002322881,37.62932373073623,36.449033951865566,37.541893005371094,65377340,0.0,0.0
2021-12-09 00:00:00+05:30,37.61183886783709,37.9440689652679,37.0348094013211,37.59435272216797,43752670,0.0,0.0
2021-12-10 00:00:00+05:30,37.5418921736245,38.99320883112004,37.17469314064975,38.844581604003906,60846350,0.0,0.0
2021-12-13 00:00:00+05:30,39.15058332700692,39.168069472822026,37.88286943925427,37.97903823852539,39306635,0.0,0.0
2021-12-14 00:00:00+05:30,37.91783633446207,37.99652231878188,37.09600753667609,37.69926452636719,41455375,0.0,0.0
2021-12-15 00:00:00+05:30,37.71675190850596,38.01400971067201,36.84246464744596,36.938636779785156,28998785,0.0,0.0
2021-12-16 00:00:00+05:30,37.244633591583515,37.57686366325734,36.67634890953042,37.1047477722168,26826095,0.0,0.0
2021-12-17 00:00:00+05:30,36.96486266255121,36.96486266255121,35.16383312051878,35.338687896728516,47568545,0.0,0.0
2021-12-20 00:00:00+05:30,34.796629107240065,34.97148721031985,32.89068278746636,33.37154006958008,55742740,0.0,0.0
2021-12-21 00:00:00+05:30,33.89611756322927,34.245830467102095,33.2928605528283,33.607601165771484,36552970,0.0,0.0
2021-12-22 00:00:00+05:30,33.99228744248854,35.38240423095468,33.966056558459435,34.56931686401367,61715265,0.0,0.0
2021-12-23 00:00:00+05:30,34.86657706882618,35.63594746087424,34.60429155630338,35.05891799926758,46320985,0.0,0.0
2021-12-24 00:00:00+05:30,35.26874539994568,35.303717688001264,33.74748422093731,33.91360092163086,50931385,0.0,0.0
2021-12-27 00:00:00+05:30,33.222917086987096,34.35948989925049,32.59342916967264,34.202117919921875,50266245,0.0,0.0
2021-12-28 00:00:00+05:30,34.4643984986982,34.70045643384364,34.21085775514869,34.595542907714844,26939730,0.0,0.0
2021-12-29 00:00:00+05:30,34.45566242976254,34.875319934400196,34.21960445806485,34.39446258544922,28685475,0.0,0.0
2021-12-30 00:00:00+05:30,34.27206425001108,34.342005502641534,33.834920581860786,34.097206115722656,30108385,0.0,0.0
2021-12-31 00:00:00+05:30,34.280799400727304,35.20754500875449,34.24582711322268,34.962745666503906,36008765,0.0,0.0
2022-01-03 00:00:00+05:30,34.919033453492354,36.09057856527938,34.726692515982585,35.92446517944336,38953755,0.0,0.0
2022-01-04 00:00:00+05:30,36.09931988576717,36.54520489768317,35.732117521417784,36.11680603027344,46704665,0.0,0.0
2022-01-05 00:00:00+05:30,36.10806053843239,37.07851985990147,35.87200259522578,36.894920349121094,57771810,0.0,0.0
2022-01-06 00:00:00+05:30,36.53646435257225,37.375779297772574,36.27417884908979,37.15720748901367,53654395,0.0,0.0
2022-01-07 00:00:00+05:30,37.28835488157236,37.69926764690793,36.667608360493595,37.12223815917969,43376495,0.0,0.0
2022-01-10 00:00:00+05:30,37.29709307065974,38.60852391468455,37.29709307065974,38.41617965698242,51528210,0.0,0.0
2022-01-11 00:00:00+05:30,37.98778322858893,39.036928638399075,37.98778322858893,38.71343994140625,57530155,0.0,0.0
2022-01-12 00:00:00+05:30,38.95824577883578,39.544016706410005,38.73092919862669,38.949501037597656,40422790,0.0,0.0
2022-01-13 00:00:00+05:30,38.92326790385431,39.718869150239996,38.591037822409625,39.40412521362305,41998450,0.0,0.0
2022-01-14 00:00:00+05:30,39.32543998326027,39.92869698324527,39.08064062126192,39.806297302246094,40366635,0.0,0.0
2022-01-17 00:00:00+05:30,39.79755444385459,40.27841174527982,39.71012372123297,39.815040588378906,24529380,0.0,0.0
2022-01-18 00:00:00+05:30,39.93744210272203,40.217213757703455,38.765897046809364,39.01069641113281,36236730,0.0,0.0
2022-01-19 00:00:00+05:30,38.87081124238491,40.1997282936384,38.61726713352956,39.937442779541016,37112995,0.0,0.0
2022-01-20 00:00:00+05:30,40.07732666924714,40.6368699616049,39.65766919997882,39.94618225097656,49452470,0.0,0.0
2022-01-21 00:00:00+05:30,39.32543931221575,39.64018324949497,37.297093199906456,37.69926452636719,53192755,0.0,0.0
2022-01-24 00:00:00+05:30,37.69926610510281,38.048982346756176,35.7845781866608,36.49275207519531,52274935,0.0,0.0
2022-01-25 00:00:00+05:30,36.10806423038153,39.036928638399075,35.924464700828615,38.71343994140625,60447725,0.0,0.0
2022-01-27 00:00:00+05:30,38.11892359617042,42.3592188521084,37.76921068963841,42.105674743652344,234705435,0.0,0.0
2022-01-28 00:00:00+05:30,42.359215472493005,42.64772851398447,41.36252859892816,41.773441314697266,108984570,0.0,0.0
2022-01-31 00:00:00+05:30,42.210585612682614,44.48373436952143,42.14064436985583,44.23019027709961,147102420,0.0,0.0
2022-02-01 00:00:00+05:30,44.562422696777716,45.74270916338571,42.840075727822125,45.24436569213867,173366905,0.0,0.0
2022-02-02 00:00:00+05:30,45.410481137506,47.56123042908417,45.06950962430764,47.15031433105469,136021565,0.0,0.0
2022-02-03 00:00:00+05:30,46.98419663509454,47.70111188814665,46.17985065902324,46.31973648071289,83876480,0.0,0.0
2022-02-04 00:00:00+05:30,46.41590572315746,47.00167652283861,45.32304676690977,45.63779067993164,58721430,0.0,0.0
2022-02-07 00:00:00+05:30,45.72522238228652,46.62574051520726,44.912134975210165,45.130706787109375,79617185,0.0,0.0
2022-02-08 00:00:00+05:30,45.200653387052306,46.06619593316086,44.02910828952998,45.5853385925293,77005360,0.0,0.0
2022-02-09 00:00:00+05:30,45.77767925549009,46.0049924646454,44.632361799574866,45.506649017333984,46172495,0.0,0.0
2022-02-10 00:00:00+05:30,45.55911153298858,45.97002762939716,44.903396060919405,45.253108978271484,44205795,0.0,0.0
2022-02-11 00:00:00+05:30,44.955847174216295,45.64653487726229,43.74933321399285,43.976646423339844,44037180,0.0,0.0
2022-02-14 00:00:00+05:30,42.49035471328686,43.45207259198613,40.75926653379719,41.04778289794922,67861420,0.0,0.0
2022-02-15 00:00:00+05:30,41.12647186854371,43.504530852885416,40.60189753240664,43.35590362548828,81562540,0.0,0.0
2022-02-16 00:00:00+05:30,43.513279380751236,43.86299230014489,42.49036150407818,42.71767807006836,62946135,0.0,0.0
2022-02-17 00:00:00+05:30,42.892537299453814,43.10236438945321,41.74721970480713,41.860877990722656,36425255,0.0,0.0
2022-02-18 00:00:00+05:30,41.71224514113662,42.700190696941696,41.46744577108064,41.6597900390625,47159215,0.0,0.0
2022-02-21 00:00:00+05:30,41.53738635083971,42.03573315851782,40.59315784213765,40.7330436706543,69086415,0.0,0.0
2022-02-22 00:00:00+05:30,38.64349611161426,40.54944253383726,38.64349611161426,40.2958984375,76284760,0.0,0.0
2022-02-23 00:00:00+05:30,40.56693174725574,41.13521648687308,39.902471536601766,40.06858825683594,43202360,0.0,0.0
2022-02-24 00:00:00+05:30,36.06434815604804,39.16806714851002,36.06434815604804,36.42280578613281,103991045,0.0,0.0
2022-02-25 00:00:00+05:30,37.76921383265,38.95824515111629,37.41949756187467,38.19761276245117,81491485,0.0,0.0
2022-02-28 00:00:00+05:30,37.85663594239367,38.59103734027771,37.48069217114702,38.3986930847168,61273635,0.0,0.0
2022-03-02 00:00:00+05:30,38.09269465314669,38.27629417250146,37.10474914139685,37.79543685913086,54860675,0.0,0.0
2022-03-03 00:00:00+05:30,38.398693490542584,38.57355160334225,37.37577903364733,37.585609436035156,46552140,0.0,0.0
2022-03-04 00:00:00+05:30,37.375780002599406,38.031495441241496,36.59766488236671,36.74629211425781,74147550,0.0,0.0
2022-03-07 00:00:00+05:30,35.93320459578956,35.9594354811526,34.342002069600376,35.1201171875,77882170,0.0,0.0
2022-03-08 00:00:00+05:30,35.146345358781595,36.842461290021454,34.88405987139371,36.60640335083008,101169385,0.0,0.0
2022-03-09 00:00:00+05:30,36.98235152740325,37.30583688935422,36.457780489907556,37.06978225708008,70015255,0.0,0.0
2022-03-10 00:00:00+05:30,38.38121437750969,38.80961329323122,37.25338294322485,37.48944091796875,86392850,0.0,0.0
2022-03-11 00:00:00+05:30,37.419492199645454,38.36372399434511,37.15720670172034,38.11017990112305,54800695,0.0,0.0
2022-03-14 00:00:00+05:30,38.11892162587614,38.905781461399066,37.629322915009496,38.66972351074219,62331165,0.0,0.0
2022-03-15 00:00:00+05:30,38.66972849138427,39.640187968476894,38.05772668883436,38.27629852294922,74140845,0.0,0.0
2022-03-16 00:00:00+05:30,38.71343984995486,39.49155499872403,38.69595370406618,39.238014221191406,43321620,0.0,0.0
2022-03-17 00:00:00+05:30,40.21721516124922,40.34835958822287,39.35166928053407,39.526527404785156,52476475,0.0,0.0
2022-03-21 00:00:00+05:30,39.74509160231584,39.89372214671806,39.16806223757332,39.33417892456055,46008815,0.0,0.0
2022-03-22 00:00:00+05:30,39.34292600272312,39.710125044547446,38.49486630830814,39.517784118652344,48430980,0.0,0.0
2022-03-23 00:00:00+05:30,39.762584796167566,40.28715916132073,39.22052762046978,39.3953857421875,44813690,0.0,0.0
2022-03-24 00:00:00+05:30,39.063154996862515,39.85001486397733,38.92326916883557,39.45658493041992,30335565,0.0,0.0
2022-03-25 00:00:00+05:30,39.517785426847524,39.85001552459706,39.12435548676797,39.3953857421875,29539365,0.0,0.0
2022-03-28 00:00:00+05:30,39.50030040858226,40.24344327816683,38.862071080966274,39.98990249633789,46274510,0.0,0.0
2022-03-29 00:00:00+05:30,40.20847108751772,40.61064241200722,39.57023847608473,39.94618225097656,46875635,0.0,0.0
2022-03-30 00:00:00+05:30,40.322126025868386,40.523211688113136,39.710124299174176,39.94618225097656,31243675,0.0,0.0
2022-03-31 00:00:00+05:30,40.1123002700822,40.14726922564188,39.64018435104389,39.82378387451172,25135920,0.0,0.0
2022-04-01 00:00:00+05:30,39.850014374022216,42.096932335096106,39.71012521257399,41.95704650878906,69889490,0.0,0.0
2022-04-04 00:00:00+05:30,42.28927210387771,42.47287495568066,41.703501264487606,42.19309997558594,43563700,0.0,0.0
2022-04-05 00:00:00+05:30,42.28053130960925,43.10236011163478,41.834642951116464,42.48161697387695,59173710,0.0,0.0
2022-04-06 00:00:00+05:30,42.14064450050886,43.69687467856654,42.14064450050886,43.338417053222656,49486965,0.0,0.0
2022-04-07 00:00:00+05:30,43.33842052590951,44.160249374586,42.63024662317867,43.12859344482422,54851655,0.0,0.0
2022-04-08 00:00:00+05:30,43.45208080224692,43.6793940397174,43.01493713891474,43.42584991455078,36037350,0.0,0.0
2022-04-11 00:00:00+05:30,43.52201599767324,44.02035943771217,42.93624517119068,43.03241729736328,25153735,0.0,0.0
2022-04-12 00:00:00+05:30,42.92750033393555,42.979958766767155,41.5199007386013,42.219329833984375,31993590,0.0,0.0
2022-04-13 00:00:00+05:30,42.56030167270766,43.06738652050951,42.123158067470435,42.42915725708008,36650785,0.0,0.0
2022-04-18 00:00:00+05:30,41.96578788069229,41.96578788069229,40.38332676204037,40.96910095214844,45659720,0.0,0.0
2022-04-19 00:00:00+05:30,41.2488719487847,42.56904420408183,40.383326120043385,41.03030014038086,44443925,0.0,0.0
2022-04-20 00:00:00+05:30,41.40623985654075,41.60732550033296,40.54943885184929,40.7592658996582,47718935,0.0,0.0
2022-04-21 00:00:00+05:30,41.17892618941801,41.703500515642425,41.13521249601789,41.61606979370117,20244985,0.0,0.0
2022-04-22 00:00:00+05:30,41.09150260470628,41.56361854144959,40.70681739799395,40.78550338745117,21071435,0.0,0.0
2022-04-25 00:00:00+05:30,40.40955550291582,40.4707553401828,39.56149585058631,39.87623977661133,33154090,0.0,0.0
2022-04-26 00:00:00+05:30,40.47076015271762,41.34504745780043,40.21721603380966,41.18767547607422,29983830,0.0,0.0
2022-04-27 00:00:00+05:30,40.81173461471913,41.117733859534965,39.89373354512999,40.51447677612305,27325960,0.0,0.0
2022-04-28 00:00:00+05:30,40.88166982144429,41.039041791249666,40.08606856749098,40.776756286621094,28804625,0.0,0.0
2022-04-29 00:00:00+05:30,40.98658314617116,41.467440418920766,39.96366543091608,40.156009674072266,28451545,0.0,0.0
2022-05-02 00:00:00+05:30,39.76258398366629,40.278413597865494,39.535270764677016,40.173500061035156,23444510,0.0,0.0
2022-05-04 00:00:00+05:30,40.47949887859667,41.24012784982612,38.68721068885318,38.97572708129883,47546350,0.0,0.0
2022-05-05 00:00:00+05:30,39.500295246864944,40.470754554897844,39.098123942588174,39.29920959472656,42695600,0.0,0.0
2022-05-06 00:00:00+05:30,38.46863874433415,39.29921229334232,37.17469402315076,38.35498046875,96162405,0.0,0.0
2022-05-09 00:00:00+05:30,38.26755560557357,38.26755560557357,34.927778379022705,35.207550048828125,154321205,0.0,0.0
2022-05-10 00:00:00+05:30,35.16383575885215,35.985664608179164,34.752919666617984,34.91903305053711,56114470,0.0,0.0
2022-05-11 00:00:00+05:30,35.23377859160168,35.60972240881525,33.8698924967259,35.356178283691406,76693890,0.0,0.0
2022-05-12 00:00:00+05:30,34.945259197572355,34.971486745386315,33.40651191309647,33.70376968383789,68522060,0.0,0.0
2022-05-13 00:00:00+05:30,34.446919880599616,35.399893141308105,33.59011541837549,33.79994583129883,66355955,0.0,0.0
2022-05-16 00:00:00+05:30,34.09720282856673,34.86657654417905,33.66005920255946,34.578060150146484,47003330,0.0,0.0
2022-05-17 00:00:00+05:30,34.875317358606154,35.531032786512185,34.19337438082904,35.45234680175781,52977180,0.0,0.0
2022-05-18 00:00:00+05:30,35.50480718286937,35.95069223082497,34.32451734685518,34.45566177368164,56701920,0.0,0.0
2022-05-19 00:00:00+05:30,33.747484801829664,33.92234290997644,32.45354013776909,32.689598083496094,71319410,0.0,0.0
2022-05-20 00:00:00+05:30,33.38028498568193,34.07097266217411,33.26662671780755,33.992286682128906,40163230,0.0,0.0
2022-05-23 00:00:00+05:30,34.272061666967126,34.53434718106085,33.240402421076034,33.33657455444336,57471725,0.0,0.0
2022-05-24 00:00:00+05:30,33.51143313459221,34.04474557532689,33.08303089876257,33.179203033447266,48054620,0.0,0.0
2022-05-25 00:00:00+05:30,33.51143152759279,34.1671469579357,32.444800026989824,32.56719970703125,53491025,0.0,0.0
2022-05-26 00:00:00+05:30,32.873201654694455,34.53434888445919,32.121317366576925,34.237091064453125,63617345,0.0,0.0
2022-05-27 00:00:00+05:30,34.72669200184507,35.329949027399486,34.28954835966733,34.63051986694336,49651390,0.0,0.0
2022-05-30 00:00:00+05:30,35.128863504344935,36.66760766401215,35.05891892042576,36.54520797729492,65157615,0.0,0.0
2022-05-31 00:00:00+05:30,36.19549182224834,36.79000739176423,35.64468994619724,35.84577560424805,46481305,0.0,0.0
2022-06-01 00:00:00+05:30,35.84577612962551,36.76377704640478,35.81954858019044,36.50149154663086,43283350,0.0,0.0
2022-06-02 00:00:00+05:30,36.606407420981775,37.49818084536682,36.46652158981204,37.3408088684082,59593000,0.0,0.0
2022-06-03 00:00:00+05:30,37.673039750418006,37.769211886683266,36.80749385917205,36.912410736083984,41174630,0.0,0.0
2022-06-06 00:00:00+05:30,36.80748942080867,37.03480595823262,36.02063294969898,36.79874801635742,39746325,0.0,0.0
2022-06-07 00:00:00+05:30,36.623892509422724,37.28835268965167,36.256693463881355,36.553951263427734,41089375,0.0,0.0
2022-06-08 00:00:00+05:30,36.720061816544714,37.3670358017268,36.326631915767834,36.87743377685547,41291500,0.0,0.0
2022-06-09 00:00:00+05:30,36.711319197182114,36.91240484311515,35.714629036485896,36.28291702270508,47601955,0.0,0.0
2022-06-10 00:00:00+05:30,35.93320438103692,36.52771997354806,35.69714976016856,36.36160659790039,26209960,0.0,0.0
2022-06-13 00:00:00+05:30,35.40863393812302,35.58349205669755,34.140916747384196,34.49937438964844,38725540,0.0,0.0
2022-06-14 00:00:00+05:30,34.62177558539017,35.190063661811365,34.21086282419185,34.473148345947266,34361100,0.0,0.0
2022-06-15 00:00:00+05:30,34.83478336546543,34.93423437904097,33.9939746401347,34.048221588134766,43880130,1.3,0.0
2022-06-16 00:00:00+05:30,34.45506783418589,34.78958208484175,32.55646588838774,32.73728561401367,47802120,0.0,0.0
2022-06-17 00:00:00+05:30,32.68303960202775,33.270699354146124,32.27619611280786,32.70111846923828,40185605,0.0,0.0
2022-06-20 00:00:00+05:30,32.981387277068315,33.153164096372954,31.055663839305048,31.56195831298828,47943355,0.0,0.0
2022-06-21 00:00:00+05:30,31.824145516537666,33.15316285584743,31.76989857354283,32.99042892456055,37246840,0.0,0.0
2022-06-22 00:00:00+05:30,32.800569483141935,33.135087156972254,32.42085119243613,32.70111846923828,31695735,0.0,0.0
2022-06-23 00:00:00+05:30,32.71016210109746,33.397272882861515,32.33948323550451,32.88193893432617,35953395,0.0,0.0
2022-06-24 00:00:00+05:30,33.27070069125725,33.749873463973245,33.162210239388216,33.6142578125,33271320,0.0,0.0
2022-06-27 00:00:00+05:30,34.16575537766981,34.39177915743924,33.83123770043966,33.93973159790039,24537415,0.0,0.0
2022-06-28 00:00:00+05:30,33.80411530224212,34.174794156001546,33.70466428923486,33.95781326293945,20202530,0.0,0.0
2022-06-29 00:00:00+05:30,33.76795177372492,33.831238157006496,33.27974302395975,33.67754364013672,23957985,0.0,0.0
2022-06-30 00:00:00+05:30,33.70466583804388,33.98493657404806,32.583589791725714,32.7734489440918,26590390,0.0,0.0
2022-07-01 00:00:00+05:30,32.84577621025165,33.578091024441356,32.267152456761664,33.42439651489258,28842895,0.0,0.0
2022-07-04 00:00:00+05:30,33.62329716537555,34.28328620666506,33.48768496307865,34.0572624206543,27463575,0.0,0.0
2022-07-05 00:00:00+05:30,34.310408231977064,34.744373447107535,34.08438446687689,34.192874908447266,35090105,0.0,0.0
2022-07-06 00:00:00+05:30,34.328489978816435,35.02464357766361,34.13862739814982,34.85286331176758,25836415,0.0,0.0
2022-07-07 00:00:00+05:30,35.27779003865333,37.88158480544328,35.14217439863914,37.70980453491211,112584385,0.0,0.0
2022-07-08 00:00:00+05:30,37.791176680094935,38.36075759177788,37.33008966987018,38.1708984375,50635800,0.0,0.0
2022-07-11 00:00:00+05:30,37.80021876900776,39.337177736707076,37.80021876900776,39.22868728637695,72005145,0.0,0.0
2022-07-12 00:00:00+05:30,38.966497480316136,40.024290542071064,38.79472065268203,39.21964645385742,55604310,0.0,0.0
2022-07-13 00:00:00+05:30,39.67169243253897,39.951959695529204,39.15635852120644,39.454708099365234,43189160,0.0,0.0
2022-07-14 00:00:00+05:30,39.34621864349101,39.36430095911284,37.31200469549778,37.890625,66069090,0.0,0.0
2022-07-15 00:00:00+05:30,37.97199297844002,38.33363238634571,36.81475239130019,37.26679992675781,48892765,0.0,0.0
2022-07-18 00:00:00+05:30,37.86350150249183,38.867047555641555,37.357207035008045,38.78567886352539,49556565,0.0,0.0
2022-07-19 00:00:00+05:30,38.73143836255306,40.458260050205624,38.39692410546944,40.349769592285156,77759550,0.0,0.0
2022-07-20 00:00:00+05:30,40.72948479741213,40.79277118041879,39.55416182162511,39.734981536865234,49931445,0.0,0.0
2022-07-21 00:00:00+05:30,39.72593914999695,41.353313158617745,39.61744869903865,40.91030502319336,64524545,0.0,0.0
2022-07-22 00:00:00+05:30,41.33522676657581,41.93192936128902,40.9826302490883,41.416595458984375,69973065,0.0,0.0
2022-07-25 00:00:00+05:30,41.452757305896704,42.40205988219961,39.89771614099513,40.64811325073242,138779555,0.0,0.0
2022-07-26 00:00:00+05:30,40.84701852362261,40.93742665769007,39.82539005418391,40.069496154785156,50739525,0.0,0.0
2022-07-27 00:00:00+05:30,39.979086416341545,41.21769573737597,39.915800035264176,41.05495834350586,42682535,0.0,0.0
2022-07-28 00:00:00+05:30,41.40755524373268,41.58837495504619,40.56674651764664,40.90126419067383,40711750,0.0,0.0
2022-07-29 00:00:00+05:30,41.262900317018776,41.389473080751486,40.06949504632588,40.196067810058594,40322070,0.0,0.0
2022-08-01 00:00:00+05:30,40.42209512470613,40.95551142485947,39.97004752962192,40.70236587524414,30405695,0.0,0.0
2022-08-02 00:00:00+05:30,40.63907648528636,42.70041226293999,40.36784863804497,42.166996002197266,95803855,0.0,0.0
2022-08-03 00:00:00+05:30,42.166991315535675,42.40205795284108,41.588371052705156,41.94096755981445,38881895,0.0,0.0
2022-08-04 00:00:00+05:30,42.05850413871181,42.347814292553494,39.8163487220142,40.6119499206543,62866305,0.0,0.0
2022-08-05 00:00:00+05:30,40.68427780927238,41.3352273578524,39.861551440416605,40.00620651245117,57954925,0.0,0.0
2022-08-08 00:00:00+05:30,40.006210430777735,41.09112530172123,39.63553155683072,40.693321228027344,42501730,0.0,0.0
2022-08-10 00:00:00+05:30,40.68428058782542,41.1001635172216,40.34072347496156,40.774688720703125,27668320,0.0,0.0
2022-08-11 00:00:00+05:30,41.21769385444216,42.45630311889362,41.09112109806961,41.7511100769043,61765740,0.0,0.0
2022-08-12 00:00:00+05:30,41.95001667630271,42.37493905499635,41.58837723385985,41.778236389160156,37512705,0.0,0.0
2022-08-16 00:00:00+05:30,42.05850722157243,42.32973507957369,41.68782834423918,41.97713851928711,39317305,0.0,0.0
2022-08-17 00:00:00+05:30,42.21219666114424,43.42368416662139,41.97713346553625,43.25190734863281,75880015,0.0,0.0
2022-08-18 00:00:00+05:30,43.30615495738608,43.75820248951391,42.962597867291215,43.38752365112305,57338785,0.0,0.0
2022-08-19 00:00:00+05:30,43.396566673307035,43.54122175759743,41.56125464471352,41.705909729003906,60525460,0.0,0.0
2022-08-22 00:00:00+05:30,41.44371992906901,41.479884561148054,39.988126251954384,40.15086364746094,41631205,0.0,0.0
2022-08-23 00:00:00+05:30,39.798265837202536,41.58837368181894,39.590324382655325,41.425636291503906,47758120,0.0,0.0
2022-08-24 00:00:00+05:30,41.344269480007,42.04042313721636,41.10016338341288,41.96809387207031,39480270,0.0,0.0
2022-08-25 00:00:00+05:30,42.18507981330738,43.75820690120817,42.13083286239724,43.1705436706543,89120005,0.0,0.0
2022-08-26 00:00:00+05:30,43.58642342887617,44.21929068117699,43.17054051550814,43.306156158447266,61874855,0.0,0.0
2022-08-29 00:00:00+05:30,41.95001410601903,42.6100031165177,41.497966555087146,42.492469787597656,36877250,0.0,0.0
2022-08-30 00:00:00+05:30,42.890270093979204,43.8486121369076,42.83602659550624,43.59546661376953,52440695,0.0,0.0
2022-09-01 00:00:00+05:30,43.034928203023185,44.571890663598865,42.935480632533896,44.21025466918945,51092010,0.0,0.0
2022-09-02 00:00:00+05:30,44.43627536916313,44.53572293273739,43.586423771253806,44.083675384521484,40954795,0.0,0.0
2022-09-05 00:00:00+05:30,44.08367290206952,44.752704753247954,44.07463346910784,44.35490417480469,28638355,0.0,0.0
2022-09-06 00:00:00+05:30,44.6532606840523,44.752711706326714,43.75820838128145,44.17409133911133,27442605,0.0,0.0
2022-09-07 00:00:00+05:30,43.848615317922665,44.18312956188673,43.44177180561537,43.61355209350586,26177455,0.0,0.0
2022-09-08 00:00:00+05:30,44.192168735129265,44.66229859334702,43.86669395260551,44.3006591796875,44647800,0.0,0.0
2022-09-09 00:00:00+05:30,44.61709153054268,45.150507774209885,43.94806309202054,44.03847122192383,56989085,0.0,0.0
2022-09-12 00:00:00+05:30,44.2644950440357,45.06009969368297,44.02038895441043,44.68037796020508,30898475,0.0,0.0
2022-09-13 00:00:00+05:30,44.84311319633493,45.04201521139184,44.49955955977163,44.64421463012695,26128175,0.0,0.0
2022-09-14 00:00:00+05:30,43.93902079837451,46.56993742045614,43.794365719281835,46.1630973815918,77069055,0.0,0.0
2022-09-15 00:00:00+05:30,46.41624174027484,46.588018564611296,45.34036983213783,45.647762298583984,41610740,0.0,0.0
2022-09-16 00:00:00+05:30,45.304203932244974,46.018439856167866,43.57738250850227,44.18312454223633,49418235,0.0,0.0
2022-09-19 00:00:00+05:30,44.156003858268605,45.79241719514028,43.95710183697784,44.653255462646484,58216875,0.0,0.0
2022-09-20 00:00:00+05:30,45.02393572949039,45.45790096786232,44.68037862246084,44.96969223022461,32745710,0.0,0.0
2022-09-21 00:00:00+05:30,44.86119748128036,45.38557428987655,44.21929079394286,44.74366760253906,38195950,0.0,0.0
2022-09-22 00:00:00+05:30,44.48147979682449,45.078182427379794,43.46889424624408,43.92998123168945,38935875,0.0,0.0
2022-09-23 00:00:00+05:30,43.66779167614009,44.04751340315819,41.26289890118887,41.425636291503906,58631625,0.0,0.0
2022-09-26 00:00:00+05:30,41.13633120109647,41.13633120109647,39.0930775864039,39.264854431152344,50837145,0.0,0.0
2022-09-27 00:00:00+05:30,39.72593852447586,40.14182490282447,38.54157611877756,38.740474700927734,43454140,0.0,0.0
2022-09-28 00:00:00+05:30,38.24322032071082,38.68622841728558,37.519944963001066,37.97199249267578,49641340,0.0,0.0
2022-09-29 00:00:00+05:30,38.69527248610892,39.66265403959794,38.44212694279571,38.948421478271484,79592200,0.0,0.0
2022-09-30 00:00:00+05:30,39.056908668765715,41.61549598602527,38.7675985151996,41.36235046386719,103522925,0.0,0.0
2022-10-03 00:00:00+05:30,41.208654716503936,41.82343618773836,39.85251211905803,40.205108642578125,48671660,0.0,0.0
2022-10-04 00:00:00+05:30,41.13632778962548,41.769195060774166,40.6571584816418,41.08208084106445,54791090,0.0,0.0
2022-10-06 00:00:00+05:30,41.40755488060807,41.86864531285642,40.91934269899773,41.05495834350586,29973490,0.0,0.0
2022-10-07 00:00:00+05:30,41.19961112961188,41.534125332247605,40.26839433226295,41.416595458984375,46539300,0.0,0.0
2022-10-10 00:00:00+05:30,40.85605586526339,41.561252380503824,40.35880425565797,41.163448333740234,26800945,0.0,0.0
2022-10-11 00:00:00+05:30,41.344270257831404,41.353313140569384,40.123743200747754,40.26839828491211,29612710,0.0,0.0
2022-10-12 00:00:00+05:30,40.47633589757603,41.00975211628476,40.187025756803386,40.86509704589844,30062920,0.0,0.0
2022-10-13 00:00:00+05:30,40.66619712925123,40.95550728495282,39.961004055834735,40.41305160522461,25711445,0.0,0.0
2022-10-14 00:00:00+05:30,41.38947453571909,41.76919628911475,40.82893651283425,41.00071334838867,34716035,0.0,0.0
2022-10-17 00:00:00+05:30,40.774686328273226,43.09821038516085,40.322638792709895,42.92643356323242,86520200,0.0,0.0
2022-10-18 00:00:00+05:30,43.39656747361171,45.40365982289803,43.30615933758141,45.249961853027344,102556705,0.0,0.0
2022-10-19 00:00:00+05:30,45.38557666042456,45.69296914559014,44.544767905379,45.0239372253418,59255885,0.0,0.0
2022-10-20 00:00:00+05:30,44.834074196420644,47.06719009989931,43.14341739865143,46.81404113769531,235480435,0.0,0.0
2022-10-21 00:00:00+05:30,47.01294667506264,48.98387433080975,46.91349565912645,48.5589485168457,180001415,0.0,0.0
2022-10-24 00:00:00+05:30,49.07428219793595,49.35455292779517,48.64031695253565,48.91154479980469,21534540,0.0,0.0
2022-10-25 00:00:00+05:30,49.0923647882938,52.075878022605174,48.242516609080624,51.38876724243164,179379565,0.0,0.0
2022-10-27 00:00:00+05:30,51.61478766945221,52.79915345239821,51.37972446881318,52.36518478393555,119912870,0.0,0.0
2022-10-28 00:00:00+05:30,52.36518755738096,53.12462759413977,51.69615910169415,52.04875564575195,100288330,0.0,0.0
2022-10-31 00:00:00+05:30,52.42847703565009,52.762991261241815,51.569585989918046,52.50984573364258,58033925,0.0,0.0
2022-11-01 00:00:00+05:30,52.781073872770946,53.75749480529711,52.20245354996298,52.799156188964844,68535540,0.0,0.0
2022-11-02 00:00:00+05:30,52.61833656798019,53.24216095794028,52.38326990589725,52.6906623840332,42057470,0.0,0.0
2022-11-03 00:00:00+05:30,52.16628840354173,53.93831398689233,52.10300202191129,53.350650787353516,62626855,0.0,0.0
2022-11-04 00:00:00+05:30,53.51338347802838,54.33610981574344,53.37777129310653,53.7213249206543,56124935,0.0,0.0
2022-11-07 00:00:00+05:30,54.435564849541855,56.397452999357036,54.435564849541855,55.954444885253906,117634740,0.0,0.0
2022-11-09 00:00:00+05:30,56.3251276721826,57.04840310905097,55.692260371604284,56.795257568359375,81620855,0.0,0.0
2022-11-10 00:00:00+05:30,56.38841225757056,56.939910838345575,54.81528866369842,55.50239944458008,58722660,0.0,0.0
2022-11-11 00:00:00+05:30,56.777171695455344,56.777171695455344,54.90569511089486,55.050350189208984,55353710,0.0,0.0
2022-11-14 00:00:00+05:30,54.60734542416333,55.37582487968875,54.38132164914418,55.00514602661133,45614395,0.0,0.0
2022-11-15 00:00:00+05:30,55.005144989148704,56.062934580839524,54.83336816495975,55.92732238769531,35388595,0.0,0.0
2022-11-16 00:00:00+05:30,55.84595590421512,56.22567419867764,54.987064851553335,55.52048110961914,41127470,0.0,0.0
2022-11-17 00:00:00+05:30,55.33062066528747,55.99060967270218,54.96898124669216,55.556644439697266,25824405,0.0,0.0
2022-11-18 00:00:00+05:30,55.76458574300217,56.524025760858194,55.26733413045516,55.954444885253906,42259940,0.0,0.0
2022-11-21 00:00:00+05:30,55.8821184860219,56.94895096300465,55.36678456310555,56.768131256103516,55263285,0.0,0.0
2022-11-22 00:00:00+05:30,56.93086816562482,57.86208499233859,56.496902942044166,57.62702178955078,58920515,0.0,0.0
2022-11-23 00:00:00+05:30,57.952496991920846,59.028372413880746,57.6812691401706,58.75714111328125,64215050,0.0,0.0
2022-11-24 00:00:00+05:30,58.838511249547764,59.62506957851914,58.78426085266479,59.40808868408203,38394985,0.0,0.0
2022-11-25 00:00:00+05:30,59.182065628186244,60.3845137912165,58.69385343648152,59.10070037841797,55461500,0.0,0.0
2022-11-28 00:00:00+05:30,59.41713189119753,59.41713189119753,58.268927235726146,58.61248779296875,34233385,0.0,0.0
2022-11-29 00:00:00+05:30,58.72097205052088,59.04644682760932,58.0429007478696,58.17851638793945,35102955,0.0,0.0
2022-11-30 00:00:00+05:30,58.53111814051635,58.53111814051635,56.54211156752723,56.90374755859375,112465320,0.0,0.0
2022-12-01 00:00:00+05:30,57.319632948019816,58.386465483404194,56.9941581475501,58.02482604980469,46415965,0.0,0.0
2022-12-02 00:00:00+05:30,57.96153862659326,58.585366465920316,57.482369317190646,57.70839309692383,26750455,0.0,0.0
2022-12-05 00:00:00+05:30,57.8620851501938,58.45879121420024,57.057441080389765,58.31413269042969,44409360,0.0,0.0
2022-12-06 00:00:00+05:30,57.97961309314826,59.07356727629847,57.33770643515257,57.617977142333984,68401680,0.0,0.0
2022-12-07 00:00:00+05:30,57.690310740656024,58.14235485095957,56.53306664400762,56.759090423583984,53558045,0.0,0.0
2022-12-08 00:00:00+05:30,57.04839995179445,58.937962314865196,56.80429730755095,58.65768814086914,76294260,0.0,0.0
2022-12-09 00:00:00+05:30,58.9469944025722,59.76068132575419,56.62347385270565,57.41907501220703,95079860,0.0,0.0
2022-12-12 00:00:00+05:30,57.590859597742785,58.12427585431063,56.957992326566654,57.95249557495117,33882015,0.0,0.0
2022-12-13 00:00:00+05:30,58.04290439294606,59.30863895025578,58.04290439294606,59.03741455078125,40287220,0.0,0.0
2022-12-14 00:00:00+05:30,59.290554330390556,59.85108884020777,58.71193405707732,59.27246856689453,53238855,0.0,0.0
2022-12-15 00:00:00+05:30,59.12782198521363,59.670277675450784,57.6631854136448,57.95249557495117,43057550,0.0,0.0
2022-12-16 00:00:00+05:30,57.862088882813175,58.24180718565899,55.99061222141763,56.234718322753906,51761875,0.0,0.0
2022-12-19 00:00:00+05:30,56.31608632565338,57.76263715026665,56.081019661122966,57.49140930175781,35935395,0.0,0.0
2022-12-20 00:00:00+05:30,57.319630024712865,58.58536452890931,56.514982498433525,58.25084686279297,39456395,0.0,0.0
2022-12-21 00:00:00+05:30,58.540157768535416,59.56178274912383,56.31608464860519,56.88566207885742,64792305,0.0,0.0
2022-12-22 00:00:00+05:30,57.42811937296877,57.57277444649871,55.737462554428454,56.38840866088867,50547250,0.0,0.0
2022-12-23 00:00:00+05:30,55.38486258449199,56.062933888385054,52.446553600955376,52.7177848815918,76551365,0.0,0.0
2022-12-26 00:00:00+05:30,52.71778733637504,55.64705357423779,52.05779831704887,55.07747268676758,59785635,0.0,0.0
2022-12-27 00:00:00+05:30,55.80979127173797,55.80979127173797,54.42652684355426,55.52048110961914,37573365,0.0,0.0
2022-12-28 00:00:00+05:30,55.74650133217072,57.771675786626304,55.222127990108795,57.156890869140625,76209100,0.0,0.0
2022-12-29 00:00:00+05:30,56.84949978112015,58.94699664879045,56.15334615339232,58.070030212402344,58037585,0.0,0.0
2022-12-30 00:00:00+05:30,58.48591457109375,60.88176108206098,58.106189384604264,60.26698303222656,91821295,0.0,0.0
2023-01-02 00:00:00+05:30,60.72806390616181,61.55079372682405,60.122321867604875,60.78231430053711,68163660,0.0,0.0
2023-01-03 00:00:00+05:30,60.9360097542045,61.78585443872805,60.51108396309369,60.899845123291016,56669795,0.0,0.0
2023-01-04 00:00:00+05:30,60.9179276648059,61.20723783186847,58.77522661108261,59.109737396240234,63676240,0.0,0.0
2023-01-05 00:00:00+05:30,59.42617611671293,59.72452226830006,58.07003341744945,59.218231201171875,45723890,0.0,0.0
2023-01-06 00:00:00+05:30,59.39904457245385,59.42617321918308,57.410038136261065,57.943450927734375,44465020,0.0,0.0
2023-01-09 00:00:00+05:30,58.5853639448597,59.399043998725986,57.97961499899077,59.06453323364258,34632685,0.0,0.0
2023-01-10 00:00:00+05:30,59.1006996296263,59.1006996296263,56.777172031621774,57.37387466430664,47865145,0.0,0.0
2023-01-11 00:00:00+05:30,57.62702252915852,57.8259211036551,56.460739035839396,57.50044631958008,39150920,0.0,0.0
2023-01-12 00:00:00+05:30,57.68126638630774,57.82592146359159,56.79525360683803,57.34675216674805,26748045,0.0,0.0
2023-01-13 00:00:00+05:30,57.50044623042203,58.80234536470342,57.24730070935578,58.693851470947266,53541255,0.0,0.0
2023-01-16 00:00:00+05:30,58.748103337021995,59.30863789121256,58.27797001667694,58.4135856628418,47321030,0.0,0.0
2023-01-17 00:00:00+05:30,58.56727910785244,58.91987564283003,56.424574699939306,57.789756774902344,43562670,0.0,0.0
2023-01-18 00:00:00+05:30,57.84400387773265,58.22372561177922,57.10264617428598,57.3919563293457,27292015,0.0,0.0
2023-01-19 00:00:00+05:30,57.26538535268038,58.106190645948395,56.84950242292433,57.88920974731445,22833170,0.0,0.0
2023-01-20 00:00:00+05:30,58.00674745157658,59.0102867103722,57.509492365854804,57.6722297668457,33990715,0.0,0.0
2023-01-23 00:00:00+05:30,58.151397252975954,59.04644948134673,57.771678961873,58.4135856628418,65416825,0.0,0.0
2023-01-24 00:00:00+05:30,58.64865323908084,59.30863881758777,57.509491450280464,57.88920974731445,42215215,0.0,0.0
2023-01-25 00:00:00+05:30,58.02482021484035,58.02482021484035,54.64350323191201,55.339656829833984,69401075,0.0,0.0
2023-01-27 00:00:00+05:30,55.65609582405364,55.65609582405364,51.732322936133606,52.61833572387695,77590380,0.0,0.0
2023-01-30 00:00:00+05:30,52.61833342094286,54.43556298230942,51.29835545506674,52.82627487182617,72139590,0.0,0.0
2023-01-31 00:00:00+05:30,53.160791100554995,55.213087387954936,52.91668501010487,54.95994186401367,63613740,0.0,0.0
2023-02-01 00:00:00+05:30,55.5114423735684,55.87307835633723,49.4811260617601,51.4339714050293,92868925,0.0,0.0
2023-02-02 00:00:00+05:30,50.99096424003001,52.52792312745491,50.20439903188304,51.5515022277832,67545240,0.0,0.0
2023-02-03 00:00:00+05:30,52.07587267986899,53.75748999818655,50.403298243264345,53.61283493041992,82031535,0.0,0.0
2023-02-06 00:00:00+05:30,53.67612472668689,54.12817227336337,53.07038266958798,53.278324127197266,39368680,0.0,0.0
2023-02-07 00:00:00+05:30,53.422978551944574,54.3361130675891,53.052299706149405,53.29640579223633,32861175,0.0,0.0
2023-02-08 00:00:00+05:30,53.422979960315395,53.84790576383728,52.79915557865807,53.459144592285156,29581065,0.0,0.0
2023-02-09 00:00:00+05:30,53.43202040095014,53.667087064334915,52.10300291507926,52.97997283935547,31199465,0.0,0.0
2023-02-10 00:00:00+05:30,52.59120927278423,54.15529679987799,52.59120927278423,53.14270782470703,37760200,0.0,0.0
2023-02-13 00:00:00+05:30,53.142706810270866,53.486263900604634,51.32547724734685,51.47917175292969,35326170,0.0,0.0
2023-02-14 00:00:00+05:30,51.76848466458115,52.87148180632205,51.44301332086091,52.555049896240234,53405300,0.0,0.0
2023-02-15 00:00:00+05:30,52.41039450218147,53.703250782228196,52.17532784280072,53.50434875488281,26914405,0.0,0.0
2023-02-16 00:00:00+05:30,53.847903030755546,54.001597535552484,53.169831735559484,53.33256912231445,24065285,0.0,0.0
2023-02-17 00:00:00+05:30,53.16079004183432,53.395856694111835,52.44655410053968,53.097503662109375,32866660,0.0,0.0
2023-02-20 00:00:00+05:30,53.16078987126988,53.567633345945595,52.093957403830885,52.25669479370117,24695615,0.0,0.0
2023-02-21 00:00:00+05:30,52.41943152240841,52.41943152240841,50.34905299316587,50.4394645690918,66986370,0.0,0.0
2023-02-22 00:00:00+05:30,50.26768722429092,50.26768722429092,48.911544546130024,49.571537017822266,46162270,0.0,0.0
2023-02-23 00:00:00+05:30,49.7885181049634,50.014541885519385,48.91154473277446,49.50824737548828,35371055,0.0,0.0
2023-02-24 00:00:00+05:30,49.77043188929196,50.068784911698394,48.60414844527413,49.02003479003906,41317050,0.0,0.0
2023-02-27 00:00:00+05:30,48.9838772973106,50.12303571054715,48.72168886648215,49.924137115478516,36986335,0.0,0.0
2023-02-28 00:00:00+05:30,50.141111093420164,50.70165251260131,49.544408493041,50.54795455932617,30807060,0.0,0.0
2023-03-01 00:00:00+05:30,50.61124328909708,52.3471076746687,50.39426239643132,52.22053146362305,37434805,0.0,0.0
2023-03-02 00:00:00+05:30,52.057798177872996,52.96189328941217,51.76848456923924,52.50984573364258,35633330,0.0,0.0
2023-03-03 00:00:00+05:30,53.15175248868571,55.330621571737325,53.0703837906112,55.18596649169922,68210465,0.0,0.0
2023-03-06 00:00:00+05:30,55.46623255955863,55.864036607624044,55.05939252690856,55.267333984375,31410850,0.0,0.0
2023-03-08 00:00:00+05:30,54.6073442493713,56.397452095149596,54.6073442493713,56.32512283325195,40222395,0.0,0.0
2023-03-09 00:00:00+05:30,56.36128594967692,56.72292535174921,55.89115610652252,56.11717987060547,34253085,0.0,0.0
2023-03-10 00:00:00+05:30,55.42102858387446,55.51144016260258,53.41393981999738,53.920230865478516,49179760,0.0,0.0
2023-03-13 00:00:00+05:30,53.6128347256396,54.86952626872124,51.98546435726878,52.175323486328125,55801815,0.0,0.0
2023-03-14 00:00:00+05:30,52.220533591412746,52.38327099196756,50.87343376874702,51.76848602294922,51441790,0.0,0.0
2023-03-15 00:00:00+05:30,52.45559994242149,52.645459092308805,50.4485076469007,50.8372688293457,33038945,0.0,0.0
2023-03-16 00:00:00+05:30,50.62932791713608,51.641913509801014,49.851805543735615,50.92768096923828,49203635,0.0,0.0
2023-03-17 00:00:00+05:30,51.53342202927819,51.714241743712165,49.99645962986321,50.94575881958008,41464915,0.0,0.0
2023-03-20 00:00:00+05:30,50.6293281892551,50.692614573583725,49.508248690427905,50.2676887512207,41987440,0.0,0.0
2023-03-21 00:00:00+05:30,50.57508153029421,51.61479233399664,50.10495163768046,51.352603912353516,36650525,0.0,0.0
2023-03-22 00:00:00+05:30,51.50630187988281,52.15724804368584,51.32548215982947,51.50630187988281,30192160,0.0,0.0
2023-03-23 00:00:00+05:30,51.397804863608165,51.895059925831355,50.511792082777276,50.737815856933594,29414325,0.0,0.0
2023-03-24 00:00:00+05:30,50.566040461891845,50.89151525770833,49.24606241116873,49.50824737548828,32212690,0.0,0.0
2023-03-27 00:00:00+05:30,49.716191576119826,50.48467103945764,49.27318345508507,50.12303161621094,31774230,0.0,0.0
2023-03-28 00:00:00+05:30,50.15919716458513,50.97288415732962,49.3183884216989,49.75235366821289,26306060,0.0,0.0
2023-03-29 00:00:00+05:30,49.88796652577881,51.099454064508905,49.56249174688878,50.819183349609375,78420555,0.0,0.0
2023-03-31 00:00:00+05:30,51.32548095508357,51.6871169378524,51.00904559020547,51.4339714050293,34693365,0.0,0.0
2023-04-03 00:00:00+05:30,51.84081287835245,52.06683665207236,51.40684764667211,51.93122100830078,19288720,0.0,0.0
2023-04-05 00:00:00+05:30,52.103000772560776,52.103000772560776,50.84630915481967,51.397804260253906,23085250,0.0,0.0
2023-04-06 00:00:00+05:30,51.38876668766384,52.1662890416041,51.00904494438757,51.45205307006836,28327120,0.0,0.0
2023-04-10 00:00:00+05:30,51.687115427818455,51.84081338886308,51.06329104779397,51.22602844238281,18842705,0.0,0.0
2023-04-11 00:00:00+05:30,51.895059087599606,52.83531535177717,51.895059087599606,52.057796478271484,36033040,0.0,0.0
2023-04-12 00:00:00+05:30,52.057797480480836,52.166287926734384,51.262192827306926,51.732322692871094,23537185,0.0,0.0
2023-04-13 00:00:00+05:30,51.60575400674196,52.781077039058324,51.506302986134145,52.663543701171875,28440130,0.0,0.0
2023-04-17 00:00:00+05:30,52.618338616791995,53.88406976222178,52.13012640624012,53.78462219238281,45394945,0.0,0.0
2023-04-18 00:00:00+05:30,54.03776494899635,54.318035673698844,53.34161130287657,54.101051330566406,33036140,0.0,0.0
2023-04-19 00:00:00+05:30,54.064886750153214,54.45364792236828,53.05230119521703,53.350650787353516,22552285,0.0,0.0
2023-04-20 00:00:00+05:30,53.4681847775263,53.86598883708788,53.35065144639681,53.63996505737305,19038260,0.0,0.0
2023-04-21 00:00:00+05:30,53.630921977191996,53.7032512418818,52.708744545491896,53.39585876464844,21572190,0.0,0.0
2023-04-24 00:00:00+05:30,53.685167172584926,54.923776474732435,53.54955153014473,54.77912139892578,38398570,0.0,0.0
2023-04-25 00:00:00+05:30,54.95090150926846,56.22567551880033,54.9237797586984,55.63801574707031,45251025,0.0,0.0
2023-04-26 00:00:00+05:30,55.5204783629347,56.090059225299605,55.18596415119297,55.99060821533203,21205370,0.0,0.0
2023-04-27 00:00:00+05:30,55.42102983527757,56.14430523718862,55.42102983527757,55.873077392578125,19426085,0.0,0.0
2023-04-28 00:00:00+05:30,55.963485871374644,57.518527037077476,55.963485871374644,57.400997161865234,34971485,0.0,0.0
2023-05-02 00:00:00+05:30,57.6270202385972,58.142350694433844,57.4100359082222,57.862083435058594,29659120,0.0,0.0
2023-05-03 00:00:00+05:30,57.229219789100625,57.9344163203136,57.138811657615214,57.77167892456055,17864585,0.0,0.0
2023-05-04 00:00:00+05:30,57.95249689686726,58.666732882755845,57.31963306010446,58.5582389831543,29678925,0.0,0.0
2023-05-05 00:00:00+05:30,58.21468424976179,59.10070050272618,57.27442449683779,57.59989929199219,33018590,0.0,0.0
2023-05-08 00:00:00+05:30,57.536610028731886,57.98865756629118,54.670630296053446,56.63251495361328,139314980,0.0,0.0
2023-05-09 00:00:00+05:30,57.229218934136426,57.26538356572997,54.489811894633284,54.76103973388672,118015345,0.0,0.0
2023-05-10 00:00:00+05:30,54.20954207376564,54.733918894037515,52.97997216994802,54.39036178588867,72950675,0.0,0.0
2023-05-11 00:00:00+05:30,54.60734799729311,55.25829415480379,54.24570856068219,54.444610595703125,36430215,0.0,0.0
2023-05-12 00:00:00+05:30,54.4265262828557,54.6615894938372,53.522431173336,53.703250885009766,34759285,0.0,0.0
2023-05-15 00:00:00+05:30,54.028723394176744,55.05035185567426,53.45010306340445,54.86049270629883,35834890,0.0,0.0
2023-05-16 00:00:00+05:30,55.14980390843026,56.225675890631926,55.03227057376728,55.17692565917969,54438130,0.0,0.0
2023-05-17 00:00:00+05:30,55.312541393542396,55.6922597000007,54.164340142488655,54.73392105102539,40548900,0.0,0.0
2023-05-18 00:00:00+05:30,55.14979695444594,55.24020507811041,53.160787194187954,53.36872863769531,40895745,0.0,0.0
2023-05-19 00:00:00+05:30,53.703252934928685,54.04680660648865,52.68162445649685,53.84790802001953,31717830,0.0,0.0
2023-05-22 00:00:00+05:30,54.02872310413736,54.54406049786728,53.6761265575189,54.417484283447266,17184210,0.0,0.0
2023-05-23 00:00:00+05:30,54.598304097195665,55.059394542725684,54.45364901501647,54.61638641357422,15665520,0.0,0.0
2023-05-24 00:00:00+05:30,54.40844465352019,54.824327581424534,53.91119302677812,54.173377990722656,16454215,0.0,0.0
2023-05-25 00:00:00+05:30,54.06488549629041,54.29995215019397,53.549551572765985,54.18241882324219,20849835,0.0,0.0
2023-05-26 00:00:00+05:30,54.408441329040485,55.647050603355986,54.27282568964762,55.457191467285156,32373645,0.0,0.0
2023-05-29 00:00:00+05:30,55.873075223329124,56.14430305740932,55.30349435756641,55.529518127441406,27527200,0.0,0.0
2023-05-30 00:00:00+05:30,55.538564729847735,55.864039532085535,55.19500761094681,55.63801574707031,16243865,0.0,0.0
2023-05-31 00:00:00+05:30,55.583762344727226,56.35224519388041,55.0774678834798,55.9996452331543,27683650,0.0,0.0
2023-06-01 00:00:00+05:30,55.873078601251294,56.325126168330755,55.81883510046527,55.94540786743164,23434025,0.0,0.0
2023-06-02 00:00:00+05:30,56.1081435442014,57.03936040015224,56.01773196425283,56.73196792602539,31900850,0.0,0.0
2023-06-05 00:00:00+05:30,57.03935934341123,57.111685157181,56.33416627712287,56.41553497314453,21989370,0.0,0.0
2023-06-06 00:00:00+05:30,56.5782757285129,56.66868386331174,55.85499685472507,56.370330810546875,16851625,0.0,0.0
2023-06-07 00:00:00+05:30,56.57827046953441,57.22921656704871,56.52402352438782,56.95798873901367,20877380,0.0,0.0
2023-06-08 00:00:00+05:30,57.21113768551274,57.23826288413842,56.234716756217146,56.46977996826172,18536670,0.0,0.0
2023-06-09 00:00:00+05:30,56.64156182498104,56.64156182498104,56.053898605225264,56.234718322753906,18601375,0.0,0.0
2023-06-12 00:00:00+05:30,56.596353773502784,57.03032247100544,56.081019825173755,56.939910888671875,18881245,0.0,0.0
2023-06-13 00:00:00+05:30,57.1388129209565,57.211138737974125,56.64156128909418,56.939910888671875,18079580,0.0,0.0
2023-06-14 00:00:00+05:30,57.24068241498547,57.73883497731621,56.95870574866473,57.23128128051758,30397045,2.4,0.0
2023-06-15 00:00:00+05:30,57.2406830786873,57.40046651167163,55.63342968685564,55.793216705322266,29795900,0.0,0.0
2023-06-16 00:00:00+05:30,56.093987053010125,57.33467146006141,55.943601172927615,57.099693298339844,27557380,0.0,0.0
2023-06-19 00:00:00+05:30,57.13729022669064,57.748231291193626,56.80831865151317,57.33467102050781,24512760,0.0,0.0
2023-06-20 00:00:00+05:30,57.33467258592158,57.69184040268694,56.85531870420886,57.59784698486328,23542870,0.0,0.0
2023-06-21 00:00:00+05:30,57.597849366276904,58.17119668951863,57.240685120226665,57.64484786987305,27869135,0.0,0.0
2023-06-22 00:00:00+05:30,57.52265326156541,57.71063650331696,56.24437152023341,56.563941955566406,20922150,0.0,0.0
2023-06-23 00:00:00+05:30,56.62034414875949,56.71433398709496,55.379656052739854,55.71802520751953,23699580,0.0,0.0
2023-06-26 00:00:00+05:30,55.71802025910348,55.924802187655835,54.82510611777035,55.21986770629883,28009650,0.0,0.0
2023-06-27 00:00:00+05:30,55.38905490420724,55.83081501423194,55.29506506974692,55.65222930908203,20914190,0.0,0.0
2023-06-28 00:00:00+05:30,55.88720624860865,56.33836389794008,55.567635798813605,55.755619049072266,26225310,0.0,0.0
2023-06-30 00:00:00+05:30,56.26317312292054,56.99630385976951,55.924803987303385,56.74252700805664,20638290,0.0,0.0
2023-07-03 00:00:00+05:30,56.95870515708291,60.32359416518974,56.87411287516173,59.8724365234375,92489890,0.0,0.0
2023-07-04 00:00:00+05:30,60.28599864689831,61.22591132573484,59.69385265529624,60.46458435058594,70211795,0.0,0.0
2023-07-05 00:00:00+05:30,60.47397671440479,61.12251874035312,60.21080231864734,60.549171447753906,29330585,0.0,0.0
2023-07-06 00:00:00+05:30,60.53037881119369,61.90265048127452,60.20141080312033,61.25410842895508,43883880,0.0,0.0
2023-07-07 00:00:00+05:30,61.12251711077967,63.293712988857344,60.2765943105662,62.729766845703125,59222370,0.0,0.0
2023-07-10 00:00:00+05:30,63.08694273534586,63.820073490851485,62.410204446889956,62.786170959472656,50257705,0.0,0.0
2023-07-11 00:00:00+05:30,62.936554870742626,63.2467277893745,62.081238024443614,62.46659851074219,24688125,0.0,0.0
2023-07-12 00:00:00+05:30,62.73917481044553,63.19033607666662,62.137631236127454,62.26921844482422,24154370,0.0,0.0
2023-07-13 00:00:00+05:30,62.607581855073995,62.974147212934824,60.1168119117128,60.473976135253906,44281450,0.0,0.0
2023-07-14 00:00:00+05:30,60.643162814592266,61.78985742882783,60.53037788267706,61.39509582519531,33175515,0.0,0.0
2023-07-17 00:00:00+05:30,61.65826702242082,62.936548771418,61.0943208792666,62.729766845703125,37077115,0.0,0.0
2023-07-18 00:00:00+05:30,62.97414594686253,63.105733140835554,61.42328867964993,61.742862701416016,36129700,0.0,0.0
2023-07-19 00:00:00+05:30,61.99664000364247,63.78247554398916,61.6112795306899,63.6226921081543,59625690,0.0,0.0
2023-07-20 00:00:00+05:30,63.9140625,64.85397518382354,63.42531105963623,63.9140625,54864325,0.0,0.0
2023-07-21 00:00:00+05:30,63.91405824579873,64.78817727041073,63.359513241317124,63.566287994384766,31280540,0.0,0.0
2023-07-24 00:00:00+05:30,63.91405847839738,66.05705811531878,62.83315752581987,63.857666015625,126452930,0.0,0.0
2023-07-25 00:00:00+05:30,64.29003021547368,64.4592147885788,62.03423829772701,62.56998825073242,63249455,0.0,0.0
2023-07-26 00:00:00+05:30,62.98355155601567,63.594496240563714,62.701574879773574,63.40650939941406,47384160,0.0,0.0
2023-07-27 00:00:00+05:30,63.6884834164758,65.72809215377778,63.632083781003374,64.81637573242188,66811855,0.0,0.0
2023-07-28 00:00:00+05:30,65.0325628806018,65.09835648364631,64.12084640201002,64.52500915527344,32009085,0.0,0.0
2023-07-31 00:00:00+05:30,64.83517960338305,65.17354156975661,64.42161573086646,64.7317886352539,22936200,0.0,0.0
2023-08-01 00:00:00+05:30,64.95736481988948,65.04195351763491,63.54749582308268,64.03624725341797,22592770,0.0,0.0
2023-08-02 00:00:00+05:30,63.914060724154886,64.00805055573281,60.85934458660337,61.51728057861328,55995715,0.0,0.0
2023-08-03 00:00:00+05:30,61.50788661513064,62.438398138391655,61.00033291945249,61.51728057861328,33604925,0.0,0.0
2023-08-04 00:00:00+05:30,61.66767578982985,62.91776146205007,61.413895332870624,61.79926300048828,35770240,0.0,0.0
2023-08-07 00:00:00+05:30,61.95903888120437,62.410200099066294,61.60187466316338,61.780460357666016,29034630,0.0,0.0
2023-08-08 00:00:00+05:30,61.846254194943185,63.87646175578892,61.846254194943185,63.679080963134766,42117945,0.0,0.0
2023-08-09 00:00:00+05:30,63.594494962562045,63.79187576357903,62.41020298549555,63.180931091308594,36473840,0.0,0.0
2023-08-10 00:00:00+05:30,63.12454247231824,63.444109358877505,61.921448152717026,62.26921844482422,41717995,0.0,0.0
2023-08-11 00:00:00+05:30,62.52298687142681,63.679082596296126,61.97784297957604,62.42899703979492,44584120,0.0,0.0
2023-08-14 00:00:00+05:30,62.39140275840346,62.39140275840346,60.71835929133915,61.949649810791016,44506845,0.0,0.0
2023-08-16 00:00:00+05:30,61.65827178955078,62.18462777869248,60.74655532166239,61.65827178955078,22837050,0.0,0.0
2023-08-17 00:00:00+05:30,61.64886726936625,62.63577842021887,61.39509400909912,62.006038665771484,33122890,0.0,0.0
2023-08-18 00:00:00+05:30,61.836852238519135,62.67337389810576,61.52667935234498,61.705265045166016,30723480,0.0,0.0
2023-08-21 00:00:00+05:30,61.752259817386665,62.2222161544169,61.56428015096042,61.686466217041016,27031115,0.0,0.0
2023-08-22 00:00:00+05:30,61.855648796828106,61.94024466367577,61.17891054590434,61.31050491333008,25423450,0.0,0.0
2023-08-23 00:00:00+05:30,61.545484503865616,63.058737298320935,61.319900301008246,62.522987365722656,52511900,0.0,0.0
2023-08-24 00:00:00+05:30,62.9553527978638,63.44410422332281,62.16582243862759,62.37260437011719,30369150,0.0,0.0
2023-08-25 00:00:00+05:30,62.12822556699708,62.47599583372495,61.09432307227457,61.207115173339844,30563530,0.0,0.0
2023-08-28 00:00:00+05:30,61.51728016801273,61.789855697444516,61.19771330858788,61.40449523925781,15019900,0.0,0.0
2023-08-29 00:00:00+05:30,61.73346496287022,61.9120506663555,61.188313888731244,61.39509582519531,15764360,0.0,0.0
2023-08-30 00:00:00+05:30,61.65827096905342,61.921445374639745,61.056727421723316,61.197715759277344,16755830,0.0,0.0
2023-08-31 00:00:00+05:30,61.19771554745888,61.52668355330316,60.01342355545476,60.22960662841797,32176605,0.0,0.0
2023-09-01 00:00:00+05:30,60.45518524230951,62.10003248540667,60.09801740844476,61.73346710205078,36120140,0.0,0.0
2023-09-04 00:00:00+05:30,61.94964621500507,63.65088581711067,61.526681219848285,63.26551818847656,46503455,0.0,0.0
2023-09-05 00:00:00+05:30,63.36891166680274,64.15844205316183,62.75796698576772,63.6226921081543,34979960,0.0,0.0
2023-09-06 00:00:00+05:30,63.77307094221528,63.77307094221528,62.513591451567954,62.82375717163086,22525825,0.0,0.0
2023-09-07 00:00:00+05:30,62.82375710692909,63.82006937669068,62.710972180100306,63.66028594970703,28583565,0.0,0.0
2023-09-08 00:00:00+05:30,63.7260817634353,64.57199742792537,63.06813859320856,63.744876861572266,36302970,0.0,0.0
2023-09-11 00:00:00+05:30,64.08324189892893,68.23765390517005,63.970449804424234,67.664306640625,132858755,0.0,0.0
2023-09-12 00:00:00+05:30,68.04967469685145,68.2282532172796,65.26753421955681,65.56830596923828,64026290,0.0,0.0
2023-09-13 00:00:00+05:30,65.54950864410377,68.6700184714687,64.86337639979322,68.5666275024414,73506725,0.0,0.0
2023-09-14 00:00:00+05:30,68.80160423744412,69.30915793726517,67.84289647398073,68.6136245727539,53319120,0.0,0.0
2023-09-15 00:00:00+05:30,69.03658038098975,69.25276344291736,68.04967641383597,68.5854263305664,37571540,0.0,0.0
2023-09-18 00:00:00+05:30,68.78281542593544,70.86942288114442,68.4350451264122,69.97650146484375,90346740,0.0,0.0
2023-09-20 00:00:00+05:30,69.57233154858957,70.71902613472601,68.98018915765093,69.74151611328125,45690940,0.0,0.0
2023-09-21 00:00:00+05:30,69.55353461090716,70.7190242640848,67.7865014482853,68.5102310180664,74010120,0.0,0.0
2023-09-22 00:00:00+05:30,69.27156038755584,72.56125470771588,69.27156038755584,71.98790740966797,164013815,0.0,0.0
2023-09-25 00:00:00+05:30,72.17589684647386,72.17589684647386,70.24907294968303,70.50285339355469,68578965,0.0,0.0
2023-09-26 00:00:00+05:30,70.72843227131739,71.20778976700647,69.22457335156875,69.56294250488281,48894255,0.0,0.0
2023-09-27 00:00:00+05:30,69.55353842355811,70.474656006554,68.72641784547389,70.35246276855469,53402070,0.0,0.0
2023-09-28 00:00:00+05:30,70.67203364458277,72.06310033502459,70.18327505640046,70.40885925292969,79975190,0.0,0.0
2023-09-29 00:00:00+05:30,70.86001126430433,71.3487698384174,70.02348961307361,70.72842407226562,47783295,0.0,0.0
2023-10-03 00:00:00+05:30,70.72842604865231,72.65524982600465,70.23027349759084,72.26988220214844,43315645,0.0,0.0
2023-10-04 00:00:00+05:30,72.05371035474025,72.05371035474025,69.62873389023483,70.15508270263672,53115860,0.0,0.0
2023-10-05 00:00:00+05:30,70.54044442189308,71.36756493917458,69.64752313762463,69.79791259765625,36566050,0.0,0.0
2023-10-06 00:00:00+05:30,70.20207973540349,71.61194874278122,69.74151736323226,70.54984283447266,34741410,0.0,0.0
2023-10-09 00:00:00+05:30,69.55353956609032,69.86371247707876,68.25646262599975,68.6794204711914,31218410,0.0,0.0
2023-10-10 00:00:00+05:30,69.20577187675534,70.12688950935517,69.11178203774679,70.02349853515625,24002555,0.0,0.0
2023-10-11 00:00:00+05:30,69.9389010641919,70.49344606450319,69.27155679766614,69.52533721923828,36355700,0.0,0.0
2023-10-12 00:00:00+05:30,69.81671289951157,70.26787414227637,69.16817085396366,69.42195129394531,18850570,0.0,0.0
2023-10-13 00:00:00+05:30,69.25276906507807,69.43135477547449,67.63611804939345,68.90499877929688,32407640,0.0,0.0
2023-10-16 00:00:00+05:30,68.80160572485828,70.4558540595605,68.61362605610415,69.80731201171875,31506305,0.0,0.0
2023-10-17 00:00:00+05:30,70.21147468693835,71.13259227327684,69.83551534978601,70.97280883789062,35506600,0.0,0.0
2023-10-18 00:00:00+05:30,70.80362916099902,71.11380208945387,69.6099359530541,69.90131378173828,18162470,0.0,0.0
2023-10-19 00:00:00+05:30,69.55354199660813,70.67204043964078,69.00839089235987,70.29607391357422,24142670,0.0,0.0
2023-10-20 00:00:00+05:30,69.92010386825008,70.47465607975336,68.70761564746968,69.42195129394531,38109775,0.0,0.0
2023-10-23 00:00:00+05:30,69.42194849294783,69.82611121690104,66.54581809563142,66.83718872070312,47485035,0.0,0.0
2023-10-25 00:00:00+05:30,67.6737159755963,67.83349941728486,65.63410709014116,66.49882507324219,31390525,0.0,0.0
2023-10-26 00:00:00+05:30,65.97247529379742,67.93688941218583,64.30882578427753,67.55152893066406,61186460,0.0,0.0
2023-10-27 00:00:00+05:30,67.99327480723169,72.89961978180902,67.8992849803666,71.58374786376953,136009790,0.0,0.0
2023-10-30 00:00:00+05:30,71.80932658470441,72.5518584251796,71.05739361003062,71.92211151123047,38097645,0.0,0.0
2023-10-31 00:00:00+05:30,72.1477000339244,73.43537582876563,72.01611283110799,72.25109100341797,49438935,0.0,0.0
2023-11-01 00:00:00+05:30,72.24168295958951,72.54245470454242,71.43335755047283,72.05370330810547,32192280,0.0,0.0
2023-11-02 00:00:00+05:30,72.73983892795424,73.6609564740766,72.27928374037525,72.96541595458984,31461020,0.0,0.0
2023-11-03 00:00:00+05:30,73.49177323173612,73.83953632676312,72.74924136929874,72.84323120117188,25160335,0.0,0.0
2023-11-06 00:00:00+05:30,73.12520499331767,73.51996657424604,72.0725002732111,72.35447692871094,21697560,0.0,0.0
2023-11-07 00:00:00+05:30,72.37328074094205,73.34138971258984,71.90332437249437,72.8526382446289,23755220,0.0,0.0
2023-11-08 00:00:00+05:30,73.12520876295514,73.46357789861231,72.26048365462867,72.37327575683594,22322510,0.0,0.0
2023-11-09 00:00:00+05:30,72.56125443194112,73.1627979602356,72.05370790635133,72.18529510498047,25663990,0.0,0.0
2023-11-10 00:00:00+05:30,71.99731222735595,72.97482230729746,71.62134570876846,72.8244400024414,16067395,0.0,0.0
2023-11-13 00:00:00+05:30,72.96541615139421,76.25511041347451,72.73983912415015,76.02953338623047,61933460,0.0,0.0
2023-11-15 00:00:00+05:30,76.69687612292518,77.26082231782866,76.34911300773325,76.58409118652344,34318120,0.0,0.0
2023-11-16 00:00:00+05:30,76.69687629327554,77.00704921099909,75.95434438613351,76.31151580810547,17498810,0.0,0.0
2023-11-17 00:00:00+05:30,75.00503366597786,76.0765335322663,74.26250179881929,74.77944946289062,38988760,0.0,0.0
2023-11-20 00:00:00+05:30,75.08022497567595,76.12352866137766,74.64786598796537,75.03323364257812,22057440,0.0,0.0
2023-11-21 00:00:00+05:30,75.22120915175174,75.72876284947249,74.08391569186365,74.66666412353516,19851960,0.0,0.0
2023-11-22 00:00:00+05:30,74.80764791461685,75.41859260024646,73.6515593161001,74.18730926513672,15692850,0.0,0.0
2023-11-23 00:00:00+05:30,74.40349077275764,74.67605913797706,73.80194006365053,73.92413330078125,12982570,0.0,0.0
2023-11-24 00:00:00+05:30,74.14030690216417,74.40348846653795,73.12520669486577,73.27558898925781,13076900,0.0,0.0
2023-11-28 00:00:00+05:30,73.31318249950594,75.09901786637901,73.31318249950594,74.45987701416016,23130565,0.0,0.0
2023-11-29 00:00:00+05:30,74.97683065942535,76.07653393514683,74.64786265855336,75.70996856689453,27494830,0.0,0.0
2023-11-30 00:00:00+05:30,75.56897663075789,76.39609716081496,75.2306075114245,75.766357421875,39491645,0.0,0.0
2023-12-01 00:00:00+05:30,76.2269189772551,78.77408154849054,76.13292914090374,77.12923431396484,49701145,0.0,0.0
2023-12-04 00:00:00+05:30,78.85867968067062,80.644515306381,78.68009396681006,80.25914764404297,55340260,0.0,0.0
2023-12-05 00:00:00+05:30,80.44712120859663,82.22356273507836,80.05235961202936,81.68781280517578,48484695,0.0,0.0
2023-12-06 00:00:00+05:30,81.68781204427742,82.95669269054696,80.58810879127701,82.23295593261719,39209200,0.0,0.0
2023-12-07 00:00:00+05:30,82.04497630099459,82.55252999388355,80.8042918864764,81.88519287109375,28704895,0.0,0.0
2023-12-08 00:00:00+05:30,82.07317006281664,82.90029059061098,80.8794841852413,82.43973541259766,40078965,0.0,0.0
2023-12-11 00:00:00+05:30,82.71231459819033,84.49815009757144,82.40214169741563,83.97179412841797,35171875,0.0,0.0
2023-12-12 00:00:00+05:30,84.2913641455289,84.50754720360216,83.12587450325643,83.56763458251953,25567405,0.0,0.0
2023-12-13 00:00:00+05:30,83.84020433867077,85.09969100095178,83.55823485019425,84.4511489868164,33012275,0.0,0.0
2023-12-14 00:00:00+05:30,85.2500740298517,85.47565822773744,84.02819189397711,84.25376892089844,21803925,0.0,0.0
2023-12-15 00:00:00+05:30,84.78012089036186,85.12789116360246,82.91909779920273,84.43235778808594,55247630,0.0,0.0
2023-12-18 00:00:00+05:30,84.44174876977937,84.77072393302178,82.8533012725043,83.0506820678711,31513035,0.0,0.0
2023-12-19 00:00:00+05:30,83.45484405717292,84.57334239202142,82.58072501627542,83.830810546875,34764590,0.0,0.0
2023-12-20 00:00:00+05:30,84.3007742364492,84.64853735378202,79.70460160469536,80.0711669921875,39043010,0.0,0.0
2023-12-21 00:00:00+05:30,79.51661391944478,81.38703820653606,77.72138437026794,81.19905853271484,38760745,0.0,0.0
2023-12-22 00:00:00+05:30,81.77240273999217,81.85699143869466,79.53541315462931,80.08995819091797,27348250,0.0,0.0
2023-12-26 00:00:00+05:30,80.45652488138886,80.94528349624247,79.8173839649405,79.9677734375,17491435,0.0,0.0
2023-12-27 00:00:00+05:30,80.24973970544363,81.81939928537514,80.17455214316111,81.30244445800781,26349440,0.0,0.0
2023-12-28 00:00:00+05:30,82.90029563102243,83.97179551414033,82.59952385981327,82.91909790039062,71150080,0.0,0.0
2023-12-29 00:00:00+05:30,83.08827815015268,83.08827815015268,81.95098472530289,82.24235534667969,20864775,0.0,0.0
2024-01-01 00:00:00+05:30,82.80630363758661,83.82141102805647,82.33634730914291,83.1634750366211,21701345,0.0,0.0
2024-01-02 00:00:00+05:30,83.06008763137984,84.68613258176167,82.74991472027877,83.45484924316406,33168170,0.0,0.0
2024-01-03 00:00:00+05:30,84.59214040016985,86.98892057989383,83.53004166335941,86.14299774169922,97005400,0.0,0.0
2024-01-04 00:00:00+05:30,86.90432318954018,87.75024601292894,85.90801807030701,87.46826934814453,43984105,0.0,0.0
2024-01-05 00:00:00+05:30,87.97582497069664,88.2108031395131,85.69183688296188,86.83853149414062,34552380,0.0,0.0
2024-01-08 00:00:00+05:30,86.75394661764665,87.03591613007069,84.43236106010077,84.6861343383789,29005830,0.0,0.0
2024-01-09 00:00:00+05:30,85.32527151456407,86.28398645908985,84.44175130509218,84.6673355102539,28163540,0.0,0.0
2024-01-10 00:00:00+05:30,84.79892257963694,85.06209698095294,83.28566260110524,84.35716247558594,26641065,0.0,0.0
2024-01-11 00:00:00+05:30,84.85530855108323,86.0396004373319,84.6391326683889,85.43805694580078,21747555,0.0,0.0
2024-01-12 00:00:00+05:30,85.72003708009889,87.59986251756567,85.13729578390176,86.89492797851562,45209325,0.0,0.0
2024-01-15 00:00:00+05:30,87.55286940780188,88.04162085640213,86.92312962005923,87.48707580566406,17352745,0.0,0.0
2024-01-16 00:00:00+05:30,87.34608861109156,88.6055682030809,86.69754654511695,87.40248107910156,26041455,0.0,0.0
2024-01-17 00:00:00+05:30,85.72943402816406,87.59985823922253,85.08089198920379,85.87042236328125,33668370,0.0,0.0
2024-01-18 00:00:00+05:30,85.68244254072394,86.56595557531423,82.9942917276636,86.14299774169922,34924420,0.0,0.0
2024-01-19 00:00:00+05:30,86.65994759327707,87.94763056671677,86.43437055439233,87.72205352783203,32255045,0.0,0.0
2024-01-23 00:00:00+05:30,90.6827726605729,91.15272897019845,84.63913423194958,85.70123291015625,67779560,0.0,0.0
2024-01-24 00:00:00+05:30,86.24638976752017,86.40617320253857,83.27626224829393,85.40046691894531,104038180,0.0,0.0
2024-01-25 00:00:00+05:30,85.55084667211815,88.24839857254553,85.231279811596,87.46826934814453,61778805,0.0,0.0
2024-01-29 00:00:00+05:30,88.33299610123008,90.23161654412155,87.99462696551245,89.20711517333984,44012445,0.0,0.0
2024-01-30 00:00:00+05:30,89.31049448874968,91.13392727629459,88.73715438468103,89.73345947265625,30096690,0.0,0.0
2024-01-31 00:00:00+05:30,89.95904006050095,91.17152825554925,88.69956053490993,90.60758209228516,33216415,0.0,0.0
2024-02-01 00:00:00+05:30,90.79555812140671,94.9311751047159,90.1094259210433,94.27323913574219,77435540,0.0,0.0
2024-02-02 00:00:00+05:30,95.30714709955555,98.18327760303237,95.21315726583393,96.6888198852539,70094345,0.0,0.0
2024-02-05 00:00:00+05:30,97.50653480437913,99.15138191659656,96.14366435121327,97.79791259765625,41140860,0.0,0.0
2024-02-06 00:00:00+05:30,98.11748073635476,98.286665299808,96.68881666683298,98.02349090576172,25722875,0.0,0.0
2024-02-07 00:00:00+05:30,99.83752421326689,105.36420809027328,99.63074228004832,103.7945556640625,93641330,0.0,0.0
2024-02-08 00:00:00+05:30,106.21013175565807,109.01107466868656,104.71567405177862,107.0090560913086,116284190,0.0,0.0
2024-02-09 00:00:00+05:30,107.7139944699845,108.2779406583265,103.06142945245702,107.33802795410156,76345650,0.0,0.0
2024-02-12 00:00:00+05:30,107.90197680206873,108.08995646666843,101.77374221100095,102.59146881103516,51213620,0.0,0.0
2024-02-13 00:00:00+05:30,103.01443229673836,104.28331302985156,100.49546592961786,103.80396270751953,44616500,0.0,0.0
2024-02-14 00:00:00+05:30,102.45048540498657,106.95266814706093,102.07451888673859,106.48271179199219,41070590,0.0,0.0
2024-02-15 00:00:00+05:30,106.97146441459394,111.7932212596896,106.69888886516067,110.35515594482422,80202835,0.0,0.0
2024-02-16 00:00:00+05:30,110.55252736877776,110.87209422451846,108.33433296328745,110.12956237792969,45188595,0.0,0.0
2024-02-19 00:00:00+05:30,110.40214579686446,110.52433186733022,107.17824492229546,107.68579864501953,30254305,0.0,0.0
2024-02-20 00:00:00+05:30,107.4320153309812,107.6857885831489,106.62368990412968,106.9620590209961,23257800,0.0,0.0
2024-02-21 00:00:00+05:30,107.05605635749558,109.54682640930706,106.0315478009697,106.65189361572266,56105005,0.0,0.0
2024-02-22 00:00:00+05:30,107.71398508555053,109.91338435071894,105.91875570578954,109.44342803955078,40230970,0.0,0.0
2024-02-23 00:00:00+05:30,109.96978013095035,112.56394105473,108.68209721795527,109.11445617675781,82259680,0.0,0.0
2024-02-26 00:00:00+05:30,109.78179995178105,109.78179995178105,107.15004167386185,107.760986328125,40534550,0.0,0.0
2024-02-27 00:00:00+05:30,108.89828369972794,109.83819637991137,106.64249183309481,107.50720977783203,53513285,0.0,0.0
2024-02-28 00:00:00+05:30,107.99596806998812,108.04295940128044,102.94863441068436,103.47498321533203,62807585,0.0,0.0
2024-02-29 00:00:00+05:30,103.58776911793493,106.7646711959211,102.30948737947517,106.10673522949219,48528555,0.0,0.0
2024-03-01 00:00:00+05:30,107.15004051364619,108.91707368793811,106.77407402501949,108.77609252929688,36848925,0.0,0.0
2024-03-04 00:00:00+05:30,110.68411968719101,111.74621843867389,109.78180437097318,111.26686096191406,34505780,0.0,0.0
2024-03-05 00:00:00+05:30,111.06007772750752,113.54144645066158,110.55252405627634,113.25006866455078,55574805,0.0,0.0
2024-03-06 00:00:00+05:30,113.54145326714885,113.97381223431051,109.98857735523295,112.78952026367188,44320730,0.0,0.0
2024-03-07 00:00:00+05:30,112.80831464839795,113.82342204538273,111.66162722324613,112.4041519165039,29660555,0.0,0.0
2024-03-11 00:00:00+05:30,112.40414983894763,113.24067869077204,109.81939006369235,110.20475769042969,31771280,0.0,0.0
2024-03-12 00:00:00+05:30,110.2047557143581,110.74050562587504,106.21012704240908,106.56729125976562,43186065,0.0,0.0
2024-03-13 00:00:00+05:30,106.97145865291063,107.4602172569362,99.52735202928748,100.84323120117188,61035900,0.0,0.0
2024-03-14 00:00:00+05:30,100.38267504913802,104.26451175697756,99.46155748626254,102.82644653320312,46018095,0.0,0.0
2024-03-15 00:00:00+05:30,102.82644336055972,104.14232247936788,99.5837404780363,103.23060607910156,47635625,0.0,0.0
2024-03-18 00:00:00+05:30,103.39039020479831,104.5182825022831,102.46927266411306,103.96373748779297,25027215,0.0,0.0
2024-03-19 00:00:00+05:30,103.89794797186687,104.48069641200865,102.66666466212585,103.0896224975586,21355995,0.0,0.0
2024-03-20 00:00:00+05:30,103.37160028220809,104.20812199842922,100.67404829391009,103.58777618408203,30262105,0.0,0.0
2024-03-21 00:00:00+05:30,105.27021857221135,106.86806723572518,104.89425207168912,106.00334930419922,27814235,0.0,0.0
2024-03-22 00:00:00+05:30,106.00335048308186,108.55991410990761,105.91876178428002,107.7421875,29115490,0.0,0.0
2024-03-26 00:00:00+05:30,107.51660546119581,108.02415914327662,106.64248642610623,107.49781036376953,24848115,0.0,0.0
2024-03-27 00:00:00+05:30,107.49781650138964,108.0335664456808,105.71198096343085,106.06914520263672,22051135,0.0,0.0
2024-03-28 00:00:00+05:30,106.80228022640858,110.49613751786978,106.79288626226514,109.22725677490234,51789135,0.0,0.0
2024-04-01 00:00:00+05:30,110.05437134779027,110.97548892178706,109.65021578286311,110.73110961914062,19686100,0.0,0.0
2024-04-02 00:00:00+05:30,110.70291077451412,111.88720272143624,110.46793261200379,111.793212890625,18757320,0.0,0.0
2024-04-03 00:00:00+05:30,111.47364341023064,115.00771712649058,110.90969723138265,114.09600067138672,43724155,0.0,0.0
2024-04-04 00:00:00+05:30,115.55285932765919,115.56225329072676,113.22187288431296,114.18058776855469,38719345,0.0,0.0
2024-04-05 00:00:00+05:30,114.55655576756587,116.32359620943105,113.97381449075051,115.60926055908203,40105775,0.0,0.0
2024-04-08 00:00:00+05:30,116.35178738022432,116.35178738022432,114.12419182629075,115.12989807128906,19005745,0.0,0.0
2024-04-09 00:00:00+05:30,115.4212745842945,115.76903767024285,113.4850496776253,114.32157135009766,18031285,0.0,0.0
2024-04-10 00:00:00+05:30,114.6035481494318,115.8912310440418,114.21818052608734,115.21449279785156,23270245,0.0,0.0
2024-04-12 00:00:00+05:30,114.39676725122138,115.92882228221328,113.7106350355789,113.88921356201172,23474690,0.0,0.0
2024-04-15 00:00:00+05:30,112.41355732838385,113.90802224819271,110.44914323019792,111.49244689941406,30203555,0.0,0.0
2024-04-16 00:00:00+05:30,110.53373061409803,111.94359964532624,109.06746911632942,109.79119873046875,31644765,0.0,0.0
2024-04-18 00:00:00+05:30,110.70291477461438,111.82141316328762,109.27425065015305,109.67841339111328,25803295,0.0,0.0
2024-04-19 00:00:00+05:30,108.08995685618588,109.85699009107019,105.77777255264756,108.79489135742188,47342605,0.0,0.0
2024-04-22 00:00:00+05:30,109.97918310976556,113.12788910819677,109.86639100824371,112.75192260742188,52446075,0.0,0.0
2024-04-23 00:00:00+05:30,113.73883593113091,113.87982426796404,112.63913264060427,113.09029388427734,26919135,0.0,0.0
2024-04-24 00:00:00+05:30,113.55084551321595,113.81401990916284,112.03758556555685,112.21617126464844,24646005,0.0,0.0
2024-04-25 00:00:00+05:30,112.01879478068793,116.72775936964703,111.86840530809107,115.95703125,57499790,0.0,0.0
2024-04-26 00:00:00+05:30,116.03221360358371,117.37628897794691,115.44007121650117,116.09800720214844,29797195,0.0,0.0
2024-04-29 00:00:00+05:30,117.00972562329414,117.44208458855023,115.45886829231095,116.70895385742188,39740260,0.0,0.0
2024-04-30 00:00:00+05:30,117.39509845489569,118.37260852999538,116.3705898760935,116.91574096679688,40666775,0.0,0.0
2024-05-02 00:00:00+05:30,117.27290352936788,118.6169789669556,117.12252122741651,118.16582489013672,21606080,0.0,0.0
2024-05-03 00:00:00+05:30,118.97414473233702,118.97414473233702,116.36118871764812,117.61126708984375,19884865,0.0,0.0
2024-05-06 00:00:00+05:30,117.89324430073546,118.23161342934368,110.59012614536444,111.24806213378906,65295460,0.0,0.0
2024-05-07 00:00:00+05:30,111.91540649482347,112.17858090721433,107.52601584438985,108.41893005371094,43276005,0.0,0.0
2024-05-08 00:00:00+05:30,108.97347729099965,112.50754376828857,104.15172070286769,104.83786010742188,114364700,0.0,0.0
2024-05-09 00:00:00+05:30,105.83416611388677,106.77407879193366,101.88653573447569,102.54447174072266,65605805,0.0,0.0
2024-05-10 00:00:00+05:30,103.3903957034322,104.74387226916767,101.64215752967881,103.0426254272461,38864845,0.0,0.0
2024-05-13 00:00:00+05:30,103.76636395048624,104.33031013866443,100.00671313467852,103.2682113647461,52494105,0.0,0.0
2024-05-14 00:00:00+05:30,104.40550173961516,106.96206536491825,104.05773146805281,106.50150299072266,46097330,0.0,0.0
2024-05-15 00:00:00+05:30,109.2648420414003,112.4135478832392,109.02986388647255,111.84960174560547,58148316,0.0,5.0
2024-05-16 00:00:00+05:30,113.11848540453084,113.11848540453084,105.08223659143779,106.8680648803711,83518740,0.0,0.0
2024-05-17 00:00:00+05:30,108.04295279719047,108.27793095218303,106.3981057122426,106.9620590209961,39194579,0.0,0.0
2024-05-21 00:00:00+05:30,108.46592389564314,109.7818030720027,106.77407821590019,109.21784973144531,35545169,0.0,0.0
2024-05-22 00:00:00+05:30,109.87579960040226,109.87579960040226,107.99597413990253,109.02987670898438,32841192,0.0,0.0
2024-05-23 00:00:00+05:30,109.87579782438084,111.52064507573097,109.49983130416497,110.62772369384766,35478278,0.0,0.0
2024-05-24 00:00:00+05:30,111.09767327786892,111.61462810801817,109.87579112537036,110.15776062011719,29084908,0.0,0.0
2024-05-27 00:00:00+05:30,110.9096926175631,111.09767227903761,108.74789065578415,109.96977996826172,34617257,0.0,0.0
2024-05-28 00:00:00+05:30,110.62771919371814,111.61463037276847,108.32493600388688,108.98287200927734,30239355,0.0,0.0
2024-05-29 00:00:00+05:30,109.40584088293373,111.33265763593829,108.55991800970409,109.54682922363281,39784811,0.0,0.0
2024-05-30 00:00:00+05:30,109.68780542579036,110.48673692991463,107.85497859260255,108.13695526123047,34512065,0.0,0.0
2024-05-31 00:00:00+05:30,109.49982190536241,112.17857147915481,107.5260068073556,110.9096908569336,285607552,0.0,0.0
2024-06-03 00:00:00+05:30,117.30110449941654,121.15473785489384,115.09230398032977,120.5438003540039,93777898,0.0,0.0
2024-06-04 00:00:00+05:30,120.1208415614528,120.1208415614528,90.4195955844549,103.24940490722656,200212291,0.0,0.0
2024-06-05 00:00:00+05:30,108.27793884277344,109.31184853685663,98.40885561389173,108.27793884277344,105580249,0.0,0.0
2024-06-06 00:00:00+05:30,110.53372436898842,113.3534622721308,109.49982190536241,110.9096908569336,52416611,0.0,0.0
2024-06-07 00:00:00+05:30,112.27257055266466,112.41355889362329,110.90969998898261,111.75562286376953,40419251,0.0,0.0
2024-06-10 00:00:00+05:30,112.78952049100445,115.32728183366622,112.78952049100445,113.75762939453125,43824793,0.0,0.0
2024-06-11 00:00:00+05:30,114.19939094487874,115.6938486682672,113.49445643287332,113.94561767578125,37514599,0.0,0.0
2024-06-12 00:00:00+05:30,114.66934860479755,116.07921764502048,114.19939225805658,115.41188049316406,39113054,0.0,0.0
2024-06-13 00:00:00+05:30,117.02852418186201,117.48907936510321,114.1053953135811,114.59414672851562,62531469,0.0,0.0
2024-06-14 00:00:00+05:30,115.84918490959915,116.80493862276535,115.17340094382361,116.63116455078125,32576803,3.22,0.0
2024-06-18 00:00:00+05:30,117.6351929346828,118.26271083260747,117.12352687445733,117.66415405273438,33945927,0.0,0.0
2024-06-19 00:00:00+05:30,117.67380788210853,118.6006004688581,116.43808443310911,116.96906280517578,45620625,0.0,0.0
2024-06-20 00:00:00+05:30,117.29730108273198,117.97308505635303,116.74701774264258,117.00767517089844,19050406,0.0,0.0
2024-06-21 00:00:00+05:30,117.10421996711204,117.5772687402254,114.40106938976439,114.99962615966797,32273022,0.0,0.0
2024-06-24 00:00:00+05:30,113.91836631480622,117.36487930615141,112.19028173854451,114.17902374267578,44230331,0.0,0.0
2024-06-25 00:00:00+05:30,115.11546937994395,115.59817430883645,112.80814040907724,113.96663665771484,36965833,0.0,0.0
2024-06-26 00:00:00+05:30,113.8700945460082,115.24098219922105,113.15569328368129,114.58450317382812,21602758,0.0,0.0
2024-06-27 00:00:00+05:30,114.09213741649766,115.2699386228043,112.79848437554861,114.0245590209961,28134054,0.0,0.0
2024-06-28 00:00:00+05:30,114.15971558074718,117.67380687069524,114.15971558074718,115.33751678466797,43712892,0.0,0.0
2024-07-01 00:00:00+05:30,115.22166864364095,116.03261677950424,113.82182725243324,114.26591491699219,20506793,0.0,0.0
2024-07-02 00:00:00+05:30,114.69069520300154,114.86446927376792,111.50483969411542,112.22889709472656,23399374,0.0,0.0
2024-07-03 00:00:00+05:30,113.04949440676778,113.90870860261018,112.47024995733926,113.00122833251953,16011335,0.0,0.0
2024-07-04 00:00:00+05:30,113.62874196794625,113.91836788333838,112.32544007966767,113.21361541748047,20110432,0.0,0.0
2024-07-05 00:00:00+05:30,112.95295483218409,113.89905974595426,112.4895548535942,113.6866683959961,20103764,0.0,0.0
2024-07-08 00:00:00+05:30,113.43565967999442,113.99559917209052,110.69389918571873,110.91593933105469,34032815,0.0,0.0
2024-07-09 00:00:00+05:30,111.02213892443427,113.19431120773842,110.9255994071638,111.987548828125,32861024,0.0,0.0
2024-07-10 00:00:00+05:30,112.22889439664327,112.22889439664327,108.99477289142992,110.79043579101562,22991042,0.0,0.0
2024-07-11 00:00:00+05:30,111.3117609090559,111.45656649709905,109.8636461046822,110.2015380859375,13553009,0.0,0.0
2024-07-12 00:00:00+05:30,110.76147500055093,110.82905339522941,108.4155287774369,108.82099914550781,22397084,0.0,0.0
2024-07-15 00:00:00+05:30,109.3326660026111,113.48393132241725,108.5120690995311,113.19430541992188,49372062,0.0,0.0
2024-07-16 00:00:00+05:30,113.53219822058166,114.02455931220344,111.60137849790003,112.02616119384766,34514206,0.0,0.0
2024-07-18 00:00:00+05:30,112.0261600849507,113.52254093592133,110.76147553607045,111.76549530029297,24517941,0.0,0.0
2024-07-19 00:00:00+05:30,111.79446901630816,112.75987891328666,108.44449549531386,108.98512268066406,33377806,0.0,0.0
2024-07-22 00:00:00+05:30,108.89823338010122,111.49518085265848,107.18945383106357,110.79043579101562,21519135,0.0,0.0
2024-07-23 00:00:00+05:30,111.4083035197854,111.4083035197854,105.22967870960886,108.95616149902344,26483458,0.0,0.0
2024-07-24 00:00:00+05:30,109.08165811319239,109.960184621987,107.6818167611815,108.56999206542969,24622269,0.0,0.0
2024-07-25 00:00:00+05:30,107.93282337565509,109.91190913418056,105.4710253302173,108.01970672607422,76948576,0.0,0.0
2024-07-26 00:00:00+05:30,108.59895563345353,110.44289204469206,107.1604969706895,109.92156982421875,54279930,0.0,0.0
2024-07-29 00:00:00+05:30,111.21521777110671,113.74459436608122,111.03179489825058,111.90066528320312,51072326,0.0,0.0
2024-07-30 00:00:00+05:30,111.90065945579605,112.42197429412623,111.13798478902706,111.76549530029297,17664352,0.0,0.0
2024-07-31 00:00:00+05:30,111.9875442201932,112.17097445130464,110.30773311922827,110.7421646118164,16689282,0.0,0.0
2024-08-01 00:00:00+05:30,111.50483727569485,111.60137678725062,108.1741762513192,108.79203796386719,25958910,0.0,0.0
2024-08-02 00:00:00+05:30,108.12590759172761,108.12590759172761,106.24336125396167,106.66813659667969,27944377,0.0,0.0
2024-08-05 00:00:00+05:30,104.68905287716058,104.68905287716058,100.44124780493901,101.61904907226562,57645213,0.0,0.0
2024-08-06 00:00:00+05:30,103.05750166781777,104.43803805035299,101.17495540322098,101.3969955444336,18760783,0.0,0.0
2024-08-07 00:00:00+05:30,102.9126874605149,104.80488986286481,101.80246467152844,104.47665405273438,24292529,0.0,0.0
2024-08-08 00:00:00+05:30,104.26426912145904,104.80489630809403,102.81615427254988,103.44367218017578,17399682,0.0,0.0
2024-08-09 00:00:00+05:30,104.26426374413168,108.64722534464227,103.92637176991127,106.82260131835938,29858732,0.0,0.0
2024-08-12 00:00:00+05:30,106.09855025853106,106.9288033678385,104.65043539794736,105.76065826416016,22238178,0.0,0.0
2024-08-13 00:00:00+05:30,105.22967480430592,106.33024145613906,102.57479768768353,102.99958038330078,19954825,0.0,0.0
2024-08-14 00:00:00+05:30,103.05750142423787,103.35677612059652,101.85073911247865,101.99555206298828,13061546,0.0,0.0
2024-08-16 00:00:00+05:30,104.26426826827706,104.66008985917658,102.83545838822822,103.89741516113281,30254042,0.0,0.0
2024-08-19 00:00:00+05:30,104.55389453090572,107.40185077376569,104.3415031756158,106.09854888916016,27792179,0.0,0.0
2024-08-20 00:00:00+05:30,106.48470929877784,108.08728581818028,105.80891798513225,107.50804138183594,24247603,0.0,0.0
2024-08-21 00:00:00+05:30,107.50804222551803,108.02936443196685,106.84190706747351,107.7686996459961,15379494,0.0,0.0
2024-08-22 00:00:00+05:30,108.12590911912655,108.76308319044377,107.94247888062739,108.44449615478516,13967447,0.0,0.0
2024-08-23 00:00:00+05:30,108.70514755157423,109.08165680353927,107.94247288681377,108.22244262695312,13224117,0.0,0.0
2024-08-26 00:00:00+05:30,109.24578751065442,109.27474862909368,107.32461651192962,107.55632019042969,15658016,0.0,0.0
2024-08-27 00:00:00+05:30,107.5563205881626,108.14521385142221,106.6777940429604,107.01568603515625,12098332,0.0,0.0
2024-08-28 00:00:00+05:30,107.2570390500385,107.35357856750977,106.02131554922292,106.4171371459961,11686742,0.0,0.0
2024-08-29 00:00:00+05:30,106.41713462095692,106.91914451919179,105.08486426878879,106.46540069580078,13192113,0.0,0.0
2024-08-30 00:00:00+05:30,106.72606734012105,108.5120741811677,106.71641117878762,107.67216491699219,21379047,0.0,0.0
2024-09-02 00:00:00+05:30,107.99075115268279,109.42920983001515,106.20474432484833,108.86927032470703,28495435,0.0,0.0
2024-09-03 00:00:00+05:30,109.18785258812645,109.53540072344933,107.35357239958736,107.56596374511719,16764307,0.0,0.0
2024-09-04 00:00:00+05:30,104.31254246396746,105.85719682824445,104.16772950611491,104.84351348876953,28544684,0.0,0.0
2024-09-05 00:00:00+05:30,105.56756686886192,105.56756686886192,104.02291256375163,104.45734405517578,28593475,0.0,0.0
2024-09-06 00:00:00+05:30,104.26426576153027,104.26426576153027,99.38894298111346,99.80406951904297,60221990,0.0,0.0
2024-09-09 00:00:00+05:30,100.01645804031745,100.73085926021821,97.20711923346198,100.42192840576172,45565580,0.0,0.0
2024-09-10 00:00:00+05:30,101.17495549903619,101.271495011198,99.86199751025612,100.02611541748047,22295664,0.0,0.0
2024-09-11 00:00:00+05:30,100.02611642436831,100.49916519456788,97.60293560760343,98.23045349121094,20777048,0.0,0.0
2024-09-12 00:00:00+05:30,99.14758764635361,100.69224928313014,98.39456914944596,100.3929672241211,23673743,0.0,0.0
2024-09-13 00:00:00+05:30,100.83705584295298,103.54020636798795,100.49916386869677,102.70995330810547,30088081,0.0,0.0
2024-09-16 00:00:00+05:30,103.20231557016554,104.43803901324186,102.76787671360444,102.99958038330078,18598510,0.0,0.0
2024-09-17 00:00:00+05:30,103.02854246124507,103.08646469646284,101.69627212729391,101.88935852050781,10915215,0.0,0.0
2024-09-18 00:00:00+05:30,101.46457536644655,102.90303400335618,101.37769201400906,101.8024673461914,17234512,0.0,0.0
2024-09-19 00:00:00+05:30,102.33344571103939,103.15404262335956,99.1669025316672,101.08806610107422,19006150,0.0,0.0
2024-09-20 00:00:00+05:30,101.47423495485012,102.62307509027877,101.07841336128484,101.32942199707031,20245750,0.0,0.0
2024-09-23 00:00:00+05:30,102.14036780295926,106.00200730605046,101.41631039612967,105.51930236816406,44004939,0.0,0.0
2024-09-24 00:00:00+05:30,105.51929971554048,106.67778859114775,104.89178183896462,105.5096435546875,28379404,0.0,0.0
2024-09-25 00:00:00+05:30,105.15243865103982,105.56756517940966,103.58847941454755,104.65042877197266,16444233,0.0,0.0
2024-09-26 00:00:00+05:30,104.98832685997053,106.87087322298657,103.4919385654243,106.35920715332031,33028089,0.0,0.0
2024-09-27 00:00:00+05:30,106.89018566344718,109.3809449814836,106.25301159188264,109.18785858154297,118637751,0.0,0.0
2024-09-30 00:00:00+05:30,109.09131287945667,109.57401780370205,106.97706295430424,107.47908020019531,20409076,0.0,0.0
2024-10-01 00:00:00+05:30,107.20877114317352,108.56999525690591,106.17578285633655,106.66813659667969,17636415,0.0,0.0
2024-10-03 00:00:00+05:30,104.26426425068229,106.66813272523508,103.49193342114684,104.22564697265625,26156379,0.0,0.0
2024-10-04 00:00:00+05:30,104.26426826827706,106.53298003990487,102.82580959246941,103.89741516113281,22926805,0.0,0.0
2024-10-07 00:00:00+05:30,104.49595983742779,105.2779468224854,98.80004026373228,99.91026306152344,39225162,0.0,0.0
2024-10-08 00:00:00+05:30,100.11300084283874,101.6576625313994,99.14759097023473,101.31976318359375,16673844,0.0,0.0
2024-10-09 00:00:00+05:30,102.28517640339983,102.62307576226297,99.94888620296314,100.7887954711914,28593344,0.0,0.0
2024-10-10 00:00:00+05:30,101.48389067553786,102.90303703223783,100.30608942676568,100.52812957763672,12428432,0.0,0.0
2024-10-11 00:00:00+05:30,100.9818706129067,101.12668356605211,100.06473418547374,100.4605484008789,11563438,0.0,0.0
2024-10-14 00:00:00+05:30,100.88533517751138,101.79282284611376,100.33505182570832,100.87567901611328,11440300,0.0,0.0
2024-10-15 00:00:00+05:30,101.36804000394802,101.6576659215851,100.40263009914852,100.81775665283203,8407143,0.0,0.0
2024-10-16 00:00:00+05:30,100.81775652680858,101.29080531723096,100.03577686185623,100.75983428955078,11037275,0.0,0.0
2024-10-17 00:00:00+05:30,100.99152900333766,101.31011603419192,98.67454379834122,98.95451354980469,14889333,0.0,0.0
2024-10-18 00:00:00+05:30,98.56834311371952,101.35837695989544,97.28434625980671,101.04944610595703,19968661,0.0,0.0
2024-10-21 00:00:00+05:30,101.27150006982703,101.94728405420855,99.14759386871232,99.30206298828125,13874672,0.0,0.0
2024-10-22 00:00:00+05:30,99.30206197453221,99.30206197453221,92.97862424247398,93.44202423095703,30808126,0.0,0.0
2024-10-23 00:00:00+05:30,93.64475504716182,95.04459637744299,91.17330819875106,94.3108901977539,31433274,0.0,0.0
2024-10-24 00:00:00+05:30,94.61016413415426,96.20309184012373,94.1467641710478,94.79359436035156,16182512,0.0,0.0
2024-10-25 00:00:00+05:30,95.04459930157604,95.74935175154346,89.76381346933842,90.980224609375,30977098,0.0,0.0
2024-10-28 00:00:00+05:30,92.10010367318888,97.98910244558876,91.47258578048803,97.20712280273438,55924681,0.0,0.0
2024-10-29 00:00:00+05:30,97.98910061307949,100.5377820496384,96.34790680023976,100.17092895507812,55169329,0.0,0.0
2024-10-30 00:00:00+05:30,99.91992394668813,101.31976534563779,99.35998444091109,99.7847671508789,29812887,0.0,0.0
2024-10-31 00:00:00+05:30,99.4372190771874,100.54744192833226,98.6166221404257,99.09932708740234,15415779,0.0,0.0
2024-11-01 00:00:00+05:30,100.20954429819825,100.87567207899743,99.68822210094723,100.36400604248047,4211783,0.0,0.0
2024-11-04 00:00:00+05:30,100.88533393254511,100.88533393254511,96.0582844620884,98.38492584228516,32237064,0.0,0.0
2024-11-05 00:00:00+05:30,98.09529583879134,100.32539024422385,97.79602114105593,100.08403778076172,22694396,0.0,0.0
2024-11-06 00:00:00+05:30,101.34873283100856,102.33344767155954,99.88130568311773,101.60939025878906,30178638,0.0,0.0
2024-11-07 00:00:00+05:30,101.85074208151696,102.80649579795339,101.2039192312768,101.43561553955078,17438397,0.0,0.0
2024-11-08 00:00:00+05:30,101.40665730638325,101.46457954372623,99.61099429382035,100.10335540771484,19031613,0.0,0.0
2024-11-11 00:00:00+05:30,99.43721828557833,101.50319485295188,98.18218248723308,100.29643249511719,16982584,0.0,0.0
2024-11-12 00:00:00+05:30,100.54744294248843,101.174960852986,97.6222521127844,97.98910522460938,14401385,0.0,0.0
2024-11-13 00:00:00+05:30,97.50639936500596,98.47180925970899,94.16608201319264,94.92875671386719,29270560,0.0,0.0
2024-11-14 00:00:00+05:30,95.57557643641609,96.98507395252835,93.85714805876543,94.11780548095703,17064169,0.0,0.0
2024-11-18 00:00:00+05:30,94.12746415727091,95.38249995889835,92.40903573369908,94.78394317626953,17115166,0.0,0.0
2024-11-19 00:00:00+05:30,95.79762250695339,97.76705211624922,93.74129481574423,94.4267349243164,21458767,0.0,0.0
2024-11-21 00:00:00+05:30,94.56189785131923,94.56189785131923,89.31972173913427,91.19261932373047,40836258,0.0,0.0
2024-11-22 00:00:00+05:30,91.80081881198058,94.39777365726034,91.66566202264559,93.65441131591797,26716825,0.0,0.0
2024-11-25 00:00:00+05:30,96.54098615927543,97.92152255597279,95.94242939351055,97.48709106445312,40537064,0.0,0.0
2024-11-26 00:00:00+05:30,97.96979877769233,99.02209202127814,97.12023336144684,98.26907348632812,16210652,0.0,0.0
2024-11-27 00:00:00+05:30,98.47181030301827,99.14759429027315,97.31332136329763,98.04702758789062,17400124,0.0,0.0
2024-11-28 00:00:00+05:30,99.00278337852794,99.84268523678355,98.33664822295196,99.3406753540039,21562794,0.0,0.0
2024-11-29 00:00:00+05:30,99.76545007023955,100.16127164301226,97.26504210152756,98.48146057128906,21218297,0.0,0.0
2024-12-02 00:00:00+05:30,98.1725361680928,98.65524112340373,97.65121393249784,98.19184112548828,17322174,0.0,0.0
2024-12-03 00:00:00+05:30,98.47180531632048,101.75420029996303,98.47180531632048,101.48388671875,27016365,0.0,0.0
2024-12-04 00:00:00+05:30,102.23690977097662,105.66411049292225,101.91832273660769,104.87247467041016,53999025,0.0,0.0
2024-12-05 00:00:00+05:30,105.53860568653793,105.53860568653793,103.34712854336985,104.42838287353516,24991310,0.0,0.0
2024-12-06 00:00:00+05:30,106.19508373037195,106.96741455824444,103.99395044607579,105.53860473632812,59964689,0.0,0.0
2024-12-09 00:00:00+05:30,105.80891707158064,106.43643494115763,104.90143682982361,105.22001647949219,17122712,0.0,0.0
2024-12-10 00:00:00+05:30,105.72203626564811,106.38816406325208,104.99797886767092,105.88615417480469,19506335,0.0,0.0
2024-12-11 00:00:00+05:30,105.32621901956034,106.17578444872373,104.75663071181947,104.98832702636719,10634931,0.0,0.0
2024-12-12 00:00:00+05:30,104.37046342521667,104.98832516337549,103.63674984909323,103.78156280517578,10577584,0.0,0.0
2024-12-13 00:00:00+05:30,103.29885722294911,103.77190600209939,100.40262758118418,102.89338684082031,21008467,0.0,0.0
2024-12-16 00:00:00+05:30,102.81614971013418,104.66008607135805,102.74857131480357,103.62709045410156,13504751,0.0,0.0
2024-12-17 00:00:00+05:30,102.99958265466371,103.58848327184953,101.36803759732992,101.52250671386719,13726161,0.0,0.0
2024-12-18 00:00:00+05:30,100.81774975341254,101.36803306687014,99.24413436785655,99.62064361572266,18763147,0.0,0.0
2024-12-19 00:00:00+05:30,97.50639516007233,100.42192967552704,96.54098530700232,99.3406753540039,17354119,0.0,0.0
2024-12-20 00:00:00+05:30,99.00278176606044,99.7171829833588,95.93277818867949,96.16447448730469,19435112,0.0,0.0
2024-12-23 00:00:00+05:30,97.60293837982951,98.46215259246057,95.67211860034529,97.58363342285156,20493999,0.0,0.0
2024-12-24 00:00:00+05:30,97.4967434247102,97.94083109342102,96.35755945175879,97.07196807861328,15379038,0.0,0.0
2024-12-26 00:00:00+05:30,97.31332208853941,99.08001662995598,97.02369616870425,97.53536224365234,14937263,0.0,0.0
2024-12-27 00:00:00+05:30,97.53535738709769,98.34630550296094,96.73406543221296,96.88853454589844,7369762,0.0,0.0
2024-12-30 00:00:00+05:30,96.88853388267648,97.88290485736864,95.28594998387705,96.00035858154297,42398975,0.0,0.0
2024-12-31 00:00:00+05:30,95.6238492117678,97.00438560088288,95.58523193365707,96.6568374633789,12525017,0.0,0.0
2025-01-01 00:00:00+05:30,97.0719621843429,97.38089303796991,95.81692644839362,96.9078369140625,9259122,0.0,0.0
2025-01-02 00:00:00+05:30,96.90783951035911,97.82498330058363,95.96174196818211,97.60293579101562,15233832,0.0,0.0
2025-01-03 00:00:00+05:30,97.99875601559775,99.57237142080115,97.66086404092128,97.94082641601562,19285506,0.0,0.0
2025-01-06 00:00:00+05:30,97.94083250737037,98.24976338421583,93.55787799384218,93.96334838867188,28855272,0.0,0.0
2025-01-07 00:00:00+05:30,94.23365629300095,95.57557539875415,93.85714703976042,94.48466491699219,13157181,0.0,0.0
2025-01-08 00:00:00+05:30,94.51362842476351,95.03495064216605,92.69865314221552,93.77991485595703,17677192,0.0,0.0
2025-01-09 00:00:00+05:30,93.78956852287918,94.01160866399279,92.2352580731133,92.42833709716797,19527220,0.0,0.0
2025-01-10 00:00:00+05:30,92.486271893732,92.77589044608816,89.44522921828752,89.61900329589844,26563443,0.0,0.0
2025-01-13 00:00:00+05:30,88.96251893809506,89.16525412225167,84.75333141291007,85.45807647705078,34247797,0.0,0.0
2025-01-14 00:00:00+05:30,86.37521939372758,90.82575933663074,86.12421077348237,89.9955062866211,26041305,0.0,0.0
2025-01-15 00:00:00+05:30,90.8933429955354,92.36076279363623,90.4299430055866,91.41466522216797,34474633,0.0,0.0
2025-01-16 00:00:00+05:30,92.72762488129008,94.86117990036226,92.72762488129008,93.96334838867188,34645885,0.0,0.0
2025-01-17 00:00:00+05:30,93.60614078202872,94.96737224391846,93.16205312250595,94.49431610107422,15548712,0.0,0.0
2025-01-20 00:00:00+05:30,94.71636223492034,98.4718060122256,94.23365730348786,97.54501342773438,29523421,0.0,0.0
2025-01-21 00:00:00+05:30,97.54501294577295,98.1725308266332,95.69142778594889,96.0293197631836,12354313,0.0,0.0
2025-01-22 00:00:00+05:30,95.96174310897896,96.1451659768102,92.40903447210532,94.43639373779297,17908580,0.0,0.0
2025-01-23 00:00:00+05:30,94.32054312566744,95.43076597013393,93.52890731200745,94.7549819946289,11470131,0.0,0.0
2025-01-24 00:00:00+05:30,94.75497951700223,95.26664556586184,93.07516841788943,93.40340423583984,12610574,0.0,0.0
2025-01-27 00:00:00+05:30,92.67934757846604,94.22400189834191,87.73644638937044,88.75012969970703,44804245,0.0,0.0
2025-01-28 00:00:00+05:30,90.45890410605719,91.7139399142387,87.19582131647542,88.64393615722656,42091874,0.0,0.0
2025-01-29 00:00:00+05:30,89.59003893871429,89.63830501294906,88.17088525044018,88.75012969970703,23565700,0.0,0.0
2025-01-30 00:00:00+05:30,89.20387771897006,89.20387771897006,87.3695974053178,87.76541900634766,26854992,0.0,0.0
2025-01-31 00:00:00+05:30,88.23846568009593,90.74852992842176,87.61094777664123,90.04377746582031,33477188,0.0,0.0
2025-02-01 00:00:00+05:30,90.26582545359352,91.0285001567932,87.91022294576123,89.41626739501953,16282476,0.0,0.0
2025-02-03 00:00:00+05:30,88.73082775169551,88.83701606480966,86.37522523058072,87.47579193115234,18359971,0.0,0.0
2025-02-04 00:00:00+05:30,88.33500118829221,89.92792891232716,88.19018823783583,89.62864685058594,18833599,0.0,0.0
2025-02-05 00:00:00+05:30,90.45890056421602,93.54821652282136,90.31409497820502,92.51522827148438,28988222,0.0,0.0
2025-02-06 00:00:00+05:30,92.85312186547391,93.11377929032697,90.99953667731737,91.57878112792969,17662066,0.0,0.0
2025-02-07 00:00:00+05:30,91.70428136261947,92.72762083194469,89.85069618249146,90.80644989013672,18697525,0.0,0.0
2025-02-10 00:00:00+05:30,90.80644929567387,91.18295855275092,88.68255054470119,89.94723510742188,11919454,0.0,0.0
2025-02-11 00:00:00+05:30,90.16928176431124,90.25616511566501,86.88688679024779,86.97377014160156,23695177,0.0,0.0
2025-02-12 00:00:00+05:30,86.8868885392996,88.26742495182151,84.38648050454964,87.40821075439453,21437438,0.0,0.0
2025-02-13 00:00:00+05:30,87.85230225060256,88.29638992757062,85.14915154284832,85.65116882324219,27030641,0.0,0.0
2025-02-14 00:00:00+05:30,86.06628944575318,86.16282895748097,81.78952352332797,82.65839385986328,29190700,0.0,0.0
2025-02-17 00:00:00+05:30,82.64873813464907,82.64873813464907,80.63102771108855,82.14672088623047,23885790,0.0,0.0
2025-02-18 00:00:00+05:30,82.53288746916854,82.91905288907493,80.63102885266106,81.7219467163086,21927534,0.0,0.0
2025-02-19 00:00:00+05:30,81.09442686802467,82.97697311697821,80.85307440710793,82.6004638671875,27545822,0.0,0.0
2025-02-20 00:00:00+05:30,82.4460058396838,85.34223550127345,82.0598404117066,85.01399230957031,26398555,0.0,0.0
2025-02-21 00:00:00+05:30,84.56990731488388,86.16283515213972,83.73965419644735,84.30924987792969,18438389,0.0,0.0
2025-02-24 00:00:00+05:30,83.99065625079518,84.27062598882361,82.59081492614563,83.9423828125,11551998,0.0,0.0
2025-02-25 00:00:00+05:30,83.89412268427895,84.7147196349951,81.96330286353833,82.07914733886719,13249250,0.0,0.0
2025-02-27 00:00:00+05:30,82.08879802190651,82.61977638337125,80.13867337392192,80.57310485839844,25101806,0.0,0.0
2025-02-28 00:00:00+05:30,79.93594194876468,79.93594194876468,77.47414377966234,78.1016616821289,36424489,0.0,0.0
2025-03-03 00:00:00+05:30,78.4395503061222,79.16360769356334,75.88121273073169,78.60366821289062,30406353,0.0,0.0
2025-03-04 00:00:00+05:30,77.66722394029482,80.11936598377723,76.94316651127221,79.1056900024414,25682844,0.0,0.0
2025-03-05 00:00:00+05:30,79.50150464589679,82.20465534113092,79.2987694485782,82.07914733886719,17408359,0.0,0.0
2025-03-06 00:00:00+05:30,83.02524583232584,83.76860816465903,82.16603166818419,82.3977279663086,19427907,0.0,0.0
2025-03-07 00:00:00+05:30,82.5425473366619,82.9769788501313,81.52886398457584,82.07914733886719,12988687,0.0,0.0
2025-03-10 00:00:00+05:30,82.05983853873738,82.47496507537659,79.36634413107734,79.63665771484375,14634696,0.0,0.0
2025-03-11 00:00:00+05:30,78.58436229509432,80.75653443083745,78.58436229509432,80.39933013916016,21742642,0.0,0.0
2025-03-12 00:00:00+05:30,80.41864464934147,81.19096812155263,78.72917738667037,79.60769653320312,14726763,0.0,0.0
2025-03-13 00:00:00+05:30,79.85870426426055,80.59241781529765,79.31807710322934,80.03247833251953,25685980,0.0,0.0
2025-03-17 00:00:00+05:30,80.41864471415973,80.57310646252935,79.32772685261175,79.63665771484375,13115634,0.0,0.0
2025-03-18 00:00:00+05:30,79.63665771484375,79.63665771484375,79.63665771484375,79.63665771484375,0,0.0,0.0
2025-03-19 00:00:00+05:30,81.11373442873257,82.88043626709207,81.11373442873257,82.61012268066406,22116696,0.0,0.0
2025-03-20 00:00:00+05:30,83.01559390058868,83.68172907780945,82.39773216378703,82.87078094482422,17359824,0.0,0.0
2025-03-21 00:00:00+05:30,83.02524611420752,85.19741825091644,82.54254119493888,84.51197814941406,26691971,0.0,0.0
2025-03-24 00:00:00+05:30,85.43877636441637,88.4315455888284,85.14915044749233,88.1612319946289,36771697,0.0,0.0
2025-03-25 00:00:00+05:30,89.010784876337,89.05905831484561,85.00433990687081,85.40015411376953,23478508,0.0,0.0
2025-03-26 00:00:00+05:30,85.24569821939193,86.23041308931855,83.99066238695286,84.22235870361328,21455219,0.0,0.0
2025-03-27 00:00:00+05:30,84.08719786685033,86.88688795172673,83.79757932630689,86.54899597167969,58399584,0.0,0.0
2025-03-28 00:00:00+05:30,86.54899615892523,88.02607207882134,85.59324245172647,85.92147827148438,30188247,0.0,0.0
2025-04-01 00:00:00+05:30,85.46773293712177,87.54336559002986,85.05260640654014,86.88688659667969,14596862,0.0,0.0
2025-04-02 00:00:00+05:30,87.36959283403034,88.1708847901712,85.43877310289156,87.94883728027344,18479410,0.0,0.0
2025-04-03 00:00:00+05:30,86.88688682619846,91.89736632346688,86.64553436279235,91.1153793334961,38514763,0.0,0.0
2025-04-04 00:00:00+05:30,91.14434900360654,91.52085826218605,86.59726205215954,87.26339721679688,33552098,0.0,0.0
2025-04-07 00:00:00+05:30,80.80480139136345,84.87883213142537,80.80480139136345,84.08719635009766,29326338,0.0,0.0
2025-04-08 00:00:00+05:30,85.92148232916038,86.73242312132476,84.56990697672666,86.33660888671875,21516232,0.0,0.0
2025-04-09 00:00:00+05:30,86.55865532941435,87.07997019474399,84.13547441359778,85.36154174804688,21829542,0.0,0.0
2025-04-11 00:00:00+05:30,86.83861509946954,88.2384638341206,85.78632187370789,87.40821075439453,22091340,0.0,0.0
2025-04-15 00:00:00+05:30,89.61899773152251,89.72519340377407,88.12260952469963,89.48384094238281,31990152,0.0,0.0
2025-04-16 00:00:00+05:30,89.75415388061386,91.65601244129344,89.30041007795518,91.42430877685547,27215945,0.0,0.0
2025-04-17 00:00:00+05:30,91.6946343732449,93.25859367738094,91.3277739020087,92.69865417480469,31763625,0.0,0.0
2025-04-21 00:00:00+05:30,93.45167802215197,96.04862555446729,93.16205211600872,95.57557678222656,27799862,0.0,0.0
2025-04-22 00:00:00+05:30,96.64718324327421,99.08001288916367,95.86520360093346,97.17816162109375,49276193,0.0,0.0
2025-04-23 00:00:00+05:30,97.6512109834134,97.79602393873192,94.16608072208068,96.010009765625,41477808,0.0,0.0
2025-04-24 00:00:00+05:30,96.05828307840352,96.83061392874863,95.57557813831104,95.95208740234375,27747894,0.0,0.0
2025-04-25 00:00:00+05:30,95.96174623574406,96.26102094997762,92.69865603593573,93.1910171508789,41413435,0.0,0.0
2025-04-28 00:00:00+05:30,92.93035877393483,95.5755798301276,92.5538495032374,95.04460144042969,28301422,0.0,0.0
2025-04-29 00:00:00+05:30,95.81693048103206,97.88290703264309,95.38249898172326,95.8941650390625,47026479,0.0,0.0
2025-04-30 00:00:00+05:30,95.57558142721119,95.57558142721119,93.59648815853129,94.07919311523438,23757351,0.0,0.0
2025-05-02 00:00:00+05:30,94.12746143864518,95.54661511266052,93.11377813849346,93.31652069091797,12615367,0.0,0.0
2025-05-05 00:00:00+05:30,93.64475574159816,94.35915697048479,93.30686376614455,93.79922485351562,13789187,0.0,0.0
2025-05-06 00:00:00+05:30,94.12746395466101,94.55224666177311,88.71151390095339,89.18456268310547,27373024,0.0,0.0
2025-05-07 00:00:00+05:30,87.85229672717131,91.06711330919153,87.804023288267,90.42993927001953,25189656,0.0,0.0
2025-05-08 00:00:00+05:30,91.1250391684887,94.77428738384617,89.71554160922588,92.0711441040039,78481304,0.0,0.0
2025-05-09 00:00:00+05:30,90.75818384571286,95.03494985994061,90.62302705329425,94.26261901855469,41029403,0.0,0.0
2025-05-12 00:00:00+05:30,97.02369057094285,97.9408269883517,96.39617269116657,97.3712387084961,49391352,0.0,0.0
2025-05-13 00:00:00+05:30,97.69947809769157,101.91832197616424,97.33262499040859,101.15564727783203,59518073,0.0,0.0
2025-05-14 00:00:00+05:30,101.94728366236846,102.88373244105001,100.92395152838309,102.01486206054688,46744208,0.0,0.0
2025-05-15 00:00:00+05:30,102.4299869942986,102.57479994967908,100.80809809812162,101.52250671386719,22577353,0.0,0.0
2025-05-16 00:00:00+05:30,101.85074151185626,104.83385448136413,101.85074151185626,104.0325698852539,33164805,0.0,0.0
2025-05-19 00:00:00+05:30,104.94004820240632,105.71237903194177,104.03256794801872,104.22564697265625,26144154,0.0,0.0
2025-05-20 00:00:00+05:30,105.11382159309015,105.27794686501585,102.88372720128602,103.33747100830078,24579486,0.0,0.0
2025-05-21 00:00:00+05:30,103.29885387869545,104.26426372802906,102.34310019019313,104.10979461669922,20965817,0.0,0.0
2025-05-22 00:00:00+05:30,103.7815603369159,104.72766524405993,102.1596714714495,103.1443862915039,18266891,0.0,0.0
2025-05-23 00:00:00+05:30,103.44367230638777,104.25461308732967,102.72927104239231,103.50159454345703,16155459,0.0,0.0
2025-05-26 00:00:00+05:30,103.68501825272607,104.44769290991763,102.9223435955345,103.76225280761719,17383646,0.0,0.0
2025-05-27 00:00:00+05:30,103.66570666856221,104.83385169900156,102.91268816674945,104.67938995361328,19199151,0.0,0.0
2025-05-28 00:00:00+05:30,104.76627964177648,107.62389944199198,104.72766972721331,107.10257720947266,29822557,0.0,0.0
2025-05-29 00:00:00+05:30,108.02936912219303,108.1355648002743,106.11785428222323,106.89984130859375,29174369,0.0,0.0
2025-05-30 00:00:00+05:30,107.27634454710422,111.33106294685042,105.51929892514852,110.79043579101562,70759040,0.0,0.0
2025-06-02 00:00:00+05:30,110.7904378859639,113.33911933379639,110.3463502330605,112.7984848022461,47869167,0.0,0.0
2025-06-03 00:00:00+05:30,113.90871228171308,113.90871228171308,110.95456033836746,111.90066528320312,29821086,0.0,0.0
2025-06-04 00:00:00+05:30,112.22889832179983,113.66735697773694,110.85801806270558,113.26188659667969,20540175,0.0,0.0
2025-06-05 00:00:00+05:30,112.95295741967813,113.58047532288604,112.03582096802323,112.35440063476562,13566294,0.0,0.0
2025-06-06 00:00:00+05:30,112.83710069457582,114.0149018908704,110.10499641495791,111.70757293701172,49884802,0.0,0.0
2025-06-09 00:00:00+05:30,112.85641255645827,115.17339766172157,112.51852058319942,113.61908721923828,34703106,0.0,0.0
2025-06-10 00:00:00+05:30,114.30453012378742,114.35279619800977,113.09776778583674,113.6866683959961,32755500,0.0,0.0
2025-06-11 00:00:00+05:30,114.88377712706276,114.88377712706276,111.79446841942296,113.03984069824219,41718080,0.0,0.0
2025-06-12 00:00:00+05:30,113.62874141142218,113.71563213181145,111.11867716379172,111.63999938964844,33242141,0.0,0.0
2025-06-13 00:00:00+05:30,108.48999786376953,111.7699966430664,107.5199966430664,111.45999908447266,32522564,4.0,0.0
2025-06-16 00:00:00+05:30,110.44999694824219,111.75,109.5,111.23999786376953,24551800,0.0,0.0
2025-06-17 00:00:00+05:30,111.30000305175781,112.0999984741211,109.0,109.2300033569336,14822292,0.0,0.0
2025-06-18 00:00:00+05:30,109.2300033569336,109.8499984741211,107.94000244140625,108.22000122070312,11798762,0.0,0.0
2025-06-19 00:00:00+05:30,108.19999694824219,108.5,104.5999984741211,104.88999938964844,25631663,0.0,0.0
2025-06-20 00:00:00+05:30,104.88999938964844,108.19000244140625,104.8499984741211,107.22000122070312,23310134,0.0,0.0
2025-06-23 00:00:00+05:30,106.0,108.33000183105469,105.9800033569336,107.81999969482422,13114898,0.0,0.0
2025-06-24 00:00:00+05:30,109.5999984741211,111.44000244140625,109.30999755859375,110.61000061035156,25341633,0.0,0.0
2025-06-25 00:00:00+05:30,110.8499984741211,111.5,110.3499984741211,110.70999908447266,19878446,0.0,0.0
2025-06-26 00:00:00+05:30,110.94999694824219,111.44999694824219,108.69999694824219,111.06999969482422,21835265,0.0,0.0
2025-06-27 00:00:00+05:30,111.48999786376953,113.0,110.66999816894531,110.9800033569336,34489264,0.0,0.0
2025-06-30 00:00:00+05:30,111.55999755859375,114.61000061035156,111.47000122070312,114.19999694824219,34766391,0.0,0.0
2025-07-01 00:00:00+05:30,114.44999694824219,116.0,112.62000274658203,115.41999816894531,30511659,0.0,0.0
2025-07-02 00:00:00+05:30,114.69999694824219,115.86000061035156,113.41999816894531,114.2300033569336,20734163,0.0,0.0
2025-07-03 00:00:00+05:30,114.80000305175781,115.0,113.6500015258789,114.16000366210938,13257229,0.0,0.0
2025-07-04 00:00:00+05:30,113.55999755859375,115.0999984741211,113.55999755859375,114.37000274658203,10569354,0.0,0.0
2025-07-07 00:00:00+05:30,114.37000274658203,115.80000305175781,114.0999984741211,114.30999755859375,15821152,0.0,0.0
2025-07-08 00:00:00+05:30,114.30999755859375,114.5,112.88999938964844,113.73999786376953,12740671,0.0,0.0
2025-07-09 00:00:00+05:30,113.5999984741211,114.44999694824219,113.4000015258789,113.95999908447266,13519733,0.0,0.0
2025-07-10 00:00:00+05:30,113.94999694824219,114.5,111.69999694824219,112.38999938964844,16076230,0.0,0.0
2025-07-11 00:00:00+05:30,112.37999725341797,113.48999786376953,111.20999908447266,111.91999816894531,13374647,0.0,0.0
2025-07-14 00:00:00+05:30,111.98999786376953,115.30000305175781,111.9000015258789,113.66999816894531,27221603,0.0,0.0
2025-07-15 00:00:00+05:30,113.79000091552734,115.80000305175781,113.62999725341797,114.87000274658203,25377145,0.0,0.0
2025-07-16 00:00:00+05:30,114.8499984741211,117.3499984741211,114.61000061035156,117.02999877929688,40471492,0.0,0.0
2025-07-17 00:00:00+05:30,117.5,117.5,114.91000366210938,115.52999877929688,15765452,0.0,0.0
2025-07-18 00:00:00+05:30,115.5,116.0999984741211,114.25,114.44999694824219,18085327,0.0,0.0
2025-07-21 00:00:00+05:30,114.66999816894531,114.69999694824219,111.4000015258789,112.02999877929688,23975731,0.0,0.0
2025-07-22 00:00:00+05:30,112.69000244140625,112.69999694824219,107.70999908447266,108.05000305175781,42331690,0.0,0.0
2025-07-23 00:00:00+05:30,108.05000305175781,108.33000183105469,106.30000305175781,107.80000305175781,38208234,0.0,0.0
2025-07-24 00:00:00+05:30,108.5,113.98999786376953,107.19999694824219,113.51000213623047,86127146,0.0,0.0
2025-07-25 00:00:00+05:30,113.86000061035156,115.69999694824219,110.5,110.76000213623047,41767665,0.0,0.0
2025-07-28 00:00:00+05:30,110.69999694824219,112.83999633789062,109.88999938964844,110.41000366210938,23234791,0.0,0.0
2025-07-29 00:00:00+05:30,110.01000213623047,111.38999938964844,109.52999877929688,110.08999633789062,32038885,0.0,0.0
2025-07-30 00:00:00+05:30,110.45999908447266,110.54000091552734,108.0999984741211,108.19999694824219,23534777,0.0,0.0
2025-07-31 00:00:00+05:30,107.05000305175781,108.36000061035156,106.0999984741211,107.25,48203474,0.0,0.0
2025-08-01 00:00:00+05:30,107.25,107.4000015258789,105.75,105.88999938964844,13286442,0.0,0.0
2025-08-04 00:00:00+05:30,106.0,107.94000244140625,106.0,107.75,21300202,0.0,0.0
2025-08-05 00:00:00+05:30,107.75,108.30000305175781,106.9000015258789,107.45999908447266,11549473,0.0,0.0
2025-08-06 00:00:00+05:30,107.98999786376953,110.0,106.11000061035156,108.7699966430664,40662042,0.0,0.0
2025-08-07 00:00:00+05:30,108.5,109.19000244140625,106.75,108.80000305175781,12014876,0.0,0.0
2025-08-08 00:00:00+05:30,108.80000305175781,109.0199966430664,107.54000091552734,107.88999938964844,14136544,0.0,0.0
2025-08-11 00:00:00+05:30,107.80000305175781,109.88999938964844,107.30000305175781,109.4800033569336,16773203,0.0,0.0
2025-08-12 00:00:00+05:30,109.69000244140625,110.25,109.04000091552734,109.55000305175781,10606131,0.0,0.0
2025-08-13 00:00:00+05:30,109.80000305175781,110.48999786376953,108.55000305175781,108.98999786376953,12096926,0.0,0.0
2025-08-14 00:00:00+05:30,109.5,109.87999725341797,108.62999725341797,109.26000213623047,10879799,0.0,0.0
2025-08-18 00:00:00+05:30,110.0,110.41999816894531,108.9000015258789,109.33999633789062,15704185,0.0,0.0
2025-08-19 00:00:00+05:30,109.5,111.9000015258789,109.05000305175781,111.66999816894531,20003557,0.0,0.0
2025-08-20 00:00:00+05:30,112.0,112.70999908447266,111.69999694824219,112.27999877929688,14596666,0.0,0.0
2025-08-21 00:00:00+05:30,112.69999694824219,113.0,110.9800033569336,111.06999969482422,13162672,0.0,0.0
2025-08-22 00:00:00+05:30,111.05999755859375,111.77999877929688,109.80000305175781,109.93000030517578,12854408,0.0,0.0
2025-08-25 00:00:00+05:30,110.0,110.9800033569336,108.51000213623047,108.81999969482422,16134641,0.0,0.0
2025-08-26 00:00:00+05:30,108.81999969482422,109.05999755859375,105.83000183105469,106.01000213623047,27014374,0.0,0.0
2025-08-27 00:00:00+05:30,106.01000213623047,106.01000213623047,106.01000213623047,106.01000213623047,0,0.0,0.0
2025-08-28 00:00:00+05:30,106.05000305175781,106.48999786376953,104.5,104.62999725341797,14184569,0.0,0.0
2025-08-29 00:00:00+05:30,104.44000244140625,105.18000030517578,103.55000305175781,103.83000183105469,13999620,0.0,0.0
2025-09-01 00:00:00+05:30,104.0,105.26000213623047,104.0,105.13999938964844,9174103,0.0,0.0
2025-09-02 00:00:00+05:30,105.4000015258789,107.0,104.75,106.16000366210938,9179806,0.0,0.0
2025-09-03 00:00:00+05:30,106.44999694824219,108.4800033569336,106.11000061035156,108.33000183105469,12012180,0.0,0.0
2025-09-04 00:00:00+05:30,108.9000015258789,109.19999694824219,105.94000244140625,106.08000183105469,12953562,0.0,0.0
2025-09-05 00:00:00+05:30,106.30000305175781,107.62999725341797,105.61000061035156,107.13999938964844,8009273,0.0,0.0
2025-09-08 00:00:00+05:30,107.48999786376953,108.6500015258789,107.12000274658203,108.11000061035156,8138600,0.0,0.0
2025-09-09 00:00:00+05:30,108.11000061035156,108.80000305175781,107.36000061035156,108.04000091552734,7104394,0.0,0.0
2025-09-10 00:00:00+05:30,108.25,111.25,108.25,110.63999938964844,18306308,0.0,0.0
2025-09-11 00:00:00+05:30,111.06999969482422,113.4000015258789,110.63999938964844,112.06999969482422,18795548,0.0,0.0
2025-09-12 00:00:00+05:30,112.87999725341797,112.88999938964844,110.79000091552734,110.95999908447266,10893570,0.0,0.0
2025-09-15 00:00:00+05:30,111.48999786376953,113.0,111.20999908447266,112.51000213623047,9013604,0.0,0.0
2025-09-16 00:00:00+05:30,113.44999694824219,113.86000061035156,112.51000213623047,113.2300033569336,15104682,0.0,0.0
2025-09-17 00:00:00+05:30,113.44000244140625,116.38999938964844,113.01000213623047,116.25,34943043,0.0,0.0
2025-09-18 00:00:00+05:30,116.9000015258789,117.69999694824219,114.69999694824219,115.41000366210938,26965142,0.0,0.0
2025-09-19 00:00:00+05:30,115.69999694824219,118.4000015258789,115.55000305175781,117.76000213623047,46393129,0.0,0.0
2025-09-22 00:00:00+05:30,117.63999938964844,119.72000122070312,117.30000305175781,118.87000274658203,31509156,0.0,0.0
2025-09-23 00:00:00+05:30,118.7699966430664,122.08999633789062,116.93000030517578,121.9000015258789,44544453,0.0,0.0
2025-09-24 00:00:00+05:30,122.69999694824219,124.55000305175781,122.25,122.91000366210938,55162500,0.0,0.0
2025-09-25 00:00:00+05:30,122.9000015258789,123.33000183105469,121.20999908447266,121.44000244140625,30764727,0.0,0.0
2025-09-26 00:00:00+05:30,121.3499984741211,121.55000305175781,117.5,118.08000183105469,25531804,0.0,0.0
2025-09-29 00:00:00+05:30,118.58000183105469,121.4000015258789,118.26000213623047,120.4800033569336,28333195,0.0,0.0
2025-09-30 00:00:00+05:30,121.25,124.44999694824219,120.91999816894531,123.70999908447266,47473634,0.0,0.0
2025-10-01 00:00:00+05:30,124.30000305175781,124.5,121.16999816894531,123.76000213623047,38045288,0.0,0.0
2025-10-02 00:00:00+05:30,123.76000213623047,123.76000213623047,123.76000213623047,123.76000213623047,0,0.0,0.0
2025-10-03 00:00:00+05:30,123.7699966430664,126.41999816894531,123.31999969482422,125.9000015258789,34668909,0.0,0.0
