Datetime,Open,High,Low,Close,Volume,Dividends,Stock Splits
2025-07-14 09:15:00+05:30,38.36000061035156,38.54999923706055,38.209999084472656,38.2599983215332,394111,0.0,0.0
2025-07-14 09:30:00+05:30,38.2599983215332,38.7599983215332,38.22999954223633,38.66999816894531,614659,0.0,0.0
2025-07-14 09:45:00+05:30,38.650001525878906,38.790000915527344,38.5099983215332,38.61000061035156,478845,0.0,0.0
2025-07-14 10:00:00+05:30,38.61000061035156,38.630001068115234,38.400001525878906,38.459999084472656,313325,0.0,0.0
2025-07-14 10:15:00+05:30,38.459999084472656,38.5,38.439998626708984,38.470001220703125,368581,0.0,0.0
2025-07-14 10:30:00+05:30,38.47999954223633,38.47999954223633,38.400001525878906,38.43000030517578,81562,0.0,0.0
2025-07-14 10:45:00+05:30,38.45000076293945,38.47999954223633,38.36000061035156,38.40999984741211,141789,0.0,0.0
2025-07-14 11:00:00+05:30,38.40999984741211,38.40999984741211,38.25,38.29999923706055,177175,0.0,0.0
2025-07-14 11:15:00+05:30,38.310001373291016,38.310001373291016,38.150001525878906,38.22999954223633,327670,0.0,0.0
2025-07-14 11:30:00+05:30,38.25,38.25,38.099998474121094,38.11000061035156,245541,0.0,0.0
2025-07-14 11:45:00+05:30,38.11000061035156,38.20000076293945,38.11000061035156,38.130001068115234,105730,0.0,0.0
2025-07-14 12:00:00+05:30,38.099998474121094,38.16999816894531,38.060001373291016,38.15999984741211,192300,0.0,0.0
2025-07-14 12:15:00+05:30,38.15999984741211,38.2400016784668,38.150001525878906,38.209999084472656,110624,0.0,0.0
2025-07-14 12:30:00+05:30,38.220001220703125,38.29999923706055,38.20000076293945,38.279998779296875,127577,0.0,0.0
2025-07-14 12:45:00+05:30,38.27000045776367,38.27000045776367,38.209999084472656,38.27000045776367,60560,0.0,0.0
2025-07-14 13:00:00+05:30,38.27000045776367,38.310001373291016,38.18000030517578,38.189998626708984,126898,0.0,0.0
2025-07-14 13:15:00+05:30,38.189998626708984,38.279998779296875,38.18000030517578,38.2599983215332,70627,0.0,0.0
2025-07-14 13:30:00+05:30,38.279998779296875,38.29999923706055,38.220001220703125,38.220001220703125,70785,0.0,0.0
2025-07-14 13:45:00+05:30,38.220001220703125,38.279998779296875,38.220001220703125,38.279998779296875,36062,0.0,0.0
2025-07-14 14:00:00+05:30,38.25,38.29999923706055,38.25,38.2599983215332,29747,0.0,0.0
2025-07-14 14:15:00+05:30,38.2599983215332,38.279998779296875,38.209999084472656,38.22999954223633,112492,0.0,0.0
2025-07-14 14:30:00+05:30,38.2400016784668,38.29999923706055,38.2400016784668,38.27000045776367,210544,0.0,0.0
2025-07-14 14:45:00+05:30,38.27000045776367,38.349998474121094,38.2400016784668,38.34000015258789,188976,0.0,0.0
2025-07-14 15:00:00+05:30,38.34000015258789,38.36000061035156,38.2400016784668,38.279998779296875,822690,0.0,0.0
2025-07-14 15:15:00+05:30,38.279998779296875,38.349998474121094,38.2400016784668,38.31999969482422,501599,0.0,0.0
2025-07-15 09:15:00+05:30,38.45000076293945,38.56999969482422,38.45000076293945,38.529998779296875,236553,0.0,0.0
2025-07-15 09:30:00+05:30,38.529998779296875,38.560001373291016,38.45000076293945,38.4900016784668,320511,0.0,0.0
2025-07-15 09:45:00+05:30,38.4900016784668,38.5,38.43000030517578,38.470001220703125,249093,0.0,0.0
2025-07-15 10:00:00+05:30,38.45000076293945,38.83000183105469,38.45000076293945,38.630001068115234,1363369,0.0,0.0
2025-07-15 10:15:00+05:30,38.619998931884766,38.70000076293945,38.5,38.59000015258789,546519,0.0,0.0
2025-07-15 10:30:00+05:30,38.59000015258789,38.63999938964844,38.54999923706055,38.599998474121094,208993,0.0,0.0
2025-07-15 10:45:00+05:30,38.61000061035156,38.619998931884766,38.54999923706055,38.56999969482422,206570,0.0,0.0
2025-07-15 11:00:00+05:30,38.56999969482422,38.61000061035156,38.540000915527344,38.54999923706055,169152,0.0,0.0
2025-07-15 11:15:00+05:30,38.54999923706055,38.560001373291016,38.5099983215332,38.5099983215332,151997,0.0,0.0
2025-07-15 11:30:00+05:30,38.5099983215332,38.560001373291016,38.5,38.54999923706055,102625,0.0,0.0
2025-07-15 11:45:00+05:30,38.54999923706055,38.58000183105469,38.5,38.5099983215332,124850,0.0,0.0
2025-07-15 12:00:00+05:30,38.5099983215332,38.540000915527344,38.459999084472656,38.5,191777,0.0,0.0
2025-07-15 12:15:00+05:30,38.47999954223633,38.5,38.400001525878906,38.43000030517578,437984,0.0,0.0
2025-07-15 12:30:00+05:30,38.41999816894531,38.5,38.400001525878906,38.45000076293945,121819,0.0,0.0
2025-07-15 12:45:00+05:30,38.43000030517578,38.5,38.43000030517578,38.5,152078,0.0,0.0
2025-07-15 13:00:00+05:30,38.5,38.5099983215332,38.47999954223633,38.4900016784668,149852,0.0,0.0
2025-07-15 13:15:00+05:30,38.4900016784668,38.529998779296875,38.4900016784668,38.5099983215332,79727,0.0,0.0
2025-07-15 13:30:00+05:30,38.5099983215332,38.52000045776367,38.5,38.5,96581,0.0,0.0
2025-07-15 13:45:00+05:30,38.5,38.52000045776367,38.5,38.5,63193,0.0,0.0
2025-07-15 14:00:00+05:30,38.5099983215332,38.529998779296875,38.470001220703125,38.5,99093,0.0,0.0
2025-07-15 14:15:00+05:30,38.5,38.5,38.45000076293945,38.4900016784668,116695,0.0,0.0
2025-07-15 14:30:00+05:30,38.470001220703125,38.4900016784668,38.439998626708984,38.439998626708984,112215,0.0,0.0
2025-07-15 14:45:00+05:30,38.439998626708984,38.459999084472656,38.36000061035156,38.380001068115234,225385,0.0,0.0
2025-07-15 15:00:00+05:30,38.41999816894531,38.45000076293945,38.22999954223633,38.27000045776367,1340586,0.0,0.0
2025-07-15 15:15:00+05:30,38.27000045776367,38.36000061035156,38.2400016784668,38.290000915527344,416860,0.0,0.0
2025-07-16 09:15:00+05:30,38.349998474121094,38.5,38.31999969482422,38.43000030517578,924893,0.0,0.0
2025-07-16 09:30:00+05:30,38.439998626708984,38.52000045776367,38.36000061035156,38.47999954223633,498510,0.0,0.0
2025-07-16 09:45:00+05:30,38.459999084472656,38.47999954223633,38.400001525878906,38.459999084472656,156081,0.0,0.0
2025-07-16 10:00:00+05:30,38.439998626708984,38.47999954223633,38.400001525878906,38.459999084472656,127290,0.0,0.0
2025-07-16 10:15:00+05:30,38.47999954223633,38.4900016784668,38.400001525878906,38.45000076293945,95766,0.0,0.0
2025-07-16 10:30:00+05:30,38.45000076293945,38.47999954223633,38.43000030517578,38.45000076293945,31375,0.0,0.0
2025-07-16 10:45:00+05:30,38.45000076293945,38.459999084472656,38.43000030517578,38.45000076293945,50595,0.0,0.0
2025-07-16 11:00:00+05:30,38.45000076293945,38.459999084472656,38.43000030517578,38.45000076293945,36407,0.0,0.0
2025-07-16 11:15:00+05:30,38.45000076293945,38.459999084472656,38.43000030517578,38.45000076293945,62431,0.0,0.0
2025-07-16 11:30:00+05:30,38.45000076293945,38.459999084472656,38.43000030517578,38.43000030517578,28472,0.0,0.0
2025-07-16 11:45:00+05:30,38.45000076293945,38.459999084472656,38.41999816894531,38.45000076293945,65182,0.0,0.0
2025-07-16 12:00:00+05:30,38.45000076293945,38.68000030517578,38.439998626708984,38.560001373291016,678454,0.0,0.0
2025-07-16 12:15:00+05:30,38.560001373291016,38.61000061035156,38.560001373291016,38.61000061035156,241219,0.0,0.0
2025-07-16 12:30:00+05:30,38.61000061035156,38.630001068115234,38.560001373291016,38.630001068115234,297444,0.0,0.0
2025-07-16 12:45:00+05:30,38.619998931884766,38.63999938964844,38.58000183105469,38.58000183105469,210458,0.0,0.0
2025-07-16 13:00:00+05:30,38.58000183105469,38.849998474121094,38.58000183105469,38.7599983215332,1576036,0.0,0.0
2025-07-16 13:15:00+05:30,38.7599983215332,39.38999938964844,38.7599983215332,39.04999923706055,5826390,0.0,0.0
2025-07-16 13:30:00+05:30,39.06999969482422,39.06999969482422,38.70000076293945,38.72999954223633,884017,0.0,0.0
2025-07-16 13:45:00+05:30,38.709999084472656,38.88999938964844,38.70000076293945,38.75,445572,0.0,0.0
2025-07-16 14:00:00+05:30,38.75,38.79999923706055,38.689998626708984,38.77000045776367,491967,0.0,0.0
2025-07-16 14:15:00+05:30,38.77000045776367,38.790000915527344,38.70000076293945,38.709999084472656,413791,0.0,0.0
2025-07-16 14:30:00+05:30,38.70000076293945,38.70000076293945,38.5099983215332,38.599998474121094,930353,0.0,0.0
2025-07-16 14:45:00+05:30,38.599998474121094,38.68000030517578,38.529998779296875,38.540000915527344,985853,0.0,0.0
2025-07-16 15:00:00+05:30,38.56999969482422,38.59000015258789,38.5,38.56999969482422,816899,0.0,0.0
2025-07-16 15:15:00+05:30,38.540000915527344,38.630001068115234,38.4900016784668,38.599998474121094,1477099,0.0,0.0
2025-07-17 09:15:00+05:30,38.83000183105469,39.0099983215332,38.709999084472656,38.75,1187089,0.0,0.0
2025-07-17 09:30:00+05:30,38.72999954223633,38.7400016784668,38.560001373291016,38.650001525878906,473752,0.0,0.0
2025-07-17 09:45:00+05:30,38.650001525878906,38.900001525878906,38.650001525878906,38.86000061035156,686999,0.0,0.0
2025-07-17 10:00:00+05:30,38.849998474121094,38.93000030517578,38.79999923706055,38.79999923706055,551853,0.0,0.0
2025-07-17 10:15:00+05:30,38.810001373291016,38.86000061035156,38.79999923706055,38.79999923706055,154008,0.0,0.0
2025-07-17 10:30:00+05:30,38.81999969482422,38.849998474121094,38.7400016784668,38.7400016784668,177748,0.0,0.0
2025-07-17 10:45:00+05:30,38.72999954223633,38.84000015258789,38.720001220703125,38.790000915527344,183867,0.0,0.0
2025-07-17 11:00:00+05:30,38.779998779296875,38.83000183105469,38.77000045776367,38.79999923706055,129427,0.0,0.0
2025-07-17 11:15:00+05:30,38.810001373291016,38.83000183105469,38.779998779296875,38.83000183105469,93496,0.0,0.0
2025-07-17 11:30:00+05:30,38.79999923706055,38.849998474121094,38.779998779296875,38.81999969482422,92823,0.0,0.0
2025-07-17 11:45:00+05:30,38.810001373291016,38.880001068115234,38.72999954223633,38.75,183093,0.0,0.0
2025-07-17 12:00:00+05:30,38.75,38.779998779296875,38.720001220703125,38.75,80236,0.0,0.0
2025-07-17 12:15:00+05:30,38.7400016784668,38.79999923706055,38.72999954223633,38.79999923706055,201471,0.0,0.0
2025-07-17 12:30:00+05:30,38.79999923706055,38.79999923706055,38.75,38.77000045776367,126309,0.0,0.0
2025-07-17 12:45:00+05:30,38.77000045776367,38.790000915527344,38.709999084472656,38.720001220703125,203296,0.0,0.0
2025-07-17 13:00:00+05:30,38.720001220703125,38.720001220703125,38.599998474121094,38.619998931884766,234351,0.0,0.0
2025-07-17 13:15:00+05:30,38.619998931884766,38.689998626708984,38.619998931884766,38.66999816894531,117941,0.0,0.0
2025-07-17 13:30:00+05:30,38.689998626708984,38.689998626708984,38.619998931884766,38.630001068115234,102289,0.0,0.0
2025-07-17 13:45:00+05:30,38.630001068115234,38.68000030517578,38.61000061035156,38.65999984741211,106199,0.0,0.0
2025-07-17 14:00:00+05:30,38.66999816894531,38.68000030517578,38.63999938964844,38.650001525878906,147837,0.0,0.0
2025-07-17 14:15:00+05:30,38.63999938964844,38.65999984741211,38.58000183105469,38.599998474121094,457910,0.0,0.0
2025-07-17 14:30:00+05:30,38.599998474121094,38.61000061035156,38.54999923706055,38.59000015258789,100322,0.0,0.0
2025-07-17 14:45:00+05:30,38.599998474121094,38.630001068115234,38.54999923706055,38.619998931884766,197821,0.0,0.0
2025-07-17 15:00:00+05:30,38.619998931884766,38.65999984741211,38.52000045776367,38.599998474121094,437135,0.0,0.0
2025-07-17 15:15:00+05:30,38.599998474121094,38.66999816894531,38.529998779296875,38.599998474121094,610824,0.0,0.0
2025-07-18 09:15:00+05:30,38.59000015258789,38.63999938964844,38.22999954223633,38.290000915527344,1340205,0.0,0.0
2025-07-18 09:30:00+05:30,38.290000915527344,38.290000915527344,38.15999984741211,38.18000030517578,907822,0.0,0.0
2025-07-18 09:45:00+05:30,38.16999816894531,38.20000076293945,38.119998931884766,38.15999984741211,507067,0.0,0.0
2025-07-18 10:00:00+05:30,38.16999816894531,38.16999816894531,38.04999923706055,38.08000183105469,671507,0.0,0.0
2025-07-18 10:15:00+05:30,38.06999969482422,38.08000183105469,37.959999084472656,37.97999954223633,949123,0.0,0.0
2025-07-18 10:30:00+05:30,37.970001220703125,38.0,37.880001068115234,37.93000030517578,356422,0.0,0.0
2025-07-18 10:45:00+05:30,37.91999816894531,37.970001220703125,37.86000061035156,37.93000030517578,257908,0.0,0.0
2025-07-18 11:00:00+05:30,37.90999984741211,38.02000045776367,37.90999984741211,38.02000045776367,237188,0.0,0.0
2025-07-18 11:15:00+05:30,38.02000045776367,38.09000015258789,38.0099983215332,38.09000015258789,340093,0.0,0.0
2025-07-18 11:30:00+05:30,38.09000015258789,38.099998474121094,38.0,38.029998779296875,98866,0.0,0.0
2025-07-18 11:45:00+05:30,38.02000045776367,38.060001373291016,37.959999084472656,38.060001373291016,196600,0.0,0.0
2025-07-18 12:00:00+05:30,38.06999969482422,38.09000015258789,38.029998779296875,38.04999923706055,98451,0.0,0.0
2025-07-18 12:15:00+05:30,38.029998779296875,38.16999816894531,37.97999954223633,38.08000183105469,379730,0.0,0.0
2025-07-18 12:30:00+05:30,38.08000183105469,38.18000030517578,38.02000045776367,38.060001373291016,411602,0.0,0.0
2025-07-18 12:45:00+05:30,38.060001373291016,38.08000183105469,38.02000045776367,38.040000915527344,101480,0.0,0.0
2025-07-18 13:00:00+05:30,38.040000915527344,38.08000183105469,38.029998779296875,38.04999923706055,64945,0.0,0.0
2025-07-18 13:15:00+05:30,38.029998779296875,38.11000061035156,38.02000045776367,38.09000015258789,97724,0.0,0.0
2025-07-18 13:30:00+05:30,38.09000015258789,38.119998931884766,38.04999923706055,38.060001373291016,104193,0.0,0.0
2025-07-18 13:45:00+05:30,38.08000183105469,38.119998931884766,38.06999969482422,38.099998474121094,88008,0.0,0.0
2025-07-18 14:00:00+05:30,38.099998474121094,38.13999938964844,38.06999969482422,38.13999938964844,177503,0.0,0.0
2025-07-18 14:15:00+05:30,38.150001525878906,38.150001525878906,38.08000183105469,38.119998931884766,147208,0.0,0.0
2025-07-18 14:30:00+05:30,38.119998931884766,38.150001525878906,38.09000015258789,38.150001525878906,178537,0.0,0.0
2025-07-18 14:45:00+05:30,38.150001525878906,38.18000030517578,38.119998931884766,38.150001525878906,191933,0.0,0.0
2025-07-18 15:00:00+05:30,38.150001525878906,38.15999984741211,38.11000061035156,38.150001525878906,310421,0.0,0.0
2025-07-18 15:15:00+05:30,38.15999984741211,38.20000076293945,38.099998474121094,38.16999816894531,968250,0.0,0.0
2025-07-21 09:15:00+05:30,38.560001373291016,38.560001373291016,37.91999816894531,38.25,965817,0.0,0.0
2025-07-21 09:30:00+05:30,38.22999954223633,38.25,38.04999923706055,38.189998626708984,710326,0.0,0.0
2025-07-21 09:45:00+05:30,38.20000076293945,38.25,38.18000030517578,38.220001220703125,290337,0.0,0.0
2025-07-21 10:00:00+05:30,38.22999954223633,38.36000061035156,38.20000076293945,38.25,449519,0.0,0.0
2025-07-21 10:15:00+05:30,38.2400016784668,38.29999923706055,38.220001220703125,38.290000915527344,282490,0.0,0.0
2025-07-21 10:30:00+05:30,38.290000915527344,38.33000183105469,38.220001220703125,38.279998779296875,225636,0.0,0.0
2025-07-21 10:45:00+05:30,38.279998779296875,38.29999923706055,38.209999084472656,38.2400016784668,181323,0.0,0.0
2025-07-21 11:00:00+05:30,38.2400016784668,38.25,38.209999084472656,38.22999954223633,146169,0.0,0.0
2025-07-21 11:15:00+05:30,38.2400016784668,38.2400016784668,38.220001220703125,38.22999954223633,110543,0.0,0.0
2025-07-21 11:30:00+05:30,38.22999954223633,38.2599983215332,38.20000076293945,38.209999084472656,171781,0.0,0.0
2025-07-21 11:45:00+05:30,38.20000076293945,38.22999954223633,38.20000076293945,38.209999084472656,114534,0.0,0.0
2025-07-21 12:00:00+05:30,38.209999084472656,38.2400016784668,38.20000076293945,38.209999084472656,131069,0.0,0.0
2025-07-21 12:15:00+05:30,38.209999084472656,38.2400016784668,38.16999816894531,38.20000076293945,104134,0.0,0.0
2025-07-21 12:30:00+05:30,38.20000076293945,38.25,38.189998626708984,38.22999954223633,73884,0.0,0.0
2025-07-21 12:45:00+05:30,38.2400016784668,38.33000183105469,38.220001220703125,38.2599983215332,252383,0.0,0.0
2025-07-21 13:00:00+05:30,38.279998779296875,38.290000915527344,38.20000076293945,38.2400016784668,92860,0.0,0.0
2025-07-21 13:15:00+05:30,38.2400016784668,38.2400016784668,38.20000076293945,38.220001220703125,63815,0.0,0.0
2025-07-21 13:30:00+05:30,38.220001220703125,38.25,38.15999984741211,38.16999816894531,104596,0.0,0.0
2025-07-21 13:45:00+05:30,38.11000061035156,38.150001525878906,38.06999969482422,38.119998931884766,240259,0.0,0.0
2025-07-21 14:00:00+05:30,38.119998931884766,38.130001068115234,38.06999969482422,38.11000061035156,280944,0.0,0.0
2025-07-21 14:15:00+05:30,38.099998474121094,38.119998931884766,38.040000915527344,38.060001373291016,131797,0.0,0.0
2025-07-21 14:30:00+05:30,38.060001373291016,38.099998474121094,38.040000915527344,38.040000915527344,268086,0.0,0.0
2025-07-21 14:45:00+05:30,38.040000915527344,38.189998626708984,38.040000915527344,38.16999816894531,386456,0.0,0.0
2025-07-21 15:00:00+05:30,38.16999816894531,38.16999816894531,38.04999923706055,38.119998931884766,661782,0.0,0.0
2025-07-21 15:15:00+05:30,38.11000061035156,38.2599983215332,38.08000183105469,38.2400016784668,653193,0.0,0.0
2025-07-22 09:15:00+05:30,38.36000061035156,38.439998626708984,38.130001068115234,38.22999954223633,728343,0.0,0.0
2025-07-22 09:30:00+05:30,38.220001220703125,38.25,38.119998931884766,38.13999938964844,388050,0.0,0.0
2025-07-22 09:45:00+05:30,38.15999984741211,38.20000076293945,38.099998474121094,38.150001525878906,261535,0.0,0.0
2025-07-22 10:00:00+05:30,38.16999816894531,38.209999084472656,38.130001068115234,38.150001525878906,178053,0.0,0.0
2025-07-22 10:15:00+05:30,38.150001525878906,38.15999984741211,38.11000061035156,38.130001068115234,160463,0.0,0.0
2025-07-22 10:30:00+05:30,38.11000061035156,38.13999938964844,38.06999969482422,38.06999969482422,153898,0.0,0.0
2025-07-22 10:45:00+05:30,38.08000183105469,38.099998474121094,38.02000045776367,38.08000183105469,125882,0.0,0.0
2025-07-22 11:00:00+05:30,38.09000015258789,38.09000015258789,38.040000915527344,38.04999923706055,192896,0.0,0.0
2025-07-22 11:15:00+05:30,38.040000915527344,38.060001373291016,38.0099983215332,38.060001373291016,114653,0.0,0.0
2025-07-22 11:30:00+05:30,38.060001373291016,38.099998474121094,38.0099983215332,38.04999923706055,117201,0.0,0.0
2025-07-22 11:45:00+05:30,38.04999923706055,38.099998474121094,38.04999923706055,38.099998474121094,44861,0.0,0.0
2025-07-22 12:00:00+05:30,38.099998474121094,38.099998474121094,38.04999923706055,38.06999969482422,42292,0.0,0.0
2025-07-22 12:15:00+05:30,38.06999969482422,38.06999969482422,38.029998779296875,38.04999923706055,43720,0.0,0.0
2025-07-22 12:30:00+05:30,38.060001373291016,38.09000015258789,38.04999923706055,38.06999969482422,23700,0.0,0.0
2025-07-22 12:45:00+05:30,38.08000183105469,38.08000183105469,38.04999923706055,38.04999923706055,61955,0.0,0.0
2025-07-22 13:00:00+05:30,38.040000915527344,38.06999969482422,38.02000045776367,38.04999923706055,70305,0.0,0.0
2025-07-22 13:15:00+05:30,38.04999923706055,38.060001373291016,38.02000045776367,38.060001373291016,65781,0.0,0.0
2025-07-22 13:30:00+05:30,38.04999923706055,38.06999969482422,38.02000045776367,38.06999969482422,67107,0.0,0.0
2025-07-22 13:45:00+05:30,38.06999969482422,38.06999969482422,38.02000045776367,38.029998779296875,39660,0.0,0.0
2025-07-22 14:00:00+05:30,38.040000915527344,38.06999969482422,38.029998779296875,38.060001373291016,71975,0.0,0.0
2025-07-22 14:15:00+05:30,38.04999923706055,38.060001373291016,37.95000076293945,37.95000076293945,407179,0.0,0.0
2025-07-22 14:30:00+05:30,37.900001525878906,38.0,37.880001068115234,37.939998626708984,277017,0.0,0.0
2025-07-22 14:45:00+05:30,37.95000076293945,37.9900016784668,37.900001525878906,37.91999816894531,259277,0.0,0.0
2025-07-22 15:00:00+05:30,37.900001525878906,38.029998779296875,37.810001373291016,37.90999984741211,852044,0.0,0.0
2025-07-22 15:15:00+05:30,37.91999816894531,37.97999954223633,37.849998474121094,37.90999984741211,591517,0.0,0.0
2025-07-23 09:15:00+05:30,37.97999954223633,38.06999969482422,37.869998931884766,37.970001220703125,436328,0.0,0.0
2025-07-23 09:30:00+05:30,37.959999084472656,37.959999084472656,37.83000183105469,37.83000183105469,339734,0.0,0.0
2025-07-23 09:45:00+05:30,37.81999969482422,37.880001068115234,37.810001373291016,37.83000183105469,176439,0.0,0.0
2025-07-23 10:00:00+05:30,37.83000183105469,37.84000015258789,37.810001373291016,37.84000015258789,148079,0.0,0.0
2025-07-23 10:15:00+05:30,37.849998474121094,37.880001068115234,37.810001373291016,37.86000061035156,74216,0.0,0.0
2025-07-23 10:30:00+05:30,37.88999938964844,37.97999954223633,37.86000061035156,37.900001525878906,135094,0.0,0.0
2025-07-23 10:45:00+05:30,37.91999816894531,37.95000076293945,37.849998474121094,37.880001068115234,65562,0.0,0.0
2025-07-23 11:00:00+05:30,37.880001068115234,37.939998626708984,37.84000015258789,37.91999816894531,219017,0.0,0.0
2025-07-23 11:15:00+05:30,37.90999984741211,37.939998626708984,37.86000061035156,37.86000061035156,34575,0.0,0.0
2025-07-23 11:30:00+05:30,37.869998931884766,37.900001525878906,37.83000183105469,37.869998931884766,30778,0.0,0.0
2025-07-23 11:45:00+05:30,37.869998931884766,37.869998931884766,37.81999969482422,37.849998474121094,36923,0.0,0.0
2025-07-23 12:00:00+05:30,37.849998474121094,37.900001525878906,37.83000183105469,37.849998474121094,52536,0.0,0.0
2025-07-23 12:15:00+05:30,37.880001068115234,37.90999984741211,37.83000183105469,37.90999984741211,99466,0.0,0.0
2025-07-23 12:30:00+05:30,37.900001525878906,37.939998626708984,37.869998931884766,37.91999816894531,50835,0.0,0.0
2025-07-23 12:45:00+05:30,37.91999816894531,37.939998626708984,37.900001525878906,37.93000030517578,25089,0.0,0.0
2025-07-23 13:00:00+05:30,37.90999984741211,37.9900016784668,37.90999984741211,37.97999954223633,118345,0.0,0.0
2025-07-23 13:15:00+05:30,37.970001220703125,37.97999954223633,37.90999984741211,37.939998626708984,194054,0.0,0.0
2025-07-23 13:30:00+05:30,37.939998626708984,37.939998626708984,37.880001068115234,37.90999984741211,69269,0.0,0.0
2025-07-23 13:45:00+05:30,37.90999984741211,37.90999984741211,37.810001373291016,37.810001373291016,197669,0.0,0.0
2025-07-23 14:00:00+05:30,37.79999923706055,37.81999969482422,37.72999954223633,37.7599983215332,349213,0.0,0.0
2025-07-23 14:15:00+05:30,37.7599983215332,37.790000915527344,37.689998626708984,37.720001220703125,251249,0.0,0.0
2025-07-23 14:30:00+05:30,37.70000076293945,37.75,37.66999816894531,37.720001220703125,235895,0.0,0.0
2025-07-23 14:45:00+05:30,37.72999954223633,37.849998474121094,37.66999816894531,37.790000915527344,429227,0.0,0.0
2025-07-23 15:00:00+05:30,37.790000915527344,37.84000015258789,37.7400016784668,37.7599983215332,591679,0.0,0.0
2025-07-23 15:15:00+05:30,37.75,37.79999923706055,37.63999938964844,37.7400016784668,1261778,0.0,0.0
2025-07-24 09:15:00+05:30,37.88999938964844,37.88999938964844,37.66999816894531,37.79999923706055,229814,0.0,0.0
2025-07-24 09:30:00+05:30,37.790000915527344,37.79999923706055,37.72999954223633,37.79999923706055,153358,0.0,0.0
2025-07-24 09:45:00+05:30,37.79999923706055,37.900001525878906,37.7599983215332,37.77000045776367,318541,0.0,0.0
2025-07-24 10:00:00+05:30,37.79999923706055,37.810001373291016,37.7400016784668,37.790000915527344,153371,0.0,0.0
2025-07-24 10:15:00+05:30,37.79999923706055,37.79999923706055,37.709999084472656,37.7599983215332,265170,0.0,0.0
2025-07-24 10:30:00+05:30,37.77000045776367,37.779998779296875,37.7400016784668,37.77000045776367,45784,0.0,0.0
2025-07-24 10:45:00+05:30,37.77000045776367,37.77000045776367,37.70000076293945,37.7400016784668,72016,0.0,0.0
2025-07-24 11:00:00+05:30,37.7400016784668,37.779998779296875,37.720001220703125,37.779998779296875,79079,0.0,0.0
2025-07-24 11:15:00+05:30,37.77000045776367,37.79999923706055,37.70000076293945,37.720001220703125,151581,0.0,0.0
2025-07-24 11:30:00+05:30,37.720001220703125,37.75,37.619998931884766,37.650001525878906,205101,0.0,0.0
2025-07-24 11:45:00+05:30,37.650001525878906,37.689998626708984,37.650001525878906,37.650001525878906,49905,0.0,0.0
2025-07-24 12:00:00+05:30,37.65999984741211,37.66999816894531,37.599998474121094,37.61000061035156,122508,0.0,0.0
2025-07-24 12:15:00+05:30,37.61000061035156,37.63999938964844,37.54999923706055,37.59000015258789,99870,0.0,0.0
2025-07-24 12:30:00+05:30,37.599998474121094,37.619998931884766,37.54999923706055,37.560001373291016,141573,0.0,0.0
2025-07-24 12:45:00+05:30,37.560001373291016,37.61000061035156,37.560001373291016,37.599998474121094,93126,0.0,0.0
2025-07-24 13:00:00+05:30,37.599998474121094,37.63999938964844,37.56999969482422,37.61000061035156,165973,0.0,0.0
2025-07-24 13:15:00+05:30,37.630001068115234,37.790000915527344,37.61000061035156,37.72999954223633,520251,0.0,0.0
2025-07-24 13:30:00+05:30,37.72999954223633,37.7400016784668,37.66999816894531,37.70000076293945,253330,0.0,0.0
2025-07-24 13:45:00+05:30,37.70000076293945,37.75,37.65999984741211,37.66999816894531,338849,0.0,0.0
2025-07-24 14:00:00+05:30,37.68000030517578,37.720001220703125,37.65999984741211,37.720001220703125,253925,0.0,0.0
2025-07-24 14:15:00+05:30,37.709999084472656,37.720001220703125,37.650001525878906,37.68000030517578,244031,0.0,0.0
2025-07-24 14:30:00+05:30,37.68000030517578,37.720001220703125,37.650001525878906,37.689998626708984,145458,0.0,0.0
2025-07-24 14:45:00+05:30,37.689998626708984,37.689998626708984,37.59000015258789,37.59000015258789,304165,0.0,0.0
2025-07-24 15:00:00+05:30,37.599998474121094,37.720001220703125,37.560001373291016,37.630001068115234,530879,0.0,0.0
2025-07-24 15:15:00+05:30,37.630001068115234,37.7599983215332,37.599998474121094,37.72999954223633,563116,0.0,0.0
2025-07-25 09:15:00+05:30,37.560001373291016,37.79999923706055,37.5099983215332,37.79999923706055,426492,0.2,0.0
2025-07-25 09:30:00+05:30,37.810001373291016,37.81999969482422,37.630001068115234,37.63999938964844,244163,0.0,0.0
2025-07-25 09:45:00+05:30,37.619998931884766,37.65999984741211,37.52000045776367,37.540000915527344,242504,0.0,0.0
2025-07-25 10:00:00+05:30,37.529998779296875,37.58000183105469,37.5,37.5099983215332,359830,0.0,0.0
2025-07-25 10:15:00+05:30,37.5,37.5,37.31999969482422,37.36000061035156,413660,0.0,0.0
2025-07-25 10:30:00+05:30,37.34000015258789,37.400001525878906,37.25,37.400001525878906,179781,0.0,0.0
2025-07-25 10:45:00+05:30,37.400001525878906,37.400001525878906,37.2599983215332,37.27000045776367,145834,0.0,0.0
2025-07-25 11:00:00+05:30,37.27000045776367,37.27000045776367,37.150001525878906,37.22999954223633,256742,0.0,0.0
2025-07-25 11:15:00+05:30,37.22999954223633,37.2400016784668,37.20000076293945,37.20000076293945,48687,0.0,0.0
2025-07-25 11:30:00+05:30,37.20000076293945,37.22999954223633,37.18000030517578,37.20000076293945,65376,0.0,0.0
2025-07-25 11:45:00+05:30,37.20000076293945,37.209999084472656,36.959999084472656,36.97999954223633,629198,0.0,0.0
2025-07-25 12:00:00+05:30,36.939998626708984,37.0,36.880001068115234,36.95000076293945,251387,0.0,0.0
2025-07-25 12:15:00+05:30,36.93000030517578,36.9900016784668,36.900001525878906,36.91999816894531,338250,0.0,0.0
2025-07-25 12:30:00+05:30,36.939998626708984,36.970001220703125,36.91999816894531,36.970001220703125,77080,0.0,0.0
2025-07-25 12:45:00+05:30,36.959999084472656,37.0,36.95000076293945,36.970001220703125,65377,0.0,0.0
2025-07-25 13:00:00+05:30,36.970001220703125,37.0,36.959999084472656,37.0,53370,0.0,0.0
2025-07-25 13:15:00+05:30,37.0,37.0,36.959999084472656,36.97999954223633,185303,0.0,0.0
2025-07-25 13:30:00+05:30,36.97999954223633,37.0,36.959999084472656,37.0,63296,0.0,0.0
2025-07-25 13:45:00+05:30,36.970001220703125,37.0,36.970001220703125,36.9900016784668,39927,0.0,0.0
2025-07-25 14:00:00+05:30,37.0,37.0,36.95000076293945,36.97999954223633,89783,0.0,0.0
2025-07-25 14:15:00+05:30,36.97999954223633,36.97999954223633,36.93000030517578,36.95000076293945,99059,0.0,0.0
2025-07-25 14:30:00+05:30,36.970001220703125,37.0,36.93000030517578,36.97999954223633,265015,0.0,0.0
2025-07-25 14:45:00+05:30,37.0,37.0,36.95000076293945,37.0,143718,0.0,0.0
2025-07-25 15:00:00+05:30,37.0,37.0,36.93000030517578,36.95000076293945,907384,0.0,0.0
2025-07-25 15:15:00+05:30,36.95000076293945,36.95000076293945,36.66999816894531,36.81999969482422,835651,0.0,0.0
2025-07-28 09:15:00+05:30,36.970001220703125,36.970001220703125,36.58000183105469,36.95000076293945,435958,0.0,0.0
2025-07-28 09:30:00+05:30,36.95000076293945,37.08000183105469,36.849998474121094,36.869998931884766,328930,0.0,0.0
2025-07-28 09:45:00+05:30,36.84000015258789,36.9900016784668,36.84000015258789,36.95000076293945,206587,0.0,0.0
2025-07-28 10:00:00+05:30,36.95000076293945,37.25,36.939998626708984,37.22999954223633,370615,0.0,0.0
2025-07-28 10:15:00+05:30,37.22999954223633,37.2599983215332,37.150001525878906,37.150001525878906,209773,0.0,0.0
2025-07-28 10:30:00+05:30,37.150001525878906,37.189998626708984,37.06999969482422,37.06999969482422,156975,0.0,0.0
2025-07-28 10:45:00+05:30,37.08000183105469,37.099998474121094,37.0,37.08000183105469,59546,0.0,0.0
2025-07-28 11:00:00+05:30,37.09000015258789,37.119998931884766,37.0,37.06999969482422,217544,0.0,0.0
2025-07-28 11:15:00+05:30,37.08000183105469,37.130001068115234,37.04999923706055,37.08000183105469,93068,0.0,0.0
2025-07-28 11:30:00+05:30,37.09000015258789,37.09000015258789,36.970001220703125,36.97999954223633,127978,0.0,0.0
2025-07-28 11:45:00+05:30,36.97999954223633,36.97999954223633,36.900001525878906,36.93000030517578,104506,0.0,0.0
2025-07-28 12:00:00+05:30,36.95000076293945,36.97999954223633,36.810001373291016,36.849998474121094,206780,0.0,0.0
2025-07-28 12:15:00+05:30,36.849998474121094,36.880001068115234,36.7599983215332,36.869998931884766,143163,0.0,0.0
2025-07-28 12:30:00+05:30,36.86000061035156,36.900001525878906,36.790000915527344,36.81999969482422,261753,0.0,0.0
2025-07-28 12:45:00+05:30,36.79999923706055,36.849998474121094,36.790000915527344,36.83000183105469,211556,0.0,0.0
2025-07-28 13:00:00+05:30,36.83000183105469,36.849998474121094,36.70000076293945,36.72999954223633,251881,0.0,0.0
2025-07-28 13:15:00+05:30,36.72999954223633,36.75,36.63999938964844,36.709999084472656,227894,0.0,0.0
2025-07-28 13:30:00+05:30,36.70000076293945,36.75,36.65999984741211,36.709999084472656,200355,0.0,0.0
2025-07-28 13:45:00+05:30,36.66999816894531,36.68000030517578,36.619998931884766,36.65999984741211,243490,0.0,0.0
2025-07-28 14:00:00+05:30,36.65999984741211,36.65999984741211,36.599998474121094,36.65999984741211,76127,0.0,0.0
2025-07-28 14:15:00+05:30,36.650001525878906,36.66999816894531,36.560001373291016,36.61000061035156,240323,0.0,0.0
2025-07-28 14:30:00+05:30,36.61000061035156,36.77000045776367,36.56999969482422,36.72999954223633,208989,0.0,0.0
2025-07-28 14:45:00+05:30,36.75,36.77000045776367,36.65999984741211,36.720001220703125,146531,0.0,0.0
2025-07-28 15:00:00+05:30,36.720001220703125,36.84000015258789,36.61000061035156,36.7400016784668,477179,0.0,0.0
2025-07-28 15:15:00+05:30,36.709999084472656,36.77000045776367,36.650001525878906,36.75,364317,0.0,0.0
2025-07-29 09:15:00+05:30,36.5099983215332,36.77000045776367,36.290000915527344,36.720001220703125,709670,0.0,0.0
2025-07-29 09:30:00+05:30,36.720001220703125,36.75,36.63999938964844,36.65999984741211,324912,0.0,0.0
2025-07-29 09:45:00+05:30,36.65999984741211,36.720001220703125,36.619998931884766,36.650001525878906,342090,0.0,0.0
2025-07-29 10:00:00+05:30,36.619998931884766,36.70000076293945,36.58000183105469,36.58000183105469,155189,0.0,0.0
2025-07-29 10:15:00+05:30,36.58000183105469,36.59000015258789,36.38999938964844,36.43000030517578,286933,0.0,0.0
2025-07-29 10:30:00+05:30,36.400001525878906,36.459999084472656,36.36000061035156,36.380001068115234,152591,0.0,0.0
2025-07-29 10:45:00+05:30,36.380001068115234,36.380001068115234,36.29999923706055,36.34000015258789,163427,0.0,0.0
2025-07-29 11:00:00+05:30,36.34000015258789,36.380001068115234,36.310001373291016,36.369998931884766,170499,0.0,0.0
2025-07-29 11:15:00+05:30,36.349998474121094,36.5099983215332,36.349998474121094,36.41999816894531,377571,0.0,0.0
2025-07-29 11:30:00+05:30,36.439998626708984,36.4900016784668,36.41999816894531,36.45000076293945,76916,0.0,0.0
2025-07-29 11:45:00+05:30,36.43000030517578,36.45000076293945,36.349998474121094,36.38999938964844,81865,0.0,0.0
2025-07-29 12:00:00+05:30,36.380001068115234,36.470001220703125,36.369998931884766,36.439998626708984,289693,0.0,0.0
2025-07-29 12:15:00+05:30,36.43000030517578,36.439998626708984,36.349998474121094,36.40999984741211,159040,0.0,0.0
2025-07-29 12:30:00+05:30,36.41999816894531,36.45000076293945,36.38999938964844,36.400001525878906,235265,0.0,0.0
2025-07-29 12:45:00+05:30,36.400001525878906,36.400001525878906,36.380001068115234,36.38999938964844,53841,0.0,0.0
2025-07-29 13:00:00+05:30,36.38999938964844,36.41999816894531,36.380001068115234,36.38999938964844,94580,0.0,0.0
2025-07-29 13:15:00+05:30,36.380001068115234,36.47999954223633,36.380001068115234,36.439998626708984,112806,0.0,0.0
2025-07-29 13:30:00+05:30,36.439998626708984,36.47999954223633,36.43000030517578,36.439998626708984,125712,0.0,0.0
2025-07-29 13:45:00+05:30,36.43000030517578,36.459999084472656,36.43000030517578,36.439998626708984,129701,0.0,0.0
2025-07-29 14:00:00+05:30,36.43000030517578,36.54999923706055,36.43000030517578,36.54999923706055,215492,0.0,0.0
2025-07-29 14:15:00+05:30,36.54999923706055,36.720001220703125,36.529998779296875,36.68000030517578,387690,0.0,0.0
2025-07-29 14:30:00+05:30,36.689998626708984,36.689998626708984,36.63999938964844,36.65999984741211,197812,0.0,0.0
2025-07-29 14:45:00+05:30,36.68000030517578,36.83000183105469,36.66999816894531,36.79999923706055,206039,0.0,0.0
2025-07-29 15:00:00+05:30,36.7599983215332,36.97999954223633,36.720001220703125,36.90999984741211,516352,0.0,0.0
2025-07-29 15:15:00+05:30,36.900001525878906,36.97999954223633,36.849998474121094,36.880001068115234,527847,0.0,0.0
2025-07-30 09:15:00+05:30,37.060001373291016,37.13999938964844,36.90999984741211,36.939998626708984,329611,0.0,0.0
2025-07-30 09:30:00+05:30,36.93000030517578,37.0099983215332,36.900001525878906,36.959999084472656,278124,0.0,0.0
2025-07-30 09:45:00+05:30,36.959999084472656,36.959999084472656,36.779998779296875,36.880001068115234,266872,0.0,0.0
2025-07-30 10:00:00+05:30,36.880001068115234,36.900001525878906,36.79999923706055,36.849998474121094,94460,0.0,0.0
2025-07-30 10:15:00+05:30,36.849998474121094,36.849998474121094,36.7599983215332,36.790000915527344,99611,0.0,0.0
2025-07-30 10:30:00+05:30,36.7599983215332,36.83000183105469,36.720001220703125,36.7400016784668,129222,0.0,0.0
2025-07-30 10:45:00+05:30,36.7400016784668,36.79999923706055,36.72999954223633,36.77000045776367,247785,0.0,0.0
2025-07-30 11:00:00+05:30,36.77000045776367,36.900001525878906,36.77000045776367,36.900001525878906,118252,0.0,0.0
2025-07-30 11:15:00+05:30,36.90999984741211,36.95000076293945,36.86000061035156,36.86000061035156,164996,0.0,0.0
2025-07-30 11:30:00+05:30,36.880001068115234,36.93000030517578,36.83000183105469,36.91999816894531,141677,0.0,0.0
2025-07-30 11:45:00+05:30,36.93000030517578,36.93000030517578,36.849998474121094,36.849998474121094,96774,0.0,0.0
2025-07-30 12:00:00+05:30,36.84000015258789,36.91999816894531,36.81999969482422,36.900001525878906,75582,0.0,0.0
2025-07-30 12:15:00+05:30,36.91999816894531,36.91999816894531,36.86000061035156,36.880001068115234,99472,0.0,0.0
2025-07-30 12:30:00+05:30,36.880001068115234,36.880001068115234,36.84000015258789,36.86000061035156,59679,0.0,0.0
2025-07-30 12:45:00+05:30,36.869998931884766,36.869998931884766,36.81999969482422,36.84000015258789,38303,0.0,0.0
2025-07-30 13:00:00+05:30,36.84000015258789,36.86000061035156,36.779998779296875,36.79999923706055,77123,0.0,0.0
2025-07-30 13:15:00+05:30,36.79999923706055,36.810001373291016,36.77000045776367,36.790000915527344,48347,0.0,0.0
2025-07-30 13:30:00+05:30,36.790000915527344,36.83000183105469,36.77000045776367,36.79999923706055,36083,0.0,0.0
2025-07-30 13:45:00+05:30,36.810001373291016,36.84000015258789,36.75,36.75,111500,0.0,0.0
2025-07-30 14:00:00+05:30,36.77000045776367,36.81999969482422,36.75,36.790000915527344,33016,0.0,0.0
2025-07-30 14:15:00+05:30,36.790000915527344,36.84000015258789,36.7599983215332,36.779998779296875,58447,0.0,0.0
2025-07-30 14:30:00+05:30,36.77000045776367,36.790000915527344,36.75,36.779998779296875,51844,0.0,0.0
2025-07-30 14:45:00+05:30,36.77000045776367,36.810001373291016,36.7599983215332,36.7599983215332,123357,0.0,0.0
2025-07-30 15:00:00+05:30,36.779998779296875,36.83000183105469,36.72999954223633,36.75,317611,0.0,0.0
2025-07-30 15:15:00+05:30,36.75,36.75,36.5099983215332,36.689998626708984,282079,0.0,0.0
2025-07-31 09:15:00+05:30,36.20000076293945,36.349998474121094,36.0099983215332,36.310001373291016,882658,0.0,0.0
2025-07-31 09:30:00+05:30,36.310001373291016,36.40999984741211,36.20000076293945,36.279998779296875,527537,0.0,0.0
2025-07-31 09:45:00+05:30,36.310001373291016,36.310001373291016,36.11000061035156,36.13999938964844,255185,0.0,0.0
2025-07-31 10:00:00+05:30,36.130001068115234,36.13999938964844,36.029998779296875,36.11000061035156,236533,0.0,0.0
2025-07-31 10:15:00+05:30,36.11000061035156,36.22999954223633,36.099998474121094,36.189998626708984,188145,0.0,0.0
2025-07-31 10:30:00+05:30,36.189998626708984,36.20000076293945,36.060001373291016,36.060001373291016,117337,0.0,0.0
2025-07-31 10:45:00+05:30,36.09000015258789,36.220001220703125,36.06999969482422,36.18000030517578,171029,0.0,0.0
2025-07-31 11:00:00+05:30,36.20000076293945,36.33000183105469,36.18000030517578,36.220001220703125,269493,0.0,0.0
2025-07-31 11:15:00+05:30,36.2400016784668,36.38999938964844,36.220001220703125,36.380001068115234,121282,0.0,0.0
2025-07-31 11:30:00+05:30,36.38999938964844,36.40999984741211,36.279998779296875,36.279998779296875,157068,0.0,0.0
2025-07-31 11:45:00+05:30,36.290000915527344,36.38999938964844,36.290000915527344,36.34000015258789,79182,0.0,0.0
2025-07-31 12:00:00+05:30,36.34000015258789,36.34000015258789,36.220001220703125,36.31999969482422,113243,0.0,0.0
2025-07-31 12:15:00+05:30,36.31999969482422,36.349998474121094,36.310001373291016,36.310001373291016,54433,0.0,0.0
2025-07-31 12:30:00+05:30,36.33000183105469,36.459999084472656,36.29999923706055,36.41999816894531,187122,0.0,0.0
2025-07-31 12:45:00+05:30,36.40999984741211,36.54999923706055,36.380001068115234,36.4900016784668,170535,0.0,0.0
2025-07-31 13:00:00+05:30,36.4900016784668,36.540000915527344,36.43000030517578,36.45000076293945,160644,0.0,0.0
2025-07-31 13:15:00+05:30,36.47999954223633,36.52000045776367,36.45000076293945,36.470001220703125,70314,0.0,0.0
2025-07-31 13:30:00+05:30,36.47999954223633,36.5099983215332,36.43000030517578,36.439998626708984,59922,0.0,0.0
2025-07-31 13:45:00+05:30,36.43000030517578,36.470001220703125,36.400001525878906,36.439998626708984,74492,0.0,0.0
2025-07-31 14:00:00+05:30,36.470001220703125,36.470001220703125,36.43000030517578,36.439998626708984,99302,0.0,0.0
2025-07-31 14:15:00+05:30,36.439998626708984,36.439998626708984,36.34000015258789,36.34000015258789,98275,0.0,0.0
2025-07-31 14:30:00+05:30,36.36000061035156,36.41999816894531,36.31999969482422,36.400001525878906,126885,0.0,0.0
2025-07-31 14:45:00+05:30,36.400001525878906,36.43000030517578,36.36000061035156,36.400001525878906,63436,0.0,0.0
2025-07-31 15:00:00+05:30,36.400001525878906,36.470001220703125,36.31999969482422,36.43000030517578,275895,0.0,0.0
2025-07-31 15:15:00+05:30,36.43000030517578,36.459999084472656,36.349998474121094,36.40999984741211,447797,0.0,0.0
2025-08-01 09:15:00+05:30,36.459999084472656,36.459999084472656,36.25,36.290000915527344,210300,0.0,0.0
2025-08-01 09:30:00+05:30,36.290000915527344,36.33000183105469,36.220001220703125,36.27000045776367,212485,0.0,0.0
2025-08-01 09:45:00+05:30,36.2599983215332,36.27000045776367,36.11000061035156,36.15999984741211,219763,0.0,0.0
2025-08-01 10:00:00+05:30,36.15999984741211,36.22999954223633,36.099998474121094,36.220001220703125,205638,0.0,0.0
2025-08-01 10:15:00+05:30,36.220001220703125,36.25,36.18000030517578,36.22999954223633,67391,0.0,0.0
2025-08-01 10:30:00+05:30,36.22999954223633,36.290000915527344,36.20000076293945,36.2400016784668,193075,0.0,0.0
2025-08-01 10:45:00+05:30,36.22999954223633,36.22999954223633,36.15999984741211,36.209999084472656,105761,0.0,0.0
2025-08-01 11:00:00+05:30,36.189998626708984,36.2400016784668,36.15999984741211,36.18000030517578,77051,0.0,0.0
2025-08-01 11:15:00+05:30,36.16999816894531,36.220001220703125,36.15999984741211,36.209999084472656,54131,0.0,0.0
2025-08-01 11:30:00+05:30,36.20000076293945,36.209999084472656,36.119998931884766,36.16999816894531,81455,0.0,0.0
2025-08-01 11:45:00+05:30,36.16999816894531,36.16999816894531,36.11000061035156,36.13999938964844,62047,0.0,0.0
2025-08-01 12:00:00+05:30,36.119998931884766,36.15999984741211,36.119998931884766,36.150001525878906,65020,0.0,0.0
2025-08-01 12:15:00+05:30,36.150001525878906,36.20000076293945,36.119998931884766,36.13999938964844,154184,0.0,0.0
2025-08-01 12:30:00+05:30,36.13999938964844,36.16999816894531,36.130001068115234,36.150001525878906,62166,0.0,0.0
2025-08-01 12:45:00+05:30,36.150001525878906,36.150001525878906,36.119998931884766,36.130001068115234,51210,0.0,0.0
2025-08-01 13:00:00+05:30,36.130001068115234,36.16999816894531,36.119998931884766,36.15999984741211,38437,0.0,0.0
2025-08-01 13:15:00+05:30,36.15999984741211,36.15999984741211,36.119998931884766,36.150001525878906,19711,0.0,0.0
2025-08-01 13:30:00+05:30,36.15999984741211,36.20000076293945,36.130001068115234,36.150001525878906,106218,0.0,0.0
2025-08-01 13:45:00+05:30,36.150001525878906,36.16999816894531,36.119998931884766,36.150001525878906,90991,0.0,0.0
2025-08-01 14:00:00+05:30,36.150001525878906,36.150001525878906,36.04999923706055,36.09000015258789,190288,0.0,0.0
2025-08-01 14:15:00+05:30,36.09000015258789,36.099998474121094,36.0099983215332,36.029998779296875,86633,0.0,0.0
2025-08-01 14:30:00+05:30,36.029998779296875,36.06999969482422,36.0099983215332,36.02000045776367,89135,0.0,0.0
2025-08-01 14:45:00+05:30,36.040000915527344,36.08000183105469,36.0,36.02000045776367,237836,0.0,0.0
2025-08-01 15:00:00+05:30,36.0,36.0099983215332,35.900001525878906,35.970001220703125,408936,0.0,0.0
2025-08-01 15:15:00+05:30,35.939998626708984,36.02000045776367,35.810001373291016,35.900001525878906,541081,0.0,0.0
2025-08-04 09:15:00+05:30,35.810001373291016,36.04999923706055,35.75,36.04999923706055,452758,0.0,0.0
2025-08-04 09:30:00+05:30,36.040000915527344,36.040000915527344,35.779998779296875,35.79999923706055,263846,0.0,0.0
2025-08-04 09:45:00+05:30,35.79999923706055,35.869998931884766,35.75,35.779998779296875,254714,0.0,0.0
2025-08-04 10:00:00+05:30,35.7599983215332,35.900001525878906,35.75,35.79999923706055,345141,0.0,0.0
2025-08-04 10:15:00+05:30,35.79999923706055,35.84000015258789,35.77000045776367,35.81999969482422,235741,0.0,0.0
2025-08-04 10:30:00+05:30,35.810001373291016,35.84000015258789,35.77000045776367,35.81999969482422,60004,0.0,0.0
2025-08-04 10:45:00+05:30,35.810001373291016,35.849998474121094,35.79999923706055,35.81999969482422,87590,0.0,0.0
2025-08-04 11:00:00+05:30,35.81999969482422,35.900001525878906,35.79999923706055,35.869998931884766,71600,0.0,0.0
2025-08-04 11:15:00+05:30,35.880001068115234,35.88999938964844,35.81999969482422,35.86000061035156,58670,0.0,0.0
2025-08-04 11:30:00+05:30,35.880001068115234,35.939998626708984,35.849998474121094,35.939998626708984,65325,0.0,0.0
2025-08-04 11:45:00+05:30,35.93000030517578,35.9900016784668,35.900001525878906,35.939998626708984,147891,0.0,0.0
2025-08-04 12:00:00+05:30,35.939998626708984,35.95000076293945,35.90999984741211,35.91999816894531,52235,0.0,0.0
2025-08-04 12:15:00+05:30,35.91999816894531,35.97999954223633,35.90999984741211,35.970001220703125,198937,0.0,0.0
2025-08-04 12:30:00+05:30,35.970001220703125,35.97999954223633,35.900001525878906,35.91999816894531,77600,0.0,0.0
2025-08-04 12:45:00+05:30,35.900001525878906,36.02000045776367,35.900001525878906,36.02000045776367,101745,0.0,0.0
2025-08-04 13:00:00+05:30,36.02000045776367,36.02000045776367,35.95000076293945,36.0,52050,0.0,0.0
2025-08-04 13:15:00+05:30,36.0,36.040000915527344,35.95000076293945,35.95000076293945,107834,0.0,0.0
2025-08-04 13:30:00+05:30,35.95000076293945,36.029998779296875,35.95000076293945,36.029998779296875,32803,0.0,0.0
2025-08-04 13:45:00+05:30,36.0099983215332,36.029998779296875,36.0,36.0,54715,0.0,0.0
2025-08-04 14:00:00+05:30,36.02000045776367,36.09000015258789,36.0,36.0099983215332,178472,0.0,0.0
2025-08-04 14:15:00+05:30,36.02000045776367,36.02000045776367,35.959999084472656,35.97999954223633,63672,0.0,0.0
2025-08-04 14:30:00+05:30,35.97999954223633,36.04999923706055,35.959999084472656,35.9900016784668,180807,0.0,0.0
2025-08-04 14:45:00+05:30,36.0,36.04999923706055,35.9900016784668,36.040000915527344,115155,0.0,0.0
2025-08-04 15:00:00+05:30,36.040000915527344,36.040000915527344,35.939998626708984,36.029998779296875,384254,0.0,0.0
2025-08-04 15:15:00+05:30,35.9900016784668,36.060001373291016,35.959999084472656,36.04999923706055,407274,0.0,0.0
2025-08-05 09:15:00+05:30,36.09000015258789,36.189998626708984,35.97999954223633,36.119998931884766,175683,0.0,0.0
2025-08-05 09:30:00+05:30,36.13999938964844,36.18000030517578,36.060001373291016,36.06999969482422,256750,0.0,0.0
2025-08-05 09:45:00+05:30,36.06999969482422,36.099998474121094,36.0,36.060001373291016,238703,0.0,0.0
2025-08-05 10:00:00+05:30,36.060001373291016,36.06999969482422,35.9900016784668,36.0,143428,0.0,0.0
2025-08-05 10:15:00+05:30,36.0,36.0099983215332,35.959999084472656,35.97999954223633,100576,0.0,0.0
2025-08-05 10:30:00+05:30,36.0099983215332,36.099998474121094,35.970001220703125,36.060001373291016,80268,0.0,0.0
2025-08-05 10:45:00+05:30,36.04999923706055,36.060001373291016,36.0,36.02000045776367,58351,0.0,0.0
2025-08-05 11:00:00+05:30,36.02000045776367,36.02000045776367,35.95000076293945,35.97999954223633,95478,0.0,0.0
2025-08-05 11:15:00+05:30,35.9900016784668,36.0,35.959999084472656,35.9900016784668,77747,0.0,0.0
2025-08-05 11:30:00+05:30,35.9900016784668,36.0,35.95000076293945,35.970001220703125,129012,0.0,0.0
2025-08-05 11:45:00+05:30,35.970001220703125,36.0,35.959999084472656,35.970001220703125,18027,0.0,0.0
2025-08-05 12:00:00+05:30,35.970001220703125,36.0,35.959999084472656,36.0,49174,0.0,0.0
2025-08-05 12:15:00+05:30,35.97999954223633,36.0,35.970001220703125,35.97999954223633,34464,0.0,0.0
2025-08-05 12:30:00+05:30,35.97999954223633,35.9900016784668,35.959999084472656,35.9900016784668,55144,0.0,0.0
2025-08-05 12:45:00+05:30,35.9900016784668,36.0,35.970001220703125,35.97999954223633,52846,0.0,0.0
2025-08-05 13:00:00+05:30,35.97999954223633,35.97999954223633,35.900001525878906,35.93000030517578,93006,0.0,0.0
2025-08-05 13:15:00+05:30,35.93000030517578,35.93000030517578,35.880001068115234,35.88999938964844,55393,0.0,0.0
2025-08-05 13:30:00+05:30,35.880001068115234,35.90999984741211,35.880001068115234,35.88999938964844,60137,0.0,0.0
2025-08-05 13:45:00+05:30,35.880001068115234,35.900001525878906,35.880001068115234,35.88999938964844,63085,0.0,0.0
2025-08-05 14:00:00+05:30,35.88999938964844,35.900001525878906,35.79999923706055,35.810001373291016,165766,0.0,0.0
2025-08-05 14:15:00+05:30,35.79999923706055,35.83000183105469,35.77000045776367,35.81999969482422,110766,0.0,0.0
2025-08-05 14:30:00+05:30,35.83000183105469,35.849998474121094,35.810001373291016,35.849998474121094,43224,0.0,0.0
2025-08-05 14:45:00+05:30,35.849998474121094,35.849998474121094,35.720001220703125,35.77000045776367,249612,0.0,0.0
2025-08-05 15:00:00+05:30,35.779998779296875,35.849998474121094,35.72999954223633,35.79999923706055,296174,0.0,0.0
2025-08-05 15:15:00+05:30,35.79999923706055,35.79999923706055,35.619998931884766,35.75,496252,0.0,0.0
2025-08-06 09:15:00+05:30,35.97999954223633,36.04999923706055,35.79999923706055,35.900001525878906,574212,0.0,0.0
2025-08-06 09:30:00+05:30,35.90999984741211,35.90999984741211,35.77000045776367,35.77000045776367,163989,0.0,0.0
2025-08-06 09:45:00+05:30,35.779998779296875,35.849998474121094,35.75,35.83000183105469,202282,0.0,0.0
2025-08-06 10:00:00+05:30,35.83000183105469,35.84000015258789,35.65999984741211,35.70000076293945,293949,0.0,0.0
2025-08-06 10:15:00+05:30,35.72999954223633,35.900001525878906,35.70000076293945,35.75,179229,0.0,0.0
2025-08-06 10:30:00+05:30,35.75,35.79999923706055,35.65999984741211,35.70000076293945,190378,0.0,0.0
2025-08-06 10:45:00+05:30,35.68000030517578,35.70000076293945,35.63999938964844,35.689998626708984,73210,0.0,0.0
2025-08-06 11:00:00+05:30,35.68000030517578,35.68000030517578,35.470001220703125,35.560001373291016,343674,0.0,0.0
2025-08-06 11:15:00+05:30,35.529998779296875,35.619998931884766,35.5099983215332,35.61000061035156,71651,0.0,0.0
2025-08-06 11:30:00+05:30,35.61000061035156,35.630001068115234,35.560001373291016,35.619998931884766,51192,0.0,0.0
2025-08-06 11:45:00+05:30,35.630001068115234,35.650001525878906,35.599998474121094,35.619998931884766,54947,0.0,0.0
2025-08-06 12:00:00+05:30,35.650001525878906,35.72999954223633,35.630001068115234,35.72999954223633,64818,0.0,0.0
2025-08-06 12:15:00+05:30,35.709999084472656,35.81999969482422,35.709999084472656,35.779998779296875,106465,0.0,0.0
2025-08-06 12:30:00+05:30,35.779998779296875,35.849998474121094,35.7400016784668,35.810001373291016,88767,0.0,0.0
2025-08-06 12:45:00+05:30,35.790000915527344,35.84000015258789,35.75,35.79999923706055,117580,0.0,0.0
2025-08-06 13:00:00+05:30,35.810001373291016,35.939998626708984,35.790000915527344,35.849998474121094,140788,0.0,0.0
2025-08-06 13:15:00+05:30,35.849998474121094,35.900001525878906,35.83000183105469,35.880001068115234,62041,0.0,0.0
2025-08-06 13:30:00+05:30,35.88999938964844,35.97999954223633,35.81999969482422,35.86000061035156,164585,0.0,0.0
2025-08-06 13:45:00+05:30,35.86000061035156,35.869998931884766,35.810001373291016,35.86000061035156,91813,0.0,0.0
2025-08-06 14:00:00+05:30,35.86000061035156,35.869998931884766,35.779998779296875,35.79999923706055,93511,0.0,0.0
2025-08-06 14:15:00+05:30,35.779998779296875,35.81999969482422,35.72999954223633,35.7599983215332,117807,0.0,0.0
2025-08-06 14:30:00+05:30,35.7599983215332,35.7599983215332,35.68000030517578,35.720001220703125,119083,0.0,0.0
2025-08-06 14:45:00+05:30,35.72999954223633,35.779998779296875,35.70000076293945,35.77000045776367,53256,0.0,0.0
2025-08-06 15:00:00+05:30,35.720001220703125,35.779998779296875,35.619998931884766,35.68000030517578,291981,0.0,0.0
2025-08-06 15:15:00+05:30,35.63999938964844,35.689998626708984,35.599998474121094,35.68000030517578,264066,0.0,0.0
2025-08-07 09:15:00+05:30,35.43000030517578,35.560001373291016,35.279998779296875,35.4900016784668,289003,0.0,0.0
2025-08-07 09:30:00+05:30,35.47999954223633,35.5,35.41999816894531,35.45000076293945,219870,0.0,0.0
2025-08-07 09:45:00+05:30,35.439998626708984,35.5,35.400001525878906,35.40999984741211,174367,0.0,0.0
2025-08-07 10:00:00+05:30,35.400001525878906,35.43000030517578,35.310001373291016,35.31999969482422,148256,0.0,0.0
2025-08-07 10:15:00+05:30,35.34000015258789,35.400001525878906,35.31999969482422,35.349998474121094,73553,0.0,0.0
2025-08-07 10:30:00+05:30,35.349998474121094,35.349998474121094,35.220001220703125,35.279998779296875,211673,0.0,0.0
2025-08-07 10:45:00+05:30,35.279998779296875,35.290000915527344,35.2400016784668,35.27000045776367,55736,0.0,0.0
2025-08-07 11:00:00+05:30,35.27000045776367,35.279998779296875,35.130001068115234,35.16999816894531,252174,0.0,0.0
2025-08-07 11:15:00+05:30,35.16999816894531,35.16999816894531,35.099998474121094,35.119998931884766,192243,0.0,0.0
2025-08-07 11:30:00+05:30,35.119998931884766,35.119998931884766,35.06999969482422,35.099998474121094,82044,0.0,0.0
2025-08-07 11:45:00+05:30,35.099998474121094,35.130001068115234,35.060001373291016,35.119998931884766,67048,0.0,0.0
2025-08-07 12:00:00+05:30,35.119998931884766,35.130001068115234,35.060001373291016,35.130001068115234,188847,0.0,0.0
2025-08-07 12:15:00+05:30,35.130001068115234,35.16999816894531,35.08000183105469,35.08000183105469,58973,0.0,0.0
2025-08-07 12:30:00+05:30,35.099998474121094,35.099998474121094,35.060001373291016,35.099998474121094,60595,0.0,0.0
2025-08-07 12:45:00+05:30,35.06999969482422,35.099998474121094,35.04999923706055,35.099998474121094,41800,0.0,0.0
2025-08-07 13:00:00+05:30,35.099998474121094,35.130001068115234,35.060001373291016,35.08000183105469,84576,0.0,0.0
2025-08-07 13:15:00+05:30,35.08000183105469,35.099998474121094,35.0,35.0099983215332,120367,0.0,0.0
2025-08-07 13:30:00+05:30,35.0099983215332,35.060001373291016,35.0,35.060001373291016,105920,0.0,0.0
2025-08-07 13:45:00+05:30,35.040000915527344,35.119998931884766,35.0099983215332,35.06999969482422,187722,0.0,0.0
2025-08-07 14:00:00+05:30,35.06999969482422,35.150001525878906,35.0099983215332,35.119998931884766,197983,0.0,0.0
2025-08-07 14:15:00+05:30,35.119998931884766,35.220001220703125,35.11000061035156,35.18000030517578,139657,0.0,0.0
2025-08-07 14:30:00+05:30,35.18000030517578,35.22999954223633,35.150001525878906,35.22999954223633,196149,0.0,0.0
2025-08-07 14:45:00+05:30,35.22999954223633,35.31999969482422,35.22999954223633,35.279998779296875,215642,0.0,0.0
2025-08-07 15:00:00+05:30,35.29999923706055,35.34000015258789,35.25,35.33000183105469,252443,0.0,0.0
2025-08-07 15:15:00+05:30,35.29999923706055,35.439998626708984,35.279998779296875,35.41999816894531,479997,0.0,0.0
2025-08-08 09:15:00+05:30,35.38999938964844,35.88999938964844,35.2400016784668,35.790000915527344,749727,0.0,0.0
2025-08-08 09:30:00+05:30,35.779998779296875,35.779998779296875,35.720001220703125,35.75,144935,0.0,0.0
2025-08-08 09:45:00+05:30,35.75,35.75,35.54999923706055,35.58000183105469,268420,0.0,0.0
2025-08-08 10:00:00+05:30,35.59000015258789,35.59000015258789,35.43000030517578,35.459999084472656,204939,0.0,0.0
2025-08-08 10:15:00+05:30,35.45000076293945,35.59000015258789,35.43000030517578,35.470001220703125,166382,0.0,0.0
2025-08-08 10:30:00+05:30,35.459999084472656,35.540000915527344,35.40999984741211,35.540000915527344,87183,0.0,0.0
2025-08-08 10:45:00+05:30,35.540000915527344,35.540000915527344,35.47999954223633,35.5,47852,0.0,0.0
2025-08-08 11:00:00+05:30,35.5099983215332,35.58000183105469,35.470001220703125,35.58000183105469,116263,0.0,0.0
2025-08-08 11:15:00+05:30,35.59000015258789,35.689998626708984,35.58000183105469,35.65999984741211,80221,0.0,0.0
2025-08-08 11:30:00+05:30,35.65999984741211,35.65999984741211,35.56999969482422,35.59000015258789,64014,0.0,0.0
2025-08-08 11:45:00+05:30,35.59000015258789,35.619998931884766,35.56999969482422,35.619998931884766,32744,0.0,0.0
2025-08-08 12:00:00+05:30,35.619998931884766,35.619998931884766,35.599998474121094,35.61000061035156,36443,0.0,0.0
2025-08-08 12:15:00+05:30,35.619998931884766,35.630001068115234,35.599998474121094,35.630001068115234,46375,0.0,0.0
2025-08-08 12:30:00+05:30,35.63999938964844,35.66999816894531,35.599998474121094,35.63999938964844,52665,0.0,0.0
2025-08-08 12:45:00+05:30,35.619998931884766,35.66999816894531,35.599998474121094,35.650001525878906,30058,0.0,0.0
2025-08-08 13:00:00+05:30,35.650001525878906,35.66999816894531,35.599998474121094,35.630001068115234,23567,0.0,0.0
2025-08-08 13:15:00+05:30,35.630001068115234,35.66999816894531,35.619998931884766,35.630001068115234,43349,0.0,0.0
2025-08-08 13:30:00+05:30,35.63999938964844,35.7400016784668,35.619998931884766,35.72999954223633,108797,0.0,0.0
2025-08-08 13:45:00+05:30,35.720001220703125,35.720001220703125,35.689998626708984,35.70000076293945,32544,0.0,0.0
2025-08-08 14:00:00+05:30,35.70000076293945,35.75,35.689998626708984,35.689998626708984,89271,0.0,0.0
2025-08-08 14:15:00+05:30,35.689998626708984,35.7599983215332,35.689998626708984,35.720001220703125,129370,0.0,0.0
2025-08-08 14:30:00+05:30,35.720001220703125,35.880001068115234,35.709999084472656,35.81999969482422,184945,0.0,0.0
2025-08-08 14:45:00+05:30,35.79999923706055,35.84000015258789,35.790000915527344,35.810001373291016,73689,0.0,0.0
2025-08-08 15:00:00+05:30,35.810001373291016,35.84000015258789,35.75,35.7599983215332,336190,0.0,0.0
2025-08-08 15:15:00+05:30,35.7599983215332,35.810001373291016,35.66999816894531,35.77000045776367,276181,0.0,0.0
2025-08-11 09:15:00+05:30,35.77000045776367,36.040000915527344,35.45000076293945,35.93000030517578,370948,0.0,0.0
2025-08-11 09:30:00+05:30,35.91999816894531,35.95000076293945,35.81999969482422,35.880001068115234,232764,0.0,0.0
2025-08-11 09:45:00+05:30,35.900001525878906,35.939998626708984,35.709999084472656,35.779998779296875,262987,0.0,0.0
2025-08-11 10:00:00+05:30,35.779998779296875,35.86000061035156,35.77000045776367,35.83000183105469,118293,0.0,0.0
2025-08-11 10:15:00+05:30,35.849998474121094,36.02000045776367,35.81999969482422,35.959999084472656,218972,0.0,0.0
2025-08-11 10:30:00+05:30,35.959999084472656,36.040000915527344,35.939998626708984,35.939998626708984,86137,0.0,0.0
2025-08-11 10:45:00+05:30,35.939998626708984,35.970001220703125,35.880001068115234,35.880001068115234,76424,0.0,0.0
2025-08-11 11:00:00+05:30,35.880001068115234,35.95000076293945,35.83000183105469,35.83000183105469,90328,0.0,0.0
2025-08-11 11:15:00+05:30,35.83000183105469,35.83000183105469,35.75,35.779998779296875,107328,0.0,0.0
2025-08-11 11:30:00+05:30,35.79999923706055,35.79999923706055,35.709999084472656,35.709999084472656,72131,0.0,0.0
2025-08-11 11:45:00+05:30,35.7400016784668,35.7400016784668,35.65999984741211,35.68000030517578,52578,0.0,0.0
2025-08-11 12:00:00+05:30,35.70000076293945,35.7400016784668,35.68000030517578,35.709999084472656,15309,0.0,0.0
2025-08-11 12:15:00+05:30,35.709999084472656,35.75,35.70000076293945,35.720001220703125,17590,0.0,0.0
2025-08-11 12:30:00+05:30,35.75,35.75,35.70000076293945,35.709999084472656,38368,0.0,0.0
2025-08-11 12:45:00+05:30,35.72999954223633,35.72999954223633,35.709999084472656,35.709999084472656,22077,0.0,0.0
2025-08-11 13:00:00+05:30,35.709999084472656,35.790000915527344,35.709999084472656,35.72999954223633,52035,0.0,0.0
2025-08-11 13:15:00+05:30,35.72999954223633,35.7599983215332,35.720001220703125,35.720001220703125,13379,0.0,0.0
2025-08-11 13:30:00+05:30,35.7400016784668,35.779998779296875,35.720001220703125,35.77000045776367,28138,0.0,0.0
2025-08-11 13:45:00+05:30,35.77000045776367,35.790000915527344,35.7400016784668,35.7400016784668,30906,0.0,0.0
2025-08-11 14:00:00+05:30,35.7599983215332,35.849998474121094,35.7599983215332,35.790000915527344,103326,0.0,0.0
2025-08-11 14:15:00+05:30,35.79999923706055,35.83000183105469,35.75,35.83000183105469,98009,0.0,0.0
2025-08-11 14:30:00+05:30,35.81999969482422,35.849998474121094,35.810001373291016,35.81999969482422,55469,0.0,0.0
2025-08-11 14:45:00+05:30,35.83000183105469,35.880001068115234,35.81999969482422,35.869998931884766,44275,0.0,0.0
2025-08-11 15:00:00+05:30,35.869998931884766,35.97999954223633,35.83000183105469,35.869998931884766,427611,0.0,0.0
2025-08-11 15:15:00+05:30,35.900001525878906,35.900001525878906,35.81999969482422,35.849998474121094,336566,0.0,0.0
2025-08-12 09:15:00+05:30,35.95000076293945,36.099998474121094,35.849998474121094,36.029998779296875,339970,0.0,0.0
2025-08-12 09:30:00+05:30,36.029998779296875,36.04999923706055,35.959999084472656,35.9900016784668,145118,0.0,0.0
2025-08-12 09:45:00+05:30,36.0,36.11000061035156,36.0,36.11000061035156,281717,0.0,0.0
2025-08-12 10:00:00+05:30,36.119998931884766,36.119998931884766,36.04999923706055,36.060001373291016,73069,0.0,0.0
2025-08-12 10:15:00+05:30,36.06999969482422,36.11000061035156,36.029998779296875,36.029998779296875,87715,0.0,0.0
2025-08-12 10:30:00+05:30,36.06999969482422,36.06999969482422,36.0,36.029998779296875,70143,0.0,0.0
2025-08-12 10:45:00+05:30,36.040000915527344,36.040000915527344,35.95000076293945,35.95000076293945,107396,0.0,0.0
2025-08-12 11:00:00+05:30,35.95000076293945,35.9900016784668,35.95000076293945,35.9900016784668,34819,0.0,0.0
2025-08-12 11:15:00+05:30,35.97999954223633,36.08000183105469,35.970001220703125,36.029998779296875,108363,0.0,0.0
2025-08-12 11:30:00+05:30,36.029998779296875,36.04999923706055,36.0099983215332,36.040000915527344,23517,0.0,0.0
2025-08-12 11:45:00+05:30,36.029998779296875,36.04999923706055,36.0099983215332,36.04999923706055,43587,0.0,0.0
2025-08-12 12:00:00+05:30,36.040000915527344,36.06999969482422,36.040000915527344,36.06999969482422,24580,0.0,0.0
2025-08-12 12:15:00+05:30,36.060001373291016,36.09000015258789,36.040000915527344,36.040000915527344,92275,0.0,0.0
2025-08-12 12:30:00+05:30,36.08000183105469,36.099998474121094,36.04999923706055,36.09000015258789,142743,0.0,0.0
2025-08-12 12:45:00+05:30,36.09000015258789,36.099998474121094,36.06999969482422,36.08000183105469,28732,0.0,0.0
2025-08-12 13:00:00+05:30,36.08000183105469,36.16999816894531,36.08000183105469,36.15999984741211,237854,0.0,0.0
2025-08-12 13:15:00+05:30,36.150001525878906,36.15999984741211,36.09000015258789,36.13999938964844,155212,0.0,0.0
2025-08-12 13:30:00+05:30,36.13999938964844,36.16999816894531,36.119998931884766,36.150001525878906,70979,0.0,0.0
2025-08-12 13:45:00+05:30,36.13999938964844,36.2400016784668,36.13999938964844,36.209999084472656,133970,0.0,0.0
2025-08-12 14:00:00+05:30,36.209999084472656,36.22999954223633,36.13999938964844,36.15999984741211,107390,0.0,0.0
2025-08-12 14:15:00+05:30,36.15999984741211,36.209999084472656,36.150001525878906,36.18000030517578,158927,0.0,0.0
2025-08-12 14:30:00+05:30,36.18000030517578,36.220001220703125,36.15999984741211,36.189998626708984,65514,0.0,0.0
2025-08-12 14:45:00+05:30,36.189998626708984,36.20000076293945,36.119998931884766,36.15999984741211,126663,0.0,0.0
2025-08-12 15:00:00+05:30,36.16999816894531,36.20000076293945,36.13999938964844,36.20000076293945,170434,0.0,0.0
2025-08-12 15:15:00+05:30,36.20000076293945,36.2400016784668,36.099998474121094,36.189998626708984,344191,0.0,0.0
2025-08-13 09:15:00+05:30,36.29999923706055,36.41999816894531,36.18000030517578,36.22999954223633,378617,0.0,0.0
2025-08-13 09:30:00+05:30,36.209999084472656,36.220001220703125,36.08000183105469,36.11000061035156,204068,0.0,0.0
2025-08-13 09:45:00+05:30,36.130001068115234,36.150001525878906,36.08000183105469,36.09000015258789,112309,0.0,0.0
2025-08-13 10:00:00+05:30,36.099998474121094,36.13999938964844,36.060001373291016,36.06999969482422,133919,0.0,0.0
2025-08-13 10:15:00+05:30,36.06999969482422,36.09000015258789,36.02000045776367,36.040000915527344,118922,0.0,0.0
2025-08-13 10:30:00+05:30,36.040000915527344,36.08000183105469,36.0099983215332,36.040000915527344,49390,0.0,0.0
2025-08-13 10:45:00+05:30,36.04999923706055,36.04999923706055,36.02000045776367,36.04999923706055,27923,0.0,0.0
2025-08-13 11:00:00+05:30,36.04999923706055,36.060001373291016,36.0,36.0,140013,0.0,0.0
2025-08-13 11:15:00+05:30,36.0,36.04999923706055,35.97999954223633,36.029998779296875,30272,0.0,0.0
2025-08-13 11:30:00+05:30,36.02000045776367,36.040000915527344,36.0099983215332,36.0099983215332,28136,0.0,0.0
2025-08-13 11:45:00+05:30,36.029998779296875,36.04999923706055,35.959999084472656,35.9900016784668,99509,0.0,0.0
2025-08-13 12:00:00+05:30,35.970001220703125,36.0,35.90999984741211,35.97999954223633,128913,0.0,0.0
2025-08-13 12:15:00+05:30,35.97999954223633,36.040000915527344,35.939998626708984,36.029998779296875,37553,0.0,0.0
2025-08-13 12:30:00+05:30,36.029998779296875,36.040000915527344,35.970001220703125,36.040000915527344,27471,0.0,0.0
2025-08-13 12:45:00+05:30,36.0099983215332,36.06999969482422,36.0099983215332,36.060001373291016,60546,0.0,0.0
2025-08-13 13:00:00+05:30,36.060001373291016,36.09000015258789,36.029998779296875,36.04999923706055,66677,0.0,0.0
2025-08-13 13:15:00+05:30,36.06999969482422,36.06999969482422,36.0099983215332,36.0099983215332,33296,0.0,0.0
2025-08-13 13:30:00+05:30,36.0099983215332,36.06999969482422,36.0099983215332,36.060001373291016,21966,0.0,0.0
2025-08-13 13:45:00+05:30,36.060001373291016,36.06999969482422,36.040000915527344,36.060001373291016,17001,0.0,0.0
2025-08-13 14:00:00+05:30,36.060001373291016,36.06999969482422,36.040000915527344,36.06999969482422,28951,0.0,0.0
2025-08-13 14:15:00+05:30,36.06999969482422,36.06999969482422,36.040000915527344,36.04999923706055,51938,0.0,0.0
2025-08-13 14:30:00+05:30,36.04999923706055,36.09000015258789,36.040000915527344,36.08000183105469,66346,0.0,0.0
2025-08-13 14:45:00+05:30,36.08000183105469,36.08000183105469,36.0,36.04999923706055,109324,0.0,0.0
2025-08-13 15:00:00+05:30,36.04999923706055,36.060001373291016,35.90999984741211,36.0099983215332,307613,0.0,0.0
2025-08-13 15:15:00+05:30,36.0,36.0,35.90999984741211,35.97999954223633,220713,0.0,0.0
2025-08-14 09:15:00+05:30,36.09000015258789,36.18000030517578,35.88999938964844,35.95000076293945,92980,0.0,0.0
2025-08-14 09:30:00+05:30,35.959999084472656,35.959999084472656,35.86000061035156,35.959999084472656,211983,0.0,0.0
2025-08-14 09:45:00+05:30,35.970001220703125,36.040000915527344,35.959999084472656,35.97999954223633,173582,0.0,0.0
2025-08-14 10:00:00+05:30,35.9900016784668,36.029998779296875,35.95000076293945,36.02000045776367,72776,0.0,0.0
2025-08-14 10:15:00+05:30,36.029998779296875,36.119998931884766,36.0099983215332,36.09000015258789,108426,0.0,0.0
2025-08-14 10:30:00+05:30,36.099998474121094,36.099998474121094,36.02000045776367,36.060001373291016,63444,0.0,0.0
2025-08-14 10:45:00+05:30,36.02000045776367,36.060001373291016,36.02000045776367,36.029998779296875,20393,0.0,0.0
2025-08-14 11:00:00+05:30,36.029998779296875,36.11000061035156,36.0099983215332,36.099998474121094,97273,0.0,0.0
2025-08-14 11:15:00+05:30,36.099998474121094,36.11000061035156,36.04999923706055,36.04999923706055,46406,0.0,0.0
2025-08-14 11:30:00+05:30,36.04999923706055,36.099998474121094,36.040000915527344,36.04999923706055,46457,0.0,0.0
2025-08-14 11:45:00+05:30,36.040000915527344,36.06999969482422,36.0099983215332,36.060001373291016,46559,0.0,0.0
2025-08-14 12:00:00+05:30,36.06999969482422,36.06999969482422,36.02000045776367,36.02000045776367,24865,0.0,0.0
2025-08-14 12:15:00+05:30,36.0099983215332,36.08000183105469,36.0099983215332,36.02000045776367,62704,0.0,0.0
2025-08-14 12:30:00+05:30,36.04999923706055,36.06999969482422,36.0099983215332,36.040000915527344,26078,0.0,0.0
2025-08-14 12:45:00+05:30,36.040000915527344,36.04999923706055,36.0099983215332,36.029998779296875,36684,0.0,0.0
2025-08-14 13:00:00+05:30,36.029998779296875,36.029998779296875,35.95000076293945,36.02000045776367,52349,0.0,0.0
2025-08-14 13:15:00+05:30,36.02000045776367,36.02000045776367,35.95000076293945,35.95000076293945,24071,0.0,0.0
2025-08-14 13:30:00+05:30,35.970001220703125,36.08000183105469,35.95000076293945,36.04999923706055,93215,0.0,0.0
2025-08-14 13:45:00+05:30,36.04999923706055,36.04999923706055,36.0,36.0,31972,0.0,0.0
2025-08-14 14:00:00+05:30,36.0,36.0099983215332,35.97999954223633,35.9900016784668,39517,0.0,0.0
2025-08-14 14:15:00+05:30,35.9900016784668,35.9900016784668,35.959999084472656,35.970001220703125,20879,0.0,0.0
2025-08-14 14:30:00+05:30,35.970001220703125,35.97999954223633,35.939998626708984,35.970001220703125,58239,0.0,0.0
2025-08-14 14:45:00+05:30,35.970001220703125,36.0,35.970001220703125,35.9900016784668,60172,0.0,0.0
2025-08-14 15:00:00+05:30,36.0,36.099998474121094,35.9900016784668,36.09000015258789,235135,0.0,0.0
2025-08-14 15:15:00+05:30,36.09000015258789,36.20000076293945,36.09000015258789,36.11000061035156,212940,0.0,0.0
2025-08-18 09:15:00+05:30,36.68000030517578,36.790000915527344,36.5099983215332,36.54999923706055,212756,0.0,0.0
2025-08-18 09:30:00+05:30,36.54999923706055,36.65999984741211,36.5099983215332,36.63999938964844,228300,0.0,0.0
2025-08-18 09:45:00+05:30,36.63999938964844,36.720001220703125,36.599998474121094,36.720001220703125,212632,0.0,0.0
2025-08-18 10:00:00+05:30,36.72999954223633,36.84000015258789,36.709999084472656,36.81999969482422,271056,0.0,0.0
2025-08-18 10:15:00+05:30,36.81999969482422,36.86000061035156,36.77000045776367,36.810001373291016,156884,0.0,0.0
2025-08-18 10:30:00+05:30,36.81999969482422,36.81999969482422,36.7400016784668,36.790000915527344,105589,0.0,0.0
2025-08-18 10:45:00+05:30,36.790000915527344,36.79999923706055,36.72999954223633,36.7400016784668,80818,0.0,0.0
2025-08-18 11:00:00+05:30,36.7400016784668,36.790000915527344,36.720001220703125,36.72999954223633,114871,0.0,0.0
2025-08-18 11:15:00+05:30,36.7599983215332,36.779998779296875,36.70000076293945,36.779998779296875,105251,0.0,0.0
2025-08-18 11:30:00+05:30,36.7400016784668,36.75,36.689998626708984,36.7400016784668,96758,0.0,0.0
2025-08-18 11:45:00+05:30,36.7400016784668,36.779998779296875,36.70000076293945,36.70000076293945,48562,0.0,0.0
2025-08-18 12:00:00+05:30,36.70000076293945,36.75,36.650001525878906,36.66999816894531,155970,0.0,0.0
2025-08-18 12:15:00+05:30,36.66999816894531,36.720001220703125,36.630001068115234,36.66999816894531,257917,0.0,0.0
2025-08-18 12:30:00+05:30,36.66999816894531,36.689998626708984,36.630001068115234,36.630001068115234,41812,0.0,0.0
2025-08-18 12:45:00+05:30,36.630001068115234,36.66999816894531,36.599998474121094,36.63999938964844,84459,0.0,0.0
2025-08-18 13:00:00+05:30,36.65999984741211,36.66999816894531,36.630001068115234,36.630001068115234,17261,0.0,0.0
2025-08-18 13:15:00+05:30,36.63999938964844,36.65999984741211,36.61000061035156,36.61000061035156,48249,0.0,0.0
2025-08-18 13:30:00+05:30,36.63999938964844,36.63999938964844,36.599998474121094,36.599998474121094,34105,0.0,0.0
2025-08-18 13:45:00+05:30,36.599998474121094,36.61000061035156,36.54999923706055,36.560001373291016,30837,0.0,0.0
2025-08-18 14:00:00+05:30,36.560001373291016,36.66999816894531,36.560001373291016,36.650001525878906,93249,0.0,0.0
2025-08-18 14:15:00+05:30,36.63999938964844,36.689998626708984,36.619998931884766,36.689998626708984,64075,0.0,0.0
2025-08-18 14:30:00+05:30,36.689998626708984,36.7400016784668,36.650001525878906,36.650001525878906,95293,0.0,0.0
2025-08-18 14:45:00+05:30,36.650001525878906,36.72999954223633,36.619998931884766,36.70000076293945,157419,0.0,0.0
2025-08-18 15:00:00+05:30,36.720001220703125,36.75,36.650001525878906,36.650001525878906,169974,0.0,0.0
2025-08-18 15:15:00+05:30,36.650001525878906,36.68000030517578,36.54999923706055,36.63999938964844,355320,0.0,0.0
2025-08-19 09:15:00+05:30,36.5,36.560001373291016,36.400001525878906,36.459999084472656,187014,0.0,0.0
2025-08-19 09:30:00+05:30,36.459999084472656,36.459999084472656,36.349998474121094,36.400001525878906,134179,0.0,0.0
2025-08-19 09:45:00+05:30,36.380001068115234,36.45000076293945,36.349998474121094,36.439998626708984,198749,0.0,0.0
2025-08-19 10:00:00+05:30,36.45000076293945,36.560001373291016,36.43000030517578,36.540000915527344,123341,0.0,0.0
2025-08-19 10:15:00+05:30,36.529998779296875,36.7599983215332,36.529998779296875,36.7400016784668,366030,0.0,0.0
2025-08-19 10:30:00+05:30,36.709999084472656,36.77000045776367,36.56999969482422,36.61000061035156,208783,0.0,0.0
2025-08-19 10:45:00+05:30,36.61000061035156,36.65999984741211,36.599998474121094,36.630001068115234,81664,0.0,0.0
2025-08-19 11:00:00+05:30,36.630001068115234,36.63999938964844,36.560001373291016,36.619998931884766,102446,0.0,0.0
2025-08-19 11:15:00+05:30,36.61000061035156,36.75,36.61000061035156,36.75,124056,0.0,0.0
2025-08-19 11:30:00+05:30,36.75,36.810001373291016,36.619998931884766,36.66999816894531,271705,0.0,0.0
2025-08-19 11:45:00+05:30,36.68000030517578,36.689998626708984,36.650001525878906,36.65999984741211,156874,0.0,0.0
2025-08-19 12:00:00+05:30,36.65999984741211,36.68000030517578,36.619998931884766,36.630001068115234,130616,0.0,0.0
2025-08-19 12:15:00+05:30,36.630001068115234,36.650001525878906,36.52000045776367,36.56999969482422,265991,0.0,0.0
2025-08-19 12:30:00+05:30,36.56999969482422,36.619998931884766,36.5099983215332,36.560001373291016,169563,0.0,0.0
2025-08-19 12:45:00+05:30,36.560001373291016,36.619998931884766,36.560001373291016,36.61000061035156,118433,0.0,0.0
2025-08-19 13:00:00+05:30,36.61000061035156,36.70000076293945,36.61000061035156,36.66999816894531,187334,0.0,0.0
2025-08-19 13:15:00+05:30,36.66999816894531,36.689998626708984,36.65999984741211,36.65999984741211,100656,0.0,0.0
2025-08-19 13:30:00+05:30,36.65999984741211,36.68000030517578,36.599998474121094,36.630001068115234,123316,0.0,0.0
2025-08-19 13:45:00+05:30,36.63999938964844,36.68000030517578,36.61000061035156,36.61000061035156,51494,0.0,0.0
2025-08-19 14:00:00+05:30,36.619998931884766,36.650001525878906,36.599998474121094,36.619998931884766,112790,0.0,0.0
2025-08-19 14:15:00+05:30,36.619998931884766,36.709999084472656,36.619998931884766,36.65999984741211,302247,0.0,0.0
2025-08-19 14:30:00+05:30,36.65999984741211,36.689998626708984,36.619998931884766,36.68000030517578,130487,0.0,0.0
2025-08-19 14:45:00+05:30,36.68000030517578,36.72999954223633,36.65999984741211,36.65999984741211,379927,0.0,0.0
2025-08-19 15:00:00+05:30,36.65999984741211,36.7400016784668,36.650001525878906,36.65999984741211,733816,0.0,0.0
2025-08-19 15:15:00+05:30,36.66999816894531,36.70000076293945,36.560001373291016,36.66999816894531,1463620,0.0,0.0
2025-08-20 09:15:00+05:30,36.689998626708984,36.97999954223633,36.65999984741211,36.65999984741211,821612,0.0,0.0
2025-08-20 09:30:00+05:30,36.65999984741211,36.709999084472656,36.650001525878906,36.709999084472656,213925,0.0,0.0
2025-08-20 09:45:00+05:30,36.709999084472656,36.790000915527344,36.68000030517578,36.720001220703125,123641,0.0,0.0
2025-08-20 10:00:00+05:30,36.720001220703125,36.79999923706055,36.689998626708984,36.79999923706055,132570,0.0,0.0
2025-08-20 10:15:00+05:30,36.79999923706055,36.88999938964844,36.79999923706055,36.849998474121094,145551,0.0,0.0
2025-08-20 10:30:00+05:30,36.849998474121094,36.86000061035156,36.70000076293945,36.720001220703125,197873,0.0,0.0
2025-08-20 10:45:00+05:30,36.7400016784668,36.75,36.66999816894531,36.66999816894531,167554,0.0,0.0
2025-08-20 11:00:00+05:30,36.68000030517578,36.70000076293945,36.66999816894531,36.68000030517578,53003,0.0,0.0
2025-08-20 11:15:00+05:30,36.689998626708984,36.720001220703125,36.63999938964844,36.650001525878906,172235,0.0,0.0
2025-08-20 11:30:00+05:30,36.650001525878906,36.689998626708984,36.54999923706055,36.59000015258789,165452,0.0,0.0
2025-08-20 11:45:00+05:30,36.59000015258789,36.619998931884766,36.560001373291016,36.58000183105469,62075,0.0,0.0
2025-08-20 12:00:00+05:30,36.58000183105469,36.630001068115234,36.56999969482422,36.619998931884766,71506,0.0,0.0
2025-08-20 12:15:00+05:30,36.619998931884766,36.630001068115234,36.599998474121094,36.61000061035156,42199,0.0,0.0
2025-08-20 12:30:00+05:30,36.61000061035156,36.63999938964844,36.58000183105469,36.619998931884766,58692,0.0,0.0
2025-08-20 12:45:00+05:30,36.59000015258789,36.63999938964844,36.58000183105469,36.619998931884766,66178,0.0,0.0
2025-08-20 13:00:00+05:30,36.630001068115234,36.650001525878906,36.61000061035156,36.63999938964844,99318,0.0,0.0
2025-08-20 13:15:00+05:30,36.63999938964844,36.650001525878906,36.619998931884766,36.630001068115234,51740,0.0,0.0
2025-08-20 13:30:00+05:30,36.630001068115234,36.66999816894531,36.619998931884766,36.630001068115234,77042,0.0,0.0
2025-08-20 13:45:00+05:30,36.619998931884766,36.63999938964844,36.619998931884766,36.63999938964844,17118,0.0,0.0
2025-08-20 14:00:00+05:30,36.63999938964844,36.70000076293945,36.63999938964844,36.65999984741211,59956,0.0,0.0
2025-08-20 14:15:00+05:30,36.65999984741211,36.68000030517578,36.630001068115234,36.66999816894531,136708,0.0,0.0
2025-08-20 14:30:00+05:30,36.65999984741211,36.68000030517578,36.599998474121094,36.599998474121094,128411,0.0,0.0
2025-08-20 14:45:00+05:30,36.599998474121094,36.63999938964844,36.59000015258789,36.61000061035156,140556,0.0,0.0
2025-08-20 15:00:00+05:30,36.61000061035156,36.630001068115234,36.59000015258789,36.59000015258789,292014,0.0,0.0
2025-08-20 15:15:00+05:30,36.59000015258789,36.599998474121094,36.5099983215332,36.58000183105469,801727,0.0,0.0
2025-08-21 09:15:00+05:30,36.630001068115234,36.779998779296875,36.540000915527344,36.54999923706055,180674,0.0,0.0
2025-08-21 09:30:00+05:30,36.56999969482422,36.599998474121094,36.540000915527344,36.56999969482422,144891,0.0,0.0
2025-08-21 09:45:00+05:30,36.56999969482422,36.650001525878906,36.540000915527344,36.61000061035156,86037,0.0,0.0
2025-08-21 10:00:00+05:30,36.63999938964844,36.650001525878906,36.61000061035156,36.63999938964844,39203,0.0,0.0
2025-08-21 10:15:00+05:30,36.63999938964844,36.689998626708984,36.619998931884766,36.68000030517578,100126,0.0,0.0
2025-08-21 10:30:00+05:30,36.68000030517578,36.81999969482422,36.619998931884766,36.619998931884766,461634,0.0,0.0
2025-08-21 10:45:00+05:30,36.630001068115234,36.70000076293945,36.599998474121094,36.66999816894531,162618,0.0,0.0
2025-08-21 11:00:00+05:30,36.66999816894531,36.79999923706055,36.66999816894531,36.709999084472656,209632,0.0,0.0
2025-08-21 11:15:00+05:30,36.720001220703125,36.790000915527344,36.65999984741211,36.68000030517578,185669,0.0,0.0
2025-08-21 11:30:00+05:30,36.65999984741211,36.66999816894531,36.61000061035156,36.650001525878906,99917,0.0,0.0
2025-08-21 11:45:00+05:30,36.650001525878906,36.65999984741211,36.619998931884766,36.619998931884766,71014,0.0,0.0
2025-08-21 12:00:00+05:30,36.630001068115234,36.65999984741211,36.61000061035156,36.61000061035156,37255,0.0,0.0
2025-08-21 12:15:00+05:30,36.61000061035156,36.630001068115234,36.540000915527344,36.54999923706055,93528,0.0,0.0
2025-08-21 12:30:00+05:30,36.54999923706055,36.58000183105469,36.540000915527344,36.560001373291016,65873,0.0,0.0
2025-08-21 12:45:00+05:30,36.560001373291016,36.599998474121094,36.560001373291016,36.560001373291016,20370,0.0,0.0
2025-08-21 13:00:00+05:30,36.560001373291016,36.599998474121094,36.560001373291016,36.58000183105469,45213,0.0,0.0
2025-08-21 13:15:00+05:30,36.59000015258789,36.599998474121094,36.529998779296875,36.540000915527344,68889,0.0,0.0
2025-08-21 13:30:00+05:30,36.54999923706055,36.54999923706055,36.52000045776367,36.540000915527344,25941,0.0,0.0
2025-08-21 13:45:00+05:30,36.529998779296875,36.56999969482422,36.529998779296875,36.540000915527344,50873,0.0,0.0
2025-08-21 14:00:00+05:30,36.54999923706055,36.56999969482422,36.529998779296875,36.54999923706055,32228,0.0,0.0
2025-08-21 14:15:00+05:30,36.54999923706055,36.56999969482422,36.52000045776367,36.529998779296875,45977,0.0,0.0
2025-08-21 14:30:00+05:30,36.54999923706055,36.58000183105469,36.5099983215332,36.52000045776367,97140,0.0,0.0
2025-08-21 14:45:00+05:30,36.52000045776367,36.54999923706055,36.400001525878906,36.400001525878906,191887,0.0,0.0
2025-08-21 15:00:00+05:30,36.400001525878906,36.439998626708984,36.31999969482422,36.34000015258789,394246,0.0,0.0
2025-08-21 15:15:00+05:30,36.36000061035156,36.380001068115234,36.310001373291016,36.369998931884766,316182,0.0,0.0
2025-08-22 09:15:00+05:30,36.29999923706055,36.439998626708984,36.25,36.25,182291,0.0,0.0
2025-08-22 09:30:00+05:30,36.27000045776367,36.29999923706055,36.18000030517578,36.290000915527344,260632,0.0,0.0
2025-08-22 09:45:00+05:30,36.290000915527344,36.45000076293945,36.290000915527344,36.380001068115234,218836,0.0,0.0
2025-08-22 10:00:00+05:30,36.36000061035156,36.369998931884766,36.27000045776367,36.349998474121094,117313,0.0,0.0
2025-08-22 10:15:00+05:30,36.349998474121094,36.349998474121094,36.279998779296875,36.34000015258789,45064,0.0,0.0
2025-08-22 10:30:00+05:30,36.34000015258789,36.34000015258789,36.27000045776367,36.27000045776367,73113,0.0,0.0
2025-08-22 10:45:00+05:30,36.27000045776367,36.290000915527344,36.209999084472656,36.220001220703125,135695,0.0,0.0
2025-08-22 11:00:00+05:30,36.220001220703125,36.25,36.150001525878906,36.2400016784668,96114,0.0,0.0
2025-08-22 11:15:00+05:30,36.22999954223633,36.22999954223633,35.970001220703125,36.0,434080,0.0,0.0
2025-08-22 11:30:00+05:30,36.0,36.0099983215332,35.9900016784668,36.0,215456,0.0,0.0
2025-08-22 11:45:00+05:30,36.0,36.0,35.9900016784668,35.9900016784668,198494,0.0,0.0
2025-08-22 12:00:00+05:30,36.0,36.0,35.959999084472656,35.970001220703125,89926,0.0,0.0
2025-08-22 12:15:00+05:30,35.959999084472656,35.97999954223633,35.869998931884766,35.900001525878906,172039,0.0,0.0
2025-08-22 12:30:00+05:30,35.900001525878906,35.900001525878906,35.790000915527344,35.79999923706055,397268,0.0,0.0
2025-08-22 12:45:00+05:30,35.79999923706055,35.88999938964844,35.7400016784668,35.84000015258789,525578,0.0,0.0
2025-08-22 13:00:00+05:30,35.84000015258789,35.88999938964844,35.77000045776367,35.869998931884766,292750,0.0,0.0
2025-08-22 13:15:00+05:30,35.869998931884766,35.91999816894531,35.83000183105469,35.869998931884766,78707,0.0,0.0
2025-08-22 13:30:00+05:30,35.869998931884766,35.939998626708984,35.849998474121094,35.93000030517578,55290,0.0,0.0
2025-08-22 13:45:00+05:30,35.93000030517578,35.959999084472656,35.91999816894531,35.939998626708984,52327,0.0,0.0
2025-08-22 14:00:00+05:30,35.939998626708984,35.95000076293945,35.900001525878906,35.93000030517578,63224,0.0,0.0
2025-08-22 14:15:00+05:30,35.939998626708984,35.97999954223633,35.90999984741211,35.939998626708984,188256,0.0,0.0
2025-08-22 14:30:00+05:30,35.93000030517578,35.939998626708984,35.84000015258789,35.880001068115234,92598,0.0,0.0
2025-08-22 14:45:00+05:30,35.880001068115234,35.900001525878906,35.83000183105469,35.86000061035156,135931,0.0,0.0
2025-08-22 15:00:00+05:30,35.869998931884766,35.869998931884766,35.79999923706055,35.810001373291016,207397,0.0,0.0
2025-08-22 15:15:00+05:30,35.810001373291016,35.88999938964844,35.77000045776367,35.88999938964844,314077,0.0,0.0
2025-08-25 09:15:00+05:30,35.970001220703125,36.060001373291016,35.7400016784668,35.779998779296875,216959,0.0,0.0
2025-08-25 09:30:00+05:30,35.779998779296875,35.880001068115234,35.709999084472656,35.790000915527344,236376,0.0,0.0
2025-08-25 09:45:00+05:30,35.77000045776367,35.84000015258789,35.77000045776367,35.79999923706055,104967,0.0,0.0
2025-08-25 10:00:00+05:30,35.79999923706055,35.849998474121094,35.779998779296875,35.810001373291016,46535,0.0,0.0
2025-08-25 10:15:00+05:30,35.810001373291016,35.810001373291016,35.720001220703125,35.77000045776367,127868,0.0,0.0
2025-08-25 10:30:00+05:30,35.77000045776367,35.849998474121094,35.75,35.83000183105469,156155,0.0,0.0
2025-08-25 10:45:00+05:30,35.83000183105469,35.849998474121094,35.79999923706055,35.79999923706055,47301,0.0,0.0
2025-08-25 11:00:00+05:30,35.810001373291016,35.84000015258789,35.79999923706055,35.810001373291016,52707,0.0,0.0
2025-08-25 11:15:00+05:30,35.81999969482422,35.84000015258789,35.810001373291016,35.83000183105469,23895,0.0,0.0
2025-08-25 11:30:00+05:30,35.83000183105469,35.83000183105469,35.7599983215332,35.779998779296875,94445,0.0,0.0
2025-08-25 11:45:00+05:30,35.779998779296875,35.79999923706055,35.720001220703125,35.79999923706055,140346,0.0,0.0
2025-08-25 12:00:00+05:30,35.79999923706055,35.79999923706055,35.75,35.77000045776367,43115,0.0,0.0
2025-08-25 12:15:00+05:30,35.77000045776367,35.79999923706055,35.75,35.779998779296875,55652,0.0,0.0
2025-08-25 12:30:00+05:30,35.779998779296875,35.779998779296875,35.75,35.779998779296875,16872,0.0,0.0
2025-08-25 12:45:00+05:30,35.779998779296875,35.79999923706055,35.75,35.77000045776367,14883,0.0,0.0
2025-08-25 13:00:00+05:30,35.790000915527344,35.79999923706055,35.77000045776367,35.79999923706055,31153,0.0,0.0
2025-08-25 13:15:00+05:30,35.79999923706055,35.79999923706055,35.77000045776367,35.79999923706055,32924,0.0,0.0
2025-08-25 13:30:00+05:30,35.79999923706055,35.83000183105469,35.7400016784668,35.77000045776367,108353,0.0,0.0
2025-08-25 13:45:00+05:30,35.77000045776367,35.79999923706055,35.720001220703125,35.779998779296875,39905,0.0,0.0
2025-08-25 14:00:00+05:30,35.79999923706055,35.810001373291016,35.7599983215332,35.790000915527344,44456,0.0,0.0
2025-08-25 14:15:00+05:30,35.79999923706055,35.79999923706055,35.720001220703125,35.720001220703125,84732,0.0,0.0
2025-08-25 14:30:00+05:30,35.7400016784668,35.7400016784668,35.599998474121094,35.61000061035156,264890,0.0,0.0
2025-08-25 14:45:00+05:30,35.61000061035156,35.65999984741211,35.599998474121094,35.630001068115234,76423,0.0,0.0
2025-08-25 15:00:00+05:30,35.630001068115234,35.650001525878906,35.56999969482422,35.58000183105469,467323,0.0,0.0
2025-08-25 15:15:00+05:30,35.58000183105469,35.650001525878906,35.540000915527344,35.599998474121094,346571,0.0,0.0
2025-08-26 09:15:00+05:30,35.61000061035156,35.81999969482422,35.40999984741211,35.45000076293945,842080,0.0,0.0
2025-08-26 09:30:00+05:30,35.459999084472656,35.459999084472656,35.189998626708984,35.220001220703125,401522,0.0,0.0
2025-08-26 09:45:00+05:30,35.209999084472656,35.54999923706055,35.20000076293945,35.52000045776367,287948,0.0,0.0
2025-08-26 10:00:00+05:30,35.540000915527344,35.560001373291016,35.43000030517578,35.54999923706055,145691,0.0,0.0
2025-08-26 10:15:00+05:30,35.54999923706055,35.54999923706055,35.459999084472656,35.54999923706055,81949,0.0,0.0
2025-08-26 10:30:00+05:30,35.54999923706055,35.560001373291016,35.36000061035156,35.369998931884766,147606,0.0,0.0
2025-08-26 10:45:00+05:30,35.36000061035156,35.380001068115234,35.209999084472656,35.27000045776367,480301,0.0,0.0
2025-08-26 11:00:00+05:30,35.290000915527344,35.349998474121094,35.25,35.31999969482422,183836,0.0,0.0
2025-08-26 11:15:00+05:30,35.31999969482422,35.369998931884766,35.18000030517578,35.279998779296875,492983,0.0,0.0
2025-08-26 11:30:00+05:30,35.279998779296875,35.279998779296875,35.04999923706055,35.13999938964844,1027431,0.0,0.0
2025-08-26 11:45:00+05:30,35.13999938964844,35.2400016784668,35.130001068115234,35.220001220703125,185887,0.0,0.0
2025-08-26 12:00:00+05:30,35.22999954223633,35.25,35.20000076293945,35.220001220703125,59167,0.0,0.0
2025-08-26 12:15:00+05:30,35.2400016784668,35.25,35.220001220703125,35.2400016784668,31623,0.0,0.0
2025-08-26 12:30:00+05:30,35.22999954223633,35.2400016784668,35.18000030517578,35.209999084472656,49260,0.0,0.0
2025-08-26 12:45:00+05:30,35.20000076293945,35.22999954223633,35.13999938964844,35.15999984741211,61325,0.0,0.0
2025-08-26 13:00:00+05:30,35.15999984741211,35.18000030517578,35.13999938964844,35.18000030517578,49165,0.0,0.0
2025-08-26 13:15:00+05:30,35.18000030517578,35.189998626708984,35.150001525878906,35.189998626708984,30332,0.0,0.0
2025-08-26 13:30:00+05:30,35.189998626708984,35.220001220703125,35.16999816894531,35.209999084472656,87510,0.0,0.0
2025-08-26 13:45:00+05:30,35.209999084472656,35.22999954223633,34.970001220703125,35.0,412494,0.0,0.0
2025-08-26 14:00:00+05:30,35.0,35.02000045776367,34.959999084472656,34.970001220703125,401423,0.0,0.0
2025-08-26 14:15:00+05:30,34.959999084472656,35.0,34.880001068115234,34.93000030517578,201927,0.0,0.0
2025-08-26 14:30:00+05:30,34.93000030517578,34.9900016784668,34.900001525878906,34.9900016784668,125913,0.0,0.0
2025-08-26 14:45:00+05:30,34.9900016784668,34.9900016784668,34.88999938964844,34.91999816894531,239182,0.0,0.0
2025-08-26 15:00:00+05:30,34.939998626708984,34.97999954223633,34.90999984741211,34.91999816894531,272226,0.0,0.0
2025-08-26 15:15:00+05:30,34.900001525878906,34.91999816894531,34.77000045776367,34.869998931884766,951813,0.0,0.0
2025-08-28 09:15:00+05:30,34.79999923706055,34.84000015258789,34.40999984741211,34.439998626708984,370878,0.0,0.0
2025-08-28 09:30:00+05:30,34.439998626708984,34.56999969482422,34.2599983215332,34.56999969482422,626479,0.0,0.0
2025-08-28 09:45:00+05:30,34.58000183105469,34.709999084472656,34.5,34.650001525878906,239069,0.0,0.0
2025-08-28 10:00:00+05:30,34.70000076293945,34.720001220703125,34.619998931884766,34.66999816894531,200352,0.0,0.0
2025-08-28 10:15:00+05:30,34.66999816894531,34.709999084472656,34.619998931884766,34.66999816894531,51067,0.0,0.0
2025-08-28 10:30:00+05:30,34.66999816894531,34.75,34.650001525878906,34.75,106583,0.0,0.0
2025-08-28 10:45:00+05:30,34.75,34.790000915527344,34.709999084472656,34.779998779296875,83298,0.0,0.0
2025-08-28 11:00:00+05:30,34.779998779296875,34.849998474121094,34.77000045776367,34.849998474121094,110326,0.0,0.0
2025-08-28 11:15:00+05:30,34.86000061035156,34.880001068115234,34.81999969482422,34.849998474121094,91607,0.0,0.0
2025-08-28 11:30:00+05:30,34.849998474121094,34.90999984741211,34.79999923706055,34.90999984741211,112809,0.0,0.0
2025-08-28 11:45:00+05:30,34.93000030517578,34.93000030517578,34.83000183105469,34.849998474121094,64217,0.0,0.0
2025-08-28 12:00:00+05:30,34.86000061035156,34.900001525878906,34.849998474121094,34.86000061035156,75220,0.0,0.0
2025-08-28 12:15:00+05:30,34.86000061035156,34.86000061035156,34.79999923706055,34.849998474121094,50535,0.0,0.0
2025-08-28 12:30:00+05:30,34.84000015258789,34.86000061035156,34.83000183105469,34.86000061035156,47250,0.0,0.0
2025-08-28 12:45:00+05:30,34.849998474121094,34.86000061035156,34.81999969482422,34.849998474121094,45793,0.0,0.0
2025-08-28 13:00:00+05:30,34.849998474121094,34.849998474121094,34.54999923706055,34.61000061035156,479147,0.0,0.0
2025-08-28 13:15:00+05:30,34.599998474121094,34.66999816894531,34.599998474121094,34.619998931884766,67467,0.0,0.0
2025-08-28 13:30:00+05:30,34.630001068115234,34.630001068115234,34.54999923706055,34.61000061035156,107038,0.0,0.0
2025-08-28 13:45:00+05:30,34.61000061035156,34.630001068115234,34.52000045776367,34.54999923706055,87016,0.0,0.0
2025-08-28 14:00:00+05:30,34.56999969482422,34.630001068115234,34.54999923706055,34.599998474121094,42332,0.0,0.0
2025-08-28 14:15:00+05:30,34.619998931884766,34.65999984741211,34.599998474121094,34.630001068115234,40052,0.0,0.0
2025-08-28 14:30:00+05:30,34.619998931884766,34.66999816894531,34.560001373291016,34.599998474121094,47193,0.0,0.0
2025-08-28 14:45:00+05:30,34.599998474121094,34.630001068115234,34.5,34.529998779296875,151699,0.0,0.0
2025-08-28 15:00:00+05:30,34.54999923706055,34.560001373291016,34.47999954223633,34.5099983215332,188113,0.0,0.0
2025-08-28 15:15:00+05:30,34.52000045776367,34.54999923706055,34.439998626708984,34.529998779296875,378489,0.0,0.0
2025-08-29 09:15:00+05:30,34.619998931884766,34.66999816894531,34.40999984741211,34.40999984741211,185782,0.0,0.0
2025-08-29 09:30:00+05:30,34.40999984741211,34.45000076293945,34.290000915527344,34.380001068115234,317886,0.0,0.0
2025-08-29 09:45:00+05:30,34.380001068115234,34.400001525878906,34.310001373291016,34.349998474121094,94142,0.0,0.0
2025-08-29 10:00:00+05:30,34.349998474121094,34.400001525878906,34.31999969482422,34.400001525878906,102841,0.0,0.0
2025-08-29 10:15:00+05:30,34.36000061035156,34.650001525878906,34.36000061035156,34.630001068115234,210042,0.0,0.0
2025-08-29 10:30:00+05:30,34.61000061035156,34.72999954223633,34.599998474121094,34.68000030517578,279152,0.0,0.0
2025-08-29 10:45:00+05:30,34.650001525878906,34.68000030517578,34.599998474121094,34.61000061035156,101105,0.0,0.0
2025-08-29 11:00:00+05:30,34.630001068115234,34.709999084472656,34.599998474121094,34.65999984741211,119777,0.0,0.0
2025-08-29 11:15:00+05:30,34.65999984741211,34.869998931884766,34.65999984741211,34.81999969482422,333029,0.0,0.0
2025-08-29 11:30:00+05:30,34.84000015258789,34.84000015258789,34.779998779296875,34.79999923706055,77737,0.0,0.0
2025-08-29 11:45:00+05:30,34.79999923706055,34.849998474121094,34.77000045776367,34.790000915527344,61968,0.0,0.0
2025-08-29 12:00:00+05:30,34.779998779296875,34.790000915527344,34.70000076293945,34.72999954223633,57754,0.0,0.0
2025-08-29 12:15:00+05:30,34.72999954223633,34.75,34.599998474121094,34.630001068115234,146668,0.0,0.0
2025-08-29 12:30:00+05:30,34.630001068115234,34.630001068115234,34.54999923706055,34.56999969482422,184807,0.0,0.0
2025-08-29 12:45:00+05:30,34.560001373291016,34.58000183105469,34.52000045776367,34.52000045776367,67249,0.0,0.0
2025-08-29 13:00:00+05:30,34.52000045776367,34.529998779296875,34.459999084472656,34.459999084472656,105963,0.0,0.0
2025-08-29 13:15:00+05:30,34.47999954223633,34.540000915527344,34.459999084472656,34.459999084472656,45115,0.0,0.0
2025-08-29 13:30:00+05:30,34.4900016784668,34.4900016784668,34.459999084472656,34.47999954223633,59098,0.0,0.0
2025-08-29 13:45:00+05:30,34.4900016784668,34.4900016784668,34.400001525878906,34.400001525878906,74905,0.0,0.0
2025-08-29 14:00:00+05:30,34.43000030517578,34.470001220703125,34.400001525878906,34.43000030517578,46574,0.0,0.0
2025-08-29 14:15:00+05:30,34.45000076293945,34.470001220703125,34.400001525878906,34.45000076293945,93986,0.0,0.0
2025-08-29 14:30:00+05:30,34.43000030517578,34.470001220703125,34.349998474121094,34.380001068115234,64785,0.0,0.0
2025-08-29 14:45:00+05:30,34.38999938964844,34.43000030517578,34.36000061035156,34.369998931884766,114329,0.0,0.0
2025-08-29 15:00:00+05:30,34.400001525878906,34.529998779296875,34.36000061035156,34.439998626708984,333722,0.0,0.0
2025-08-29 15:15:00+05:30,34.439998626708984,34.849998474121094,34.400001525878906,34.849998474121094,375817,0.0,0.0
2025-09-01 09:15:00+05:30,34.709999084472656,34.779998779296875,34.54999923706055,34.59000015258789,111516,0.0,0.0
2025-09-01 09:30:00+05:30,34.560001373291016,34.7599983215332,34.529998779296875,34.7400016784668,253319,0.0,0.0
2025-09-01 09:45:00+05:30,34.7400016784668,34.79999923706055,34.70000076293945,34.790000915527344,186116,0.0,0.0
2025-09-01 10:00:00+05:30,34.7599983215332,34.779998779296875,34.59000015258789,34.650001525878906,251575,0.0,0.0
2025-09-01 10:15:00+05:30,34.630001068115234,34.66999816894531,34.58000183105469,34.619998931884766,73739,0.0,0.0
2025-09-01 10:30:00+05:30,34.650001525878906,34.650001525878906,34.58000183105469,34.630001068115234,56392,0.0,0.0
2025-09-01 10:45:00+05:30,34.63999938964844,34.650001525878906,34.56999969482422,34.56999969482422,38045,0.0,0.0
2025-09-01 11:00:00+05:30,34.56999969482422,34.630001068115234,34.56999969482422,34.58000183105469,49594,0.0,0.0
2025-09-01 11:15:00+05:30,34.58000183105469,34.630001068115234,34.560001373291016,34.619998931884766,99412,0.0,0.0
2025-09-01 11:30:00+05:30,34.619998931884766,34.650001525878906,34.599998474121094,34.630001068115234,71609,0.0,0.0
2025-09-01 11:45:00+05:30,34.630001068115234,34.650001525878906,34.599998474121094,34.630001068115234,26821,0.0,0.0
2025-09-01 12:00:00+05:30,34.630001068115234,34.70000076293945,34.630001068115234,34.68000030517578,43806,0.0,0.0
2025-09-01 12:15:00+05:30,34.689998626708984,34.7400016784668,34.68000030517578,34.70000076293945,48491,0.0,0.0
2025-09-01 12:30:00+05:30,34.70000076293945,34.75,34.68000030517578,34.75,58172,0.0,0.0
2025-09-01 12:45:00+05:30,34.75,34.810001373291016,34.75,34.7599983215332,99773,0.0,0.0
2025-09-01 13:00:00+05:30,34.790000915527344,34.849998474121094,34.77000045776367,34.79999923706055,61808,0.0,0.0
2025-09-01 13:15:00+05:30,34.81999969482422,34.83000183105469,34.7599983215332,34.79999923706055,92775,0.0,0.0
2025-09-01 13:30:00+05:30,34.79999923706055,34.959999084472656,34.779998779296875,34.939998626708984,242637,0.0,0.0
2025-09-01 13:45:00+05:30,34.939998626708984,34.939998626708984,34.86000061035156,34.90999984741211,67057,0.0,0.0
2025-09-01 14:00:00+05:30,34.900001525878906,34.91999816894531,34.900001525878906,34.900001525878906,24562,0.0,0.0
2025-09-01 14:15:00+05:30,34.869998931884766,34.939998626708984,34.84000015258789,34.90999984741211,68290,0.0,0.0
2025-09-01 14:30:00+05:30,34.900001525878906,35.06999969482422,34.900001525878906,35.0099983215332,279744,0.0,0.0
2025-09-01 14:45:00+05:30,35.0099983215332,35.060001373291016,35.0,35.04999923706055,139439,0.0,0.0
2025-09-01 15:00:00+05:30,35.04999923706055,35.06999969482422,35.0099983215332,35.029998779296875,109627,0.0,0.0
2025-09-01 15:15:00+05:30,35.040000915527344,35.150001525878906,35.0099983215332,35.04999923706055,329796,0.0,0.0
2025-09-02 09:15:00+05:30,35.029998779296875,35.27000045776367,35.029998779296875,35.189998626708984,183756,0.0,0.0
2025-09-02 09:30:00+05:30,35.189998626708984,35.720001220703125,35.189998626708984,35.720001220703125,721828,0.0,0.0
2025-09-02 09:45:00+05:30,35.709999084472656,35.720001220703125,35.56999969482422,35.65999984741211,413807,0.0,0.0
2025-09-02 10:00:00+05:30,35.66999816894531,35.75,35.560001373291016,35.599998474121094,199159,0.0,0.0
2025-09-02 10:15:00+05:30,35.58000183105469,35.70000076293945,35.540000915527344,35.689998626708984,128040,0.0,0.0
2025-09-02 10:30:00+05:30,35.689998626708984,35.77000045776367,35.529998779296875,35.7400016784668,537000,0.0,0.0
2025-09-02 10:45:00+05:30,35.7400016784668,35.7400016784668,35.65999984741211,35.720001220703125,175634,0.0,0.0
2025-09-02 11:00:00+05:30,35.720001220703125,35.7599983215332,35.65999984741211,35.689998626708984,124977,0.0,0.0
2025-09-02 11:15:00+05:30,35.689998626708984,35.709999084472656,35.619998931884766,35.630001068115234,85379,0.0,0.0
2025-09-02 11:30:00+05:30,35.630001068115234,35.68000030517578,35.599998474121094,35.630001068115234,121143,0.0,0.0
2025-09-02 11:45:00+05:30,35.65999984741211,35.66999816894531,35.56999969482422,35.61000061035156,55031,0.0,0.0
2025-09-02 12:00:00+05:30,35.619998931884766,35.7599983215332,35.599998474121094,35.720001220703125,131234,0.0,0.0
2025-09-02 12:15:00+05:30,35.689998626708984,35.72999954223633,35.630001068115234,35.720001220703125,63686,0.0,0.0
2025-09-02 12:30:00+05:30,35.70000076293945,35.7599983215332,35.65999984741211,35.65999984741211,181888,0.0,0.0
2025-09-02 12:45:00+05:30,35.70000076293945,35.709999084472656,35.630001068115234,35.63999938964844,44252,0.0,0.0
2025-09-02 13:00:00+05:30,35.650001525878906,35.66999816894531,35.59000015258789,35.619998931884766,112226,0.0,0.0
2025-09-02 13:15:00+05:30,35.650001525878906,35.650001525878906,35.439998626708984,35.45000076293945,207007,0.0,0.0
2025-09-02 13:30:00+05:30,35.439998626708984,35.5,35.349998474121094,35.369998931884766,77041,0.0,0.0
2025-09-02 13:45:00+05:30,35.38999938964844,35.38999938964844,35.22999954223633,35.2400016784668,111839,0.0,0.0
2025-09-02 14:00:00+05:30,35.2400016784668,35.369998931884766,35.2400016784668,35.310001373291016,91581,0.0,0.0
2025-09-02 14:15:00+05:30,35.310001373291016,35.380001068115234,35.290000915527344,35.33000183105469,63526,0.0,0.0
2025-09-02 14:30:00+05:30,35.33000183105469,35.380001068115234,35.290000915527344,35.349998474121094,49593,0.0,0.0
2025-09-02 14:45:00+05:30,35.349998474121094,35.400001525878906,35.33000183105469,35.369998931884766,53327,0.0,0.0
2025-09-02 15:00:00+05:30,35.380001068115234,35.439998626708984,35.34000015258789,35.40999984741211,209114,0.0,0.0
2025-09-02 15:15:00+05:30,35.38999938964844,35.41999816894531,35.33000183105469,35.40999984741211,243311,0.0,0.0
2025-09-03 09:15:00+05:30,35.5,35.63999938964844,35.470001220703125,35.59000015258789,379228,0.0,0.0
2025-09-03 09:30:00+05:30,35.560001373291016,35.599998474121094,35.5,35.540000915527344,126866,0.0,0.0
2025-09-03 09:45:00+05:30,35.54999923706055,35.599998474121094,35.52000045776367,35.56999969482422,64395,0.0,0.0
2025-09-03 10:00:00+05:30,35.56999969482422,35.63999938964844,35.5,35.630001068115234,265201,0.0,0.0
2025-09-03 10:15:00+05:30,35.619998931884766,35.63999938964844,35.54999923706055,35.59000015258789,68431,0.0,0.0
2025-09-03 10:30:00+05:30,35.599998474121094,35.650001525878906,35.54999923706055,35.56999969482422,105462,0.0,0.0
2025-09-03 10:45:00+05:30,35.56999969482422,35.56999969482422,35.5,35.54999923706055,142492,0.0,0.0
2025-09-03 11:00:00+05:30,35.540000915527344,35.54999923706055,35.5099983215332,35.529998779296875,42599,0.0,0.0
2025-09-03 11:15:00+05:30,35.529998779296875,35.66999816894531,35.529998779296875,35.58000183105469,369832,0.0,0.0
2025-09-03 11:30:00+05:30,35.599998474121094,35.650001525878906,35.56999969482422,35.63999938964844,41357,0.0,0.0
2025-09-03 11:45:00+05:30,35.630001068115234,35.65999984741211,35.58000183105469,35.630001068115234,33154,0.0,0.0
2025-09-03 12:00:00+05:30,35.630001068115234,35.63999938964844,35.61000061035156,35.63999938964844,30686,0.0,0.0
2025-09-03 12:15:00+05:30,35.63999938964844,35.68000030517578,35.61000061035156,35.68000030517578,48522,0.0,0.0
2025-09-03 12:30:00+05:30,35.650001525878906,35.68000030517578,35.630001068115234,35.650001525878906,30349,0.0,0.0
2025-09-03 12:45:00+05:30,35.619998931884766,35.650001525878906,35.61000061035156,35.619998931884766,22210,0.0,0.0
2025-09-03 13:00:00+05:30,35.630001068115234,35.65999984741211,35.599998474121094,35.650001525878906,38634,0.0,0.0
2025-09-03 13:15:00+05:30,35.619998931884766,35.65999984741211,35.61000061035156,35.63999938964844,42077,0.0,0.0
2025-09-03 13:30:00+05:30,35.63999938964844,35.63999938964844,35.59000015258789,35.59000015258789,64031,0.0,0.0
2025-09-03 13:45:00+05:30,35.59000015258789,35.63999938964844,35.59000015258789,35.63999938964844,65042,0.0,0.0
2025-09-03 14:00:00+05:30,35.63999938964844,35.650001525878906,35.599998474121094,35.630001068115234,38592,0.0,0.0
2025-09-03 14:15:00+05:30,35.61000061035156,35.650001525878906,35.61000061035156,35.61000061035156,38133,0.0,0.0
2025-09-03 14:30:00+05:30,35.61000061035156,35.68000030517578,35.61000061035156,35.65999984741211,85960,0.0,0.0
2025-09-03 14:45:00+05:30,35.65999984741211,35.66999816894531,35.619998931884766,35.619998931884766,87085,0.0,0.0
2025-09-03 15:00:00+05:30,35.630001068115234,35.66999816894531,35.61000061035156,35.66999816894531,181880,0.0,0.0
2025-09-03 15:15:00+05:30,35.66999816894531,35.75,35.650001525878906,35.75,293651,0.0,0.0
2025-09-04 09:15:00+05:30,35.939998626708984,36.06999969482422,35.70000076293945,35.709999084472656,450120,0.0,0.0
2025-09-04 09:30:00+05:30,35.709999084472656,35.810001373291016,35.709999084472656,35.75,141054,0.0,0.0
2025-09-04 09:45:00+05:30,35.72999954223633,35.849998474121094,35.720001220703125,35.83000183105469,104680,0.0,0.0
2025-09-04 10:00:00+05:30,35.810001373291016,35.84000015258789,35.65999984741211,35.65999984741211,137969,0.0,0.0
2025-09-04 10:15:00+05:30,35.70000076293945,35.72999954223633,35.65999984741211,35.65999984741211,30669,0.0,0.0
2025-09-04 10:30:00+05:30,35.66999816894531,35.66999816894531,35.529998779296875,35.58000183105469,223630,0.0,0.0
2025-09-04 10:45:00+05:30,35.58000183105469,35.650001525878906,35.560001373291016,35.630001068115234,60697,0.0,0.0
2025-09-04 11:00:00+05:30,35.63999938964844,35.63999938964844,35.599998474121094,35.61000061035156,20872,0.0,0.0
2025-09-04 11:15:00+05:30,35.630001068115234,35.63999938964844,35.58000183105469,35.619998931884766,49952,0.0,0.0
2025-09-04 11:30:00+05:30,35.59000015258789,35.619998931884766,35.560001373291016,35.59000015258789,30096,0.0,0.0
2025-09-04 11:45:00+05:30,35.560001373291016,35.599998474121094,35.540000915527344,35.58000183105469,115848,0.0,0.0
2025-09-04 12:00:00+05:30,35.58000183105469,35.65999984741211,35.56999969482422,35.63999938964844,143345,0.0,0.0
2025-09-04 12:15:00+05:30,35.630001068115234,35.630001068115234,35.56999969482422,35.58000183105469,28028,0.0,0.0
2025-09-04 12:30:00+05:30,35.58000183105469,35.630001068115234,35.58000183105469,35.58000183105469,58445,0.0,0.0
2025-09-04 12:45:00+05:30,35.599998474121094,35.630001068115234,35.56999969482422,35.58000183105469,11644,0.0,0.0
2025-09-04 13:00:00+05:30,35.61000061035156,35.61000061035156,35.560001373291016,35.560001373291016,11267,0.0,0.0
2025-09-04 13:15:00+05:30,35.560001373291016,35.59000015258789,35.54999923706055,35.560001373291016,51814,0.0,0.0
2025-09-04 13:30:00+05:30,35.58000183105469,35.599998474121094,35.560001373291016,35.560001373291016,13584,0.0,0.0
2025-09-04 13:45:00+05:30,35.58000183105469,35.58000183105469,35.5,35.52000045776367,53323,0.0,0.0
2025-09-04 14:00:00+05:30,35.52000045776367,35.52000045776367,35.45000076293945,35.47999954223633,128845,0.0,0.0
2025-09-04 14:15:00+05:30,35.47999954223633,35.47999954223633,35.36000061035156,35.38999938964844,106582,0.0,0.0
2025-09-04 14:30:00+05:30,35.400001525878906,35.45000076293945,35.380001068115234,35.41999816894531,27240,0.0,0.0
2025-09-04 14:45:00+05:30,35.41999816894531,35.439998626708984,35.36000061035156,35.38999938964844,73815,0.0,0.0
2025-09-04 15:00:00+05:30,35.369998931884766,35.38999938964844,35.33000183105469,35.33000183105469,128359,0.0,0.0
2025-09-04 15:15:00+05:30,35.33000183105469,35.369998931884766,35.25,35.310001373291016,271492,0.0,0.0
2025-09-05 09:15:00+05:30,35.45000076293945,35.529998779296875,35.20000076293945,35.20000076293945,190407,0.0,0.0
2025-09-05 09:30:00+05:30,35.18000030517578,35.279998779296875,35.18000030517578,35.20000076293945,92460,0.0,0.0
2025-09-05 09:45:00+05:30,35.209999084472656,35.38999938964844,35.15999984741211,35.34000015258789,222418,0.0,0.0
2025-09-05 10:00:00+05:30,35.349998474121094,35.380001068115234,35.220001220703125,35.2400016784668,152414,0.0,0.0
2025-09-05 10:15:00+05:30,35.2400016784668,35.290000915527344,35.150001525878906,35.2599983215332,118623,0.0,0.0
2025-09-05 10:30:00+05:30,35.2599983215332,35.290000915527344,35.18000030517578,35.22999954223633,50920,0.0,0.0
2025-09-05 10:45:00+05:30,35.209999084472656,35.25,35.15999984741211,35.2400016784668,31984,0.0,0.0
2025-09-05 11:00:00+05:30,35.25,35.27000045776367,35.209999084472656,35.2599983215332,22036,0.0,0.0
2025-09-05 11:15:00+05:30,35.27000045776367,35.27000045776367,35.18000030517578,35.209999084472656,26457,0.0,0.0
2025-09-05 11:30:00+05:30,35.209999084472656,35.349998474121094,35.189998626708984,35.31999969482422,65453,0.0,0.0
2025-09-05 11:45:00+05:30,35.31999969482422,35.31999969482422,35.18000030517578,35.209999084472656,36551,0.0,0.0
2025-09-05 12:00:00+05:30,35.209999084472656,35.2599983215332,35.16999816894531,35.16999816894531,55288,0.0,0.0
2025-09-05 12:15:00+05:30,35.16999816894531,35.16999816894531,35.08000183105469,35.130001068115234,69279,0.0,0.0
2025-09-05 12:30:00+05:30,35.130001068115234,35.130001068115234,35.09000015258789,35.119998931884766,31446,0.0,0.0
2025-09-05 12:45:00+05:30,35.119998931884766,35.130001068115234,35.060001373291016,35.099998474121094,38464,0.0,0.0
2025-09-05 13:00:00+05:30,35.06999969482422,35.13999938964844,35.06999969482422,35.13999938964844,61344,0.0,0.0
2025-09-05 13:15:00+05:30,35.15999984741211,35.20000076293945,35.119998931884766,35.16999816894531,33942,0.0,0.0
2025-09-05 13:30:00+05:30,35.16999816894531,35.279998779296875,35.130001068115234,35.25,51773,0.0,0.0
2025-09-05 13:45:00+05:30,35.25,35.31999969482422,35.22999954223633,35.29999923706055,109607,0.0,0.0
2025-09-05 14:00:00+05:30,35.290000915527344,35.31999969482422,35.20000076293945,35.27000045776367,74983,0.0,0.0
2025-09-05 14:15:00+05:30,35.27000045776367,35.290000915527344,35.25,35.2599983215332,35399,0.0,0.0
2025-09-05 14:30:00+05:30,35.279998779296875,35.369998931884766,35.25,35.290000915527344,121033,0.0,0.0
2025-09-05 14:45:00+05:30,35.290000915527344,35.29999923706055,35.25,35.290000915527344,33110,0.0,0.0
2025-09-05 15:00:00+05:30,35.29999923706055,35.29999923706055,35.11000061035156,35.20000076293945,685809,0.0,0.0
2025-09-05 15:15:00+05:30,35.20000076293945,35.34000015258789,35.20000076293945,35.279998779296875,342923,0.0,0.0
2025-09-08 09:15:00+05:30,35.45000076293945,35.529998779296875,35.33000183105469,35.45000076293945,135527,0.0,0.0
2025-09-08 09:30:00+05:30,35.43000030517578,35.66999816894531,35.43000030517578,35.630001068115234,235587,0.0,0.0
2025-09-08 09:45:00+05:30,35.650001525878906,35.84000015258789,35.619998931884766,35.779998779296875,356060,0.0,0.0
2025-09-08 10:00:00+05:30,35.779998779296875,36.150001525878906,35.779998779296875,35.93000030517578,746693,0.0,0.0
2025-09-08 10:15:00+05:30,35.93000030517578,36.040000915527344,35.90999984741211,35.939998626708984,261168,0.0,0.0
2025-09-08 10:30:00+05:30,35.939998626708984,35.939998626708984,35.79999923706055,35.81999969482422,153073,0.0,0.0
2025-09-08 10:45:00+05:30,35.81999969482422,35.88999938964844,35.75,35.83000183105469,133262,0.0,0.0
2025-09-08 11:00:00+05:30,35.83000183105469,35.869998931884766,35.75,35.810001373291016,133145,0.0,0.0
2025-09-08 11:15:00+05:30,35.810001373291016,35.9900016784668,35.810001373291016,35.880001068115234,136093,0.0,0.0
2025-09-08 11:30:00+05:30,35.88999938964844,35.88999938964844,35.79999923706055,35.83000183105469,68273,0.0,0.0
2025-09-08 11:45:00+05:30,35.81999969482422,35.849998474121094,35.70000076293945,35.7599983215332,114514,0.0,0.0
2025-09-08 12:00:00+05:30,35.7599983215332,35.790000915527344,35.70000076293945,35.75,67588,0.0,0.0
2025-09-08 12:15:00+05:30,35.77000045776367,35.790000915527344,35.720001220703125,35.75,131653,0.0,0.0
2025-09-08 12:30:00+05:30,35.75,35.77000045776367,35.70000076293945,35.77000045776367,24947,0.0,0.0
2025-09-08 12:45:00+05:30,35.77000045776367,35.79999923706055,35.7400016784668,35.75,21993,0.0,0.0
2025-09-08 13:00:00+05:30,35.779998779296875,35.83000183105469,35.75,35.83000183105469,41941,0.0,0.0
2025-09-08 13:15:00+05:30,35.83000183105469,35.83000183105469,35.7400016784668,35.7400016784668,36157,0.0,0.0
2025-09-08 13:30:00+05:30,35.77000045776367,35.810001373291016,35.7400016784668,35.77000045776367,40483,0.0,0.0
2025-09-08 13:45:00+05:30,35.75,35.79999923706055,35.7400016784668,35.779998779296875,26487,0.0,0.0
2025-09-08 14:00:00+05:30,35.77000045776367,35.790000915527344,35.720001220703125,35.7599983215332,51952,0.0,0.0
2025-09-08 14:15:00+05:30,35.75,35.779998779296875,35.72999954223633,35.779998779296875,62264,0.0,0.0
2025-09-08 14:30:00+05:30,35.779998779296875,35.880001068115234,35.779998779296875,35.81999969482422,140464,0.0,0.0
2025-09-08 14:45:00+05:30,35.849998474121094,35.849998474121094,35.75,35.779998779296875,124838,0.0,0.0
2025-09-08 15:00:00+05:30,35.7599983215332,35.779998779296875,35.70000076293945,35.720001220703125,154446,0.0,0.0
2025-09-08 15:15:00+05:30,35.709999084472656,35.849998474121094,35.66999816894531,35.779998779296875,427182,0.0,0.0
2025-09-09 09:15:00+05:30,35.790000915527344,35.900001525878906,35.66999816894531,35.77000045776367,180708,0.0,0.0
2025-09-09 09:30:00+05:30,35.77000045776367,35.83000183105469,35.70000076293945,35.790000915527344,311961,0.0,0.0
2025-09-09 09:45:00+05:30,35.790000915527344,35.869998931884766,35.790000915527344,35.81999969482422,75181,0.0,0.0
2025-09-09 10:00:00+05:30,35.84000015258789,35.849998474121094,35.7599983215332,35.7599983215332,69318,0.0,0.0
2025-09-09 10:15:00+05:30,35.7599983215332,35.779998779296875,35.709999084472656,35.709999084472656,121219,0.0,0.0
2025-09-09 10:30:00+05:30,35.709999084472656,35.779998779296875,35.68000030517578,35.720001220703125,64850,0.0,0.0
2025-09-09 10:45:00+05:30,35.720001220703125,35.7400016784668,35.70000076293945,35.72999954223633,29138,0.0,0.0
2025-09-09 11:00:00+05:30,35.72999954223633,35.7400016784668,35.65999984741211,35.70000076293945,64261,0.0,0.0
2025-09-09 11:15:00+05:30,35.66999816894531,35.7400016784668,35.66999816894531,35.70000076293945,184766,0.0,0.0
2025-09-09 11:30:00+05:30,35.70000076293945,35.70000076293945,35.66999816894531,35.70000076293945,20909,0.0,0.0
2025-09-09 11:45:00+05:30,35.70000076293945,35.70000076293945,35.65999984741211,35.66999816894531,44265,0.0,0.0
2025-09-09 12:00:00+05:30,35.68000030517578,35.68000030517578,35.599998474121094,35.65999984741211,79763,0.0,0.0
2025-09-09 12:15:00+05:30,35.65999984741211,35.70000076293945,35.65999984741211,35.70000076293945,21815,0.0,0.0
2025-09-09 12:30:00+05:30,35.70000076293945,35.70000076293945,35.63999938964844,35.63999938964844,21460,0.0,0.0
2025-09-09 12:45:00+05:30,35.63999938964844,35.65999984741211,35.619998931884766,35.650001525878906,55079,0.0,0.0
2025-09-09 13:00:00+05:30,35.650001525878906,35.68000030517578,35.619998931884766,35.630001068115234,33903,0.0,0.0
2025-09-09 13:15:00+05:30,35.630001068115234,35.68000030517578,35.619998931884766,35.650001525878906,20230,0.0,0.0
2025-09-09 13:30:00+05:30,35.65999984741211,35.66999816894531,35.599998474121094,35.650001525878906,37643,0.0,0.0
2025-09-09 13:45:00+05:30,35.650001525878906,35.650001525878906,35.61000061035156,35.650001525878906,17203,0.0,0.0
2025-09-09 14:00:00+05:30,35.650001525878906,35.689998626708984,35.61000061035156,35.65999984741211,46562,0.0,0.0
2025-09-09 14:15:00+05:30,35.65999984741211,35.68000030517578,35.61000061035156,35.65999984741211,17435,0.0,0.0
2025-09-09 14:30:00+05:30,35.650001525878906,35.650001525878906,35.619998931884766,35.630001068115234,17111,0.0,0.0
2025-09-09 14:45:00+05:30,35.630001068115234,35.630001068115234,35.58000183105469,35.59000015258789,84077,0.0,0.0
2025-09-09 15:00:00+05:30,35.58000183105469,35.59000015258789,35.5099983215332,35.560001373291016,262932,0.0,0.0
2025-09-09 15:15:00+05:30,35.54999923706055,35.630001068115234,35.529998779296875,35.54999923706055,334974,0.0,0.0
2025-09-10 09:15:00+05:30,35.720001220703125,35.939998626708984,35.720001220703125,35.79999923706055,407700,0.0,0.0
2025-09-10 09:30:00+05:30,35.79999923706055,36.13999938964844,35.79999923706055,36.099998474121094,698522,0.0,0.0
2025-09-10 09:45:00+05:30,36.119998931884766,36.13999938964844,35.970001220703125,35.9900016784668,484519,0.0,0.0
2025-09-10 10:00:00+05:30,36.0,36.209999084472656,35.959999084472656,36.20000076293945,283417,0.0,0.0
2025-09-10 10:15:00+05:30,36.209999084472656,36.36000061035156,36.13999938964844,36.29999923706055,615849,0.0,0.0
2025-09-10 10:30:00+05:30,36.29999923706055,36.470001220703125,36.2400016784668,36.310001373291016,800333,0.0,0.0
2025-09-10 10:45:00+05:30,36.310001373291016,36.31999969482422,36.20000076293945,36.27000045776367,239483,0.0,0.0
2025-09-10 11:00:00+05:30,36.29999923706055,36.29999923706055,36.220001220703125,36.220001220703125,70509,0.0,0.0
2025-09-10 11:15:00+05:30,36.220001220703125,36.22999954223633,36.119998931884766,36.20000076293945,159044,0.0,0.0
2025-09-10 11:30:00+05:30,36.20000076293945,36.209999084472656,36.11000061035156,36.189998626708984,82388,0.0,0.0
2025-09-10 11:45:00+05:30,36.189998626708984,36.31999969482422,36.119998931884766,36.2599983215332,143188,0.0,0.0
2025-09-10 12:00:00+05:30,36.27000045776367,36.29999923706055,36.20000076293945,36.279998779296875,96448,0.0,0.0
2025-09-10 12:15:00+05:30,36.279998779296875,36.290000915527344,36.220001220703125,36.25,86462,0.0,0.0
2025-09-10 12:30:00+05:30,36.25,36.2599983215332,36.13999938964844,36.18000030517578,123630,0.0,0.0
2025-09-10 12:45:00+05:30,36.20000076293945,36.220001220703125,36.13999938964844,36.189998626708984,77503,0.0,0.0
2025-09-10 13:00:00+05:30,36.189998626708984,36.189998626708984,36.11000061035156,36.13999938964844,62684,0.0,0.0
2025-09-10 13:15:00+05:30,36.13999938964844,36.13999938964844,36.04999923706055,36.130001068115234,183711,0.0,0.0
2025-09-10 13:30:00+05:30,36.150001525878906,36.18000030517578,36.130001068115234,36.150001525878906,107168,0.0,0.0
2025-09-10 13:45:00+05:30,36.18000030517578,36.220001220703125,36.130001068115234,36.13999938964844,60171,0.0,0.0
2025-09-10 14:00:00+05:30,36.13999938964844,36.25,36.130001068115234,36.220001220703125,65550,0.0,0.0
2025-09-10 14:15:00+05:30,36.220001220703125,36.220001220703125,36.150001525878906,36.20000076293945,73868,0.0,0.0
2025-09-10 14:30:00+05:30,36.18000030517578,36.290000915527344,36.15999984741211,36.15999984741211,152029,0.0,0.0
2025-09-10 14:45:00+05:30,36.16999816894531,36.189998626708984,36.150001525878906,36.16999816894531,117565,0.0,0.0
2025-09-10 15:00:00+05:30,36.150001525878906,36.220001220703125,36.13999938964844,36.220001220703125,170761,0.0,0.0
2025-09-10 15:15:00+05:30,36.209999084472656,36.25,36.16999816894531,36.20000076293945,373893,0.0,0.0
2025-09-11 09:15:00+05:30,36.45000076293945,36.91999816894531,36.290000915527344,36.900001525878906,1203084,0.0,0.0
2025-09-11 09:30:00+05:30,36.88999938964844,37.06999969482422,36.75,36.9900016784668,1478852,0.0,0.0
2025-09-11 09:45:00+05:30,37.0,37.0,36.720001220703125,36.779998779296875,718680,0.0,0.0
2025-09-11 10:00:00+05:30,36.77000045776367,36.779998779296875,36.560001373291016,36.65999984741211,373668,0.0,0.0
2025-09-11 10:15:00+05:30,36.65999984741211,36.66999816894531,36.56999969482422,36.58000183105469,136527,0.0,0.0
2025-09-11 10:30:00+05:30,36.619998931884766,36.68000030517578,36.599998474121094,36.630001068115234,85771,0.0,0.0
2025-09-11 10:45:00+05:30,36.619998931884766,36.75,36.59000015258789,36.7400016784668,151419,0.0,0.0
2025-09-11 11:00:00+05:30,36.7400016784668,36.91999816894531,36.709999084472656,36.75,283026,0.0,0.0
2025-09-11 11:15:00+05:30,36.720001220703125,36.7599983215332,36.66999816894531,36.66999816894531,54881,0.0,0.0
2025-09-11 11:30:00+05:30,36.70000076293945,36.720001220703125,36.619998931884766,36.619998931884766,84399,0.0,0.0
2025-09-11 11:45:00+05:30,36.630001068115234,36.689998626708984,36.59000015258789,36.650001525878906,111826,0.0,0.0
2025-09-11 12:00:00+05:30,36.619998931884766,36.689998626708984,36.619998931884766,36.63999938964844,49838,0.0,0.0
2025-09-11 12:15:00+05:30,36.63999938964844,36.65999984741211,36.599998474121094,36.650001525878906,35467,0.0,0.0
2025-09-11 12:30:00+05:30,36.650001525878906,36.68000030517578,36.58000183105469,36.58000183105469,73697,0.0,0.0
2025-09-11 12:45:00+05:30,36.54999923706055,36.599998474121094,36.5099983215332,36.58000183105469,66529,0.0,0.0
2025-09-11 13:00:00+05:30,36.560001373291016,36.630001068115234,36.54999923706055,36.58000183105469,70815,0.0,0.0
2025-09-11 13:15:00+05:30,36.58000183105469,36.599998474121094,36.529998779296875,36.540000915527344,39503,0.0,0.0
2025-09-11 13:30:00+05:30,36.560001373291016,36.56999969482422,36.43000030517578,36.459999084472656,233038,0.0,0.0
2025-09-11 13:45:00+05:30,36.47999954223633,36.529998779296875,36.380001068115234,36.40999984741211,139589,0.0,0.0
2025-09-11 14:00:00+05:30,36.400001525878906,36.470001220703125,36.369998931884766,36.41999816894531,49352,0.0,0.0
2025-09-11 14:15:00+05:30,36.439998626708984,36.470001220703125,36.41999816894531,36.459999084472656,67076,0.0,0.0
2025-09-11 14:30:00+05:30,36.459999084472656,36.459999084472656,36.349998474121094,36.41999816894531,139387,0.0,0.0
2025-09-11 14:45:00+05:30,36.41999816894531,36.439998626708984,36.349998474121094,36.36000061035156,153675,0.0,0.0
2025-09-11 15:00:00+05:30,36.38999938964844,36.400001525878906,36.34000015258789,36.369998931884766,185190,0.0,0.0
2025-09-11 15:15:00+05:30,36.36000061035156,36.41999816894531,36.31999969482422,36.41999816894531,337320,0.0,0.0
2025-09-12 09:15:00+05:30,36.47999954223633,36.61000061035156,36.29999923706055,36.470001220703125,217958,0.0,0.0
2025-09-12 09:30:00+05:30,36.459999084472656,36.459999084472656,36.31999969482422,36.380001068115234,215875,0.0,0.0
2025-09-12 09:45:00+05:30,36.380001068115234,36.47999954223633,36.369998931884766,36.400001525878906,281089,0.0,0.0
2025-09-12 10:00:00+05:30,36.40999984741211,36.4900016784668,36.36000061035156,36.40999984741211,187869,0.0,0.0
2025-09-12 10:15:00+05:30,36.40999984741211,36.40999984741211,36.369998931884766,36.38999938964844,16813,0.0,0.0
2025-09-12 10:30:00+05:30,36.38999938964844,36.40999984741211,36.25,36.279998779296875,179353,0.0,0.0
2025-09-12 10:45:00+05:30,36.27000045776367,36.33000183105469,36.20000076293945,36.220001220703125,165212,0.0,0.0
2025-09-12 11:00:00+05:30,36.2400016784668,36.27000045776367,36.20000076293945,36.2400016784668,85025,0.0,0.0
2025-09-12 11:15:00+05:30,36.2400016784668,36.25,36.20000076293945,36.25,31292,0.0,0.0
2025-09-12 11:30:00+05:30,36.25,36.349998474121094,36.25,36.29999923706055,104241,0.0,0.0
2025-09-12 11:45:00+05:30,36.33000183105469,36.33000183105469,36.209999084472656,36.22999954223633,45663,0.0,0.0
2025-09-12 12:00:00+05:30,36.2599983215332,36.290000915527344,36.209999084472656,36.27000045776367,94940,0.0,0.0
2025-09-12 12:15:00+05:30,36.25,36.27000045776367,36.22999954223633,36.25,37960,0.0,0.0
2025-09-12 12:30:00+05:30,36.25,36.290000915527344,36.209999084472656,36.2400016784668,25762,0.0,0.0
2025-09-12 12:45:00+05:30,36.2400016784668,36.279998779296875,36.220001220703125,36.2599983215332,19088,0.0,0.0
2025-09-12 13:00:00+05:30,36.25,36.290000915527344,36.220001220703125,36.220001220703125,19483,0.0,0.0
2025-09-12 13:15:00+05:30,36.2400016784668,36.33000183105469,36.220001220703125,36.310001373291016,66104,0.0,0.0
2025-09-12 13:30:00+05:30,36.31999969482422,36.33000183105469,36.2599983215332,36.279998779296875,20810,0.0,0.0
2025-09-12 13:45:00+05:30,36.279998779296875,36.29999923706055,36.15999984741211,36.279998779296875,288033,0.0,0.0
2025-09-12 14:00:00+05:30,36.279998779296875,36.279998779296875,36.20000076293945,36.20000076293945,17144,0.0,0.0
2025-09-12 14:15:00+05:30,36.2400016784668,36.2599983215332,36.20000076293945,36.2599983215332,38096,0.0,0.0
2025-09-12 14:30:00+05:30,36.2400016784668,36.29999923706055,36.209999084472656,36.220001220703125,75125,0.0,0.0
2025-09-12 14:45:00+05:30,36.220001220703125,36.2599983215332,36.20000076293945,36.20000076293945,109170,0.0,0.0
2025-09-12 15:00:00+05:30,36.220001220703125,36.310001373291016,36.20000076293945,36.310001373291016,239301,0.0,0.0
2025-09-12 15:15:00+05:30,36.29999923706055,36.38999938964844,36.18000030517578,36.25,493145,0.0,0.0
2025-09-15 09:15:00+05:30,36.400001525878906,36.59000015258789,36.29999923706055,36.54999923706055,309325,0.0,0.0
2025-09-15 09:30:00+05:30,36.529998779296875,36.650001525878906,36.45000076293945,36.619998931884766,464761,0.0,0.0
2025-09-15 09:45:00+05:30,36.630001068115234,36.90999984741211,36.630001068115234,36.79999923706055,717470,0.0,0.0
2025-09-15 10:00:00+05:30,36.81999969482422,36.83000183105469,36.619998931884766,36.619998931884766,349102,0.0,0.0
2025-09-15 10:15:00+05:30,36.619998931884766,36.720001220703125,36.61000061035156,36.68000030517578,210089,0.0,0.0
2025-09-15 10:30:00+05:30,36.68000030517578,36.72999954223633,36.650001525878906,36.720001220703125,70134,0.0,0.0
2025-09-15 10:45:00+05:30,36.689998626708984,36.709999084472656,36.619998931884766,36.650001525878906,82774,0.0,0.0
2025-09-15 11:00:00+05:30,36.650001525878906,36.689998626708984,36.619998931884766,36.630001068115234,113460,0.0,0.0
2025-09-15 11:15:00+05:30,36.61000061035156,36.63999938964844,36.59000015258789,36.63999938964844,58637,0.0,0.0
2025-09-15 11:30:00+05:30,36.63999938964844,36.66999816894531,36.61000061035156,36.63999938964844,34458,0.0,0.0
2025-09-15 11:45:00+05:30,36.63999938964844,36.63999938964844,36.599998474121094,36.599998474121094,42237,0.0,0.0
2025-09-15 12:00:00+05:30,36.599998474121094,36.630001068115234,36.560001373291016,36.619998931884766,75301,0.0,0.0
2025-09-15 12:15:00+05:30,36.619998931884766,36.66999816894531,36.59000015258789,36.66999816894531,123897,0.0,0.0
2025-09-15 12:30:00+05:30,36.65999984741211,36.689998626708984,36.630001068115234,36.630001068115234,25563,0.0,0.0
2025-09-15 12:45:00+05:30,36.650001525878906,36.65999984741211,36.599998474121094,36.63999938964844,30555,0.0,0.0
2025-09-15 13:00:00+05:30,36.63999938964844,36.66999816894531,36.61000061035156,36.66999816894531,133269,0.0,0.0
2025-09-15 13:15:00+05:30,36.650001525878906,36.66999816894531,36.599998474121094,36.650001525878906,20373,0.0,0.0
2025-09-15 13:30:00+05:30,36.650001525878906,36.689998626708984,36.5099983215332,36.5099983215332,220252,0.0,0.0
2025-09-15 13:45:00+05:30,36.5099983215332,36.58000183105469,36.5099983215332,36.540000915527344,27326,0.0,0.0
2025-09-15 14:00:00+05:30,36.54999923706055,36.560001373291016,36.5099983215332,36.5099983215332,44058,0.0,0.0
2025-09-15 14:15:00+05:30,36.5099983215332,36.720001220703125,36.43000030517578,36.689998626708984,244587,0.0,0.0
2025-09-15 14:30:00+05:30,36.66999816894531,36.7400016784668,36.63999938964844,36.66999816894531,139807,0.0,0.0
2025-09-15 14:45:00+05:30,36.66999816894531,36.66999816894531,36.58000183105469,36.61000061035156,127984,0.0,0.0
2025-09-15 15:00:00+05:30,36.630001068115234,36.66999816894531,36.599998474121094,36.630001068115234,136703,0.0,0.0
2025-09-15 15:15:00+05:30,36.630001068115234,36.77000045776367,36.61000061035156,36.619998931884766,577245,0.0,0.0
2025-09-16 09:15:00+05:30,36.849998474121094,36.880001068115234,36.630001068115234,36.7400016784668,172622,0.0,0.0
2025-09-16 09:30:00+05:30,36.779998779296875,36.810001373291016,36.68000030517578,36.709999084472656,310340,0.0,0.0
2025-09-16 09:45:00+05:30,36.68000030517578,36.810001373291016,36.68000030517578,36.720001220703125,154265,0.0,0.0
2025-09-16 10:00:00+05:30,36.720001220703125,36.959999084472656,36.720001220703125,36.88999938964844,497238,0.0,0.0
2025-09-16 10:15:00+05:30,36.880001068115234,36.880001068115234,36.790000915527344,36.790000915527344,110848,0.0,0.0
2025-09-16 10:30:00+05:30,36.790000915527344,36.869998931884766,36.790000915527344,36.849998474121094,71053,0.0,0.0
2025-09-16 11:00:00+05:30,36.779998779296875,36.95000076293945,36.7400016784668,36.869998931884766,279649,0.0,0.0
2025-09-16 11:15:00+05:30,36.880001068115234,36.97999954223633,36.84000015258789,36.90999984741211,209811,0.0,0.0
2025-09-16 11:30:00+05:30,36.939998626708984,37.27000045776367,36.91999816894531,37.220001220703125,1075402,0.0,0.0
2025-09-16 11:45:00+05:30,37.2400016784668,37.25,37.029998779296875,37.029998779296875,399483,0.0,0.0
2025-09-16 12:00:00+05:30,37.04999923706055,37.04999923706055,36.959999084472656,37.0,194575,0.0,0.0
2025-09-16 12:15:00+05:30,37.0,37.040000915527344,36.970001220703125,36.970001220703125,64179,0.0,0.0
2025-09-16 12:30:00+05:30,36.9900016784668,37.02000045776367,36.95000076293945,36.959999084472656,130842,0.0,0.0
2025-09-16 12:45:00+05:30,36.959999084472656,36.97999954223633,36.93000030517578,36.970001220703125,47105,0.0,0.0
2025-09-16 13:00:00+05:30,36.95000076293945,36.9900016784668,36.869998931884766,36.88999938964844,133310,0.0,0.0
2025-09-16 13:15:00+05:30,36.88999938964844,36.900001525878906,36.86000061035156,36.880001068115234,47826,0.0,0.0
2025-09-16 13:45:00+05:30,36.849998474121094,36.880001068115234,36.84000015258789,36.880001068115234,227130,0.0,0.0
2025-09-16 14:00:00+05:30,36.880001068115234,36.90999984741211,36.869998931884766,36.90999984741211,38177,0.0,0.0
2025-09-16 14:15:00+05:30,36.880001068115234,36.90999984741211,36.849998474121094,36.90999984741211,44868,0.0,0.0
2025-09-16 14:30:00+05:30,36.900001525878906,36.91999816894531,36.880001068115234,36.91999816894531,58872,0.0,0.0
2025-09-16 15:00:00+05:30,36.939998626708984,36.970001220703125,36.91999816894531,36.939998626708984,326349,0.0,0.0
2025-09-16 15:15:00+05:30,36.939998626708984,36.9900016784668,36.88999938964844,36.9900016784668,488565,0.0,0.0
2025-09-17 09:15:00+05:30,37.099998474121094,37.25,37.04999923706055,37.189998626708984,476573,0.0,0.0
2025-09-17 09:30:00+05:30,37.20000076293945,37.33000183105469,37.11000061035156,37.150001525878906,578509,0.0,0.0
2025-09-17 09:45:00+05:30,37.15999984741211,37.25,37.060001373291016,37.189998626708984,208059,0.0,0.0
2025-09-17 10:00:00+05:30,37.15999984741211,37.220001220703125,37.099998474121094,37.209999084472656,177951,0.0,0.0
2025-09-17 10:15:00+05:30,37.209999084472656,37.880001068115234,37.150001525878906,37.84000015258789,2226546,0.0,0.0
2025-09-17 10:30:00+05:30,37.81999969482422,37.81999969482422,37.630001068115234,37.630001068115234,1188896,0.0,0.0
2025-09-17 10:45:00+05:30,37.619998931884766,38.130001068115234,37.61000061035156,38.11000061035156,1437649,0.0,0.0
2025-09-17 11:00:00+05:30,38.06999969482422,38.130001068115234,37.849998474121094,37.88999938964844,810092,0.0,0.0
2025-09-17 11:15:00+05:30,37.90999984741211,37.90999984741211,37.66999816894531,37.70000076293945,397009,0.0,0.0
2025-09-17 11:30:00+05:30,37.689998626708984,37.779998779296875,37.650001525878906,37.65999984741211,163941,0.0,0.0
2025-09-17 11:45:00+05:30,37.65999984741211,37.70000076293945,37.650001525878906,37.70000076293945,121496,0.0,0.0
2025-09-17 12:00:00+05:30,37.689998626708984,37.70000076293945,37.61000061035156,37.650001525878906,227894,0.0,0.0
2025-09-17 12:15:00+05:30,37.650001525878906,37.650001525878906,37.58000183105469,37.599998474121094,165552,0.0,0.0
2025-09-17 12:30:00+05:30,37.599998474121094,37.599998474121094,37.560001373291016,37.599998474121094,124120,0.0,0.0
2025-09-17 12:45:00+05:30,37.599998474121094,37.599998474121094,37.560001373291016,37.58000183105469,80953,0.0,0.0
2025-09-17 13:00:00+05:30,37.58000183105469,37.66999816894531,37.56999969482422,37.619998931884766,202776,0.0,0.0
2025-09-17 13:15:00+05:30,37.650001525878906,37.779998779296875,37.58000183105469,37.689998626708984,278750,0.0,0.0
2025-09-17 13:30:00+05:30,37.689998626708984,37.72999954223633,37.630001068115234,37.68000030517578,153832,0.0,0.0
2025-09-17 13:45:00+05:30,37.68000030517578,37.88999938964844,37.650001525878906,37.88999938964844,242748,0.0,0.0
2025-09-17 14:00:00+05:30,37.86000061035156,37.86000061035156,37.61000061035156,37.61000061035156,212611,0.0,0.0
2025-09-17 14:15:00+05:30,37.61000061035156,37.689998626708984,37.599998474121094,37.63999938964844,132606,0.0,0.0
2025-09-17 14:30:00+05:30,37.63999938964844,37.79999923706055,37.63999938964844,37.790000915527344,188461,0.0,0.0
2025-09-17 14:45:00+05:30,37.790000915527344,37.81999969482422,37.72999954223633,37.810001373291016,234168,0.0,0.0
2025-09-17 15:00:00+05:30,37.81999969482422,37.81999969482422,37.72999954223633,37.810001373291016,351394,0.0,0.0
2025-09-17 15:15:00+05:30,37.79999923706055,37.90999984741211,37.75,37.75,915498,0.0,0.0
2025-09-18 09:15:00+05:30,38.119998931884766,38.119998931884766,37.630001068115234,37.7599983215332,480382,0.0,0.0
2025-09-18 09:30:00+05:30,37.7400016784668,37.810001373291016,37.70000076293945,37.75,198067,0.0,0.0
2025-09-18 09:45:00+05:30,37.7599983215332,38.11000061035156,37.7599983215332,37.97999954223633,732759,0.0,0.0
2025-09-18 10:00:00+05:30,38.0,38.290000915527344,37.900001525878906,37.95000076293945,1281522,0.0,0.0
2025-09-18 10:15:00+05:30,37.95000076293945,38.02000045776367,37.88999938964844,38.02000045776367,255789,0.0,0.0
2025-09-18 10:30:00+05:30,38.0,38.09000015258789,37.93000030517578,37.93000030517578,236079,0.0,0.0
2025-09-18 10:45:00+05:30,37.91999816894531,38.0,37.869998931884766,37.95000076293945,163782,0.0,0.0
2025-09-18 11:00:00+05:30,37.93000030517578,37.95000076293945,37.849998474121094,37.88999938964844,141394,0.0,0.0
2025-09-18 11:15:00+05:30,37.900001525878906,37.90999984741211,37.810001373291016,37.84000015258789,86881,0.0,0.0
2025-09-18 11:30:00+05:30,37.7599983215332,37.900001525878906,37.7599983215332,37.849998474121094,218467,0.0,0.0
2025-09-18 11:45:00+05:30,37.849998474121094,37.880001068115234,37.75,37.790000915527344,132782,0.0,0.0
2025-09-18 12:00:00+05:30,37.77000045776367,37.79999923706055,37.720001220703125,37.7400016784668,61775,0.0,0.0
2025-09-18 12:15:00+05:30,37.72999954223633,37.779998779296875,37.709999084472656,37.72999954223633,53331,0.0,0.0
2025-09-18 12:30:00+05:30,37.709999084472656,37.779998779296875,37.54999923706055,37.59000015258789,239106,0.0,0.0
2025-09-18 12:45:00+05:30,37.599998474121094,37.70000076293945,37.58000183105469,37.599998474121094,111596,0.0,0.0
2025-09-18 13:00:00+05:30,37.619998931884766,37.630001068115234,37.529998779296875,37.560001373291016,92642,0.0,0.0
2025-09-18 13:15:00+05:30,37.560001373291016,37.599998474121094,37.52000045776367,37.599998474121094,165910,0.0,0.0
2025-09-18 13:30:00+05:30,37.599998474121094,37.65999984741211,37.56999969482422,37.619998931884766,92182,0.0,0.0
2025-09-18 13:45:00+05:30,37.63999938964844,37.689998626708984,37.599998474121094,37.61000061035156,33874,0.0,0.0
2025-09-18 14:00:00+05:30,37.599998474121094,37.650001525878906,37.58000183105469,37.63999938964844,70366,0.0,0.0
2025-09-18 14:15:00+05:30,37.63999938964844,37.65999984741211,37.59000015258789,37.630001068115234,68503,0.0,0.0
2025-09-18 14:30:00+05:30,37.630001068115234,37.689998626708984,37.619998931884766,37.68000030517578,84878,0.0,0.0
2025-09-18 14:45:00+05:30,37.68000030517578,37.7400016784668,37.650001525878906,37.720001220703125,77710,0.0,0.0
2025-09-18 15:00:00+05:30,37.7400016784668,37.779998779296875,37.61000061035156,37.63999938964844,336716,0.0,0.0
2025-09-18 15:15:00+05:30,37.63999938964844,37.70000076293945,37.599998474121094,37.70000076293945,427454,0.0,0.0
2025-09-19 09:15:00+05:30,37.65999984741211,37.939998626708984,37.560001373291016,37.86000061035156,415828,0.0,0.0
2025-09-19 09:30:00+05:30,37.869998931884766,38.189998626708984,37.84000015258789,38.16999816894531,983886,0.0,0.0
2025-09-19 09:45:00+05:30,38.119998931884766,38.47999954223633,38.08000183105469,38.349998474121094,1856680,0.0,0.0
2025-09-19 10:00:00+05:30,38.34000015258789,38.34000015258789,38.130001068115234,38.130001068115234,595100,0.0,0.0
2025-09-19 10:15:00+05:30,38.150001525878906,38.36000061035156,38.11000061035156,38.36000061035156,472748,0.0,0.0
2025-09-19 10:30:00+05:30,38.349998474121094,38.439998626708984,38.099998474121094,38.16999816894531,565879,0.0,0.0
2025-09-19 10:45:00+05:30,38.150001525878906,38.189998626708984,38.119998931884766,38.189998626708984,217065,0.0,0.0
2025-09-19 11:00:00+05:30,38.189998626708984,38.20000076293945,38.130001068115234,38.16999816894531,129020,0.0,0.0
2025-09-19 11:15:00+05:30,38.18000030517578,38.2599983215332,38.16999816894531,38.22999954223633,113625,0.0,0.0
2025-09-19 11:30:00+05:30,38.2599983215332,38.27000045776367,38.20000076293945,38.22999954223633,139483,0.0,0.0
2025-09-19 11:45:00+05:30,38.22999954223633,38.38999938964844,38.209999084472656,38.34000015258789,389465,0.0,0.0
2025-09-19 12:00:00+05:30,38.349998474121094,38.43000030517578,38.29999923706055,38.34000015258789,436174,0.0,0.0
2025-09-19 12:15:00+05:30,38.349998474121094,38.369998931884766,38.29999923706055,38.29999923706055,97892,0.0,0.0
2025-09-19 12:30:00+05:30,38.310001373291016,38.34000015258789,38.25,38.25,114840,0.0,0.0
2025-09-19 12:45:00+05:30,38.25,38.27000045776367,38.15999984741211,38.18000030517578,268901,0.0,0.0
2025-09-19 13:00:00+05:30,38.16999816894531,38.380001068115234,38.16999816894531,38.34000015258789,376684,0.0,0.0
2025-09-19 13:15:00+05:30,38.349998474121094,38.369998931884766,38.310001373291016,38.31999969482422,101231,0.0,0.0
2025-09-19 13:30:00+05:30,38.31999969482422,38.34000015258789,38.209999084472656,38.25,247799,0.0,0.0
2025-09-19 13:45:00+05:30,38.2400016784668,38.2400016784668,38.150001525878906,38.16999816894531,156502,0.0,0.0
2025-09-19 14:00:00+05:30,38.18000030517578,38.220001220703125,38.150001525878906,38.16999816894531,89346,0.0,0.0
2025-09-19 14:15:00+05:30,38.189998626708984,38.20000076293945,38.11000061035156,38.130001068115234,104650,0.0,0.0
2025-09-19 14:30:00+05:30,38.130001068115234,38.20000076293945,38.130001068115234,38.20000076293945,119255,0.0,0.0
2025-09-19 14:45:00+05:30,38.20000076293945,38.25,38.130001068115234,38.209999084472656,164427,0.0,0.0
2025-09-19 15:00:00+05:30,38.220001220703125,38.25,38.16999816894531,38.220001220703125,568975,0.0,0.0
2025-09-19 15:15:00+05:30,38.220001220703125,38.25,38.13999938964844,38.20000076293945,975383,0.0,0.0
2025-09-22 09:15:00+05:30,38.189998626708984,38.34000015258789,37.970001220703125,38.34000015258789,355787,0.0,0.0
2025-09-22 09:30:00+05:30,38.380001068115234,38.45000076293945,38.16999816894531,38.31999969482422,591676,0.0,0.0
2025-09-22 09:45:00+05:30,38.31999969482422,38.43000030517578,38.189998626708984,38.2400016784668,491043,0.0,0.0
2025-09-22 10:00:00+05:30,38.2599983215332,38.29999923706055,38.220001220703125,38.220001220703125,96532,0.0,0.0
2025-09-22 10:15:00+05:30,38.220001220703125,38.27000045776367,38.209999084472656,38.22999954223633,140090,0.0,0.0
2025-09-22 10:30:00+05:30,38.2599983215332,38.380001068115234,38.2400016784668,38.290000915527344,210567,0.0,0.0
2025-09-22 10:45:00+05:30,38.27000045776367,38.33000183105469,38.25,38.25,103969,0.0,0.0
2025-09-22 11:00:00+05:30,38.27000045776367,38.27000045776367,38.11000061035156,38.13999938964844,286919,0.0,0.0
2025-09-22 11:15:00+05:30,38.13999938964844,38.150001525878906,38.04999923706055,38.060001373291016,292296,0.0,0.0
2025-09-22 11:30:00+05:30,38.060001373291016,38.16999816894531,38.04999923706055,38.11000061035156,190729,0.0,0.0
2025-09-22 11:45:00+05:30,38.11000061035156,38.2400016784668,38.11000061035156,38.20000076293945,122742,0.0,0.0
2025-09-22 12:00:00+05:30,38.209999084472656,38.220001220703125,38.150001525878906,38.15999984741211,75988,0.0,0.0
2025-09-22 12:15:00+05:30,38.16999816894531,38.20000076293945,38.13999938964844,38.15999984741211,58655,0.0,0.0
2025-09-22 12:30:00+05:30,38.15999984741211,38.16999816894531,38.060001373291016,38.119998931884766,283239,0.0,0.0
2025-09-22 12:45:00+05:30,38.130001068115234,38.13999938964844,38.08000183105469,38.11000061035156,31841,0.0,0.0
2025-09-22 13:00:00+05:30,38.119998931884766,38.16999816894531,38.08000183105469,38.150001525878906,108139,0.0,0.0
2025-09-22 13:15:00+05:30,38.130001068115234,38.150001525878906,38.060001373291016,38.119998931884766,43116,0.0,0.0
2025-09-22 13:30:00+05:30,38.130001068115234,38.15999984741211,38.02000045776367,38.08000183105469,132026,0.0,0.0
2025-09-22 13:45:00+05:30,38.08000183105469,38.099998474121094,38.029998779296875,38.029998779296875,66596,0.0,0.0
2025-09-22 14:00:00+05:30,38.04999923706055,38.06999969482422,38.0,38.0099983215332,76002,0.0,0.0
2025-09-22 14:15:00+05:30,38.02000045776367,38.06999969482422,38.0,38.029998779296875,125621,0.0,0.0
2025-09-22 14:30:00+05:30,38.040000915527344,38.040000915527344,37.900001525878906,37.91999816894531,195206,0.0,0.0
2025-09-22 14:45:00+05:30,37.900001525878906,37.900001525878906,37.77000045776367,37.86000061035156,270580,0.0,0.0
2025-09-22 15:00:00+05:30,37.880001068115234,37.97999954223633,37.849998474121094,37.88999938964844,468602,0.0,0.0
2025-09-22 15:15:00+05:30,37.869998931884766,37.869998931884766,37.709999084472656,37.79999923706055,786523,0.0,0.0
2025-09-23 09:15:00+05:30,37.75,37.79999923706055,37.56999969482422,37.59000015258789,242857,0.0,0.0
2025-09-23 09:30:00+05:30,37.56999969482422,37.720001220703125,37.529998779296875,37.65999984741211,450789,0.0,0.0
2025-09-23 09:45:00+05:30,37.65999984741211,37.65999984741211,37.41999816894531,37.45000076293945,279854,0.0,0.0
2025-09-23 10:00:00+05:30,37.4900016784668,37.86000061035156,37.43000030517578,37.83000183105469,536991,0.0,0.0
2025-09-23 10:15:00+05:30,37.869998931884766,37.970001220703125,37.65999984741211,37.70000076293945,292139,0.0,0.0
2025-09-23 10:30:00+05:30,37.720001220703125,37.7599983215332,37.650001525878906,37.650001525878906,90994,0.0,0.0
2025-09-23 10:45:00+05:30,37.650001525878906,37.709999084472656,37.630001068115234,37.65999984741211,94705,0.0,0.0
2025-09-23 11:00:00+05:30,37.66999816894531,37.709999084472656,37.5099983215332,37.540000915527344,227794,0.0,0.0
2025-09-23 11:15:00+05:30,37.52000045776367,37.599998474121094,37.5099983215332,37.56999969482422,66630,0.0,0.0
2025-09-23 11:30:00+05:30,37.560001373291016,37.59000015258789,37.52000045776367,37.54999923706055,97588,0.0,0.0
2025-09-23 11:45:00+05:30,37.540000915527344,37.59000015258789,37.540000915527344,37.560001373291016,33747,0.0,0.0
2025-09-23 12:00:00+05:30,37.59000015258789,37.650001525878906,37.54999923706055,37.63999938964844,54928,0.0,0.0
2025-09-23 12:15:00+05:30,37.63999938964844,37.7400016784668,37.58000183105469,37.7400016784668,75371,0.0,0.0
2025-09-23 12:30:00+05:30,37.75,37.93000030517578,37.75,37.88999938964844,249059,0.0,0.0
2025-09-23 12:45:00+05:30,37.849998474121094,37.95000076293945,37.810001373291016,37.84000015258789,158145,0.0,0.0
2025-09-23 13:00:00+05:30,37.84000015258789,37.959999084472656,37.810001373291016,37.86000061035156,277180,0.0,0.0
2025-09-23 13:15:00+05:30,37.86000061035156,37.900001525878906,37.790000915527344,37.869998931884766,171263,0.0,0.0
2025-09-23 13:30:00+05:30,37.880001068115234,38.15999984741211,37.79999923706055,38.040000915527344,777144,0.0,0.0
2025-09-23 13:45:00+05:30,38.060001373291016,38.119998931884766,38.02000045776367,38.02000045776367,237499,0.0,0.0
2025-09-23 14:00:00+05:30,38.04999923706055,38.099998474121094,37.959999084472656,37.9900016784668,282603,0.0,0.0
2025-09-23 14:15:00+05:30,38.0,38.029998779296875,37.95000076293945,37.9900016784668,122266,0.0,0.0
2025-09-23 14:30:00+05:30,37.970001220703125,38.02000045776367,37.959999084472656,37.959999084472656,119269,0.0,0.0
2025-09-23 14:45:00+05:30,38.0,38.0,37.91999816894531,37.959999084472656,78695,0.0,0.0
2025-09-23 15:00:00+05:30,37.959999084472656,37.959999084472656,37.84000015258789,37.91999816894531,292210,0.0,0.0
2025-09-23 15:15:00+05:30,37.900001525878906,37.970001220703125,37.849998474121094,37.93000030517578,385240,0.0,0.0
2025-09-24 09:15:00+05:30,38.20000076293945,38.4900016784668,38.06999969482422,38.150001525878906,1129935,0.0,0.0
2025-09-24 09:30:00+05:30,38.119998931884766,38.189998626708984,37.90999984741211,37.95000076293945,569604,0.0,0.0
2025-09-24 09:45:00+05:30,37.95000076293945,38.29999923706055,37.88999938964844,38.25,504399,0.0,0.0
2025-09-24 10:00:00+05:30,38.22999954223633,38.66999816894531,38.22999954223633,38.54999923706055,1911288,0.0,0.0
2025-09-24 10:15:00+05:30,38.599998474121094,38.720001220703125,38.41999816894531,38.459999084472656,1304808,0.0,0.0
2025-09-24 10:30:00+05:30,38.439998626708984,38.459999084472656,38.15999984741211,38.220001220703125,707021,0.0,0.0
2025-09-24 10:45:00+05:30,38.209999084472656,38.220001220703125,38.02000045776367,38.130001068115234,548977,0.0,0.0
2025-09-24 11:00:00+05:30,38.130001068115234,38.130001068115234,37.970001220703125,38.0099983215332,379208,0.0,0.0
2025-09-24 11:15:00+05:30,38.0,38.029998779296875,37.91999816894531,37.959999084472656,307188,0.0,0.0
2025-09-24 11:30:00+05:30,37.959999084472656,38.029998779296875,37.939998626708984,37.959999084472656,155002,0.0,0.0
2025-09-24 11:45:00+05:30,37.95000076293945,37.97999954223633,37.90999984741211,37.939998626708984,60122,0.0,0.0
2025-09-24 12:00:00+05:30,37.939998626708984,37.95000076293945,37.810001373291016,37.93000030517578,207684,0.0,0.0
2025-09-24 12:15:00+05:30,37.93000030517578,37.97999954223633,37.900001525878906,37.900001525878906,80234,0.0,0.0
2025-09-24 12:30:00+05:30,37.91999816894531,37.95000076293945,37.900001525878906,37.900001525878906,32768,0.0,0.0
2025-09-24 12:45:00+05:30,37.900001525878906,37.91999816894531,37.849998474121094,37.869998931884766,29248,0.0,0.0
2025-09-24 13:00:00+05:30,37.869998931884766,37.88999938964844,37.83000183105469,37.849998474121094,29303,0.0,0.0
2025-09-24 13:15:00+05:30,37.869998931884766,37.91999816894531,37.83000183105469,37.90999984741211,272726,0.0,0.0
2025-09-24 13:30:00+05:30,37.900001525878906,37.90999984741211,37.869998931884766,37.900001525878906,79701,0.0,0.0
2025-09-24 13:45:00+05:30,37.880001068115234,37.88999938964844,37.810001373291016,37.86000061035156,94795,0.0,0.0
2025-09-24 14:00:00+05:30,37.869998931884766,37.869998931884766,37.81999969482422,37.84000015258789,55970,0.0,0.0
2025-09-24 14:15:00+05:30,37.84000015258789,37.88999938964844,37.810001373291016,37.83000183105469,156865,0.0,0.0
2025-09-24 14:30:00+05:30,37.84000015258789,37.84000015258789,37.599998474121094,37.630001068115234,398981,0.0,0.0
2025-09-24 14:45:00+05:30,37.65999984741211,37.68000030517578,37.56999969482422,37.599998474121094,170674,0.0,0.0
2025-09-24 15:00:00+05:30,37.61000061035156,37.83000183105469,37.56999969482422,37.720001220703125,503665,0.0,0.0
2025-09-24 15:15:00+05:30,37.75,37.75,37.56999969482422,37.599998474121094,832232,0.0,0.0
2025-09-25 09:15:00+05:30,37.630001068115234,37.65999984741211,37.43000030517578,37.47999954223633,419475,0.0,0.0
2025-09-25 09:30:00+05:30,37.470001220703125,37.56999969482422,37.41999816894531,37.52000045776367,213223,0.0,0.0
2025-09-25 09:45:00+05:30,37.5099983215332,37.650001525878906,37.41999816894531,37.63999938964844,162424,0.0,0.0
2025-09-25 10:00:00+05:30,37.65999984741211,37.72999954223633,37.599998474121094,37.66999816894531,244079,0.0,0.0
2025-09-25 10:15:00+05:30,37.689998626708984,37.72999954223633,37.599998474121094,37.630001068115234,223854,0.0,0.0
2025-09-25 10:30:00+05:30,37.630001068115234,37.63999938964844,37.5,37.5,67765,0.0,0.0
2025-09-25 10:45:00+05:30,37.5,37.619998931884766,37.5,37.540000915527344,88690,0.0,0.0
2025-09-25 11:00:00+05:30,37.540000915527344,37.58000183105469,37.5,37.560001373291016,66350,0.0,0.0
2025-09-25 11:15:00+05:30,37.54999923706055,37.58000183105469,37.5,37.52000045776367,53089,0.0,0.0
2025-09-25 11:30:00+05:30,37.52000045776367,37.540000915527344,37.43000030517578,37.459999084472656,134027,0.0,0.0
2025-09-25 11:45:00+05:30,37.459999084472656,37.459999084472656,37.369998931884766,37.369998931884766,116174,0.0,0.0
2025-09-25 12:00:00+05:30,37.369998931884766,37.40999984741211,37.349998474121094,37.349998474121094,59624,0.0,0.0
2025-09-25 12:15:00+05:30,37.36000061035156,37.439998626708984,37.349998474121094,37.400001525878906,107979,0.0,0.0
2025-09-25 12:30:00+05:30,37.380001068115234,37.5099983215332,37.349998474121094,37.439998626708984,81494,0.0,0.0
2025-09-25 12:45:00+05:30,37.439998626708984,37.5099983215332,37.40999984741211,37.45000076293945,97801,0.0,0.0
2025-09-25 13:00:00+05:30,37.45000076293945,37.560001373291016,37.439998626708984,37.52000045776367,106700,0.0,0.0
2025-09-25 13:15:00+05:30,37.52000045776367,37.54999923706055,37.40999984741211,37.41999816894531,100780,0.0,0.0
2025-09-25 13:30:00+05:30,37.45000076293945,37.47999954223633,37.400001525878906,37.470001220703125,37340,0.0,0.0
2025-09-25 13:45:00+05:30,37.470001220703125,37.5,37.45000076293945,37.470001220703125,35082,0.0,0.0
2025-09-25 14:00:00+05:30,37.470001220703125,37.470001220703125,37.369998931884766,37.45000076293945,42579,0.0,0.0
2025-09-25 14:15:00+05:30,37.439998626708984,37.459999084472656,37.38999938964844,37.41999816894531,76749,0.0,0.0
2025-09-25 14:30:00+05:30,37.41999816894531,37.45000076293945,37.369998931884766,37.400001525878906,78589,0.0,0.0
2025-09-25 14:45:00+05:30,37.38999938964844,37.40999984741211,37.349998474121094,37.36000061035156,152597,0.0,0.0
2025-09-25 15:00:00+05:30,37.380001068115234,37.43000030517578,37.27000045776367,37.31999969482422,420428,0.0,0.0
2025-09-25 15:15:00+05:30,37.31999969482422,37.33000183105469,37.209999084472656,37.25,378838,0.0,0.0
2025-09-26 09:15:00+05:30,37.18000030517578,37.18000030517578,36.56999969482422,36.619998931884766,646696,0.0,0.0
2025-09-26 09:30:00+05:30,36.56999969482422,36.65999984741211,36.400001525878906,36.65999984741211,650749,0.0,0.0
2025-09-26 09:45:00+05:30,36.63999938964844,36.779998779296875,36.599998474121094,36.72999954223633,207423,0.0,0.0
2025-09-26 10:00:00+05:30,36.7599983215332,36.7599983215332,36.5,36.56999969482422,157407,0.0,0.0
2025-09-26 10:15:00+05:30,36.540000915527344,36.61000061035156,36.5099983215332,36.560001373291016,170108,0.0,0.0
2025-09-26 10:30:00+05:30,36.540000915527344,36.63999938964844,36.540000915527344,36.63999938964844,42596,0.0,0.0
2025-09-26 10:45:00+05:30,36.63999938964844,36.63999938964844,36.540000915527344,36.540000915527344,37025,0.0,0.0
2025-09-26 11:00:00+05:30,36.540000915527344,36.59000015258789,36.5,36.58000183105469,98732,0.0,0.0
2025-09-26 11:15:00+05:30,36.58000183105469,36.58000183105469,36.459999084472656,36.52000045776367,80123,0.0,0.0
2025-09-26 11:30:00+05:30,36.540000915527344,36.54999923706055,36.43000030517578,36.45000076293945,74138,0.0,0.0
2025-09-26 11:45:00+05:30,36.45000076293945,36.470001220703125,36.41999816894531,36.470001220703125,89098,0.0,0.0
2025-09-26 12:00:00+05:30,36.5,36.5,36.43000030517578,36.470001220703125,51550,0.0,0.0
2025-09-26 12:15:00+05:30,36.470001220703125,36.4900016784668,36.43000030517578,36.470001220703125,55989,0.0,0.0
2025-09-26 12:30:00+05:30,36.470001220703125,36.5,36.41999816894531,36.45000076293945,102269,0.0,0.0
2025-09-26 12:45:00+05:30,36.41999816894531,36.5,36.41999816894531,36.459999084472656,110070,0.0,0.0
2025-09-26 13:00:00+05:30,36.470001220703125,36.5,36.41999816894531,36.439998626708984,78244,0.0,0.0
2025-09-26 13:15:00+05:30,36.43000030517578,36.470001220703125,36.34000015258789,36.380001068115234,136700,0.0,0.0
2025-09-26 13:30:00+05:30,36.380001068115234,36.380001068115234,36.22999954223633,36.22999954223633,270801,0.0,0.0
2025-09-26 13:45:00+05:30,36.25,36.33000183105469,36.220001220703125,36.22999954223633,194936,0.0,0.0
2025-09-26 14:00:00+05:30,36.22999954223633,36.25,36.119998931884766,36.16999816894531,279199,0.0,0.0
2025-09-26 14:15:00+05:30,36.16999816894531,36.189998626708984,36.11000061035156,36.13999938964844,161587,0.0,0.0
2025-09-26 14:30:00+05:30,36.13999938964844,36.279998779296875,36.130001068115234,36.22999954223633,248723,0.0,0.0
2025-09-26 14:45:00+05:30,36.22999954223633,36.27000045776367,36.16999816894531,36.18000030517578,70397,0.0,0.0
2025-09-26 15:00:00+05:30,36.16999816894531,36.27000045776367,36.119998931884766,36.189998626708984,407593,0.0,0.0
2025-09-26 15:15:00+05:30,36.18000030517578,36.279998779296875,36.150001525878906,36.2599983215332,368086,0.0,0.0
2025-09-29 09:15:00+05:30,36.27000045776367,36.38999938964844,36.11000061035156,36.290000915527344,255475,0.0,0.0
2025-09-29 09:30:00+05:30,36.34000015258789,36.540000915527344,36.34000015258789,36.52000045776367,301915,0.0,0.0
2025-09-29 09:45:00+05:30,36.52000045776367,36.689998626708984,36.52000045776367,36.65999984741211,370015,0.0,0.0
2025-09-29 10:00:00+05:30,36.63999938964844,36.709999084472656,36.58000183105469,36.630001068115234,161362,0.0,0.0
2025-09-29 10:15:00+05:30,36.630001068115234,36.900001525878906,36.630001068115234,36.869998931884766,327175,0.0,0.0
2025-09-29 10:30:00+05:30,36.880001068115234,36.900001525878906,36.70000076293945,36.86000061035156,234722,0.0,0.0
2025-09-29 10:45:00+05:30,36.83000183105469,36.900001525878906,36.709999084472656,36.75,159090,0.0,0.0
2025-09-29 11:00:00+05:30,36.72999954223633,36.84000015258789,36.650001525878906,36.720001220703125,128901,0.0,0.0
2025-09-29 11:15:00+05:30,36.70000076293945,36.720001220703125,36.630001068115234,36.689998626708984,97568,0.0,0.0
2025-09-29 11:30:00+05:30,36.68000030517578,36.689998626708984,36.54999923706055,36.58000183105469,216640,0.0,0.0
2025-09-29 11:45:00+05:30,36.560001373291016,36.58000183105469,36.5099983215332,36.560001373291016,113314,0.0,0.0
2025-09-29 12:00:00+05:30,36.560001373291016,36.560001373291016,36.43000030517578,36.439998626708984,100832,0.0,0.0
2025-09-29 12:15:00+05:30,36.439998626708984,36.529998779296875,36.43000030517578,36.5,182625,0.0,0.0
2025-09-29 12:30:00+05:30,36.52000045776367,36.54999923706055,36.459999084472656,36.459999084472656,103314,0.0,0.0
2025-09-29 12:45:00+05:30,36.459999084472656,36.529998779296875,36.439998626708984,36.529998779296875,37621,0.0,0.0
2025-09-29 13:00:00+05:30,36.529998779296875,36.72999954223633,36.5,36.72999954223633,72876,0.0,0.0
2025-09-29 13:15:00+05:30,36.72999954223633,36.779998779296875,36.68000030517578,36.779998779296875,83192,0.0,0.0
2025-09-29 13:30:00+05:30,36.779998779296875,36.79999923706055,36.70000076293945,36.720001220703125,71807,0.0,0.0
2025-09-29 13:45:00+05:30,36.720001220703125,36.77000045776367,36.650001525878906,36.689998626708984,66417,0.0,0.0
2025-09-29 14:00:00+05:30,36.689998626708984,36.88999938964844,36.689998626708984,36.7599983215332,140291,0.0,0.0
2025-09-29 14:15:00+05:30,36.7599983215332,36.900001525878906,36.7400016784668,36.79999923706055,218522,0.0,0.0
2025-09-29 14:30:00+05:30,36.79999923706055,36.810001373291016,36.689998626708984,36.70000076293945,216663,0.0,0.0
2025-09-29 14:45:00+05:30,36.689998626708984,36.79999923706055,36.650001525878906,36.70000076293945,191730,0.0,0.0
2025-09-29 15:00:00+05:30,36.66999816894531,36.66999816894531,36.47999954223633,36.56999969482422,460884,0.0,0.0
2025-09-29 15:15:00+05:30,36.63999938964844,36.66999816894531,36.470001220703125,36.560001373291016,761689,0.0,0.0
2025-09-30 09:15:00+05:30,36.599998474121094,37.2400016784668,36.5099983215332,37.20000076293945,667214,0.0,0.0
2025-09-30 09:30:00+05:30,37.15999984741211,37.380001068115234,37.029998779296875,37.31999969482422,793033,0.0,0.0
2025-09-30 09:45:00+05:30,37.31999969482422,37.650001525878906,37.27000045776367,37.5,951260,0.0,0.0
2025-09-30 10:00:00+05:30,37.52000045776367,37.54999923706055,37.25,37.290000915527344,258766,0.0,0.0
2025-09-30 10:15:00+05:30,37.290000915527344,37.40999984741211,37.2599983215332,37.29999923706055,222880,0.0,0.0
2025-09-30 10:30:00+05:30,37.31999969482422,37.369998931884766,37.2400016784668,37.349998474121094,352337,0.0,0.0
2025-09-30 10:45:00+05:30,37.349998474121094,37.36000061035156,37.11000061035156,37.189998626708984,228367,0.0,0.0
2025-09-30 11:00:00+05:30,37.189998626708984,37.25,37.15999984741211,37.15999984741211,170712,0.0,0.0
2025-09-30 11:15:00+05:30,37.15999984741211,37.220001220703125,37.150001525878906,37.20000076293945,160201,0.0,0.0
2025-09-30 11:30:00+05:30,37.189998626708984,37.310001373291016,37.16999816894531,37.310001373291016,125717,0.0,0.0
2025-09-30 11:45:00+05:30,37.29999923706055,37.31999969482422,37.15999984741211,37.20000076293945,186496,0.0,0.0
2025-09-30 12:00:00+05:30,37.20000076293945,37.5,37.15999984741211,37.43000030517578,368467,0.0,0.0
2025-09-30 12:15:00+05:30,37.40999984741211,37.470001220703125,37.369998931884766,37.38999938964844,126552,0.0,0.0
2025-09-30 12:30:00+05:30,37.400001525878906,37.400001525878906,37.29999923706055,37.369998931884766,115117,0.0,0.0
2025-09-30 12:45:00+05:30,37.369998931884766,37.369998931884766,37.279998779296875,37.279998779296875,65053,0.0,0.0
2025-09-30 13:00:00+05:30,37.290000915527344,37.290000915527344,37.209999084472656,37.220001220703125,118465,0.0,0.0
2025-09-30 13:15:00+05:30,37.220001220703125,37.22999954223633,37.18000030517578,37.20000076293945,104487,0.0,0.0
2025-09-30 13:30:00+05:30,37.20000076293945,37.20000076293945,37.130001068115234,37.18000030517578,180282,0.0,0.0
2025-09-30 13:45:00+05:30,37.16999816894531,37.22999954223633,37.15999984741211,37.18000030517578,307141,0.0,0.0
2025-09-30 14:00:00+05:30,37.20000076293945,37.25,37.150001525878906,37.220001220703125,148513,0.0,0.0
2025-09-30 14:15:00+05:30,37.220001220703125,37.380001068115234,37.220001220703125,37.369998931884766,246266,0.0,0.0
2025-09-30 14:30:00+05:30,37.369998931884766,37.630001068115234,37.349998474121094,37.630001068115234,516031,0.0,0.0
2025-09-30 14:45:00+05:30,37.619998931884766,37.7400016784668,37.599998474121094,37.720001220703125,384402,0.0,0.0
2025-09-30 15:00:00+05:30,37.720001220703125,37.7400016784668,37.68000030517578,37.7400016784668,456073,0.0,0.0
2025-09-30 15:15:00+05:30,37.7400016784668,37.88999938964844,37.720001220703125,37.88999938964844,965875,0.0,0.0
2025-10-01 09:15:00+05:30,37.95000076293945,37.95000076293945,37.5,37.56999969482422,394555,0.0,0.0
2025-10-01 09:30:00+05:30,37.619998931884766,37.939998626708984,37.54999923706055,37.7400016784668,571657,0.0,0.0
2025-10-01 09:45:00+05:30,37.72999954223633,37.849998474121094,37.70000076293945,37.7400016784668,263032,0.0,0.0
2025-10-01 10:00:00+05:30,37.75,37.869998931884766,37.52000045776367,37.79999923706055,328487,0.0,0.0
2025-10-01 10:15:00+05:30,37.779998779296875,38.06999969482422,37.70000076293945,37.70000076293945,804447,0.0,0.0
2025-10-01 10:30:00+05:30,37.720001220703125,37.7599983215332,37.65999984741211,37.709999084472656,137310,0.0,0.0
2025-10-01 10:45:00+05:30,37.66999816894531,37.66999816894531,37.56999969482422,37.599998474121094,161371,0.0,0.0
2025-10-01 11:00:00+05:30,37.61000061035156,37.61000061035156,37.56999969482422,37.56999969482422,90537,0.0,0.0
2025-10-01 11:15:00+05:30,37.56999969482422,37.810001373291016,37.56999969482422,37.79999923706055,258248,0.0,0.0
2025-10-01 11:30:00+05:30,37.779998779296875,37.81999969482422,37.709999084472656,37.77000045776367,98687,0.0,0.0
2025-10-01 11:45:00+05:30,37.7599983215332,37.7599983215332,37.709999084472656,37.7400016784668,108862,0.0,0.0
2025-10-01 12:00:00+05:30,37.7400016784668,37.7400016784668,37.619998931884766,37.72999954223633,191896,0.0,0.0
2025-10-01 12:15:00+05:30,37.72999954223633,37.7599983215332,37.619998931884766,37.650001525878906,86595,0.0,0.0
2025-10-01 12:30:00+05:30,37.650001525878906,37.97999954223633,37.630001068115234,37.91999816894531,257898,0.0,0.0
2025-10-01 12:45:00+05:30,37.93000030517578,37.97999954223633,37.86000061035156,37.880001068115234,193893,0.0,0.0
2025-10-01 13:00:00+05:30,37.880001068115234,37.95000076293945,37.869998931884766,37.939998626708984,140570,0.0,0.0
2025-10-01 13:15:00+05:30,37.939998626708984,37.97999954223633,37.86000061035156,37.959999084472656,134474,0.0,0.0
2025-10-01 13:30:00+05:30,37.959999084472656,38.060001373291016,37.900001525878906,38.060001373291016,331947,0.0,0.0
2025-10-01 13:45:00+05:30,38.06999969482422,38.20000076293945,38.06999969482422,38.119998931884766,612640,0.0,0.0
2025-10-01 14:00:00+05:30,38.150001525878906,38.150001525878906,38.029998779296875,38.060001373291016,227864,0.0,0.0
2025-10-01 14:15:00+05:30,38.060001373291016,38.06999969482422,37.970001220703125,38.02000045776367,161365,0.0,0.0
2025-10-01 14:30:00+05:30,38.029998779296875,38.029998779296875,37.810001373291016,37.849998474121094,762266,0.0,0.0
2025-10-01 14:45:00+05:30,37.849998474121094,37.88999938964844,37.470001220703125,37.52000045776367,1516009,0.0,0.0
2025-10-01 15:00:00+05:30,37.540000915527344,37.68000030517578,37.4900016784668,37.65999984741211,527675,0.0,0.0
2025-10-01 15:15:00+05:30,37.68000030517578,37.779998779296875,37.61000061035156,37.650001525878906,606725,0.0,0.0
2025-10-03 09:15:00+05:30,37.650001525878906,37.95000076293945,37.650001525878906,37.939998626708984,318658,0.0,0.0
2025-10-03 09:30:00+05:30,37.900001525878906,37.91999816894531,37.689998626708984,37.70000076293945,399855,0.0,0.0
2025-10-03 09:45:00+05:30,37.720001220703125,37.84000015258789,37.630001068115234,37.79999923706055,308417,0.0,0.0
2025-10-03 10:00:00+05:30,37.810001373291016,37.81999969482422,37.630001068115234,37.66999816894531,107033,0.0,0.0
2025-10-03 10:15:00+05:30,37.66999816894531,37.66999816894531,37.56999969482422,37.59000015258789,123216,0.0,0.0
2025-10-03 10:30:00+05:30,37.59000015258789,37.63999938964844,37.5099983215332,37.54999923706055,154404,0.0,0.0
2025-10-03 10:45:00+05:30,37.56999969482422,37.630001068115234,37.529998779296875,37.59000015258789,62116,0.0,0.0
2025-10-03 11:00:00+05:30,37.59000015258789,37.619998931884766,37.56999969482422,37.59000015258789,87196,0.0,0.0
2025-10-03 11:15:00+05:30,37.59000015258789,37.720001220703125,37.58000183105469,37.619998931884766,206856,0.0,0.0
2025-10-03 11:30:00+05:30,37.61000061035156,37.70000076293945,37.61000061035156,37.70000076293945,55911,0.0,0.0
2025-10-03 11:45:00+05:30,37.689998626708984,37.70000076293945,37.619998931884766,37.68000030517578,61139,0.0,0.0
2025-10-03 12:00:00+05:30,37.689998626708984,38.04999923706055,37.65999984741211,37.91999816894531,622027,0.0,0.0
2025-10-03 12:15:00+05:30,37.90999984741211,37.939998626708984,37.810001373291016,37.869998931884766,233770,0.0,0.0
2025-10-03 12:30:00+05:30,37.88999938964844,37.95000076293945,37.810001373291016,37.849998474121094,94714,0.0,0.0
2025-10-03 12:45:00+05:30,37.83000183105469,37.880001068115234,37.75,37.75,70437,0.0,0.0
2025-10-03 13:00:00+05:30,37.77000045776367,37.810001373291016,37.689998626708984,37.790000915527344,133974,0.0,0.0
2025-10-03 13:15:00+05:30,37.790000915527344,37.790000915527344,37.70000076293945,37.72999954223633,68020,0.0,0.0
2025-10-03 13:30:00+05:30,37.720001220703125,37.779998779296875,37.720001220703125,37.779998779296875,79194,0.0,0.0
2025-10-03 13:45:00+05:30,37.779998779296875,37.779998779296875,37.72999954223633,37.7599983215332,23497,0.0,0.0
2025-10-03 14:00:00+05:30,37.7599983215332,37.77000045776367,37.720001220703125,37.720001220703125,33922,0.0,0.0
2025-10-03 14:15:00+05:30,37.720001220703125,37.75,37.70000076293945,37.7400016784668,69875,0.0,0.0
2025-10-03 14:30:00+05:30,37.7599983215332,37.84000015258789,37.709999084472656,37.83000183105469,133228,0.0,0.0
2025-10-03 14:45:00+05:30,37.83000183105469,37.849998474121094,37.7599983215332,37.849998474121094,146251,0.0,0.0
2025-10-03 15:00:00+05:30,37.880001068115234,37.880001068115234,37.790000915527344,37.83000183105469,204906,0.0,0.0
2025-10-03 15:15:00+05:30,37.83000183105469,37.849998474121094,37.7400016784668,37.79999923706055,518196,0.0,0.0
2025-10-06 09:15:00+05:30,38.02000045776367,38.31999969482422,37.959999084472656,38.150001525878906,691401,0.0,0.0
2025-10-06 09:30:00+05:30,38.130001068115234,38.130001068115234,37.84000015258789,37.869998931884766,487083,0.0,0.0
2025-10-06 09:45:00+05:30,37.880001068115234,37.91999816894531,37.779998779296875,37.88999938964844,407143,0.0,0.0
2025-10-06 10:00:00+05:30,37.88999938964844,37.88999938964844,37.72999954223633,37.79999923706055,194106,0.0,0.0
2025-10-06 10:15:00+05:30,37.779998779296875,37.939998626708984,37.75,37.88999938964844,182841,0.0,0.0
2025-10-06 10:30:00+05:30,37.880001068115234,37.880001068115234,37.7599983215332,37.790000915527344,160821,0.0,0.0
2025-10-06 10:45:00+05:30,37.779998779296875,37.810001373291016,37.66999816894531,37.75,205363,0.0,0.0
2025-10-06 11:00:00+05:30,37.7599983215332,37.7599983215332,37.65999984741211,37.70000076293945,152808,0.0,0.0
2025-10-06 11:15:00+05:30,37.66999816894531,37.7400016784668,37.650001525878906,37.68000030517578,75854,0.0,0.0
2025-10-06 11:30:00+05:30,37.66999816894531,37.7400016784668,37.65999984741211,37.68000030517578,49131,0.0,0.0
2025-10-06 11:45:00+05:30,37.68000030517578,37.75,37.66999816894531,37.7400016784668,74891,0.0,0.0
2025-10-06 12:00:00+05:30,37.7400016784668,37.75,37.70000076293945,37.7400016784668,95007,0.0,0.0
2025-10-06 12:15:00+05:30,37.72999954223633,37.7599983215332,37.68000030517578,37.709999084472656,131517,0.0,0.0
2025-10-06 12:30:00+05:30,37.709999084472656,37.709999084472656,37.65999984741211,37.68000030517578,68032,0.0,0.0
2025-10-06 12:45:00+05:30,37.68000030517578,37.70000076293945,37.65999984741211,37.68000030517578,51559,0.0,0.0
2025-10-06 13:00:00+05:30,37.65999984741211,37.70000076293945,37.65999984741211,37.689998626708984,21756,0.0,0.0
2025-10-06 13:15:00+05:30,37.68000030517578,37.70000076293945,37.68000030517578,37.68000030517578,69445,0.0,0.0
2025-10-06 13:30:00+05:30,37.70000076293945,37.72999954223633,37.650001525878906,37.650001525878906,79234,0.0,0.0
2025-10-06 13:45:00+05:30,37.650001525878906,37.7400016784668,37.630001068115234,37.709999084472656,100700,0.0,0.0
2025-10-06 14:00:00+05:30,37.70000076293945,37.72999954223633,37.650001525878906,37.709999084472656,38128,0.0,0.0
2025-10-06 14:15:00+05:30,37.709999084472656,37.75,37.68000030517578,37.689998626708984,47040,0.0,0.0
2025-10-06 14:30:00+05:30,37.709999084472656,37.75,37.689998626708984,37.72999954223633,72618,0.0,0.0
2025-10-06 14:45:00+05:30,37.720001220703125,37.75,37.70000076293945,37.709999084472656,112449,0.0,0.0
2025-10-06 15:00:00+05:30,37.709999084472656,37.84000015258789,37.709999084472656,37.7599983215332,485332,0.0,0.0
2025-10-06 15:15:00+05:30,37.7599983215332,37.79999923706055,37.70000076293945,37.720001220703125,432018,0.0,0.0
