Date,Open,High,Low,Close,Volume,Dividends,Stock Splits
1996-01-01 00:00:00+05:30,1.1692656841423879,1.1692656841423879,1.128746568533086,1.1499708890914917,700000,0.0,0.0
1996-01-02 00:00:00+05:30,1.1499705348160283,1.1673358910144487,1.1383936613520187,1.148041009902954,824000,0.0,0.0
1996-01-03 00:00:00+05:30,1.148040857297336,1.1557587719140898,1.1383935100287934,1.151899814605713,568000,0.0,0.0
1996-01-04 00:00:00+05:30,1.1518998818489103,1.1499704490844893,1.134534618949901,1.1441819667816162,564000,0.0,0.0
1996-01-05 00:00:00+05:30,1.1441821166566815,1.1499705997177812,1.1383937256003989,1.1422526836395264,378000,0.0,0.0
1996-01-08 00:00:00+05:30,1.142252428841375,1.1383934716630513,1.1229576429497565,1.1287460327148438,474000,0.0,0.0
1996-01-09 00:00:00+05:30,1.1287459756613236,1.1287459756613236,1.0805089673680637,1.092085838317871,966000,0.0,0.0
1996-01-10 00:00:00+05:30,1.092086280521254,1.1055926814340518,1.0843683634296062,1.0959452390670776,452000,0.0,0.0
1996-01-11 00:00:00+05:30,1.0959447953011403,1.1113807152390085,1.0805089673680637,1.092085838317871,636000,0.0,0.0
1996-01-12 00:00:00+05:30,1.0920861073496189,1.0940156323189814,1.0805092335478874,1.0901566743850708,862000,0.0,0.0
1996-01-15 00:00:00+05:30,1.0901566604777577,1.0862977025930767,1.0708618710543523,1.0766502618789673,362000,0.0,0.0
1996-01-16 00:00:00+05:30,1.076650192072542,1.080509149707021,1.0573554039001465,1.0573554039001465,716000,0.0,0.0
1996-01-17 00:00:00+05:30,1.0573554396283444,1.0785797533375558,1.0149069042147323,1.0245542526245117,858000,0.0,0.0
1996-01-18 00:00:00+05:30,1.024554557145008,1.024554557145008,1.0033302371274548,1.018766164779663,660000,0.0,0.0
1996-01-19 00:00:00+05:30,1.0187662117700582,1.0149072526802219,0.9782470953243556,0.9859650135040283,852000,0.0,0.0
1996-01-22 00:00:00+05:30,0.9859645701092596,0.9994708748473915,0.972458173366327,0.9821056127548218,718000,0.0,0.0
1996-01-23 00:00:00+05:30,0.9821055296168608,1.0033297472671794,0.9685991340172823,0.9763170480728149,798000,0.0,0.0
1996-01-24 00:00:00+05:30,0.9763173162164502,0.9763173162164502,0.9454456515154773,0.9512340426445007,898000,0.0,0.0
1996-01-25 00:00:00+05:30,0.9512338447394179,0.9454454548146743,0.9300096256756264,0.9396569728851318,780000,0.0,0.0
1996-01-26 00:00:00+05:30,0.9396569728851318,0.9396569728851318,0.9396569728851318,0.9396569728851318,0,0.0,0.0
1996-01-29 00:00:00+05:30,0.9396572182164772,0.962810967970169,0.9242213850473493,0.958952009677887,622000,0.0,0.0
1996-01-30 00:00:00+05:30,0.9589519044316477,0.9840351765809696,0.9589519044316477,0.9724583029747009,904000,0.0,0.0
1996-01-31 00:00:00+05:30,0.9724582456831115,1.0168363045617173,0.984035118607338,0.9994709491729736,688000,0.0,0.0
1996-02-01 00:00:00+05:30,0.9994710438312938,1.0805092539806882,1.0033300018381786,1.072791337966919,848000,0.0,0.0
1996-02-02 00:00:00+05:30,1.0727909119754977,1.1557585221805595,1.0805088249245833,1.1248868703842163,1638000,0.0,0.0
1996-02-05 00:00:00+05:30,1.1248874290180135,1.196278205253039,1.1383938293887583,1.1557590961456299,1812000,0.0,0.0
1996-02-06 00:00:00+05:30,1.1557589255456273,1.176983239565384,1.1383936613520187,1.148041009902954,1776000,0.0,0.0
1996-02-07 00:00:00+05:30,1.1480411496537986,1.1287463581983643,1.0901567752874959,1.1055926084518433,1172000,0.0,0.0
1996-02-08 00:00:00+05:30,1.1055926126182978,1.2155730623359713,1.1133105292295566,1.1750539541244507,1334000,0.0,0.0
1996-02-09 00:00:00+05:30,1.1750538661516001,1.410450489181184,1.2927521316639838,1.408521056175232,3440000,0.0,0.0
1996-02-12 00:00:00+05:30,1.40852102853899,1.4644759646859675,1.3313417777140784,1.3544955253601074,5702000,0.0,0.0
1996-02-13 00:00:00+05:30,1.3892259867031094,1.3892259867031094,1.283104609554913,1.3313416242599487,2902000,0.0,0.0
1996-02-14 00:00:00+05:30,1.3313417244034809,1.4664053389351452,1.3853671334142221,1.4316747188568115,4928000,0.0,0.0
1996-02-15 00:00:00+05:30,1.4316746704048688,1.4548284163401695,1.4162388397813352,1.4220272302627563,2382000,0.0,0.0
1996-02-16 00:00:00+05:30,1.422027282606141,1.4181683248082133,1.3544954751399998,1.3737902641296387,2792000,0.0,0.0
1996-02-19 00:00:00+05:30,1.3737903116092067,1.4085210249956959,1.3506365640214235,1.3564250469207764,2594000,0.0,0.0
1996-02-20 00:00:00+05:30,1.3564246798766644,1.3564246798766644,1.2753864932432788,1.2985402345657349,2722000,0.0,0.0
1996-02-21 00:00:00+05:30,1.2985402345657349,1.2985402345657349,1.2985402345657349,1.2985402345657349,0,0.0,0.0
1996-02-22 00:00:00+05:30,1.298540625786322,1.3409891643329315,1.3120470249626517,1.3216943740844727,1696000,0.0,0.0
1996-02-23 00:00:00+05:30,1.3216941660332346,1.3506363928524623,1.3120468184300274,1.3197647333145142,1374000,0.0,0.0
1996-02-26 00:00:00+05:30,1.3197647176988545,1.3409889373776642,1.302399363411827,1.3062583208084106,1294000,0.0,0.0
1996-02-27 00:00:00+05:30,1.308188169175065,1.3216944774023764,1.273457452008094,1.3101176023483276,1682000,0.0,0.0
1996-02-28 00:00:00+05:30,1.3101176050607843,1.3294123968574802,1.2753869798267319,1.2831048965454102,844000,0.0,0.0
1996-02-29 00:00:00+05:30,1.2734571061605715,1.2734571061605715,1.1576882950559377,1.1827715635299683,2550000,0.0,0.0
1996-03-01 00:00:00+05:30,1.1827719894599773,1.2155731843527569,1.1576887119531656,1.2001372575759888,1464000,0.0,0.0
1996-03-04 00:00:00+05:30,1.2001368253925437,1.1962778680892159,1.1769830815725768,1.1827715635299683,1294000,0.0,0.0
1996-03-05 00:00:00+05:30,1.1827715635299683,1.1827715635299683,1.1827715635299683,1.1827715635299683,0,0.0,0.0
1996-03-06 00:00:00+05:30,1.1827715523946907,1.215572735166568,1.1885599422927875,1.1962778568267822,720000,0.0,0.0
1996-03-07 00:00:00+05:30,1.1962779919906266,1.2155728725104826,1.1673358552204602,1.1808421611785889,972000,0.0,0.0
1996-03-08 00:00:00+05:30,1.1808421950803398,1.1847011528941391,1.1576884481975438,1.1769832372665405,774000,0.0,0.0
1996-03-11 00:00:00+05:30,1.1769834132982788,1.1750539801052153,1.1480411793637257,1.1557590961456299,648000,0.0,0.0
1996-03-12 00:00:00+05:30,1.1557589942822206,1.1557589942822206,1.130675812954164,1.1403231620788574,800000,0.0,0.0
1996-03-13 00:00:00+05:30,1.1403227657129362,1.1962776840031109,1.1576881169080888,1.1885597705841064,972000,0.0,0.0
1996-03-14 00:00:00+05:30,1.1885599230859853,1.2155727155232465,1.1750536188721519,1.1847009658813477,1058000,0.0,0.0
1996-03-15 00:00:00+05:30,1.1962783246775075,1.1962783246775075,1.1576887369155884,1.1576887369155884,1614000,0.0,0.0
1996-03-18 00:00:00+05:30,1.157688296570678,1.1673357358440202,1.1306755954120395,1.151899814605713,776000,0.0,0.0
1996-03-19 00:00:00+05:30,1.1519000362313798,1.1576885193100497,1.1190989388016417,1.1403231620788574,1234000,0.0,0.0
1996-03-20 00:00:00+05:30,1.1403231620788574,1.1403231620788574,1.1403231620788574,1.1403231620788574,0,0.0,0.0
1996-03-21 00:00:00+05:30,1.1403229037511222,1.1634767388157352,1.1383934711652024,1.1596177816390991,1286000,0.0,0.0
1996-03-22 00:00:00+05:30,1.1596181465414073,1.1654065381254226,1.1326053457999175,1.1557590961456299,388000,0.0,0.0
1996-03-25 00:00:00+05:30,1.15575890264237,1.1769832162415323,1.1499705120274777,1.167335867881775,826000,0.0,0.0
1996-03-26 00:00:00+05:30,1.1673360375131918,1.1885602621917422,1.1499706791354478,1.1750539541244507,1286000,0.0,0.0
1996-03-27 00:00:00+05:30,1.1750536378606957,1.2001368140937798,1.1692651559578005,1.1962778568267822,1590000,0.0,0.0
1996-03-28 00:00:00+05:30,1.19627798926458,1.2638098869205683,1.207854954352036,1.2387266159057617,2248000,0.0,0.0
1996-03-29 00:00:00+05:30,1.23872672133498,1.2773163015615332,1.2348677633123246,1.2522330284118652,2712000,0.0,0.0
1996-04-01 00:00:00+05:30,1.2522331255873669,1.273457442361424,1.25030369242872,1.2695984840393066,1926000,0.0,0.0
1996-04-02 00:00:00+05:30,1.2695984901563604,1.3313419156125474,1.2657395318156504,1.3120471239089966,3670000,0.0,0.0
1996-04-03 00:00:00+05:30,1.3120471704470211,1.3892263399987526,1.3120471704470211,1.3467777967453003,4164000,0.0,0.0
1996-04-04 00:00:00+05:30,1.3467775952043943,1.3332711965516164,1.2927520925980964,1.3139764070510864,2268000,0.0,0.0
1996-04-05 00:00:00+05:30,1.3139764070510864,1.3139764070510864,1.3139764070510864,1.3139764070510864,0,0.0,0.0
1996-04-08 00:00:00+05:30,1.3139762695245987,1.33905953925237,1.315905794275106,1.3313416242599487,1850000,0.0,0.0
1996-04-09 00:00:00+05:30,1.3313415898886056,1.3352005472851893,1.2946814486186595,1.3062583208084106,2438000,0.0,0.0
1996-04-10 00:00:00+05:30,1.3062587886850996,1.335201025528429,1.2503038403902522,1.2676692008972168,1808000,0.0,0.0
1996-04-11 00:00:00+05:30,1.2541623969366893,1.2888930148070525,1.2541623969366893,1.2869635820388794,1262000,0.0,0.0
1996-04-12 00:00:00+05:30,1.2869633996042313,1.306258184574839,1.2657390901341667,1.2927517890930176,1128000,0.0,0.0
1996-04-15 00:00:00+05:30,1.3159059830123434,1.333271248233548,1.3023995838360136,1.3216943740844727,1976000,0.0,0.0
1996-04-16 00:00:00+05:30,1.3197646308311017,1.325553020542581,1.296610795970798,1.3023992776870728,1566000,0.0,0.0
1996-04-17 00:00:00+05:30,1.3023994618474508,1.3602839191759275,1.3216942502886735,1.3525660037994385,3092000,0.0,0.0
1996-04-18 00:00:00+05:30,1.3699313542292755,1.4258862902580127,1.352566089533856,1.4104504585266113,5412000,0.0,0.0
1996-04-19 00:00:00+05:30,1.427816022382835,1.5532323114038293,1.3988737876849395,1.4837709665298462,12700000,0.0,0.0
1996-04-22 00:00:00+05:30,1.543584497505332,1.5821740731410432,1.4297451113727762,1.4548283815383911,11286000,0.0,0.0
1996-04-23 00:00:00+05:30,1.4548284655757007,1.4625463811486636,1.4008030565649592,1.4316747188568115,6428000,0.0,0.0
1996-04-24 00:00:00+05:30,1.5030657589935004,1.5628797536380705,1.4664056073101435,1.4837709665298462,10686000,0.0,0.0
1996-04-25 00:00:00+05:30,1.5049949578714619,1.5049949578714619,1.3930850018412269,1.4220272302627563,6666000,0.0,0.0
1996-04-26 00:00:00+05:30,1.4220275495773163,1.4644761853286314,1.398873798442869,1.4278160333633423,4078000,0.0,0.0
1996-04-29 00:00:00+05:30,1.4278157127489854,1.4413220185421736,1.4046619668136848,1.4220272302627563,2700000,0.0,0.0
1996-04-30 00:00:00+05:30,1.422027349581724,1.427815832553651,1.3525661059474927,1.368001937866211,5402000,0.0,0.0
1996-05-01 00:00:00+05:30,1.3680019044967877,1.4567580278692198,1.3930850847504472,1.3988735675811768,3324000,0.0,0.0
1996-05-02 00:00:00+05:30,1.4200979693158686,1.4200979693158686,1.368001988653708,1.3757199048995972,2340000,0.0,0.0
1996-05-03 00:00:00+05:30,1.3757198746989647,1.3776493077156715,1.3467776434098286,1.350636601448059,3558000,0.0,0.0
1996-05-06 00:00:00+05:30,1.3506366551764903,1.3506366551764903,1.2927521902955696,1.3043291568756104,2720000,0.0,0.0
1996-05-07 00:00:00+05:30,1.3043289066759787,1.3274826513850095,1.2927519423166602,1.3178352117538452,3642000,0.0,0.0
1996-05-08 00:00:00+05:30,1.234867693349066,1.3506365194744885,1.234867693349066,1.3448480367660522,3234000,0.0,0.0
1996-05-09 00:00:00+05:30,1.3448480702519345,1.3487070281520406,1.304329058303228,1.3139764070510864,2230000,0.0,0.0
1996-05-10 00:00:00+05:30,1.313976235601578,1.3101172782049944,1.250303392555546,1.3062583208084106,2742000,0.0,0.0
1996-05-13 00:00:00+05:30,1.3062583362642606,1.3216941660332346,1.292751939214007,1.3197647333145142,1424000,0.0,0.0
1996-05-14 00:00:00+05:30,1.3448481223826234,1.3448481223826234,1.3023995838360136,1.3216943740844727,2384000,0.0,0.0
1996-05-15 00:00:00+05:30,1.3216942026821197,1.3506364303038783,1.3120468548114037,1.3429185152053833,3216000,0.0,0.0
1996-05-16 00:00:00+05:30,1.342918333425896,1.4162386089416577,1.3564247290224183,1.3795784711837769,5342000,0.0,0.0
1996-05-17 00:00:00+05:30,1.369931288680617,1.369931288680617,1.3409890595666638,1.362213373184204,2770000,0.0,0.0
1996-05-20 00:00:00+05:30,1.3409891123518285,1.3429186373042885,1.3120469741034402,1.3139764070510864,1866000,0.0,0.0
1996-05-21 00:00:00+05:30,1.3120468520587663,1.3120468520587663,1.2831046244977278,1.2869635820388794,3288000,0.0,0.0
1996-05-22 00:00:00+05:30,1.286963449116734,1.3197646308311017,1.3004697531133826,1.3023992776870728,1290000,0.0,0.0
1996-05-23 00:00:00+05:30,1.3120466660684174,1.3120466660684174,1.2869633996042313,1.2927517890930176,722000,0.0,0.0
1996-05-24 00:00:00+05:30,1.2927519239179668,1.312046802905687,1.2927519239179668,1.3062583208084106,946000,0.0,0.0
1996-05-27 00:00:00+05:30,1.3062582181026297,1.3062582181026297,1.283104475543612,1.2888928651809692,2724000,0.0,0.0
1996-05-28 00:00:00+05:30,1.28889319832974,1.3120470388782788,1.2734573659672597,1.3081880807876587,2780000,0.0,0.0
1996-05-29 00:00:00+05:30,1.3081879997276962,1.3313417468367283,1.3101174326510425,1.3294122219085693,2628000,0.0,0.0
1996-05-30 00:00:00+05:30,1.3506364272676177,1.3506364272676177,1.3023994120080598,1.3159058094024658,1608000,0.0,0.0
1996-05-31 00:00:00+05:30,1.3159057790304942,1.3236236939335044,1.3004698572196707,1.3178352117538452,972000,0.0,0.0
1996-06-03 00:00:00+05:30,1.3178352270208094,1.3506364117410024,1.3178352270208094,1.3313416242599487,1532000,0.0,0.0
1996-06-04 00:00:00+05:30,1.3313419156125474,1.3409892654619107,1.302399682054809,1.3120471239089966,3396000,0.0,0.0
1996-06-05 00:00:00+05:30,1.3120469741034402,1.3313417636039704,1.3081880162033341,1.3139764070510864,874000,0.0,0.0
1996-06-06 00:00:00+05:30,1.3294121363904987,1.3352006187978032,1.3139763059774292,1.3255531787872314,1244000,0.0,0.0
1996-06-07 00:00:00+05:30,1.3197647883847337,1.3294121363904987,1.3139763059774292,1.3255531787872314,810000,0.0,0.0
1996-06-10 00:00:00+05:30,1.3371301684057257,1.3371301684057257,1.3216943366442166,1.32748281955719,1720000,0.0,0.0
1996-06-11 00:00:00+05:30,1.339060089601934,1.339060089601934,1.3120473760263174,1.3236242532730103,2108000,0.0,0.0
1996-06-12 00:00:00+05:30,1.3313417777140784,1.3680019241560317,1.3274828197730735,1.3544955253601074,3314000,0.0,0.0
1996-06-13 00:00:00+05:30,1.3544954090848185,1.4972770246546838,1.350636451475082,1.495347499847412,14640000,0.0,0.0
1996-06-14 00:00:00+05:30,1.514642336791435,1.6091869392892577,1.514642336791435,1.5609499216079712,18072000,0.0,0.0
1996-06-17 00:00:00+05:30,1.5628792746687021,1.593750933149435,1.4856999444572703,1.4934178590774536,13624000,0.0,0.0
1996-06-18 00:00:00+05:30,1.4857003184106357,1.5049952018224493,1.4471107355966542,1.4779824018478394,9416000,0.0,0.0
1996-06-19 00:00:00+05:30,1.5185017400203862,1.5242902243224694,1.4567583981572942,1.4664057493209839,6844000,0.0,0.0
1996-06-20 00:00:00+05:30,1.447110021780629,1.4664048036700819,1.427815239891176,1.4528985023498535,5962000,0.0,0.0
1996-06-21 00:00:00+05:30,1.4278158632459295,1.4528991366554431,1.4104505059616788,1.4200979471206665,4728000,0.0,0.0
1996-06-24 00:00:00+05:30,1.4316746488671424,1.4316746488671424,1.3892260232862024,1.4123798608779907,3862000,0.0,0.0
1996-06-25 00:00:00+05:30,1.4181684396472252,1.420097964704842,1.3930851659271213,1.4046621322631836,8000000,0.0,0.0
1996-06-26 00:00:00+05:30,1.4857003961881363,1.5532323076551833,1.4857003961881363,1.5107836723327637,28122000,0.0,0.0
1996-06-27 00:00:00+05:30,1.5088539638280727,1.5223602700536183,1.4683348611418143,1.5165718793869019,15964000,0.0,0.0
1996-06-28 00:00:00+05:30,1.5281487876747577,1.5628795004886105,1.5088539983364022,1.539725661277771,29918000,0.0,0.0
1996-07-01 00:00:00+05:30,1.5474435841894116,1.5532319746712009,1.49534751782446,1.5069243907928467,22668000,0.0,0.0
1996-07-02 00:00:00+05:30,1.5146423401090878,1.53586665369669,1.495347551395272,1.5030654668807983,12078000,0.0,0.0
1996-07-03 00:00:00+05:30,1.49534756759244,1.504995008056251,1.4779822115595045,1.4876296520233154,15710000,0.0,0.0
1996-07-04 00:00:00+05:30,1.4779818264099738,1.5088535726463674,1.4567576101281376,1.4895586967468262,18954000,0.0,0.0
1996-07-05 00:00:00+05:30,1.4876296520233154,1.5088539658408133,1.485700127128629,1.4876296520233154,6138000,0.0,0.0
1996-07-08 00:00:00+05:30,1.5165718127033665,1.5165718127033665,1.487629584627939,1.495347499847412,3854000,0.0,0.0
1996-07-09 00:00:00+05:30,1.4953473951387228,1.4972769198108835,1.4741230837689583,1.4799115657806396,6828000,0.0,0.0
1996-07-10 00:00:00+05:30,1.470264485285043,1.4857003184106357,1.4567581773025609,1.4779824018478394,7834000,0.0,0.0
1996-07-11 00:00:00+05:30,1.4760529687095516,1.4914888018351444,1.4760529687095516,1.4779824018478394,2592000,0.0,0.0
1996-07-12 00:00:00+05:30,1.4721936875927375,1.4818410351782674,1.4586872905672326,1.4741231203079224,2400000,0.0,0.0
1996-07-15 00:00:00+05:30,1.470264485285043,1.4837708852723481,1.4567581773025609,1.4779824018478394,5116000,0.0,0.0
1996-07-16 00:00:00+05:30,1.4760531885941717,1.4953479828754686,1.454828868882327,1.4683352708816528,6754000,0.0,0.0
1996-07-17 00:00:00+05:30,1.4644758214497215,1.4664052542291044,1.396943926080019,1.4548283815383911,11164000,0.0,0.0
1996-07-18 00:00:00+05:30,1.4471104481077184,1.4644758029265483,1.4297450932888882,1.4432514905929565,4170000,0.0,0.0
1996-07-19 00:00:00+05:30,1.447110381081029,1.4567578204234894,1.4278155944009088,1.4509693384170532,4696000,0.0,0.0
1996-07-22 00:00:00+05:30,1.4760526411960655,1.4760526411960655,1.4316745848043866,1.4471104145050049,1726000,0.0,0.0
1996-07-23 00:00:00+05:30,1.4490401785928118,1.4490401785928118,1.4104505059616788,1.4200979471206665,7390000,0.0,0.0
1996-07-24 00:00:00+05:30,1.4123802106579657,1.4123802106579657,1.3409893394107428,1.396944284439087,12120000,0.0,0.0
1996-07-25 00:00:00+05:30,1.3892258074822155,1.4085206844788845,1.3815078934854648,1.3930847644805908,5084000,0.0,0.0
1996-07-26 00:00:00+05:30,1.3815080901886259,1.4162388001238562,1.3757196998692909,1.4008029699325562,13278000,0.0,0.0
1996-07-29 00:00:00+05:30,1.4085212521044532,1.483770989900359,1.3950148511647453,1.396944284439087,8280000,0.0,0.0
1996-07-30 00:00:00+05:30,1.3892261954460903,1.3892261954460903,1.2695984030836673,1.3641430139541626,24798000,0.0,0.0
1996-07-31 00:00:00+05:30,1.3352007022061652,1.369931322805151,1.2946815988382754,1.3583544492721558,5940000,0.0,0.0
1996-08-01 00:00:00+05:30,1.3699314594268799,1.3776493758852426,1.3506366682809732,1.3699314594268799,2194000,0.0,0.0
1996-08-02 00:00:00+05:30,1.3988734639126716,1.3988734639126716,1.3544954055152498,1.3834376335144043,1644000,0.0,0.0
1996-08-05 00:00:00+05:30,1.3699312537339612,1.4278157104852471,1.3699312537339612,1.3950145244598389,2908000,0.0,0.0
1996-08-06 00:00:00+05:30,1.3911556464996326,1.4664053709829878,1.3911556464996326,1.4567580223083496,4700000,0.0,0.0
1996-08-07 00:00:00+05:30,1.4278157127489854,1.445180976198057,1.4085209244695682,1.4220272302627563,1362000,0.0,0.0
1996-08-08 00:00:00+05:30,1.427815660533434,1.4336040508031724,1.4085208729596317,1.4143092632293701,742000,0.0,0.0
1996-08-09 00:00:00+05:30,1.402732253074646,1.4181680816194064,1.396943771367963,1.402732253074646,656000,0.0,0.0
1996-08-12 00:00:00+05:30,1.4104503550588998,1.4104503550588998,1.3892260419827873,1.3950145244598389,1660000,0.0,0.0
1996-08-13 00:00:00+05:30,1.38922607567371,1.3988735160344925,1.3795787273177373,1.3911556005477905,1678000,0.0,0.0
1996-08-14 00:00:00+05:30,1.3930850531192773,1.3950145780206469,1.369931306331711,1.3737902641296387,1310000,0.0,0.0
1996-08-15 00:00:00+05:30,1.3737902641296387,1.3737902641296387,1.3737902641296387,1.3737902641296387,0,0.0,0.0
1996-08-16 00:00:00+05:30,1.3699314050658313,1.3795788462583698,1.3622134889137278,1.3641430139541626,604000,0.0,0.0
1996-08-19 00:00:00+05:30,1.4085210640263313,1.4085210640263313,1.3274828532186769,1.350636601448059,1220000,0.0,0.0
1996-08-20 00:00:00+05:30,1.3390593650272684,1.3622131069919976,1.2831044426101097,1.2927517890930176,3964000,0.0,0.0
1996-08-21 00:00:00+05:30,1.3313417777140784,1.3892261468291511,1.3313417777140784,1.3544955253601074,1570000,0.0,0.0
1996-08-22 00:00:00+05:30,1.3699311529840068,1.389225939813821,1.3429184514222672,1.348706841468811,976000,0.0,0.0
1996-08-23 00:00:00+05:30,1.3429186853715982,1.356425084507813,1.3429186853715982,1.350636601448059,1724000,0.0,0.0
1996-08-26 00:00:00+05:30,1.3544953059393376,1.3699311352028378,1.3487068239631252,1.366072177886963,2050000,0.0,0.0
1996-08-27 00:00:00+05:30,1.3583545335268787,1.398873639408049,1.356425100487442,1.3892261981964111,1810000,0.0,0.0
1996-08-28 00:00:00+05:30,1.3815080901886259,1.404661927480381,1.3815080901886259,1.4008029699325562,1598000,0.0,0.0
1996-08-29 00:00:00+05:30,1.3892261438935272,1.4258862902580127,1.3872967109295093,1.4104504585266113,1944000,0.0,0.0
1996-08-30 00:00:00+05:30,1.391155569015689,1.4258861879186397,1.391155569015689,1.4220272302627563,1114000,0.0,0.0
1996-09-02 00:00:00+05:30,1.4278156453523894,1.4336040355605837,1.4104502907181997,1.429745078086853,906000,0.0,0.0
1996-09-03 00:00:00+05:30,1.464476028977019,1.464476028977019,1.385367249706292,1.4046621322631836,2128000,0.0,0.0
1996-09-04 00:00:00+05:30,1.3892261438935272,1.4123799834954438,1.3892261438935272,1.4104504585266113,1492000,0.0,0.0
1996-09-05 00:00:00+05:30,1.4181685910549084,1.4432518674529737,1.4143096325325004,1.4278160333633423,2746000,0.0,0.0
1996-09-06 00:00:00+05:30,1.4239566878786587,1.4374629930343144,1.4143092481919304,1.429745078086853,1140000,0.0,0.0
1996-09-09 00:00:00+05:30,1.4355339504081581,1.4355339504081581,1.4200981163185264,1.4278160333633423,2472000,0.0,0.0
1996-09-10 00:00:00+05:30,1.4220271267447868,1.4374629562446528,1.4162387366847375,1.4355335235595703,3004000,0.0,0.0
1996-09-11 00:00:00+05:30,1.4432516472323107,1.4432516472323107,1.423956857564395,1.4374631643295288,2326000,0.0,0.0
1996-09-12 00:00:00+05:30,1.427815849382146,1.4374631984426425,1.4181684083168329,1.4336042404174805,1342000,0.0,0.0
1996-09-13 00:00:00+05:30,1.4258862905287795,1.4432516472323107,1.4258862905287795,1.4374631643295288,616000,0.0,0.0
1996-09-16 00:00:00+05:30,1.414309450291671,1.4432516814827936,1.414309450291671,1.4336042404174805,1282000,0.0,0.0
1996-09-17 00:00:00+05:30,1.4355331526469572,1.4664048036700819,1.427815239891176,1.4528985023498535,1294000,0.0,0.0
1996-09-18 00:00:00+05:30,1.4374629562446528,1.445180870994586,1.4278156088096372,1.4355335235595703,826000,0.0,0.0
1996-09-19 00:00:00+05:30,1.4374630608862902,1.4471105010284027,1.418168272606873,1.4220272302627563,528000,0.0,0.0
1996-09-20 00:00:00+05:30,1.4181683743923121,1.4278158152268452,1.4027325426609107,1.4104504585266113,564000,0.0,0.0
1996-09-23 00:00:00+05:30,1.4046621322631836,1.4123800484840128,1.3795788585430795,1.4046621322631836,1188000,0.0,0.0
1996-09-24 00:00:00+05:30,1.3930850847504472,1.4123799661830037,1.3911556518100796,1.3988735675811768,1210000,0.0,0.0
1996-09-25 00:00:00+05:30,1.3737901750929757,1.423956715219506,1.3737901750929757,1.4008029699325562,460000,0.0,0.0
1996-09-26 00:00:00+05:30,1.3930849996325525,1.3988734821096043,1.3872966091603085,1.3950145244598389,644000,0.0,0.0
1996-09-27 00:00:00+05:30,1.3911556005477905,1.4085209563952752,1.3660723292136039,1.3911556005477905,1810000,0.0,0.0
1996-09-30 00:00:00+05:30,1.3544955255717697,1.3911556720194518,1.3544955255717697,1.381508231163025,828000,0.0,0.0
1996-10-01 00:00:00+05:30,1.3815080901886259,1.423956715219506,1.3583543449016757,1.4008029699325562,2288000,0.0,0.0
1996-10-02 00:00:00+05:30,1.4008029699325562,1.4008029699325562,1.4008029699325562,1.4008029699325562,0,0.0,0.0
1996-10-03 00:00:00+05:30,1.4220274378368578,1.4220274378368578,1.3699314558755493,1.3718609809875488,1320000,0.0,0.0
1996-10-04 00:00:00+05:30,1.3544955255717697,1.3988735879026677,1.3544955255717697,1.381508231163025,1614000,0.0,0.0
1996-10-07 00:00:00+05:30,1.3583543267334237,1.3699311992220558,1.2927519572930377,1.3313416242599487,2570000,0.0,0.0
1996-10-08 00:00:00+05:30,1.275386828050026,1.3409891123518285,1.275386828050026,1.3139764070510864,1570000,0.0,0.0
1996-10-09 00:00:00+05:30,1.37764932916284,1.37764932916284,1.2985406421451497,1.3332712650299072,1328000,0.0,0.0
1996-10-10 00:00:00+05:30,1.3448479964181408,1.3602839191759275,1.3313416905116893,1.3525660037994385,794000,0.0,0.0
1996-10-11 00:00:00+05:30,1.368001958622504,1.3892261818303624,1.3429186853715982,1.350636601448059,420000,0.0,0.0
1996-10-14 00:00:00+05:30,1.3506365360942552,1.3506365360942552,1.3236238311337176,1.3294122219085693,498000,0.0,0.0
1996-10-15 00:00:00+05:30,1.3197648379539335,1.3834376868017444,1.3120469224575206,1.362213373184204,1206000,0.0,0.0
1996-10-16 00:00:00+05:30,1.3120470210657555,1.3853672237921322,1.3120470210657555,1.350636601448059,600000,0.0,0.0
1996-10-17 00:00:00+05:30,1.3409891231907731,1.3602840048520737,1.3390596902275318,1.3564250469207764,606000,0.0,0.0
1996-10-18 00:00:00+05:30,1.3602841098563372,1.3834378592314254,1.3506366682809732,1.3699314594268799,2012000,0.0,0.0
1996-10-21 00:00:00+05:30,1.3699314594268799,1.3699314594268799,1.3699314594268799,1.3699314594268799,0,0.0,0.0
1996-10-22 00:00:00+05:30,1.4451809233479351,1.4644758029265483,1.4085208729601009,1.4432514905929565,1718000,0.0,0.0
1996-10-23 00:00:00+05:30,1.5011360515709804,1.543584587237906,1.4702642972629507,1.514642357826233,2168000,0.0,0.0
1996-10-24 00:00:00+05:30,1.5049952958163284,1.5204311299059599,1.4143096325325004,1.4278160333633423,1642000,0.0,0.0
1996-10-25 00:00:00+05:30,1.4200976797288607,1.4548282957530771,1.4143091977224245,1.4509693384170532,594000,0.0,0.0
1996-10-28 00:00:00+05:30,1.4509699100260676,1.4760531885941717,1.4471109511698081,1.4683352708816528,1226000,0.0,0.0
1996-10-29 00:00:00+05:30,1.4548286521594505,1.4934182349734322,1.4548286521594505,1.4779824018478394,1556000,0.0,0.0
1996-10-30 00:00:00+05:30,1.4779824018478394,1.4779824018478394,1.4779824018478394,1.4779824018478394,0,0.0,0.0
1996-10-31 00:00:00+05:30,1.476052694140435,1.504994921869621,1.422027196245634,1.4548283815383911,1462000,0.0,0.0
1996-11-01 00:00:00+05:30,1.4471104481081816,1.4818410657410481,1.4471104481081816,1.472193717956543,1244000,0.0,0.0
1996-11-04 00:00:00+05:30,1.4297450283620685,1.4856999557875206,1.4297450283620685,1.4799115657806396,1388000,0.0,0.0
1996-11-05 00:00:00+05:30,1.4741231507115222,1.485700023255811,1.4567578878974912,1.472193717956543,1142000,0.0,0.0
1996-11-06 00:00:00+05:30,1.464475802927017,1.476052675471306,1.4355335755638925,1.472193717956543,1194000,0.0,0.0
1996-11-07 00:00:00+05:30,1.4625467904545406,1.4760531924895104,1.4625467904545406,1.4664057493209839,778000,0.0,0.0
1996-11-08 00:00:00+05:30,1.4702641931967593,1.4818410657410481,1.4664052356819963,1.472193717956543,488000,0.0,0.0
1996-11-11 00:00:00+05:30,1.4934179414126474,1.5339370414049103,1.4857000263669597,1.5281486511230469,894000,0.0,0.0
1996-11-12 00:00:00+05:30,1.5281486511230469,1.5281486511230469,1.5281486511230469,1.5281486511230469,0,0.0,0.0
1996-11-13 00:00:00+05:30,1.5146423544947891,1.543584583842804,1.504995006048658,1.5165718793869019,1112000,0.0,0.0
1996-11-14 00:00:00+05:30,1.5204311806743824,1.5262195726488592,1.4972774287668127,1.504995346069336,716000,0.0,0.0
1996-11-15 00:00:00+05:30,1.4972770762690586,1.5146423401090878,1.4914885936525089,1.5030654668807983,444000,0.0,0.0
1996-11-18 00:00:00+05:30,1.5049948167870493,1.5146421640199719,1.4895588956057346,1.4972769021987915,772000,0.0,0.0
1996-11-19 00:00:00+05:30,1.4992065075093055,1.5049949901195667,1.4664053207290488,1.4760527610778809,1064000,0.0,0.0
1996-11-20 00:00:00+05:30,1.4625467865948456,1.4760531885941717,1.4567583943128748,1.4683352708816528,758000,0.0,0.0
1996-11-21 00:00:00+05:30,1.485700539732402,1.485700539732402,1.4625467865948456,1.4683352708816528,754000,0.0,0.0
1996-11-22 00:00:00+05:30,1.4741236631636236,1.4741236631636236,1.4644763120253936,1.4683352708816528,680000,0.0,0.0
1996-11-25 00:00:00+05:30,1.4644763120253936,1.4972775083060164,1.3911560017516291,1.4683352708816528,2122000,0.0,0.0
1996-11-26 00:00:00+05:30,1.4625467865948456,1.4760531885941717,1.4567583943128748,1.4683352708816528,812000,0.0,0.0
1996-11-27 00:00:00+05:30,1.4664053402395574,1.4664053402395574,1.4336041530228814,1.458687424659729,298000,0.0,0.0
1996-11-28 00:00:00+05:30,1.4490404766003562,1.4721942297379123,1.4451814257392603,1.4683352708816528,626000,0.0,0.0
1996-11-29 00:00:00+05:30,1.504995429990253,1.504995429990253,1.4586878315880973,1.4664057493209839,288000,0.0,0.0
1996-12-02 00:00:00+05:30,1.4664057493209839,1.4702647081874272,1.452899439290851,1.4664057493209839,496000,0.0,0.0
1996-12-03 00:00:00+05:30,1.4393928863292265,1.4721940792570636,1.4393928863292265,1.4702645540237427,1160000,0.0,0.0
1996-12-04 00:00:00+05:30,1.4297452823923187,1.445181114492966,1.422027366341995,1.4336042404174805,710000,0.0,0.0
1996-12-05 00:00:00+05:30,1.4278156605339096,1.4567578878970249,1.4278156605339096,1.4432514905929565,494000,0.0,0.0
1996-12-06 00:00:00+05:30,1.4471107215875685,1.462546554563731,1.4355338468554466,1.4393928050994873,310000,0.0,0.0
1996-12-09 00:00:00+05:30,1.4432516472323107,1.456758046002259,1.4297452484623625,1.4374631643295288,346000,0.0,0.0
1996-12-10 00:00:00+05:30,1.429745214714093,1.4490400959313792,1.4278157817952517,1.4413220882415771,770000,0.0,0.0
1996-12-11 00:00:00+05:30,1.447110399818525,1.4664051867484784,1.4432514424325344,1.4625462293624878,762000,0.0,0.0
1996-12-12 00:00:00+05:30,1.476052811662439,1.4779822445954414,1.4393926658872627,1.4567580223083496,826000,0.0,0.0
1996-12-13 00:00:00+05:30,1.4393924996546958,1.4625462442056234,1.4374629749397174,1.4471104145050049,460000,0.0,0.0
1996-12-16 00:00:00+05:30,1.476052675471306,1.4818410657410481,1.4490399728679653,1.472193717956543,1052000,0.0,0.0
1996-12-17 00:00:00+05:30,1.4683349970845345,1.5049951453854815,1.4606170808111583,1.4992066621780396,1272000,0.0,0.0
1996-12-18 00:00:00+05:30,1.5242895557883993,1.5242895557883993,1.4779819776961602,1.4856998920440674,636000,0.0,0.0
1996-12-19 00:00:00+05:30,1.485700109421903,1.5030654652478763,1.4664053207290488,1.4760527610778809,492000,0.0,0.0
1996-12-20 00:00:00+05:30,1.4683349970845345,1.5030656203147277,1.4683349970845345,1.4992066621780396,488000,0.0,0.0
1996-12-23 00:00:00+05:30,1.5049951583443115,1.516572032854059,1.485700275489912,1.512713074684143,846000,0.0,0.0
1996-12-24 00:00:00+05:30,1.5146423752745972,1.5416550801010942,1.491488628280457,1.5262192487716675,1192000,0.0,0.0
1996-12-25 00:00:00+05:30,1.5262192487716675,1.5262192487716675,1.5262192487716675,1.5262192487716675,0,0.0,0.0
1996-12-26 00:00:00+05:30,1.5435844904834592,1.6130457263117552,1.5339370506160155,1.580244541168213,1148000,0.0,0.0
1996-12-27 00:00:00+05:30,1.580244541168213,1.580244541168213,1.580244541168213,1.580244541168213,0,0.0,0.0
1996-12-30 00:00:00+05:30,1.580244541168213,1.580244541168213,1.580244541168213,1.580244541168213,0,0.0,0.0
1996-12-31 00:00:00+05:30,1.5821743217426287,1.6188345623640599,1.5049951583443115,1.512713074684143,1786000,0.0,0.0
1997-01-01 00:00:00+05:30,1.5976103237714254,1.6188347339630127,1.562879788565513,1.6188347339630127,1784000,0.0,0.0
1997-01-02 00:00:00+05:30,1.6400584452080003,1.6574237993635037,1.584103517378935,1.5918214321136475,1992000,0.0,0.0
1997-01-03 00:00:00+05:30,1.5995397531593596,1.6188346369021787,1.5821743945927522,1.6014692783355713,992000,0.0,0.0
1997-01-06 00:00:00+05:30,1.6207638539136884,1.6497061773108537,1.5976101056017367,1.6033986806869507,1224000,0.0,0.0
1997-01-07 00:00:00+05:30,1.5918216340223876,1.6342702624523464,1.5918216340223876,1.6246228218078613,1928000,0.0,0.0
1997-01-08 00:00:00+05:30,1.6400582534236468,1.6882952608772834,1.6400582534236468,1.6709299087524414,1920000,0.0,0.0
1997-01-09 00:00:00+05:30,1.6593532943270504,1.6960133426578747,1.6593532943270504,1.682507038116455,1800000,0.0,0.0
1997-01-10 00:00:00+05:30,1.7172372857138771,1.8002049922943115,1.7172372857138771,1.8002049922943115,2990000,0.0,0.0
1997-01-13 00:00:00+05:30,1.8735257811333272,1.8735257811333272,1.7558275237927023,1.780910611152649,2980000,0.0,0.0
1997-01-14 00:00:00+05:30,1.780910672326425,1.811782519386837,1.7461801433991044,1.7770518064498901,3316000,0.0,0.0
1997-01-15 00:00:00+05:30,1.7944172588355962,1.9024680852890015,1.7944172588355962,1.9024680852890015,6652000,0.0,0.0
1997-01-16 00:00:00+05:30,1.9680706790249796,2.0356025909170206,1.7693341778710443,1.7847700119018555,6890000,0.0,0.0
1997-01-17 00:00:00+05:30,1.6882957349289005,1.8619489369177347,1.6882957349289005,1.7828402519226074,4386000,0.0,0.0
1997-01-20 00:00:00+05:30,1.763545326573454,1.7751221070750973,1.7037313472829354,1.7133787870407104,2304000,0.0,0.0
1997-01-21 00:00:00+05:30,1.7133790300111966,1.7133790300111966,1.630411293942312,1.6574240922927856,4306000,0.0,0.0
1997-01-22 00:00:00+05:30,1.7365324323751548,1.7635452253444457,1.67864798116073,1.753897786140442,2944000,0.0,0.0
1997-01-23 00:00:00+05:30,1.753897786140442,1.753897786140442,1.753897786140442,1.753897786140442,0,0.0,0.0
1997-01-24 00:00:00+05:30,1.753897786140442,1.759686176059005,1.7346029077324345,1.753897786140442,1830000,0.0,0.0
1997-01-27 00:00:00+05:30,1.755827432831909,1.8175707536139964,1.755827432831909,1.8098528385162354,5444000,0.0,0.0
1997-01-28 00:00:00+05:30,1.8098527146445482,1.8908909096293487,1.7944168855055003,1.8793139457702637,5200000,0.0,0.0
1997-01-29 00:00:00+05:30,1.9680703790244063,1.9680703790244063,1.8021350964825151,1.8156414031982422,5428000,0.0,0.0
1997-01-30 00:00:00+05:30,1.8156414576206639,1.8330068147811849,1.778981402289279,1.8214298486709595,2882000,0.0,0.0
1997-01-31 00:00:00+05:30,1.9294807807703638,1.9294807807703638,1.7365327026933273,1.7770518064498901,3560000,0.0,0.0
1997-02-03 00:00:00+05:30,1.7423210922317953,1.7461801421151193,1.7018019885050268,1.7230263948440552,3658000,0.0,0.0
1997-02-04 00:00:00+05:30,1.7095198091870119,1.7886286713088697,1.7095198091870119,1.7596863508224487,6714000,0.0,0.0
1997-02-05 00:00:00+05:30,1.8291478181684337,1.833006868321105,1.7712635379554786,1.7751224040985107,2382000,0.0,0.0
1997-02-06 00:00:00+05:30,1.7751223359233177,1.790558167921897,1.7596865039247382,1.7828402519226074,1178000,0.0,0.0
1997-02-07 00:00:00+05:30,1.7712635379554786,1.7886288956232208,1.7674044878028075,1.7751224040985107,1298000,0.0,0.0
1997-02-10 00:00:00+05:30,1.7654747801574726,1.7905580515270392,1.7654747801574726,1.780910611152649,1378000,0.0,0.0
1997-02-11 00:00:00+05:30,1.7751217278860507,1.8233587323612672,1.7751217278860507,1.8002049922943115,2582000,0.0,0.0
1997-02-12 00:00:00+05:30,1.8137121626323536,1.8310775219953095,1.7944174620143585,1.8252891302108765,2436000,0.0,0.0
1997-02-13 00:00:00+05:30,1.8137119464687006,1.8272184377021758,1.8040646893143206,1.8079235553741455,1370000,0.0,0.0
1997-02-14 00:00:00+05:30,1.8137117040603106,1.8195002783908392,1.8040644481953174,1.8098528385162354,1394000,0.0,0.0
1997-02-17 00:00:00+05:30,1.833007113267379,1.8349366386015589,1.8059943106178546,1.8195008039474487,1426000,0.0,0.0
1997-02-18 00:00:00+05:30,1.8098526165218556,1.819500055213116,1.7847693495284138,1.7924872636795044,2090000,0.0,0.0
1997-02-19 00:00:00+05:30,1.8002056323411355,1.8137119395131793,1.7944172412687787,1.8117825984954834,1378000,0.0,0.0
1997-02-20 00:00:00+05:30,1.8098529944437562,1.8098529944437562,1.7751222815068093,1.7770518064498901,1478000,0.0,0.0
1997-02-21 00:00:00+05:30,1.7731926533484796,1.792487533636904,1.6979430250447798,1.7616158723831177,1638000,0.0,0.0
1997-02-24 00:00:00+05:30,1.7423212163338366,1.77126354049139,1.7037316348000715,1.7210969924926758,1514000,0.0,0.0
1997-02-25 00:00:00+05:30,1.7018021166945794,1.7326737820480966,1.6902253341918305,1.717237949371338,1860000,0.0,0.0
1997-02-26 00:00:00+05:30,1.703731380295145,1.7442504808552284,1.703731380295145,1.7384620904922485,1160000,0.0,0.0
1997-02-27 00:00:00+05:30,1.7403918385931771,1.813711949957608,1.7403918385931771,1.8059940338134766,2102000,0.0,0.0
1997-02-28 00:00:00+05:30,1.89089049800139,1.912114712444882,1.8137111850977172,1.8696660995483398,3134000,0.0,0.0
1997-03-03 00:00:00+05:30,2.016307556342438,2.1417239285227536,2.0008717234601905,2.0471792221069336,11644000,0.0,0.0
1997-03-04 00:00:00+05:30,2.0491085052490234,2.0741917767231084,2.006659877830601,2.0491085052490234,6578000,0.0,0.0
1997-03-05 00:00:00+05:30,2.1224288940429688,2.19189013705909,2.1031340123114535,2.1224288940429688,11002000,0.0,0.0
1997-03-06 00:00:00+05:30,2.083838977629573,2.1185695015168395,2.0491082697327068,2.106992721557617,4938000,0.0,0.0
1997-03-07 00:00:00+05:30,2.106992721557617,2.106992721557617,2.106992721557617,2.106992721557617,0,0.0,0.0
1997-03-10 00:00:00+05:30,2.0684031391010103,2.0934864075800337,1.973858455138661,1.9931533336639404,9368000,0.0,0.0
1997-03-11 00:00:00+05:30,1.9873658892836792,2.04525036839091,1.9333404613214509,1.9545646905899048,6698000,0.0,0.0
1997-03-12 00:00:00+05:30,2.0413907221820042,2.0548970292330613,1.998942092009155,2.035602331161499,4236000,0.0,0.0
1997-03-13 00:00:00+05:30,2.041391070792758,2.054897380150303,1.9796477320043637,1.9970130920410156,1904000,0.0,0.0
1997-03-14 00:00:00+05:30,1.9777175044475566,2.0066596382258766,1.9564932852774286,1.9931533336639404,2512000,0.0,0.0
1997-03-17 00:00:00+05:30,1.9892948936015284,2.0028012010506084,1.9719295360186329,1.9854358434677124,1992000,0.0,0.0
1997-03-18 00:00:00+05:30,1.9873648044114764,1.9892943289306795,1.935268746450508,1.950704574584961,3582000,0.0,0.0
1997-03-19 00:00:00+05:30,1.979647106557024,1.9931534116474032,1.9063268229056964,1.914044737815857,1838000,0.0,0.0
1997-03-20 00:00:00+05:30,1.8947500436996498,1.9275512312757217,1.88124373728937,1.9063270092010498,1392000,0.0,0.0
1997-03-21 00:00:00+05:30,1.927551358860951,1.9410578501748539,1.8928208280771746,1.9024680852890015,1264000,0.0,0.0
1997-03-24 00:00:00+05:30,1.9024680852890015,1.9024680852890015,1.9024680852890015,1.9024680852890015,0,0.0,0.0
1997-03-25 00:00:00+05:30,1.896678878583392,1.9179030929364373,1.8619481787242658,1.8754546642303467,2260000,0.0,0.0
1997-03-26 00:00:00+05:30,1.910186389323043,1.92948127568375,1.8812442437916563,1.9256222248077393,1454000,0.0,0.0
1997-03-27 00:00:00+05:30,1.9256212653016518,1.939127752627951,1.8986086586682176,1.9294803142547607,1210000,0.0,0.0
1997-03-28 00:00:00+05:30,1.9294803142547607,1.9294803142547607,1.9294803142547607,1.9294803142547607,0,0.0,0.0
1997-03-31 00:00:00+05:30,1.7944172006926513,1.8233593394096175,1.736532739249089,1.7442506551742554,2518000,0.0,0.0
1997-04-01 00:00:00+05:30,1.7365323400816999,1.8021347023707648,1.6786478919437255,1.7924872636795044,2740000,0.0,0.0
1997-04-02 00:00:00+05:30,1.8272185774451577,1.9005388782856116,1.8272185774451577,1.888961911201477,1798000,0.0,0.0
1997-04-03 00:00:00+05:30,1.8947498324435097,1.9487754200802658,1.890890967046372,1.9429868459701538,2490000,0.0,0.0
1997-04-04 00:00:00+05:30,1.9294803142547607,1.939127752627951,1.9101854375083802,1.9294803142547607,3442000,0.0,0.0
1997-04-07 00:00:00+05:30,1.9198332763866992,1.9680702943060113,1.9140448857590753,1.9410576820373535,3844000,0.0,0.0
1997-04-08 00:00:00+05:30,1.9410576820373535,1.9410576820373535,1.9410576820373535,1.9410576820373535,0,0.0,0.0
1997-04-09 00:00:00+05:30,1.987365219539725,2.0259547979365924,1.9719293881809778,2.0143778324127197,2822000,0.0,0.0
1997-04-10 00:00:00+05:30,1.9873658892836792,1.9931542819914962,1.9236930174686313,1.9545646905899048,2938000,0.0,0.0
1997-04-11 00:00:00+05:30,1.9333397041482216,2.016307247165811,1.8947499438502386,2.002800941467285,4956000,0.0,0.0
1997-04-14 00:00:00+05:30,2.002800941467285,2.002800941467285,2.002800941467285,2.002800941467285,0,0.0,0.0
1997-04-15 00:00:00+05:30,1.995083504914044,2.0124488644128937,1.9680707030258717,2.0008718967437744,2970000,0.0,0.0
1997-04-16 00:00:00+05:30,2.0008718967437744,2.0008718967437744,2.0008718967437744,2.0008718967437744,0,0.0,0.0
1997-04-17 00:00:00+05:30,2.0317430775235232,2.141723599948859,2.0317430775235232,2.116640329360962,10544000,0.0,0.0
1997-04-18 00:00:00+05:30,2.116640329360962,2.116640329360962,2.116640329360962,2.116640329360962,0,0.0,0.0
1997-04-21 00:00:00+05:30,2.2381979547188777,2.2381979547188777,2.1629481321275743,2.2150440216064453,7436000,0.0,0.0
1997-04-22 00:00:00+05:30,2.242056977446707,2.2574928112596893,2.189961084330305,2.230480194091797,6736000,0.0,0.0
1997-04-23 00:00:00+05:30,2.2478446151484346,2.2478446151484346,2.1996076046601885,2.2034666538238525,5042000,0.0,0.0
1997-04-24 00:00:00+05:30,2.21504439974715,2.255563513596655,2.1918906466916717,2.199608564376831,4480000,0.0,0.0
1997-04-25 00:00:00+05:30,2.1899604828747665,2.193819348263378,2.1706656039028993,2.188030958175659,2314000,0.0,0.0
1997-04-28 00:00:00+05:30,2.1880317760145886,2.2169739212807333,2.1610189721590936,2.2015380859375,4434000,0.0,0.0
1997-04-29 00:00:00+05:30,2.189960349770213,2.209255043559756,2.186101300606549,2.2034666538238525,4784000,0.0,0.0
1997-04-30 00:00:00+05:30,2.3173064167384387,2.32502433235083,2.220832379578733,2.245915651321411,8246000,0.0,0.0
1997-05-01 00:00:00+05:30,2.245915651321411,2.245915651321411,2.245915651321411,2.245915651321411,0,0.0,0.0
1997-05-02 00:00:00+05:30,2.247844341959084,2.247844341959084,2.1996073373332705,2.238197088241577,4726000,0.0,0.0
1997-05-05 00:00:00+05:30,2.218902688686806,2.240126909030786,2.211184773651758,2.2362680435180664,3942000,0.0,0.0
1997-05-06 00:00:00+05:30,2.2285496505145006,2.2497738663064135,2.2189022127874236,2.238197088241577,5166000,0.0,0.0
1997-05-07 00:00:00+05:30,2.238197088241577,2.2555622553388313,2.2227612614820824,2.238197088241577,1780000,0.0,0.0
1997-05-08 00:00:00+05:30,2.240127206821234,2.3944857120513916,2.2381978658132025,2.3944857120513916,18452000,0.0,0.0
1997-05-09 00:00:00+05:30,2.46780618146514,2.5372674309352865,2.3636142152550974,2.4022037982940674,21176000,0.0,0.0
1997-05-12 00:00:00+05:30,2.392556445908896,2.4099218049275493,2.257492808222203,2.282576084136963,10592000,0.0,0.0
1997-05-13 00:00:00+05:30,2.2767871167327405,2.3501074007099705,2.265210152311238,2.323094606399536,8396000,0.0,0.0
1997-05-14 00:00:00+05:30,2.373261319961251,2.388697150984607,2.21890282571807,2.330812692642212,6324000,0.0,0.0
1997-05-15 00:00:00+05:30,2.325024916774074,2.3308133089359444,2.2845058036216415,2.3153774738311768,3408000,0.0,0.0
1997-05-16 00:00:00+05:30,2.299940279813537,2.32695306729129,2.2902928425707993,2.3095877170562744,2392000,0.0,0.0
1997-05-19 00:00:00+05:30,2.3153767218216337,2.325024161631146,2.2864345864027067,2.2922229766845703,1914000,0.0,0.0
1997-05-20 00:00:00+05:30,2.2980113368276203,2.40992119552718,2.247844797683788,2.323094606399536,10912000,0.0,0.0
1997-05-21 00:00:00+05:30,2.38869689767442,2.38869689767442,2.2671396032488613,2.276787042617798,8426000,0.0,0.0
1997-05-22 00:00:00+05:30,2.2671397753510227,2.28450513073142,2.2189027588541923,2.226620674133301,5038000,0.0,0.0
1997-05-23 00:00:00+05:30,2.2362674613641107,2.2362674613641107,2.203466285001686,2.218902111053467,3246000,0.0,0.0
1997-05-26 00:00:00+05:30,2.2053961784056844,2.2343383110947954,2.1996076046601885,2.2034666538238525,2324000,0.0,0.0
1997-05-27 00:00:00+05:30,2.1957491099468913,2.2111849411865134,2.122428819553875,2.1340057849884033,4916000,0.0,0.0
1997-05-28 00:00:00+05:30,2.161018794256575,2.161018794256575,2.0799805733711083,2.1108522415161133,3464000,0.0,0.0
1997-05-29 00:00:00+05:30,2.097345581847164,2.1610184327470328,2.0857688002342565,2.1571595668792725,4256000,0.0,0.0
1997-05-30 00:00:00+05:30,2.159088410242097,2.1976781640843717,2.1378641928365125,2.184171676635742,3074000,0.0,0.0
1997-06-02 00:00:00+05:30,2.1996078182845444,2.3230946433708612,2.1996078182845444,2.2883639335632324,6544000,0.0,0.0
1997-06-03 00:00:00+05:30,2.2883640371887983,2.40799181815385,2.261351425234843,2.359754800796509,9258000,0.0,0.0
1997-06-04 00:00:00+05:30,2.5083249687835822,2.51604288440407,2.4118509315226753,2.465876340866089,39888000,0.0,0.0
1997-06-05 00:00:00+05:30,2.4697351110462558,2.471664635735314,2.43693392737068,2.4446518421173096,10560000,0.0,0.0
1997-06-06 00:00:00+05:30,2.4311455373131086,2.454299281552997,2.4195685731883634,2.4446518421173096,8902000,0.0,0.0
1997-06-09 00:00:00+05:30,2.493506972262588,2.493506972262588,2.4563778462509815,2.46224045753479,5668000,0.04,0.0
1997-06-10 00:00:00+05:30,2.4681016065677106,2.4856890586010274,2.4583307791755313,2.4798264503479004,4480000,0.0,0.0
1997-06-11 00:00:00+05:30,2.4817810368260127,2.509139320481581,2.4739644109762873,2.495460271835327,9200000,0.0,0.0
1997-06-12 00:00:00+05:30,2.495460611945906,2.5130478827324914,2.4876437986677535,2.507185459136963,8212000,0.0,0.0
1997-06-13 00:00:00+05:30,2.5130476524328755,2.573626645245403,2.493506180117563,2.534543514251709,24076000,0.0,0.0
1997-06-16 00:00:00+05:30,2.520864092829752,2.5462681726939964,2.4856893707095367,2.503276824951172,6840000,0.0,0.0
1997-06-17 00:00:00+05:30,2.5052305361082334,2.55603868964141,2.5052305361082334,2.548222064971924,7940000,0.0,0.0
1997-06-18 00:00:00+05:30,2.565810346549313,2.5697185669659977,2.5091397527841974,2.5228188037872314,7774000,0.0,0.0
1997-06-19 00:00:00+05:30,2.501323024711873,2.518910481785399,2.487643787897417,2.511093854904175,3726000,0.0,0.0
1997-06-20 00:00:00+05:30,2.5150024251755307,2.5169566287585745,2.4817817097162376,2.485690116882324,4102000,0.0,0.0
1997-06-23 00:00:00+05:30,2.487643229339842,2.4915516350844316,2.4466060871999145,2.45442271232605,5602000,0.0,0.0
1997-06-24 00:00:00+05:30,2.446606376190427,2.4622396282892804,2.432927140831631,2.4602854251861572,4094000,0.0,0.0
1997-06-25 00:00:00+05:30,2.462239155455849,2.462239155455849,2.4075225972542316,2.419247627258301,6768000,0.0,0.0
1997-06-26 00:00:00+05:30,2.419248144937185,2.4387896173081445,2.4114315187161868,2.429018974304199,3722000,0.0,0.0
1997-06-27 00:00:00+05:30,2.4817813685313244,2.4817813685313244,2.411431726481136,2.415339946746826,4000000,0.0,0.0
1997-06-30 00:00:00+05:30,2.4036141672927442,2.450513910468453,2.3957975434301257,2.442697286605835,4448000,0.0,0.0
1997-07-01 00:00:00+05:30,2.4622397171858035,2.52086432149155,2.432927228669858,2.513047695159912,9870000,0.0,0.0
1997-07-02 00:00:00+05:30,2.5013223169550063,2.5931677965937436,2.5013223169550063,2.548222064971924,20660000,0.0,0.0
1997-07-03 00:00:00+05:30,2.5404055611392873,2.5599472169240367,2.4837349829991635,2.509139060974121,6960000,0.0,0.0
1997-07-04 00:00:00+05:30,2.530634736196801,2.5716720643021778,2.4915516109447853,2.5462679862976074,10056000,0.0,0.0
1997-07-07 00:00:00+05:30,2.550176599779065,2.5892597282153647,2.511093471342765,2.526726722717285,12402000,0.0,0.0
1997-07-08 00:00:00+05:30,2.540405843107158,2.5697181436747085,2.520864185153417,2.5560390949249268,18104000,0.0,0.0
1997-07-09 00:00:00+05:30,2.5697181875822412,2.7358217239379883,2.5638557646411755,2.7358217239379883,11838000,0.0,0.0
1997-07-10 00:00:00+05:30,2.8726128224219334,2.8921544810467155,2.7846757313365504,2.81007981300354,16116000,0.0,0.0
1997-07-11 00:00:00+05:30,2.794446584331219,2.8276672924570456,2.7045552893489373,2.76513409614563,8314000,0.0,0.0
1997-07-14 00:00:00+05:30,2.7553637660040446,2.7553637660040446,2.683059732086811,2.6928305625915527,7252000,0.0,0.0
1997-07-15 00:00:00+05:30,2.7045553869267667,2.7240968600591278,2.677197100905769,2.706509590148926,6400000,0.0,0.0
1997-07-16 00:00:00+05:30,2.7358218783327306,2.7709967906903357,2.718234422153928,2.747546911239624,4960000,0.0,0.0
1997-07-17 00:00:00+05:30,2.769042820697857,2.7944469054998575,2.7455929392721083,2.7846760749816895,5268000,0.0,0.0
1997-07-18 00:00:00+05:30,2.7846760749816895,2.7846760749816895,2.7846760749816895,2.7846760749816895,0,0.0,0.0
1997-07-21 00:00:00+05:30,2.7475467347722766,2.7631799867353366,2.716280044483092,2.7495007514953613,4028000,0.0,0.0
1997-07-22 00:00:00+05:30,2.755362997447489,2.8921540272693202,2.7455921696681354,2.8608875274658203,7384000,0.0,0.0
1997-07-23 00:00:00+05:30,2.9312378449670735,2.966412758742865,2.872613050795115,2.915604591369629,7534000,0.0,0.0
1997-07-24 00:00:00+05:30,2.915603790507026,2.9253746179123334,2.880428886393132,2.896062135696411,3822000,0.0,0.0
1997-07-25 00:00:00+05:30,2.8921549320220947,2.901925762858057,2.853071795041343,2.8921549320220947,3612000,0.0,0.0
1997-07-28 00:00:00+05:30,2.8921548073408454,2.9038796547480623,2.8628423160966245,2.894109010696411,3144000,0.0,0.0
1997-07-29 00:00:00+05:30,2.8726126733641055,2.9019251597802747,2.8257129187339056,2.862841844558716,3410000,0.0,0.0
1997-07-30 00:00:00+05:30,2.8862921052361625,2.9019253578465856,2.8647962431245277,2.884337902069092,6724000,0.0,0.0
1997-07-31 00:00:00+05:30,2.8921548073408454,2.9038796547480623,2.884338180281671,2.894109010696411,2524000,0.0,0.0
1997-08-01 00:00:00+05:30,2.898016948501309,2.9312376568547083,2.8804294927420893,2.921466827392578,4786000,0.0,0.0
1997-08-04 00:00:00+05:30,2.8980163946425423,2.9546869710565278,2.894108175422458,2.9331912994384766,4096000,0.0,0.0
1997-08-05 00:00:00+05:30,2.931237795929615,3.005495842456735,2.9214669660039005,2.974229335784912,6770000,0.0,0.0
1997-08-06 00:00:00+05:30,2.999632907607556,3.0289452060238578,2.950778952671687,2.991816282272339,1614000,0.0,0.0
1997-08-07 00:00:00+05:30,2.9312370251977224,2.966411929136265,2.911695370484525,2.9410078525543213,3834000,0.0,0.0
1997-08-08 00:00:00+05:30,2.9273294383861708,2.9449168952740665,2.8921547109734624,2.915604591369629,5174000,0.0,0.0
1997-08-11 00:00:00+05:30,2.915603895599187,2.917558098423294,2.888245615150811,2.9019248485565186,4170000,0.0,0.0
1997-08-12 00:00:00+05:30,2.892154661791822,2.9097421183806396,2.7983549554391542,2.813988208770752,1772000,0.0,0.0
1997-08-13 00:00:00+05:30,2.8159422166092085,2.884337834960789,2.7749048828708736,2.7866299152374268,1626000,0.0,0.0
1997-08-14 00:00:00+05:30,2.767088448775958,2.8198508185424114,2.767088448775958,2.813988208770752,1966000,0.0,0.0
1997-08-15 00:00:00+05:30,2.813988208770752,2.813988208770752,2.813988208770752,2.813988208770752,0,0.0,0.0
1997-08-18 00:00:00+05:30,2.7866302783579413,2.8042177360180256,2.7749052444635214,2.7846760749816895,1288000,0.0,0.0
1997-08-19 00:00:00+05:30,2.7827215517843693,2.792492381179566,2.7455926237183066,2.76513409614563,2192000,0.0,0.0
1997-08-20 00:00:00+05:30,2.739729921950385,2.739729921950385,2.63811360475732,2.718234062194824,1220000,0.0,0.0
1997-08-21 00:00:00+05:30,2.7260505730926927,2.7299589788342153,2.6674257915111528,2.7162797451019287,1118000,0.0,0.0
1997-08-22 00:00:00+05:30,2.7065090031479144,2.7299588776386696,2.5404054925512707,2.554084539413452,2002000,0.0,0.0
1997-08-25 00:00:00+05:30,2.6459305266763224,2.6459305266763224,2.4485604790339597,2.544314384460449,1284000,0.0,0.0
1997-08-26 00:00:00+05:30,2.5697183880785417,2.5794892179847078,2.5110937813677023,2.5189104080200195,1586000,0.0,0.0
1997-08-27 00:00:00+05:30,2.5404058221564876,2.6088014380674633,2.536497416052747,2.5697181224823,1430000,0.0,0.0
1997-08-28 00:00:00+05:30,2.54236042927467,2.6185724967796586,2.540406225912211,2.604893445968628,1852000,0.0,0.0
1997-08-29 00:00:00+05:30,2.5306350891305893,2.7358217582737328,2.5306350891305893,2.681105375289917,6400000,0.0,0.0
1997-09-01 00:00:00+05:30,2.6967386707322607,2.712371923263561,2.5833974966987996,2.65960955619812,4168000,0.0,0.0
1997-09-02 00:00:00+05:30,2.6771966345029603,2.696738290593985,2.6185718525929302,2.6342051029205322,1586000,0.0,0.0
1997-09-03 00:00:00+05:30,2.6850133877966122,2.7534090010160193,2.677196762259799,2.7006466388702393,1972000,0.0,0.0
1997-09-04 00:00:00+05:30,2.735821749139832,2.7749048797120732,2.640068032647074,2.653747081756592,942000,0.0,0.0
1997-09-05 00:00:00+05:30,2.708463254954656,2.7553631943749113,2.634205219432559,2.7416839599609375,2230000,0.0,0.0
1997-09-08 00:00:00+05:30,2.765134300947426,2.813988265178745,2.716280336716107,2.782721757888794,2998000,0.0,0.0
1997-09-09 00:00:00+05:30,2.8120341263198494,2.821804769652006,2.7162802189422663,2.747546911239624,2034000,0.0,0.0
1997-09-10 00:00:00+05:30,2.716279973217965,2.7455924596519496,2.6771968443357106,2.7201883792877197,1082000,0.0,0.0
1997-09-11 00:00:00+05:30,2.726050739626496,2.7416839908215325,2.7162799110388343,2.7240965366363525,974000,0.0,0.0
1997-09-12 00:00:00+05:30,2.6869672301505068,2.735821179789607,2.6869672301505068,2.7026004791259766,1280000,0.0,0.0
1997-09-15 00:00:00+05:30,2.6928305625915527,2.720188850732211,2.6596098506932857,2.6928305625915527,946000,0.0,0.0
1997-09-16 00:00:00+05:30,2.677196558185692,2.7338671355985356,2.677196558185692,2.7143256664276123,2176000,0.0,0.0
1997-09-17 00:00:00+05:30,2.690875635575888,2.7143255090390928,2.690875635575888,2.7026004791259766,812000,0.0,0.0
1997-09-18 00:00:00+05:30,2.599030152614757,2.7084628952132364,2.599030152614757,2.6654715538024902,4554000,0.0,0.0
1997-09-19 00:00:00+05:30,2.667426231136824,2.7026011431556283,2.66351801111422,2.6967387199401855,1598000,0.0,0.0
1997-09-22 00:00:00+05:30,2.66742641066956,2.692830494797081,2.6420225129051254,2.663518190383911,1870000,0.0,0.0
1997-09-23 00:00:00+05:30,2.657655851661213,2.66742649586896,2.638114190519535,2.6517932415008545,1502000,0.0,0.0
1997-09-24 00:00:00+05:30,2.677197326439799,2.7084638351760097,2.6478850210903744,2.6517932415008545,580000,0.0,0.0
1997-09-25 00:00:00+05:30,2.6381137371063232,2.657655394889372,2.6342053310044893,2.6381137371063232,350000,0.0,0.0
1997-09-26 00:00:00+05:30,2.638114292464136,2.6674265989462755,2.6205268340296124,2.657655954360962,720000,0.0,0.0
1997-09-29 00:00:00+05:30,2.657654847606196,2.8687038882049385,2.657654847606196,2.837437391281128,5004000,0.0,0.0
1997-09-30 00:00:00+05:30,2.737775922407582,2.9273291502069054,2.667426101781547,2.841346263885498,4870000,0.0,0.0
1997-10-01 00:00:00+05:30,2.7358215374195503,2.7612256169162985,2.6928300039355886,2.7416839599609375,1680000,0.0,0.0
1997-10-02 00:00:00+05:30,2.7416839599609375,2.7416839599609375,2.7416839599609375,2.7416839599609375,0,0.0,0.0
1997-10-03 00:00:00+05:30,2.7416839599609375,2.7416839599609375,2.7416839599609375,2.7416839599609375,0,0.0,0.0
1997-10-06 00:00:00+05:30,2.7416839599609375,2.7416839599609375,2.7416839599609375,2.7416839599609375,0,0.0,0.0
1997-10-07 00:00:00+05:30,2.7416839599609375,2.7416839599609375,2.7416839599609375,2.7416839599609375,0,0.0,0.0
1997-10-08 00:00:00+05:30,2.7416839599609375,2.7416839599609375,2.7416839599609375,2.7416839599609375,0,0.0,0.0
1997-10-09 00:00:00+05:30,2.7436382051311763,2.853071150310977,2.7201883282418735,2.819850444793701,2590000,0.0,0.0
1997-10-10 00:00:00+05:30,2.8198505692038087,2.892154406059924,2.794446488195488,2.8178963661193848,2572000,0.0,0.0
1997-10-13 00:00:00+05:30,2.8335296719775043,2.8530713304674036,2.7612258337457845,2.7866299152374268,1696000,0.0,0.0
1997-10-14 00:00:00+05:30,2.7553638668910923,2.8139884793398875,2.751455460000854,2.7631804943084717,2242000,0.0,0.0
1997-10-15 00:00:00+05:30,2.7827215282014586,2.8276672684932302,2.7788133082943434,2.81007981300354,1676000,0.0,0.0
1997-10-16 00:00:00+05:30,2.8530711124864694,3.046532734030695,2.819850407409616,3.0211286544799805,11826000,0.0,0.0
1997-10-17 00:00:00+05:30,3.048487136136621,3.0797536402835703,2.941008388359183,3.0113580226898193,13902000,0.0,0.0
1997-10-20 00:00:00+05:30,3.042624266803186,3.3142521381378174,2.9820454667865195,3.3142521381378174,19184000,0.0,0.0
1997-10-21 00:00:00+05:30,3.325978120018876,3.449089951275271,3.234132424695895,3.345519781112671,14974000,0.0,0.0
1997-10-22 00:00:00+05:30,3.400235761996243,3.4158690153011806,3.247811635454643,3.2732155323028564,8450000,0.0,0.0
1997-10-23 00:00:00+05:30,3.300573171124805,3.3025273741055776,3.099294923181589,3.1911404132843018,10186000,0.0,0.0
1997-10-24 00:00:00+05:30,3.1364238278583185,3.2732150538250306,3.093432480735746,3.204819440841675,6258000,0.0,0.0
1997-10-27 00:00:00+05:30,3.165736675262451,3.2048196186165536,3.1501034233755854,3.165736675262451,2568000,0.0,0.0
1997-10-28 00:00:00+05:30,3.150103929128811,3.150103929128811,2.9722753342297406,3.0563042163848877,7664000,0.0,0.0
1997-10-29 00:00:00+05:30,3.0445791391967854,3.322069680346544,3.0445791391967854,3.239995002746582,4644000,0.0,0.0
1997-10-30 00:00:00+05:30,3.2399944115052186,3.2399944115052186,3.1579197488824233,3.169644594192505,2482000,0.0,0.0
1997-10-31 00:00:00+05:30,3.169644594192505,3.169644594192505,3.169644594192505,3.169644594192505,0,0.0,0.0
1997-11-03 00:00:00+05:30,3.1930958077204727,3.1930958077204727,3.1071127081137306,3.136425018310547,1568000,0.0,0.0
1997-11-04 00:00:00+05:30,3.13837799755213,3.165736466091069,3.064120149177526,3.11688232421875,2128000,0.0,0.0
1997-11-05 00:00:00+05:30,3.107111864139153,3.107111864139153,3.0289456006042714,3.04067063331604,2000000,0.0,0.0
1997-11-06 00:00:00+05:30,3.00940382872411,3.046532942283607,2.9898623567544864,3.0387163162231445,1412000,0.0,0.0
1997-11-07 00:00:00+05:30,3.107111535267508,3.107111535267508,2.999632980873862,3.0211286544799805,964000,0.0,0.0
1997-11-10 00:00:00+05:30,3.0094035684906872,3.0152661773013736,2.941008142966792,2.9468705654144287,1654000,0.0,0.0
1997-11-11 00:00:00+05:30,2.941008028962289,2.9703203264272684,2.9175581537176973,2.944916248321533,1762000,0.0,0.0
1997-11-12 00:00:00+05:30,2.9370993512590853,2.9546868026546584,2.921466102543692,2.9253745079040527,1412000,0.0,0.0
1997-11-13 00:00:00+05:30,2.8823843365757393,2.8980175926447282,2.833530364769371,2.8647968769073486,3722000,0.0,0.0
1997-11-14 00:00:00+05:30,2.8647968769073486,2.8647968769073486,2.8647968769073486,2.8647968769073486,0,0.0,0.0
1997-11-17 00:00:00+05:30,2.835484071874009,2.8726130019457843,2.782721702107556,2.813988208770752,2482000,0.0,0.0
1997-11-18 00:00:00+05:30,2.817896439180839,2.8237588622230465,2.7846757313365504,2.81007981300354,2002000,0.0,0.0
1997-11-19 00:00:00+05:30,2.6674261164835222,2.753409189641905,2.663517896628904,2.7319133281707764,2162000,0.0,0.0
1997-11-20 00:00:00+05:30,2.6224805923646057,2.7553634234366875,2.6224805923646057,2.7455925941467285,1132000,0.0,0.0
1997-11-21 00:00:00+05:30,2.739730240922608,2.7944466254321836,2.7162801754840022,2.77490496635437,1146000,0.0,0.0
1997-11-24 00:00:00+05:30,2.765133489861288,2.765133489861288,2.7201879454064612,2.7299587726593018,1428000,0.0,0.0
1997-11-25 00:00:00+05:30,2.73582168884834,2.890200190978831,2.7162800308113413,2.858933687210083,1634000,0.0,0.0
1997-11-26 00:00:00+05:30,2.8335294613978066,2.8335294613978066,2.7807670992140645,2.806171178817749,1326000,0.0,0.0
1997-11-27 00:00:00+05:30,2.790538653956227,2.8491634539628365,2.7358222609195053,2.8296217918395996,2022000,0.0,0.0
1997-11-28 00:00:00+05:30,2.798354489870982,2.8022628957351716,2.739729892812528,2.7729504108428955,1084000,0.0,0.0
1997-12-01 00:00:00+05:30,2.739730026168225,2.8198504866534684,2.7065093201577985,2.761225700378418,2060000,0.0,0.0
1997-12-02 00:00:00+05:30,2.7475467666784454,2.7651340355688245,2.716280076026173,2.7319133281707764,1396000,0.0,0.0
1997-12-03 00:00:00+05:30,2.7553631319515137,2.80617110343089,2.7358214754388737,2.739729881286621,688000,0.0,0.0
1997-12-04 00:00:00+05:30,2.7006468238815704,2.73582173438846,2.6771969456646656,2.7319133281707764,1412000,0.0,0.0
1997-12-05 00:00:00+05:30,2.696738501445987,2.7944464168145875,2.696738501445987,2.757317304611206,5136000,0.0,0.0
1997-12-08 00:00:00+05:30,2.7553631365785223,2.911695643489973,2.7553631365785223,2.845254421234131,1580000,0.0,0.0
1997-12-09 00:00:00+05:30,2.8530717783035273,2.8530717783035273,2.7495012329582695,2.7768595218658447,5564000,0.0,0.0
1997-12-10 00:00:00+05:30,2.790538219071392,2.790538219071392,2.7436384609203266,2.77490496635437,852000,0.0,0.0
1997-12-11 00:00:00+05:30,2.753409074632615,2.778813154897239,2.7182341655949736,2.761225700378418,826000,0.0,0.0
1997-12-12 00:00:00+05:30,2.8452545992676708,2.8452545992676708,2.7201883995498077,2.743638277053833,634000,0.0,0.0
1997-12-15 00:00:00+05:30,2.7553638668910923,2.7670887148356123,2.7358222051660954,2.7631804943084717,382000,0.0,0.0
1997-12-16 00:00:00+05:30,2.7416844430459935,2.8081258647655414,2.739730426096602,2.769042730331421,1098000,0.0,0.0
1997-12-17 00:00:00+05:30,2.790537774624102,2.8335293059302122,2.790537774624102,2.8257126808166504,854000,0.0,0.0
1997-12-18 00:00:00+05:30,2.813987610222894,3.0094034216651235,2.813987610222894,2.962503671646118,4906000,0.0,0.0
1997-12-19 00:00:00+05:30,2.94100835967069,3.009403790234203,2.8921544008268683,2.960549831390381,1274000,0.0,0.0
1997-12-22 00:00:00+05:30,2.9703208097715743,3.068028732371712,2.9703208097715743,3.04067063331604,2168000,0.0,0.0
1997-12-23 00:00:00+05:30,3.0484875590390312,3.126653830250046,3.0465333556679832,3.107112169265747,1626000,0.0,0.0
1997-12-24 00:00:00+05:30,3.0484872377412344,3.0875703692275436,2.9996332767925806,3.054349660873413,1446000,0.0,0.0
1997-12-25 00:00:00+05:30,3.054349660873413,3.054349660873413,3.054349660873413,3.054349660873413,0,0.0,0.0
1997-12-26 00:00:00+05:30,3.0582578778749823,3.1657368154934864,3.056303861074865,3.0914785861968994,972000,0.0,0.0
1997-12-29 00:00:00+05:30,3.103203903990728,3.1657371064179234,3.068028989273124,3.128607988357544,1114000,0.0,0.0
1997-12-30 00:00:00+05:30,3.2028649852307636,3.3181603421786137,3.0484866901796557,3.0621657371520996,1138000,0.0,0.0
1997-12-31 00:00:00+05:30,3.0680289560844787,3.2009116137832376,3.0582581258393864,3.146195411682129,1408000,0.0,0.0
1998-01-01 00:00:00+05:30,3.1071118440692076,3.181370073492293,3.1071118440692076,3.155965805053711,806000,0.0,0.0
1998-01-02 00:00:00+05:30,3.185278096448418,3.2243614141957933,3.1364241356272693,3.159874200820923,1086000,0.0,0.0
1998-01-05 00:00:00+05:30,3.185278046309422,3.185278046309422,3.1129743941588828,3.1227450370788574,1024000,0.0,0.0
1998-01-06 00:00:00+05:30,3.087570065305152,3.1246989899716224,3.0348077032199505,3.058257579803467,1680000,0.0,0.0
1998-01-07 00:00:00+05:30,3.0875700128208154,3.126653139795651,3.028945229177037,3.0523951053619385,1102000,0.0,0.0
1998-01-08 00:00:00+05:30,3.048487010258545,3.0680284813619494,2.9703205667557535,3.0133121013641357,2038000,0.0,0.0
1998-01-09 00:00:00+05:30,2.974229558194804,2.989862812699754,2.901925709518634,2.950779676437378,1536000,0.0,0.0
1998-01-12 00:00:00+05:30,2.8921549398767774,2.9273296700734353,2.7358222051660954,2.7631804943084717,1774000,0.0,0.0
1998-01-13 00:00:00+05:30,2.8081257853621726,2.8335298686167896,2.7749050754417572,2.813988208770752,1744000,0.0,0.0
1998-01-14 00:00:00+05:30,2.989862311514013,2.989862311514013,2.800308899462149,2.858933687210083,1350000,0.0,0.0
1998-01-15 00:00:00+05:30,2.8706585649043026,2.8726127680023734,2.8003089306413327,2.841346263885498,682000,0.0,0.0
1998-01-16 00:00:00+05:30,2.847209084535259,3.126653830250046,2.8276676099140508,3.107112169265747,7864000,0.0,0.0
1998-01-19 00:00:00+05:30,3.0504412627702933,3.126653509146444,3.0094039280082234,3.0817079544067383,3306000,0.0,0.0
1998-01-20 00:00:00+05:30,2.9410085745699317,3.099295308426597,2.9410085745699317,3.0699830055236816,3494000,0.0,0.0
1998-01-21 00:00:00+05:30,3.048486420145457,3.2810313162564606,3.0094031127781142,3.161827564239502,6760000,0.0,0.0
1998-01-22 00:00:00+05:30,3.1266527932787698,3.1461944477819737,3.0660738134092607,3.077798843383789,2758000,0.0,0.0
1998-01-23 00:00:00+05:30,3.0719368871717414,3.0875701385985246,3.0113578981206652,3.050441026687622,1296000,0.0,0.0
1998-01-26 00:00:00+05:30,3.050441026687622,3.050441026687622,3.050441026687622,3.050441026687622,0,0.0,0.0
1998-01-27 00:00:00+05:30,3.038716503452995,3.048487333221367,2.931237748727054,2.9371001720428467,2648000,0.0,0.0
1998-01-28 00:00:00+05:30,2.931237132123051,2.9898619120381196,2.8374376333493716,2.8745665550231934,1702000,0.0,0.0
1998-01-29 00:00:00+05:30,2.8335300175657223,2.8628423225125457,2.7944468821822612,2.7983551025390625,3778000,0.0,0.0
1998-01-30 00:00:00+05:30,2.8354844022944317,2.880429964269535,2.8139885366862503,2.8296217918395996,3282000,0.0,0.0
1998-02-02 00:00:00+05:30,2.8628421091263414,2.8667505155549136,2.7553635414236717,2.8120341300964355,1700000,0.0,0.0
1998-02-03 00:00:00+05:30,2.833529817780042,2.835484021002201,2.66742627115805,2.706509590148926,3676000,0.0,0.0
1998-02-04 00:00:00+05:30,2.7846752908964065,2.7846752908964065,2.6674257304187106,2.7143256664276123,6146000,0.0,0.0
1998-02-05 00:00:00+05:30,2.6967386513271863,2.724096749878564,2.6205264060132,2.636159658432007,2378000,0.0,0.0
1998-02-06 00:00:00+05:30,2.6185720793232745,2.7162799955123975,2.5892597790117615,2.6381137371063232,7018000,0.0,0.0
1998-02-09 00:00:00+05:30,2.657655509691069,2.665472135869328,2.618572192436705,2.6400680541992188,1052000,0.0,0.0
1998-02-10 00:00:00+05:30,2.620526219608384,2.7201883364613564,2.4192479692613844,2.4309728145599365,7470000,0.0,0.0
1998-02-11 00:00:00+05:30,2.5775345219664656,2.6107552254785613,2.4036145656110715,2.450514316558838,6496000,0.0,0.0
1998-02-12 00:00:00+05:30,2.432927140831631,2.4817811002313146,2.4036148397370467,2.4602854251861572,2208000,0.0,0.0
1998-02-13 00:00:00+05:30,2.4720110013921146,2.491552665470464,2.446607098998628,2.4563777446746826,5238000,0.0,0.0
1998-02-16 00:00:00+05:30,2.4563777446746826,2.4563777446746826,2.4563777446746826,2.4563777446746826,0,0.0,0.0
1998-02-17 00:00:00+05:30,2.4993681144808853,2.556038689931858,2.462239193887365,2.4700558185577393,5258000,0.0,0.0
1998-02-18 00:00:00+05:30,2.485690155334008,2.556039808143825,2.4270653514776037,2.528681516647339,6726000,0.0,0.0
1998-02-19 00:00:00+05:30,2.5404055541991375,2.608801162895869,2.528680523487711,2.5501763820648193,4926000,0.0,0.0
1998-02-20 00:00:00+05:30,2.552131587280392,2.5736272679370575,2.5189108713071997,2.528681516647339,3048000,0.0,0.0
1998-02-23 00:00:00+05:30,2.526726693086472,2.6674259538071774,2.5247724900968094,2.64983868598938,5390000,0.0,0.0
1998-02-24 00:00:00+05:30,2.6771968654801213,2.706509352145615,2.6244346876631286,2.6752426624298096,6232000,0.0,0.0
1998-02-25 00:00:00+05:30,2.67719732758652,2.8139883965475803,2.67719732758652,2.8081259727478027,3036000,0.0,0.0
1998-02-26 00:00:00+05:30,2.8139880567585425,2.8530713743393283,2.7455926237183066,2.76513409614563,3086000,0.0,0.0
1998-02-27 00:00:00+05:30,2.782721239140321,2.810079521100502,2.755363143543189,2.7729504108428955,2694000,0.0,0.0
1998-03-02 00:00:00+05:30,2.8042170915791127,2.853071046579703,2.77881301261524,2.845254421234131,4540000,0.0,0.0
1998-03-03 00:00:00+05:30,2.8706585827815148,2.8706585827815148,2.6576554755680437,2.69478440284729,4936000,0.0,0.0
1998-03-04 00:00:00+05:30,2.755363076481739,2.8706582512234875,2.7240963894183534,2.8491625785827637,4216000,0.0,0.0
1998-03-05 00:00:00+05:30,2.8139876499647865,2.8472083532881842,2.8139876499647865,2.8257126808166504,3106000,0.0,0.0
1998-03-06 00:00:00+05:30,2.8491630593524913,2.851117262566777,2.7807674377570866,2.8120341300964355,2522000,0.0,0.0
1998-03-09 00:00:00+05:30,2.8276666547636884,2.8491623254949765,2.806170797669372,2.8218040466308594,1632000,0.0,0.0
1998-03-10 00:00:00+05:30,2.8178960732516636,2.8354835264574647,2.7709963222782235,2.7807669639587402,2484000,0.0,0.0
1998-03-11 00:00:00+05:30,2.829621610845831,2.831575814205777,2.7651343908723485,2.7983551025390625,1294000,0.0,0.0
1998-03-12 00:00:00+05:30,2.810080258812747,2.810080258812747,2.751455460000854,2.7631804943084717,738000,0.0,0.0
1998-03-13 00:00:00+05:30,2.7631804943084717,2.7631804943084717,2.7631804943084717,2.7631804943084717,0,0.0,0.0
1998-03-16 00:00:00+05:30,2.8178959904634806,2.833529240328665,2.7553629910027446,2.792491912841797,990000,0.0,0.0
1998-03-17 00:00:00+05:30,2.774905362071132,2.7905386170175417,2.706509918271364,2.7221431732177734,1528000,0.0,0.0
1998-03-18 00:00:00+05:30,2.8159419954830347,2.8159419954830347,2.7358215374195503,2.7416839599609375,2492000,0.0,0.0
1998-03-19 00:00:00+05:30,2.7944464906614574,2.804217319729136,2.7436383285999795,2.7495007514953613,1284000,0.0,0.0
1998-03-20 00:00:00+05:30,2.7358213233148474,2.946870381918664,2.7358213233148474,2.8745665550231934,8238000,0.0,0.0
1998-03-23 00:00:00+05:30,2.9292835759650484,2.9292835759650484,2.83352985323794,2.85502552986145,534000,0.0,0.0
1998-03-24 00:00:00+05:30,2.9683663856581957,2.970320588691885,2.843300373310995,2.862841844558716,7484000,0.0,0.0
1998-03-25 00:00:00+05:30,2.941008246631921,3.0054954549181305,2.9077875409859275,2.9898622035980225,4456000,0.0,0.0
1998-03-26 00:00:00+05:30,2.989862461339369,3.001587307658663,2.8530714073148116,2.88042950630188,4308000,0.0,0.0
1998-03-27 00:00:00+05:30,2.8706586662626683,2.899971154679515,2.817896485293259,2.884337902069092,1816000,0.0,0.0
1998-03-30 00:00:00+05:30,2.9234205879176924,2.9234205879176924,2.8139876499647865,2.8257126808166504,1532000,0.0,0.0
1998-03-31 00:00:00+05:30,2.7924924669293856,2.8393922258308084,2.7397302847560536,2.747546911239624,3576000,0.0,0.0
1998-04-01 00:00:00+05:30,2.726050651760339,2.876520922616421,2.726050651760339,2.845254421234131,1208000,0.0,0.0
1998-04-02 00:00:00+05:30,2.8530714800347745,2.950779404880307,2.825713193987318,2.872612953186035,3830000,0.0,0.0
1998-04-03 00:00:00+05:30,2.8550249125931537,2.9195121148843617,2.8530708961320856,2.9019248485565186,1762000,0.0,0.0
1998-04-06 00:00:00+05:30,2.9312376136087703,3.1794158210152528,2.911695954972818,3.1129744052886963,9938000,0.0,0.0
1998-04-07 00:00:00+05:30,3.1227452807105722,3.1637828041736484,3.0289457595466334,3.08561635017395,5622000,0.0,0.0
1998-04-08 00:00:00+05:30,3.08561635017395,3.08561635017395,3.08561635017395,3.08561635017395,0,0.0,0.0
1998-04-09 00:00:00+05:30,3.1266534784238473,3.1461951372092245,3.028945557223102,3.068028688430786,5324000,0.0,0.0
1998-04-10 00:00:00+05:30,3.068028909497543,3.111020450105285,3.0289457754737246,3.044579029083252,2910000,0.0,0.0
1998-04-13 00:00:00+05:30,3.02112920523305,3.0953872544501677,2.9312379021137063,2.9488253593444824,4704000,0.0,0.0
1998-04-14 00:00:00+05:30,2.9488253593444824,2.9488253593444824,2.9488253593444824,2.9488253593444824,0,0.0,0.0
1998-04-15 00:00:00+05:30,3.0484868983236035,3.1598738572485607,3.042624289481095,3.11688232421875,6294000,0.0,0.0
1998-04-16 00:00:00+05:30,3.1422869573243397,3.165737024101714,3.032854182057648,3.044579029083252,2932000,0.0,0.0
1998-04-17 00:00:00+05:30,3.052395031081341,3.0680282814908373,2.964457950937163,3.023082733154297,2146000,0.0,0.0
1998-04-20 00:00:00+05:30,3.0484875620751937,3.0582582062139836,2.970321104423238,2.978137731552124,2630000,0.0,0.0
1998-04-21 00:00:00+05:30,2.95468724496884,3.0953866908329903,2.95468724496884,3.058257579803467,5298000,0.0,0.0
1998-04-22 00:00:00+05:30,3.1950494105567944,3.365061001361026,3.1696451398312666,3.1930952072143555,13294000,0.0,0.0
1998-04-23 00:00:00+05:30,3.185277962790887,3.243902936951986,3.068028573557878,3.0973410606384277,6142000,0.0,0.0
1998-04-24 00:00:00+05:30,3.0914785975323635,3.126653509146444,2.9351460711654984,3.0817079544067383,4790000,0.0,0.0
1998-04-27 00:00:00+05:30,3.0445786874917316,3.12665335291479,3.011357980707967,3.032853841781616,5100000,0.0,0.0
1998-04-28 00:00:00+05:30,2.974228851412267,3.0836616069418072,2.9546871947433244,3.0523951053619385,7610000,0.0,0.0
1998-04-29 00:00:00+05:30,3.0836614218273786,3.181369512943555,2.9449161896234015,2.980091094970703,7194000,0.0,0.0
1998-04-30 00:00:00+05:30,2.9800910043426327,3.0094033003319374,2.93123705345177,3.001586675643921,3786000,0.0,0.0
1998-05-01 00:00:00+05:30,3.001586675643921,3.001586675643921,3.001586675643921,3.001586675643921,0,0.0,0.0
1998-05-04 00:00:00+05:30,3.066074468653275,3.087570330473238,2.9703207511229235,3.0074498653411865,3014000,0.0,0.0
1998-05-05 00:00:00+05:30,3.025036717421112,3.028945123163325,2.9703203415714263,3.0094034671783447,2660000,0.0,0.0
1998-05-06 00:00:00+05:30,3.048487382312032,3.066074652542622,2.970320929269394,2.974229335784912,1936000,0.0,0.0
1998-05-07 00:00:00+05:30,2.974229335784912,2.974229335784912,2.974229335784912,2.974229335784912,0,0.0,0.0
1998-05-08 00:00:00+05:30,3.005496122447824,3.005496122447824,2.8218050990936443,2.8921549320220947,6122000,0.0,0.0
1998-05-11 00:00:00+05:30,2.872613041517742,3.0094041032351426,2.833529907650354,2.9840002059936523,6486000,0.0,0.0
1998-05-12 00:00:00+05:30,2.931237523766079,2.939054149708266,2.6869677301189054,2.858933687210083,7374000,0.0,0.0
1998-05-13 00:00:00+05:30,2.8530713743393283,2.9116959779843676,2.7377759974747633,2.76513409614563,2958000,0.0,0.0
1998-05-14 00:00:00+05:30,2.7006469043520163,2.9312376599003604,2.6635179759930296,2.884337902069092,7010000,0.0,0.0
1998-05-15 00:00:00+05:30,2.9273294893680433,2.931237896017014,2.776859374281308,2.8569798469543457,3646000,0.0,0.0
1998-05-18 00:00:00+05:30,2.8472080317975523,2.8726121071389037,2.8198499401707293,2.837437391281128,1680000,0.0,0.0
1998-05-19 00:00:00+05:30,2.833530464257172,2.8628427738249296,2.8042181546894143,2.843301296234131,6222000,0.0,0.0
1998-05-20 00:00:00+05:30,2.872613235888072,2.915604779232688,2.843300930094936,2.9097423553466797,2300000,0.0,0.0
1998-05-21 00:00:00+05:30,2.9214673056378513,2.929283933214526,2.804217891987734,2.8296217918395996,2004000,0.0,0.0
1998-05-22 00:00:00+05:30,2.8335295967464766,2.8511170516478206,2.7788132153357883,2.831575393676758,1336000,0.0,0.0
1998-05-25 00:00:00+05:30,2.7905380105830764,2.825712919749903,2.7788131651028403,2.788583993911743,734000,0.0,0.0
1998-05-26 00:00:00+05:30,2.759271822110159,2.8335298686167896,2.7084636556009256,2.813988208770752,5112000,0.0,0.0
1998-05-27 00:00:00+05:30,2.8530709796632654,2.8882456997118235,2.7455922439101825,2.7807669639587402,2258000,0.0,0.0
1998-05-28 00:00:00+05:30,2.784675430357425,2.80617110343089,2.7358214754388737,2.739729881286621,1304000,0.0,0.0
1998-05-29 00:00:00+05:30,2.622480183598852,2.7397297440765476,2.5990303087759203,2.7143256664276123,2030000,0.0,0.0
1998-06-01 00:00:00+05:30,2.7280056017359566,2.7788137735772245,2.628343461515723,2.657655954360962,2372000,0.0,0.0
1998-06-02 00:00:00+05:30,2.599030896003178,2.653747282952685,2.511093798957843,2.542360305786133,2968000,0.0,0.0
1998-06-03 00:00:00+05:30,2.6771966345029603,2.782721167395797,2.5833971325373475,2.6342051029205322,4758000,0.0,0.0
1998-06-04 00:00:00+05:30,2.6771969926221426,2.6771969926221426,2.604893153594393,2.636159658432007,1158000,0.0,0.0
1998-06-05 00:00:00+05:30,2.6185724967796586,2.6576558185764725,2.5833977680708524,2.604893445968628,2468000,0.0,0.0
1998-06-08 00:00:00+05:30,2.567764803739036,2.618572792356387,2.4270653139328,2.485690116882324,3800000,0.0,0.0
1998-06-09 00:00:00+05:30,2.540406209668727,2.612710056349574,2.4661481596379167,2.5814435482025146,2188000,0.0,0.0
1998-06-10 00:00:00+05:30,2.5599477372727373,2.571672584036409,2.473964657978107,2.4915521144866943,2690000,0.0,0.0
1998-06-11 00:00:00+05:30,2.48162559156189,2.517361060666943,2.430007733817481,2.501478672027588,3614000,0.05,0.0
1998-06-12 00:00:00+05:30,2.5253026855263307,2.5550821219689768,2.4657436233079997,2.4935379028320312,3314000,0.0,0.0
1998-06-15 00:00:00+05:30,2.465742997820242,2.4915519245456412,2.3267720141190846,2.3545660972595215,2332000,0.0,0.0
1998-06-16 00:00:00+05:30,2.314860295755763,2.3744193471570734,2.193757036395069,2.358536958694458,2978000,0.0,0.0
1998-06-17 00:00:00+05:30,2.4379484573601906,2.5610370402128337,2.4379484573601906,2.5431694984436035,12368000,0.0,0.0
1998-06-18 00:00:00+05:30,2.4816250606770507,2.56103698688553,2.457801482814507,2.471698522567749,2874000,0.0,0.0
1998-06-19 00:00:00+05:30,2.424052452864897,2.489567368672079,2.352581687256985,2.4657437801361084,1764000,0.0,0.0
1998-06-22 00:00:00+05:30,2.3426542551511234,2.402213298541902,2.2195656664544363,2.310889482498169,3538000,0.0,0.0
1998-06-23 00:00:00+05:30,2.304933619984433,2.38236040118275,2.223536336570634,2.344639778137207,1540000,0.0,0.0
1998-06-24 00:00:00+05:30,2.382360126204464,2.4379484761360026,2.342654161967651,2.418095588684082,1134000,0.0,0.0
1998-06-25 00:00:00+05:30,2.4319929390795667,2.4816254480403743,2.4180958971570994,2.4359636306762695,1104000,0.0,0.0
1998-06-26 00:00:00+05:30,2.4220661929722027,2.441919270597516,2.366477840687497,2.412139654159546,1464000,0.0,0.0
1998-06-29 00:00:00+05:30,2.40221338761226,2.437948663505353,2.376404461541535,2.4101545810699463,2062000,0.0,0.0
1998-06-30 00:00:00+05:30,2.4379492066906803,2.648391164206184,2.3883166891885645,2.590817451477051,4868000,0.0,0.0
1998-07-01 00:00:00+05:30,2.4915517978217436,2.5114046862933104,2.422066214838806,2.4439046382904053,934000,0.0,0.0
1998-07-02 00:00:00+05:30,2.4061842797851996,2.439934404785461,2.332728181059047,2.352581262588501,876000,0.0,0.0
1998-07-03 00:00:00+05:30,2.332727514581112,2.342654052509752,2.259271436841918,2.2672126293182373,1428000,0.0,0.0
1998-07-06 00:00:00+05:30,2.263242380144137,2.3347133157133837,2.2553011861178875,2.269198417663574,1142000,0.0,0.0
1998-07-07 00:00:00+05:30,2.273169211710055,2.3148605330310703,2.233463236483618,2.2553014755249023,1612000,0.0,0.0
1998-07-08 00:00:00+05:30,2.3426546724486674,2.402213726448712,2.3108898941374467,2.3744194507598877,1134000,0.0,0.0
1998-07-09 00:00:00+05:30,2.4081694731696817,2.4419195960307865,2.344639919234899,2.3883163928985596,1130000,0.0,0.0
1998-07-10 00:00:00+05:30,2.4518457781392367,2.578904867455189,2.404198430312777,2.507434129714966,4362000,0.0,0.0
1998-07-13 00:00:00+05:30,2.6007437408039182,2.7079499606457262,2.5530963847263286,2.662287950515747,5082000,0.0,0.0
1998-07-14 00:00:00+05:30,2.6404491929690415,2.8072144330582613,2.5650077658175863,2.7476553916931152,4762000,0.0,0.0
1998-07-15 00:00:00+05:30,2.858831431188962,2.86081677628645,2.60074262716928,2.6285367012023926,2652000,0.0,0.0
1998-07-16 00:00:00+05:30,2.6166256647095856,2.711919981263676,2.6007432786172373,2.6841259002685547,3212000,0.0,0.0
1998-07-17 00:00:00+05:30,2.7099348561586796,2.7099348561586796,2.644419960863977,2.6523611545562744,1676000,0.0,0.0
1998-07-20 00:00:00+05:30,2.6007437408039182,2.670229144973177,2.5848613518890584,2.662287950515747,1612000,0.0,0.0
1998-07-21 00:00:00+05:30,2.624566827505499,2.660302101134916,2.5928020556869167,2.6225814819335938,1706000,0.0,0.0
1998-07-22 00:00:00+05:30,2.640449708511509,2.676184988841459,2.572949461073921,2.580890655517578,1162000,0.0,0.0
1998-07-23 00:00:00+05:30,2.5511105982307916,2.578904677302805,2.501478097793095,2.5153751373291016,800000,0.0,0.0
1998-07-24 00:00:00+05:30,2.503463373009562,2.503463373009562,2.4339779826910823,2.4478750228881836,926000,0.0,0.0
1998-07-27 00:00:00+05:30,2.4220667741248705,2.491552373152918,2.38236079868014,2.3982431888580322,682000,0.0,0.0
1998-07-28 00:00:00+05:30,2.3823599928508843,2.57096345441832,2.366477608045182,2.4756691455841064,2222000,0.0,0.0
1998-07-29 00:00:00+05:30,2.529272638463365,2.533243330102864,2.4617723952558688,2.505449056625366,1694000,0.0,0.0
1998-07-30 00:00:00+05:30,2.5014783503737066,2.652361023046258,2.4617721945479474,2.5034635066986084,3316000,0.0,0.0
1998-07-31 00:00:00+05:30,2.485596252415527,2.56302284873433,2.485596252415527,2.533243417739868,968000,0.0,0.0
1998-08-03 00:00:00+05:30,2.501478544290026,2.501478544290026,2.4220664158154075,2.4240517616271973,1420000,0.0,0.0
1998-08-04 00:00:00+05:30,2.461772501806193,2.461772501806193,2.362507478518314,2.3684635162353516,1490000,0.0,0.0
1998-08-05 00:00:00+05:30,2.370448505387569,2.557066842014752,2.314860149285703,2.5094196796417236,5342000,0.0,0.0
1998-08-06 00:00:00+05:30,2.541184228194387,2.541184228194387,2.402213255652431,2.426036834716797,1042000,0.0,0.0
1998-08-07 00:00:00+05:30,2.4022133692115135,2.441919336195798,2.3863309824177996,2.4002280235290527,1248000,0.0,0.0
1998-08-10 00:00:00+05:30,2.422066635480813,2.422066635480813,2.37243412168271,2.3843460083007812,1536000,0.0,0.0
1998-08-11 00:00:00+05:30,2.38236027917799,2.5411843356564527,2.3486101600763294,2.513390064239502,7270000,0.0,0.0
1998-08-12 00:00:00+05:30,2.465743086895368,2.5213314445173656,2.3803751099761232,2.505449056625366,5728000,0.0,0.0
1998-08-13 00:00:00+05:30,2.4756697053368013,2.495522596166217,2.4300076966964363,2.451846122741699,2502000,0.0,0.0
1998-08-14 00:00:00+05:30,2.461771846433829,2.4716983839865776,2.40221299978325,2.416110038757324,1386000,0.0,0.0
1998-08-17 00:00:00+05:30,2.435963319923891,2.44191916722617,2.406183704746552,2.418095588684082,746000,0.0,0.0
1998-08-18 00:00:00+05:30,2.42008089114409,2.4816252814300688,2.3426543035365817,2.4617722034454346,5204000,0.0,0.0
1998-08-19 00:00:00+05:30,2.441919920353916,2.521331873319478,2.404199100695501,2.4975082874298096,5718000,0.0,0.0
1998-08-20 00:00:00+05:30,2.51934611127163,2.51934611127163,2.4419195172449486,2.4637577533721924,1906000,0.0,0.0
1998-08-21 00:00:00+05:30,2.426037141798835,2.481625499985265,2.4022135597189362,2.4220664501190186,2404000,0.0,0.0
1998-08-24 00:00:00+05:30,2.38633094540226,2.4161103728453037,2.3704483695219234,2.3803749084472656,3668000,0.0,0.0
1998-08-25 00:00:00+05:30,2.38236013274955,2.3922866711692676,2.3644924014606525,2.376404285430908,4500000,0.0,0.0
1998-08-26 00:00:00+05:30,2.376404285430908,2.376404285430908,2.376404285430908,2.376404285430908,0,0.0,0.0
1998-08-27 00:00:00+05:30,2.4121396846423497,2.531257773233594,2.38236025716103,2.4022133350372314,9812000,0.0,0.0
1998-08-28 00:00:00+05:30,2.392286833856354,2.392286833856354,2.2116245417968785,2.235448122024536,4936000,0.0,0.0
1998-08-31 00:00:00+05:30,2.245374254853527,2.312874291952309,2.219565333610044,2.29500675201416,2190000,0.0,0.0
1998-09-01 00:00:00+05:30,2.245374581066675,2.281109855467626,2.2294920054815006,2.2592716217041016,2436000,0.0,0.0
1998-09-02 00:00:00+05:30,2.3228010856280927,2.3327276240224424,2.2612568883824755,2.283095121383667,1474000,0.0,0.0
1998-09-03 00:00:00+05:30,2.3128746915229224,2.33272776955016,2.277139416140072,2.318830728530884,1722000,0.0,0.0
1998-09-04 00:00:00+05:30,2.338683563903014,2.338683563903014,2.2791245205122355,2.310889482498169,950000,0.0,0.0
1998-09-07 00:00:00+05:30,2.3228018015725422,2.4975082874298096,2.3228018015725422,2.4975082874298096,5540000,0.0,0.0
1998-09-08 00:00:00+05:30,2.5411844434440125,2.6007434908163316,2.483610741828469,2.5511109828948975,6276000,0.0,0.0
1998-09-09 00:00:00+05:30,2.620596504319261,2.6583173181499324,2.541184563622587,2.555081605911255,3742000,0.0,0.0
1998-09-10 00:00:00+05:30,2.52331686416725,2.598758303528099,2.521331518289411,2.574934720993042,2500000,0.0,0.0
1998-09-11 00:00:00+05:30,2.547140460292883,2.561037502845898,2.5114049916331247,2.533243417739868,1250000,0.0,0.0
1998-09-14 00:00:00+05:30,2.6007436103474397,2.709934981326675,2.5610374507189895,2.7000086307525635,6090000,0.0,0.0
1998-09-15 00:00:00+05:30,2.692067417966246,2.700008611970093,2.6464054104443737,2.668243646621704,2716000,0.0,0.0
1998-09-16 00:00:00+05:30,2.698023018221655,2.7000083638734385,2.624566933102503,2.6384639739990234,1330000,0.0,0.0
1998-09-17 00:00:00+05:30,2.6305231359800105,2.648390870593156,2.604714207020246,2.634493827819824,1090000,0.0,0.0
1998-09-18 00:00:00+05:30,2.6245672252923895,2.6900821244310835,2.6027287993574895,2.676184892654419,2122000,0.0,0.0
1998-09-21 00:00:00+05:30,2.696037354414227,2.8905968506707276,2.696037354414227,2.8389790058135986,5342000,0.0,0.0
1998-09-22 00:00:00+05:30,2.8568475189544262,2.8568475189544262,2.7059646338616994,2.723832368850708,2764000,0.0,0.0
1998-09-23 00:00:00+05:30,2.7774349432590095,2.799273366702088,2.741699668290941,2.7734644412994385,1784000,0.0,0.0
1998-09-24 00:00:00+05:30,2.8032447858965033,2.8032447858965033,2.725817984354141,2.743685722351074,982000,0.0,0.0
1998-09-25 00:00:00+05:30,2.7575816301307574,2.7595667861383406,2.7000079405858926,2.7178754806518555,744000,0.0,0.0
1998-09-28 00:00:00+05:30,2.6940528837484368,2.7198618145570914,2.578905462807068,2.6047143936157227,1122000,0.0,0.0
1998-09-29 00:00:00+05:30,2.624566960574321,2.624566960574321,2.485595982155535,2.513390064239502,2330000,0.0,0.0
1998-09-30 00:00:00+05:30,2.5610374891811727,2.580890569293555,2.5034637840548672,2.574934720993042,698000,0.0,0.0
1998-10-01 00:00:00+05:30,2.574934720993042,2.574934720993042,2.574934720993042,2.574934720993042,0,0.0,0.0
1998-10-02 00:00:00+05:30,2.574934720993042,2.574934720993042,2.574934720993042,2.574934720993042,0,0.0,0.0
1998-10-05 00:00:00+05:30,2.439934510361839,2.4796404858058145,2.406184383901204,2.428022623062134,1294000,0.0,0.0
1998-10-06 00:00:00+05:30,2.402213211193152,2.4617720630852853,2.384345479892323,2.4478750228881836,1166000,0.0,0.0
1998-10-07 00:00:00+05:30,2.5014786403756615,2.537213919695539,2.5014786403756615,2.5114049911499023,1160000,0.0,0.0
1998-10-08 00:00:00+05:30,2.5094196376640667,2.5332432184520592,2.449860591027591,2.459787130355835,314000,0.0,0.0
1998-10-09 00:00:00+05:30,2.4975076680845825,2.4975076680845825,2.428022084471347,2.4617722034454346,536000,0.0,0.0
1998-10-12 00:00:00+05:30,2.44191969789556,2.4538313950887263,2.312875049416173,2.3228015899658203,1028000,0.0,0.0
1998-10-13 00:00:00+05:30,2.2652281183722085,2.342654915539948,2.2632427721884896,2.271183967590332,1178000,0.0,0.0
1998-10-14 00:00:00+05:30,2.360521534289118,2.38235976396561,2.283094773800376,2.350594997406006,2982000,0.0,0.0
1998-10-15 00:00:00+05:30,2.3585367210442665,2.3585367210442665,2.2493451693663586,2.2652275562286377,1610000,0.0,0.0
1998-10-16 00:00:00+05:30,2.2930218025690263,2.302948341581521,2.1878009434357435,2.2255215644836426,1698000,0.0,0.0
1998-10-19 00:00:00+05:30,2.2632426536963948,2.2632426536963948,2.2036837859672973,2.2155954837799072,436000,0.0,0.0
1998-10-20 00:00:00+05:30,2.1937567538259186,2.1937567538259186,2.0389033915949657,2.040888547897339,1602000,0.0,0.0
1998-10-21 00:00:00+05:30,2.040888547897339,2.040888547897339,2.040888547897339,2.040888547897339,0,0.0,0.0
1998-10-22 00:00:00+05:30,2.144124490324472,2.2036835407593465,2.0706683975435607,2.134197950363159,2926000,0.0,0.0
1998-10-23 00:00:00+05:30,2.134197863840754,2.1699333305195294,2.064712276261578,2.128242015838623,1152000,0.0,0.0
1998-10-26 00:00:00+05:30,2.183830551250536,2.2930221166796647,2.1639774705059636,2.1917717456817627,2008000,0.0,0.0
1998-10-27 00:00:00+05:30,2.146110023346967,2.191771846085,2.0786097729229027,2.096477508544922,1262000,0.0,0.0
1998-10-28 00:00:00+05:30,2.1441250476502294,2.1639779434002473,2.0647128966510055,2.070668935775757,1614000,0.0,0.0
1998-10-29 00:00:00+05:30,2.0607416423623306,2.134197727471629,2.009123791420776,2.122285842895508,936000,0.0,0.0
1998-10-30 00:00:00+05:30,2.140154004347267,2.140154004347267,2.1044187221173853,2.114345073699951,2388000,0.0,0.0
1998-11-02 00:00:00+05:30,2.094491693539133,2.1004475409685703,2.0468445354376814,2.05478572845459,458000,0.0,0.0
1998-11-03 00:00:00+05:30,2.0786103360793615,2.0786103360793615,1.913830357439487,1.945595145225525,1938000,0.0,0.0
1998-11-04 00:00:00+05:30,1.9455951452255251,1.9455951452255251,1.9455951452255251,1.945595145225525,0,0.0,0.0
1998-11-05 00:00:00+05:30,1.9853000960465752,1.9853000960465752,1.9058881679379007,1.9793442487716675,1066000,0.0,0.0
1998-11-06 00:00:00+05:30,1.9515502993989913,2.0329475863960167,1.9515502993989913,1.9853004217147827,1572000,0.0,0.0
1998-11-09 00:00:00+05:30,2.040888855147368,2.084565519035643,2.0250064663394514,2.0587565898895264,2884000,0.0,0.0
1998-11-10 00:00:00+05:30,2.08059546659305,2.199713608593811,2.0547867188481836,2.183831214904785,2172000,0.0,0.0
1998-11-11 00:00:00+05:30,2.104418499619145,2.3585368977921326,2.104418499619145,2.269198417663574,7382000,0.0,0.0
1998-11-12 00:00:00+05:30,2.2334626187448916,2.298977507081437,2.187800807197045,2.283095121383667,2716000,0.0,0.0
1998-11-13 00:00:00+05:30,2.2533163019635603,2.273169194762252,2.2036837859672973,2.2155954837799072,1896000,0.0,0.0
1998-11-16 00:00:00+05:30,2.191770714833684,2.223535477618779,2.154050106359614,2.173902988433838,1292000,0.0,0.0
1998-11-17 00:00:00+05:30,2.1560357250026603,2.1917711854758797,2.1242709553966703,2.1441240310668945,2952000,0.0,0.0
1998-11-18 00:00:00+05:30,2.177874621278887,2.2394188284850722,2.163977389544424,2.237433671951294,2326000,0.0,0.0
1998-11-19 00:00:00+05:30,2.2235361201009956,2.2433891972446105,2.1639770780031258,2.167947769165039,1186000,0.0,0.0
1998-11-20 00:00:00+05:30,2.156036099403898,2.1798596807454165,2.1203008220581165,2.128242015838623,1094000,0.0,0.0
1998-11-23 00:00:00+05:30,2.12427185677,2.1540514829114596,2.0766246821433145,2.0845658779144287,1012000,0.0,0.0
1998-11-24 00:00:00+05:30,2.072653071666558,2.1242709159851074,2.064711879412393,2.1242709159851074,1658000,0.0,0.0
1998-11-25 00:00:00+05:30,2.1242709159851074,2.1242709159851074,2.1242709159851074,2.1242709159851074,0,0.0,0.0
1998-11-26 00:00:00+05:30,2.064712608088885,2.112359967762494,2.040889022918593,2.062727451324463,698000,0.0,0.0
1998-11-27 00:00:00+05:30,2.060741827540078,2.0647123298669188,2.0051534696333144,2.013094663619995,924000,0.0,0.0
1998-11-30 00:00:00+05:30,2.0150800771940207,2.0647125932759725,1.9614770582786853,2.0309624671936035,746000,0.0,0.0
1998-12-01 00:00:00+05:30,2.0408887221850955,2.0845653832278708,2.017065140525308,2.074638843536377,924000,0.0,0.0
1998-12-02 00:00:00+05:30,2.1024333573079224,2.1361834825199546,2.070668578127896,2.096477508544922,704000,0.0,0.0
1998-12-03 00:00:00+05:30,2.078610187257649,2.0925072335857897,2.056771755218506,2.056771755218506,452000,0.0,0.0
1998-12-04 00:00:00+05:30,2.046844771666421,2.0627271595332433,2.0250063463497923,2.032947540283203,576000,0.0,0.0
1998-12-07 00:00:00+05:30,2.021035781141107,2.068682943258467,2.021035781141107,2.066697597503662,598000,0.0,0.0
1998-12-08 00:00:00+05:30,2.0647120777259933,2.1044182321435128,2.0408884986752676,2.05478572845459,1232000,0.0,0.0
1998-12-09 00:00:00+05:30,2.102433116805961,2.102433116805961,2.0408887221850955,2.074638843536377,762000,0.0,0.0
1998-12-10 00:00:00+05:30,2.056770474843653,2.080594049146907,2.048829283409235,2.050814628601074,464000,0.0,0.0
1998-12-11 00:00:00+05:30,2.060741835667697,2.078609569541449,2.0488299499741958,2.0726535320281982,418000,0.0,0.0
1998-12-14 00:00:00+05:30,2.068683164468808,2.116330331681219,2.0528007753980044,2.0786097049713135,1264000,0.0,0.0
1998-12-15 00:00:00+05:30,2.0706683412595774,2.074638843536377,2.0488299160716914,2.074638843536377,778000,0.0,0.0
1998-12-16 00:00:00+05:30,2.034932606863264,2.0845651094696853,2.034932606863264,2.0766239166259766,570000,0.0,0.0
1998-12-17 00:00:00+05:30,2.0408888700218593,2.064712453407366,2.0071387462258055,2.0170652866363525,1026000,0.0,0.0
1998-12-18 00:00:00+05:30,2.0389038978597633,2.1639776746154764,1.9991977326254753,2.1123600006103516,2876000,0.0,0.0
1998-12-21 00:00:00+05:30,2.1163297629951727,2.1639769174041574,2.1044180690594074,2.1441240310668945,1432000,0.0,0.0
1998-12-22 00:00:00+05:30,2.1222860419739527,2.1441244675232047,2.0647123380101973,2.0726535320281982,1694000,0.0,0.0
1998-12-23 00:00:00+05:30,2.116330503533964,2.14213943520304,2.0944922641215276,2.1123600006103516,1250000,0.0,0.0
1998-12-24 00:00:00+05:30,2.0865506884120966,2.2195658254228046,2.0865506884120966,2.148094892501831,2118000,0.0,0.0
1998-12-25 00:00:00+05:30,2.148094892501831,2.148094892501831,2.148094892501831,2.148094892501831,0,0.0,0.0
1998-12-28 00:00:00+05:30,2.2076540468709696,2.2275071268271103,2.1639773845672607,2.1639773845672607,2762000,0.0,0.0
1998-12-29 00:00:00+05:30,2.142138225648743,2.1937560598409824,2.142138225648743,2.173902988433838,2364000,0.0,0.0
1998-12-30 00:00:00+05:30,2.239418220797668,2.3029479459642417,2.2155946448600594,2.2533154487609863,2438000,0.0,0.0
1998-12-31 00:00:00+05:30,2.279123812492695,2.279123812492695,2.1639764527302656,2.173902988433838,1150000,0.0,0.0
1999-01-01 00:00:00+05:30,2.1917717456817627,2.19971294011299,2.1639774705059636,2.1917717456817627,596000,0.0,0.0
1999-01-04 00:00:00+05:30,2.1878009710219612,2.253315864264333,2.183830279633703,2.1937568187713623,1566000,0.0,0.0
1999-01-05 00:00:00+05:30,2.183830285648453,2.2433893313054627,2.183830285648453,2.223536252975464,2500000,0.0,0.0
1999-01-06 00:00:00+05:30,2.2632421236006612,2.293021739823262,2.223536157970172,2.2592716217041016,1074000,0.0,0.0
1999-01-07 00:00:00+05:30,2.269198417773086,2.439934184012192,2.2453748356931875,2.4220664501190186,7790000,0.0,0.0
1999-01-08 00:00:00+05:30,2.5808906899800763,2.5808906899800763,2.3843459828753626,2.5789053440093994,7272000,0.0,0.0
1999-01-11 00:00:00+05:30,2.6126544673697802,2.6603016164161306,2.523316015574638,2.539198398590088,8420000,0.0,0.0
1999-01-12 00:00:00+05:30,2.501478575956071,2.600743595806185,2.4816254962528483,2.5451550483703613,4898000,0.0,0.0
1999-01-13 00:00:00+05:30,2.6106693067811677,2.6940519181754103,2.5808898838544896,2.6146399974823,4808000,0.0,0.0
1999-01-14 00:00:00+05:30,2.561037726913921,2.6186114373846054,2.5550818780605455,2.6047143936157227,2650000,0.0,0.0
1999-01-15 00:00:00+05:30,2.6205962355523633,2.6205962355523633,2.3982426350731365,2.4439046382904053,3688000,0.0,0.0
1999-01-18 00:00:00+05:30,2.451845774949004,2.471698662962301,2.304933419119123,2.342654228210449,2078000,0.0,0.0
1999-01-19 00:00:00+05:30,2.348610192055288,2.3664779246856895,2.199712672579257,2.223536252975464,3454000,0.0,0.0
1999-01-20 00:00:00+05:30,2.223536252975464,2.223536252975464,2.223536252975464,2.223536252975464,0,0.0,0.0
1999-01-21 00:00:00+05:30,2.2354484120363742,2.2791248867868754,2.19375709389598,2.24338960647583,2620000,0.0,0.0
1999-01-22 00:00:00+05:30,2.253316419935961,2.322801832368825,2.247360381384804,2.271183967590332,1742000,0.0,0.0
1999-01-25 00:00:00+05:30,2.235448031381795,2.2632421125205773,2.10838875265329,2.207653760910034,1580000,0.0,0.0
1999-01-26 00:00:00+05:30,2.207653760910034,2.207653760910034,2.207653760910034,2.207653760910034,0,0.0,0.0
1999-01-27 00:00:00+05:30,2.3267717373510375,2.3267717373510375,2.2433891191820554,2.26324200630188,2032000,0.0,0.0
1999-01-28 00:00:00+05:30,2.2632422042903104,2.2811099367943,2.2235362372442147,2.235448122024536,1482000,0.0,0.0
1999-01-29 00:00:00+05:30,2.2294920985748696,2.4141250831322956,2.223536250814852,2.4101545810699463,3234000,0.0,0.0
1999-02-01 00:00:00+05:30,2.3565513882078335,2.3823603143330665,2.2453746795654297,2.2453746795654297,1574000,0.0,0.0
1999-02-02 00:00:00+05:30,2.3029488348831153,2.3029488348831153,2.173904178744728,2.195742607116699,2190000,0.0,0.0
1999-02-03 00:00:00+05:30,2.298977685563278,2.298977685563278,2.2036833639784517,2.223536252975464,1544000,0.0,0.0
1999-02-04 00:00:00+05:30,2.2533161973824565,2.263242548654588,2.187801294454714,2.1997129917144775,584000,0.0,0.0
1999-02-05 00:00:00+05:30,2.1858158103856162,2.2036835444795426,2.124271413987981,2.1639773845672607,890000,0.0,0.0
1999-02-08 00:00:00+05:30,2.112359880826616,2.1421393137306284,2.034933090209961,2.034933090209961,1200000,0.0,0.0
1999-02-09 00:00:00+05:30,2.030962381333869,2.0508154626605624,1.9714035160198207,2.0250065326690674,2574000,0.0,0.0
1999-02-10 00:00:00+05:30,2.0726527618067094,2.104417715407492,2.046844032838776,2.064711570739746,1446000,0.0,0.0
1999-02-11 00:00:00+05:30,2.084565128604476,2.1361829772288816,2.056770858729879,2.08655047416687,1338000,0.0,0.0
1999-02-12 00:00:00+05:30,2.064711570739746,2.104417715407492,2.044858687738803,2.064711570739746,788000,0.0,0.0
1999-02-15 00:00:00+05:30,2.0825806907800937,2.0825806907800937,2.042874708890365,2.056771755218506,870000,0.0,0.0
1999-02-16 00:00:00+05:30,2.052800895442797,2.080594983275555,1.9753741021950644,2.0309624671936035,1736000,0.0,0.0
1999-02-17 00:00:00+05:30,2.054785926035691,2.1917715660826733,2.0389035384746785,2.128242015838623,1764000,0.0,0.0
1999-02-18 00:00:00+05:30,2.163978128126969,2.195743104838088,2.100448553370866,2.183831214904785,2094000,0.0,0.0
1999-02-19 00:00:00+05:30,2.1818449399488555,2.2632422203024745,2.1441243183214422,2.223536252975464,1566000,0.0,0.0
1999-02-22 00:00:00+05:30,2.2076544152735593,2.2433898894247735,2.108389377593994,2.108389377593994,1076000,0.0,0.0
1999-02-23 00:00:00+05:30,2.104417868375535,2.1203002516639358,2.044858836377559,2.100447177886963,1348000,0.0,0.0
1999-02-24 00:00:00+05:30,2.094491501627059,2.1163297330893407,2.0647118885425377,2.1044180393218994,564000,0.0,0.0
1999-02-25 00:00:00+05:30,2.0845651356305406,2.0845651356305406,2.0250060938887873,2.0448591709136963,536000,0.0,0.0
1999-02-26 00:00:00+05:30,2.009123541585069,2.044859001536725,1.9515498501812674,1.995226502418518,1222000,0.0,0.0
1999-03-01 00:00:00+05:30,2.02500614625932,2.1203006533772184,1.9853001805156039,2.052800416946411,3378000,0.0,0.0
1999-03-02 00:00:00+05:30,2.052800416946411,2.052800416946411,2.052800416946411,2.052800416946411,0,0.0,0.0
1999-03-03 00:00:00+05:30,2.2155952110341324,2.217580556869507,2.2155952110341324,2.217580556869507,438000,0.0,0.0
1999-03-04 00:00:00+05:30,2.3962576389312744,2.3962576389312744,2.2453749450751026,2.3962576389312744,12722000,0.0,0.0
1999-03-05 00:00:00+05:30,2.461772493995017,2.5669935546660683,2.364492816921485,2.4915521144866943,17072000,0.0,0.0
1999-03-08 00:00:00+05:30,2.503464318214393,2.6007442043218925,2.467729031453538,2.541185140609741,11716000,0.0,0.0
1999-03-09 00:00:00+05:30,2.5114050054814734,2.557067014502176,2.4339784087357255,2.4915521144866943,7562000,0.0,0.0
1999-03-10 00:00:00+05:30,2.521331641550538,2.521331641550538,2.2930221557617188,2.2930221557617188,4156000,0.0,0.0
1999-03-11 00:00:00+05:30,2.2036830687446063,2.3525805682724052,2.1441240310668945,2.1441240310668945,3718000,0.0,0.0
1999-03-12 00:00:00+05:30,2.1719183181420254,2.310889482498169,2.1262565047866486,2.310889482498169,5600000,0.0,0.0
1999-03-15 00:00:00+05:30,2.2433889894661228,2.3188304105584514,2.2275066049554177,2.2791242599487305,4714000,0.0,0.0
1999-03-16 00:00:00+05:30,2.2334630587573723,2.2433895991073403,2.1044186022068168,2.1103744506835938,4310000,0.0,0.0
1999-03-17 00:00:00+05:30,2.1302266325879793,2.1997122025628846,2.1302266325879793,2.140153169631958,2430000,0.0,0.0
1999-03-18 00:00:00+05:30,2.1322124334568455,2.223536252975464,2.1322124334568455,2.223536252975464,4208000,0.0,0.0
1999-03-19 00:00:00+05:30,2.114344771807592,2.2036834379588086,2.114344771807592,2.148094892501831,3522000,0.0,0.0
1999-03-22 00:00:00+05:30,2.144124026958845,2.213609413005577,2.094491527211339,2.1858153343200684,4126000,0.0,0.0
1999-03-23 00:00:00+05:30,2.148095261475527,2.293022308644535,2.148095261475527,2.2870664596557617,6136000,0.0,0.0
1999-03-24 00:00:00+05:30,2.38236025716103,2.471698728937972,2.3426542907416095,2.4022133350372314,8572000,0.0,0.0
1999-03-25 00:00:00+05:30,2.422066437614364,2.5769198150007266,2.422066437614364,2.4637577533721924,6372000,0.0,0.0
1999-03-26 00:00:00+05:30,2.5014783009724075,2.549125459822763,2.402213292034343,2.5173606872558594,12530000,0.0,0.0
1999-03-29 00:00:00+05:30,2.5173606872558594,2.5173606872558594,2.5173606872558594,2.5173606872558594,0,0.0,0.0
1999-03-30 00:00:00+05:30,2.469713565740308,2.620596438613956,2.469713565740308,2.588831663131714,36598000,0.0,0.0
1999-03-31 00:00:00+05:30,2.7893473250916454,2.797288519759535,2.749641351752198,2.7615530490875244,3653820,0.0,0.0
1999-04-01 00:00:00+05:30,2.799273294104569,2.799273294104569,2.640449243848108,2.6841259002685547,1450160,0.0,0.0
1999-04-02 00:00:00+05:30,2.6841259002685547,2.6841259002685547,2.6841259002685547,2.6841259002685547,0,0.0,0.0
1999-04-05 00:00:00+05:30,2.584860892631533,2.6205961666743027,2.5014782709767753,2.527287006378174,2671260,0.0,0.0
1999-04-06 00:00:00+05:30,2.461772218744789,2.729787826538086,2.461772218744789,2.729787826538086,2954580,0.0,0.0
1999-04-07 00:00:00+05:30,2.739714184456145,2.739714184456145,2.612654909497919,2.6245667934417725,3711240,0.0,0.0
1999-04-08 00:00:00+05:30,2.586846248902954,2.646405296023187,2.5729492073303297,2.5928022861480713,1744580,0.0,0.0
1999-04-09 00:00:00+05:30,2.580890910110022,2.60074399284408,2.561037827375964,2.590817451477051,2289100,0.0,0.0
1999-04-12 00:00:00+05:30,2.5729496139536927,2.61265558853123,2.5411848342916628,2.6047143936157227,1089520,0.0,0.0
1999-04-13 00:00:00+05:30,2.600743736293225,2.6166261251805385,2.580890655517578,2.580890655517578,1261160,0.0,0.0
1999-04-14 00:00:00+05:30,2.580890655517578,2.580890655517578,2.580890655517578,2.580890655517578,0,0.0,0.0
1999-04-15 00:00:00+05:30,2.5411842993856175,2.590816804493411,2.5411842993856175,2.586846113204956,2499340,0.0,0.0
1999-04-16 00:00:00+05:30,2.588831860592042,2.7953031063079834,2.580890666115775,2.7953031063079834,4071780,0.0,0.0
1999-04-19 00:00:00+05:30,2.621354884682238,2.7710309656216396,2.601128303843953,2.7204647064208984,3271720,0.065,0.0
1999-04-20 00:00:00+05:30,2.7305779500698972,2.8074386858859275,2.64967201389248,2.718441963195801,4385580,0.0,0.0
1999-04-21 00:00:00+05:30,2.7184419811603684,2.7326006647562084,2.629445450777084,2.649672031402588,3114380,0.0,0.0
1999-04-22 00:00:00+05:30,2.6698986803185196,2.6901252629227077,2.578879444389647,2.597083330154419,3335360,0.0,0.0
1999-04-23 00:00:00+05:30,2.6092189289067003,2.6213549161342775,2.560675365786337,2.613264322280884,2057980,0.0,0.0
1999-04-26 00:00:00+05:30,2.469656055538754,2.5242675140304396,2.4049313068389893,2.4049313068389893,5012740,0.0,0.0
1999-04-27 00:00:00+05:30,2.4049313068389893,2.4049313068389893,2.4049313068389893,2.4049313068389893,0,0.0,0.0
1999-04-28 00:00:00+05:30,2.386727776361082,2.487860307623035,2.3665011929506936,2.4676337242126465,5871460,0.0,0.0
1999-04-29 00:00:00+05:30,2.4838145526100837,2.5687658819489028,2.4676333653926865,2.554607391357422,2149600,0.0,0.0
1999-04-30 00:00:00+05:30,2.5424713865450577,2.6294454118956887,2.5384261862167543,2.621354818344116,2330360,0.0,0.0
1999-05-03 00:00:00+05:30,2.6294453782296316,2.6557398551593234,2.550561947440556,2.564720630645752,1582020,0.0,0.0
1999-05-04 00:00:00+05:30,2.5505620591458107,2.673943855749955,2.5505620591458107,2.665853261947632,2409500,0.0,0.0
1999-05-05 00:00:00+05:30,2.6496719673589464,2.7710308694937678,2.6092188070857087,2.7143967151641846,5071140,0.0,0.0
1999-05-06 00:00:00+05:30,2.7123746736579966,2.7649636403984,2.690125584450138,2.7386691570281982,2149660,0.0,0.0
1999-05-07 00:00:00+05:30,2.7912574786889963,2.959137439727783,2.7629403047819245,2.959137439727783,6264840,0.0,0.0
1999-05-10 00:00:00+05:30,3.193765448070199,3.1957881450653076,3.100723508140241,3.1957881450653076,5285080,0.0,0.0
1999-05-11 00:00:00+05:30,3.4506419767604477,3.4526646737497275,3.0481345348538715,3.114881992340088,6554540,0.0,0.0
1999-05-12 00:00:00+05:30,3.1593797605055,3.220059308373601,2.912616368719203,3.01374888420105,3643120,0.0,0.0
1999-05-13 00:00:00+05:30,3.1533123160004384,3.1533123160004384,2.993522926329553,3.118927240371704,1773500,0.0,0.0
1999-05-14 00:00:00+05:30,3.135108576442881,3.2261278191154483,3.033976041718917,3.114881992340088,4208200,0.0,0.0
1999-05-17 00:00:00+05:30,3.1148814264932185,3.1148814264932185,2.8660955288561154,2.9207069873809814,2468040,0.0,0.0
1999-05-18 00:00:00+05:30,2.8923900062551127,3.033975490569356,2.8842994126627266,2.9207069873809814,3686840,0.0,0.0
1999-05-19 00:00:00+05:30,2.9935224137952954,3.15533447265625,2.985431820496996,3.15533447265625,3946740,0.0,0.0
1999-05-20 00:00:00+05:30,3.2119688953682686,3.3171466170751516,3.0744286048565996,3.076451301574707,3463140,0.0,0.0
1999-05-21 00:00:00+05:30,3.1553349069673993,3.1654480053110556,2.9935228258340736,3.017794609069824,3303840,0.0,0.0
1999-05-24 00:00:00+05:30,3.017794277409907,3.0420660579781544,2.99352249684166,3.01374888420105,1345760,0.0,0.0
1999-05-25 00:00:00+05:30,3.001612987165038,3.05622444334224,3.001612987165038,3.0481338500976562,2300660,0.0,0.0
1999-05-26 00:00:00+05:30,3.013749360260633,3.082519512514593,2.9854323749054696,3.0117268562316895,1531400,0.0,0.0
1999-05-27 00:00:00+05:30,2.9935224149785578,3.060269857939654,2.9530694484710693,2.9530694484710693,1260720,0.0,0.0
1999-05-28 00:00:00+05:30,2.9935227648900113,3.0542023181915283,2.926775314126837,3.0542023181915283,3394900,0.0,0.0
1999-05-31 00:00:00+05:30,3.1553351796297817,3.2807393074035645,3.1553351796297817,3.2807393074035645,4736820,0.0,0.0
1999-06-01 00:00:00+05:30,3.2059014279076568,3.2564676952696385,3.0825196120916196,3.114881992340088,2828340,0.0,0.0
1999-06-02 00:00:00+05:30,2.993523237336656,3.155335340713369,2.993523237336656,3.137131452560425,1200300,0.0,0.0
1999-06-03 00:00:00+05:30,3.135108232498169,3.171516002730993,3.096677958392951,3.135108232498169,947280,0.0,0.0
1999-06-04 00:00:00+05:30,3.1836521468155836,3.1897202377834226,3.08049691510234,3.114881992340088,1008780,0.0,0.0
1999-06-07 00:00:00+05:30,3.1351078655858773,3.1351078655858773,3.0744283199310303,3.0744283199310303,777480,0.0,0.0
1999-06-08 00:00:00+05:30,2.9975681621186103,3.256467580795288,2.9975681621186103,3.256467580795288,993240,0.0,0.0
1999-06-09 00:00:00+05:30,3.1310629994285444,3.135108393170618,3.074428837304447,3.088587522506714,682500,0.0,0.0
1999-06-10 00:00:00+05:30,3.155334250237013,3.155334250237013,3.0602696410118675,3.0622923374176025,267420,0.0,0.0
1999-06-11 00:00:00+05:30,3.0562254066638013,3.062293498181119,2.9530703585046467,3.0339763164520264,1383600,0.0,0.0
1999-06-14 00:00:00+05:30,2.9126165901125205,3.044088985969358,2.9126165901125205,3.040043592453003,1302560,0.0,0.0
1999-06-15 00:00:00+05:30,3.03397540943506,3.1148813431953437,3.013748829547508,3.0359981060028076,1675900,0.0,0.0
1999-06-16 00:00:00+05:30,2.9166616495429034,3.155334438609882,2.9166616495429034,3.1007227897644043,1595600,0.0,0.0
1999-06-17 00:00:00+05:30,3.122972215900546,3.155334785194239,3.074428651302476,3.0784740447998047,740420,0.0,0.0
1999-06-18 00:00:00+05:30,3.1957874568309084,3.1957874568309084,3.07442836378994,3.090609550476074,1790100,0.0,0.0
1999-06-21 00:00:00+05:30,3.03397567273622,3.133085498417475,3.03397567273622,3.1067910194396973,486800,0.0,0.0
1999-06-22 00:00:00+05:30,3.1148818465824446,3.1512896191058086,3.08251946784834,3.118927240371704,1022980,0.0,0.0
1999-06-23 00:00:00+05:30,3.0946552948241206,3.0946552948241206,3.0339757414167883,3.0420663356781006,442240,0.0,0.0
1999-06-24 00:00:00+05:30,3.003636630445514,3.0521802052139417,3.003636630445514,3.0339763164520264,186600,0.0,0.0
1999-06-25 00:00:00+05:30,3.0542029023863813,3.062293498181119,3.0339763164520264,3.0339763164520264,263600,0.0,0.0
1999-06-28 00:00:00+05:30,3.1108365364555133,3.1148817372077384,2.9955455180398007,3.0319530963897705,689100,0.0,0.0
1999-06-29 00:00:00+05:30,3.0440889434170333,3.0440889434170333,2.9854320885146906,3.023862361907959,570280,0.0,0.0
1999-06-30 00:00:00+05:30,3.013748741666636,3.033975320964381,2.9935223552638472,3.0036356449127197,400100,0.0,0.0
1999-07-01 00:00:00+05:30,3.0177946298908633,3.0299304251449755,2.9571150749353388,2.965205669403076,204760,0.0,0.0
1999-07-02 00:00:00+05:30,3.0097039828018533,3.0097039828018533,2.957115023233525,2.9753189086914062,337340,0.0,0.0
1999-07-05 00:00:00+05:30,3.1512897198196725,3.155335113738221,2.9631831462971445,3.0016136169433594,591620,0.0,0.0
1999-07-06 00:00:00+05:30,3.0137492625629556,3.0542024281503695,2.9732962898705315,3.0218398571014404,2481900,0.0,0.0
1999-07-07 00:00:00+05:30,3.054202437505047,3.1755613559540286,3.054202437505047,3.1169044971466064,2575800,0.0,0.0
1999-07-08 00:00:00+05:30,2.9935227970334566,3.135108294327306,2.9732962147507704,3.098700523376465,938600,0.0,0.0
1999-07-09 00:00:00+05:30,3.1148821113509504,3.1148821113509504,3.035998854705153,3.066338539123535,775520,0.0,0.0
1999-07-12 00:00:00+05:30,3.135107951476022,3.311078696564502,3.1128588677141855,3.292874813079834,5018180,0.0,0.0
1999-07-13 00:00:00+05:30,3.337373650852875,3.4910951501566565,3.337373650852875,3.416256904602051,7601440,0.0,0.0
1999-07-14 00:00:00+05:30,3.5598647429811217,3.677178449491423,3.5194115810989723,3.6124536991119385,7226800,0.0,0.0
1999-07-15 00:00:00+05:30,3.640770989328603,3.65695217829402,3.4182793517116377,3.440528631210327,4739760,0.0,0.0
1999-07-16 00:00:00+05:30,3.438506549886839,3.5982961570902137,3.408166863369376,3.4506423473358154,4274180,0.0,0.0
1999-07-19 00:00:00+05:30,3.5760458817432634,3.5760458817432634,3.4385055961700703,3.4647998809814453,2619940,0.0,0.0
1999-07-20 00:00:00+05:30,3.4223245685391315,3.4587323382773065,3.319169349544287,3.404120683670044,6724980,0.0,0.0
1999-07-21 00:00:00+05:30,3.474913747784181,3.4991853386292733,3.3171468641311574,3.456709861755371,2389220,0.0,0.0
1999-07-22 00:00:00+05:30,3.4587327045860983,3.509298971068965,3.4304153330184946,3.452664613723755,3293400,0.0,0.0
1999-07-23 00:00:00+05:30,3.4890726897238435,3.4890726897238435,3.4223252276129017,3.430415630340576,3580860,0.0,0.0
1999-07-26 00:00:00+05:30,3.468846235407836,3.468846235407836,3.418279962629908,3.4465973377227783,2075740,0.0,0.0
1999-07-27 00:00:00+05:30,3.430415326020848,3.478959281240574,3.400075643351017,3.462778091430664,2653340,0.0,0.0
1999-07-28 00:00:00+05:30,3.4769362331316076,3.640770811633947,3.4769362331316076,3.5113213062286377,3460880,0.0,0.0
1999-07-29 00:00:00+05:30,3.4870490591520227,3.5194114329797506,3.458732078500243,3.470867872238159,1264540,0.0,0.0
1999-07-30 00:00:00+05:30,3.495139756804292,3.495139756804292,3.4182788315715698,3.4385054111480713,1197280,0.0,0.0
1999-08-02 00:00:00+05:30,3.4344602672210915,3.4344602672210915,3.377826303246386,3.3960301876068115,1007580,0.0,0.0
1999-08-03 00:00:00+05:30,3.341418399958863,3.4344601289074124,3.339395703356947,3.3758034706115723,1932820,0.0,0.0
1999-08-04 00:00:00+05:30,3.4364838833555886,3.4364838833555886,3.367713720880782,3.3980534076690674,5959600,0.0,0.0
1999-08-05 00:00:00+05:30,3.408166042377415,3.418279140183747,3.341418593801748,3.3596224784851074,681740,0.0,0.0
1999-08-06 00:00:00+05:30,3.317146477671987,3.3899620133039607,3.246353638673116,3.3677127361297607,575940,0.0,0.0
1999-08-09 00:00:00+05:30,3.414233904008016,3.414233904008016,3.286807091145056,3.3272602558135986,611800,0.0,0.0
1999-08-10 00:00:00+05:30,3.2382631432503057,3.3980523146941897,3.0987001659662097,3.3737807273864746,1679580,0.0,0.0
1999-08-11 00:00:00+05:30,3.3940076600911677,3.3940076600911677,3.2969201433997783,3.325237512588501,470000,0.0,0.0
1999-08-12 00:00:00+05:30,3.3171464005327733,3.3171464005327733,3.2787159369773717,3.292874813079834,658360,0.0,0.0
1999-08-13 00:00:00+05:30,3.2868063532662597,3.296919449268049,3.216013523884087,3.234217405319214,919200,0.0,0.0
1999-08-16 00:00:00+05:30,3.2160140443148464,3.264557607400775,3.155334686904922,3.2362406253814697,722620,0.0,0.0
1999-08-17 00:00:00+05:30,3.256467488066251,3.296920267907894,3.205901223921713,3.2524220943450928,900900,0.0,0.0
1999-08-18 00:00:00+05:30,3.3535545291299504,3.43850586595575,3.2868070777518197,3.3697357177734375,1589660,0.0,0.0
1999-08-19 00:00:00+05:30,3.398052502334565,3.426369870143816,3.2180367410005033,3.2362406253814697,2508300,0.0,0.0
1999-08-20 00:00:00+05:30,3.2605130154692663,3.296920403082463,3.23624103793714,3.272648811340332,568480,0.0,0.0
1999-08-23 00:00:00+05:30,3.286807473521964,3.535593423543561,3.268603585882333,3.5173895359039307,5958280,0.0,0.0
1999-08-24 00:00:00+05:30,3.5558199846730525,3.7783116431800376,3.438506257211553,3.7601077556610107,9998660,0.0,0.0
1999-08-25 00:00:00+05:30,3.841013140200485,3.841013140200485,3.519411689298979,3.5639102458953857,4221880,0.0,0.0
1999-08-26 00:00:00+05:30,3.5699778960546684,3.7156089724623955,3.5598647983218874,3.5902044773101807,1770220,0.0,0.0
1999-08-27 00:00:00+05:30,3.640770643096011,3.681223804557498,3.5396381252322326,3.5861589908599854,1054300,0.0,0.0
1999-08-30 00:00:00+05:30,3.6387484701225503,3.7580848892395706,3.569978317214776,3.5982956886291504,3327360,0.0,0.0
1999-08-31 00:00:00+05:30,3.559864738518805,3.559864738518805,3.4587322197301456,3.4809811115264893,3356660,0.0,0.0
1999-09-01 00:00:00+05:30,3.5558190939565537,3.5558190939565537,3.398052236908205,3.5052528381347656,3546400,0.0,0.0
1999-09-02 00:00:00+05:30,3.4425509839919504,3.513343823311561,3.4385055907074156,3.4749133586883545,1560560,0.0,0.0
1999-09-03 00:00:00+05:30,3.5194116237285287,3.5194116237285287,3.4425510781693887,3.483003854751587,1439240,0.0,0.0
1999-09-06 00:00:00+05:30,3.503230141607104,3.5315471214145324,3.4607546718959616,3.5052528381347656,1677540,0.0,0.0
1999-09-07 00:00:00+05:30,3.5194115638909214,3.711563503206695,3.5194115638909214,3.68324613571167,3907000,0.0,0.0
1999-09-08 00:00:00+05:30,3.802582087366542,3.9785528182983394,3.802582087366542,3.97855281829834,5584140,0.0,0.0
1999-09-09 00:00:00+05:30,4.296108769515473,4.298131465911865,4.296108769515473,4.298131465911865,3683460,0.0,0.0
1999-09-10 00:00:00+05:30,4.283972006643608,4.324424768039577,3.9542798987120307,4.002823829650879,6810860,0.0,0.0
1999-09-13 00:00:00+05:30,4.002823829650879,4.002823829650879,4.002823829650879,4.002823829650879,0,0.0,0.0
1999-09-14 00:00:00+05:30,4.243520514530067,4.243520514530067,3.8673077964457594,3.90573787689209,5346220,0.0,0.0
1999-09-15 00:00:00+05:30,4.150478033252402,4.150478033252402,3.741902626815904,3.8106727600097656,2994140,0.0,0.0
1999-09-16 00:00:00+05:30,3.6650424178758834,3.8430354698917255,3.6650424178758834,3.804605007171631,1841220,0.0,0.0
1999-09-17 00:00:00+05:30,3.8025829808737788,4.000803033248954,3.7014504506825614,3.9097836017608643,3767660,0.0,0.0
1999-09-20 00:00:00+05:30,3.9542818700093254,3.9542818700093254,3.6549296661282606,3.695382833480835,1747340,0.0,0.0
1999-09-21 00:00:00+05:30,3.6812246588038593,3.7216774438626756,3.5234577554413984,3.6306583881378174,3134160,0.0,0.0
1999-09-22 00:00:00+05:30,3.6812241355929998,3.903715386268972,3.6407709704937465,3.8612399101257324,3880440,0.0,0.0
1999-09-23 00:00:00+05:30,3.883488806994617,3.9178738782051403,3.843035645879907,3.8511264324188232,1657880,0.0,0.0
1999-09-24 00:00:00+05:30,3.903714085885631,3.903714085885631,3.8430347442398864,3.871351718902588,1742920,0.0,0.0
1999-09-27 00:00:00+05:30,3.8389895901099362,3.9198955125873574,3.7823556372706757,3.8430349826812744,1818980,0.0,0.0
1999-09-28 00:00:00+05:30,3.782357416548734,3.923942751040634,3.768198535888498,3.853149890899658,2628700,0.0,0.0
1999-09-29 00:00:00+05:30,3.9219186453086192,3.9886660870039568,3.8470808033601647,3.8551712036132812,1077780,0.0,0.0
1999-09-30 00:00:00+05:30,3.8834883754826826,4.164636618041467,3.851126004502818,4.140364646911621,6602680,0.0,0.0
1999-10-01 00:00:00+05:30,4.004847769187443,4.025074351009594,3.863262468012308,3.990689277648926,2294100,0.0,0.0
1999-10-04 00:00:00+05:30,3.9219182088730267,3.923940905158696,3.8430349826812744,3.8430349826812744,2859380,0.0,0.0
1999-10-05 00:00:00+05:30,3.8834891337206905,3.9239419124488415,3.7236995582430827,3.8875341415405273,2143780,0.0,0.0
1999-10-06 00:00:00+05:30,3.903714762501717,4.025073852617762,3.84303541033865,3.8551712036132812,3153360,0.0,0.0
1999-10-07 00:00:00+05:30,3.998780318983666,4.035188091420784,3.8895570016723138,3.948214054107666,3660880,0.0,0.0
1999-10-08 00:00:00+05:30,3.994734093428919,4.144410160001847,3.9259639566535327,4.010915279388428,5238940,0.0,0.0
1999-10-11 00:00:00+05:30,4.122161426623113,4.160591893001044,3.966417635956676,3.9987800121307373,5147720,0.0,0.0
1999-10-12 00:00:00+05:30,4.004847126550936,4.235429505059192,3.8470806623920177,4.085753440856934,4961060,0.0,0.0
1999-10-13 00:00:00+05:30,4.126205874218947,4.186885604977822,3.8470803472556967,4.124183177947998,6268840,0.0,0.0
1999-10-14 00:00:00+05:30,4.1464345562213385,4.184865033300217,4.004848831692878,4.049347400665283,5589180,0.0,0.0
1999-10-15 00:00:00+05:30,4.126205840398555,4.24756491513172,3.9643939979475777,3.9745070934295654,1889740,0.0,0.0
1999-10-18 00:00:00+05:30,3.9643949740309923,4.243520567430592,3.9643949740309923,4.17879581451416,5808120,0.0,0.0
1999-10-19 00:00:00+05:30,4.17879581451416,4.17879581451416,4.17879581451416,4.17879581451416,0,0.0,0.0
1999-10-20 00:00:00+05:30,4.247566633268103,4.326449890147418,4.136320994808042,4.186887264251709,2384940,0.0,0.0
1999-10-21 00:00:00+05:30,4.245542573541153,4.245542573541153,3.964394329124841,3.97855281829834,2667400,0.0,0.0
1999-10-22 00:00:00+05:30,4.004847750610844,4.059459405540346,3.9643949729441443,4.043278217315674,5776040,0.0,0.0
1999-10-25 00:00:00+05:30,4.162614273734365,4.166659666896509,3.84303554393359,3.889556407928467,3334300,0.0,0.0
1999-10-26 00:00:00+05:30,3.8228091262440835,3.923941644852604,3.8025825453643907,3.8187637329101562,2934100,0.0,0.0
1999-10-27 00:00:00+05:30,3.901693039128022,3.964395097240793,3.859217177587779,3.9522593021392822,1115240,0.0,0.0
1999-10-28 00:00:00+05:30,3.956303569767835,3.964394355515062,3.7823559198913386,3.830899477005005,1133900,0.0,0.0
1999-10-29 00:00:00+05:30,3.8834896762443445,3.8834896762443445,3.5598654722589784,3.7499947547912598,6301880,0.0,0.0
1999-11-01 00:00:00+05:30,3.6488614498068923,3.7520162791011082,3.640770663154045,3.68324613571167,1871400,0.0,0.0
1999-11-02 00:00:00+05:30,3.6407717852231385,3.8025837102503646,3.6407717852231385,3.7742667198181152,1842740,0.0,0.0
1999-11-03 00:00:00+05:30,3.8430367905038265,3.923942751040634,3.8430367905038265,3.853149890899658,3045700,0.0,0.0
1999-11-04 00:00:00+05:30,3.65088426757257,3.883489400867827,3.64481656253043,3.820786952972412,969800,0.0,0.0
1999-11-05 00:00:00+05:30,3.8228096499164574,3.8410135366228686,3.78437917955959,3.820786952972412,516300,0.0,0.0
1999-11-08 00:00:00+05:30,3.820786952972412,3.820786952972412,3.820786952972412,3.820786952972412,0,0.0,0.0
1999-11-09 00:00:00+05:30,3.743925284852029,3.8774201571464713,3.6852682482854418,3.75606107711792,932600,0.0,0.0
1999-11-10 00:00:00+05:30,3.6407711347513327,3.8207869174056848,3.6407711347513327,3.790447235107422,543600,0.0,0.0
1999-11-11 00:00:00+05:30,3.7823567390441895,3.8025829362128896,3.762130156085507,3.7823567390441895,488980,0.0,0.0
1999-11-12 00:00:00+05:30,3.74190296553739,3.7742653387004657,3.6812236123041027,3.762129545211792,445860,0.0,0.0
1999-11-15 00:00:00+05:30,3.762129263271157,3.762129263271157,3.6872910398213543,3.7317895889282227,401500,0.0,0.0
1999-11-16 00:00:00+05:30,3.705495348793672,3.7621296970091413,3.685268768303152,3.729767322540283,922280,0.0,0.0
1999-11-17 00:00:00+05:30,3.782356289801898,3.782356289801898,3.6913368701934814,3.6913368701934814,353380,0.0,0.0
1999-11-18 00:00:00+05:30,3.6609971922539883,3.709540754115165,3.6407706116976803,3.6913368701934814,703480,0.0,0.0
1999-11-19 00:00:00+05:30,3.701450352706045,3.741903518027741,3.6812241558351735,3.6872918605804443,427600,0.0,0.0
1999-11-22 00:00:00+05:30,3.6609973026015115,3.863262342681264,3.600317559103617,3.7924695014953613,1116500,0.0,0.0
1999-11-23 00:00:00+05:30,3.7924695014953613,3.7924695014953613,3.7924695014953613,3.7924695014953613,0,0.0,0.0
1999-11-24 00:00:00+05:30,3.8430372207538666,3.8430372207538666,3.6913383830925297,3.7095422744750977,2389060,0.0,0.0
1999-11-25 00:00:00+05:30,3.7034738063812256,3.7520173832134853,3.683247219586937,3.7034738063812256,3126080,0.0,0.0
1999-11-26 00:00:00+05:30,3.8349453218336893,4.000802993774414,3.790447147872997,4.000802993774414,7305500,0.0,0.0
1999-11-29 00:00:00+05:30,4.128230187089527,4.322404861450195,4.128230187089527,4.322404861450195,5947960,0.0,0.0
1999-11-30 00:00:00+05:30,4.631869493499317,4.668277263641357,4.530736970122519,4.668277263641357,5126400,0.0,0.0
1999-12-01 00:00:00+05:30,4.975720303826941,5.042467754850658,4.569167507304316,4.9999918937683105,20571640,0.0,0.0
1999-12-02 00:00:00+05:30,5.084943464123203,5.400477234199809,5.018196010028148,5.36406946182251,17407800,0.0,0.0
1999-12-03 00:00:00+05:30,5.66342106715525,5.794893264770508,5.542061967129648,5.794893264770508,13970780,0.0,0.0
1999-12-06 00:00:00+05:30,6.177174118546079,6.26010274887085,5.987044884874445,6.26010274887085,20707400,0.0,0.0
1999-12-07 00:00:00+05:30,6.618112164746219,6.618112164746219,5.924343035837877,6.195377826690674,14827520,0.0,0.0
1999-12-08 00:00:00+05:30,6.381462175740015,6.391575659718046,5.703874566600591,6.031543731689453,15140000,0.0,0.0
1999-12-09 00:00:00+05:30,6.148857652148851,6.514957297089675,5.865686649667715,6.476527214050293,16357100,0.0,0.0
1999-12-10 00:00:00+05:30,6.514957447990644,6.7152001984401375,6.229763742040137,6.351122856140137,7520120,0.0,0.0
1999-12-13 00:00:00+05:30,6.432027707575058,6.432027707575058,6.148856746788154,6.288419723510742,7507860,0.0,0.0
1999-12-14 00:00:00+05:30,6.3106694273370385,6.427983135570575,6.108404386535081,6.150879859924316,7180540,0.0,0.0
1999-12-15 00:00:00+05:30,6.067952564208268,6.644407749176025,5.987046607176831,6.644407749176025,8059860,0.0,0.0
1999-12-16 00:00:00+05:30,7.032755476118803,7.176363468170166,6.877011303997508,7.176363468170166,1665300,0.0,0.0
1999-12-17 00:00:00+05:30,7.645621263815339,7.750799217183489,7.3462689834199235,7.419084548950195,10238160,0.0,0.0
1999-12-20 00:00:00+05:30,7.572804281388082,7.686073003417792,7.079277766305861,7.148047924041748,6514860,0.0,0.0
1999-12-21 00:00:00+05:30,7.200634876299285,7.281541198245066,6.998369843014699,7.139955520629883,9054800,0.0,0.0
1999-12-22 00:00:00+05:30,7.28154057051616,7.4797601934573015,7.04489087233269,7.101524829864502,5040000,0.0,0.0
1999-12-23 00:00:00+05:30,7.079277427935073,7.079277427935073,6.678792683172919,6.741495132446289,1182120,0.0,0.0
1999-12-24 00:00:00+05:30,6.680814036409181,6.71519949449308,6.395620746145165,6.506865978240967,3082500,0.0,0.0
1999-12-27 00:00:00+05:30,6.472481779026828,6.472481779026828,6.067951667837652,6.092223644256592,2398040,0.0,0.0
1999-12-28 00:00:00+05:30,6.067950188119084,6.470457504302863,5.744326100928089,6.142788410186768,3147020,0.0,0.0
1999-12-29 00:00:00+05:30,6.391576045740767,6.466413902748235,6.270216931204616,6.298533916473389,1310640,0.0,0.0
1999-12-30 00:00:00+05:30,6.383484559210092,6.472481284898634,6.2742616381382,6.367303371429443,4196440,0.0,0.0
1999-12-31 00:00:00+05:30,6.367303371429443,6.367303371429443,6.367303371429443,6.367303371429443,0,0.0,0.0
2000-01-03 00:00:00+05:30,6.715198957263965,6.877010822296143,6.715198957263965,6.877010822296143,665180,0.0,0.0
2000-01-04 00:00:00+05:30,7.3624479539397285,7.421104230647215,6.917464700182068,7.03073263168335,3374200,0.0,0.0
2000-01-05 00:00:00+05:30,6.87701099898686,7.03477747499924,6.674745969604894,6.753629207611084,3196400,0.0,0.0
2000-01-06 00:00:00+05:30,6.796105186900725,6.877011513336651,6.686882649266112,6.808241367340088,1700520,0.0,0.0
2000-01-07 00:00:00+05:30,6.559454493709206,6.917463662604967,6.559454493709206,6.810262680053711,1702880,0.0,0.0
2000-01-10 00:00:00+05:30,6.994326338191232,7.261316163033351,6.674747164212944,6.711154937744141,2008680,0.0,0.0
2000-01-11 00:00:00+05:30,6.735424728599218,6.79205945649318,6.351121283909184,6.610020637512207,2915680,0.0,0.0
2000-01-12 00:00:00+05:30,6.624180103800344,6.79408276938697,6.565523056633318,6.692950248718262,1719040,0.0,0.0
2000-01-13 00:00:00+05:30,6.872965279964357,6.872965279964357,6.674745653157148,6.678791046142578,965520,0.0,0.0
2000-01-14 00:00:00+05:30,6.796105080305187,6.796105080305187,6.634293201551236,6.692950248718262,1163040,0.0,0.0
2000-01-17 00:00:00+05:30,7.038821859965791,7.228951454162598,6.959938633258496,7.228951454162598,2748080,0.0,0.0
2000-01-18 00:00:00+05:30,7.228951526793737,7.228951526793737,6.656541199522889,6.703062057495117,5113040,0.0,0.0
2000-01-19 00:00:00+05:30,6.9579187092721915,7.241089344024658,6.9579187092721915,7.241089344024658,6996360,0.0,0.0
2000-01-20 00:00:00+05:30,7.475715613049407,7.475715613049407,7.119729485962243,7.224907398223877,5381960,0.0,0.0
2000-01-21 00:00:00+05:30,7.11973093786778,7.766979345233951,6.961963651512374,7.61123514175415,9446580,0.0,0.0
2000-01-24 00:00:00+05:30,8.042059804327685,8.220053303231385,7.807432325964666,8.112853050231934,8987320,0.0,0.0
2000-01-25 00:00:00+05:30,8.050149065335372,8.76212215423584,8.050149065335372,8.76212215423584,5805820,0.0,0.0
2000-01-26 00:00:00+05:30,8.76212215423584,8.76212215423584,8.76212215423584,8.76212215423584,0,0.0,0.0
2000-01-27 00:00:00+05:30,9.06147405101421,9.46398183846936,8.95022842825583,9.2920560836792,11271640,0.0,0.0
2000-01-28 00:00:00+05:30,9.30419305346836,9.425551784664211,9.061474819496665,9.219242095947266,9583300,0.0,0.0
2000-01-31 00:00:00+05:30,9.30823629728423,9.95750682520959,9.30823629728423,9.617701530456543,12747600,0.0,0.0
2000-02-01 00:00:00+05:30,9.546912232388834,9.870536061996562,9.506459060792851,9.747154235839844,7815580,0.0,0.0
2000-02-02 00:00:00+05:30,10.52587403892323,10.527896350053277,9.66826983432668,9.870534896850586,6876640,0.0,0.0
2000-02-03 00:00:00+05:30,9.870534976227438,10.113253207524012,9.081701688988558,9.140357971191406,5693740,0.0,0.0
2000-02-04 00:00:00+05:30,9.30217096488561,9.385099613222454,8.798530598053546,9.261717796325684,5314080,0.0,0.0
2000-02-07 00:00:00+05:30,9.506457983243628,10.004029854208673,9.30419291977036,9.979758262634277,7780700,0.0,0.0
2000-02-08 00:00:00+05:30,10.113254669181703,10.266975800658022,9.71276987687172,10.143594741821289,6104160,0.0,0.0
2000-02-09 00:00:00+05:30,10.315516594612953,10.55823478644923,9.955485085863389,10.214384078979492,6344660,0.0,0.0
2000-02-10 00:00:00+05:30,10.11325143287913,10.59868781028927,10.042458981480918,10.184043884277344,4201720,0.0,0.0
2000-02-11 00:00:00+05:30,10.31956265724304,10.477329144959768,9.37093987683414,9.389142990112305,5296460,0.0,0.0
2000-02-14 00:00:00+05:30,9.50645855473053,9.50645855473053,8.905731033196204,9.443756103515625,5050880,0.0,0.0
2000-02-15 00:00:00+05:30,9.466004666851218,9.506457833223482,9.105973106456005,9.20710563659668,3881740,0.0,0.0
2000-02-16 00:00:00+05:30,9.90694249803759,9.945372581481934,9.304192714758077,9.945372581481934,1412000,0.0,0.0
2000-02-17 00:00:00+05:30,10.424740406818563,10.424740406818563,10.038414209056784,10.129433631896973,4683200,0.0,0.0
2000-02-18 00:00:00+05:30,10.153704341685215,10.234609888198426,9.668267976286625,9.813899040222168,2375540,0.0,0.0
2000-02-21 00:00:00+05:30,9.840193332073127,10.032344479912453,9.510501140116924,9.552976608276367,2209440,0.0,0.0
2000-02-22 00:00:00+05:30,9.548932205205265,9.708721769507584,8.790438316962486,8.800551414489746,3496120,0.0,0.0
2000-02-23 00:00:00+05:30,9.142380285557564,9.502411822581415,8.798529551084265,8.877412796020508,2690160,0.0,0.0
2000-02-24 00:00:00+05:30,8.98056768685446,9.304191427888192,8.71762252923721,9.182832717895508,1757840,0.0,0.0
2000-02-25 00:00:00+05:30,9.30216911707292,9.466003298405058,8.98056768685446,9.182832717895508,2530640,0.0,0.0
2000-02-28 00:00:00+05:30,9.298124447619177,9.304192152117157,8.899662058546845,9.205081939697266,1714420,0.0,0.0
2000-02-29 00:00:00+05:30,9.223284423675926,9.668267613322527,8.474904481520053,8.770211219787598,5173760,0.0,0.0
2000-03-01 00:00:00+05:30,8.818754927107056,9.472071647644043,8.818754927107056,9.472071647644043,641880,0.0,0.0
2000-03-02 00:00:00+05:30,10.113251932010602,10.230566024780273,10.113251932010602,10.230566024780273,798720,0.0,0.0
2000-03-03 00:00:00+05:30,11.049737930297852,11.049737930297852,11.049737930297852,11.049737930297852,1285880,0.0,0.0
2000-03-06 00:00:00+05:30,11.931617279181705,11.933639590464534,10.315518968028664,10.762524604797363,4072820,0.0,0.0
2000-03-07 00:00:00+05:30,10.72004590933549,10.837359989645016,10.315515875020942,10.444965362548828,3248240,0.0,0.0
2000-03-08 00:00:00+05:30,10.72004863195673,11.282345275557539,10.598689899472241,11.005242347717285,4009540,0.0,0.0
2000-03-09 00:00:00+05:30,10.928381024599835,11.326843442611585,10.153706240371381,10.906131744384766,2679580,0.0,0.0
2000-03-10 00:00:00+05:30,10.568348694124781,10.63914115186494,10.034369094084948,10.281132698059082,2936660,0.0,0.0
2000-03-13 00:00:00+05:30,10.11325213353489,11.104351151253272,10.11325213353489,10.920289993286133,4159640,0.0,0.0
2000-03-14 00:00:00+05:30,11.144803654168557,11.326842503027756,10.355970442798501,10.736228942871094,3564040,0.0,0.0
2000-03-15 00:00:00+05:30,10.922312741455578,10.922312741455578,9.991893816556152,10.511714935302734,1655720,0.0,0.0
2000-03-16 00:00:00+05:30,10.598690670118946,10.598690670118946,10.317541556295764,10.394402503967285,2649280,0.0,0.0
2000-03-17 00:00:00+05:30,10.394402503967285,10.394402503967285,10.394402503967285,10.394402503967285,0,0.0,0.0
2000-03-20 00:00:00+05:30,10.394402503967285,10.394402503967285,10.394402503967285,10.394402503967285,0,0.0,0.0
2000-03-21 00:00:00+05:30,10.517781104826106,10.517781104826106,9.979756179173195,10.347878456115723,3202220,0.0,0.0
2000-03-22 00:00:00+05:30,10.50767037997912,10.720048545912325,10.277088327161351,10.56430435180664,1522600,0.0,0.0
2000-03-23 00:00:00+05:30,10.446990908478156,11.409772277700633,10.446990908478156,11.343025207519531,5076880,0.0,0.0
2000-03-24 00:00:00+05:30,11.128622745500834,11.23582297126053,10.699821070882141,11.059852600097656,2343080,0.0,0.0
2000-03-27 00:00:00+05:30,11.124578050889072,11.245936775539517,10.77061420381533,10.991083145141602,1222620,0.0,0.0
2000-03-28 00:00:00+05:30,10.861635069278838,11.266165233709483,10.843431181016257,11.12862491607666,1967280,0.0,0.0
2000-03-29 00:00:00+05:30,11.165030621586197,11.648443954959061,10.641164124957967,10.736228942871094,1969600,0.0,0.0
2000-03-30 00:00:00+05:30,10.376198687529946,10.76050265697108,10.153707403061961,10.620939254760742,1907360,0.0,0.0
2000-03-31 00:00:00+05:30,10.234610694945657,10.517782059012568,10.194158304290292,10.404513359069824,1487200,0.0,0.0
2000-04-03 00:00:00+05:30,10.515758824283179,11.043669883124712,9.714788751447413,9.997960090637207,3371760,0.0,0.0
2000-04-04 00:00:00+05:30,9.830081423019159,9.830081423019159,9.199014663696289,9.199014663696289,1435660,0.0,0.0
2000-04-05 00:00:00+05:30,9.38510098474045,9.38510098474045,8.464794158935547,8.464794158935547,1745620,0.0,0.0
2000-04-06 00:00:00+05:30,8.438295821781816,8.642119384843935,7.849245071411133,7.849245071411133,1670120,0.08,0.0
2000-04-07 00:00:00+05:30,7.94912089068182,8.47702407836914,7.543511559533299,8.47702407836914,3218580,0.0,0.0
2000-04-10 00:00:00+05:30,9.151679255561799,9.155755043029785,8.966199824757643,9.155755043029785,3121120,0.0,0.0
2000-04-11 00:00:00+05:30,9.155755425460553,9.575632307000689,8.519826032930352,9.220979690551758,5918660,0.0,0.0
2000-04-12 00:00:00+05:30,9.70200011302714,9.905823651347248,9.090529498066813,9.498176574707031,2618020,0.0,0.0
2000-04-13 00:00:00+05:30,9.335118903592361,9.538942463834664,8.764413090418953,9.434992790222168,3826320,0.0,0.0
2000-04-14 00:00:00+05:30,9.434992790222168,9.434992790222168,9.434992790222168,9.434992790222168,0,0.0,0.0
2000-04-17 00:00:00+05:30,9.172061005956893,9.172061005956893,8.680846214294434,8.680846214294434,2566580,0.0,0.0
2000-04-18 00:00:00+05:30,8.725686333102177,9.16798305719049,8.725686333102177,9.053841590881348,2737960,0.0,0.0
2000-04-19 00:00:00+05:30,9.335115521881304,9.45741008023973,8.927468549069676,9.231165885925293,2819060,0.0,0.0
2000-04-20 00:00:00+05:30,9.090529056412766,9.253588501166853,8.77664141356878,9.200593948364258,3587940,0.0,0.0
2000-04-21 00:00:00+05:30,9.200593948364258,9.200593948364258,9.200593948364258,9.200593948364258,0,0.0,0.0
2000-04-24 00:00:00+05:30,9.172059658843441,9.616395055629424,9.151677615056064,9.461488723754883,3972720,0.0,0.0
2000-04-25 00:00:00+05:30,9.298428658833648,9.579705330938419,8.968234777899797,9.414608001708984,5120320,0.0,0.0
2000-04-26 00:00:00+05:30,9.779454625359026,10.168757606193084,9.42683994868945,10.160604476928711,3779560,0.0,0.0
2000-04-27 00:00:00+05:30,10.38277355592838,10.395003251427404,9.502255695656553,10.00773811340332,5115360,0.0,0.0
2000-04-28 00:00:00+05:30,9.867096019640778,10.170793389547788,9.785566305195612,9.9934663772583,3344980,0.0,0.0
2000-05-01 00:00:00+05:30,9.9934663772583,9.9934663772583,9.9934663772583,9.9934663772583,0,0.0,0.0
2000-05-02 00:00:00+05:30,10.068886144581061,10.354238717883664,9.78353279375313,10.240097999572754,5077460,0.0,0.0
2000-05-03 00:00:00+05:30,9.905823381187606,10.187100074105176,9.477794273398972,10.036271095275879,4457840,0.0,0.0
2000-05-04 00:00:00+05:30,10.390924463529318,10.476530758659761,10.03219535840568,10.22378921508789,3444900,0.0,0.0
2000-05-05 00:00:00+05:30,10.130030927787063,11.006472066463372,10.079075038590473,10.592710494995117,5688380,0.0,0.0
2000-05-08 00:00:00+05:30,10.80264782025094,11.210294907807578,10.435765596954987,10.617168426513672,2764400,0.0,0.0
2000-05-09 00:00:00+05:30,10.43576432957195,10.80060861523225,10.31346975164209,10.655893325805664,2285760,0.0,0.0
2000-05-10 00:00:00+05:30,10.598824771118158,10.802648324408892,10.272707396863044,10.7068510055542,3749540,0.0,0.0
2000-05-11 00:00:00+05:30,10.399077183053524,11.043159543242439,10.356274425934588,10.835259437561035,4862760,0.0,0.0
2000-05-12 00:00:00+05:30,11.063540074915867,11.063540074915867,10.602899276061208,10.684428215026855,2593960,0.0,0.0
2000-05-15 00:00:00+05:30,10.519332092213658,10.680352861159708,10.231940957365973,10.480605125427246,3306260,0.0,0.0
2000-05-16 00:00:00+05:30,10.47653198453453,10.670163757258475,10.395002244158489,10.445958137512207,2148140,0.0,0.0
2000-05-17 00:00:00+05:30,10.598824901775798,10.639589768441505,10.399077910391503,10.519333839416504,1602860,0.0,0.0
2000-05-18 00:00:00+05:30,10.39907707584688,10.558059187806865,10.395000511754944,10.437803268432617,977420,0.0,0.0
2000-05-19 00:00:00+05:30,10.274743602232844,10.619205070793072,10.274743602232844,10.425573348999023,4338100,0.0,0.0
2000-05-22 00:00:00+05:30,10.435766302991176,10.513219472574097,9.916016386697583,10.144298553466797,2203000,0.0,0.0
2000-05-23 00:00:00+05:30,10.068882099620781,10.068882099620781,8.929508602966456,9.528749465942383,4078200,0.0,0.0
2000-05-24 00:00:00+05:30,9.375884147907525,10.291052312281765,8.972313575713661,9.869136810302734,6396820,0.0,0.0
2000-05-25 00:00:00+05:30,9.885444060307488,10.089267649179808,9.379961653207172,9.522638320922852,3152620,0.0,0.0
2000-05-26 00:00:00+05:30,9.420727344615665,9.618435714274307,9.176138861222904,9.386076927185059,2774700,0.0,0.0
2000-05-29 00:00:00+05:30,9.296393134584768,9.437031117710655,8.642119662723813,9.157793045043945,2823020,0.0,0.0
2000-05-30 00:00:00+05:30,9.253587072578176,9.355498821053597,8.805175223781339,9.123139381408691,2934900,0.0,0.0
2000-05-31 00:00:00+05:30,9.416648194534531,9.759071821792162,9.172059778275491,9.388113021850586,3053380,0.0,0.0
2000-06-01 00:00:00+05:30,9.253589283980359,9.457412829640498,9.212824419343306,9.345309257507324,1871460,0.0,0.0
2000-06-02 00:00:00+05:30,9.457412548402466,10.06888316719939,9.457412548402466,9.966971397399902,4436940,0.0,0.0
2000-06-05 00:00:00+05:30,10.032195702053304,10.74150158553398,9.952704639403986,10.070921897888184,3142220,0.0,0.0
2000-06-06 00:00:00+05:30,10.39500074625213,10.39500074625213,9.661236298703203,9.971047401428223,1835860,0.0,0.0
2000-06-07 00:00:00+05:30,9.702001568783473,9.799837566079207,9.538942869165934,9.76314926147461,1600040,0.0,0.0
2000-06-08 00:00:00+05:30,9.78352866562095,9.983275615907711,9.66123486831069,9.797796249389648,1273240,0.0,0.0
2000-06-09 00:00:00+05:30,9.86506322085194,10.191180691985318,9.86506322085194,9.99754810333252,2164220,0.0,0.0
2000-06-12 00:00:00+05:30,10.048505434661834,10.150417256063122,9.909905295354044,9.960861206054688,1282880,0.0,0.0
2000-06-13 00:00:00+05:30,9.783529473349166,10.39500006543349,9.742764611705198,10.337929725646973,2280280,0.0,0.0
2000-06-14 00:00:00+05:30,10.558058845652424,10.558058845652424,10.15041177997067,10.20340633392334,1414600,0.0,0.0
2000-06-15 00:00:00+05:30,10.233981584949072,10.313472655345004,10.091304925956898,10.227867126464844,1270040,0.0,0.0
2000-06-16 00:00:00+05:30,9.905824959595954,10.311434196532268,9.905824959595954,10.231943130493164,1116260,0.0,0.0
2000-06-19 00:00:00+05:30,9.997545335497191,10.313471693978977,9.993468771045956,10.258440017700195,1483700,0.0,0.0
2000-06-20 00:00:00+05:30,10.390925181704295,10.545831525494345,10.048501532565986,10.378695487976074,2015080,0.0,0.0
2000-06-21 00:00:00+05:30,10.517296928419231,10.721120518330652,10.317549903609073,10.443921089172363,3678280,0.0,0.0
2000-06-22 00:00:00+05:30,10.521369985322137,10.680352861159708,10.435764479315395,10.480605125427246,1301480,0.0,0.0
2000-06-23 00:00:00+05:30,10.358313431444936,10.558060430305904,10.358313431444936,10.492836952209473,1515620,0.0,0.0
2000-06-26 00:00:00+05:30,10.368505582232642,10.49487676512854,10.360353229727483,10.401117324829102,1320820,0.0,0.0
2000-06-27 00:00:00+05:30,10.395000403200923,10.395000403200923,10.23194172885181,10.268630027770996,1486640,0.0,0.0
2000-06-28 00:00:00+05:30,10.598823239388512,10.598823239388512,10.113723034955642,10.20952033996582,1207660,0.0,0.0
2000-06-29 00:00:00+05:30,10.252324921708894,10.558060261983663,10.231942876700646,10.50098991394043,1548080,0.0,0.0
2000-06-30 00:00:00+05:30,10.395003067932599,10.423538246067976,10.272709225202332,10.28697681427002,769000,0.0,0.0
2000-07-03 00:00:00+05:30,10.317549355785916,11.332590686346874,10.274746590783254,10.951440811157227,4008680,0.0,0.0
2000-07-04 00:00:00+05:30,10.924943342348088,11.44876986949552,10.843414378614288,11.367240905761719,6268580,0.0,0.0
2000-07-05 00:00:00+05:30,11.609790280849436,11.609790280849436,11.05742859654951,11.332590103149414,4385420,0.0,0.0
2000-07-06 00:00:00+05:30,11.332591076704075,11.41004425713294,11.116538573043687,11.2490234375,1914660,0.0,0.0
2000-07-07 00:00:00+05:30,11.29182218833917,11.61793947667444,11.212330370377812,11.487492561340332,4243960,0.0,0.0
2000-07-10 00:00:00+05:30,11.41411797750477,11.536411787682288,11.128764717057118,11.238829612731934,2883340,0.0,0.0
2000-07-11 00:00:00+05:30,11.373354826599124,11.41411969530167,11.169531260611594,11.204181671142578,1836820,0.0,0.0
2000-07-12 00:00:00+05:30,11.210294096916375,11.361123850513184,10.639588371123827,10.920865058898926,3658300,0.0,0.0
2000-07-13 00:00:00+05:30,11.16545543426597,11.257176200530118,10.686470333534121,10.837299346923828,4119320,0.0,0.0
2000-07-14 00:00:00+05:30,10.804685595318876,11.00647124356189,10.7659594023339,10.835259437561035,1551100,0.0,0.0
2000-07-17 00:00:00+05:30,10.765959640886006,10.772074098459878,10.354235984534187,10.36850357055664,2251520,0.0,0.0
2000-07-18 00:00:00+05:30,10.364427013365821,10.41130711321441,10.1911773101041,10.20136833190918,2852240,0.0,0.0
2000-07-19 00:00:00+05:30,10.109648466586316,10.3114341371212,10.109648466586316,10.242134094238281,1388080,0.0,0.0
2000-07-20 00:00:00+05:30,10.19117781912052,10.51729519832231,9.991430827168777,10.123915672302246,1976220,0.0,0.0
2000-07-21 00:00:00+05:30,10.130032609247511,10.185065072017558,9.787608914806308,9.848755836486816,2296240,0.0,0.0
2000-07-24 00:00:00+05:30,9.581742375954775,9.70199827184324,9.176134047085595,9.424798965454102,4279640,0.0,0.0
2000-07-25 00:00:00+05:30,9.212824715270246,10.138183828896947,9.074224637567342,9.891556739807129,2046620,0.0,0.0
2000-07-26 00:00:00+05:30,10.150411999179243,10.27270658803989,9.885441556268809,9.987353324890137,1215260,0.0,0.0
2000-07-27 00:00:00+05:30,9.920091299070052,10.019965175584593,9.824294764175601,9.966971397399902,618840,0.0,0.0
2000-07-28 00:00:00+05:30,9.867098733860342,10.011813278159533,9.538942670361335,9.583784103393555,2598880,0.0,0.0
2000-07-31 00:00:00+05:30,9.579707043873439,9.620471910203465,9.375883489748473,9.494101524353027,492860,0.0,0.0
2000-08-01 00:00:00+05:30,9.616395072370205,9.616395072370205,9.220977668520746,9.271933555603027,1462000,0.0,0.0
2000-08-02 00:00:00+05:30,9.314737689427544,9.371808042577852,8.88670770822449,9.131296157836914,2341600,0.0,0.0
2000-08-03 00:00:00+05:30,9.16390705150412,10.513219575652524,9.13333398408425,10.291051864624023,5908060,0.0,0.0
2000-08-04 00:00:00+05:30,9.987355748886158,10.354238049462634,9.875252931699634,10.180988311767578,5677640,0.0,0.0
2000-08-07 00:00:00+05:30,10.111687581535323,10.191178650606012,9.367731229030992,9.587861061096191,2988300,0.0,0.0
2000-08-08 00:00:00+05:30,9.461489514787612,10.51321985668958,9.416648859201429,10.315510749816895,3933440,0.0,0.0
2000-08-09 00:00:00+05:30,10.36239100450059,10.395002746722632,9.865061741233154,9.948629379272461,1274620,0.0,0.0
2000-08-10 00:00:00+05:30,9.865060180934593,10.150412685863605,9.834486337269812,9.932321548461914,878980,0.0,0.0
2000-08-11 00:00:00+05:30,9.581744140300128,9.96289471462806,9.581744140300128,9.873211860656738,1013240,0.0,0.0
2000-08-14 00:00:00+05:30,9.86913736500769,9.966973367576578,9.8344877296387,9.92620849609375,1103500,0.0,0.0
2000-08-15 00:00:00+05:30,9.92620849609375,9.92620849609375,9.92620849609375,9.92620849609375,0,0.0,0.0
2000-08-16 00:00:00+05:30,10.028119087219238,10.089265998371001,9.946589354000116,10.028119087219238,619500,0.0,0.0
2000-08-17 00:00:00+05:30,9.975125132802711,10.395001962572561,9.975125132802711,10.066845893859863,2365400,0.0,0.0
2000-08-18 00:00:00+05:30,9.946588174642505,9.946588174642505,9.66123569725987,9.765185356140137,4924620,0.0,0.0
2000-08-21 00:00:00+05:30,9.583784496332921,9.702001764366834,9.225054572417463,9.587861061096191,5602380,0.0,0.0
2000-08-22 00:00:00+05:30,9.506329929834195,9.506329929834195,9.335118122456171,9.396265029907227,2223540,0.0,0.0
2000-08-23 00:00:00+05:30,9.905824008913264,9.905824008913264,9.416647965802493,9.49002456665039,2151480,0.0,0.0
2000-08-24 00:00:00+05:30,9.49817895158446,9.530790694775618,9.404420287100539,9.439070701599121,781340,0.0,0.0
2000-08-25 00:00:00+05:30,9.379960840098732,10.056655034293103,9.379960840098732,9.734613418579102,4625440,0.0,0.0
2000-08-28 00:00:00+05:30,9.865061244796712,9.865061244796712,9.57767003795063,9.587861061096191,858460,0.0,0.0
2000-08-29 00:00:00+05:30,9.538942337304933,9.669389289725657,9.416648513791795,9.5695161819458,1872900,0.0,0.0
2000-08-30 00:00:00+05:30,9.661236425730399,9.775377114279792,9.579706696030726,9.616394996643066,2226340,0.0,0.0
2000-08-31 00:00:00+05:30,9.555245662442758,9.783527759115131,9.555245662442758,9.757030487060547,876820,0.0,0.0
2000-09-01 00:00:00+05:30,9.757030487060547,9.757030487060547,9.757030487060547,9.757030487060547,0,0.0,0.0
2000-09-04 00:00:00+05:30,9.783531081944643,9.905824909458874,9.661237254430413,9.720345497131348,963600,0.0,0.0
2000-09-05 00:00:00+05:30,9.66531314827577,9.987354756493156,9.661237361168766,9.752957344055176,1739380,0.0,0.0
2000-09-06 00:00:00+05:30,9.783532004021513,10.150414298667268,9.783532004021513,9.887481689453125,2183900,0.0,0.0
2000-09-07 00:00:00+05:30,9.736653201721229,9.987356129631388,9.736653201721229,9.787609100341797,1395100,0.0,0.0
2000-09-08 00:00:00+05:30,9.706077350337452,9.944551311026256,9.706077350337452,9.724421501159668,1329520,0.0,0.0
2000-09-11 00:00:00+05:30,9.742767660747598,9.865062283952147,9.742767660747598,9.787609100341797,1347320,0.0,0.0
2000-09-12 00:00:00+05:30,9.746842281567364,9.77333956127127,9.600089074007455,9.63066291809082,1861700,0.0,0.0
2000-09-13 00:00:00+05:30,9.702002150387617,9.722384975014952,9.583784877650107,9.614357948303223,946040,0.0,0.0
2000-09-14 00:00:00+05:30,9.50021822889985,9.630665209985548,9.457415459017108,9.477797508239746,1849500,0.0,0.0
2000-09-15 00:00:00+05:30,9.420725272552518,9.420725272552518,9.110913365400696,9.280086517333984,3678120,0.0,0.0
2000-09-18 00:00:00+05:30,9.172058863322228,9.172058863322228,8.030647404674376,8.534090995788574,8188720,0.0,0.0
2000-09-19 00:00:00+05:30,8.417913437751013,9.579707963269607,8.073451878129763,9.390151977539062,6782700,0.0,0.0
2000-09-20 00:00:00+05:30,9.538940387507555,9.620470104868094,8.972311262179343,9.17409610748291,2684660,0.0,0.0
2000-09-21 00:00:00+05:30,9.172061314722901,9.223017210915806,8.972314294949745,9.13333511352539,1577580,0.0,0.0
2000-09-22 00:00:00+05:30,8.970274779731906,9.08645492744433,8.764413320591881,8.841866493225098,2826480,0.0,0.0
2000-09-25 00:00:00+05:30,8.968233865837025,9.141483527235264,8.786831077954766,9.123139381408691,1365780,0.0,0.0
2000-09-26 00:00:00+05:30,9.04976592201697,9.131294875420869,8.978427213072779,9.064033508300781,1821640,0.0,0.0
2000-09-27 00:00:00+05:30,8.968235093732318,9.26989381721849,8.886705372779279,9.239320755004883,1232820,0.0,0.0
2000-09-28 00:00:00+05:30,9.269893917230261,9.292314629610493,8.968235190489528,9.127217292785645,2462080,0.0,0.0
2000-09-29 00:00:00+05:30,9.294352927199864,9.803911767014004,9.078300476734723,9.549132347106934,3224960,0.0,0.0
2000-10-02 00:00:00+05:30,9.549132347106934,9.549132347106934,9.549132347106934,9.549132347106934,0,0.0,0.0
2000-10-03 00:00:00+05:30,9.538943033084466,9.783531475476423,9.375884330664904,9.754996299743652,2031680,0.0,0.0
2000-10-04 00:00:00+05:30,9.783528134401427,9.783528134401427,9.459448733848381,9.62454605102539,1076860,0.0,0.0
2000-10-05 00:00:00+05:30,9.62047455330232,9.681621480834094,9.459453714699201,9.565442085266113,1068040,0.0,0.0
2000-10-06 00:00:00+05:30,9.587861863875665,10.109649756859184,9.049767710473764,9.962897300720215,8331960,0.0,0.0
2000-10-09 00:00:00+05:30,9.789645022399036,10.028118984224342,9.702000832222446,9.91193962097168,3405360,0.0,0.0
2000-10-10 00:00:00+05:30,9.702002744098728,9.983279520966532,9.600090947301366,9.744806289672852,3195220,0.0,0.0
2000-10-11 00:00:00+05:30,9.616395949179948,9.742766342959248,9.345310231972922,9.64696979522705,3054000,0.0,0.0
2000-10-12 00:00:00+05:30,9.581745705051114,9.681619596685916,9.502254636977096,9.638816833496094,1070640,0.0,0.0
2000-10-13 00:00:00+05:30,9.498178072264938,9.6918106197037,9.420725675309608,9.638816833496094,1717300,0.0,0.0
2000-10-16 00:00:00+05:30,9.824293790243184,9.966970409323224,9.400340496693923,9.655119895935059,3345360,0.0,0.0
2000-10-17 00:00:00+05:30,9.561362706542402,9.783530407309392,9.549133013624216,9.69180965423584,2013840,0.0,0.0
2000-10-18 00:00:00+05:30,9.620472892718961,9.777417138726538,9.46760521151323,9.70404052734375,1748820,0.0,0.0
2000-10-19 00:00:00+05:30,9.742766755221814,9.946590330760031,9.702001884609123,9.860984802246094,2330000,0.0,0.0
2000-10-20 00:00:00+05:30,9.987354052165012,10.06888378400907,9.905824320320953,9.97512435913086,1966900,0.0,0.0
2000-10-23 00:00:00+05:30,9.987355753323873,10.064808934015913,9.88544395992261,9.909902572631836,981080,0.0,0.0
2000-10-24 00:00:00+05:30,9.824294875634846,9.946588689771646,9.80391205492864,9.916015625,1817240,0.0,0.0
2000-10-25 00:00:00+05:30,9.946590273049496,9.946590273049496,9.789646027492637,9.840601921081543,968560,0.0,0.0
2000-10-26 00:00:00+05:30,9.987355033404878,9.987355033404878,9.795761155530274,9.838563919067383,265520,0.0,0.0
2000-10-27 00:00:00+05:30,9.824295100109262,9.899709594632592,9.663274311714076,9.783530235290527,315420,0.0,0.0
2000-10-30 00:00:00+05:30,9.7040410067486,10.15041437801225,9.7040410067486,10.06480884552002,1451960,0.0,0.0
2000-10-31 00:00:00+05:30,10.191177536358762,10.390924522768376,9.905824254330659,10.213598251342773,2537880,0.0,0.0
2000-11-01 00:00:00+05:30,10.3725791094739,10.3725791094739,9.987352769896196,10.074996948242188,901740,0.0,0.0
2000-11-02 00:00:00+05:30,10.009776006962536,10.313472701766527,10.009776006962536,10.270669937133789,2180520,0.0,0.0
2000-11-03 00:00:00+05:30,10.313472674175086,10.313472674175086,10.068885004056499,10.113725662231445,1172820,0.0,0.0
2000-11-06 00:00:00+05:30,10.068885435216652,10.313473115808737,10.068885435216652,10.191179275512695,6828940,0.0,0.0
2000-11-07 00:00:00+05:30,10.109647752304566,10.187100918883772,10.093342272644549,10.14022159576416,1001480,0.0,0.0
2000-11-08 00:00:00+05:30,10.189139598428069,10.189139598428069,9.905824211034485,9.942512512207031,622380,0.0,0.0
2000-11-09 00:00:00+05:30,9.865060348300497,10.019965907601428,9.779454051101839,9.985316276550293,927460,0.0,0.0
2000-11-10 00:00:00+05:30,9.966969880959857,10.068881635253822,9.946587063586074,9.9934663772583,1017820,0.0,0.0
2000-11-13 00:00:00+05:30,9.814102503711018,9.946587321209634,9.78352866562095,9.797796249389648,758700,0.0,0.0
2000-11-14 00:00:00+05:30,9.783533724924897,9.803915775841663,9.477798296020994,9.612321853637695,1923120,0.0,0.0
2000-11-15 00:00:00+05:30,9.77945210204061,9.946587321209634,9.681616908687399,9.797796249389648,3576540,0.0,0.0
2000-11-16 00:00:00+05:30,9.783532332552053,9.828373771217677,9.341235514896736,9.481873512268066,6772260,0.0,0.0
2000-11-17 00:00:00+05:30,9.396263290627036,9.457410964284563,9.11498741291228,9.365690231323242,4549040,0.0,0.0
2000-11-20 00:00:00+05:30,9.335117002749879,9.375881862002721,9.15167630239962,9.320849418640137,1688420,0.0,0.0
2000-11-21 00:00:00+05:30,9.29435554117621,9.335120415331213,9.114991338934693,9.159832000732422,3451140,0.0,0.0
2000-11-22 00:00:00+05:30,9.37180942393263,9.37180942393263,9.049768526870604,9.135374069213867,3089020,0.0,0.0
2000-11-23 00:00:00+05:30,9.092572035671234,9.151681073527447,8.725689666175628,8.83983039855957,4064840,0.0,0.0
2000-11-24 00:00:00+05:30,8.927470664492011,9.174096954876777,8.892821036804518,9.119065284729004,3390040,0.0,0.0
2000-11-27 00:00:00+05:30,9.157792426631563,9.233206924589751,9.10072207980106,9.20263385772705,3358520,0.0,0.0
2000-11-28 00:00:00+05:30,9.20874833083035,9.243397962170437,8.968236472325074,9.03549861907959,3691140,0.0,0.0
2000-11-29 00:00:00+05:30,9.759070509581601,9.759070509581601,8.933585396037067,9.051802635192871,3114600,0.0,0.0
2000-11-30 00:00:00+05:30,9.12518064414255,9.212824834932032,8.907089502650162,9.015115737915039,2444480,0.0,0.0
2000-12-01 00:00:00+05:30,8.97842539633396,8.97842539633396,8.560587359301616,8.815366744995117,7303660,0.0,0.0
2000-12-04 00:00:00+05:30,8.764413155071983,8.923395284425695,8.764413155071983,8.819445610046387,2176400,0.0,0.0
2000-12-05 00:00:00+05:30,8.882631664077818,8.882631664077818,8.682883878776034,8.729763984680176,4543480,0.0,0.0
2000-12-06 00:00:00+05:30,8.886704242475778,9.371804387643682,8.886704242475778,8.966196060180664,4733020,0.0,0.0
2000-12-07 00:00:00+05:30,8.937659483506774,8.968233317188965,8.86632157494818,8.896895408630371,1620300,0.0,0.0
2000-12-08 00:00:00+05:30,8.927473744760315,9.02938554727476,8.88874753971395,8.933588981628418,3503620,0.0,0.0
2000-12-11 00:00:00+05:30,9.00900194555086,9.155754387169303,8.968237076063708,9.074225425720215,3172700,0.0,0.0
2000-12-12 00:00:00+05:30,9.172058236041313,9.455372799372809,9.172058236041313,9.318811416625977,9136860,0.0,0.0
2000-12-13 00:00:00+05:30,9.35550352609219,9.94659149800266,9.339197264923465,9.559327125549316,9930900,0.0,0.0
2000-12-14 00:00:00+05:30,9.579706646026533,9.661236375300637,9.294353371092289,9.345309257507324,3493500,0.0,0.0
2000-12-15 00:00:00+05:30,9.457412849203674,9.457412849203674,8.919318034426725,8.95804500579834,4491360,0.0,0.0
2000-12-18 00:00:00+05:30,8.684921917176519,8.964159973491963,8.684921917176519,8.850018501281738,2768860,0.0,0.0
2000-12-19 00:00:00+05:30,8.864286873958655,8.929510350275638,8.725686792403769,8.766450881958008,5264760,0.0,0.0
2000-12-20 00:00:00+05:30,8.845940164709102,9.045687100360604,8.7847924930092,8.966196060180664,3553020,0.0,0.0
2000-12-21 00:00:00+05:30,8.845943832106355,8.98861971849092,8.76441408772209,8.872440338134766,2755400,0.0,0.0
2000-12-22 00:00:00+05:30,8.964157812937124,8.968234376411218,8.790908141675535,8.815366744995117,2122180,0.0,0.0
2000-12-25 00:00:00+05:30,8.815366744995117,8.815366744995117,8.815366744995117,8.815366744995117,0,0.0,0.0
2000-12-26 00:00:00+05:30,8.77052862504934,8.927472879004716,8.658425808659867,8.778681755065918,3800920,0.0,0.0
2000-12-27 00:00:00+05:30,8.784791870145598,8.968233317188965,8.784791870145598,8.896895408630371,1422820,0.0,0.0
2000-12-28 00:00:00+05:30,8.915242298027161,9.17002173206683,8.915242298027161,8.970273971557617,3506960,0.0,0.0
2000-12-29 00:00:00+05:30,9.009001779233962,9.161869453844748,8.96823691049938,9.082378387451172,3605400,0.0,0.0
2001-01-01 00:00:00+05:30,9.167982778492009,9.20263318476605,9.049765529055817,9.059956550598145,2007180,0.0,0.0
2001-01-02 00:00:00+05:30,9.084416828102697,9.172061029026526,8.927472579414102,9.131296157836914,3573620,0.0,0.0
2001-01-03 00:00:00+05:30,9.253589964929102,9.579707350973445,9.172060229655425,9.206709861755371,8415080,0.0,0.0
2001-01-04 00:00:00+05:30,9.30862079484538,9.371806372807798,9.157791809099763,9.18632698059082,4250540,0.0,0.0
2001-01-05 00:00:00+05:30,9.190402383614396,9.375881752397786,9.159828545150921,9.318811416625977,3236880,0.0,0.0
2001-01-08 00:00:00+05:30,9.253589781285095,9.457413337899082,9.253589781285095,9.381998062133789,5192260,0.0,0.0
2001-01-09 00:00:00+05:30,9.404420629813758,9.70200289446815,9.343273706292697,9.610282897949219,5399700,0.0,0.0
2001-01-10 00:00:00+05:30,9.726460989245178,9.781493446335254,9.13537232644826,9.188366889953613,6518560,0.0,0.0
2001-01-11 00:00:00+05:30,9.294355886731513,9.457415389413914,9.212826912915645,9.33104419708252,3798000,0.0,0.0
2001-01-12 00:00:00+05:30,9.437030436181372,9.742765768525423,9.375883525217592,9.673465728759766,7893520,0.0,0.0
2001-01-15 00:00:00+05:30,9.775376280740675,10.268629626066613,9.742764547146608,10.150411605834961,9799160,0.0,0.0
2001-01-16 00:00:00+05:30,10.191179275512695,10.256402760673954,10.030158456353528,10.191179275512695,5726300,0.0,0.0
2001-01-17 00:00:00+05:30,10.150413237320118,10.23194297317216,9.995507672231458,10.15652847290039,4166160,0.0,0.0
2001-01-18 00:00:00+05:30,10.189142896731065,10.21156284134945,10.028122053630678,10.187104225158691,3389020,0.0,0.0
2001-01-19 00:00:00+05:30,10.18710057493196,10.354235817811038,10.032195024528832,10.2625150680542,6125080,0.0,0.0
2001-01-22 00:00:00+05:30,10.313472563655305,10.57844383265306,10.02404346093807,10.111687660217285,5107020,0.0,0.0
2001-01-23 00:00:00+05:30,10.119840052469405,10.313471812209311,10.119840052469405,10.176910400390625,2148120,0.0,0.0
2001-01-24 00:00:00+05:30,10.150409369980496,10.23193907476945,10.048497627756745,10.166715621948242,2142100,0.0,0.0
2001-01-25 00:00:00+05:30,10.170795657843389,10.395001256282558,10.109647969609838,10.174871444702148,2559860,0.0,0.0
2001-01-26 00:00:00+05:30,10.174871444702148,10.174871444702148,10.174871444702148,10.174871444702148,0,0.0,0.0
2001-01-29 00:00:00+05:30,10.10964929436002,10.191179037671496,9.90582571360659,9.999585151672363,3282160,0.0,0.0
2001-01-30 00:00:00+05:30,9.987350737927473,10.211556259809766,9.887476888437247,10.166715621948242,2454700,0.0,0.0
2001-01-31 00:00:00+05:30,10.02811883961924,10.39500107499644,10.02811883961924,10.350159645080566,3481040,0.0,0.0
2001-02-01 00:00:00+05:30,10.354238717883664,10.397041487250254,10.130033069036953,10.240097999572754,1884860,0.0,0.0
2001-02-02 00:00:00+05:30,10.215632016749103,10.337926564283025,10.130026533247701,10.282894134521484,1685260,0.0,0.0
2001-02-05 00:00:00+05:30,10.272707661664489,11.1043073762139,10.231942794450507,10.761883735656738,10560940,0.0,0.0
2001-02-06 00:00:00+05:30,10.721118436763785,10.802648167909004,10.478568691770727,10.578442573547363,2046400,0.0,0.0
2001-02-07 00:00:00+05:30,10.598825443591396,10.741502095452473,10.191178311145572,10.244172096252441,2288320,0.0,0.0
2001-02-08 00:00:00+05:30,10.264555267270948,10.558060932670212,10.191178656539824,10.529525756835938,2494420,0.0,0.0
2001-02-09 00:00:00+05:30,10.594750164923164,11.373356220197556,10.594750164923164,11.094118118286133,15991040,0.0,0.0
2001-02-12 00:00:00+05:30,11.124691372924383,11.165455466916319,10.639591034672879,10.700737953186035,4402060,0.0,0.0
2001-02-13 00:00:00+05:30,10.72111820693886,10.823029979923165,10.496912617383437,10.56621265411377,3622020,0.0,0.0
2001-02-14 00:00:00+05:30,10.598825102120669,10.831183835724671,10.472454712840895,10.782266616821289,5282120,0.0,0.0
2001-02-15 00:00:00+05:30,10.843414339532677,10.843414339532677,10.598825894162344,10.645705223083496,1878960,0.0,0.0
2001-02-16 00:00:00+05:30,10.759845999671292,11.004434429009978,10.280860163565288,10.346083641052246,4477960,0.0,0.0
2001-02-19 00:00:00+05:30,10.639589886898655,10.753730581803245,10.333854549789644,10.468378067016602,3579220,0.0,0.0
2001-02-20 00:00:00+05:30,10.4357658932417,10.496912802606223,10.195254042552788,10.22378921508789,2885340,0.0,0.0
2001-02-21 00:00:00+05:30,10.346082184891895,10.354235312811547,9.742764714288915,10.20340633392334,4237540,0.0,0.0
2001-02-22 00:00:00+05:30,10.195254709181583,10.435766575596647,10.162642970219805,10.252325057983398,4735480,0.0,0.0
2001-02-23 00:00:00+05:30,10.311434099015417,10.313471992537446,9.946589734082295,10.085189819335938,5395320,0.0,0.0
2001-02-26 00:00:00+05:30,10.068885435216652,10.231944148119801,9.785569998236168,10.191179275512695,1656760,0.0,0.0
2001-02-27 00:00:00+05:30,10.191177987308516,10.272707722217055,10.072959949443652,10.207484245300293,3106380,0.0,0.0
2001-02-28 00:00:00+05:30,10.802648638437114,10.965707330304715,10.19117796078973,10.458187103271484,8807820,0.0,0.0
2001-03-01 00:00:00+05:30,10.680352727403603,11.19806387575252,10.562134712941434,10.80060863494873,6688000,0.0,0.0
2001-03-02 00:00:00+05:30,10.965705635597777,11.088000218742208,10.733346938405926,10.786340713500977,6168800,0.0,0.0
2001-03-05 00:00:00+05:30,10.721119587703583,10.884179067498875,10.401116641521941,10.486722946166992,4162800,0.0,0.0
2001-03-06 00:00:00+05:30,10.486722946166992,10.486722946166992,10.486722946166992,10.486722946166992,0,0.0,0.0
2001-03-07 00:00:00+05:30,10.435766603256393,10.59882529849747,10.195254736203859,10.492836952209473,2432700,0.0,0.0
2001-03-08 00:00:00+05:30,10.435765651048738,10.761883011774431,10.435765651048738,10.690545082092285,1809940,0.0,0.0
2001-03-09 00:00:00+05:30,10.51729501194299,10.51729501194299,10.193215531937035,10.299203872680664,2856760,0.0,0.0
2001-03-12 00:00:00+05:30,10.231942065838904,10.313471016936056,10.152451008071006,10.19933032989502,1830840,0.0,0.0
2001-03-13 00:00:00+05:30,10.15245154721567,10.15245154721567,8.583010019330374,9.015115737915039,5029780,0.0,0.0
2001-03-14 00:00:00+05:30,8.968236192797526,10.109647760870793,8.968236192797526,9.942512512207031,2948680,0.0,0.0
2001-03-15 00:00:00+05:30,10.185062117616123,10.185062117616123,9.581743873471698,9.879326820373535,3428160,0.0,0.0
2001-03-16 00:00:00+05:30,9.785570805643479,9.987356514059087,9.131297228777527,9.477797508239746,2215020,0.0,0.0
2001-03-19 00:00:00+05:30,9.212824416946516,9.661236372787188,9.131294687693623,9.573592185974121,914540,0.0,0.0
2001-03-20 00:00:00+05:30,9.543019148527218,9.579707452034897,9.263781085185594,9.353463172912598,1399640,0.0,0.0
2001-03-21 00:00:00+05:30,9.212823499158675,9.865058935630316,9.212823499158675,9.626585006713867,1922000,0.0,0.0
2001-03-22 00:00:00+05:30,9.640853555037623,9.681618419678134,9.42480109423562,9.49002456665039,472500,0.0,0.0
2001-03-23 00:00:00+05:30,9.47779510289587,9.579706878195827,9.172059776996004,9.357539176940918,723580,0.0,0.0
2001-03-26 00:00:00+05:30,9.090529944468994,9.416648088310676,9.090529944468994,9.271933555603027,343540,0.0,0.0
2001-03-27 00:00:00+05:30,9.29435624549678,9.373848106009262,9.21486516250966,9.261744499206543,2381400,0.0,0.0
2001-03-28 00:00:00+05:30,9.339193566427666,9.534863957811282,9.294352143497036,9.320849418640137,610000,0.0,0.0
2001-03-29 00:00:00+05:30,9.331040838139652,9.416647123984308,9.29435254099552,9.355500221252441,2361900,0.0,0.0
2001-03-30 00:00:00+05:30,9.335119642866434,9.416649384429993,9.214863701699068,9.308622360229492,1237980,0.0,0.0
2001-04-02 00:00:00+05:30,9.220976879800245,9.220976879800245,8.764411828484446,9.096644401550293,1614840,0.0,0.0
2001-04-03 00:00:00+05:30,9.01307612085961,9.21282307311542,8.931546403499073,9.17409610748291,1723720,0.0,0.0
2001-04-04 00:00:00+05:30,9.074225401199078,9.251551688835,8.974351510101707,9.210786819458008,635980,0.0,0.0
2001-04-05 00:00:00+05:30,9.210786819458008,9.210786819458008,9.210786819458008,9.210786819458008,0,0.0,0.0
2001-04-06 00:00:00+05:30,9.172060394237816,9.396266003975773,9.172060394237816,9.290278434753418,901400,0.0,0.0
2001-04-09 00:00:00+05:30,9.257666157187176,9.26378139299177,9.049766800436064,9.188366889953613,1037000,0.0,0.0
2001-04-10 00:00:00+05:30,9.192442951065765,9.29027895160275,9.17206090451028,9.212825775146484,1732660,0.0,0.0
2001-04-11 00:00:00+05:30,9.196515530018356,9.477792160222247,9.172056929247336,9.398301124572754,1868340,0.0,0.0
2001-04-12 00:00:00+05:30,9.296393366372566,9.579708010798528,9.135372555755216,9.432954788208008,2090400,0.0,0.0
2001-04-13 00:00:00+05:30,9.432954788208008,9.432954788208008,9.432954788208008,9.432954788208008,0,0.0,0.0
2001-04-16 00:00:00+05:30,9.577670762270921,9.860985425779669,9.33512019442724,9.606205940246582,1962580,0.0,0.0
2001-04-17 00:00:00+05:30,9.620472032377942,10.109648101975024,9.579707165530227,10.017928123474121,2617100,0.0,0.0
2001-04-18 00:00:00+05:30,10.068886834691646,10.187104126405478,9.905827321599576,9.99754810333252,2258380,0.0,0.0
2001-04-19 00:00:00+05:30,10.028118009912854,10.191176681308779,9.620470942660504,9.767223358154297,4675760,0.0,0.0
2001-04-20 00:00:00+05:30,10.071425881871829,10.071425881871829,9.662402322494708,10.01593017578125,3066020,0.1,0.0
2001-04-23 00:00:00+05:30,9.989205762173142,10.067310885186055,9.917267348917761,10.003593444824219,1226440,0.0,0.0
2001-04-24 00:00:00+05:30,9.872049804926444,9.93987813294408,9.707618563767031,9.775446891784668,2584580,0.0,0.0
2001-04-25 00:00:00+05:30,9.742561038600638,9.82477627047906,9.703508078193602,9.750782012939453,544900,0.0,0.0
2001-04-26 00:00:00+05:30,9.800111793745039,9.863829245402368,9.71172985089489,9.779558181762695,439180,0.0,0.0
2001-04-27 00:00:00+05:30,9.680896408924434,9.701450800221023,9.043725176057421,9.55551815032959,1031440,0.0,0.0
2001-04-30 00:00:00+05:30,9.290375745534048,9.697343431659473,9.290375745534048,9.471250534057617,1325140,0.0,0.0
2001-05-01 00:00:00+05:30,9.471250534057617,9.471250534057617,9.471250534057617,9.471250534057617,0,0.0,0.0
2001-05-02 00:00:00+05:30,9.06428192482657,9.779559308455042,9.06428192482657,9.701454162597656,1119800,0.0,0.0
2001-05-03 00:00:00+05:30,9.824776482721196,9.865884491583472,9.463027729687292,9.592516899108887,879580,0.0,0.0
2001-05-04 00:00:00+05:30,9.650066800045398,9.650066800045398,9.502078306690912,9.545241355895996,996520,0.0,0.0
2001-05-07 00:00:00+05:30,9.617183062459949,9.783669376815984,9.53907791682013,9.76106071472168,1189340,0.0,0.0
2001-05-08 00:00:00+05:30,9.701452836147759,9.742560843297921,9.54113168666912,9.578128814697266,849800,0.0,0.0
2001-05-09 00:00:00+05:30,9.639793032356842,9.865885938144588,9.4959153722782,9.767227172851562,1463720,0.0,0.0
2001-05-10 00:00:00+05:30,9.865884018999903,10.059090632106779,9.678843332502497,9.7178955078125,2145420,0.0,0.0
2001-05-11 00:00:00+05:30,9.783668757421747,9.783668757421747,9.578129491223223,9.604849815368652,603620,0.0,0.0
2001-05-14 00:00:00+05:30,9.74256049638624,9.906991735061833,9.557574862832453,9.754892349243164,1570720,0.0,0.0
2001-05-15 00:00:00+05:30,9.541132492439631,9.98509806627129,9.290375117379636,9.896716117858887,1459080,0.0,0.0
2001-05-16 00:00:00+05:30,9.9069920604774,10.03442617662807,9.619236795290705,9.687065124511719,2480020,0.0,0.0
2001-05-17 00:00:00+05:30,9.85560518117213,10.007703756024712,9.539074612651016,9.6356782913208,2546400,0.0,0.0
2001-05-18 00:00:00+05:30,9.783667746174993,9.865883757784529,9.623347386013393,9.685009002685547,1689200,0.0,0.0
2001-05-21 00:00:00+05:30,9.865884278453288,10.026204647075742,9.580184838340951,9.750782012939453,3246280,0.0,0.0
2001-05-22 00:00:00+05:30,9.81039082987639,9.976877947432083,9.660347232900614,9.693233489990234,1771860,0.0,0.0
2001-05-23 00:00:00+05:30,9.824776016010503,9.824776016010503,9.734339028065609,9.756948471069336,1307940,0.0,0.0
2001-05-24 00:00:00+05:30,9.79600064250252,9.820665133010415,9.680898380015648,9.7178955078125,375880,0.0,0.0
2001-05-25 00:00:00+05:30,9.754892627099442,9.754892627099442,9.45480550996012,9.485636711120605,2491600,0.0,0.0
2001-05-28 00:00:00+05:30,9.454806091372541,9.660345354228467,9.434252478714974,9.633625030517578,1934360,0.0,0.0
2001-05-29 00:00:00+05:30,9.619236528923178,9.701452540719872,9.537021301196484,9.66445541381836,2833540,0.0,0.0
2001-05-30 00:00:00+05:30,9.66034711176939,9.678845680154735,9.376702657884163,9.460973739624023,3596640,0.0,0.0
2001-05-31 00:00:00+05:30,9.512355698851458,9.512355698851458,9.3540903912516,9.45069408416748,1559200,0.0,0.0
2001-06-01 00:00:00+05:30,9.512355132761021,9.537020404422734,9.41986310827434,9.475358009338379,809540,0.0,0.0
2001-06-04 00:00:00+05:30,9.516467350109677,9.584295680616314,9.426030360170863,9.54935359954834,1626440,0.0,0.0
2001-06-05 00:00:00+05:30,9.454805214801254,9.578128447453274,9.454805214801254,9.532910346984863,1624140,0.0,0.0
2001-06-06 00:00:00+05:30,9.578128398104244,9.648011771998997,9.557574787458137,9.623347282409668,923980,0.0,0.0
2001-06-07 00:00:00+05:30,9.578130662900474,9.578130662900474,9.352037756052548,9.456862449645996,2484020,0.0,0.0
2001-06-08 00:00:00+05:30,9.495915386329871,9.557577016720485,9.39314574098879,9.51646900177002,2238760,0.0,0.0
2001-06-11 00:00:00+05:30,9.4753568046276,9.532908313784485,9.372587204646521,9.481523513793945,752040,0.0,0.0
2001-06-12 00:00:00+05:30,9.495913432236392,9.495913432236392,9.043726928973705,9.364368438720703,1521240,0.0,0.0
2001-06-13 00:00:00+05:30,9.393144618714285,9.413698231698728,9.253377855023862,9.343814849853516,1491480,0.0,0.0
2001-06-14 00:00:00+05:30,9.368481359309014,9.368481359309014,8.883408501962775,8.953291893005371,2216720,0.0,0.0
2001-06-15 00:00:00+05:30,8.881351932555313,9.039617269248765,8.386002308491955,8.805302619934082,3674360,0.0,0.0
2001-06-18 00:00:00+05:30,8.838186307937098,8.838186307937098,8.102355536643673,8.157851219177246,2641200,0.0,0.0
2001-06-19 00:00:00+05:30,8.22157125938803,8.570988194726048,8.180463246277064,8.396279335021973,6105640,0.0,0.0
2001-06-20 00:00:00+05:30,8.50521377996949,8.797079117869425,8.459994897281346,8.76624870300293,2591140,0.0,0.0
2001-06-21 00:00:00+05:30,8.834075305129156,9.208156611100074,8.834075305129156,9.078666687011719,2578140,0.0,0.0
2001-06-22 00:00:00+05:30,9.047838098966022,9.310928094457145,8.940957592280245,8.996453285217285,2128500,0.0,0.0
2001-06-25 00:00:00+05:30,8.982066040108155,9.00261965298652,8.618261446856573,8.669646263122559,1360940,0.0,0.0
2001-06-26 00:00:00+05:30,8.591540740690046,8.959456196965712,8.550432732691808,8.877240180969238,1544860,0.0,0.0
2001-06-27 00:00:00+05:30,8.817636375702767,8.920406026775899,8.755973957802718,8.776528358459473,1091260,0.0,0.0
2001-06-28 00:00:00+05:30,8.805302858518736,8.887518884818649,8.755973085924762,8.848465919494629,588060,0.0,0.0
2001-06-29 00:00:00+05:30,8.838186031291439,8.875183151822435,8.544264898222902,8.616203308105469,1528000,0.0,0.0
2001-07-02 00:00:00+05:30,8.79707951430222,8.817633909209443,8.71486428688332,8.741583824157715,373120,0.0,0.0
2001-07-03 00:00:00+05:30,8.710754912224939,8.797081033533566,8.490827945191858,8.51549243927002,14009280,0.0,0.0
2001-07-04 00:00:00+05:30,8.548376831702702,8.548376831702702,8.203070853502929,8.326394081115723,1048980,0.0,0.0
2001-07-05 00:00:00+05:30,8.42710876913397,8.447662379333137,8.303785539799021,8.377779006958008,806980,0.0,0.0
2001-07-06 00:00:00+05:30,8.30789644917306,8.459995845398165,8.30789644917306,8.386001586914062,282340,0.0,0.0
2001-07-09 00:00:00+05:30,8.262677541397979,8.468216779820466,8.221569536899487,8.416831970214844,215820,0.0,0.0
2001-07-10 00:00:00+05:30,8.509325932897388,8.591541168921712,8.349004772120313,8.550433158874512,426740,0.0,0.0
2001-07-11 00:00:00+05:30,8.591537751016274,8.714861732096844,8.591537751016274,8.67375373840332,510800,0.0,0.0
2001-07-12 00:00:00+05:30,8.684032650231922,8.920403083333673,8.634702889003139,8.856685638427734,851240,0.0,0.0
2001-07-13 00:00:00+05:30,8.961512886615886,9.136221756604034,8.838189624093811,8.903962135314941,1248020,0.0,0.0
2001-07-16 00:00:00+05:30,8.961510783788135,9.156773223688036,8.961510783788135,9.002618789672852,4856080,0.0,0.0
2001-07-17 00:00:00+05:30,9.056060092179084,9.146497084456808,9.045782501906798,9.088946342468262,600100,0.0,0.0
2001-07-18 00:00:00+05:30,9.045780793576753,9.41369618825287,9.045780793576753,9.341757774353027,1407100,0.0,0.0
2001-07-19 00:00:00+05:30,9.208157939479438,9.327371076901118,9.125942712633096,9.222545623779297,1160260,0.0,0.0
2001-07-20 00:00:00+05:30,9.290371759190263,9.331479754952792,9.234876082521321,9.249263763427734,2313240,0.0,0.0
2001-07-23 00:00:00+05:30,9.204049821196435,9.204049821196435,8.967680091037547,9.008788108825684,20840,0.0,0.0
2001-07-24 00:00:00+05:30,8.9532911319096,9.368480562919078,8.840243903016585,9.327372550964355,1453360,0.0,0.0
2001-07-25 00:00:00+05:30,9.280098628479792,9.574019855994724,9.251322471210193,9.528800964355469,2523140,0.0,0.0
2001-07-26 00:00:00+05:30,9.228712784661218,9.532910785386381,9.228712784661218,9.428085327148438,4444020,0.0,0.0
2001-07-27 00:00:00+05:30,9.454805193142441,9.61923643099179,9.376700061137754,9.55346393585205,3262240,0.0,0.0
2001-07-30 00:00:00+05:30,9.426030360170863,9.596627534112042,9.426030360170863,9.54935359954834,1079980,0.0,0.0
2001-07-31 00:00:00+05:30,9.576074708092865,9.69323203033691,9.508246372019945,9.627459526062012,2563380,0.0,0.0
2001-08-01 00:00:00+05:30,9.763114272576297,9.763114272576297,9.456860448298364,9.715840339660645,1205100,0.0,0.0
2001-08-02 00:00:00+05:30,9.86588423169997,9.906992239479393,9.578128961314041,9.59868335723877,686440,0.0,0.0
2001-08-03 00:00:00+05:30,9.656235782159502,9.763116307402646,9.415755188415055,9.51646900177002,1782100,0.0,0.0
2001-08-06 00:00:00+05:30,9.376701905378033,9.650069529126275,9.37259102561451,9.613072395324707,691660,0.0,0.0
2001-08-07 00:00:00+05:30,9.497969626922174,9.611016070374426,9.477416013229076,9.537022590637207,449880,0.0,0.0
2001-08-08 00:00:00+05:30,9.335592150701585,9.719951104170628,9.335592150701585,9.66445541381836,1718500,0.0,0.0
2001-08-09 00:00:00+05:30,9.518523292513175,9.619237089560523,9.298596349819531,9.36847972869873,699140,0.0,0.0
2001-08-10 00:00:00+05:30,9.504134179829634,9.615124766263762,9.423973222863424,9.454804420471191,877120,0.0,0.0
2001-08-13 00:00:00+05:30,9.376700375338237,9.516467128211074,9.376700375338237,9.485636711120605,490940,0.0,0.0
2001-08-14 00:00:00+05:30,9.49797042099947,9.574020522976328,9.495915373086389,9.526745796203613,770800,0.0,0.0
2001-08-15 00:00:00+05:30,9.526745796203613,9.526745796203613,9.526745796203613,9.526745796203613,0,0.0,0.0
2001-08-16 00:00:00+05:30,9.532910712495104,9.596627378711338,9.532910712495104,9.578128814697266,732740,0.0,0.0
2001-08-17 00:00:00+05:30,9.656232916719969,9.904935196467367,9.656232916719969,9.83710765838623,2033300,0.0,0.0
2001-08-20 00:00:00+05:30,9.680897602350393,9.742559999771823,9.537020765886933,9.66856575012207,982040,0.0,0.0
2001-08-21 00:00:00+05:30,9.660344534821524,9.742560546618218,9.600737965472423,9.66445541381836,340760,0.0,0.0
2001-08-22 00:00:00+05:30,9.66445541381836,9.66445541381836,9.66445541381836,9.66445541381836,0,0.0,0.0
2001-08-23 00:00:00+05:30,9.619236528923178,9.6808981457357,9.45480528939979,9.66445541381836,427740,0.0,0.0
2001-08-24 00:00:00+05:30,9.660345452107554,9.709675220683616,9.582240311891319,9.695286750793457,3064240,0.0,0.0
2001-08-27 00:00:00+05:30,9.703507720540042,9.726117163296026,9.639791055395001,9.656233787536621,542820,0.0,0.0
2001-08-28 00:00:00+05:30,9.701452127989816,9.701452127989816,9.619236119690848,9.660344123840332,1659900,0.0,0.0
2001-08-29 00:00:00+05:30,9.631570512934214,9.699398065692991,9.608961067324586,9.678844451904297,808240,0.0,0.0
2001-08-30 00:00:00+05:30,9.824775785563201,9.824775785563201,9.598682928969131,9.654178619384766,942860,0.0,0.0
2001-08-31 00:00:00+05:30,9.701452523534842,9.824775756941431,9.596627069476245,9.724061965942383,1073560,0.0,0.0
2001-09-03 00:00:00+05:30,9.783669161983832,9.783669161983832,9.495914647849078,9.65829086303711,659600,0.0,0.0
2001-09-04 00:00:00+05:30,9.697341156254067,9.820664383450948,9.502078726467374,9.53907585144043,1083860,0.0,0.0
2001-09-05 00:00:00+05:30,9.660344123840332,9.699396296543862,9.516466501352122,9.660344123840332,906280,0.0,0.0
2001-09-06 00:00:00+05:30,9.672676760306167,9.77955725746684,9.621291951136804,9.660344123840332,1743420,0.0,0.0
2001-09-07 00:00:00+05:30,9.495915768015346,9.783670316094476,9.495915768015346,9.541133880615234,745900,0.0,0.0
2001-09-10 00:00:00+05:30,9.711728969363914,9.711728969363914,9.49591292685871,9.580183982849121,342000,0.0,0.0
2001-09-11 00:00:00+05:30,9.539078913801426,9.691178341305172,9.539078913801426,9.64184856414795,1068920,0.0,0.0
2001-09-12 00:00:00+05:30,9.249264342408487,9.409584673441216,8.879293925526119,9.045780181884766,1437460,0.0,0.0
2001-09-13 00:00:00+05:30,9.127997161563846,9.282151583871771,8.87929488175051,9.025227546691895,1248600,0.0,0.0
2001-09-14 00:00:00+05:30,8.899850181582469,8.998508936510923,8.277066448065927,8.379836082458496,3186360,0.0,0.0
2001-09-17 00:00:00+05:30,8.427107318431151,8.427107318431151,7.567953387631364,7.925591945648193,3537620,0.0,0.0
2001-09-18 00:00:00+05:30,8.057138804489982,8.714864565195903,7.609063174113013,8.472328186035156,2921340,0.0,0.0
2001-09-19 00:00:00+05:30,8.480549138085975,8.891627639446943,8.149631603109208,8.774470329284668,3089160,0.0,0.0
2001-09-20 00:00:00+05:30,8.753918545087352,8.990289046336537,8.468219052457409,8.903962135314941,2047200,0.0,0.0
2001-09-21 00:00:00+05:30,8.560710539696332,8.797080219553903,8.38600169729372,8.747751235961914,1971620,0.0,0.0
2001-09-24 00:00:00+05:30,8.638814250865432,8.735417947302707,8.22156983275549,8.320228576660156,3667720,0.0,0.0
2001-09-25 00:00:00+05:30,8.46821737394325,9.002619117706892,8.427109366560657,8.564820289611816,1221580,0.0,0.0
2001-09-26 00:00:00+05:30,8.579209060441501,8.877240360291436,8.303786420580762,8.827911376953125,2511240,0.0,0.0
2001-09-27 00:00:00+05:30,8.838186816555627,8.940956430701622,8.478493167044642,8.823799133300781,1609580,0.0,0.0
2001-09-28 00:00:00+05:30,8.735419017540579,9.002619913027802,8.735419017540579,8.924514770507812,878320,0.0,0.0
2001-10-01 00:00:00+05:30,8.899850331153496,8.949180101481806,8.570987809198442,8.6223726272583,2249960,0.0,0.0
2001-10-02 00:00:00+05:30,8.6223726272583,8.6223726272583,8.6223726272583,8.6223726272583,0,0.0,0.0
2001-10-03 00:00:00+05:30,8.63470104118187,8.879293179490828,8.595648877282443,8.667587280273438,1922620,0.0,0.0
2001-10-04 00:00:00+05:30,8.68403376915487,8.776526593332662,8.647036639483755,8.718975067138672,2068620,0.0,0.0
2001-10-05 00:00:00+05:30,8.718975597022027,8.862853245145876,8.67375749006375,8.803247451782227,539080,0.0,0.0
2001-10-08 00:00:00+05:30,8.632650801913359,8.84846691514715,8.016032887490976,8.817636489868164,757420,0.0,0.0
2001-10-09 00:00:00+05:30,8.817633359104267,8.858740578214167,8.776525355924422,8.795023918151855,502920,0.0,0.0
2001-10-10 00:00:00+05:30,8.797079996611195,8.91012643055382,8.745695182630909,8.877240180969238,386440,0.0,0.0
2001-10-11 00:00:00+05:30,8.920402725277935,9.125941951352818,8.920402725277935,9.064279556274414,1329840,0.0,0.0
2001-10-12 00:00:00+05:30,9.249265558362904,9.660344027623477,9.249265558362904,9.58840560913086,3566680,0.0,0.0
2001-10-15 00:00:00+05:30,9.57812908126628,9.57812908126628,9.269820195164533,9.36847972869873,670000,0.0,0.0
2001-10-16 00:00:00+05:30,9.411643610003075,9.438363151278173,9.257489153432433,9.33764934539795,308380,0.0,0.0
2001-10-17 00:00:00+05:30,9.292429668811414,9.42191962093016,9.177328186101459,9.259543418884277,1353220,0.0,0.0
2001-10-18 00:00:00+05:30,9.132107287107537,9.370532742584333,9.125941361626113,9.218433380126953,1088420,0.0,0.0
2001-10-19 00:00:00+05:30,9.171159455273004,9.249264575673815,9.140329043796017,9.218433380126953,1163900,0.0,0.0
2001-10-22 00:00:00+05:30,9.454805493164137,9.783667979298363,9.091000926838769,9.175271987915039,2737060,0.0,0.0
2001-10-23 00:00:00+05:30,9.249266756796246,9.537022036191262,8.975899162963973,9.241044998168945,2728620,0.0,0.0
2001-10-24 00:00:00+05:30,9.257488371294476,9.343814483326943,9.230768048206789,9.259543418884277,1413860,0.0,0.0
2001-10-25 00:00:00+05:30,9.249265294442171,9.282151539681834,9.045781112973673,9.1156644821167,2305260,0.0,0.0
2001-10-26 00:00:00+05:30,9.1156644821167,9.1156644821167,9.1156644821167,9.1156644821167,0,0.0,0.0
2001-10-29 00:00:00+05:30,9.187604424119073,9.208158035026432,8.897794119533323,9.002618789672852,2554100,0.0,0.0
2001-10-30 00:00:00+05:30,8.883407256016742,9.000564573969413,8.883407256016742,8.961511611938477,1399180,0.0,0.0
2001-10-31 00:00:00+05:30,8.87929437650514,8.992340789617785,8.87929437650514,8.949177742004395,1432860,0.0,0.0
2001-11-01 00:00:00+05:30,8.961512989132812,8.982067389168416,8.891629597152145,8.955347061157227,1946000,0.0,0.0
2001-11-02 00:00:00+05:30,9.043726750566538,9.183493499437256,8.98206513408122,9.132108688354492,1705360,0.0,0.0
2001-11-05 00:00:00+05:30,9.04372798251567,9.12594400507567,9.04372798251567,9.095112800598145,1610020,0.0,0.0
2001-11-06 00:00:00+05:30,9.105388295873814,9.121831811645354,8.916292568921024,8.951233863830566,2626040,0.0,0.0
2001-11-07 00:00:00+05:30,9.512356879165807,9.512356879165807,8.930681170242375,9.0211181640625,1108720,0.0,0.0
2001-11-08 00:00:00+05:30,8.992341182645276,9.002617987182886,8.846408519629415,8.97384262084961,1033600,0.0,0.0
2001-11-09 00:00:00+05:30,9.00261811619448,9.05605875506776,8.96356594476396,9.0149507522583,4583480,0.0,0.0
2001-11-12 00:00:00+05:30,8.982064905763846,9.043726520681773,8.959455464010945,9.029338836669922,1194860,0.0,0.0
2001-11-13 00:00:00+05:30,9.002619598954967,9.043727608535049,8.961511589374885,9.0211181640625,1726860,0.0,0.0
2001-11-14 00:00:00+05:30,9.080723609753706,9.228712112214726,9.047837362992365,9.109498977661133,327400,0.0,0.0
2001-11-15 00:00:00+05:30,9.208158006378994,9.208158006378994,9.002618761664865,9.072502136230469,2440280,0.0,0.0
2001-11-16 00:00:00+05:30,9.072502136230469,9.072502136230469,9.072502136230469,9.072502136230469,0,0.0,0.0
2001-11-19 00:00:00+05:30,9.24926570080337,9.24926570080337,9.04372646300774,9.13005256652832,4656060,0.0,0.0
2001-11-20 00:00:00+05:30,9.236934118855297,9.269820369294436,9.12799856128878,9.241044998168945,2147340,0.0,0.0
2001-11-21 00:00:00+05:30,9.208157267157391,9.331481274527539,9.208157267157391,9.234877586364746,2918400,0.0,0.0
2001-11-22 00:00:00+05:30,9.290372450752315,9.290372450752315,9.146494846908325,9.167048454284668,1762360,0.0,0.0
2001-11-23 00:00:00+05:30,9.208157246935007,9.27804061573697,9.158828271351227,9.255431175231934,1394020,0.0,0.0
2001-11-26 00:00:00+05:30,9.331480979919434,9.450693320803282,9.224600490534314,9.331480979919434,1291200,0.0,0.0
2001-11-27 00:00:00+05:30,9.292429220269963,9.444528608884978,9.167050153452857,9.374645233154297,4360600,0.0,0.0
2001-11-28 00:00:00+05:30,9.537020077769073,9.578127294324108,9.088944517504093,9.230766296386719,3639280,0.0,0.0
2001-11-29 00:00:00+05:30,9.403420428145889,9.403420428145889,8.889572317318246,9.132108688354492,5564400,0.0,0.0
2001-11-30 00:00:00+05:30,9.132108688354492,9.132108688354492,9.132108688354492,9.132108688354492,0,0.0,0.0
2001-12-03 00:00:00+05:30,9.084834458774544,9.290373696375461,8.961510445772014,9.22871208190918,3650900,0.0,0.0
2001-12-04 00:00:00+05:30,9.125942048372064,9.249265271700093,9.086889093197907,9.185547828674316,909580,0.0,0.0
2001-12-05 00:00:00+05:30,9.331483670085563,9.331483670085563,9.097168231150317,9.158830642700195,1199980,0.0,0.0
2001-12-06 00:00:00+05:30,9.249265635048353,9.401365014926599,9.177327215959295,9.329425811767578,1613280,0.0,0.0
2001-12-07 00:00:00+05:30,9.372589438057451,9.701452706804211,9.312983651757923,9.62540340423584,3648480,0.0,0.0
2001-12-10 00:00:00+05:30,9.454806148802277,9.643901895424689,9.37259012953249,9.543188095092773,1756720,0.0,0.0
2001-12-11 00:00:00+05:30,9.454806018058385,9.454806018058385,9.088946383914196,9.241044998168945,3828080,0.0,0.0
2001-12-12 00:00:00+05:30,9.257489059641811,9.354091984946354,9.167051277565083,9.236934661865234,920900,0.0,0.0
2001-12-13 00:00:00+05:30,9.22871264834995,9.656233881083912,9.002619002669764,9.485636711120605,1730740,0.0,0.0
2001-12-14 00:00:00+05:30,9.372589999925506,9.372589999925506,9.146497126165176,9.241044998168945,943560,0.0,0.0
2001-12-17 00:00:00+05:30,9.241044998168945,9.241044998168945,9.241044998168945,9.241044998168945,0,0.0,0.0
2001-12-18 00:00:00+05:30,9.20815924356557,9.22871364124062,9.04372798251567,9.095112800598145,2075980,0.0,0.0
2001-12-19 00:00:00+05:30,9.04784013221978,9.167052519190145,8.982067618566433,9.03756332397461,1836160,0.0,0.0
2001-12-20 00:00:00+05:30,9.023174356419013,9.243101314781931,8.899850322749742,9.144442558288574,1882220,0.0,0.0
2001-12-21 00:00:00+05:30,9.04372725673228,9.327371649323949,9.04372725673228,9.197881698608398,1798880,0.0,0.0
2001-12-24 00:00:00+05:30,8.961513876508002,9.076616175894314,8.797082580292036,9.035508155822754,630940,0.0,0.0
2001-12-25 00:00:00+05:30,9.035508155822754,9.035508155822754,9.035508155822754,9.035508155822754,0,0.0,0.0
2001-12-26 00:00:00+05:30,9.00673195466546,9.167052355829748,9.00673195466546,9.066338539123535,1043060,0.0,0.0
2001-12-27 00:00:00+05:30,9.031395343910638,9.16705123228557,9.002619971235669,9.095112800598145,896160,0.0,0.0
2001-12-28 00:00:00+05:30,9.080724716186523,9.115666014597227,8.96562244646231,9.080724716186523,1159420,0.0,0.0
2001-12-31 00:00:00+05:30,9.025227322316885,9.372588329683204,9.021116443735815,9.273929595947266,758960,0.0,0.0
2002-01-01 00:00:00+05:30,9.372589021779852,9.454805031332473,9.156772976791693,9.251320838928223,1172820,0.0,0.0
2002-01-02 00:00:00+05:30,9.208155767665206,9.280094956267082,9.167047771902677,9.249263763427734,1242180,0.0,0.0
2002-01-03 00:00:00+05:30,9.249263889881787,9.370532047800808,9.134161656987013,9.30064868927002,991640,0.0,0.0
2002-01-04 00:00:00+05:30,9.24926829611044,9.372591559763837,9.187606664283742,9.20610523223877,426620,0.0,0.0
2002-01-07 00:00:00+05:30,9.208160280202579,9.304763999975526,9.107446464502015,9.20610523223877,1625460,0.0,0.0
2002-01-08 00:00:00+05:30,9.249268314507454,9.249268314507454,9.045784066597406,9.15677547454834,1178020,0.0,0.0
2002-01-09 00:00:00+05:30,9.10538831786902,9.249265944937603,9.10538831786902,9.222545623779297,867500,0.0,0.0
2002-01-10 00:00:00+05:30,9.249266890626856,9.310928513083688,9.125943645713193,9.271876335144043,1413380,0.0,0.0
2002-01-11 00:00:00+05:30,9.286262371064867,9.51646608657044,9.208157244992108,9.304760932922363,1643740,0.0,0.0
2002-01-14 00:00:00+05:30,9.310927034541388,9.742559891337578,9.310927034541388,9.606904029846191,2371160,0.0,0.0
2002-01-15 00:00:00+05:30,9.619236986455745,10.44139400724803,9.537021754818538,9.859718322753906,4415660,0.0,0.0
2002-01-16 00:00:00+05:30,10.194746043699604,10.235854048728632,9.41369708442802,9.491802215576172,1265000,0.0,0.0
2002-01-17 00:00:00+05:30,9.440417238659663,9.6603441600022,9.331481693715219,9.580183982849121,1276720,0.0,0.0
2002-01-18 00:00:00+05:30,9.59868286851885,9.8206648447134,9.59868286851885,9.754892349243164,1319680,0.0,0.0
2002-01-21 00:00:00+05:30,9.783667570006102,9.989206811258919,9.62951313906649,9.822720527648926,1092600,0.0,0.0
2002-01-22 00:00:00+05:30,9.822721567605914,9.948100643495536,9.742561380481746,9.894659996032715,1071080,0.0,0.0
2002-01-23 00:00:00+05:30,9.906993008149996,9.989208246017782,9.86999587668496,9.96865463256836,1063940,0.0,0.0
2002-01-24 00:00:00+05:30,9.96865482283983,10.020039641514263,9.582240766868471,9.65829086303711,603300,0.0,0.0
2002-01-25 00:00:00+05:30,9.660345212193047,9.660345212193047,9.376700814082659,9.419864654541016,508720,0.0,0.0
2002-01-28 00:00:00+05:30,9.294483265207138,9.53496376295216,9.294483265207138,9.446581840515137,214960,0.0,0.0
2002-01-29 00:00:00+05:30,9.47535807389982,9.493856635737183,9.273929725042935,9.315037727355957,520920,0.0,0.0
2002-01-30 00:00:00+05:30,9.372589999925506,9.372589999925506,9.208158747729806,9.241044998168945,1131420,0.0,0.0
2002-01-31 00:00:00+05:30,9.216381048158762,9.331483323497276,9.047838906741358,9.236934661865234,931900,0.0,0.0
2002-02-01 00:00:00+05:30,9.290374765862685,9.290374765862685,9.19377106216706,9.241044998168945,273360,0.0,0.0
2002-02-04 00:00:00+05:30,9.29037325166788,9.368478377757118,9.208157246935007,9.255431175231934,804640,0.0,0.0
2002-02-05 00:00:00+05:30,9.208159218390998,9.329427420096904,9.043727957790642,9.154719352722168,4393500,0.0,0.0
2002-02-06 00:00:00+05:30,9.148552854662642,9.411643661826197,9.13211012025436,9.257489204406738,3419500,0.0,0.0
2002-02-07 00:00:00+05:30,9.253377351559337,9.537021742918357,9.224601981318717,9.317094802856445,1334580,0.0,0.0
2002-02-08 00:00:00+05:30,9.362312216603268,9.372589021779852,9.043726551709321,9.251320838928223,3249760,0.0,0.0
2002-02-11 00:00:00+05:30,9.32942808707419,9.454807177267439,9.292430952785358,9.403422355651855,601460,0.0,0.0
2002-02-12 00:00:00+05:30,9.48358045775637,9.619236325503172,9.438361573817442,9.491802215576172,832740,0.0,0.0
2002-02-13 00:00:00+05:30,9.516466577706385,9.537020971981025,9.33353678104693,9.45069408416748,625480,0.0,0.0
2002-02-14 00:00:00+05:30,9.39314486072434,9.537022507532608,9.333538283835612,9.386978149414062,1080220,0.0,0.0
2002-02-15 00:00:00+05:30,9.45480490162883,9.74256014704552,9.41369689741645,9.600737571716309,3955800,0.0,0.0
2002-02-18 00:00:00+05:30,10.059092827749485,10.478393178256328,9.82477815660454,10.213247299194336,5976920,0.0,0.0
2002-02-19 00:00:00+05:30,10.215300080893082,10.268739936712374,9.660343992589885,9.66856575012207,1965560,0.0,0.0
2002-02-20 00:00:00+05:30,9.660344359982806,10.071422843386332,9.598682744286275,9.713784217834473,903980,0.0,0.0
2002-02-21 00:00:00+05:30,9.90082450575592,9.96865282919474,9.660343978807274,9.728172302246094,678580,0.0,0.0
2002-02-22 00:00:00+05:30,9.785725771549147,10.211192041262573,9.783669939559516,10.149530410766602,2392840,0.0,0.0
2002-02-25 00:00:00+05:30,10.482503938747803,10.482503938747803,9.867941107936218,9.970710754394531,1782640,0.0,0.0
2002-02-26 00:00:00+05:30,9.915216039707877,10.104311816736017,9.62334983003246,9.709676742553711,2153560,0.0,0.0
2002-02-27 00:00:00+05:30,9.701452921998461,9.90493634388392,9.582239778615039,9.738450050354004,1795920,0.0,0.0
2002-02-28 00:00:00+05:30,9.82888557131431,10.0673110383933,9.413696247180738,9.602792739868164,3415200,0.0,0.0
2002-03-01 00:00:00+05:30,9.537020064001586,9.824774499820922,9.495912063435997,9.722004890441895,1170380,0.0,0.0
2002-03-04 00:00:00+05:30,9.896717471601194,9.896717471601194,9.49591568533653,9.709676742553711,1161500,0.0,0.0
2002-03-05 00:00:00+05:30,9.62334831094286,9.861773826642327,9.62334831094286,9.744616508483887,3134060,0.0,0.0
2002-03-06 00:00:00+05:30,9.701449790479717,9.906988977633654,9.621289632940847,9.666507720947266,884800,0.0,0.0
2002-03-07 00:00:00+05:30,9.689119346058913,9.865883212398918,9.672676615087957,9.728172302246094,1319160,0.0,0.0
2002-03-08 00:00:00+05:30,9.756951405326374,9.804225353064728,9.508248241561633,9.637738227844238,2048540,0.0,0.0
2002-03-11 00:00:00+05:30,9.582238750064366,9.738449005035834,9.520577137447184,9.567851066589355,522280,0.0,0.0
2002-03-12 00:00:00+05:30,9.417808382195545,9.57812874646203,9.417808382195545,9.485636711120605,1536600,0.0,0.0
2002-03-13 00:00:00+05:30,9.423974629701995,9.660345089127821,9.42191958212066,9.650068283081055,1733100,0.0,0.0
2002-03-14 00:00:00+05:30,9.697341672795815,9.69939672026158,9.547298117555023,9.654178619384766,813900,0.0,0.0
2002-03-15 00:00:00+05:30,9.65829086303711,9.701453922546806,9.60073933295407,9.65829086303711,670860,0.0,0.0
2002-03-18 00:00:00+05:30,9.783667019587819,9.865883025091557,9.541130665828723,9.83710765838623,853880,0.0,0.0
2002-03-19 00:00:00+05:30,9.783668050800348,9.824776057885058,9.623347685646994,9.676788330078125,719420,0.0,0.0
2002-03-20 00:00:00+05:30,9.541132992884297,9.742562177089475,9.541132992884297,9.66240119934082,663080,0.0,0.0
2002-03-21 00:00:00+05:30,9.635680595213884,9.734339344562416,9.559630505534146,9.611015319824219,441440,0.0,0.0
2002-03-22 00:00:00+05:30,9.701453094779572,9.742561103025638,9.555520410372578,9.611015319824219,911140,0.0,0.0
2002-03-25 00:00:00+05:30,9.611015319824219,9.611015319824219,9.611015319824219,9.611015319824219,0,0.0,0.0
2002-03-26 00:00:00+05:30,9.561686280545375,9.613071094531064,9.430141282193219,9.469193458557129,680500,0.0,0.0
2002-03-27 00:00:00+05:30,9.395196838134812,9.923432530334203,9.395196838134812,9.804220199584961,856540,0.0,0.0
2002-03-28 00:00:00+05:30,9.746672656606371,9.824777805553964,9.680900147198978,9.726119041442871,1250060,0.0,0.0
2002-03-29 00:00:00+05:30,9.726119041442871,9.726119041442871,9.726119041442871,9.726119041442871,0,0.0,0.0
2002-04-01 00:00:00+05:30,9.92754640057473,9.92754640057473,9.46508305162805,9.604849815368652,1670180,0.0,0.0
2002-04-02 00:00:00+05:30,9.693230793794287,9.722006162734987,9.58840612350031,9.654178619384766,2246140,0.0,0.0
2002-04-03 00:00:00+05:30,9.580184039325697,9.615125333544063,9.224601250534821,9.391087532043457,2567140,0.0,0.0
2002-04-04 00:00:00+05:30,9.39314371093741,9.537021340134045,9.234878397228114,9.253376960754395,1318240,0.0,0.0
2002-04-05 00:00:00+05:30,9.814498008078303,9.814498008078303,9.214323846555661,9.243099212646484,1000840,0.0,0.0
2002-04-08 00:00:00+05:30,9.39314371093741,9.39314371093741,9.228712470742686,9.253376960754395,476560,0.0,0.0
2002-04-09 00:00:00+05:30,9.310931355826078,9.37259299710897,9.259546524078615,9.29243278503418,440460,0.0,0.0
2002-04-10 00:00:00+05:30,9.403420062299158,9.45480487138276,9.238988830045626,9.329425811767578,322880,0.0,0.0
2002-04-11 00:00:00+05:30,9.298598072013911,9.310929927937138,9.158831288369294,9.20610523223877,4025880,0.0,0.0
2002-04-12 00:00:00+05:30,9.208158236528462,9.208158236528462,9.142385739301616,9.175271987915039,705700,0.0,0.0
2002-04-15 00:00:00+05:30,9.331482287374794,9.413697517142007,9.06839151353767,9.105388641357422,5630340,0.0,0.0
2002-04-16 00:00:00+05:30,9.24926829611044,9.454807591579561,9.047839880639124,9.20610523223877,1550400,0.0,0.0
2002-04-17 00:00:00+05:30,9.370533974372526,9.370533974372526,9.179382418622161,9.251320838928223,603000,0.0,0.0
2002-04-18 00:00:00+05:30,9.249264967860443,9.41369618825287,9.195825115259119,9.341757774353027,2039020,0.0,0.0
2002-04-19 00:00:00+05:30,9.446583135203571,9.537020901200849,9.216379409525885,9.30887222290039,1602080,0.0,0.0
2002-04-22 00:00:00+05:30,9.167049289308045,9.389032032728226,9.033449261052507,9.1156644821167,2846120,0.0,0.0
2002-04-23 00:00:00+05:30,9.208158627601964,9.413697886182678,9.187605015371911,9.23898983001709,1158980,0.0,0.0
2002-04-24 00:00:00+05:30,9.32325883831183,9.32325883831183,9.208156596628642,9.247209548950195,522200,0.0,0.0
2002-04-25 00:00:00+05:30,9.171163310340681,9.232824943283791,9.054005972527708,9.138277053833008,2529980,0.0,0.0
2002-04-26 00:00:00+05:30,9.206101529164107,9.249264575673815,9.132107287107537,9.218433380126953,1529600,0.0,0.0
2002-04-29 00:00:00+05:30,9.093059697551043,9.152665503381023,8.986179158993098,9.035508155822754,3295780,0.0,0.0
2002-04-30 00:00:00+05:30,9.084835192864286,9.084835192864286,8.982065565759646,9.027283668518066,1526820,0.0,0.0
2002-05-01 00:00:00+05:30,9.027283668518066,9.027283668518066,9.027283668518066,9.027283668518066,0,0.0,0.0
2002-05-02 00:00:00+05:30,9.062224551198916,9.084833991623613,8.90395925229597,8.97384262084961,2308220,0.0,0.0
2002-05-03 00:00:00+05:30,9.002620487394084,9.043728501030982,8.862853711470722,8.899850845336914,2618960,0.0,0.0
2002-05-06 00:00:00+05:30,8.9204023769288,8.967676302991547,8.899847984682024,8.949177742004395,1365900,0.0,0.0
2002-05-07 00:00:00+05:30,9.17997988219693,9.204930906942458,9.005321122620689,9.163345336914062,1314420,0.125,0.0
2002-05-08 00:00:00+05:30,9.231960365324749,9.23611820788971,9.107203672551966,9.196612358093262,1931320,0.0,0.0
2002-05-09 00:00:00+05:30,9.231959004393275,9.261068657128785,9.169580270613126,9.227800369262695,2277400,0.0,0.0
2002-05-10 00:00:00+05:30,9.159181938053365,9.27146268079329,9.148785749246711,9.22571849822998,1477560,0.0,0.0
2002-05-13 00:00:00+05:30,8.945021049500792,9.231960576959505,8.945021049500792,9.123838424682617,420860,0.0,0.0
2002-05-14 00:00:00+05:30,9.107205796482232,9.229882803403898,9.098888523055273,9.161267280578613,443740,0.0,0.0
2002-05-15 00:00:00+05:30,9.231956846056663,9.273541601283275,9.190371297651687,9.22571849822998,2110900,0.0,0.0
2002-05-16 00:00:00+05:30,8.78699372690276,9.25275050585914,8.78699372690276,9.005317687988281,3186000,0.0,0.0
2002-05-17 00:00:00+05:30,9.19453253502781,9.19453253502781,8.984525813054432,9.109282493591309,1839920,0.0,0.0
2002-05-20 00:00:00+05:30,8.339953987143828,9.086412118054335,8.339953987143828,9.019875526428223,543260,0.0,0.0
2002-05-21 00:00:00+05:30,8.816108353726124,9.614548358566145,8.816108353726124,9.29849910736084,1515420,0.0,0.0
2002-05-22 00:00:00+05:30,9.107203273316607,9.148788835751201,8.98868493594412,9.080172538757324,1433860,0.0,0.0
2002-05-23 00:00:00+05:30,8.940862019176958,9.103044843847185,8.863929242497317,8.907593727111816,951900,0.0,0.0
2002-05-24 00:00:00+05:30,8.982449120871827,9.1279982210253,8.924229004903168,9.065619468688965,1074580,0.0,0.0
2002-05-27 00:00:00+05:30,9.564644758479155,9.564644758479155,8.924229033055168,9.140473365783691,412560,0.0,0.0
2002-05-28 00:00:00+05:30,9.140468545175384,9.310968580973647,9.107200264853246,9.238194465637207,702640,0.0,0.0
2002-05-29 00:00:00+05:30,9.171662098502368,9.29433908700214,9.127997609336026,9.207009315490723,1811700,0.0,0.0
2002-05-30 00:00:00+05:30,9.107203232793019,9.356715813111723,9.096807040525286,9.252752304077148,2789460,0.0,0.0
2002-05-31 00:00:00+05:30,9.273544799379874,9.658210263309588,9.211166851849784,9.539691925048828,3532340,0.0,0.0
2002-06-03 00:00:00+05:30,9.606229198777227,9.772570668542206,9.398302163276329,9.5001859664917,1048500,0.0,0.0
2002-06-04 00:00:00+05:30,9.39830033229477,9.62494078856369,9.19869060746486,9.35047721862793,762120,0.0,0.0
2002-06-05 00:00:00+05:30,9.358796677731704,9.358796677731704,9.071857904299485,9.290181159973145,2532200,0.0,0.0
2002-06-06 00:00:00+05:30,9.152948315042266,9.356716717258905,9.065618546561591,9.240277290344238,2702400,0.0,0.0
2002-06-07 00:00:00+05:30,9.273542851346312,9.273542851346312,8.990762829066448,9.030268669128418,2170700,0.0,0.0
2002-06-10 00:00:00+05:30,9.211167977053679,9.211167977053679,9.094729338954748,9.144631385803223,1282580,0.0,0.0
2002-06-11 00:00:00+05:30,9.35671567799046,9.398301239639473,9.092648273674628,9.175819396972656,736180,0.0,0.0
2002-06-12 00:00:00+05:30,9.265229453181382,9.265229453181382,9.092649624315133,9.144631385803223,1275600,0.0,0.0
2002-06-13 00:00:00+05:30,9.113442804817609,9.18621695362944,9.088490988214637,9.144631385803223,1633460,0.0,0.0
2002-06-14 00:00:00+05:30,9.14878993329442,9.179979307156687,9.107204365870974,9.142552375793457,790120,0.0,0.0
2002-06-17 00:00:00+05:30,9.148788088947246,9.148788088947246,9.090568782198359,9.107202529907227,2879060,0.0,0.0
2002-06-18 00:00:00+05:30,9.165422136491854,9.190373153301412,9.067696196984842,9.088488578796387,773200,0.0,0.0
2002-06-19 00:00:00+05:30,9.065618019927006,9.146710226369267,9.065618019927006,9.094728469848633,665040,0.0,0.0
2002-06-20 00:00:00+05:30,9.10720161072708,9.221561291661006,8.997000564595284,9.082250595092773,927260,0.0,0.0
2002-06-21 00:00:00+05:30,9.088490753033433,9.21948501068375,9.024033878090531,9.127997398376465,444220,0.0,0.0
2002-06-24 00:00:00+05:30,9.065615251529174,9.065615251529174,8.882640095540925,8.924224853515625,2399900,0.0,0.0
2002-06-25 00:00:00+05:30,8.940862959459318,9.042747560786683,8.857691823960296,8.87016773223877,1391300,0.0,0.0
2002-06-26 00:00:00+05:30,8.940860534148392,8.940860534148392,8.878482596034223,8.913829803466797,273840,0.0,0.0
2002-06-27 00:00:00+05:30,8.901356647237456,8.940862498313583,8.558276722472552,8.589466094970703,2332000,0.0,0.0
2002-06-28 00:00:00+05:30,8.730856838644492,8.745411668123635,8.306685482792732,8.381539344787598,4055440,0.0,0.0
2002-07-01 00:00:00+05:30,8.317079145061156,8.87432351123453,8.317079145061156,8.80778694152832,3474940,0.0,0.0
2002-07-02 00:00:00+05:30,8.857689727524209,8.857689727524209,8.656001080419616,8.718379020690918,1822800,0.0,0.0
2002-07-03 00:00:00+05:30,8.732936433348142,8.732936433348142,8.649765292901886,8.726698875427246,764520,0.0,0.0
2002-07-04 00:00:00+05:30,8.745413279822785,9.084333849501329,8.66432105226465,9.038590431213379,2308800,0.0,0.0
2002-07-05 00:00:00+05:30,9.084331704705138,9.084331704705138,8.774520872495367,8.8743257522583,932760,0.0,0.0
2002-07-08 00:00:00+05:30,8.80570903134759,8.982447475290812,8.683032057101313,8.720458984375,1326800,0.0,0.0
2002-07-09 00:00:00+05:30,8.828581130590248,8.878483964681378,8.64976376543344,8.720458984375,1737160,0.0,0.0
2002-07-10 00:00:00+05:30,8.732936916826814,8.774522489352231,8.676796512894326,8.745412826538086,2564440,0.0,0.0
2002-07-11 00:00:00+05:30,8.774520943517665,8.774520943517665,8.670557427109111,8.73917293548584,982960,0.0,0.0
2002-07-12 00:00:00+05:30,8.774520425724484,8.774520425724484,8.693429014619687,8.730855941772461,369680,0.0,0.0
2002-07-15 00:00:00+05:30,8.712143606514093,8.772441847466279,8.699667698121191,8.735014915466309,677560,0.0,0.0
2002-07-16 00:00:00+05:30,8.741253472324255,8.816107338088852,8.589466819269935,8.762045860290527,1294360,0.0,0.0
2002-07-17 00:00:00+05:30,8.74333271618574,8.751649988950382,8.637290264562315,8.728777885437012,1509580,0.0,0.0
2002-07-18 00:00:00+05:30,8.843137283809256,8.882643931395437,8.69966790321295,8.762045860290527,733040,0.0,0.0
2002-07-19 00:00:00+05:30,8.701745537908284,8.938783008835568,8.691349345462555,8.90551471710205,1923400,0.0,0.0
2002-07-22 00:00:00+05:30,9.107203693205228,9.107203693205228,8.784916957540654,8.934624671936035,4347660,0.0,0.0
2002-07-23 00:00:00+05:30,9.024033105909343,9.111362074751057,8.861849488779718,8.932544708251953,2244820,0.0,0.0
2002-07-24 00:00:00+05:30,8.959575895402281,8.959575895402281,8.691349832118977,8.776599884033203,809420,0.0,0.0
2002-07-25 00:00:00+05:30,8.85769004531488,8.85769004531488,8.745410066069642,8.847293853759766,687220,0.0,0.0
2002-07-26 00:00:00+05:30,8.81194780308839,8.897197854141076,8.703825651698379,8.774520874023438,1474280,0.0,0.0
2002-07-29 00:00:00+05:30,8.712141294595794,8.920068286894704,8.712141294595794,8.828579902648926,895580,0.0,0.0
2002-07-30 00:00:00+05:30,8.822344065884156,8.83689889472706,8.718380549475603,8.73917293548584,908780,0.0,0.0
2002-07-31 00:00:00+05:30,8.732934160296361,8.89927560471391,8.703824506670612,8.847293853759766,1134100,0.0,0.0
2002-08-01 00:00:00+05:30,8.897196290732541,8.89927521168032,8.62897027729241,8.768280982971191,1002460,0.0,0.0
2002-08-02 00:00:00+05:30,8.732934951782227,8.751648415548905,8.664318653578189,8.732934951782227,378480,0.0,0.0
2002-08-05 00:00:00+05:30,8.853533005651634,8.853533005651634,8.716300409243559,8.732934951782227,440740,0.0,0.0
2002-08-06 00:00:00+05:30,8.737093608351186,8.805709113540985,8.701745601961145,8.77036190032959,519100,0.0,0.0
2002-08-07 00:00:00+05:30,8.737093398777365,8.774520325502651,8.728776127687606,8.743330955505371,655880,0.0,0.0
2002-08-08 00:00:00+05:30,8.697586825561846,8.762043688185736,8.670556093363585,8.707983016967773,756240,0.0,0.0
2002-08-09 00:00:00+05:30,8.653922461080843,8.74125222305156,8.653922461080843,8.732934951782227,1541020,0.0,0.0
2002-08-12 00:00:00+05:30,8.683032393577863,8.753727615258937,8.680953472283715,8.724617958068848,1008440,0.0,0.0
2002-08-13 00:00:00+05:30,8.732933986527355,8.940860986206578,8.693428142132584,8.79531192779541,640580,0.0,0.0
2002-08-14 00:00:00+05:30,8.737094847921583,8.847295932013763,8.622735127594767,8.662240982055664,469740,0.0,0.0
2002-08-15 00:00:00+05:30,8.662240982055664,8.662240982055664,8.662240982055664,8.662240982055664,0,0.0,0.0
2002-08-16 00:00:00+05:30,8.699668617442246,8.8077907887368,8.660162759791453,8.745412826538086,1365440,0.0,0.0
2002-08-19 00:00:00+05:30,8.7537276949992,8.814026724401476,8.712142923308075,8.774520874023438,986600,0.0,0.0
2002-08-20 00:00:00+05:30,8.816106309411442,8.816106309411442,8.72253898812328,8.797392845153809,771440,0.0,0.0
2002-08-21 00:00:00+05:30,8.732934034977713,8.753726417789569,8.653921552571251,8.707983016967773,2685200,0.0,0.0
2002-08-22 00:00:00+05:30,8.732935460143397,8.774521025732199,8.608179556555683,8.689270973205566,888860,0.0,0.0
2002-08-23 00:00:00+05:30,8.618573734583773,8.741250688139848,8.618573734583773,8.712141036987305,1141160,0.0,0.0
2002-08-26 00:00:00+05:30,8.786995071189216,8.786995071189216,8.649763276666384,8.749568939208984,634600,0.0,0.0
2002-08-27 00:00:00+05:30,8.753728821870316,8.753728821870316,8.691350863125015,8.726698875427246,339540,0.0,0.0
2002-08-28 00:00:00+05:30,8.691350863125015,8.791155755753254,8.683033590444634,8.726698875427246,383240,0.0,0.0
2002-08-29 00:00:00+05:30,8.70174838455849,8.784919537689834,8.664321444967275,8.757888793945312,456320,0.0,0.0
2002-08-30 00:00:00+05:30,8.722538271475576,8.795312408065731,8.693428616839514,8.714221000671387,3397800,0.0,0.0
2002-09-02 00:00:00+05:30,8.770363456081432,8.774522092463753,8.718381691070602,8.728777885437012,360900,0.0,0.0
2002-09-03 00:00:00+05:30,8.766203243680918,8.774520514950252,8.691349388614201,8.732934951782227,391240,0.0,0.0
2002-09-04 00:00:00+05:30,8.739172992313684,8.87432588179513,8.691349869636214,8.85145378112793,660680,0.0,0.0
2002-09-05 00:00:00+05:30,8.816106458384843,8.897197873811967,8.743331521407125,8.8119478225708,715420,0.0,0.0
2002-09-06 00:00:00+05:30,8.816106289250962,8.824422767540819,8.745411068125867,8.759965896606445,448780,0.0,0.0
2002-09-09 00:00:00+05:30,8.732935993990194,8.774521562121134,8.68303315359732,8.735014915466309,385540,0.0,0.0
2002-09-10 00:00:00+05:30,8.735014915466309,8.735014915466309,8.735014915466309,8.735014915466309,0,0.0,0.0
2002-09-11 00:00:00+05:30,8.732934680128396,8.853532730246384,8.712142295780492,8.841056823730469,654400,0.0,0.0
2002-09-12 00:00:00+05:30,8.816106437357925,8.92422779555043,8.75372769347475,8.8743257522583,582160,0.0,0.0
2002-09-13 00:00:00+05:30,8.764123304396929,8.949178206160761,8.764123304396929,8.930464744567871,809700,0.0,0.0
2002-09-16 00:00:00+05:30,8.849371302220218,9.024029972434379,8.849371302220218,8.978285789489746,582480,0.0,0.0
2002-09-17 00:00:00+05:30,8.907592979102994,9.30473352929667,8.907592979102994,9.258989334106445,1302240,0.0,0.0
2002-09-18 00:00:00+05:30,9.19245225825368,9.39830033229477,9.148787779668114,9.35047721862793,2207640,0.0,0.0
2002-09-19 00:00:00+05:30,9.344242822458071,9.344242822458071,9.148791650024666,9.152950286865234,739900,0.0,0.0
2002-09-20 00:00:00+05:30,9.148791650024666,9.229883085468538,9.065620499571075,9.152950286865234,343960,0.0,0.0
2002-09-23 00:00:00+05:30,9.148790021903718,9.190375589729936,9.111363090177996,9.144631385803223,1924880,0.0,0.0
2002-09-24 00:00:00+05:30,9.092648121872122,9.092648121872122,8.913830764991763,9.013635635375977,969340,0.0,0.0
2002-09-25 00:00:00+05:30,9.021955008370938,9.021955008370938,8.720460612672369,8.728777885437012,1122520,0.0,0.0
2002-09-26 00:00:00+05:30,8.732933418330976,8.843134467173746,8.664317132175551,8.712141036987305,308360,0.0,0.0
2002-09-27 00:00:00+05:30,8.69134947538743,9.356716113182829,8.69134947538743,9.18205738067627,2963820,0.0,0.0
2002-09-30 00:00:00+05:30,9.024032913736523,9.19037436978218,8.77867896862719,9.090569496154785,1305560,0.0,0.0
2002-10-01 00:00:00+05:30,8.986605780342682,9.024032706239696,8.776599052456257,8.80155086517334,916060,0.0,0.0
2002-10-02 00:00:00+05:30,8.80155086517334,8.80155086517334,8.80155086517334,8.80155086517334,0,0.0,0.0
2002-10-03 00:00:00+05:30,8.857692008257937,8.857692008257937,8.649764958362878,8.722539901733398,2904300,0.0,0.0
2002-10-04 00:00:00+05:30,8.714222776367524,8.795314200285858,8.62897271619969,8.73709487915039,1492760,0.0,0.0
2002-10-07 00:00:00+05:30,8.71214254573333,8.772440779343672,8.649763804542719,8.695508003234863,1640080,0.0,0.0
2002-10-08 00:00:00+05:30,8.656002154568966,8.76412430127308,8.651843518944348,8.695508003234863,1448260,0.0,0.0
2002-10-09 00:00:00+05:30,8.691348639501136,8.728775563808643,8.631049617763646,8.660160064697266,2446400,0.0,0.0
2002-10-10 00:00:00+05:30,8.670558756202581,8.670558756202581,8.525009652283924,8.58115005493164,1662500,0.0,0.0
2002-10-11 00:00:00+05:30,8.649764761417481,8.6705579418408,8.583228170420327,8.595704078674316,845400,0.0,0.0
2002-10-14 00:00:00+05:30,8.608179201532595,8.703825443217063,8.608179201532595,8.647685050964355,1276820,0.0,0.0
2002-10-15 00:00:00+05:30,8.647685050964355,8.647685050964355,8.647685050964355,8.647685050964355,0,0.0,0.0
2002-10-16 00:00:00+05:30,8.689271416081311,8.689271416081311,8.462630904908528,8.495899200439453,1653160,0.0,0.0
2002-10-17 00:00:00+05:30,8.525008335395288,8.608179465695008,8.275495737674811,8.302526473999023,3876920,0.0,0.0
2002-10-18 00:00:00+05:30,8.431441190201099,8.431441190201099,8.067568875516402,8.154898643493652,3465860,0.0,0.0
2002-10-21 00:00:00+05:30,8.317080770997865,8.317080770997865,8.150739314213634,8.208958625793457,3028740,0.0,0.0
2002-10-22 00:00:00+05:30,8.358667196253958,8.358667196253958,8.129946975536281,8.169453620910645,1712000,0.0,0.0
2002-10-23 00:00:00+05:30,8.267176679332811,8.275493949201019,8.088360136237446,8.117469787597656,1093480,0.0,0.0
2002-10-24 00:00:00+05:30,8.098758151434415,8.167373660358225,8.038459121073798,8.0675687789917,4671040,0.0,0.0
2002-10-25 00:00:00+05:30,8.025981940024158,8.1507386168219,7.942811615337559,8.001030921936035,2154560,0.0,0.0
2002-10-28 00:00:00+05:30,8.017667784374305,8.150740976948354,8.017667784374305,8.055094718933105,2761800,0.0,0.0
2002-10-29 00:00:00+05:30,8.025983144347407,8.192325405037895,8.025983144347407,8.102916717529297,1118880,0.0,0.0
2002-10-30 00:00:00+05:30,8.028062011945046,8.144500630330437,7.734884958515458,7.861720561981201,2806140,0.0,0.0
2002-10-31 00:00:00+05:30,7.882513671879911,7.9968733796906,7.840928107263659,7.897068500518799,1919800,0.0,0.0
2002-11-01 00:00:00+05:30,7.859640059263173,8.075884319113182,7.818054502649169,7.894988059997559,3923740,0.0,0.0
2002-11-04 00:00:00+05:30,7.984396021668057,8.063407699737665,7.942810468738634,7.992712497711182,278200,0.0,0.0
2002-11-05 00:00:00+05:30,8.023905778002877,8.109155846197286,7.953210541462722,8.098759651184082,406400,0.0,0.0
2002-11-06 00:00:00+05:30,8.098759651184082,8.098759651184082,8.098759651184082,8.098759651184082,0,0.0,0.0
2002-11-07 00:00:00+05:30,8.111232330362407,8.150738969990522,8.021824445574408,8.104994773864746,710840,0.0,0.0
2002-11-08 00:00:00+05:30,8.129945515396711,8.15489732689245,8.07588484351309,8.113311767578125,981500,0.0,0.0
2002-11-11 00:00:00+05:30,8.100833652992367,8.159053737429097,8.100833652992367,8.146577835083008,578400,0.0,0.0
2002-11-12 00:00:00+05:30,8.208958222008665,8.275494801449536,8.113311988209738,8.240147590637207,392860,0.0,0.0
2002-11-13 00:00:00+05:30,7.90122562531502,8.250543032204282,7.90122562531502,8.057170867919922,2444760,0.0,0.0
2002-11-14 00:00:00+05:30,8.028060850062365,8.107073324801874,7.863798344980765,8.015584945678711,2650600,0.0,0.0
2002-11-15 00:00:00+05:30,8.009347390076126,8.028060850062365,7.963603200514545,8.015584945678711,3740460,0.0,0.0
2002-11-18 00:00:00+05:30,7.9968718504165155,8.10083534548645,7.9947929295136655,8.057170867919922,1384980,0.0,0.0
2002-11-19 00:00:00+05:30,8.057170867919922,8.057170867919922,8.057170867919922,8.057170867919922,0,0.0,0.0
2002-11-20 00:00:00+05:30,8.067565707650656,8.109151257349666,7.984395401431026,8.088358879089355,1002000,0.0,0.0
2002-11-21 00:00:00+05:30,8.071725881503875,8.071725881503875,8.00518930656592,8.046774864196777,1559760,0.0,0.0
2002-11-22 00:00:00+05:30,8.109154322559496,8.167373638237615,8.028062906242491,8.1299467086792,2031720,0.0,0.0
2002-11-25 00:00:00+05:30,8.148660084562307,8.319160187055639,8.09044076951932,8.127867698669434,9773080,0.0,0.0
2002-11-26 00:00:00+05:30,8.208960136284428,8.208960136284428,8.109155243849276,8.140344619750977,1368120,0.0,0.0
2002-11-27 00:00:00+05:30,8.15074081399195,8.213118772616575,8.0675696737066,8.140344619750977,2561620,0.0,0.0
2002-11-28 00:00:00+05:30,8.171529218631616,8.171529218631616,8.098755101245375,8.125785827636719,2292460,0.0,0.0
2002-11-29 00:00:00+05:30,8.150739399277226,8.171531784150265,8.102916279526328,8.11123275756836,2461260,0.0,0.0
2002-12-02 00:00:00+05:30,8.146580334599216,8.146580334599216,8.071726483912892,8.104994773864746,1472660,0.0,0.0
2002-12-03 00:00:00+05:30,8.117470402827415,8.129945515396711,8.067567573014513,8.113311767578125,2160520,0.0,0.0
2002-12-04 00:00:00+05:30,8.042618736241629,8.275496821119559,8.042618736241629,8.142423629760742,3021760,0.0,0.0
2002-12-05 00:00:00+05:30,8.184007142018324,8.271336104441637,8.092518751085036,8.22767162322998,947180,0.0,0.0
2002-12-06 00:00:00+05:30,8.317081754656868,8.350350049948347,8.1299470979056,8.246386528015137,1169420,0.0,0.0
2002-12-09 00:00:00+05:30,7.911622248407272,8.317080059966344,7.911622248407272,8.163213729858398,2020980,0.0,0.0
2002-12-10 00:00:00+05:30,8.11331168005563,8.119549236272992,7.818054925969735,7.901226043701172,2827780,0.0,0.0
2002-12-11 00:00:00+05:30,7.911622947306131,7.978159530209301,7.788945973857417,7.818055629730225,1693040,0.0,0.0
2002-12-12 00:00:00+05:30,7.901224752695868,8.213115203460179,7.867956469674812,8.069645881652832,6232560,0.0,0.0
2002-12-13 00:00:00+05:30,8.192324162787186,8.516689776955053,8.192324162787186,8.435598373413086,10052460,0.0,0.0
2002-12-16 00:00:00+05:30,8.52500643218024,8.963732499866856,8.52500643218024,8.712141036987305,6908740,0.0,0.0
2002-12-17 00:00:00+05:30,8.774522206141116,8.978290632442011,8.527088493849543,8.94294261932373,4459120,0.0,0.0
2002-12-18 00:00:00+05:30,8.982446807594435,9.144629618272377,8.830660188568924,9.059379577636719,5349660,0.0,0.0
2002-12-19 00:00:00+05:30,8.940861915133702,9.103044737916637,8.849374311313854,9.067697525024414,3947540,0.0,0.0
2002-12-20 00:00:00+05:30,9.096808130591562,9.231961025803269,9.03443017633182,9.167503356933594,3039760,0.0,0.0
2002-12-23 00:00:00+05:30,9.179978009972459,9.273544531980315,9.0656175174231,9.138392448425293,1749260,0.0,0.0
2002-12-24 00:00:00+05:30,9.119679519448804,9.179978547564456,9.065618048317992,9.084331512451172,1669100,0.0,0.0
2002-12-25 00:00:00+05:30,9.084331512451172,9.084331512451172,9.084331512451172,9.084331512451172,0,0.0,0.0
2002-12-26 00:00:00+05:30,9.1279982210253,9.138394415355092,9.065619468688965,9.065619468688965,679920,0.0,0.0
2002-12-27 00:00:00+05:30,9.036506831089001,9.127995214688255,9.036506831089001,9.088488578796387,4155340,0.0,0.0
2002-12-30 00:00:00+05:30,9.036508259716905,9.063538994888159,8.861849528080255,8.907593727111816,676540,0.0,0.0
2002-12-31 00:00:00+05:30,8.861849656724253,9.14463053997229,8.774520686227532,8.984526634216309,2600700,0.0,0.0
2003-01-01 00:00:00+05:30,9.144630043280934,9.144630043280934,8.940861663344288,8.965812683105469,375040,0.0,0.0
2003-01-02 00:00:00+05:30,9.024032941626047,9.107203273316607,8.936703181195533,9.080172538757324,630780,0.0,0.0
2003-01-03 00:00:00+05:30,8.96373428881057,9.086411266849991,8.940862188860711,8.959575653076172,684220,0.0,0.0
2003-01-06 00:00:00+05:30,8.957496771988515,8.98244779332819,8.903435300377442,8.934624671936035,1818180,0.0,0.0
2003-01-07 00:00:00+05:30,8.940863405440725,9.065619321733505,8.922149938678931,9.051064491271973,1778020,0.0,0.0
2003-01-08 00:00:00+05:30,8.99700104224498,9.024031773304653,8.920068277267404,8.93878173828125,2430880,0.0,0.0
2003-01-09 00:00:00+05:30,8.899275690774054,8.953337156469164,8.795312187860388,8.897196769714355,3047720,0.0,0.0
2003-01-10 00:00:00+05:30,8.818183455878954,9.040665267730935,8.728774788329634,8.936701774597168,2843860,0.0,0.0
2003-01-13 00:00:00+05:30,8.97205135267991,9.123837984169347,8.963734081403564,9.032349586486816,1192260,0.0,0.0
2003-01-14 00:00:00+05:30,9.084331274274096,9.086410988666955,8.988685034847167,9.067697525024414,1159940,0.0,0.0
2003-01-15 00:00:00+05:30,9.12383699340193,9.292257355976465,8.98452549077636,9.042745590209961,2711680,0.0,0.0
2003-01-16 00:00:00+05:30,9.144631707746168,9.144631707746168,9.048985453603688,9.111363410949707,1312660,0.0,0.0
2003-01-17 00:00:00+05:30,9.148788876295443,9.814155498661748,9.127996491575317,9.302655220031738,3602720,0.0,0.0
2003-01-20 00:00:00+05:30,9.315130849555215,9.37750880034933,9.23196051288929,9.310972213745117,1939740,0.0,0.0
2003-01-21 00:00:00+05:30,9.335922046343427,9.481470302899737,9.269385473866683,9.408696174621582,2055380,0.0,0.0
2003-01-22 00:00:00+05:30,9.439886004221929,10.059508361620075,9.439886004221929,9.986733436584473,7874740,0.0,0.0
2003-01-23 00:00:00+05:30,10.06366806084081,10.123966293678667,9.760094009562007,9.826630592346191,2941380,0.0,0.0
2003-01-24 00:00:00+05:30,9.855743026782722,9.976340309931365,9.735144950455288,9.876535415649414,3036020,0.0,0.0
2003-01-27 00:00:00+05:30,9.897325765065755,9.959704505169608,9.77256987121531,9.899405479431152,3261600,0.0,0.0
2003-01-28 00:00:00+05:30,9.897324693046185,9.976337173621905,9.190373382502052,9.64989185333252,3831140,0.0,0.0
2003-01-29 00:00:00+05:30,9.976338350938086,9.976338350938086,9.439887050364959,9.539691925048828,638580,0.0,0.0
2003-01-30 00:00:00+05:30,9.485629242887576,9.63741585330531,9.31512917128527,9.437806129455566,1218720,0.0,0.0
2003-01-31 00:00:00+05:30,9.523057028521281,9.938911054161325,9.419093522111272,9.859898567199707,4006240,0.0,0.0
2003-02-03 00:00:00+05:30,9.23196057044888,10.105253473368661,9.23196057044888,9.907723426818848,2934160,0.0,0.0
2003-02-04 00:00:00+05:30,9.978416870522166,10.165550690705293,9.918117851419122,9.984654426574707,4516020,0.0,0.0
2003-02-05 00:00:00+05:30,10.030398619436124,10.032477540394124,9.932672677660747,9.984654426574707,1288180,0.0,0.0
2003-02-06 00:00:00+05:30,9.980495471581332,10.11148969673582,9.980495471581332,10.080300331115723,1585200,0.0,0.0
2003-02-07 00:00:00+05:30,10.105252086466974,10.410905036446575,10.042874143845044,10.263277053833008,5913580,0.0,0.0
2003-02-10 00:00:00+05:30,10.225850593443251,10.271594790257511,10.084460160725188,10.244564056396484,1564820,0.0,0.0
2003-02-11 00:00:00+05:30,10.178029779310236,10.354767463623466,10.178029779310236,10.213376998901367,2992760,0.0,0.0
2003-02-12 00:00:00+05:30,10.277833213095722,10.39635155739574,10.026241695769627,10.342290878295898,5571260,0.0,0.0
2003-02-13 00:00:00+05:30,10.342290878295898,10.342290878295898,10.342290878295898,10.342290878295898,0,0.0,0.0
2003-02-14 00:00:00+05:30,10.375559640998286,10.496156912067631,10.25080294075767,10.323577880859375,3871740,0.0,0.0
2003-02-17 00:00:00+05:30,10.273675042127385,10.375559640998286,10.242485668772552,10.323577880859375,862300,0.0,0.0
2003-02-18 00:00:00+05:30,10.292387453063068,10.396350962689967,10.188423943436167,10.236247062683105,1225860,0.0,0.0
2003-02-19 00:00:00+05:30,10.400509292125129,10.521106547289753,10.271594766072294,10.469124794006348,6824380,0.0,0.0
2003-02-20 00:00:00+05:30,10.60427803025397,10.64586359292991,10.361003797344477,10.410905838012695,2349100,0.0,0.0
2003-02-21 00:00:00+05:30,10.47744391181134,10.4795236264893,10.192584075694477,10.404669761657715,2024240,0.0,0.0
2003-02-24 00:00:00+05:30,10.273671980458632,10.396348929554513,10.230007505317337,10.296544075012207,856520,0.0,0.0
2003-02-25 00:00:00+05:30,10.279910374398373,10.292386279675588,10.190501702858018,10.20921516418457,444720,0.0,0.0
2003-02-26 00:00:00+05:30,10.250802141921282,10.396351217603462,10.188424193251391,10.33813190460205,1612920,0.0,0.0
2003-02-27 00:00:00+05:30,10.333973297313767,10.396351246154968,10.236247341782741,10.32773494720459,1383560,0.0,0.0
2003-02-28 00:00:00+05:30,10.32565521866112,10.550216768746878,10.1572340560968,10.39011287689209,4255720,0.0,0.0
2003-03-03 00:00:00+05:30,10.398430839265831,10.489919243777553,10.00336994229358,10.099016189575195,723300,0.0,0.0
2003-03-04 00:00:00+05:30,10.06574719307677,10.230009732284826,9.980497145023508,10.101095199584961,1123280,0.0,0.0
2003-03-05 00:00:00+05:30,10.094856896992175,10.188424216802623,9.995052020253913,10.0283203125,1420140,0.0,0.0
2003-03-06 00:00:00+05:30,10.105251356151872,10.105251356151872,9.984654114888949,10.017922401428223,1268480,0.0,0.0
2003-03-07 00:00:00+05:30,9.984658160052794,9.984658160052794,9.855743596632244,9.89732837677002,3125820,0.0,0.0
2003-03-10 00:00:00+05:30,9.905642281915481,10.230008691678186,9.905642281915481,9.988813400268555,1014340,0.0,0.0
2003-03-11 00:00:00+05:30,9.868215308988853,10.225850005681783,9.766331522349585,9.913959503173828,679080,0.0,0.0
2003-03-12 00:00:00+05:30,9.905644328257258,9.938912623835451,9.855742281479333,9.903565406799316,629780,0.0,0.0
2003-03-13 00:00:00+05:30,9.98049681151887,10.04287475795514,9.938911249501817,9.949307441711426,2849940,0.0,0.0
2003-03-14 00:00:00+05:30,9.949307441711426,9.949307441711426,9.949307441711426,9.949307441711426,0,0.0,0.0
2003-03-17 00:00:00+05:30,9.922277224260856,9.988813804363609,9.907722396937041,9.957624435424805,4938500,0.0,0.0
2003-03-18 00:00:00+05:30,9.957624435424805,9.957624435424805,9.957624435424805,9.957624435424805,0,0.0,0.0
2003-03-19 00:00:00+05:30,9.938910533803924,10.105251976715317,9.83494703283698,10.013764381408691,3064400,0.0,0.0
2003-03-20 00:00:00+05:30,10.10317302890408,10.23000862665599,9.889008471297219,10.186344146728516,1617840,0.0,0.0
2003-03-21 00:00:00+05:30,10.06366787419145,10.375558397649714,9.89732562713748,10.084460258483887,1373280,0.0,0.0
2003-03-24 00:00:00+05:30,10.346448895557105,10.346448895557105,9.730985063333877,9.80999755859375,1950760,0.0,0.0
2003-03-25 00:00:00+05:30,9.730985107690396,9.84742453317367,9.564643637841927,9.68524169921875,563400,0.0,0.0
2003-03-26 00:00:00+05:30,9.730984494426949,9.938911516928288,8.52500792255491,9.889009475708008,919260,0.0,0.0
2003-03-27 00:00:00+05:30,9.878612289380682,9.897325752752831,8.999081097246934,9.452362060546875,1610080,0.0,0.0
2003-03-28 00:00:00+05:30,9.518896764615507,9.847421769393675,9.439885084349607,9.824549674987793,1088660,0.0,0.0
2003-03-31 00:00:00+05:30,9.730983607961086,9.953465438315744,9.651971124518376,9.75385570526123,1960300,0.0,0.0
2003-04-01 00:00:00+05:30,9.691477949646123,9.803758724095623,9.606227908270448,9.743459701538086,862160,0.0,0.0
2003-04-02 00:00:00+05:30,9.79336286840562,9.855741612411475,9.606229015924093,9.695637702941895,2324220,0.0,0.0
2003-04-03 00:00:00+05:30,9.689398763508288,9.872374762231056,9.687319842317876,9.837027549743652,643660,0.0,0.0
2003-04-04 00:00:00+05:30,9.77257106298251,10.063669241704543,9.720589302009198,9.95346736907959,1300180,0.0,0.0
2003-04-07 00:00:00+05:30,10.022083002694092,10.385955305123597,10.022083002694092,10.230010032653809,2123840,0.0,0.0
2003-04-08 00:00:00+05:30,10.309021305211585,10.309021305211585,9.897325136652071,9.965941429138184,2402460,0.0,0.0
2003-04-09 00:00:00+05:30,9.980498213141097,9.980498213141097,9.662370086414418,9.755936622619629,1230780,0.0,0.0
2003-04-10 00:00:00+05:30,9.606228166140443,10.396350657472642,9.606228166140443,9.797520637512207,3146240,0.0,0.0
2003-04-11 00:00:00+05:30,10.022081815759936,10.18426462610372,9.772569250722787,9.965941429138184,2145240,0.0,0.0
2003-04-14 00:00:00+05:30,9.965941429138184,9.965941429138184,9.965941429138184,9.965941429138184,0,0.0,0.0
2003-04-15 00:00:00+05:30,10.188423873247917,10.188423873247917,9.90148436656439,10.024161338806152,2716280,0.0,0.0
2003-04-16 00:00:00+05:30,10.157232318086377,10.25079961461175,10.086537115509255,10.132281303405762,8569120,0.0,0.0
2003-04-17 00:00:00+05:30,10.146836606587353,10.35060495464197,10.105251051372871,10.275751113891602,7398480,0.0,0.0
2003-04-18 00:00:00+05:30,10.275751113891602,10.275751113891602,10.275751113891602,10.275751113891602,0,0.0,0.0
2003-04-21 00:00:00+05:30,10.230008098528776,10.271593655294128,10.146836984998075,10.192581176757812,1416860,0.0,0.0
2003-04-22 00:00:00+05:30,10.09485643434553,10.188423749867795,10.074064050086635,10.146838188171387,2390020,0.0,0.0
2003-04-23 00:00:00+05:30,10.157234258986627,10.157234258986627,9.814155163740756,9.859898567199707,3071300,0.0,0.0
2003-04-24 00:00:00+05:30,9.876532143895629,10.105251518377589,9.814154204780415,9.970099449157715,3080040,0.0,0.0
2003-04-25 00:00:00+05:30,9.897327257247323,10.209217832074597,9.878613791030537,10.167633056640625,2065040,0.0,0.0
2003-04-28 00:00:00+05:30,10.230010183650581,10.230010183650581,10.067826558526644,10.144760131835938,815920,0.0,0.0
2003-04-29 00:00:00+05:30,10.186345277930117,10.346448388777102,10.111491422211259,10.190503120422363,2766640,0.0,0.0
2003-04-30 00:00:00+05:30,10.232604460834601,10.474683694770693,10.179978435673354,10.398902893066406,4772080,0.15,0.0
2003-05-01 00:00:00+05:30,10.398902893066406,10.398902893066406,10.398902893066406,10.398902893066406,0,0.0,0.0
2003-05-02 00:00:00+05:30,10.438897580090078,10.775703794009376,10.356801115635335,10.634666442871094,6733800,0.0,0.0
2003-05-05 00:00:00+05:30,10.735710322689537,10.81991229348306,10.445214406762334,10.533626556396484,3475140,0.0,0.0
2003-05-06 00:00:00+05:30,10.314699404167406,10.523098786269573,10.314699404167406,10.419951438903809,2043160,0.0,0.0
2003-05-07 00:00:00+05:30,10.441003515298418,10.462054408064779,10.241025253579425,10.348381996154785,2880300,0.0,0.0
2003-05-08 00:00:00+05:30,10.350484913163129,10.350484913163129,10.173662262233272,10.249443054199219,1554060,0.0,0.0
2003-05-09 00:00:00+05:30,10.441003443199905,10.441003443199905,10.188399155823502,10.346277236938477,815300,0.0,0.0
2003-05-12 00:00:00+05:30,10.31470123010863,10.441003372947,10.19681864125256,10.245234489440918,1945180,0.0,0.0
2003-05-13 00:00:00+05:30,10.390482021762093,10.390482021762093,10.241024310427836,10.30417537689209,789760,0.0,0.0
2003-05-14 00:00:00+05:30,10.104194526120363,10.323118933575186,10.104194526120363,10.27680778503418,490220,0.0,0.0
2003-05-15 00:00:00+05:30,10.272599657502935,10.525204731664768,10.213658767968619,10.48310375213623,1023700,0.0,0.0
2003-05-16 00:00:00+05:30,10.483103969394618,10.61361628592945,10.483103969394618,10.573620796203613,1633700,0.0,0.0
2003-05-19 00:00:00+05:30,10.68308243000357,10.693607473766232,10.331540989672577,10.462053298950195,3349440,0.0,0.0
2003-05-20 00:00:00+05:30,10.390481062416356,10.436792214951975,10.316804155836113,10.33364486694336,1422680,0.0,0.0
2003-05-21 00:00:00+05:30,10.436792881984982,10.628351566521562,10.064200556521868,10.388376235961914,2329540,0.0,0.0
2003-05-22 00:00:00+05:30,10.50415487806601,10.651507105193623,10.1126171248197,10.150507926940918,1078400,0.0,0.0
2003-05-23 00:00:00+05:30,10.432583820359758,10.432583820359758,10.167348196150495,10.230499267578125,864480,0.0,0.0
2003-05-26 00:00:00+05:30,10.356803060137688,10.630458260702383,10.253655686066097,10.533626556396484,2790580,0.0,0.0
2003-05-27 00:00:00+05:30,10.567305188523713,10.60730067544244,10.272599149409801,10.329435348510742,1014160,0.0,0.0
2003-05-28 00:00:00+05:30,10.419953212059092,10.419953212059092,10.190503705168119,10.228394508361816,1021000,0.0,0.0
2003-05-29 00:00:00+05:30,10.158928258543085,10.525205772759277,10.158928258543085,10.396798133850098,3488000,0.0,0.0
2003-05-30 00:00:00+05:30,10.36101157739998,10.523099823227511,10.27470493253175,10.318910598754883,2210480,0.0,0.0
2003-06-02 00:00:00+05:30,10.232605271758645,10.436794522529102,10.15471897319022,10.251550674438477,1847340,0.0,0.0
2003-06-03 00:00:00+05:30,10.146297521423369,10.567305710669075,10.137877164916201,10.497838973999023,10897680,0.0,0.0
2003-06-04 00:00:00+05:30,10.613614597804721,10.773598137281063,10.525203275733022,10.605195045471191,3068720,0.0,0.0
2003-06-05 00:00:00+05:30,10.69360776991343,10.809384860527762,10.567305635244958,10.613615989685059,3900600,0.0,0.0
2003-06-06 00:00:00+05:30,10.643087452634704,11.135667072625138,10.609406829174223,10.920952796936035,11095020,0.0,0.0
2003-06-09 00:00:00+05:30,10.971472961822375,11.249338296783426,10.918846939246277,11.017784118652344,4015380,0.0,0.0
2003-06-10 00:00:00+05:30,10.862011483597264,10.94621344669872,10.573621084940344,10.636772155761719,1548420,0.0,0.0
2003-06-11 00:00:00+05:30,10.777810091274452,11.003049414256738,10.529415188787729,10.86622142791748,6687320,0.0,0.0
2003-06-12 00:00:00+05:30,10.777808612933836,10.883060648601141,10.537834100093871,10.594670295715332,1486460,0.0,0.0
2003-06-13 00:00:00+05:30,10.567306586491831,10.819911681577148,10.525205603476035,10.598881721496582,2412180,0.0,0.0
2003-06-16 00:00:00+05:30,10.6094077856393,10.714659843818223,10.579936534821242,10.645193099975586,2603000,0.0,0.0
2003-06-17 00:00:00+05:30,10.735707345837106,10.836749200966223,10.607299737336785,10.64940071105957,3685860,0.0,0.0
2003-06-18 00:00:00+05:30,10.69360666319627,10.720972417312375,10.445211794780688,10.594670295715332,2335380,0.0,0.0
2003-06-19 00:00:00+05:30,10.689398340116014,10.69781869715264,10.483104410775347,10.493629455566406,3182020,0.0,0.0
2003-06-20 00:00:00+05:30,10.5673044506455,10.689396393403877,10.272598432109886,10.449421882629395,2784080,0.0,0.0
2003-06-23 00:00:00+05:30,10.483102703394762,10.516783323046266,10.194712347440674,10.234707832336426,1215420,0.0,0.0
2003-06-24 00:00:00+05:30,10.276812292910726,10.314703103245046,10.099988779020428,10.154720306396484,3155380,0.0,0.0
2003-06-25 00:00:00+05:30,10.148400898262281,10.272598330168607,10.10419523682341,10.186291694641113,3158940,0.0,0.0
2003-06-26 00:00:00+05:30,10.1905021033232,10.398901488130235,10.062094490796666,10.306279182434082,6222500,0.0,0.0
2003-06-27 00:00:00+05:30,10.272598721367668,10.565199257761948,10.272598721367668,10.453632354736328,4141080,0.0,0.0
2003-06-30 00:00:00+05:30,10.525204017191786,10.988313154550093,10.525204017191786,10.864115715026855,4914680,0.0,0.0
2003-07-01 00:00:00+05:30,11.15461269531525,11.283019522742697,10.777810160789553,10.996734619140625,4262440,0.0,0.0
2003-07-02 00:00:00+05:30,11.194608475937828,11.257759547444046,10.950423743906859,11.089356422424316,5375440,0.0,0.0
2003-07-03 00:00:00+05:30,11.240920035679922,12.718658212844744,11.240920035679922,12.202923774719238,30977260,0.0,0.0
2003-07-04 00:00:00+05:30,11.998732621072705,12.082934574705023,11.476682596376628,11.651400566101074,5421560,0.0,0.0
2003-07-07 00:00:00+05:30,11.377747208613219,12.059780891747874,11.377747208613219,11.693503379821777,4458760,0.0,0.0
2003-07-08 00:00:00+05:30,12.209235973426154,12.777597118997852,11.91452995631215,11.973471641540527,9648160,0.0,0.0
2003-07-09 00:00:00+05:30,11.96715603911231,12.040832945299783,11.813488164619764,11.901900291442871,2151100,0.0,0.0
2003-07-10 00:00:00+05:30,11.914532218989299,12.028204630292914,11.87243203970006,11.96505355834961,5030440,0.0,0.0
2003-07-11 00:00:00+05:30,11.97768515467542,12.251340359337366,11.97768515467542,12.20081901550293,11854500,0.0,0.0
2003-07-14 00:00:00+05:30,12.37764080805691,12.459737277836917,11.802964716587452,12.000838279724121,7279860,0.0,0.0
2003-07-15 00:00:00+05:30,12.37763731711046,12.573406137376237,11.535621162164047,11.657713890075684,3878680,0.0,0.0
2003-07-16 00:00:00+05:30,11.750338406294619,11.998733300260051,11.621930781091034,11.922951698303223,7543100,0.0,0.0
2003-07-17 00:00:00+05:30,11.893478065140766,11.893478065140766,11.377743014988578,11.48299503326416,2395600,0.0,0.0
2003-07-18 00:00:00+05:30,11.409323799326623,11.704029094166941,11.158823375251412,11.645088195800781,2155920,0.0,0.0
2003-07-21 00:00:00+05:30,11.704026219557957,11.788228170551335,11.499837813364385,11.659820556640625,2483920,0.0,0.0
2003-07-22 00:00:00+05:30,11.586144652441972,11.788228374714844,11.293544112336793,11.356695175170898,1669900,0.0,0.0
2003-07-23 00:00:00+05:30,11.661927160706968,11.661927160706968,10.632561463703071,10.773599624633789,8528800,0.0,0.0
2003-07-24 00:00:00+05:30,10.899903228615079,10.9777903322679,10.798861345967385,10.883063316345215,6100240,0.0,0.0
2003-07-25 00:00:00+05:30,10.946210969389666,11.314593069321049,10.90200531012012,11.150400161743164,5049440,0.0,0.0
2003-07-28 00:00:00+05:30,11.346169080450817,11.367219165108425,11.072513161846356,11.211445808410645,1817300,0.0,0.0
2003-07-29 00:00:00+05:30,11.278810655649504,11.354591461100542,10.948318462528029,11.1798734664917,2238940,0.0,0.0
2003-07-30 00:00:00+05:30,11.240919323613673,11.525099538987684,11.198818342778043,11.41984748840332,3577140,0.0,0.0
2003-07-31 00:00:00+05:30,11.451423360710285,11.455632736061819,11.072515338319082,11.171452522277832,4542740,0.0,0.0
2003-08-01 00:00:00+05:30,11.219868366226152,11.295649970686233,11.078831004710542,11.215658187866211,1022600,0.0,0.0
2003-08-04 00:00:00+05:30,11.203029179683616,11.4072176237732,11.203029179683616,11.327226638793945,2019940,0.0,0.0
2003-08-05 00:00:00+05:30,11.426163549669662,11.872432868994599,11.283020681661212,11.7734956741333,8831400,0.0,0.0
2003-08-06 00:00:00+05:30,11.767180974427273,11.78612637790347,11.461949830870557,11.645088195800781,3158420,0.0,0.0
2003-08-07 00:00:00+05:30,11.61140551731417,11.61982587359656,11.394586562603536,11.453527450561523,1463400,0.0,0.0
2003-08-08 00:00:00+05:30,11.451424866386906,11.779810791624152,11.2409207387181,11.588252067565918,4090500,0.0,0.0
2003-08-11 00:00:00+05:30,11.455633010481492,11.661927740062676,11.455633010481492,11.569305419921875,1894840,0.0,0.0
2003-08-12 00:00:00+05:30,11.70402672791047,11.70402672791047,11.451422469977357,11.508257865905762,1725000,0.0,0.0
2003-08-13 00:00:00+05:30,11.453528696014757,11.577726154152407,9.89579794679774,11.472474098205566,5275260,0.0,0.0
2003-08-14 00:00:00+05:30,11.562987936093455,11.611403772929615,11.156715041110392,11.253546714782715,3873460,0.0,0.0
2003-08-15 00:00:00+05:30,11.253546714782715,11.253546714782715,11.253546714782715,11.253546714782715,0,0.0,0.0
2003-08-18 00:00:00+05:30,11.261966930735039,11.788227067685273,11.209340917040015,11.69981575012207,5061040,0.0,0.0
2003-08-19 00:00:00+05:30,11.756651815009867,11.872429694210807,11.704025798285544,11.842958450317383,4534160,0.0,0.0
2003-08-20 00:00:00+05:30,11.872431384270696,12.1671366380731,11.83033040429624,11.98399829864502,5558940,0.0,0.0
2003-08-21 00:00:00+05:30,11.956630872626494,12.20923591421205,11.830328753338362,12.118719100952148,3558280,0.0,0.0
2003-08-22 00:00:00+05:30,12.045044238179115,12.276598415041386,12.002943259747054,12.167136192321777,3050020,0.0,0.0
2003-08-25 00:00:00+05:30,12.154509322376493,12.154509322376493,11.114618363228372,11.83033275604248,5238100,0.0,0.0
2003-08-26 00:00:00+05:30,11.914531717332672,11.914531717332672,11.714553465100456,11.75244426727295,2328040,0.0,0.0
2003-08-27 00:00:00+05:30,11.914530611108251,12.167135667801539,11.788228484266277,11.925056457519531,4719360,0.0,0.0
2003-08-28 00:00:00+05:30,12.040836370521776,12.040836370521776,11.704029281445573,11.824016571044922,7593580,0.0,0.0
2003-08-29 00:00:00+05:30,11.535624428629797,11.811385086543357,11.453527958757281,11.607195854187012,7430140,0.0,0.0
2003-09-01 00:00:00+05:30,11.577723448346676,11.788227511043887,11.577723448346676,11.722970962524414,2629720,0.0,0.0
2003-09-02 00:00:00+05:30,11.577726402521936,12.167137767866611,11.577726402521936,11.87032699584961,2397540,0.0,0.0
2003-09-03 00:00:00+05:30,11.78822898851536,12.251338145094623,11.78822898851536,11.802964210510254,9734260,0.0,0.0
2003-09-04 00:00:00+05:30,11.809279076219674,11.931371833330939,11.367220810354096,11.802964210510254,7346340,0.0,0.0
2003-09-05 00:00:00+05:30,11.788229060506323,11.956632172197395,11.71455295008191,11.775598526000977,6838580,0.0,0.0
2003-09-08 00:00:00+05:30,11.640876108691227,11.910321892073869,11.619826020728086,11.718762397766113,2566100,0.0,0.0
2003-09-09 00:00:00+05:30,11.661926203992563,11.868220103391968,11.577724251866169,11.792438507080078,4093840,0.0,0.0
2003-09-10 00:00:00+05:30,11.493522505719683,11.826119339269278,11.493522505719683,11.666135787963867,3772280,0.0,0.0
2003-09-11 00:00:00+05:30,11.708236916939677,11.830329670996784,11.642981164883059,11.725077629089355,3583320,0.0,0.0
2003-09-12 00:00:00+05:30,11.746127129573567,11.819804037034377,11.634560227687212,11.760862350463867,4789960,0.0,0.0
2003-09-15 00:00:00+05:30,11.737708097942708,11.788229434557808,11.535624357501117,11.605091094970703,3019460,0.0,0.0
2003-09-16 00:00:00+05:30,11.451422480036346,11.784018514878753,11.451422480036346,11.680871963500977,5632140,0.0,0.0
2003-09-17 00:00:00+05:30,11.78402075787578,11.78402075787578,11.413533853188941,11.512470245361328,4590520,0.0,0.0
2003-09-18 00:00:00+05:30,11.451424413727153,11.451424413727153,11.07883202612031,11.158823013305664,3809040,0.0,0.0
2003-09-19 00:00:00+05:30,11.179873297514508,11.451423789390466,11.114616734991072,11.440897941589355,3384860,0.0,0.0
2003-09-22 00:00:00+05:30,11.577723519421083,11.577723519421083,11.114614418042384,11.141980171203613,3993340,0.0,0.0
2003-09-23 00:00:00+05:30,11.156715693544784,11.367219763234308,11.118824896759927,11.234601974487305,3835740,0.0,0.0
2003-09-24 00:00:00+05:30,11.367220014588103,11.609300021287687,11.20092160313393,11.541938781738281,5147900,0.0,0.0
2003-09-25 00:00:00+05:30,11.451422611540305,11.577724742068213,11.205132413098713,11.276703834533691,3958120,0.0,0.0
2003-09-26 00:00:00+05:30,11.285125572223759,11.451424013417515,11.167242980426389,11.428268432617188,2960480,0.0,0.0
2003-09-29 00:00:00+05:30,11.573514118671419,11.725077311880737,11.283018266023332,11.356695175170898,14601180,0.0,0.0
2003-09-30 00:00:00+05:30,11.367220375754616,11.64508569847676,11.367220375754616,11.57772445678711,12788700,0.0,0.0
2003-10-01 00:00:00+05:30,11.661926357424303,12.040833540959564,11.598774490993977,11.925056457519531,7873740,0.0,0.0
2003-10-02 00:00:00+05:30,11.925056457519531,11.925056457519531,11.925056457519531,11.925056457519531,0,0.0,0.0
2003-10-03 00:00:00+05:30,12.230285162477122,12.440789215552524,12.08293296773173,12.396583557128906,13278020,0.0,0.0
2003-10-06 00:00:00+05:30,12.524993037387134,13.472261418365992,12.461841972590413,13.211236000061035,11205820,0.0,0.0
2003-10-07 00:00:00+05:30,13.472259895962129,13.686973331405872,12.924949658892373,13.028096199035645,27094920,0.0,0.0
2003-10-08 00:00:00+05:30,13.177553228263037,13.261755169591115,12.93336856202268,13.061776161193848,10443740,0.0,0.0
2003-10-09 00:00:00+05:30,13.236498539117864,13.314384834254257,13.09546036915848,13.232288360595703,5270600,0.0,0.0
2003-10-10 00:00:00+05:30,13.682767367926417,13.682767367926417,12.718658143326442,12.85759162902832,15090120,0.0,0.0
2003-10-13 00:00:00+05:30,12.983891193904672,13.234390749897523,12.920740133058752,12.994416236877441,10034760,0.0,0.0
2003-10-14 00:00:00+05:30,13.889059584206025,13.889059584206025,12.964946019825533,13.040727615356445,11243460,0.0,0.0
2003-10-15 00:00:00+05:30,13.135453950546426,13.177554121053562,12.798646965424378,13.089142799377441,5667140,0.0,0.0
2003-10-16 00:00:00+05:30,13.114405189494315,13.261758219198402,13.051254120480966,13.209132194519043,5319140,0.0,0.0
2003-10-17 00:00:00+05:30,13.198605183648235,13.682764377958764,13.198605183648235,13.324907302856445,14812900,0.0,0.0
2003-10-20 00:00:00+05:30,13.345959513149346,13.554358110783124,13.160715690689813,13.257547378540039,8957200,0.0,0.0
2003-10-21 00:00:00+05:30,13.135456454025373,13.282808684902685,12.971262706318688,13.097565650939941,5621400,0.0,0.0
2003-10-22 00:00:00+05:30,13.009152028957018,13.173345757978385,12.588143867482621,12.668135643005371,3988080,0.0,0.0
2003-10-23 00:00:00+05:30,12.752337297911904,12.798647648543392,12.518677645283187,12.619719505310059,4572080,0.0,0.0
2003-10-24 00:00:00+05:30,12.672347056697166,13.02599401106151,12.461842955433125,12.96284294128418,2800860,0.0,0.0
2003-10-27 00:00:00+05:30,12.901793658678168,13.236495136562445,12.63024323637391,12.672344207763672,5335340,0.0,0.0
2003-10-28 00:00:00+05:30,12.760757031077766,13.236496698816111,12.680766059306352,13.131244659423828,8690900,0.0,0.0
2003-10-29 00:00:00+05:30,13.19439558860232,13.383849578790183,13.175450189583534,13.333328247070312,7458720,0.0,0.0
2003-10-30 00:00:00+05:30,13.156505370994019,13.472261499897876,13.156505370994019,13.371219635009766,7013240,0.0,0.0
2003-10-31 00:00:00+05:30,13.51436211847017,13.51436211847017,13.061778800651394,13.305963516235352,6379040,0.0,0.0
2003-11-03 00:00:00+05:30,13.493309235741023,13.598561260366177,13.345957043673186,13.45120906829834,6993200,0.0,0.0
2003-11-04 00:00:00+05:30,13.55646603903662,13.55646603903662,12.933373215631608,13.044940948486328,6414400,0.0,0.0
2003-11-05 00:00:00+05:30,13.160715836629072,13.171240880553961,12.967051655771703,13.025993347167969,3601440,0.0,0.0
2003-11-06 00:00:00+05:30,12.924950966195507,13.051253094291361,12.760757236059678,12.960736274719238,5243160,0.0,0.0
2003-11-07 00:00:00+05:30,13.038623001340186,13.051253535780768,12.735497401850587,12.851274490356445,9052180,0.0,0.0
2003-11-10 00:00:00+05:30,13.24701904174254,13.24701904174254,12.80075071053388,13.004939079284668,2850660,0.0,0.0
2003-11-11 00:00:00+05:30,13.093355335788322,13.181766673391682,12.821804850847563,12.906006813049316,4271360,0.0,0.0
2003-11-12 00:00:00+05:30,12.967053391442766,12.967053391442766,12.524995063351792,12.586041450500488,7096680,0.0,0.0
2003-11-13 00:00:00+05:30,12.77760046156036,12.819701446877115,12.546045443822955,12.604987144470215,2631620,0.0,0.0
2003-11-14 00:00:00+05:30,11.177768128410053,12.756548982875286,11.177768128410053,12.522890090942383,2738800,0.0,0.0
2003-11-17 00:00:00+05:30,12.588145027830489,12.840750108601583,12.52920413675402,12.80285930633545,2653200,0.0,0.0
2003-11-18 00:00:00+05:30,12.95863306870096,12.95863306870096,12.674452043482633,12.75023365020752,5788920,0.0,0.0
2003-11-19 00:00:00+05:30,12.590251696031498,12.714449158850748,12.377642085319305,12.617616653442383,10485400,0.0,0.0
2003-11-20 00:00:00+05:30,12.588146285803234,12.703923391848873,12.398693058549322,12.56078052520752,3080120,0.0,0.0
2003-11-21 00:00:00+05:30,12.39869153660257,12.840749815608277,12.39869153660257,12.754443168640137,4014340,0.0,0.0
2003-11-24 00:00:00+05:30,13.00915360451126,13.00915360451126,12.693397445163853,12.75023365020752,8704520,0.0,0.0
2003-11-25 00:00:00+05:30,12.680768955567308,12.880747233679797,12.678663464613345,12.739709854125977,7615700,0.0,0.0
2003-11-26 00:00:00+05:30,12.739709854125977,12.739709854125977,12.739709854125977,12.739709854125977,0,0.0,0.0
2003-11-27 00:00:00+05:30,12.903900215480602,13.03020314794934,12.630245066312373,12.699711799621582,8099040,0.0,0.0
2003-11-28 00:00:00+05:30,12.798650752684646,12.96494920562891,12.630247611795937,12.739709854125977,9611280,0.0,0.0
2003-12-01 00:00:00+05:30,12.92495459079685,13.236500623409604,12.798651624271956,13.103882789611816,20883580,0.0,0.0
2003-12-02 00:00:00+05:30,13.261757705256617,13.468051617643928,13.135455572124592,13.390165328979492,13234240,0.0,0.0
2003-12-03 00:00:00+05:30,13.468050048467482,13.935368529015722,13.468050048467482,13.846957206726074,18420280,0.0,0.0
2003-12-04 00:00:00+05:30,13.880640609468529,14.141665238922979,13.766968204862849,14.080618858337402,16802460,0.0,0.0
2003-12-05 00:00:00+05:30,14.145874023588648,14.145874023588648,13.6827656739546,13.821699142456055,8233340,0.0,0.0
2003-12-08 00:00:00+05:30,13.78801896082624,14.015363781044698,13.495418381589452,13.75644302368164,4320740,0.0,0.0
2003-12-09 00:00:00+05:30,14.09956447335719,14.181660938918936,13.916425339247825,13.99852180480957,7191600,0.0,0.0
2003-12-10 00:00:00+05:30,14.01957182924325,14.474261426633221,13.731182258805257,14.3311185836792,14488140,0.0,0.0
2003-12-11 00:00:00+05:30,14.31427958439663,14.819489773285001,14.230077618578749,14.754232406616211,14190320,0.0,0.0
2003-12-12 00:00:00+05:30,14.777385528875554,15.46784024889715,14.568986942811913,15.267860412597656,15950640,0.0,0.0
2003-12-15 00:00:00+05:30,15.404685551823526,15.408894925931827,14.79211803088189,14.888951301574707,2914540,0.0,0.0
2003-12-16 00:00:00+05:30,14.983680004562679,15.358376998144418,14.926844611409148,15.147872924804688,7571840,0.0,0.0
2003-12-17 00:00:00+05:30,15.114197727484363,15.198398097739135,14.954214133165886,15.12893295288086,8455880,0.0,0.0
2003-12-18 00:00:00+05:30,15.15629497532851,15.189976401718267,14.800542537676032,14.954211235046387,5089360,0.0,0.0
2003-12-19 00:00:00+05:30,14.87631762952379,15.156288341272191,14.87631762952379,15.084717750549316,5589400,0.0,0.0
2003-12-22 00:00:00+05:30,14.987888654337503,15.194183342879063,14.987888654337503,15.135242462158203,4002020,0.0,0.0
2003-12-23 00:00:00+05:30,15.114195694719623,15.366799983548475,14.777387834922617,14.838434219360352,3498320,0.0,0.0
2003-12-24 00:00:00+05:30,15.00473466952681,15.185768356324575,14.823700982729045,15.158403396606445,4202380,0.0,0.0
2003-12-25 00:00:00+05:30,15.158403396606444,15.158403396606444,15.158403396606444,15.158403396606445,0,0.0,0.0
2003-12-26 00:00:00+05:30,15.156296739614683,15.364695370099067,14.945792618231147,15.097355842590332,2768760,0.0,0.0
2003-12-29 00:00:00+05:30,15.240494252189022,16.210918096441805,15.240494252189022,15.989888191223145,7945740,0.0,0.0
2003-12-30 00:00:00+05:30,16.04041266482766,16.156190568639158,15.366800149976006,15.495207786560059,20990060,0.0,0.0
2003-12-31 00:00:00+05:30,15.577301667339366,15.893057782217866,15.288910504250287,15.371006965637207,4438400,0.0,0.0
2004-01-01 00:00:00+05:30,15.282599135073099,15.493103259815204,15.13524689016123,15.436267852783203,3777080,0.0,0.0
2004-01-02 00:00:00+05:30,15.7372828686984,15.792012764116661,15.088930024043698,15.276278495788574,9219500,0.0,0.0
2004-01-05 00:00:00+05:30,15.493100163791349,15.640453985276162,15.261545994050868,15.375218391418457,5865020,0.0,0.0
2004-01-06 00:00:00+05:30,15.166818259575598,15.67834319279231,15.114192244248851,15.219444274902344,8767620,0.0,0.0
2004-01-07 00:00:00+05:30,15.282599466847426,15.577305569088036,15.042624887913268,15.194188117980957,7721700,0.0,0.0
2004-01-08 00:00:00+05:30,15.219449407591265,15.324701473740529,14.867906286078224,15.225764274597168,12897480,0.0,0.0
2004-01-09 00:00:00+05:30,15.389955003213045,16.250916008245927,15.282597461664643,15.51204776763916,19754680,0.0,0.0
2004-01-12 00:00:00+05:30,15.429950125635731,15.543620918627706,15.284701792563391,15.362588882446289,11737520,0.0,0.0
2004-01-13 00:00:00+05:30,15.366798257512439,15.434159500701881,15.24260161782701,15.362588882446289,12873200,0.0,0.0
2004-01-14 00:00:00+05:30,15.41310868611065,15.545725675689951,15.2825955809558,15.482575416564941,13776720,0.0,0.0
2004-01-15 00:00:00+05:30,15.619400914282267,16.966627245766492,15.619400914282267,16.210918426513672,30093820,0.0,0.0
2004-01-16 00:00:00+05:30,16.29512437147546,16.86137935076324,15.665715909034683,16.067779541015625,17756680,0.0,0.0
2004-01-19 00:00:00+05:30,16.204607443185964,16.204607443185964,15.493102508221641,15.570989608764648,12401760,0.0,0.0
2004-01-20 00:00:00+05:30,15.619404655735996,16.034098018323593,15.493102508221641,15.570989608764648,14194340,0.0,0.0
2004-01-21 00:00:00+05:30,15.577299699722415,15.617295983147606,15.177341683525853,15.54151439666748,13271860,0.0,0.0
2004-01-22 00:00:00+05:30,15.893056885736506,15.90568661569327,15.333115302714363,15.442578315734863,10207880,0.0,0.0
2004-01-23 00:00:00+05:30,14.819489581500692,15.718341419475498,12.653402109112866,15.360485076904297,5454500,0.0,0.0
2004-01-26 00:00:00+05:30,15.360485076904297,15.360485076904297,15.360485076904297,15.360485076904297,0,0.0,0.0
2004-01-27 00:00:00+05:30,15.358378853154795,15.659399778629158,15.160504486389897,15.392060279846191,7097160,0.0,0.0
2004-01-28 00:00:00+05:30,17.124501989616437,17.124501989616437,15.029987598309418,15.16471004486084,6749200,0.0,0.0
2004-01-29 00:00:00+05:30,15.156293189929285,15.77938505057081,14.535306819693794,14.987889289855957,8149720,0.0,0.0
2004-01-30 00:00:00+05:30,14.86159207912718,14.86159207912718,14.12482758336006,14.522680282592773,4773580,0.0,0.0
2004-02-02 00:00:00+05:30,14.522680282592773,14.522680282592773,14.522680282592773,14.522680282592773,0,0.0,0.0
2004-02-03 00:00:00+05:30,14.314277935662924,14.817382575802519,13.893269761084603,14.175344467163086,12556540,0.0,0.0
2004-02-04 00:00:00+05:30,13.969050817138202,14.899478461287792,13.703815227794935,14.733180046081543,5846040,0.0,0.0
2004-02-05 00:00:00+05:30,14.661612884795911,15.156297266024858,14.528994255866003,15.019469261169434,5920560,0.0,0.0
2004-02-06 00:00:00+05:30,15.093141691615294,15.156293557177664,14.535307171895207,14.935263633728027,7599900,0.0,0.0
2004-02-09 00:00:00+05:30,15.13524306503148,15.472049258294021,15.078406066344876,15.335221290588379,8278460,0.0,0.0
2004-02-10 00:00:00+05:30,15.493104013657133,15.823595441342071,15.451003829067867,15.697293281555176,6810560,0.0,0.0
2004-02-11 00:00:00+05:30,15.808855498574731,15.89305744864545,15.640453204451909,15.768860816955566,5498300,0.0,0.0
2004-02-12 00:00:00+05:30,15.89305744864545,16.082511434799912,15.621507002827155,15.768860816955566,4940960,0.0,0.0
2004-02-13 00:00:00+05:30,15.745703845928718,15.817274453237674,15.505729353393962,15.779383659362793,3603520,0.0,0.0
2004-02-16 00:00:00+05:30,15.991995955644681,16.002520196521175,15.745706556075918,15.922529220581055,4754040,0.0,0.0
2004-02-17 00:00:00+05:30,15.79412087540791,16.14145292883092,15.72886512449269,16.027780532836914,5934980,0.0,0.0
2004-02-18 00:00:00+05:30,15.836224764872648,16.141455079323062,15.789913604110485,15.970947265625,2889540,0.0,0.0
2004-02-19 00:00:00+05:30,16.017252661677148,16.01935815189755,15.709916936255764,15.779383659362793,3339260,0.0,0.0
2004-02-20 00:00:00+05:30,15.745706254214754,15.78149156334255,15.004730973112164,15.362588882446289,9659340,0.0,0.0
2004-02-23 00:00:00+05:30,14.992102737627743,15.554148317128098,14.903691398249483,15.45942211151123,2724060,0.0,0.0
2004-02-24 00:00:00+05:30,15.408900313037837,15.745708176114071,15.26154807745617,15.642560005187988,4981180,0.0,0.0
2004-02-25 00:00:00+05:30,15.76254513265436,15.76254513265436,15.179449530288505,15.375218391418457,3252920,0.0,0.0
2004-02-26 00:00:00+05:30,15.282598898656733,15.661506959738558,15.282598898656733,15.537308692932129,8090840,0.0,0.0
2004-02-27 00:00:00+05:30,15.575198816954046,15.893060476162598,15.335224257451118,15.773073196411133,5906800,0.0,0.0
2004-03-01 00:00:00+05:30,15.867800555933437,16.16671763761725,15.682557501863513,15.937267303466797,4472820,0.0,0.0
2004-03-02 00:00:00+05:30,15.937267303466797,15.937267303466797,15.937267303466797,15.937267303466797,0,0.0,0.0
2004-03-03 00:00:00+05:30,16.017251723626334,16.84032329558697,15.876214401470204,16.503517150878906,11667120,0.0,0.0
2004-03-04 00:00:00+05:30,16.49088422345391,16.49088422345391,15.88252773164369,16.133028030395508,5241520,0.0,0.0
2004-03-05 00:00:00+05:30,16.20460575754896,16.328802401313514,15.977260952060641,16.101457595825195,4297500,0.0,0.0
2004-03-08 00:00:00+05:30,16.22986314271396,16.52246366552749,15.91621253453616,15.994099617004395,5833340,0.0,0.0
2004-03-09 00:00:00+05:30,16.32038280911775,16.32038280911775,15.676240769423154,15.789913177490234,2152040,0.0,0.0
2004-03-10 00:00:00+05:30,15.787807172356546,15.998311267987967,15.577303076725125,15.926740646362305,4731040,0.0,0.0
2004-03-11 00:00:00+05:30,15.89305737370866,15.998309409296134,15.672027456567518,15.82990550994873,4396400,0.0,0.0
2004-03-12 00:00:00+05:30,15.749912339405277,15.808853214132004,15.149976141624844,15.444682121276855,6211700,0.0,0.0
2004-03-15 00:00:00+05:30,15.724654019106424,15.724654019106424,15.166819495982777,15.227864265441895,4297500,0.0,0.0
2004-03-16 00:00:00+05:30,14.891062249455691,15.341540975599012,14.587937383296456,15.12893295288086,6279680,0.0,0.0
2004-03-17 00:00:00+05:30,15.072093814864445,15.366799887332126,14.792122965719201,15.126825332641602,4463180,0.0,0.0
2004-03-18 00:00:00+05:30,15.114195167493024,15.198395523486225,14.651085179436201,14.960526466369629,3017360,0.0,0.0
2004-03-19 00:00:00+05:30,14.777385794459315,15.072091828079198,14.745811467229672,14.893163681030273,3746740,0.0,0.0
2004-03-22 00:00:00+05:30,15.06156630890323,15.06156630890323,14.110087047372662,14.265859603881836,3936960,0.0,0.0
2004-03-23 00:00:00+05:30,14.26165113241776,14.630033264989438,14.14587324834492,14.524781227111816,3666880,0.0,0.0
2004-03-24 00:00:00+05:30,14.733178486844615,15.568879849365844,14.402687181884728,15.057354927062988,3227600,0.0,0.0
2004-03-25 00:00:00+05:30,15.156293367346404,15.362588067050151,15.051041330073165,15.278386116027832,4702580,0.0,0.0
2004-03-26 00:00:00+05:30,15.32469759014999,15.918319028555313,15.242601127840006,15.74991512298584,4226600,0.0,0.0
2004-03-29 00:00:00+05:30,15.872013079274842,15.989894888220315,15.57941244205719,15.916218757629395,3269420,0.0,0.0
2004-03-30 00:00:00+05:30,15.829903917310535,15.872005690920854,15.272069469635234,15.54151439666748,4223460,0.0,0.0
2004-03-31 00:00:00+05:30,15.724655441860875,16.07830238992453,15.387849207042825,15.945685386657715,5755800,0.0,0.0
2004-04-01 00:00:00+05:30,16.099355321627925,16.250916934428524,15.4931024463498,16.18145179748535,7471600,0.0,0.0
2004-04-02 00:00:00+05:30,16.293017747769127,16.503521848887544,16.1309286905374,16.373008728027344,4578820,0.0,0.0
2004-04-05 00:00:00+05:30,16.46563060291572,16.840327635850382,16.06146312509982,16.280385971069336,6970000,0.0,0.0
2004-04-06 00:00:00+05:30,16.52035699998021,16.551931319701755,16.002515672290667,16.08671760559082,3121400,0.0,0.0
2004-04-07 00:00:00+05:30,16.2088182523968,16.282494377794784,15.998314119248787,16.029890060424805,1601740,0.0,0.0
2004-04-08 00:00:00+05:30,15.914109447238594,16.47826049268868,15.827803602407247,16.01936149597168,5776540,0.0,0.0
2004-04-09 00:00:00+05:30,16.01936149597168,16.01936149597168,16.01936149597168,16.01936149597168,0,0.0,0.0
2004-04-12 00:00:00+05:30,16.154080475294553,16.154080475294553,15.663607255482829,15.804644584655762,2476120,0.0,0.0
2004-04-13 00:00:00+05:30,15.859376127672025,16.16671348829917,15.796225869228936,16.105667114257812,3078960,0.0,0.0
2004-04-14 00:00:00+05:30,16.105667114257812,16.105667114257812,16.105667114257812,16.105667114257812,0,0.0,0.0
2004-04-15 00:00:00+05:30,16.208816837053146,16.250917017598955,15.914110755175665,16.04041290283203,4464480,0.0,0.0
2004-04-16 00:00:00+05:30,16.162503528758847,16.413003905995716,15.874113957673103,15.935158729553223,3371280,0.0,0.0
2004-04-19 00:00:00+05:30,15.99620665563847,16.031993574435024,15.76044308343841,15.928845405578613,5238360,0.0,0.0
2004-04-20 00:00:00+05:30,15.914106125136042,16.02988399698109,15.735178000845178,15.779383659362793,3716080,0.0,0.0
2004-04-21 00:00:00+05:30,15.872012242964423,15.872012242964423,15.62572278824376,15.701502799987793,8828120,0.0,0.0
2004-04-22 00:00:00+05:30,15.787809736339996,15.956213682601913,15.587831455420647,15.794124603271484,6784080,0.0,0.0
2004-04-23 00:00:00+05:30,15.952003326000202,16.198292782097802,15.724658471439747,15.991999626159668,6099280,0.0,0.0
2004-04-26 00:00:00+05:30,15.991999626159668,15.991999626159668,15.991999626159668,15.991999626159668,0,0.0,0.0
2004-04-27 00:00:00+05:30,15.794121313616314,16.202499754330574,15.581511737098003,16.031991958618164,6185420,0.0,0.0
2004-04-28 00:00:00+05:30,16.08251646977064,16.208818631408963,15.82991054047487,15.991999626159668,3851180,0.0,0.0
2004-04-29 00:00:00+05:30,15.998310676903836,16.208814764757836,15.619402676359146,16.065671920776367,4131960,0.0,0.0
2004-04-30 00:00:00+05:30,16.082517227259867,16.120408038137942,15.808861192471657,15.916218757629395,2355900,0.0,0.0
2004-05-03 00:00:00+05:30,15.787806589554748,15.975155099269298,15.705710123770562,15.903584480285645,1932900,0.0,0.0
2004-05-04 00:00:00+05:30,15.991995732203948,16.20881468465912,15.794121376673026,15.846747398376465,2187340,0.0,0.0
2004-05-05 00:00:00+05:30,15.935155615072432,16.62981960820217,15.872005364981447,16.103559494018555,6451360,0.0,0.0
2004-05-06 00:00:00+05:30,16.316010828704382,16.69841634479668,16.19279057115076,16.267147064208984,5431280,0.175,0.0
2004-05-07 00:00:00+05:30,16.27351901392621,16.35849855134995,15.721154451946704,15.95059871673584,3163520,0.0,0.0
2004-05-10 00:00:00+05:30,15.642552095134734,16.485971261630958,15.640428781272474,16.222536087036133,2541660,0.0,0.0
2004-05-11 00:00:00+05:30,15.89536407722678,15.965472327322491,15.721156729651137,15.804011344909668,4069620,0.0,0.0
2004-05-12 00:00:00+05:30,15.763645200014107,15.92510617736626,15.003082386885644,15.612807273864746,5628840,0.0,0.0
2004-05-13 00:00:00+05:30,15.508709213036939,16.141805179017172,14.91810383384909,15.674418449401855,5092560,0.0,0.0
2004-05-14 00:00:00+05:30,15.487463580732713,15.806135664201083,14.234019728253791,14.98396110534668,7744460,0.0,0.0
2004-05-17 00:00:00+05:30,14.871363360641212,14.871363360641212,10.883713402258277,11.890717506408691,5221460,0.0,0.0
2004-05-18 00:00:00+05:30,11.89709006087698,15.296258649698974,11.686766147856643,14.960590362548828,11226480,0.0,0.0
2004-05-19 00:00:00+05:30,15.083814392259777,15.716910413728755,14.497457209933849,15.005208015441895,4952040,0.0,0.0
2004-05-20 00:00:00+05:30,15.083812489216,15.296260552444393,14.65891636275921,15.058318138122559,4562720,0.0,0.0
2004-05-21 00:00:00+05:30,14.67165931609263,15.466216054810468,14.40185105170857,15.393982887268066,3469720,0.0,0.0
2004-05-24 00:00:00+05:30,15.340875042119862,15.797638719824542,15.338750107567705,15.674418449401855,2391080,0.0,0.0
2004-05-25 00:00:00+05:30,15.425851928680446,15.73602586482931,15.381238035897034,15.691411972045898,3109900,0.0,0.0
2004-05-26 00:00:00+05:30,15.910237357204746,16.137556749053253,15.593690156410164,15.687166213989258,3754800,0.0,0.0
2004-05-27 00:00:00+05:30,15.387613637368226,16.103564210373655,15.336626554862093,15.89111614227295,6282700,0.0,0.0
2004-05-28 00:00:00+05:30,15.765771184942793,16.058948939984557,15.515082395843258,15.674418449401855,5519940,0.0,0.0
2004-05-31 00:00:00+05:30,15.434350333151489,15.551195781907063,14.788508101109187,14.924474716186523,6648280,0.0,0.0
2004-06-01 00:00:00+05:30,15.126304611448361,15.253774772677485,14.786387963488368,14.932977676391602,5291400,0.0,0.0
2004-06-02 00:00:00+05:30,15.041323038190837,15.296260057475411,14.871363944767761,15.162418365478516,3722020,0.0,0.0
2004-06-03 00:00:00+05:30,15.296262542509655,15.364245866753464,14.835250574329757,14.907482147216797,3806280,0.0,0.0
2004-06-04 00:00:00+05:30,14.871364222288333,15.211280794627768,14.701405125693583,15.124177932739258,2702360,0.0,0.0
2004-06-07 00:00:00+05:30,15.296259430425602,15.67441669589735,15.128425278284213,15.264391899108887,10003440,0.0,0.0
2004-06-08 00:00:00+05:30,15.379114186222642,15.636176131826012,15.304757693006788,15.48533821105957,3241220,0.0,0.0
2004-06-09 00:00:00+05:30,15.464091794060323,15.806133240877488,15.38548544201701,15.73390007019043,2442680,0.0,0.0
2004-06-10 00:00:00+05:30,15.721154297150612,16.655925957907915,15.721154297150612,16.103561401367188,13798900,0.0,0.0
2004-06-11 00:00:00+05:30,16.124805603742768,16.352124928225546,15.175162661933934,15.296257972717285,5836120,0.0,0.0
2004-06-14 00:00:00+05:30,15.381245617922968,15.593693757339443,15.09444095388086,15.328133583068848,8642740,0.0,0.0
2004-06-15 00:00:00+05:30,15.42372852878125,15.636176584607025,15.221903524086779,15.517206192016602,5966100,0.0,0.0
2004-06-16 00:00:00+05:30,15.66804562689189,15.763646612885392,15.551198536588553,15.663797378540039,4518300,0.0,0.0
2004-06-17 00:00:00+05:30,15.640427296618341,15.971845762902227,15.602186579674036,15.93572998046875,4857540,0.0,0.0
2004-06-18 00:00:00+05:30,16.018581495968796,16.06107045285911,15.77426594172498,15.929353713989258,3213280,0.0,0.0
2004-06-21 00:00:00+05:30,15.933606387479106,16.146054472645496,15.848626829242498,16.04620361328125,2476640,0.0,0.0
2004-06-22 00:00:00+05:30,15.944228543703272,16.135430512923563,15.808261906508761,15.967597961425781,4132320,0.0,0.0
2004-06-23 00:00:00+05:30,16.08869601441717,16.143931355767762,15.381243422149641,15.506587028503418,5617020,0.0,0.0
2004-06-24 00:00:00+05:30,15.691414021988807,16.609189586924987,15.296260496169749,16.203413009643555,7162000,0.0,0.0
2004-06-25 00:00:00+05:30,15.93572869861737,16.095064736260145,15.190035588611186,15.61068344116211,11693380,0.0,0.0
2004-06-28 00:00:00+05:30,15.593689050370758,15.763646538091718,15.2750169374375,15.655299186706543,5651300,0.0,0.0
2004-06-29 00:00:00+05:30,15.67866839364403,15.795513860970209,15.551198253506143,15.702037811279297,4401080,0.0,0.0
2004-06-30 00:00:00+05:30,15.721149947004912,15.742394420060714,15.508701974748089,15.708403587341309,2955160,0.0,0.0
2004-07-01 00:00:00+05:30,15.72115928198692,15.893241723023039,15.602188865552106,15.789142608642578,3230160,0.0,0.0
2004-07-02 00:00:00+05:30,15.719026719626395,15.719026719626395,15.39185661233711,15.487459182739258,4154360,0.0,0.0
2004-07-05 00:00:00+05:30,14.871364220406896,15.381239889276575,14.493206932423988,15.3621187210083,11077180,0.0,0.0
2004-07-06 00:00:00+05:30,15.296260691991725,15.636177272088187,15.126301591518441,15.589438438415527,5801360,0.0,0.0
2004-07-07 00:00:00+05:30,15.466216728129002,15.806133240877488,15.466216728129002,15.73390007019043,4967820,0.0,0.0
2004-07-08 00:00:00+05:30,15.557571315053115,15.91023423295289,15.296259502052395,15.476840019226074,6113460,0.0,0.0
2004-07-09 00:00:00+05:30,15.25376824508579,15.804007830247441,15.15391741791598,15.668041229248047,5585180,0.0,0.0
2004-07-12 00:00:00+05:30,15.721157347812955,15.844377618732285,15.508709275545213,15.64892578125,3968880,0.0,0.0
2004-07-13 00:00:00+05:30,15.721155541075092,15.721155541075092,15.296259445370358,15.521453857421875,2845340,0.0,0.0
2004-07-14 00:00:00+05:30,15.678671099043092,15.84438036479575,15.442853568287248,15.506587028503418,5159060,0.0,0.0
2004-07-15 00:00:00+05:30,15.636180504715202,15.721160072520538,15.47259617389155,15.506587028503418,2330340,0.0,0.0
2004-07-16 00:00:00+05:30,15.551193895799113,15.631925178044193,15.289883747610318,15.55544376373291,2629820,0.0,0.0
2004-07-19 00:00:00+05:30,15.674414209644768,15.714779850966533,15.508705018102368,15.563941955566406,2182160,0.0,0.0
2004-07-20 00:00:00+05:30,15.551196881018626,15.763644934698387,15.404608826157602,15.723280906677246,2999200,0.0,0.0
2004-07-21 00:00:00+05:30,15.784888389642425,15.933601353939293,15.593684849225205,15.72965145111084,7741680,0.0,0.0
2004-07-22 00:00:00+05:30,15.916604513465263,15.929352496237659,15.636173205217839,15.699908256530762,5581400,0.0,0.0
2004-07-23 00:00:00+05:30,15.657416151314884,15.763640145885134,15.487458732512202,15.704154968261719,3238740,0.0,0.0
2004-07-26 00:00:00+05:30,15.678665621996084,15.976091574138929,15.508706545757422,15.914483070373535,5362760,0.0,0.0
2004-07-27 00:00:00+05:30,15.806131918008115,15.973966036691955,15.59368391271459,15.880488395690918,11159360,0.0,0.0
2004-07-28 00:00:00+05:30,15.891116053135722,15.891116053135722,15.638302334841933,15.810384750366211,5418400,0.0,0.0
2004-07-29 00:00:00+05:30,15.763641823011314,16.124804415484704,15.68291216205476,15.965468406677246,6601700,0.0,0.0
2004-07-30 00:00:00+05:30,15.976092322907553,16.018582904383607,15.742399797764081,15.94210147857666,5222880,0.0,0.0
2004-08-02 00:00:00+05:30,15.933603019652514,15.933603019652514,15.723279913631076,15.801884651184082,2245980,0.0,0.0
2004-08-03 00:00:00+05:30,15.801882817189062,15.806132685177008,15.444970086138785,15.508705139160156,7158740,0.0,0.0
2004-08-04 00:00:00+05:30,15.508707269957506,15.66804330355296,15.300507472885469,15.515080451965332,2446800,0.0,0.0
2004-08-05 00:00:00+05:30,15.54907431655266,15.93147985908817,15.51933171727268,15.804011344909668,2630460,0.0,0.0
2004-08-06 00:00:00+05:30,15.640427737001868,15.721157421335096,15.338750241124716,15.619181632995605,2674760,0.0,0.0
2004-08-09 00:00:00+05:30,15.636170433932303,15.793381479564522,15.508701974748089,15.708403587341309,1797960,0.0,0.0
2004-08-10 00:00:00+05:30,15.742400000420874,15.954848047986204,15.714782337743372,15.895362854003906,3897940,0.0,0.0
2004-08-11 00:00:00+05:30,15.765767022631445,15.997336202175573,15.640423471598636,15.908106803894043,4504140,0.0,0.0
2004-08-12 00:00:00+05:30,15.776392414477066,15.88686468567599,15.64892391052447,15.755147933959961,1687520,0.0,0.0
2004-08-13 00:00:00+05:30,15.763642109546184,15.801882817189062,15.42585054274221,15.508705139160156,1464620,0.0,0.0
2004-08-16 00:00:00+05:30,15.444971569818785,15.523577926649622,15.321752940777047,15.37911319732666,1714300,0.0,0.0
2004-08-17 00:00:00+05:30,15.585188076798692,15.71265657444276,15.34087251081846,15.451346397399902,14637920,0.0,0.0
2004-08-18 00:00:00+05:30,15.466216994322293,15.508705951328475,15.296257924597947,15.359992980957031,4164500,0.0,0.0
2004-08-19 00:00:00+05:30,15.678666891163163,15.678666891163163,15.296259749095766,15.351496696472168,8524340,0.0,0.0
2004-08-20 00:00:00+05:30,15.351497531516873,15.44497357733464,15.132676285317196,15.164542198181152,1158180,0.0,0.0
2004-08-23 00:00:00+05:30,15.338747664792866,15.551195702370881,15.003080997265519,15.474714279174805,1747600,0.0,0.0
2004-08-24 00:00:00+05:30,15.50870541181122,15.995211570601516,15.387610105621478,15.922978401184082,2569200,0.0,0.0
2004-08-25 00:00:00+05:30,15.929353203278074,16.018580982396884,15.765767320710504,15.922978401184082,2424060,0.0,0.0
2004-08-26 00:00:00+05:30,15.9293575709935,16.2267835829416,15.810385545364056,16.122684478759766,5299840,0.0,0.0
2004-08-27 00:00:00+05:30,16.099309931655974,16.122679342414067,15.678663779709682,15.699908256530762,1470060,0.0,0.0
2004-08-30 00:00:00+05:30,15.721158987745293,15.88474330728147,15.636179425803629,15.774271011352539,1165220,0.0,0.0
2004-08-31 00:00:00+05:30,15.63617962869017,15.72115919173448,15.532080514907324,15.621308326721191,2631180,0.0,0.0
2004-09-01 00:00:00+05:30,15.63617553052974,15.731778121716529,15.559694105920281,15.659544944763184,2123660,0.0,0.0
2004-09-02 00:00:00+05:30,15.60430970628487,15.882617773262922,15.602186392649616,15.759397506713867,1411400,0.0,0.0
2004-09-03 00:00:00+05:30,15.784888389642425,15.833750526118648,15.638298738514266,15.72965145111084,2173880,0.0,0.0
2004-09-06 00:00:00+05:30,15.763643946689688,16.061071527369666,15.689287456732174,16.02495574951172,2877880,0.0,0.0
2004-09-07 00:00:00+05:30,16.13755652788772,16.35850273333348,15.959100912441308,16.222536087036133,7010020,0.0,0.0
2004-09-08 00:00:00+05:30,16.235283529807763,17.01071942455705,15.80613907789426,16.74303436279297,30147280,0.0,0.0
2004-09-09 00:00:00+05:30,16.953353431735543,17.140307114512662,16.082315212600513,16.22677993774414,32847440,0.0,0.0
2004-09-10 00:00:00+05:30,16.27351803406107,16.77064724450426,16.24165050683975,16.5539493560791,16276440,0.0,0.0
2004-09-13 00:00:00+05:30,16.358499285922854,16.7833953712715,16.316010325727962,16.50296401977539,7969580,0.0,0.0
2004-09-14 00:00:00+05:30,16.56669736968396,16.783393637654463,16.35849759619486,16.626182556152344,6661420,0.0,0.0
2004-09-15 00:00:00+05:30,16.715411729708272,17.025585671336387,16.658051472502006,16.78976821899414,15839120,0.0,0.0
2004-09-16 00:00:00+05:30,16.906617657694166,16.974600974689526,16.768526089183243,16.80251693725586,6114280,0.0,0.0
2004-09-17 00:00:00+05:30,16.698414616604236,17.284771625614407,16.698414616604236,17.119062423706055,12427840,0.0,0.0
2004-09-20 00:00:00+05:30,17.12331231627947,17.420739907157024,16.800391997028107,17.210416793823242,12845500,0.0,0.0
2004-09-21 00:00:00+05:30,17.6225671721802,17.6225671721802,17.059581070133657,17.259281158447266,9729480,0.0,0.0
2004-09-22 00:00:00+05:30,17.3740027808536,17.584325914809494,17.16580458142053,17.514219284057617,17804960,0.0,0.0
2004-09-23 00:00:00+05:30,17.50572173787599,17.705421826582374,17.34426074672706,17.4377384185791,10806420,0.0,0.0
2004-09-24 00:00:00+05:30,17.335762134966803,17.52484078702222,17.06170393100049,17.193422317504883,13514680,0.0,0.0
2004-09-27 00:00:00+05:30,17.20829146373314,17.250780423945592,16.770649014315115,16.92998504638672,14691480,0.0,0.0
2004-09-28 00:00:00+05:30,16.997972084297768,17.374004489307787,16.997972084297768,17.212543487548828,14492220,0.0,0.0
2004-09-29 00:00:00+05:30,16.836508196407163,17.420740342023812,16.836508196407163,17.17005157470703,9512340,0.0,0.0
2004-09-30 00:00:00+05:30,17.335760915261172,17.352757148617563,16.995844352383507,17.08082389831543,7624880,0.0,0.0
2004-10-01 00:00:00+05:30,17.412240556308436,17.599194241478834,17.221037002810387,17.452606201171875,13503600,0.0,0.0
2004-10-04 00:00:00+05:30,17.671427802587452,17.794648053191533,17.475975997329183,17.6799259185791,10349300,0.0,0.0
2004-10-05 00:00:00+05:30,17.71816780958755,17.790399369050075,17.582201186369847,17.68630027770996,7015420,0.0,0.0
2004-10-06 00:00:00+05:30,17.756406384530734,17.762779565968465,17.46322707159668,17.509965896606445,4422300,0.0,0.0
2004-10-07 00:00:00+05:30,17.71604786227492,17.71604786227492,17.229541493153015,17.4271183013916,2874820,0.0,0.0
2004-10-08 00:00:00+05:30,17.505720703824345,17.505720703824345,17.31451712308043,17.410118103027344,4251060,0.0,0.0
2004-10-11 00:00:00+05:30,17.335763643368914,17.499349578679936,17.29327467414153,17.374004364013672,2289540,0.0,0.0
2004-10-12 00:00:00+05:30,17.357007195199266,17.374003430316936,17.04470988437557,17.136062622070312,1820900,0.0,0.0
2004-10-13 00:00:00+05:30,17.136062622070312,17.136062622070312,17.136062622070312,17.136062622070312,0,0.0,0.0
2004-10-14 00:00:00+05:30,17.184922972207957,17.1976693367862,16.832260045126443,17.008590698242188,3147680,0.0,0.0
2004-10-15 00:00:00+05:30,17.293273628453946,17.331514346786367,17.05533120095773,17.259281158447266,4798240,0.0,0.0
2004-10-18 00:00:00+05:30,17.41224302469761,17.456856923363386,17.255031912134857,17.376127243041992,3941140,0.0,0.0
2004-10-19 00:00:00+05:30,17.37825455649598,17.711797995767157,17.361258320148963,17.620445251464844,8044720,0.0,0.0
2004-10-20 00:00:00+05:30,17.62893964617466,17.69267308773916,17.37825088598105,17.458980560302734,3898620,0.0,0.0
2004-10-21 00:00:00+05:30,17.501471811247928,17.501471811247928,17.006469029015687,17.153057098388672,5640560,0.0,0.0
2004-10-22 00:00:00+05:30,17.153057098388672,17.153057098388672,17.153057098388672,17.153057098388672,0,0.0,0.0
2004-10-25 00:00:00+05:30,17.31451712308043,17.505720703824345,17.216791208666898,17.410118103027344,6476080,0.0,0.0
2004-10-26 00:00:00+05:30,17.293276276934996,17.516345817328954,17.150936433895456,17.37825584411621,2917940,0.0,0.0
2004-10-27 00:00:00+05:30,17.54395758394996,17.973101863919585,17.420737345429572,17.730911254882812,8296680,0.0,0.0
2004-10-28 00:00:00+05:30,17.943363708530665,18.058085860262587,17.57582945693316,17.673555374145508,8760920,0.0,0.0
2004-10-29 00:00:00+05:30,17.465355404726665,17.747911723021218,17.465355404726665,17.63743782043457,5042440,0.0,0.0
2004-11-01 00:00:00+05:30,17.97310577599678,17.97310577599678,17.684176281125147,17.909372329711914,11031560,0.0,0.0
2004-11-02 00:00:00+05:30,17.803147852858288,17.96885707824214,17.654433240215052,17.877504348754883,5511000,0.0,0.0
2004-11-03 00:00:00+05:30,17.898750079333585,18.249289722564747,17.898750079333585,18.183429718017578,8372300,0.0,0.0
2004-11-04 00:00:00+05:30,18.44048953267765,18.44048953267765,18.026214904356017,18.06020736694336,3669840,0.0,0.0
2004-11-05 00:00:00+05:30,18.249295588521903,18.516980699322644,18.13882164781336,18.378889083862305,4943440,0.0,0.0
2004-11-08 00:00:00+05:30,18.56795836477813,19.288157065289333,18.44261318276047,19.2116756439209,13350760,0.0,0.0
2004-11-09 00:00:00+05:30,19.337021043782727,19.587709810805354,19.035345197949567,19.426250457763672,7656420,0.0,0.0
2004-11-10 00:00:00+05:30,19.51547860704779,20.26754492184072,19.51547860704779,20.114582061767578,11598680,0.0,0.0
2004-11-11 00:00:00+05:30,20.025356858533918,20.18044305223087,19.76829487130794,19.87664222717285,5099460,0.0,0.0
2004-11-12 00:00:00+05:30,20.055092951332774,20.129449432454216,19.806529162648356,19.88300895690918,671860,0.0,0.0
2004-11-15 00:00:00+05:30,19.88300895690918,19.88300895690918,19.88300895690918,19.88300895690918,0,0.0,0.0
2004-11-16 00:00:00+05:30,19.970118164595068,20.77317159315447,19.906383096580786,20.567096710205078,10965740,0.0,0.0
2004-11-17 00:00:00+05:30,20.607466766021076,20.690321399639103,20.448130682778647,20.509740829467773,8909660,0.0,0.0
2004-11-18 00:00:00+05:30,20.607456789965866,20.649945743254793,20.140071820388982,20.316402435302734,10123500,0.0,0.0
2004-11-19 00:00:00+05:30,20.4587492024722,20.90488981250444,20.36102166672743,20.516109466552734,11679560,0.0,0.0
2004-11-22 00:00:00+05:30,20.601089314952127,20.647828149025027,19.98498959652319,20.530981063842773,10444000,0.0,0.0
2004-11-23 00:00:00+05:30,20.649951799066553,20.73493135141521,20.437503728619983,20.705188751220703,3613020,0.0,0.0
2004-11-24 00:00:00+05:30,20.692444119702284,20.692444119702284,20.450253428765514,20.5479793548584,3669820,0.0,0.0
2004-11-25 00:00:00+05:30,20.73492902673454,21.329784205633263,20.56709487539633,21.20656394958496,8639340,0.0,0.0
2004-11-26 00:00:00+05:30,21.20656394958496,21.20656394958496,21.20656394958496,21.20656394958496,0,0.0,0.0
2004-11-29 00:00:00+05:30,20.66057524951133,21.43176117660399,18.23654194094361,21.198068618774414,5391740,0.0,0.0
2004-11-30 00:00:00+05:30,21.32978550763031,21.372274471209526,21.032357900025588,21.104589462280273,6158380,0.0,0.0
2004-12-01 00:00:00+05:30,21.20656584144131,21.3297861084822,20.465122546402355,20.567096710205078,9358920,0.0,0.0
2004-12-02 00:00:00+05:30,21.02385967770251,21.032357794545746,20.607461677484217,20.75192642211914,11284800,0.0,0.0
2004-12-03 00:00:00+05:30,20.819906982235167,21.032355012666137,20.27604054300383,20.511857986450195,11661260,0.0,0.0
2004-12-06 00:00:00+05:30,20.51186307923873,20.860277805983696,20.182567901971726,20.250551223754883,11592140,0.0,0.0
2004-12-07 00:00:00+05:30,20.35252398342286,20.55859723187786,20.35252398342286,20.437501907348633,10543360,0.0,0.0
2004-12-08 00:00:00+05:30,20.902765663251703,20.902765663251703,19.93187803956408,20.029603958129883,4034240,0.0,0.0
2004-12-09 00:00:00+05:30,20.38651742978347,20.395015547430255,20.182567468811193,20.27179527282715,6662080,0.0,0.0
2004-12-10 00:00:00+05:30,20.182568279120485,20.182568279120485,19.736427620278402,19.838401794433594,9405840,0.0,0.0
2004-12-13 00:00:00+05:30,19.970116149771503,20.250547503210893,19.92762718928218,20.10820770263672,19560780,0.0,0.0
2004-12-14 00:00:00+05:30,20.222930607228538,20.341900997786407,20.14007599654002,20.18893814086914,6775640,0.0,0.0
2004-12-15 00:00:00+05:30,20.203806480545065,20.395010023687085,20.05509351412892,20.146446228027344,6896200,0.0,0.0
2004-12-16 00:00:00+05:30,20.28879110835086,20.686069591046625,20.28879110835086,20.47149658203125,8749780,0.0,0.0
2004-12-17 00:00:00+05:30,20.649950411884532,20.71793372502658,20.20593475248649,20.469369888305664,5650120,0.0,0.0
2004-12-20 00:00:00+05:30,20.522478871224422,21.03235445490729,20.522478871224422,20.92400550842285,7636340,0.0,0.0
2004-12-21 00:00:00+05:30,21.032356428960487,21.117335971025266,20.843277798812576,21.083343505859375,9585840,0.0,0.0
2004-12-22 00:00:00+05:30,21.159823403092478,22.094595056579262,20.692438386774004,20.955873489379883,8915280,0.0,0.0
2004-12-23 00:00:00+05:30,21.240558270439863,21.244806518569533,20.73493083795384,20.994117736816406,5659700,0.0,0.0
2004-12-24 00:00:00+05:30,21.244804567463277,21.45725261313791,21.11733606422849,21.34890365600586,5650660,0.0,0.0
2004-12-27 00:00:00+05:30,21.45725308486904,21.542232629177136,21.127957958493926,21.453004837036133,3177320,0.0,0.0
2004-12-28 00:00:00+05:30,21.457254705657526,22.094598904835472,21.457254705657526,22.03936195373535,5067780,0.0,0.0
2004-12-29 00:00:00+05:30,22.098844448473745,22.264555281493976,21.676073301930266,21.886396408081055,3046460,0.0,0.0
2004-12-30 00:00:00+05:30,21.88852537670335,22.517371497669405,21.714318016306333,22.27518081665039,3992780,0.0,0.0
2004-12-31 00:00:00+05:30,22.13708803275998,22.313420318168166,21.971378799089685,22.10947036743164,2162300,0.0,0.0
2005-01-03 00:00:00+05:30,21.926765523139654,22.426018172871935,21.926765523139654,22.317670822143555,2591160,0.0,0.0
2005-01-04 00:00:00+05:30,22.309170429464185,22.56198250956401,21.45725328576559,22.07122802734375,4476120,0.0,0.0
2005-01-05 00:00:00+05:30,22.094594420373145,22.094594420373145,20.6924377909425,21.24692726135254,7975740,0.0,0.0
2005-01-06 00:00:00+05:30,21.246928328066726,21.66120134590762,20.35252229968597,20.613832473754883,9659020,0.0,0.0
2005-01-07 00:00:00+05:30,20.73493137699426,20.97924698247924,20.586218375838264,20.830533981323242,5298000,0.0,0.0
2005-01-10 00:00:00+05:30,21.244803326743263,21.58471985580118,20.618082276944282,20.809284210205078,13225740,0.0,0.0
2005-01-11 00:00:00+05:30,20.81991740714854,20.894273930861083,20.395021133533263,20.539485931396484,4782220,0.0,0.0
2005-01-12 00:00:00+05:30,20.539478121937627,20.688191112819503,20.186813570917693,20.435379028320312,2837580,0.0,0.0
2005-01-13 00:00:00+05:30,20.39501515632995,21.584724049612493,20.39501515632995,21.198068618774414,10791840,0.0,0.0
2005-01-14 00:00:00+05:30,21.20231948355177,22.179580348179048,20.915513272768,21.880027770996094,15903840,0.0,0.0
2005-01-17 00:00:00+05:30,22.09459862204379,22.477005784996127,21.591096127631566,22.096723556518555,9483580,0.0,0.0
2005-01-18 00:00:00+05:30,22.430267934810306,22.430267934810306,21.244807298547325,21.820541381835938,10000120,0.0,0.0
2005-01-19 00:00:00+05:30,21.99687211183107,22.307046081896384,21.650582360922886,22.04785919189453,9034920,0.0,0.0
2005-01-20 00:00:00+05:30,21.71218520795434,22.137081212969882,21.244800250777097,21.7270565032959,21816140,0.0,0.0
2005-01-24 00:00:00+05:30,21.83541492080718,21.83541492080718,20.64995416300373,20.877273559570312,16795520,0.0,0.0
2005-01-25 00:00:00+05:30,22.30704802305115,22.91889789960591,20.90913929126923,22.120094299316406,20124960,0.0,0.0
2005-01-27 00:00:00+05:30,22.190195522815078,23.28430317375812,22.009615026061326,22.84453582763672,24223080,0.0,0.0
2005-01-28 00:00:00+05:30,22.844539228062242,23.318299106649615,22.402646882080756,22.938016891479492,9751760,0.0,0.0
2005-01-31 00:00:00+05:30,22.795674736977947,24.219075918963018,22.731939678324938,23.98963165283203,13357080,0.0,0.0
2005-02-01 00:00:00+05:30,24.049121954253923,24.165969046334528,23.379911800420217,23.80055809020996,7728060,0.0,0.0
2005-02-02 00:00:00+05:30,24.004501804830216,24.004501804830216,23.49675115656903,23.73469352722168,4604940,0.0,0.0
2005-02-03 00:00:00+05:30,23.751690326467276,24.431523371955677,23.666710790568768,24.367788314819336,8082380,0.0,0.0
2005-02-04 00:00:00+05:30,24.219077730434385,24.601484869254925,23.923775070231297,24.09798240661621,3578340,0.0,0.0
2005-02-07 00:00:00+05:30,24.017254428387616,24.43152750734605,23.45639166571307,23.868539810180664,2402500,0.0,0.0
2005-02-08 00:00:00+05:30,23.70920586569054,24.43152967593161,23.66884183188239,24.238201141357422,3514320,0.0,0.0
2005-02-09 00:00:00+05:30,24.30406083936887,25.06462535988002,24.219081282628196,24.988143920898438,6035080,0.0,0.0
2005-02-10 00:00:00+05:30,25.068872794823598,25.068872794823598,24.435776819542955,24.622732162475586,3415400,0.0,0.0
2005-02-11 00:00:00+05:30,24.641851227249287,24.641851227249287,24.134100468756262,24.431528091430664,4860720,0.0,0.0
2005-02-14 00:00:00+05:30,23.896158295821266,24.569618251207295,23.896158295821266,24.161718368530273,6259920,0.0,0.0
2005-02-15 00:00:00+05:30,24.431529914008248,24.558998441563453,23.798433903932004,23.900409698486328,6343000,0.0,0.0
2005-02-16 00:00:00+05:30,24.00663417929335,24.346550799254878,23.666717559331822,23.879165649414062,8738160,0.0,0.0
2005-02-17 00:00:00+05:30,23.794184004646237,23.9471468754407,23.585984181431513,23.721952438354492,3014800,0.0,0.0
2005-02-18 00:00:00+05:30,23.877034302641214,24.091607269840082,23.794179699427268,23.97263526916504,3233860,0.0,0.0
2005-02-21 00:00:00+05:30,24.172334786652414,24.172334786652414,23.549862040461896,23.81542205810547,6217400,0.0,0.0
2005-02-22 00:00:00+05:30,23.624222011845827,24.006629142095292,23.624222011845827,23.81967544555664,3465320,0.0,0.0
2005-02-23 00:00:00+05:30,23.794186800682997,23.82817927412071,23.54349798205607,23.713457107543945,6198120,0.0,0.0
2005-02-24 00:00:00+05:30,23.953519083983874,24.569618790358355,23.753817386252468,24.474016189575195,6712840,0.0,0.0
2005-02-25 00:00:00+05:30,24.471887174524188,24.471887174524188,23.883405269915364,24.225446701049805,3240960,0.0,0.0
2005-02-28 00:00:00+05:30,24.510133573252467,25.487394337344853,24.272191159560805,24.95414924621582,14890860,0.0,0.0
2005-03-01 00:00:00+05:30,24.94139784349063,24.94139784349063,24.35291592109144,24.539871215820312,8460320,0.0,0.0
2005-03-02 00:00:00+05:30,24.728953364204312,24.728953364204312,24.219077719621236,24.505882263183594,3921340,0.0,0.0
2005-03-03 00:00:00+05:30,24.63972482203395,24.64397306973407,24.401782429578816,24.47826385498047,4623700,0.0,0.0
2005-03-04 00:00:00+05:30,24.60148701299477,25.357801619177398,24.522880644040345,24.894664764404297,6562140,0.0,0.0
2005-03-07 00:00:00+05:30,25.15384892939576,25.706213523921605,25.026380426174406,25.54262924194336,8105800,0.0,0.0
2005-03-08 00:00:00+05:30,25.62123518687398,26.556006955891366,25.62123518687398,26.097118377685547,10957960,0.0,0.0
2005-03-09 00:00:00+05:30,26.298945561822237,26.55600752011494,25.929286390980256,26.5198917388916,6385360,0.0,0.0
2005-03-10 00:00:00+05:30,26.349928692548385,26.70896637907234,26.014260418807048,26.148103713989258,4572280,0.0,0.0
2005-03-11 00:00:00+05:30,26.343556746827236,26.343556746827236,25.755076393963197,25.905914306640625,5219600,0.0,0.0
2005-03-14 00:00:00+05:30,25.905919535377688,26.00364545820947,25.536258707146335,25.608491897583008,4878320,0.0,0.0
2005-03-15 00:00:00+05:30,25.61698816039093,25.61698816039093,24.728955180609198,25.234580993652344,2474060,0.0,0.0
2005-03-16 00:00:00+05:30,25.277070550928524,25.663725950077655,24.813933721543297,25.245203018188477,3689500,0.0,0.0
2005-03-17 00:00:00+05:30,25.196343374578692,25.196343374578692,24.261571446070565,24.32105827331543,7541460,0.0,0.0
2005-03-18 00:00:00+05:30,24.304059184968896,24.386913801417247,23.883411299204095,24.044872283935547,3136380,0.0,0.0
2005-03-21 00:00:00+05:30,24.214827429248846,24.21907567671995,23.624220538074603,23.76018714904785,3007700,0.0,0.0
2005-03-22 00:00:00+05:30,23.371410104624662,23.62422217838011,23.180206538152078,23.443641662597656,4245940,0.0,0.0
2005-03-23 00:00:00+05:30,23.36928349704518,23.36928349704518,22.222063801202083,22.589599609375,8238260,0.0,0.0
2005-03-24 00:00:00+05:30,25.663725370324983,25.663725370324983,21.584721792996174,22.07122802734375,8411140,0.0,0.0
2005-03-28 00:00:00+05:30,22.477003895932633,22.935890832058522,22.368654938727232,22.64483642578125,2087740,0.0,0.0
2005-03-29 00:00:00+05:30,22.689454770451015,23.15683988118065,22.3091725265241,22.81479835510254,3267660,0.0,0.0
2005-03-30 00:00:00+05:30,22.73194163831606,22.855161897882894,22.351659429490823,22.65758514404297,8576980,0.0,0.0
2005-03-31 00:00:00+05:30,22.897651305302475,23.365038002828317,22.74044019708971,23.15046501159668,4459280,0.0,0.0
2005-04-01 00:00:00+05:30,23.199326953760114,23.666713647191564,22.986878898795826,23.435144424438477,3359660,0.0,0.0
2005-04-04 00:00:00+05:30,23.454262809600614,23.53499247740322,22.955010263836144,23.46276092529297,2532680,0.0,0.0
2005-04-05 00:00:00+05:30,23.666711220696264,23.879159253878726,22.8190440221362,22.942262649536133,3840540,0.0,0.0
2005-04-06 00:00:00+05:30,22.785055196777993,23.66671499942474,22.785055196777993,23.511627197265625,4253720,0.0,0.0
2005-04-07 00:00:00+05:30,23.794184495062165,24.089487190823938,23.730449423967457,23.92802619934082,5089240,0.0,0.0
2005-04-08 00:00:00+05:30,23.962017909030497,24.006631809040858,22.859411911695425,23.226947784423828,4854300,0.0,0.0
2005-04-11 00:00:00+05:30,24.125602465070994,24.125602465070994,23.158964712889023,23.668840408325195,4174340,0.0,0.0
2005-04-12 00:00:00+05:30,23.7516900538359,23.79205407676576,23.369282957106954,23.730443954467773,2452720,0.0,0.0
2005-04-13 00:00:00+05:30,24.006629008888734,24.367790035903717,23.666712462136402,23.855791091918945,10028860,0.0,0.0
2005-04-15 00:00:00+05:30,23.836671399253916,23.86641399763104,22.64696260161888,22.882780075073242,5603660,0.0,0.0
2005-04-18 00:00:00+05:30,22.706448919718248,22.706448919718248,21.928889833838372,22.10947036743164,8953240,0.0,0.0
2005-04-19 00:00:00+05:30,22.519492973396705,22.731941020315542,22.372903302350718,22.574729919433594,5691120,0.0,0.0
2005-04-20 00:00:00+05:30,22.19019855327896,23.19932680801989,22.19019855327896,22.97625732421875,6287820,0.0,0.0
2005-04-21 00:00:00+05:30,26.864053600498806,26.864053600498806,22.30704386024571,23.188703536987305,2885120,0.0,0.0
2005-04-22 00:00:00+05:30,23.9174048586259,23.9174048586259,22.740442319464922,22.952890396118164,2867060,0.0,0.0
2005-04-25 00:00:00+05:30,23.156837392736364,23.156837392736364,22.738314475935315,22.94438934326172,2828580,0.0,0.0
2005-04-26 00:00:00+05:30,22.982628708793964,23.10159909084873,22.787176903746882,22.887027740478516,2919100,0.0,0.0
2005-04-27 00:00:00+05:30,22.564111020764933,22.978385760997252,22.564111020764933,22.836044311523438,2047640,0.0,0.0
2005-04-28 00:00:00+05:30,22.816921564257164,23.114349167162015,22.317668956265116,22.938016891479492,4590180,0.0,0.0
2005-04-29 00:00:00+05:30,22.79143024215618,22.955016174870998,22.2220693109538,22.731945037841797,4073600,0.0,0.0
2005-05-02 00:00:00+05:30,22.73193852990645,22.95500960307255,22.73193852990645,22.93376350402832,2006060,0.0,0.0
2005-05-03 00:00:00+05:30,22.90190082724882,23.025119466495266,22.819046216009824,22.957136154174805,4413260,0.0,0.0
2005-05-04 00:00:00+05:30,22.708573901282865,22.944391386871498,22.625719284276062,22.908275604248047,1494380,0.0,0.0
2005-05-05 00:00:00+05:30,23.114350862055247,23.577487723450822,23.114350862055247,23.222698211669922,5354180,0.0,0.0
2005-05-06 00:00:00+05:30,23.231199235724095,23.231199235724095,22.795681606517043,22.984760284423828,2897540,0.0,0.0
2005-05-09 00:00:00+05:30,19.03534405772198,23.573234321287433,19.03534405772198,22.95501136779785,8703540,0.0,0.0
2005-05-10 00:00:00+05:30,22.94863803990288,23.15471291125966,22.731941738374626,22.97625732421875,4435500,0.0,0.0
2005-05-11 00:00:00+05:30,22.678833016725342,22.81692459579817,22.434517395419608,22.731945037841797,6023520,0.0,0.0
2005-05-12 00:00:00+05:30,22.731942325468506,22.94014213657673,22.39839893748956,22.49187660217285,8504740,0.0,0.0
2005-05-13 00:00:00+05:30,22.392020435425977,22.753181401783785,22.392020435425977,22.646957397460938,5353620,0.0,0.0
2005-05-16 00:00:00+05:30,22.90190023116933,23.02936873584625,22.710696663728957,22.927392959594727,2375420,0.0,0.0
2005-05-17 00:00:00+05:30,23.573236692653875,23.573236692653875,22.731942564218453,22.80842399597168,988480,0.0,0.0
2005-05-18 00:00:00+05:30,22.812669132375223,22.81691900069854,22.455756373159776,22.729814529418945,4434500,0.0,0.0
2005-05-19 00:00:00+05:30,23.148338581792885,23.15683669801892,22.90189969463759,23.076107025146484,3958280,0.0,0.0
2005-05-20 00:00:00+05:30,22.778677458677652,23.112220792490987,22.774427590509443,22.84453582763672,1009120,0.0,0.0
2005-05-23 00:00:00+05:30,22.85941008225775,23.475509757530357,22.85941008225775,23.36716079711914,2175720,0.0,0.0
2005-05-24 00:00:00+05:30,23.3735346657863,23.53287070954398,22.73194224276272,23.22057342529297,1422220,0.0,0.0
2005-05-25 00:00:00+05:30,23.250314013697157,23.250314013697157,22.82329299950647,22.95501136779785,2859780,0.0,0.0
2005-05-26 00:00:00+05:30,23.171382789240432,23.344910552304857,22.723636114709198,23.04926872253418,9312100,0.225,0.0
2005-05-27 00:00:00+05:30,23.072833216902833,23.295635151436965,22.967859778576496,23.164953231811523,4060300,0.0,0.0
2005-05-30 00:00:00+05:30,23.05998614706651,23.222803304559925,22.837184151145063,23.145679473876953,1828580,0.0,0.0
2005-05-31 00:00:00+05:30,23.30849707417093,23.30849707417093,22.88003206644326,23.117830276489258,3721540,0.0,0.0
2005-06-01 00:00:00+05:30,23.20137927943843,23.2442251235764,22.880030545011106,22.963581085205078,3363620,0.0,0.0
2005-06-02 00:00:00+05:30,23.22279986314999,23.272072415500872,22.976432198003536,23.126394271850586,2982420,0.0,0.0
2005-06-03 00:00:00+05:30,23.137107749468473,23.43703354718774,22.94429819133008,23.385618209838867,3307520,0.0,0.0
2005-06-06 00:00:00+05:30,23.287068253539633,23.86549688876981,23.18638036810445,23.704822540283203,4690360,0.0,0.0
2005-06-07 00:00:00+05:30,23.704825076125193,25.70575572545343,23.47988031039471,25.208736419677734,11003440,0.0,0.0
2005-06-08 00:00:00+05:30,25.365122539806606,25.48509218940681,24.936657637561442,25.10161590576172,7090440,0.0,0.0
2005-06-09 00:00:00+05:30,25.193745914648773,25.215168841362615,24.636741647766097,24.81241226196289,4001360,0.0,0.0
2005-06-10 00:00:00+05:30,24.850973555338165,25.236592764293004,24.42250849403923,24.692441940307617,6604900,0.0,0.0
2005-06-13 00:00:00+05:30,25.022356194972534,25.0652020404012,24.345380722842798,24.94951629638672,3202420,0.0,0.0
2005-06-14 00:00:00+05:30,25.022355255968975,25.489382145258155,24.93666193386318,25.42939567565918,4845660,0.0,0.0
2005-06-15 00:00:00+05:30,26.012105279905516,26.012105279905516,24.850965722059932,25.328704833984375,4665100,0.0,0.0
2005-06-16 00:00:00+05:30,25.365125875890204,25.665051673801575,25.279432557277797,25.5129451751709,33804280,0.0,0.0
2005-06-17 00:00:00+05:30,25.707897359186948,25.750743200999953,25.19373908511039,25.585784912109375,3939660,0.0,0.0
2005-06-20 00:00:00+05:30,25.697189356659106,25.70790163612657,25.41226135571829,25.647916793823242,4479240,0.0,0.0
2005-06-21 00:00:00+05:30,25.515091830713512,25.9221339300619,25.37155644006643,25.81930160522461,7409900,0.0,0.0
2005-06-22 00:00:00+05:30,25.874997472165777,25.874997472165777,25.06734177920896,25.281574249267578,4708380,0.0,0.0
2005-06-23 00:00:00+05:30,25.639346498763135,25.639346498763135,24.636738300795663,24.874536514282227,4977280,0.0,0.0
2005-06-24 00:00:00+05:30,25.065197349432104,25.16588686525602,24.555324692611354,24.9559383392334,3412040,0.0,0.0
2005-06-27 00:00:00+05:30,24.850967892355115,25.853575972701112,24.850967892355115,25.692901611328125,6432800,0.0,0.0
2005-06-28 00:00:00+05:30,25.6157791531335,25.6157791531335,24.947373185770477,25.279434204101562,3543380,0.0,0.0
2005-06-29 00:00:00+05:30,25.48080900074929,26.132075867242044,25.279429967807786,25.77644920349121,12991060,0.0,0.0
2005-06-30 00:00:00+05:30,25.77645582084539,27.54815797883426,25.77645582084539,27.252517700195312,23277860,0.0,0.0
2005-07-01 00:00:00+05:30,26.404153640858645,26.77906048768625,26.264902199429848,26.481277465820312,4499860,0.0,0.0
2005-07-04 00:00:00+05:30,26.6912260206248,27.2075271230138,26.56482963191899,27.076845169067383,4477220,0.0,0.0
2005-07-05 00:00:00+05:30,26.23276700602988,27.417474015229494,23.04713101573367,27.126117706298828,2953280,0.0,0.0
2005-07-06 00:00:00+05:30,27.121834143976088,27.85022497008659,26.873325294164424,27.702404022216797,4670460,0.0,0.0
2005-07-07 00:00:00+05:30,27.64028205381231,28.364385785429594,27.164685573669118,27.445329666137695,13045380,0.0,0.0
2005-07-08 00:00:00+05:30,27.593146910495523,28.0216119144817,27.51816422722652,27.927349090576172,3074900,0.0,0.0
2005-07-11 00:00:00+05:30,28.085884888773553,28.664312043296288,28.064460329042433,28.447935104370117,4453180,0.0,0.0
2005-07-12 00:00:00+05:30,28.407234122535822,28.70715834996388,27.77096326177231,28.19514274597168,6600040,0.0,0.0
2005-07-13 00:00:00+05:30,28.192997017023707,28.192997017023707,27.293219577532884,27.543872833251953,6980040,0.0,0.0
2005-07-14 00:00:00+05:30,27.543873594470075,28.06445699094157,26.950448664934164,27.644559860229492,13679400,0.0,0.0
2005-07-15 00:00:00+05:30,27.635993863818214,27.635993863818214,26.869041083698175,27.019004821777344,5006360,0.0,0.0
2005-07-18 00:00:00+05:30,27.121837627931125,27.336070155220416,26.73622005948909,26.896894454956055,10152100,0.0,0.0
2005-07-19 00:00:00+05:30,27.207526766087113,27.42175926030827,27.0532791087336,27.411046981811523,4910180,0.0,0.0
2005-07-20 00:00:00+05:30,27.55030073514081,28.921387423964767,27.271797832087294,27.48174476623535,5554700,0.0,0.0
2005-07-21 00:00:00+05:30,27.631705441616816,27.800950938071587,26.23276755372291,27.490314483642578,1608180,0.0,0.0
2005-07-22 00:00:00+05:30,27.29322351851163,27.841659884033344,26.27561904315693,27.78595733642578,12133160,0.0,0.0
2005-07-25 00:00:00+05:30,27.75167254665058,29.77831313812004,27.75167254665058,28.90638542175293,26202900,0.0,0.0
2005-07-26 00:00:00+05:30,28.921388604985538,29.4783944338382,28.87854275713425,29.060638427734375,15484700,0.0,0.0
2005-07-27 00:00:00+05:30,29.13562071651183,30.678094100659088,28.593612739696894,30.215351104736328,13549540,0.0,0.0
2005-07-28 00:00:00+05:30,30.215351104736328,30.215351104736328,30.215351104736328,30.215351104736328,0,0.0,0.0
2005-07-29 00:00:00+05:30,29.992548401034007,31.277943332506894,29.137759594790328,29.968982696533203,43754360,0.0,0.0
2005-08-01 00:00:00+05:30,29.559802136367452,29.821166071769525,28.70715762373857,28.985660552978516,6123760,0.0,0.0
2005-08-02 00:00:00+05:30,29.135615506806754,29.21916603816474,28.5143426601887,28.664304733276367,6627020,0.0,0.0
2005-08-03 00:00:00+05:30,28.75428276053514,29.52123540542531,28.70715135500521,28.996366500854492,11294380,0.0,0.0
2005-08-04 00:00:00+05:30,31.706412414435416,31.706412414435416,29.00708140131062,29.32843017578125,4080100,0.0,0.0
2005-08-05 00:00:00+05:30,29.43125743524334,29.564080519054585,28.754282053307765,28.884963989257812,4549640,0.0,0.0
2005-08-08 00:00:00+05:30,32.77757831771941,32.77757831771941,27.899502511605725,28.18229103088379,8232600,0.0,0.0
2005-08-09 00:00:00+05:30,27.63598943848333,28.475780353179815,27.63598943848333,28.034461975097656,4424020,0.0,0.0
2005-08-10 00:00:00+05:30,28.92138527326405,28.92138527326405,28.07516761720235,28.289400100708008,6420460,0.0,0.0
2005-08-11 00:00:00+05:30,28.600037143030235,28.792845074625394,28.064455923123305,28.327960968017578,13098020,0.0,0.0
2005-08-12 00:00:00+05:30,27.893073009512936,28.70715722643644,27.893073009512936,28.287260055541992,9285200,0.0,0.0
2005-08-16 00:00:00+05:30,28.621465073842305,28.621465073842305,27.550302507739357,27.730257034301758,8544660,0.0,0.0
2005-08-17 00:00:00+05:30,27.807379668404245,28.62146383725584,27.807379668404245,28.111589431762695,9712800,0.0,0.0
2005-08-18 00:00:00+05:30,28.625747092278576,28.625747092278576,28.115875938640293,28.4072322845459,3056600,0.0,0.0
2005-08-19 00:00:00+05:30,28.193000572597466,28.45007893946544,28.070886468701122,28.229419708251953,3277120,0.0,0.0
2005-08-22 00:00:00+05:30,28.83141038142947,28.83141038142947,27.978765942614075,28.175859451293945,2339700,0.0,0.0
2005-08-23 00:00:00+05:30,27.85022608227183,28.445792193901507,26.98901211796896,27.790241241455078,5191700,0.0,0.0
2005-08-24 00:00:00+05:30,27.635989032219086,28.192994769897073,26.96544197976688,27.918777465820312,11929100,0.0,0.0
2005-08-25 00:00:00+05:30,27.84593838863424,27.935915642982714,27.35106185525343,27.826658248901367,9922060,0.0,0.0
2005-08-26 00:00:00+05:30,28.235841618116094,28.445788533962197,27.008288784190018,27.194671630859375,7304740,0.0,0.0
2005-08-29 00:00:00+05:30,27.55030030864981,27.721683690403324,26.918313464416205,27.370344161987305,9024960,0.0,0.0
2005-08-30 00:00:00+05:30,27.207528796656,27.848085178997895,27.207528796656,27.70454978942871,5091500,0.0,0.0
2005-08-31 00:00:00+05:30,27.807379103323562,27.848083801278257,27.081131060398626,27.432472229003906,3057360,0.0,0.0
2005-09-01 00:00:00+05:30,27.835226796703125,27.835226796703125,26.96115945017573,27.072561264038086,2861480,0.0,0.0
2005-09-02 00:00:00+05:30,27.036138017741717,27.441037269624736,27.036138017741717,27.263225555419922,8334960,0.0,0.0
2005-09-05 00:00:00+05:30,27.2546556254663,27.593143326926832,27.2546556254663,27.43032455444336,2009020,0.0,0.0
2005-09-06 00:00:00+05:30,27.464604949265407,27.593145752638886,27.231092316434392,27.52887535095215,2086800,0.0,0.0
2005-09-08 00:00:00+05:30,27.593151508269877,28.150154144906658,27.42176482433198,28.100881576538086,3873220,0.0,0.0
2005-09-09 00:00:00+05:30,28.15014684802929,29.135617573528773,27.940199930814067,28.96637535095215,8359460,0.0,0.0
2005-09-12 00:00:00+05:30,28.964235772627724,29.13348129240586,28.32153821878719,29.022079467773438,5412500,0.0,0.0
2005-09-13 00:00:00+05:30,28.92138766339366,29.56408516702463,28.53791292455574,29.446256637573242,8343600,0.0,0.0
2005-09-14 00:00:00+05:30,29.264157818901197,29.649773664376458,28.972801517899494,29.476245880126953,9095240,0.0,0.0
2005-09-15 00:00:00+05:30,29.47838299199803,29.692615417030204,29.399114771865506,29.660478591918945,8961700,0.0,0.0
2005-09-16 00:00:00+05:30,29.906859630151548,29.906859630151548,29.405553073596433,29.664775848388672,7982860,0.0,0.0
2005-09-19 00:00:00+05:30,29.86400911661175,30.62882070875579,29.86400911661175,30.352458953857422,8056640,0.0,0.0
2005-09-20 00:00:00+05:30,30.12109164268558,31.70641087906751,30.12109164268558,31.37863540649414,13400840,0.0,0.0
2005-09-21 00:00:00+05:30,31.29079279213302,31.51573753041073,30.468140924818815,31.046567916870117,12722980,0.0,0.0
2005-09-22 00:00:00+05:30,30.84947385520759,30.868753991824406,29.328422100608844,29.641202926635742,10153360,0.0,0.0
2005-09-23 00:00:00+05:30,29.64549380049561,29.64549380049561,28.321535277250366,28.705013275146484,12744820,0.0,0.0
2005-09-26 00:00:00+05:30,28.70715047947691,29.137756559854974,28.510057002784695,29.101337432861328,7805680,0.0,0.0
2005-09-27 00:00:00+05:30,29.135623072452578,29.821166490959808,28.929958412435976,29.232027053833008,8501240,0.0,0.0
2005-09-28 00:00:00+05:30,29.564084832730455,30.16179206602016,29.264160641998796,29.821163177490234,15560220,0.0,0.0
2005-09-29 00:00:00+05:30,29.90257257308676,30.29247402103792,29.142046548604007,29.821163177490234,32939180,0.0,0.0
2005-09-30 00:00:00+05:30,29.979698683956435,29.979698683956435,27.0897008786519,29.356281280517578,8151180,0.0,0.0
2005-10-03 00:00:00+05:30,29.35628102926333,29.769751479680604,28.891396867780216,28.99208641052246,10219500,0.0,0.0
2005-10-04 00:00:00+05:30,29.56408455162018,30.635247035374533,29.56408455162018,30.416728973388672,16914460,0.0,0.0
2005-10-05 00:00:00+05:30,30.0396789990164,30.613820483821186,29.870433507008592,30.106090545654297,5747560,0.0,0.0
2005-10-06 00:00:00+05:30,29.769745059134515,29.771886206990892,28.707150584254666,29.223451614379883,8633020,0.0,0.0
2005-10-07 00:00:00+05:30,29.092777915166664,29.281300316669167,28.49292618382663,29.073497772216797,7313220,0.0,0.0
2005-10-10 00:00:00+05:30,29.67119649862599,29.67119649862599,29.135615334390863,29.489097595214844,4209660,0.0,0.0
2005-10-11 00:00:00+05:30,29.902570871537378,29.902570871537378,28.76499689073368,29.55551528930664,4694020,0.0,0.0
2005-10-13 00:00:00+05:30,29.199886679929044,29.474103983443875,28.92352495957343,29.045639038085938,6001420,0.0,0.0
2005-10-14 00:00:00+05:30,28.79284469482973,28.79284469482973,28.064455552935545,28.252981185913086,7900180,0.0,0.0
2005-10-17 00:00:00+05:30,28.49291765687126,28.49291765687126,27.464601177875274,28.038745880126953,9304820,0.0,0.0
2005-10-18 00:00:00+05:30,28.235849165389865,28.696447814570487,28.064462481184595,28.18229103088379,9193300,0.0,0.0
2005-10-19 00:00:00+05:30,27.571723140277513,28.278691070834096,27.078989352297636,27.749536514282227,5812620,0.0,0.0
2005-10-20 00:00:00+05:30,27.893071227339338,27.978766189867372,27.426045940043693,27.5888614654541,7182320,0.0,0.0
2005-10-21 00:00:00+05:30,28.278691070834096,28.278691070834096,27.50745273405807,27.749536514282227,7135200,0.0,0.0
2005-10-24 00:00:00+05:30,27.96591310908997,27.96591310908997,26.91831779956919,27.228954315185547,5399780,0.0,0.0
2005-10-25 00:00:00+05:30,27.614566228601152,27.614566228601152,26.66123231655309,27.021142959594727,10631520,0.0,0.0
2005-10-26 00:00:00+05:30,27.421760653863707,27.421760653863707,26.86475646747496,26.99757957458496,7645620,0.0,0.0
2005-10-27 00:00:00+05:30,27.036138241017266,27.117547629229804,26.573396935528347,26.761920928955078,14684500,0.0,0.0
2005-10-28 00:00:00+05:30,26.650524263173338,26.650524263173338,25.836440080787405,26.17707061767578,7971600,0.0,0.0
2005-10-31 00:00:00+05:30,26.23490664388398,26.82190312190004,25.8792816130733,25.99282455444336,8748100,0.0,0.0
2005-11-02 00:00:00+05:30,26.372021829264746,27.841658622847262,26.372021829264746,26.594823837280273,11421500,0.0,0.0
2005-11-04 00:00:00+05:30,26.594823837280273,26.594823837280273,26.594823837280273,26.594823837280273,0,0.0,0.0
2005-11-07 00:00:00+05:30,26.779061662589317,27.207526649190747,26.39772808602832,26.78977394104004,99692920,0.0,0.0
2005-11-08 00:00:00+05:30,27.205383343202023,27.464604458973014,26.920455374786616,27.3360652923584,13195860,0.0,0.0
2005-11-09 00:00:00+05:30,27.55029932966978,27.76238740117832,26.73407243701956,27.0747013092041,16626560,0.0,0.0
2005-11-10 00:00:00+05:30,27.036135574537283,27.20752219490494,26.738352588358037,27.029708862304688,13405880,0.0,0.0
2005-11-11 00:00:00+05:30,27.02971401545329,27.421759881023725,26.875466354608253,27.216096878051758,15625240,0.0,0.0
2005-11-14 00:00:00+05:30,27.721686651589334,29.221314284619673,27.507454132585,28.953523635864258,18391580,0.0,0.0
2005-11-16 00:00:00+05:30,28.921384853648213,29.992547255635184,28.794988474756526,29.561941146850586,11577600,0.0,0.0
2005-11-17 00:00:00+05:30,29.77831172863396,29.994685334884092,29.574791546864127,29.94327163696289,8169620,0.0,0.0
2005-11-18 00:00:00+05:30,29.99254815349773,30.292472327461375,29.82544707529965,29.964696884155273,3552720,0.0,0.0
2005-11-21 00:00:00+05:30,29.96469529653128,29.96469529653128,28.964230028404522,29.12061882019043,7852600,0.0,0.0
2005-11-22 00:00:00+05:30,29.26416047284469,29.645494056968673,28.884968036881947,29.02850341796875,8413820,0.0,0.0
2005-11-23 00:00:00+05:30,29.09277160297532,29.77831488908221,28.96423080667417,29.54265785217285,4754700,0.0,0.0
2005-11-24 00:00:00+05:30,30.163931932492428,30.163931932492428,29.392693745636105,29.6112117767334,7971480,0.0,0.0
2005-11-25 00:00:00+05:30,29.692618724134405,29.941125880465144,29.617636059450774,29.89185333251953,5589960,0.0,0.0
2005-11-28 00:00:00+05:30,29.949713369849274,30.163945935772475,29.649785816199074,29.808319091796875,4772240,0.0,0.0
2005-11-29 00:00:00+05:30,29.85544017216908,29.85544017216908,29.14633114771575,29.345565795898438,4299060,0.0,0.0
2005-11-30 00:00:00+05:30,29.392691799322932,30.078234992840194,29.180603763677414,29.431255340576172,7706280,0.0,0.0
2005-12-01 00:00:00+05:30,29.439835313775145,29.996841226467755,28.985663374118463,29.85330581665039,4733020,0.0,0.0
2005-12-02 00:00:00+05:30,29.99254504339976,30.588111033461598,29.778312578804044,29.936845779418945,6731780,0.0,0.0
2005-12-05 00:00:00+05:30,29.992541528536034,30.03538736264842,29.349844210067403,29.452674865722656,3044960,0.0,0.0
2005-12-06 00:00:00+05:30,29.22131374927558,29.73118818122205,29.009225651461257,29.176326751708984,3001160,0.0,0.0
2005-12-07 00:00:00+05:30,29.1806047183962,29.89828149566531,29.178460301689427,29.73546600341797,3881460,0.0,0.0
2005-12-08 00:00:00+05:30,29.735466892119806,29.84258312496683,29.41840375819245,29.489097595214844,7073840,0.0,0.0
2005-12-09 00:00:00+05:30,29.564085247834438,29.76974988788707,29.135620244242634,29.4783935546875,3558000,0.0,0.0
2005-12-12 00:00:00+05:30,29.69262809473131,30.035398159777046,29.30915005959284,29.4591121673584,6600580,0.0,0.0
2005-12-13 00:00:00+05:30,29.735472609448273,30.163937623218626,29.362706870653756,29.769750595092773,11441960,0.0,0.0
2005-12-14 00:00:00+05:30,29.86401318987045,30.97802495412911,29.834020766612966,30.789499282836914,16593580,0.0,0.0
2005-12-15 00:00:00+05:30,31.020864397935714,31.449329366777565,30.031108097039798,30.159648895263672,5990720,0.0,0.0
2005-12-16 00:00:00+05:30,30.05681435444094,30.4081554529716,29.48266967015257,30.028963088989258,10172760,0.0,0.0
2005-12-19 00:00:00+05:30,30.29247384329033,30.63310599875003,29.864008848228636,30.48957061767578,6324660,0.0,0.0
2005-12-20 00:00:00+05:30,30.5281329067636,31.7492575692484,30.463862499489935,31.511459350585938,12918100,0.0,0.0
2005-12-21 00:00:00+05:30,31.89493516375035,32.04918282293214,30.900896509539084,31.147262573242188,8525720,0.0,0.0
2005-12-22 00:00:00+05:30,31.277949013251902,32.006338299139614,31.063716485763877,31.798532485961914,5801320,0.0,0.0
2005-12-23 00:00:00+05:30,31.749251788934075,32.07060049786848,30.63524358508041,30.862329483032227,4688620,0.0,0.0
2005-12-26 00:00:00+05:30,30.763788229470272,31.055144559487736,29.99254992385683,30.352458953857422,4794700,0.0,0.0
2005-12-27 00:00:00+05:30,30.07824161606787,30.630961856936082,29.996835489145937,30.352458953857422,4711060,0.0,0.0
2005-12-28 00:00:00+05:30,30.763785836920235,31.14940169080846,30.007545434168467,30.106090545654297,6511700,0.0,0.0
2005-12-29 00:00:00+05:30,30.421014055603596,30.528130302278257,30.163935717370094,30.26890754699707,4745080,0.0,0.0
2005-12-30 00:00:00+05:30,30.54955728488319,30.54955728488319,30.131801274538574,30.36745834350586,4254200,0.0,0.0
2006-01-02 00:00:00+05:30,30.367453347822533,30.847335268898554,30.292470673960356,30.568832397460938,5371040,0.0,0.0
2006-01-03 00:00:00+05:30,29.135619249476385,30.763787515106735,29.135619249476385,30.562408447265625,2565580,0.0,0.0
2006-01-04 00:00:00+05:30,30.84948629126913,31.49432507095962,30.592407892627726,31.365787506103516,10739840,0.0,0.0
2006-01-05 00:00:00+05:30,31.363633581677142,31.83494765007344,31.074421696719273,31.684982299804688,7707000,0.0,0.0
2006-01-06 00:00:00+05:30,31.70641072566216,33.20603825998402,31.277945715855914,32.946815490722656,17233720,0.0,0.0
2006-01-09 00:00:00+05:30,32.48621525766717,33.120344878201806,31.706409110305973,32.77114486694336,11035400,0.0,0.0
2006-01-10 00:00:00+05:30,32.773287531685156,32.991805600965584,31.93349650865928,32.064178466796875,13599600,0.0,0.0
2006-01-12 00:00:00+05:30,32.06417699329508,32.511922121332155,31.706409120490687,31.9913387298584,7899020,0.0,0.0
2006-01-13 00:00:00+05:30,32.254851842068014,32.254851842068014,31.106565256230358,31.273666381835938,6765760,0.0,0.0
2006-01-16 00:00:00+05:30,31.66355347473716,32.01060896162992,31.149393686788795,31.76638412475586,6856240,0.0,0.0
2006-01-17 00:00:00+05:30,31.74924493764181,32.26126030596374,31.74924493764181,32.092018127441406,5220240,0.0,0.0
2006-01-18 00:00:00+05:30,31.877798716511727,32.24199333629207,30.853767561763725,31.907791137695312,12489720,0.0,0.0
2006-01-19 00:00:00+05:30,31.907790148591793,31.907790148591793,30.862334467293937,31.21153450012207,12867000,0.0,0.0
2006-01-20 00:00:00+05:30,31.299367351857263,31.877794407308922,30.939455077377996,31.07013702392578,9704300,0.0,0.0
2006-01-23 00:00:00+05:30,31.08513988129354,31.269379978786745,30.03539857457968,30.82805824279785,8355020,0.0,0.0
2006-01-24 00:00:00+05:30,30.93516720305238,31.235094620883405,30.573117076493816,30.673803329467773,12690180,0.0,0.0
2006-01-25 00:00:00+05:30,30.68880612523966,31.235099662930164,30.555983019131716,30.802349090576172,17554040,0.0,0.0
2006-01-27 00:00:00+05:30,31.91207318589665,32.13487353742766,31.322933837710476,31.5821533203125,13302280,0.0,0.0
2006-01-30 00:00:00+05:30,31.582153045152637,32.08988299656331,31.45361551347984,31.8585147857666,6622920,0.0,0.0
2006-01-31 00:00:00+05:30,31.543587868676852,32.83755045927316,31.277938447514078,32.66830825805664,12300080,0.0,0.0
2006-02-01 00:00:00+05:30,32.77756858529561,33.16318769302589,31.49217373881343,31.65498924255371,12744080,0.0,0.0
2006-02-02 00:00:00+05:30,31.654989883536576,32.22056349668393,31.537164635365706,31.684982299804688,9553120,0.0,0.0
2006-02-03 00:00:00+05:30,31.449333747626525,31.691414265872417,31.042290009169157,31.35721206665039,5538040,0.0,0.0
2006-02-06 00:00:00+05:30,31.357210376307574,32.134875407219425,31.106558740402694,31.91207504272461,11492980,0.0,0.0
2006-02-07 00:00:00+05:30,31.535022064636745,33.206036150512745,31.50074408148695,33.0239372253418,17486980,0.0,0.0
2006-02-08 00:00:00+05:30,33.0774897629506,33.0774897629506,32.134868267993916,32.66830825805664,6704440,0.0,0.0
2006-02-10 00:00:00+05:30,32.94466623668938,33.077489310992,32.229130630908216,32.65116882324219,12122420,0.0,0.0
2006-02-13 00:00:00+05:30,32.17771369929909,32.64902444083168,31.837084884498193,31.98276138305664,5819760,0.0,0.0
2006-02-14 00:00:00+05:30,32.177725926426625,32.561203992570036,31.67213701584722,32.04490280151367,11979880,0.0,0.0
2006-02-15 00:00:00+05:30,32.092031203676605,32.349109566311874,31.577871209477316,31.86708641052246,8121820,0.0,0.0
2006-02-16 00:00:00+05:30,31.867079891656573,32.9446689535375,31.547872334751254,32.56333541870117,9489300,0.0,0.0
2006-02-17 00:00:00+05:30,32.88469347917243,32.88469347917243,31.556452441942792,31.807104110717773,9582640,0.0,0.0
2006-02-20 00:00:00+05:30,31.706407972938994,31.916354894216635,30.849478027724427,30.943740844726562,10184960,0.0,0.0
2006-02-21 00:00:00+05:30,31.277947550862365,31.277947550862365,30.956598774654875,31.055147171020508,7511140,0.0,0.0
2006-02-22 00:00:00+05:30,31.05514397355955,31.26509090376542,30.915890890183295,31.134408950805664,6388940,0.0,0.0
2006-02-23 00:00:00+05:30,30.935174137856944,31.226530491645832,30.506709103986744,30.933032989501953,22109140,0.0,0.0
2006-02-24 00:00:00+05:30,30.943740844999827,30.943740844999827,30.249626412555703,30.483139038085938,19275300,0.0,0.0
2006-02-27 00:00:00+05:30,30.853755094885443,31.350772626376603,30.680227351801733,31.19866943359375,6295700,0.0,0.0
2006-02-28 00:00:00+05:30,31.464327498364195,31.877797939888403,31.010155626097863,31.58429718017578,9854140,0.0,0.0
2006-03-01 00:00:00+05:30,31.492176575873277,32.13487405701355,31.06371158844643,31.999906539916992,9687980,0.0,0.0
2006-03-02 00:00:00+05:30,32.13058965872229,32.56334022703952,31.494318867771774,32.48835754394531,10085820,0.0,0.0
2006-03-03 00:00:00+05:30,32.56334476185885,32.65974874717066,32.00848329026224,32.55049133300781,9819440,0.0,0.0
2006-03-06 00:00:00+05:30,32.56334138764239,32.734728048731505,32.39195472655327,32.567626953125,6337520,0.0,0.0
2006-03-07 00:00:00+05:30,32.10275094407433,32.73473635253522,32.10275094407433,32.46694564819336,11025360,0.0,0.0
2006-03-08 00:00:00+05:30,32.34910564280098,32.98109082773229,31.706408179698975,32.56547927856445,16202260,0.0,0.0
2006-03-09 00:00:00+05:30,31.931355970478332,32.54191665690762,31.663565335484265,32.1434440612793,14531960,0.0,0.0
2006-03-10 00:00:00+05:30,32.2205556219207,32.751854393002816,31.9270582438192,32.092018127441406,15856220,0.0,0.0
2006-03-13 00:00:00+05:30,32.346969691194545,33.20604092806758,31.320794079656036,32.95967483520508,10989660,0.0,0.0
2006-03-14 00:00:00+05:30,33.24888426310093,33.24888426310093,32.149873730665504,32.64903259277344,7331980,0.0,0.0
2006-03-16 00:00:00+05:30,32.35338825108176,33.077491770463,32.35338825108176,32.88896942138672,12118500,0.0,0.0
2006-03-17 00:00:00+05:30,33.07749151525774,33.07749151525774,32.27411976599861,32.74543380737305,4807020,0.0,0.0
2006-03-20 00:00:00+05:30,32.77757031266117,33.206035284068506,32.520491983602426,32.8011360168457,10559760,0.0,0.0
2006-03-21 00:00:00+05:30,33.12034415524172,33.12034415524172,32.177719240910896,32.340538024902344,6651520,0.0,0.0
2006-03-22 00:00:00+05:30,32.21627835789895,32.777566356642026,32.137010124884455,32.449790954589844,8610360,0.0,0.0
2006-03-23 00:00:00+05:30,32.10059926150391,32.520496429212244,31.633573947912307,31.789962768554688,5685020,0.0,0.0
2006-03-24 00:00:00+05:30,32.13059078091625,32.13059078091625,31.280087458767348,31.48575210571289,6767380,0.0,0.0
2006-03-27 00:00:00+05:30,32.94038451661078,32.94038451661078,31.492174147590166,31.631423950195312,36594320,0.0,0.0
2006-03-28 00:00:00+05:30,31.325089408687337,32.006347472264174,30.89233866383363,31.822107315063477,6186960,0.0,0.0
2006-03-29 00:00:00+05:30,31.79209468058908,32.13486791256085,31.556440943920318,31.974193572998047,6608660,0.0,0.0
2006-03-30 00:00:00+05:30,31.792112805076172,34.791368853439195,31.792112805076172,33.39885711669922,12539560,0.0,0.0
2006-03-31 00:00:00+05:30,33.20603416845269,33.634499125464984,32.563336732934246,33.17390060424805,9886800,0.0,0.0
2006-04-03 00:00:00+05:30,33.17390397642494,33.45883032514449,32.649031735588274,33.15676498413086,6365740,0.0,0.0
2006-04-04 00:00:00+05:30,33.33457338727711,35.94606443091235,33.33457338727711,35.6847038269043,13883040,0.0,0.0
2006-04-05 00:00:00+05:30,35.94821333881099,36.248137524440054,35.64828588425346,36.033905029296875,7771640,0.0,0.0
2006-04-07 00:00:00+05:30,35.879660114521776,36.590913621862924,34.320047692150816,35.03558349609375,7324740,0.0,0.0
2006-04-10 00:00:00+05:30,35.091278142439954,35.98676826995145,34.7056590547131,35.361209869384766,4238640,0.0,0.0
2006-04-12 00:00:00+05:30,35.30551251871989,35.34835835991598,34.3735999452963,34.66281509399414,5791500,0.0,0.0
2006-04-13 00:00:00+05:30,34.66281472516267,35.00558472001225,33.86158410071598,34.44643783569336,7893600,0.0,0.0
2006-04-17 00:00:00+05:30,34.499997623216686,35.2219633137817,34.073677074170355,34.90275573730469,7736800,0.0,0.0
2006-04-18 00:00:00+05:30,35.305516428561255,36.0767514622842,35.305516428561255,35.75326156616211,6102860,0.0,0.0
2006-04-19 00:00:00+05:30,35.997491016158875,36.74944600422356,35.991064301905,36.35525894165039,9822560,0.0,0.0
2006-04-20 00:00:00+05:30,36.39810440127998,36.63376148448271,35.5733111479282,36.41952896118164,7620100,0.0,0.0
2006-04-21 00:00:00+05:30,35.88394907593659,37.062228000818095,35.88394907593659,36.36168670654297,28008920,0.0,0.0
2006-04-24 00:00:00+05:30,36.09817303873579,36.32097338058709,34.66281607020968,35.23695755004883,11868720,0.0,0.0
2006-04-25 00:00:00+05:30,35.26695103127732,35.776825397368754,35.13412793514057,35.3333625793457,17786760,0.0,0.0
2006-04-26 00:00:00+05:30,35.34836860114797,36.505222993250264,35.19626206156574,35.86466979980469,18299760,0.0,0.0
2006-04-27 00:00:00+05:30,35.86251775434448,36.59091018649312,34.54498923974868,35.314083099365234,18850140,0.0,0.0
2006-04-28 00:00:00+05:30,34.2343438313884,35.176965239596186,31.744960709120015,35.02057647705078,19290100,0.0,0.0
2006-05-02 00:00:00+05:30,35.948205913273256,37.3192922914037,35.60543268427676,36.475215911865234,17044980,0.0,0.0
2006-05-03 00:00:00+05:30,36.54806314791528,37.44783892865157,36.42380791468609,36.9850959777832,8016660,0.0,0.0
2006-05-04 00:00:00+05:30,36.41952730472894,38.34333436117281,36.25028505734737,37.865596771240234,9527480,0.0,0.0
2006-05-05 00:00:00+05:30,37.70491552180883,38.17622631204581,36.895117029502416,37.647071838378906,9352040,0.0,0.0
2006-05-08 00:00:00+05:30,38.047681705173844,38.34760580614249,37.06221119811537,37.53780746459961,32176720,0.0,0.0
2006-05-09 00:00:00+05:30,37.74991984881459,38.3004958137744,36.33384253348611,36.533077239990234,14694840,0.0,0.0
2006-05-10 00:00:00+05:30,36.63376144244907,37.696356195131855,36.567349883330564,37.321449279785156,18600680,0.0,0.0
2006-05-11 00:00:00+05:30,37.47020660250471,37.89276864779449,36.00416796744698,37.53488540649414,6720720,0.275,0.0
2006-05-12 00:00:00+05:30,37.08212777915495,37.89707195205575,36.70699344174832,37.741844177246094,4342920,0.0,0.0
2006-05-15 00:00:00+05:30,37.38396154008109,37.7289129169158,35.8338449670142,36.37282943725586,7634320,0.0,0.0
2006-05-16 00:00:00+05:30,36.21975627157045,36.65094384623201,35.40049922177348,36.5517692565918,7620200,0.0,0.0
2006-05-17 00:00:00+05:30,37.29772867151395,37.29772867151395,35.65921441977536,36.40517044067383,6975220,0.0,0.0
2006-05-18 00:00:00+05:30,36.09039969717771,36.39223298174026,34.66748263464072,35.342288970947266,10689980,0.0,0.0
2006-05-19 00:00:00+05:30,35.961046333105465,36.00416443496776,32.99447355329514,34.911102294921875,9194180,0.0,0.0
2006-05-22 00:00:00+05:30,34.92619967733463,35.96105069608469,30.614323173959985,33.93231201171875,7656500,0.0,0.0
2006-05-23 00:00:00+05:30,34.279421217861106,34.49501506199859,32.037246554711594,33.684383392333984,10653680,0.0,0.0
2006-05-24 00:00:00+05:30,34.10694217043899,34.45189360342044,32.209715868442366,33.141082763671875,24265960,0.0,0.0
2006-05-25 00:00:00+05:30,32.384344125815645,34.06381827560695,31.39907894220564,32.690486907958984,17455920,0.0,0.0
2006-05-26 00:00:00+05:30,32.77024860323272,34.02069295787491,32.339061121611245,33.37175369262695,6039860,0.0,0.0
2006-05-29 00:00:00+05:30,33.63263382410148,33.97758523048525,32.68617714487023,32.95566940307617,4832680,0.0,0.0
2006-05-30 00:00:00+05:30,33.12382059605547,33.12382059605547,31.308521781454903,32.3433723449707,5578720,0.0,0.0
2006-05-31 00:00:00+05:30,31.573711987894548,33.41703967295573,30.840694369013093,32.13209915161133,12457300,0.0,0.0
2006-06-01 00:00:00+05:30,32.77025683580445,33.30924132323545,31.606051658833604,31.84967041015625,10589920,0.0,0.0
2006-06-02 00:00:00+05:30,31.907890203330528,33.41704717240697,31.649178238000502,32.988014221191406,8813740,0.0,0.0
2006-06-05 00:00:00+05:30,32.899608483073585,33.373914088356635,31.48100117376091,31.88200569152832,6723300,0.0,0.0
2006-06-06 00:00:00+05:30,31.69229510362029,31.69229510362029,30.840700076803344,31.157623291015625,3770720,0.0,0.0
2006-06-07 00:00:00+05:30,31.118804147936924,31.46375549776411,30.614315512817065,31.07784080505371,4635600,0.0,0.0
2006-06-08 00:00:00+05:30,30.65743788613815,31.261101187702824,27.596006565696285,29.866209030151367,14506360,0.0,0.0
2006-06-09 00:00:00+05:30,29.62258388750434,31.045504143284894,28.512277242704357,30.730735778808594,7441120,0.0,0.0
2006-06-12 00:00:00+05:30,30.954944274214906,31.383976927514063,28.680430049425937,29.848947525024414,7149800,0.0,0.0
2006-06-13 00:00:00+05:30,28.932685996456065,29.228051726123734,27.59600515471461,28.098339080810547,7793300,0.0,0.0
2006-06-14 00:00:00+05:30,27.94095561766386,29.010298940067997,26.526659281421225,27.550729751586914,19552540,0.0,0.0
2006-06-15 00:00:00+05:30,27.768480584386406,31.252476992015165,27.768480584386406,30.083955764770508,15544960,0.0,0.0
2006-06-16 00:00:00+05:30,30.614325884537188,33.05053698258492,30.614325884537188,31.670734405517578,24585060,0.0,0.0
2006-06-19 00:00:00+05:30,30.37716030885478,31.912190159534894,30.37716030885478,31.748336791992188,3769620,0.0,0.0
2006-06-20 00:00:00+05:30,31.045509805970482,31.34733983542607,30.193914882427386,30.569046020507812,5362620,0.0,0.0
2006-06-21 00:00:00+05:30,30.82990993322329,30.920458924277156,30.269364800375616,30.573352813720703,4450520,0.0,0.0
2006-06-22 00:00:00+05:30,32.11485981284182,32.770263638136136,31.261106760064077,31.517663955688477,3886540,0.0,0.0
2006-06-23 00:00:00+05:30,30.39009830229235,32.3606251659732,30.29523652015064,32.313194274902344,5514720,0.0,0.0
2006-06-26 00:00:00+05:30,31.27188083578027,33.28768085894602,31.27188083578027,32.83924865722656,15341120,0.0,0.0
2006-06-27 00:00:00+05:30,32.33906114438751,32.765935830377586,31.519804270789805,31.953149795532227,7523400,0.0,0.0
2006-06-28 00:00:00+05:30,33.41704042807344,33.41704042807344,31.13390277803189,31.33224868774414,10551840,0.0,0.0
2006-06-29 00:00:00+05:30,31.907879652367978,32.81337287645463,31.526277738112164,32.311038970947266,21540020,0.0,0.0
2006-06-30 00:00:00+05:30,32.55897640880496,35.13316689226868,32.55897640880496,34.320377349853516,12039800,0.0,0.0
2006-07-03 00:00:00+05:30,34.49501688315952,34.49501688315952,33.244571863204754,33.567962646484375,10040440,0.0,0.0
2006-07-04 00:00:00+05:30,33.63263725666253,34.061670159805814,33.63263725666253,33.945247650146484,4172900,0.0,0.0
2006-07-05 00:00:00+05:30,33.63263746210462,35.18491237933852,33.54855600003739,34.814090728759766,12820100,0.0,0.0
2006-07-06 00:00:00+05:30,34.516571073341765,34.70844943697011,33.934465141486726,34.49501037597656,7704840,0.0,0.0
2006-07-07 00:00:00+05:30,34.58124577341231,34.92404243114062,32.38218957155949,33.60245132446289,3791100,0.0,0.0
2006-07-10 00:00:00+05:30,33.248886270165045,33.63264308838202,32.89962526002858,33.5722770690918,2795580,0.0,0.0
2006-07-11 00:00:00+05:30,33.41919211203923,33.41919211203923,32.55681695440214,32.83708953857422,2273680,0.0,0.0
2006-07-12 00:00:00+05:30,29.32075438792904,33.287678665710004,29.32075438792904,32.821998596191406,6166200,0.0,0.0
2006-07-13 00:00:00+05:30,32.59778084278998,32.98585032811967,32.02214581025937,32.18168640136719,4184100,0.0,0.0
2006-07-14 00:00:00+05:30,32.1665966854656,32.1665966854656,30.85578588957615,31.446514129638672,9449000,0.0,0.0
2006-07-17 00:00:00+05:30,31.476690742027476,31.476690742027476,30.28014464834604,30.504364013671875,10783540,0.0,0.0
2006-07-18 00:00:00+05:30,30.39872125334971,30.78679069324733,30.226245581206342,30.62509536743164,8153400,0.0,0.0
2006-07-19 00:00:00+05:30,30.700548849686346,31.002382075133845,29.842486641174744,30.062393188476562,5204760,0.0,0.0
2006-07-20 00:00:00+05:30,30.657439564288538,31.90788433818452,30.657439564288538,31.323623657226562,8917160,0.0,0.0
2006-07-21 00:00:00+05:30,30.829910450674355,31.34733420529518,30.398722891923665,30.60784912109375,6075420,0.0,0.0
2006-07-24 00:00:00+05:30,30.398732529522466,31.793624987492947,29.851125603764068,31.455141067504883,5664600,0.0,0.0
2006-07-25 00:00:00+05:30,31.907885417647112,33.19713554246019,31.907885417647112,33.02897262573242,9657240,0.0,0.0
2006-07-26 00:00:00+05:30,32.55897431678945,33.80510613033833,32.38649863092903,33.68006134033203,7089160,0.0,0.0
2006-07-27 00:00:00+05:30,33.84822560800895,34.27941319537212,33.21222457458832,33.98405075073242,17956240,0.0,0.0
2006-07-28 00:00:00+05:30,33.589511847302624,34.55105827146699,33.41703616400004,34.30097198486328,12997020,0.0,0.0
2006-07-31 00:00:00+05:30,34.279415130615234,34.710602742321086,34.10262663075964,34.279415130615234,7149520,0.0,0.0
2006-08-01 00:00:00+05:30,34.32253045908091,34.32253045908091,33.42135000252676,33.68221664428711,4727080,0.0,0.0
2006-08-02 00:00:00+05:30,33.50543366876037,33.93446323074595,32.94488846583303,33.62185287475586,12695780,0.0,0.0
2006-08-03 00:00:00+05:30,33.63694319504556,34.71059932125788,33.63694319504556,34.40230178833008,7324740,0.0,0.0
2006-08-04 00:00:00+05:30,34.408768714002,34.62004969796218,33.93445976472401,34.51225280761719,4704860,0.0,0.0
2006-08-07 00:00:00+05:30,34.11771945310486,34.710602413585356,34.11771945310486,34.64592361450195,14445100,0.0,0.0
2006-08-08 00:00:00+05:30,34.883070670655435,35.18058781942942,34.667476912851264,35.079261779785156,3438540,0.0,0.0
2006-08-09 00:00:00+05:30,35.31426881381879,35.31426881381879,34.62867874703468,34.87661361694336,6521840,0.0,0.0
2006-08-10 00:00:00+05:30,35.25820749233163,35.25820749233163,34.41308021775473,34.730003356933594,4101960,0.0,0.0
2006-08-11 00:00:00+05:30,34.936975734154004,35.18490728675674,34.63083293479139,34.9542236328125,2699400,0.0,0.0
2006-08-14 00:00:00+05:30,34.84427480916594,35.098677246929604,34.553225103655166,34.81624984741211,1755060,0.0,0.0
2006-08-16 00:00:00+05:30,35.702328815504146,37.487444927309376,35.277608835092295,36.48493194580078,13071100,0.0,0.0
2006-08-17 00:00:00+05:30,36.646633741319256,36.864385587926805,36.00416512899579,36.592735290527344,9866860,0.0,0.0
2006-08-18 00:00:00+05:30,36.305986692972475,36.59488482219323,35.83814864367936,36.267181396484375,4090560,0.0,0.0
2006-08-21 00:00:00+05:30,35.32288780837307,36.26287691876265,35.32288780837307,36.11411666870117,3671260,0.0,0.0
2006-08-22 00:00:00+05:30,36.34695113929081,37.5133141681859,35.795031641099335,37.02607345581055,8039200,0.0,0.0
2006-08-23 00:00:00+05:30,37.08213287803541,37.513320469640476,36.40085569377135,36.77814483642578,3791960,0.0,0.0
2006-08-24 00:00:00+05:30,36.43535363207373,36.98296045812901,36.00416601512611,36.79539489746094,4452800,0.0,0.0
2006-08-25 00:00:00+05:30,36.888105916225705,36.888105916225705,36.284442529583224,36.65095138549805,5397320,0.0,0.0
2006-08-28 00:00:00+05:30,36.64663222100337,36.65094501800391,36.21975742955681,36.45475387573242,3380620,0.0,0.0
2006-08-29 00:00:00+05:30,36.560396019194044,37.084287360101165,36.26503357381185,36.45475387573242,4381540,0.0,0.0
2006-08-30 00:00:00+05:30,36.219757080078125,36.93121725209112,36.05374893901171,36.219757080078125,3962340,0.0,0.0
2006-08-31 00:00:00+05:30,36.30600361428155,37.03902469001762,36.135685917481474,36.739349365234375,10372740,0.0,0.0
2006-09-01 00:00:00+05:30,36.75873974896702,37.94450554732079,36.73717905493511,37.78281021118164,7465120,0.0,0.0
2006-09-04 00:00:00+05:30,37.836711237769826,38.23771583033933,37.78281278871317,37.95744323730469,2692780,0.0,0.0
2006-09-05 00:00:00+05:30,37.51332182804024,37.987627538040904,37.51332182804024,37.715980529785156,2327620,0.0,0.0
2006-09-06 00:00:00+05:30,37.94450374983852,38.112666628281126,37.09506376454129,37.25460433959961,5832640,0.0,0.0
2006-09-07 00:00:00+05:30,36.935529728218455,36.99589572631821,36.31461855953502,36.5970458984375,11533820,0.0,0.0
2006-09-08 00:00:00+05:30,36.73718709584898,36.75874779460002,36.28659678337884,36.616455078125,7094020,0.0,0.0
2006-09-11 00:00:00+05:30,36.82340969549004,36.866527783495805,35.1848960336772,35.47810363769531,16124040,0.0,0.0
2006-09-12 00:00:00+05:30,35.99554529291001,36.64448150065648,35.1482598777102,36.24347686767578,13062940,0.0,0.0
2006-09-13 00:00:00+05:30,36.694062637397955,38.33257676787597,36.53021254023023,37.67716979980469,10416500,0.0,0.0
2006-09-14 00:00:00+05:30,37.728913231353026,37.858270821169164,37.12956275862526,37.31928634643555,4153120,0.0,0.0
2006-09-15 00:00:00+05:30,37.64268092971935,38.24634097217859,37.43786417634871,37.85396194458008,6452060,0.0,0.0
2006-09-18 00:00:00+05:30,37.57368912728714,38.244186011252594,37.56722157613156,38.07602310180664,3088820,0.0,0.0
2006-09-19 00:00:00+05:30,37.94451952654718,38.24634961599149,37.73970601658846,37.98979568481445,5656640,0.0,0.0
2006-09-20 00:00:00+05:30,37.72892267582043,37.97254477208862,36.78462058700129,37.75910568237305,4892100,0.0,0.0
2006-09-21 00:00:00+05:30,38.114826754494,38.14716779856871,37.64267909212648,38.09326934814453,4567980,0.0,0.0
2006-09-22 00:00:00+05:30,37.94882383623391,38.54817437242174,37.21149339149279,37.765567779541016,5001060,0.0,0.0
2006-09-25 00:00:00+05:30,37.08213408310976,38.19890840260305,36.92043873100317,37.87120819091797,5376480,0.0,0.0
2006-09-26 00:00:00+05:30,37.94451700518376,38.502904278402255,37.5650730194243,38.3174934387207,7099660,0.0,0.0
2006-09-27 00:00:00+05:30,38.591287728065225,39.02247530044584,38.46408818374097,38.77454376220703,8805340,0.0,0.0
2006-09-28 00:00:00+05:30,38.97719813579347,41.165476982062756,38.8521566380181,40.06163787841797,17390220,0.0,0.0
2006-09-29 00:00:00+05:30,40.31603874117922,40.57475063131093,39.453663580940095,39.89994430541992,5290540,0.0,0.0
2006-10-03 00:00:00+05:30,40.10044957644106,40.10044957644106,39.51834693407799,39.65848159790039,4448160,0.0,0.0
2006-10-04 00:00:00+05:30,39.539905586049855,39.664950397406734,38.2161596523279,38.38216781616211,8581240,0.0,0.0
2006-10-05 00:00:00+05:30,38.81982029063563,40.359159938195084,38.72064898183036,40.1435661315918,8565920,0.0,0.0
2006-10-06 00:00:00+05:30,40.488516329513075,40.747228231774756,40.15003248419298,40.262142181396484,4394920,0.0,0.0
2006-10-09 00:00:00+05:30,39.8848455927508,40.31387835936472,39.8848455927508,40.096126556396484,3071960,0.0,0.0
2006-10-10 00:00:00+05:30,40.1004488247398,40.74723025739689,40.1004488247398,40.44540023803711,2897020,0.0,0.0
2006-10-11 00:00:00+05:30,40.734290875351505,41.911431116879015,40.6200264307633,41.6462516784668,6854880,0.0,0.0
2006-10-12 00:00:00+05:30,41.70662560517743,41.70662560517743,40.87659133649077,41.357364654541016,9512260,0.0,0.0
2006-10-13 00:00:00+05:30,42.15722276990927,43.1166180976268,42.12703976050094,42.59056854248047,6900340,0.0,0.0
2006-10-16 00:00:00+05:30,43.075637781143165,45.919320257720635,42.773804516169584,45.22294998168945,19710100,0.0,0.0
2006-10-17 00:00:00+05:30,45.23156793681538,45.79210969476443,42.92902505106018,43.455074310302734,30601940,0.0,0.0
2006-10-18 00:00:00+05:30,44.369207472655255,44.369207472655255,42.06450908017438,42.24991989135742,27611500,0.0,0.0
2006-10-19 00:00:00+05:30,42.428865504579804,43.032528873752625,41.17842065908626,41.54492950439453,11480720,0.0,0.0
2006-10-20 00:00:00+05:30,42.08391033428408,42.20464233946708,41.102957857621554,41.40047836303711,9954600,0.0,0.0
2006-10-23 00:00:00+05:30,41.40478810512644,41.945927334749705,41.18919431472193,41.80363464355469,3487420,0.0,0.0
2006-10-26 00:00:00+05:30,41.6096036354926,43.33435404525395,41.6096036354926,43.110137939453125,22114980,0.0,0.0
2006-10-27 00:00:00+05:30,43.334350236008866,43.67930160351881,42.782430679753,43.08857345581055,9061660,0.0,0.0
2006-10-30 00:00:00+05:30,42.700512964857715,44.71415852496046,42.226207202113926,44.384300231933594,9888180,0.0,0.0
2006-10-31 00:00:00+05:30,44.75295978536328,44.75295978536328,43.16187654601974,43.31710433959961,8675460,0.0,0.0
2006-11-01 00:00:00+05:30,43.739669834858056,43.894897629201026,42.86866906774472,43.073482513427734,4095260,0.0,0.0
2006-11-02 00:00:00+05:30,42.946275555056786,43.890577259431986,42.515088042878105,43.57365417480469,5641880,0.0,0.0
2006-11-03 00:00:00+05:30,43.409815875428265,43.636186748944844,42.94628720032645,43.18559646606445,4321760,0.0,0.0
2006-11-06 00:00:00+05:30,43.549957258892725,43.58014026599896,42.916110819960636,43.07133865356445,2223120,0.0,0.0
2006-11-07 00:00:00+05:30,43.33435699584454,43.96820334094181,42.77381175862503,42.89670181274414,5534540,0.0,0.0
2006-11-08 00:00:00+05:30,43.095040345065755,43.62755724227715,42.4784420056473,43.230865478515625,9443560,0.0,0.0
2006-11-09 00:00:00+05:30,43.377470942091975,44.101866225648706,43.33435284098626,43.88627243041992,6698440,0.0,0.0
2006-11-10 00:00:00+05:30,44.300217589278276,45.274702585082906,43.981139654080536,45.03754806518555,12615760,0.0,0.0
2006-11-13 00:00:00+05:30,45.26823833915813,45.92148740383949,45.080672753170674,45.52479553222656,8058260,0.0,0.0
2006-11-14 00:00:00+05:30,45.69295530634147,46.34189152833293,44.85429546768245,45.94951248168945,11355360,0.0,0.0
2006-11-15 00:00:00+05:30,46.13707707251522,46.56826470870695,45.964601360098406,46.415191650390625,16733080,0.0,0.0
2006-11-16 00:00:00+05:30,46.9563310354316,49.58657477880189,46.56394873421274,49.342952728271484,35798540,0.0,0.0
2006-11-17 00:00:00+05:30,49.4572134380167,49.53051782579265,48.20892685834848,48.575435638427734,17354240,0.0,0.0
2006-11-20 00:00:00+05:30,48.12053574080179,48.28438913502292,46.05083722435352,46.848533630371094,14746560,0.0,0.0
2006-11-21 00:00:00+05:30,46.94339847328695,47.99118454601815,46.13707642070762,47.102935791015625,12461440,0.0,0.0
2006-11-22 00:00:00+05:30,47.603116198198975,47.626831650028976,45.9236384951939,46.46046829223633,17546600,0.0,0.0
2006-11-23 00:00:00+05:30,47.3443958101037,48.40511682204088,46.56825687956428,47.99333190917969,7011380,0.0,0.0
2006-11-24 00:00:00+05:30,48.077408107011294,48.59052230453442,47.34439064457799,47.68933868408203,8895040,0.0,0.0
2006-11-27 00:00:00+05:30,46.83775610183303,48.232648341896805,45.71666892672581,47.90279006958008,2316860,0.0,0.0
2006-11-28 00:00:00+05:30,47.646232779477096,47.81870848820264,46.64372286266695,46.878719329833984,4645680,0.0,0.0
2006-11-29 00:00:00+05:30,46.61137639461512,47.63329213593359,46.56825829487471,46.88518142700195,7745780,0.0,0.0
2006-11-30 00:00:00+05:30,47.176236351466834,48.56897044118684,47.176236351466834,48.37062454223633,18356040,0.0,0.0
2006-12-01 00:00:00+05:30,48.508602181163525,48.93116745207638,48.09034970711614,48.45254898071289,9143700,0.0,0.0
2006-12-04 00:00:00+05:30,48.4223679354722,48.89667362910429,47.34870846196563,47.44572830200195,6395980,0.0,0.0
2006-12-05 00:00:00+05:30,47.68720063745866,48.29301878424821,46.57042286742849,46.81404495239258,5469300,0.0,0.0
2006-12-06 00:00:00+05:30,47.633302111883836,47.77559483155801,46.65450426531393,46.88087844848633,5051120,0.0,0.0
2006-12-07 00:00:00+05:30,47.33145820164533,48.07310134981091,46.913209021296225,47.6958122253418,6126360,0.0,0.0
2006-12-08 00:00:00+05:30,47.58155680794434,47.68935372109768,46.74074220122857,46.82051086425781,3701000,0.0,0.0
2006-12-11 00:00:00+05:30,46.97789356366326,46.97789356366326,42.74147618113588,44.52874755859375,13335340,0.0,0.0
2006-12-12 00:00:00+05:30,44.196721111669135,46.00770739256007,43.16187039843157,44.33254623413086,12647160,0.0,0.0
2006-12-13 00:00:00+05:30,44.62361287389466,46.137082578666245,43.5628915570371,44.80471420288086,8708600,0.0,0.0
2006-12-14 00:00:00+05:30,45.274698154660435,45.615336754588114,44.42310329969141,45.0914421081543,9197580,0.0,0.0
2006-12-15 00:00:00+05:30,45.749001255619596,46.34835172439314,45.27685033251594,45.550655364990234,6155600,0.0,0.0
2006-12-18 00:00:00+05:30,45.7015699978516,46.382847153564825,44.49855627292512,45.99477767944336,6566220,0.0,0.0
2006-12-19 00:00:00+05:30,46.26642671740467,46.26642671740467,44.29805444421641,44.789608001708984,10369940,0.0,0.0
2006-12-20 00:00:00+05:30,44.830575304845844,45.188461802425756,43.33435380627706,44.01131820678711,13982640,0.0,0.0
2006-12-21 00:00:00+05:30,43.976825597730894,44.35627281870534,43.118763132510104,43.51976776123047,8435360,0.0,0.0
2006-12-22 00:00:00+05:30,43.93801049347183,43.93801049347183,43.16187161425571,43.36884307861328,7372820,0.0,0.0
2006-12-26 00:00:00+05:30,43.761229841556165,44.61929555842815,43.29123692330905,44.448974609375,3797560,0.0,0.0
2006-12-27 00:00:00+05:30,44.6279172876304,45.843866206777825,44.6279172876304,45.69295120239258,4520940,0.0,0.0
2006-12-28 00:00:00+05:30,45.92148310545222,46.9132159813563,45.580844479201694,46.57041931152344,9042300,0.0,0.0
2006-12-29 00:00:00+05:30,46.826973108144024,47.374583207125085,45.83524359336393,46.04867935180664,6219780,0.0,0.0
2007-01-02 00:00:00+05:30,46.55964266485154,46.55964266485154,45.92363826613754,46.13707733154297,4033540,0.0,0.0
2007-01-03 00:00:00+05:30,46.05084022701027,46.13707643718085,45.4062135354883,45.934417724609375,3032100,0.0,0.0
2007-01-04 00:00:00+05:30,45.533408796173696,45.921478284688575,44.627915516105794,45.276851654052734,6866840,0.0,0.0
2007-01-05 00:00:00+05:30,45.47735424070993,46.30307884485097,44.591263639007146,45.57221603393555,11909340,0.0,0.0
2007-01-08 00:00:00+05:30,45.44717577224702,45.44717577224702,43.83237695225201,44.194576263427734,6214060,0.0,0.0
2007-01-09 00:00:00+05:30,44.49856925808873,44.625772129572795,43.295558471810814,43.71812057495117,10463200,0.0,0.0
2007-01-10 00:00:00+05:30,43.9142919525747,43.91644670580684,42.903156727469835,43.06053924560547,7135500,0.0,0.0
2007-01-11 00:00:00+05:30,43.4852642382588,43.886268795761175,42.303811259369,42.9527473449707,20115340,0.0,0.0
2007-01-12 00:00:00+05:30,43.90784358404831,46.1284608617644,43.808668967152975,45.77488708496094,13665140,0.0,0.0
2007-01-15 00:00:00+05:30,46.56610653308343,47.559994093061306,46.352667484560065,47.17192459106445,9705900,0.0,0.0
2007-01-16 00:00:00+05:30,47.60309729698313,47.63328028826411,46.57686901403097,47.26245880126953,12846940,0.0,0.0
2007-01-17 00:00:00+05:30,47.387520836849646,47.43063894158371,45.23158270314129,45.75547409057617,17386300,0.0,0.0
2007-01-18 00:00:00+05:30,45.921481143664934,46.30955065634022,45.33075292494253,45.751163482666016,13192660,0.0,0.0
2007-01-19 00:00:00+05:30,45.36092975592286,46.473394444360096,45.36092975592286,46.068077087402344,9001000,0.0,0.0
2007-01-22 00:00:00+05:30,46.137076814346706,46.26643442036062,45.08282318134521,45.546348571777344,6886040,0.0,0.0
2007-01-23 00:00:00+05:30,45.49028520817078,45.49028520817078,44.34763757580757,44.53736114501953,10682440,0.0,0.0
2007-01-24 00:00:00+05:30,44.8435229183852,45.91502466667848,44.8435229183852,45.63906478881836,6323880,0.0,0.0
2007-01-25 00:00:00+05:30,45.75116166396518,46.352666917425495,45.40405551499551,45.968910217285156,10185640,0.0,0.0
2007-01-29 00:00:00+05:30,46.13707161943453,50.01775988648977,45.28763155018263,45.80936813354492,10488760,0.0,0.0
2007-01-31 00:00:00+05:30,45.964595337115924,46.826970496497836,45.10222017773401,46.50789260864258,16488260,0.0,0.0
2007-02-01 00:00:00+05:30,46.57041034810888,47.9049363472888,45.988307811115845,47.600948333740234,8651320,0.0,0.0
2007-02-02 00:00:00+05:30,47.840259114718286,48.50860115765939,47.27109165938975,47.69365692138672,18093780,0.0,0.0
2007-02-05 00:00:00+05:30,46.83775802147847,48.02567880127528,46.79679466877847,47.57508850097656,4368420,0.0,0.0
2007-02-06 00:00:00+05:30,47.89200617679291,47.89200617679291,46.61784604053516,46.96926498413086,6354440,0.0,0.0
2007-02-07 00:00:00+05:30,46.783850500976946,48.06016529038706,46.49711037733599,47.514713287353516,10890960,0.0,0.0
2007-02-08 00:00:00+05:30,47.85751232737727,48.29301273836615,47.171925600594165,47.85320281982422,6671280,0.0,0.0
2007-02-09 00:00:00+05:30,46.92398848115731,48.29301040448601,46.91321142309509,48.025672912597656,9017100,0.0,0.0
2007-02-12 00:00:00+05:30,47.23875424707909,48.293007721555405,46.79894437422582,47.26031494140625,8921780,0.0,0.0
2007-02-13 00:00:00+05:30,46.99943709390537,46.99943709390537,45.33074029903177,46.08100891113281,22695760,0.0,0.0
2007-02-14 00:00:00+05:30,45.199245175929406,45.199245175929406,43.3451402104245,43.86256408691406,26720800,0.0,0.0
2007-02-15 00:00:00+05:30,44.19673572423335,45.9171735888702,43.98545468920446,44.9211311340332,15603000,0.0,0.0
2007-02-19 00:00:00+05:30,45.23158606795302,45.348005288365556,44.26356858961424,44.55246353149414,11822340,0.0,0.0
2007-02-20 00:00:00+05:30,44.81117387264727,44.83919883041827,44.244161110420414,44.48131561279297,4645380,0.0,0.0
2007-02-21 00:00:00+05:30,44.41232961988569,44.49856583724785,43.54995428746072,43.80866622924805,22538940,0.0,0.0
2007-02-22 00:00:00+05:30,43.89490535497731,44.1536172945171,42.170154705111024,42.57115936279297,21479960,0.0,0.0
2007-02-23 00:00:00+05:30,42.23481929023728,43.067011394972866,39.88484845396474,41.31639099121094,10172580,0.0,0.0
2007-02-26 00:00:00+05:30,42.15721736516299,42.55822203286382,40.53164128451825,41.03828811645508,7509420,0.0,0.0
2007-02-27 00:00:00+05:30,41.17842067618375,42.299507910998344,39.66926389747544,42.0796012878418,12713780,0.0,0.0
2007-02-28 00:00:00+05:30,39.06559905490089,40.876589094879435,38.80688713196127,40.316043853759766,18341040,0.0,0.0
2007-03-01 00:00:00+05:30,41.394011108112174,42.64445585160982,40.57475398032403,42.26932144165039,12116680,0.0,0.0
2007-03-02 00:00:00+05:30,42.25639264886372,42.25639264886372,39.84389705240552,40.428157806396484,13026420,0.0,0.0
2007-03-05 00:00:00+05:30,39.74039767572191,40.48850827668839,38.09757429788873,40.016357421875,9433540,0.0,0.0
2007-03-06 00:00:00+05:30,40.057326771953335,40.66099004086881,39.25316285773424,40.01205062866211,13449560,0.0,0.0
2007-03-07 00:00:00+05:30,41.2215357923661,41.389698700901555,39.065597693500706,39.47738265991211,9825280,0.0,0.0
2007-03-08 00:00:00+05:30,39.62613608202161,42.68756699656237,39.47737585249979,42.00413513183594,10255320,0.0,0.0
2007-03-09 00:00:00+05:30,42.385751194203706,42.64446314996639,41.232322808897926,42.12272644042969,8808060,0.0,0.0
2007-03-12 00:00:00+05:30,42.12272214434087,42.42239742639485,40.753700053909,40.96498107910156,9646900,0.0,0.0
2007-03-13 00:00:00+05:30,41.394010812023765,41.82519842464901,40.54457068879996,41.40047836303711,6891480,0.0,0.0
2007-03-14 00:00:00+05:30,39.93659622130523,40.48851581638891,39.45366493075687,40.22764587402344,10374460,0.0,0.0
2007-03-15 00:00:00+05:30,41.60960519958543,42.256386627558264,39.453667106342664,39.60026931762695,10091540,0.0,0.0
2007-03-16 00:00:00+05:30,40.31603561960438,40.31603561960438,38.18165857915235,38.957794189453125,9597300,0.0,0.0
2007-03-19 00:00:00+05:30,39.238059108027905,40.229791588176454,39.02462012968701,39.869747161865234,5299660,0.0,0.0
2007-03-20 00:00:00+05:30,40.316041962827335,41.350892895749084,40.2513631627009,41.1891975402832,18142200,0.0,0.0
2007-03-21 00:00:00+05:30,41.30777115436065,41.820882133521046,40.962819777198916,41.63547134399414,6889140,0.0,0.0
2007-03-22 00:00:00+05:30,42.6444472929299,44.498551694544375,42.083902189127976,44.23552703857422,9608520,0.0,0.0
2007-03-23 00:00:00+05:30,44.41232262496751,44.41232262496751,42.94628413280522,43.59953308105469,11551640,0.0,0.0
2007-03-26 00:00:00+05:30,43.89490658619116,43.89490658619116,41.70662716397351,41.96318435668945,15065200,0.0,0.0
2007-03-28 00:00:00+05:30,41.95455000151788,41.95455000151788,41.04905351323337,41.327171325683594,8616320,0.0,0.0
2007-03-29 00:00:00+05:30,41.049058236129994,41.17626107840143,40.01421062708327,40.262142181396484,51260300,0.0,0.0
2007-03-30 00:00:00+05:30,40.79035042693873,41.82088863197474,40.445402285876426,41.14176940917969,21617760,0.0,0.0
2007-04-02 00:00:00+05:30,39.242386213360405,39.75549724411236,38.58697918879421,38.86509704589844,13241560,0.0,0.0
2007-04-03 00:00:00+05:30,38.85646665871347,39.833106234280336,38.85646665871347,39.419166564941406,13015840,0.0,0.0
2007-04-04 00:00:00+05:30,39.88485391323496,40.402277729202176,39.66926010829856,39.88700866699219,7502780,0.0,0.0
2007-04-05 00:00:00+05:30,39.88700905428061,40.87658712871946,39.583024286541,40.64374542236328,5772400,0.0,0.0
2007-04-09 00:00:00+05:30,40.94988661414315,42.04079070821979,40.64374381503195,41.87478256225586,4271380,0.0,0.0
2007-04-10 00:00:00+05:30,42.040793148612174,42.903168392686275,41.135299800274474,42.77165603637695,7468740,0.0,0.0
2007-04-11 00:00:00+05:30,42.68756738578071,42.98939735444666,42.04078606175373,42.22835159301758,8853740,0.0,0.0
2007-04-12 00:00:00+05:30,41.82519849680984,41.82519849680984,41.04905947686516,41.3228645324707,7133340,0.0,0.0
2007-04-13 00:00:00+05:30,41.39401319592855,42.5582185011838,41.04906177008224,42.30813217163086,8401980,0.0,0.0
2007-04-16 00:00:00+05:30,42.687575265878465,43.07564478987201,41.66134989327378,42.038639068603516,6233680,0.0,0.0
2007-04-17 00:00:00+05:30,42.29950562144043,42.860050853357286,41.89634624222594,42.172306060791016,14800380,0.0,0.0
2007-04-18 00:00:00+05:30,42.471977947750474,42.77380794723509,42.00198505002439,42.27363204956055,6378140,0.0,0.0
2007-04-19 00:00:00+05:30,41.67428898365835,42.77381556887127,41.39832913790053,42.36203384399414,6470360,0.0,0.0
2007-04-20 00:00:00+05:30,42.493534884257386,43.50682498111888,41.825192857763646,42.88591384887695,7150040,0.0,0.0
2007-04-23 00:00:00+05:30,43.07564430692146,43.47664892893543,42.42886287075057,42.54959487915039,6792960,0.0,0.0
2007-04-24 00:00:00+05:30,42.54959647471669,44.179485228634405,42.09469338263007,43.711647033691406,34375140,0.0,0.0
2007-04-25 00:00:00+05:30,43.76553351409547,44.84350231986137,43.76553351409547,44.4554328918457,32408380,0.0,0.0
2007-04-26 00:00:00+05:30,44.81978840965068,45.05909762431517,43.38609116475694,44.60419464111328,25270200,0.0,0.0
2007-04-27 00:00:00+05:30,42.48276023857905,44.84351176235932,42.48276023857905,43.748294830322266,7118740,0.0,0.0
2007-04-30 00:00:00+05:30,43.37747338263833,44.412324315900364,41.83597897590351,44.16007995605469,10217700,0.0,0.0
2007-05-03 00:00:00+05:30,44.19672740665212,44.84350878333483,43.11875844551427,43.31710433959961,20557680,0.0,0.0
2007-05-04 00:00:00+05:30,43.33435320412989,43.981134595236306,43.16187750856145,43.45293045043945,8374140,0.0,0.0
2007-05-07 00:00:00+05:30,43.59952909809767,43.97681821214417,43.032519695126645,43.12091064453125,8307880,0.0,0.0
2007-05-08 00:00:00+05:30,43.11445493595077,43.11445493595077,42.56684803319939,42.74363327026367,9539920,0.0,0.0
2007-05-09 00:00:00+05:30,42.70913028094851,43.032520959634034,42.25638201490873,42.890228271484375,4185720,0.0,0.0
2007-05-10 00:00:00+05:30,43.129538531195415,44.196727138302194,43.129538531195415,43.627559661865234,12945160,0.0,0.0
2007-05-11 00:00:00+05:30,42.54097071198388,43.5499481291881,41.28836795541487,42.7996826171875,14292300,0.0,0.0
2007-05-14 00:00:00+05:30,43.33436081314839,43.97898756376564,42.74147776719736,42.941978454589844,15756120,0.0,0.0
2007-05-15 00:00:00+05:30,43.023893181293666,43.75260119296659,42.90531594719009,43.595218658447266,10986900,0.0,0.0
2007-05-16 00:00:00+05:30,43.981131975375504,45.0504785924409,43.435679964543176,44.647315979003906,47687660,0.0,0.0
2007-05-17 00:00:00+05:30,45.322378037502375,46.012631045652576,44.80577133513949,45.23772430419922,23042340,0.35,0.0
2007-05-18 00:00:00+05:30,45.14873235003032,47.40616764269533,44.84484797635701,46.4641227722168,41166740,0.0,0.0
2007-05-21 00:00:00+05:30,46.88521600774906,48.708528638769636,46.668154822528,48.04866409301758,22417600,0.0,0.0
2007-05-22 00:00:00+05:30,48.73458074726445,49.18172628195198,48.024789707590514,48.40898895263672,15106340,0.0,0.0
2007-05-23 00:00:00+05:30,46.69203695039666,48.83877218181594,46.69203695039666,48.38945388793945,10822920,0.0,0.0
2007-05-24 00:00:00+05:30,47.99657326885212,48.6651221871626,46.88522094339635,47.369266510009766,7011260,0.0,0.0
2007-05-25 00:00:00+05:30,46.103801705771374,47.102284640498674,46.06473227605776,46.4163703918457,13399620,0.0,0.0
2007-05-28 00:00:00+05:30,47.70570781143565,49.27288985960262,47.70570781143565,48.93210220336914,14364120,0.0,0.0
2007-05-29 00:00:00+05:30,48.92559386659175,49.96748830416017,48.66946323667106,49.68096923828125,8731440,0.0,0.0
2007-05-30 00:00:00+05:30,49.707010947547246,49.707010947547246,47.57981068999388,47.92927932739258,13106680,0.0,0.0
2007-05-31 00:00:00+05:30,48.244026282907235,50.35169221779777,48.244026282907235,49.81989288330078,18391000,0.0,0.0
2007-06-01 00:00:00+05:30,49.79383792178196,50.575259566094516,49.53336514437479,50.073848724365234,14867460,0.0,0.0
2007-06-04 00:00:00+05:30,50.6186737896614,51.408776465949494,49.83725541659244,50.722862243652344,9738760,0.0,0.0
2007-06-05 00:00:00+05:30,50.35820086559021,50.575262076217754,49.930590015686654,50.34083557128906,6234920,0.0,0.0
2007-06-06 00:00:00+05:30,50.3582053487524,50.4450285158964,48.53489234199625,48.93428421020508,9076620,0.0,0.0
2007-06-07 00:00:00+05:30,48.59566045024214,49.05148696361195,47.79687354590835,47.99440002441406,6244300,0.0,0.0
2007-06-08 00:00:00+05:30,47.31934210066227,47.7534645052555,46.71591222324496,47.3605842590332,9823080,0.0,0.0
2007-06-11 00:00:00+05:30,47.99223475107459,48.969010193942395,47.31934367670696,47.638423919677734,9177920,0.0,0.0
2007-06-12 00:00:00+05:30,48.05735113193856,48.361238816751964,46.49451106405518,47.23903274536133,3986840,0.0,0.0
2007-06-13 00:00:00+05:30,47.2390271215889,47.31933870079916,46.66164357006266,47.011112213134766,7293920,0.0,0.0
2007-06-14 00:00:00+05:30,47.71004833987151,48.62170463944291,47.31933755088641,47.59717559814453,6880320,0.0,0.0
2007-06-15 00:00:00+05:30,47.753467188142025,48.534888885148135,47.53640597365047,48.20278549194336,7628140,0.0,0.0
2007-06-18 00:00:00+05:30,47.81207831031233,48.83660758625443,47.028487133417876,47.25205993652344,3837780,0.0,0.0
2007-06-19 00:00:00+05:30,46.8852253183943,48.17456954458478,46.8852253183943,47.75130081176758,12678440,0.0,0.0
2007-06-20 00:00:00+05:30,47.53639988695138,48.42852149676547,47.1977849656364,47.75563049316406,13362220,0.0,0.0
2007-06-21 00:00:00+05:30,47.753461842952326,48.361233837917176,47.57981222837795,47.83160400390625,25488140,0.0,0.0
2007-06-22 00:00:00+05:30,47.623229032654905,48.52186232624243,47.623229032654905,47.883705139160156,12899220,0.0,0.0
2007-06-25 00:00:00+05:30,48.1789077297464,48.1789077297464,47.408339770215555,47.74478530883789,7349860,0.0,0.0
2007-06-26 00:00:00+05:30,47.31934521922652,48.18759008563435,47.31934521922652,47.6970329284668,14878840,0.0,0.0
2007-06-27 00:00:00+05:30,47.91626379427512,47.91626379427512,47.01546106590104,47.33454132080078,9577740,0.0,0.0
2007-06-28 00:00:00+05:30,47.49299977363179,47.86200321765342,46.66816640270061,47.636260986328125,14650180,0.0,0.0
2007-06-29 00:00:00+05:30,47.75346587733012,49.967489541951736,47.44958151021995,49.782989501953125,18784100,0.0,0.0
2007-07-02 00:00:00+05:30,50.575259469561104,50.575259469561104,49.09924265094969,49.81771469116211,10032480,0.0,0.0
2007-07-03 00:00:00+05:30,50.21060429736686,50.922564852392654,49.48995943854555,49.9457893371582,8261500,0.0,0.0
2007-07-04 00:00:00+05:30,50.0977262906209,50.13462629766214,49.09924343246672,49.956634521484375,5851020,0.0,0.0
2007-07-05 00:00:00+05:30,50.13245621543766,50.332152122011095,48.71287411249343,49.016761779785156,10347480,0.0,0.0
2007-07-06 00:00:00+05:30,49.40747554081825,50.61867758764905,48.85179932838508,50.28440475463867,10263640,0.0,0.0
2007-07-09 00:00:00+05:30,50.57525287397706,51.183024815567435,50.488429730360124,50.68812561035156,8755140,0.0,0.0
2007-07-10 00:00:00+05:30,52.06863441910274,52.06863441910274,49.670107832807965,49.893680572509766,18476240,0.0,0.0
2007-07-11 00:00:00+05:30,50.01090812157248,50.53185708222757,49.44655088764404,49.86981964111328,8939960,0.0,0.0
2007-07-12 00:00:00+05:30,50.227960783148596,52.311749645740676,49.94578387041706,52.15763473510742,10772120,0.0,0.0
2007-07-13 00:00:00+05:30,52.35516588221374,53.831182848543705,52.216246833152766,53.24077606201172,17223940,0.0,0.0
2007-07-16 00:00:00+05:30,53.39705373727865,53.39705373727865,52.09468657295478,52.86091232299805,6617640,0.0,0.0
2007-07-17 00:00:00+05:30,52.9629376699525,53.29721049136889,51.625839760104235,52.06430435180664,6528200,0.0,0.0
2007-07-18 00:00:00+05:30,51.66057092832196,52.94991511924076,51.05279884321754,52.09686279296875,11781200,0.0,0.0
2007-07-19 00:00:00+05:30,51.70832448750726,52.93906121683743,51.05279867072502,52.49625778198242,19265640,0.0,0.0
2007-07-20 00:00:00+05:30,53.006345515032,53.22340671968987,51.93189321439381,52.133758544921875,7446440,0.0,0.0
2007-07-23 00:00:00+05:30,52.02522468254968,53.61194477132698,51.6844403348787,53.41007614135742,6900560,0.0,0.0
2007-07-24 00:00:00+05:30,53.349307290350836,54.48236714291178,52.578739283879415,54.217552185058594,9134500,0.0,0.0
2007-07-25 00:00:00+05:30,54.04824709263448,54.04824709263448,52.57223004375064,53.78994369506836,5462740,0.0,0.0
2007-07-26 00:00:00+05:30,53.72264245438299,53.72264245438299,51.70397280276984,52.843544006347656,11229180,0.0,0.0
2007-07-27 00:00:00+05:30,51.66056288993524,51.66056288993524,49.928415532187564,50.76409912109375,13060660,0.0,0.0
2007-07-30 00:00:00+05:30,50.3538596936929,52.00786840307774,50.010902576777745,50.742401123046875,9495620,0.0,0.0
2007-07-31 00:00:00+05:30,51.226447818397276,52.52447298403719,49.96749208247602,52.1207389831543,12367440,0.0,0.0
2007-08-01 00:00:00+05:30,51.61281127312611,51.6605650015402,48.667292545535716,50.416805267333984,19603560,0.0,0.0
2007-08-02 00:00:00+05:30,49.9110553102992,50.44068519425697,49.49863702278051,50.02826690673828,11486760,0.0,0.0
2007-08-03 00:00:00+05:30,50.6620855682204,50.748912040296155,49.403133187988814,50.14113998413086,5668700,0.0,0.0
2007-08-06 00:00:00+05:30,49.26855613684763,49.48995951469371,48.05735409864231,49.16436767578125,13700780,0.0,0.0
2007-08-07 00:00:00+05:30,50.27137257983901,50.74890653210566,49.09924017472172,49.55072784423828,7850720,0.0,0.0
2007-08-08 00:00:00+05:30,49.70702246763034,51.7647620336645,49.70702246763034,50.86830139160156,9735040,0.0,0.0
2007-08-09 00:00:00+05:30,51.5672359089277,51.76910125483451,49.44654685047405,50.16936111450195,9963460,0.0,0.0
2007-08-10 00:00:00+05:30,47.807735652453246,49.27289894713683,47.36275947090882,49.077545166015625,11183340,0.0,0.0
2007-08-13 00:00:00+05:30,49.489955319353626,49.87849342353194,48.71721795044217,49.30111312866211,6990060,0.0,0.0
2007-08-14 00:00:00+05:30,49.27723718260892,50.010901825561994,48.89520733047165,49.822059631347656,3739280,0.0,0.0
2007-08-16 00:00:00+05:30,47.80989990621722,48.35255291968505,46.93948566496763,47.49299240112305,13261400,0.0,0.0
2007-08-17 00:00:00+05:30,47.30631631337431,47.65795438156419,45.63494581156157,46.36861038208008,17813000,0.0,0.0
2007-08-20 00:00:00+05:30,47.80339673436861,49.44655193766526,47.80339673436861,48.22666549682617,16216840,0.0,0.0
2007-08-21 00:00:00+05:30,48.969005297484564,48.969005297484564,47.71221916522416,47.9249382019043,4472260,0.0,0.0
2007-08-22 00:00:00+05:30,47.92711619612937,48.70419573130987,47.66881282432377,48.50883865356445,10904820,0.0,0.0
2007-08-23 00:00:00+05:30,48.73023536732538,49.707010686492254,46.668154137973076,47.759971618652344,17498560,0.0,0.0
2007-08-24 00:00:00+05:30,47.697036569891935,48.70853939929073,46.88739578544895,47.653621673583984,16790980,0.0,0.0
2007-08-27 00:00:00+05:30,47.82076361090218,48.92126574173501,47.82076361090218,48.60435485839844,11009360,0.0,0.0
2007-08-28 00:00:00+05:30,48.812739163822336,50.28875314126924,48.56745887032841,49.950138092041016,10280800,0.0,0.0
2007-08-29 00:00:00+05:30,48.66512439685055,51.22644743080929,48.64342026231264,50.468902587890625,13768500,0.0,0.0
2007-08-30 00:00:00+05:30,49.99136591801544,51.96445148936716,49.99136591801544,51.25249099731445,18028920,0.0,0.0
2007-08-31 00:00:00+05:30,50.92255741491911,51.87762534326416,50.2713738332045,50.866119384765625,13085820,0.0,0.0
2007-09-03 00:00:00+05:30,52.88913781562465,52.88913781562465,50.807521504605496,51.07016372680664,7861420,0.0,0.0
2007-09-04 00:00:00+05:30,51.22645304318136,51.877636768306544,50.59697676706369,51.07233810424805,4634660,0.0,0.0
2007-09-05 00:00:00+05:30,50.599136126755205,51.41528504095496,50.27137490929566,50.898681640625,4036960,0.0,0.0
2007-09-06 00:00:00+05:30,50.358202845417686,51.556381702573546,50.3147912640037,51.426143646240234,3003320,0.0,0.0
2007-09-07 00:00:00+05:30,50.458048523584964,52.355161311181924,49.51383096912514,51.944915771484375,5225420,0.0,0.0
2007-09-10 00:00:00+05:30,50.83573628631636,52.35516480314447,50.79232470539668,51.925384521484375,4565040,0.0,0.0
2007-09-11 00:00:00+05:30,51.92538205938703,52.311750741807366,51.319779438766844,51.565059661865234,3622340,0.0,0.0
2007-09-12 00:00:00+05:30,51.74738927565111,52.17717284067954,51.22644371524774,51.31977844238281,2501020,0.0,0.0
2007-09-13 00:00:00+05:30,51.31326559828941,52.83269397587774,51.31326559828941,52.68075180053711,11261480,0.0,0.0
2007-09-14 00:00:00+05:30,52.61563372928325,54.26095802817901,52.52881057383236,53.51426696777344,8943820,0.0,0.0
2007-09-17 00:00:00+05:30,52.88479669564443,54.21755248388277,52.748047064104995,53.229923248291016,4804860,0.0,0.0
2007-09-18 00:00:00+05:30,52.96294152375585,53.60761365890988,52.248811515448466,53.44698715209961,4634780,0.0,0.0
2007-09-19 00:00:00+05:30,55.17695580238645,58.17240099357848,54.525772209174754,57.49082565307617,19943240,0.0,0.0
2007-09-20 00:00:00+05:30,57.60804143912383,58.12898699685524,56.87437351963831,57.57331085205078,10048500,0.0,0.0
2007-09-21 00:00:00+05:30,57.375797010833075,57.84465010338965,56.73980914131872,57.236881256103516,7397100,0.0,0.0
2007-09-24 00:00:00+05:30,58.25923224876176,58.8670076614462,57.968370998251565,58.454586029052734,8850200,0.0,0.0
2007-09-25 00:00:00+05:30,58.45459700639023,61.16786286491529,58.38948127545932,60.61869812011719,9633320,0.0,0.0
2007-09-26 00:00:00+05:30,60.34302093172555,60.34302093172555,59.04499241330847,59.72222900390625,15567160,0.0,0.0
2007-09-27 00:00:00+05:30,59.56376319346629,63.338453922249194,59.520348304881985,62.209739685058594,21646960,0.0,0.0
2007-09-28 00:00:00+05:30,62.44851197219162,62.682935161368974,60.90737607596174,62.32261276245117,11914540,0.0,0.0
2007-10-01 00:00:00+05:30,62.51363422292588,62.93473353894551,60.39511449896593,61.282894134521484,14461960,0.0,0.0
2007-10-03 00:00:00+05:30,61.367548565815206,62.46153897263885,61.04195673484721,61.853763580322266,9845300,0.0,0.0
2007-10-04 00:00:00+05:30,61.12444216604538,61.588949742067534,60.25619726773275,61.1982421875,8058100,0.0,0.0
2007-10-05 00:00:00+05:30,61.211263648250636,61.645386085472275,60.438526239930745,60.91389083862305,5934180,0.0,0.0
2007-10-08 00:00:00+05:30,61.441348469095985,62.51363142697949,60.73372677139933,61.096221923828125,13414460,0.0,0.0
2007-10-09 00:00:00+05:30,59.309816206569124,61.862458728582105,59.309816206569124,61.6953239440918,9376780,0.0,0.0
2007-10-10 00:00:00+05:30,62.0881923145367,62.94775287838069,60.60783322600681,61.51298141479492,9075580,0.0,0.0
2007-10-11 00:00:00+05:30,61.86244181979776,64.02871497419308,61.68879550997643,63.412261962890625,9010140,0.0,0.0
2007-10-12 00:00:00+05:30,62.730684990419455,63.425283460055354,61.68010960762707,62.19671630859375,9317820,0.0,0.0
2007-10-15 00:00:00+05:30,62.947759257180316,66.20367783944826,62.947759257180316,65.0836410522461,22605080,0.0,0.0
2007-10-16 00:00:00+05:30,65.98009449552049,65.98009449552049,63.60327166022218,65.45480346679688,9401340,0.0,0.0
2007-10-17 00:00:00+05:30,61.05063871691407,64.4584957769479,56.65297643412803,63.50125503540039,12514880,0.0,0.0
2007-10-18 00:00:00+05:30,62.860935485396645,63.51211919562344,59.04499523392501,60.26488494873047,12403100,0.0,0.0
2007-10-19 00:00:00+05:30,58.60654199877581,62.513644798694195,58.094280589061576,59.31632995605469,9959160,0.0,0.0
2007-10-22 00:00:00+05:30,59.85679648167192,60.64689577671671,57.781692014144596,59.5572509765625,11298040,0.0,0.0
2007-10-23 00:00:00+05:30,60.69030155651713,65.76953136695039,60.26920237690647,64.60608673095703,17765180,0.0,0.0
2007-10-24 00:00:00+05:30,65.98661838656062,66.20367963125325,63.75089021589989,65.7239761352539,12287460,0.0,0.0
2007-10-25 00:00:00+05:30,64.90563538458908,68.54141035828877,63.61195253230029,67.46261596679688,12865860,0.0,0.0
2007-10-26 00:00:00+05:30,66.76801628703409,67.71874525826337,64.51925915257574,67.13701629638672,6943260,0.0,0.0
2007-10-29 00:00:00+05:30,68.67814349852536,72.498420894446,68.37425922679788,71.49777221679688,5857960,0.0,0.0
2007-10-30 00:00:00+05:30,71.84725462306821,74.59958895054704,69.99572291844403,70.35169982910156,8068040,0.0,0.0
2007-10-31 00:00:00+05:30,69.02544486652573,72.45500834544191,68.59132257176772,71.77777862548828,8414440,0.0,0.0
2007-11-01 00:00:00+05:30,75.03372585457463,75.03372585457463,72.33565630305243,73.37538146972656,14329740,0.0,0.0
2007-11-02 00:00:00+05:30,71.21995575675507,78.13335713682666,71.21995575675507,76.86138153076172,5836120,0.0,0.0
2007-11-05 00:00:00+05:30,75.97142906047809,75.97142906047809,72.72853381579047,74.4975814819336,9186000,0.0,0.0
2007-11-06 00:00:00+05:30,74.8861295496326,75.88026713741887,73.36670083413281,74.15680694580078,7367280,0.0,0.0
2007-11-07 00:00:00+05:30,75.87157262390039,75.87157262390039,69.89370540613285,70.19107818603516,9072080,0.0,0.0
2007-11-08 00:00:00+05:30,68.5913505374496,69.00811102497599,67.07192188630356,67.521240234375,10426800,0.0,0.0
2007-11-12 00:00:00+05:30,64.26097102213784,65.98661035713737,63.16481451949662,64.13507843017578,16731300,0.0,0.0
2007-11-13 00:00:00+05:30,61.862447811441605,72.93257005138379,61.862447811441605,68.33955383300781,20645840,0.0,0.0
2007-11-14 00:00:00+05:30,71.18739632178476,77.27379482514306,70.32783573973694,76.07127380371094,23823680,0.0,0.0
2007-11-15 00:00:00+05:30,75.97139675822179,75.97139675822179,72.72633016130571,73.82032012939453,9536920,0.0,0.0
2007-11-16 00:00:00+05:30,71.63019433949687,73.93104433099589,70.84877271277506,73.24079132080078,13168660,0.0,0.0
2007-11-19 00:00:00+05:30,73.23643789514365,73.23643789514365,71.42614852082598,71.82771301269531,17750520,0.0,0.0
2007-11-20 00:00:00+05:30,70.76197075082078,72.67210718889942,70.25187546505016,70.77499389648438,11291720,0.0,0.0
2007-11-21 00:00:00+05:30,70.02394507184071,70.02394507184071,67.94015620834574,68.63040924072266,11127660,0.0,0.0
2007-11-22 00:00:00+05:30,69.3727499823705,69.63321940707661,67.3497383253323,69.09925079345703,9680020,0.0,0.0
2007-11-23 00:00:00+05:30,68.81709228001071,69.72006776633643,66.91129499913647,67.84031677246094,8636700,0.0,0.0
2007-11-26 00:00:00+05:30,69.900224896987,72.66124389952552,69.900224896987,71.34151458740234,8477140,0.0,0.0
2007-11-27 00:00:00+05:30,70.50147302238827,71.86896251639861,69.45958194291728,70.87699127197266,11135400,0.0,0.0
2007-11-28 00:00:00+05:30,73.58375000890535,73.58375000890535,68.81708770380752,69.7352523803711,10708140,0.0,0.0
2007-11-29 00:00:00+05:30,70.70986353304639,73.54033700783168,70.70986353304639,72.68946075439453,20858060,0.0,0.0
2007-11-30 00:00:00+05:30,73.80081250392884,75.89979735066619,73.5403363983596,74.50192260742188,12315080,0.0,0.0
2007-12-03 00:00:00+05:30,75.32025171738971,75.32025171738971,72.93257803182404,73.63151550292969,9809040,0.0,0.0
2007-12-04 00:00:00+05:30,75.01636880121951,75.01636880121951,73.39492101006994,73.87245178222656,5247320,0.0,0.0
2007-12-05 00:00:00+05:30,74.017862732157,75.45046785180925,73.58374037009156,74.83401489257812,16401940,0.0,0.0
2007-12-06 00:00:00+05:30,75.5373020722952,77.27379177510659,72.59395255596452,73.36451721191406,10360420,0.0,0.0
2007-12-07 00:00:00+05:30,74.23494693981775,75.53731442998999,74.23494693981775,74.66038513183594,11839500,0.0,0.0
2007-12-10 00:00:00+05:30,74.66906565803805,75.10318813279409,72.81970630028333,73.27770233154297,8191940,0.0,0.0
2007-12-11 00:00:00+05:30,73.27988421466502,77.92499394978769,73.14964613113774,77.29768371582031,7261500,0.0,0.0
2007-12-12 00:00:00+05:30,77.14354315662315,78.0899333596083,74.71246188016885,77.44960021972656,14992920,0.0,0.0
2007-12-13 00:00:00+05:30,77.05671852404974,77.18261109319566,75.71093656494304,76.24707794189453,7964560,0.0,0.0
2007-12-14 00:00:00+05:30,76.62259907129729,76.62259907129729,73.80080363807672,74.86223602294922,9556480,0.0,0.0
2007-12-17 00:00:00+05:30,74.62564072235864,74.62564072235864,72.28138232369552,73.08667755126953,9451120,0.0,0.0
2007-12-18 00:00:00+05:30,72.4116234578164,74.01787514192488,70.17806167574201,72.14029693603516,13267720,0.0,0.0
2007-12-19 00:00:00+05:30,73.8008038637447,73.8008038637447,70.87265055959487,71.7625961303711,11025860,0.0,0.0
2007-12-20 00:00:00+05:30,71.63018564967912,72.0577964168581,70.59914509866101,71.31327819824219,11873800,0.0,0.0
2007-12-24 00:00:00+05:30,72.33131424832769,74.0178775785345,71.64322725179879,73.72050476074219,6793060,0.0,0.0
2007-12-26 00:00:00+05:30,73.72050361669422,74.45199887227561,72.93257032386181,74.0938491821289,4321680,0.0,0.0
2007-12-27 00:00:00+05:30,74.23493372720327,76.31872266543495,74.23493372720327,75.77606964111328,8729880,0.0,0.0
2007-12-28 00:00:00+05:30,73.75739798653461,75.45047943297594,72.3768918428748,75.11620330810547,6754740,0.0,0.0
2007-12-31 00:00:00+05:30,75.97141635552245,75.97141635552245,74.14810368782628,75.06410217285156,3779240,0.0,0.0
2008-01-01 00:00:00+05:30,75.1031817509291,75.49388929533599,74.01787565626249,75.08147430419922,2621040,0.0,0.0
2008-01-02 00:00:00+05:30,75.27682604321996,75.31155663221315,73.3797131607211,74.46501922607422,12479500,0.0,0.0
2008-01-03 00:00:00+05:30,74.2349463997219,74.2349463997219,72.76761025173136,73.5577163696289,14037280,0.0,0.0
2008-01-04 00:00:00+05:30,73.9310613123681,74.40859207647388,73.54034709717227,73.64453887939453,7459640,0.0,0.0
2008-01-07 00:00:00+05:30,71.67360050064791,72.86309146475568,69.99354255172697,71.86460876464844,12644920,0.0,0.0
2008-01-08 00:00:00+05:30,73.32327922576656,74.79061522791471,72.49844921964733,74.48455810546875,18334980,0.0,0.0
2008-01-09 00:00:00+05:30,74.43028680177771,76.70942948282014,73.81383376675954,75.73699951171875,20098380,0.0,0.0
2008-01-10 00:00:00+05:30,77.6862087104492,78.03784682425184,74.02438701732801,74.7558822631836,17222000,0.0,0.0
2008-01-11 00:00:00+05:30,75.0163711330934,77.18698368541564,74.76024044172348,76.60308837890625,8302200,0.0,0.0
2008-01-14 00:00:00+05:30,77.0133120095465,79.22733892507067,74.76889997024224,77.41053771972656,23350920,0.0,0.0
2008-01-15 00:00:00+05:30,79.02328647602924,79.02328647602924,76.6898789736557,77.66231536865234,12456840,0.0,0.0
2008-01-16 00:00:00+05:30,73.58374203488931,75.476515841285,71.64321450261876,72.6612319946289,24563400,0.0,0.0
2008-01-17 00:00:00+05:30,72.15550045504754,72.4116311289391,69.98922689095022,71.35237121582031,26713380,0.0,0.0
2008-01-18 00:00:00+05:30,68.6390914176284,70.58830333541499,67.5320779971669,68.20063018798828,19934820,0.0,0.0
2008-01-21 00:00:00+05:30,69.02546175527601,69.02546175527601,64.25011534453364,65.42658996582031,14869780,0.0,0.0
2008-01-22 00:00:00+05:30,65.07061714341334,77.27380011136007,58.649948689250515,61.9232292175293,23290120,0.0,0.0
2008-01-23 00:00:00+05:30,65.94318466815773,73.80080213318737,59.90888643752857,66.60739135742188,18665740,0.0,0.0
2008-01-24 00:00:00+05:30,66.42072223254358,71.06583024030998,64.03304921111229,65.56983947753906,16283820,0.0,0.0
2008-01-25 00:00:00+05:30,67.0284940458453,72.9325611712891,66.20800299763557,69.826416015625,12144620,0.0,0.0
2008-01-28 00:00:00+05:30,67.28896031150882,69.45957193446071,62.07949241642426,69.03413391113281,11916140,0.0,0.0
2008-01-29 00:00:00+05:30,69.40749111968339,70.6317128376046,65.12704400996091,66.73980712890625,12190420,0.0,0.0
2008-01-30 00:00:00+05:30,68.33086834106875,68.33086834106875,65.33542620143992,66.54879760742188,7930220,0.0,0.0
2008-01-31 00:00:00+05:30,66.94166326218387,69.02111297283965,65.77170700466976,68.1376724243164,12793700,0.0,0.0
2008-02-01 00:00:00+05:30,68.37427649449198,68.71289142910157,64.47585928310079,68.20063018798828,14574460,0.0,0.0
2008-02-04 00:00:00+05:30,70.49279651234548,70.49279651234548,66.24708002565424,67.17610168457031,10982600,0.0,0.0
2008-02-05 00:00:00+05:30,67.72310139705824,69.34672172551404,65.12921713938881,65.6501693725586,12142820,0.0,0.0
2008-02-06 00:00:00+05:30,65.11402587302922,65.75869794865164,63.00852943098089,65.1227035522461,15731880,0.0,0.0
2008-02-07 00:00:00+05:30,65.07495119448227,65.63931169208334,64.33694437031906,64.76238250732422,33430640,0.0,0.0
2008-02-08 00:00:00+05:30,64.727655620097,65.24860120045506,61.77562183249133,62.59828567504883,7761320,0.0,0.0
2008-02-11 00:00:00+05:30,62.59829056896876,63.77258598028708,58.636923167686334,61.24382400512695,13853780,0.0,0.0
2008-02-12 00:00:00+05:30,62.079505348137026,62.73068897066994,60.18021978241605,61.1092414855957,9261840,0.0,0.0
2008-02-13 00:00:00+05:30,62.5049528026764,64.5974263354508,62.07951462713589,63.75088882446289,11688240,0.0,0.0
2008-02-14 00:00:00+05:30,65.07495157495408,67.50603990613429,65.07495157495408,66.70074462890625,12665300,0.0,0.0
2008-02-15 00:00:00+05:30,65.98661543711778,68.37428902201349,64.78409434049901,67.82078552246094,10884640,0.0,0.0
2008-02-18 00:00:00+05:30,68.50452081190362,69.02546640331856,66.86787739524249,67.58634948730469,3478480,0.0,0.0
2008-02-19 00:00:00+05:30,69.28594462531109,69.35974464579674,67.51255152915135,68.23970794677734,5489420,0.0,0.0
2008-02-20 00:00:00+05:30,68.15722026992928,68.15722026992928,65.50907084543739,66.7332992553711,7939100,0.0,0.0
2008-02-21 00:00:00+05:30,66.85485845625644,68.15722582878091,64.99464213603005,66.89176177978516,5978400,0.0,0.0
2008-02-22 00:00:00+05:30,63.83336279579625,66.84183485009206,63.38405108976247,64.00267028808594,9438340,0.0,0.0
2008-02-25 00:00:00+05:30,65.07062033226707,65.54381226071631,60.57528376363222,61.72136688232422,27321760,0.0,0.0
2008-02-26 00:00:00+05:30,62.947769509964154,63.79214104610287,62.73070823579186,63.160491943359375,12350240,0.0,0.0
2008-02-27 00:00:00+05:30,63.81598677865762,64.53663148446506,62.57005772795524,63.04758834838867,9212020,0.0,0.0
2008-02-28 00:00:00+05:30,63.7682397150379,64.72765314336729,63.03457179175933,63.92669677734375,12499920,0.0,0.0
2008-02-29 00:00:00+05:30,63.38186832725862,64.0026601593498,61.28505640892762,63.240779876708984,13693900,0.0,0.0
2008-03-03 00:00:00+05:30,62.07950886549991,62.07950886549991,59.13182041512811,60.338680267333984,10176000,0.0,0.0
2008-03-04 00:00:00+05:30,60.560084930525235,60.560084930525235,56.14288744677752,58.6825065612793,16964140,0.0,0.0
2008-03-05 00:00:00+05:30,58.259215236059845,58.682487156573345,57.31499784550121,57.85765075683594,12435040,0.0,0.0
2008-03-07 00:00:00+05:30,57.738283844760076,57.738283844760076,54.567019325163855,55.66535186767578,18383840,0.0,0.0
2008-03-10 00:00:00+05:30,54.91649099376548,57.67751009446678,53.18434331194064,56.935157775878906,15564540,0.0,0.0
2008-03-11 00:00:00+05:30,55.78907414300419,58.64994614740588,55.14223261434524,57.8772087097168,20753240,0.0,0.0
2008-03-12 00:00:00+05:30,60.516663399093666,62.50494490061932,58.45024304067075,59.4986457824707,12473880,0.0,0.0
2008-03-13 00:00:00+05:30,58.172410524694946,58.38947175799605,55.812955978581286,56.399017333984375,8559700,0.0,0.0
2008-03-14 00:00:00+05:30,56.218852689726276,57.56028936101328,55.35060786054132,57.106632232666016,9006800,0.0,0.0
2008-03-17 00:00:00+05:30,54.04824874900642,55.35061618874152,51.87763634944793,53.22341537475586,17274360,0.0,0.0
2008-03-18 00:00:00+05:30,53.13657854353956,53.744350521591464,50.59913277083416,53.43829345703125,24222920,0.0,0.0
2008-03-19 00:00:00+05:30,55.35060262683539,57.953164136492354,54.048235506203966,55.24641418457031,25308920,0.0,0.0
2008-03-24 00:00:00+05:30,55.79123699890755,58.64993576525835,55.79123699890755,58.2548828125,12884240,0.0,0.0
2008-03-25 00:00:00+05:30,59.47477079441749,62.29656648904314,59.25770958713859,61.38490676879883,17537260,0.0,0.0
2008-03-26 00:00:00+05:30,60.829234308903295,63.23644244917706,60.629541695599684,62.47890090942383,24661680,0.0,0.0
2008-03-27 00:00:00+05:30,60.829213848756645,63.69442364510358,60.169352729841535,62.21841049194336,17155740,0.0,0.0
2008-03-28 00:00:00+05:30,61.86243813656237,61.91670343317339,59.30111878619493,61.081016540527344,12130140,0.0,0.0
2008-03-31 00:00:00+05:30,60.777140872579224,60.777140872579224,56.01481723284323,57.79254913330078,23602140,0.0,0.0
2008-04-01 00:00:00+05:30,57.30633572294032,58.17240788476984,55.13355075646096,56.85050582885742,15136540,0.0,0.0
2008-04-02 00:00:00+05:30,59.90889796500843,60.820557757627355,56.78321765688804,57.65146255493164,13423660,0.0,0.0
2008-04-03 00:00:00+05:30,57.521216539190085,59.40965158090421,56.657310600424296,57.788204193115234,11518100,0.0,0.0
2008-04-04 00:00:00+05:30,57.30416262991081,57.30633536187014,55.810780362110556,56.16893005371094,23299320,0.0,0.0
2008-04-07 00:00:00+05:30,55.914973318390295,57.417033297494555,55.48953185677127,56.583518981933594,12104000,0.0,0.0
2008-04-08 00:00:00+05:30,57.52122017434585,57.52122017434585,56.006130556368745,56.80708694458008,14698460,0.0,0.0
2008-04-09 00:00:00+05:30,56.826614424225,60.733715674531176,56.26442676144384,59.902374267578125,15735320,0.0,0.0
2008-04-10 00:00:00+05:30,59.70268265365896,59.70268265365896,57.351912683968784,57.58850860595703,10847260,0.0,0.0
2008-04-11 00:00:00+05:30,58.56311285868481,58.82358896502955,56.522738772926196,57.740455627441406,8359040,0.0,0.0
2008-04-15 00:00:00+05:30,56.883058401502964,57.8989032430475,55.36362997854615,56.57917404174805,17942760,0.0,0.0
2008-04-16 00:00:00+05:30,57.7795249781987,57.91192913888726,56.47498496472247,56.79623794555664,11031900,0.0,0.0
2008-04-17 00:00:00+05:30,57.21734694339052,61.42833387727891,57.21734694339052,60.82924270629883,36265280,0.0,0.0
2008-04-21 00:00:00+05:30,60.99420130748736,64.00918475813057,59.99571839541083,63.414432525634766,17950720,0.0,0.0
2008-04-22 00:00:00+05:30,62.94774012599769,65.83248496792193,62.001356591986266,65.47650146484375,13991420,0.0,0.0
2008-04-23 00:00:00+05:30,65.50039911956311,65.50039911956311,62.326964985445684,62.74589157104492,10959740,0.0,0.0
2008-04-24 00:00:00+05:30,63.81382817043971,63.81382817043971,61.128781845399615,62.626502990722656,24423020,0.0,0.0
2008-04-25 00:00:00+05:30,63.15179085459679,65.46566421724772,62.96946022764981,65.13572692871094,10903280,0.0,0.0
2008-04-28 00:00:00+05:30,65.13574768883386,67.24558365050139,65.13574768883386,66.13206481933594,23126160,0.0,0.0
2008-04-29 00:00:00+05:30,66.31321301141527,68.05944647226995,65.54487268672595,67.57050323486328,11831380,0.425,0.0
2008-04-30 00:00:00+05:30,67.58360705804871,67.58360705804871,65.70204135806281,66.53804779052734,16181420,0.0,0.0
2008-05-02 00:00:00+05:30,67.44825626921403,68.84306321281223,66.88072915603783,67.2474365234375,11967760,0.0,0.0
2008-05-05 00:00:00+05:30,67.23000198153133,68.05291227003623,66.19099072836549,66.73014068603516,8403100,0.0,0.0
2008-05-06 00:00:00+05:30,66.57514999176163,67.66654589326592,66.57514999176163,67.35440826416016,8619960,0.0,0.0
2008-05-07 00:00:00+05:30,67.20815847056377,67.75385642284401,66.15387295775321,67.31293487548828,6881160,0.0,0.0
2008-05-08 00:00:00+05:30,65.48375270596026,66.5052976494488,63.39700431930514,65.84828186035156,11781360,0.0,0.0
2008-05-09 00:00:00+05:30,68.20571318780684,69.84935556959984,63.004121921228794,63.410118103027344,12408460,0.0,0.0
2008-05-12 00:00:00+05:30,62.26850342775558,64.47530954843754,62.26850342775558,64.08895111083984,5235260,0.0,0.0
2008-05-13 00:00:00+05:30,65.03409470198365,65.26547008308245,63.73970085725422,64.62154388427734,10483240,0.0,0.0
2008-05-14 00:00:00+05:30,63.95580410841449,64.37926627944665,63.3009665236867,63.94707107543945,12053760,0.0,0.0
2008-05-15 00:00:00+05:30,63.40137091440193,64.90531771321194,63.40137091440193,64.54515838623047,4635880,0.0,0.0
2008-05-16 00:00:00+05:30,65.92031202821595,66.69302218670535,65.13450565190061,65.50121307373047,9818520,0.0,0.0
2008-05-20 00:00:00+05:30,65.48375411962256,65.7020333000213,63.30096231563514,63.7899055480957,12626240,0.0,0.0
2008-05-21 00:00:00+05:30,63.305327030722374,63.305327030722374,60.788568286369724,61.556915283203125,28917680,0.0,0.0
2008-05-22 00:00:00+05:30,61.46741149204892,61.46741149204892,58.97903045279402,60.408756256103516,10268020,0.0,0.0
2008-05-23 00:00:00+05:30,61.467419094407354,61.589654903639804,59.90017616354326,60.3105354309082,13286840,0.0,0.0
2008-05-26 00:00:00+05:30,59.80849383879376,60.31053327581957,58.32419811609433,58.83060073852539,7817180,0.0,0.0
2008-05-27 00:00:00+05:30,59.585848348324795,59.80849069662719,57.582040568197584,58.18013000488281,12565100,0.0,0.0
2008-05-28 00:00:00+05:30,58.2674304684888,59.39811474324307,57.49472049672513,58.99429702758789,8254020,0.0,0.0
2008-05-29 00:00:00+05:30,59.59020911149341,60.018034388654016,56.92720076504738,57.60605239868164,12834520,0.0,0.0
2008-05-30 00:00:00+05:30,56.79624425531664,60.37165156238262,56.79624425531664,59.751739501953125,13161520,0.0,0.0
2008-06-02 00:00:00+05:30,60.24504694828301,60.24504694828301,56.490642807255334,57.210968017578125,9821940,0.0,0.0
2008-06-03 00:00:00+05:30,57.18914214374179,57.18914214374179,54.416997370084886,55.28574752807617,10400820,0.0,0.0
2008-06-04 00:00:00+05:30,55.44291451536579,55.44291451536579,52.216748338760404,53.04184341430664,9689180,0.0,0.0
2008-06-05 00:00:00+05:30,53.26012362534591,56.31166917213087,51.53135279915517,54.489036560058594,21232940,0.0,0.0
2008-06-06 00:00:00+05:30,54.569797212065964,55.6590115634622,53.17281173570752,53.80363845825195,19993160,0.0,0.0
2008-06-09 00:00:00+05:30,52.38700651463656,52.38918810753125,50.59711779152172,51.671051025390625,11123780,0.0,0.0
2008-06-10 00:00:00+05:30,51.07731540854031,52.164344521825335,48.89452415176508,49.43367385864258,31157420,0.0,0.0
2008-06-11 00:00:00+05:30,49.98592933625385,52.81264388804222,48.99494338172239,52.227657318115234,25568940,0.0,0.0
2008-06-12 00:00:00+05:30,50.479237459231605,51.28687301763886,48.94910174313818,50.708431243896484,24675380,0.0,0.0
2008-06-13 00:00:00+05:30,50.30898150338343,51.23011985505011,48.610769849706166,48.9883918762207,14506540,0.0,0.0
2008-06-16 00:00:00+05:30,49.66287975516975,51.16463824232906,49.33109447039025,50.171470642089844,20103260,0.0,0.0
2008-06-17 00:00:00+05:30,50.204209597792946,53.47839718025771,50.204209597792946,52.98290252685547,25744440,0.0,0.0
2008-06-18 00:00:00+05:30,53.78398419982712,53.78398419982712,50.745538663604,51.00747299194336,21475980,0.0,0.0
2008-06-19 00:00:00+05:30,48.99494140392947,50.422485635649274,48.54528353945441,49.0233154296875,11940000,0.0,0.0
2008-06-20 00:00:00+05:30,48.98184873186996,49.68034480196009,47.69618444050794,47.94502258300781,12981700,0.0,0.0
2008-06-23 00:00:00+05:30,46.930017184331064,48.8901630159991,46.930017184331064,47.827144622802734,14868460,0.0,0.0
2008-06-24 00:00:00+05:30,47.14830077577693,48.40995411341542,45.48937774954408,46.25990295410156,7222820,0.0,0.0
2008-06-25 00:00:00+05:30,45.4020761668319,47.226890515225854,44.317228215045304,46.90165328979492,25943520,0.0,0.0
2008-06-26 00:00:00+05:30,47.187592281314245,47.96903215777647,45.4064366756074,46.29701614379883,27974340,0.0,0.0
2008-06-27 00:00:00+05:30,45.79496563559511,45.79496563559511,43.48120534871923,44.59879684448242,20918020,0.0,0.0
2008-06-30 00:00:00+05:30,44.09238410102003,44.328125960251064,43.437546713381124,43.978878021240234,13423280,0.0,0.0
2008-07-01 00:00:00+05:30,44.31067901807856,44.31067901807856,41.47523092029201,42.13880157470703,20463360,0.0,0.0
2008-07-02 00:00:00+05:30,42.127884233666464,45.83863051331584,41.82229469584816,44.860740661621094,18080340,0.0,0.0
2008-07-03 00:00:00+05:30,44.441644581951564,44.52895492600661,41.254767063800244,42.97698974609375,34043780,0.0,0.0
2008-07-04 00:00:00+05:30,43.05120336597927,43.96142718130108,42.91805292791966,43.6689338684082,28030260,0.0,0.0
2008-07-07 00:00:00+05:30,43.65582537352655,45.83861664220287,43.494297620601444,43.89156723022461,27912660,0.0,0.0
2008-07-08 00:00:00+05:30,43.65583590972159,44.952414769148476,41.909602473332725,43.732234954833984,24163840,0.0,0.0
2008-07-09 00:00:00+05:30,44.92185275947669,46.57640922751312,43.668929155108934,46.19878387451172,46627720,0.0,0.0
2008-07-10 00:00:00+05:30,45.83862657869197,46.99550686800366,45.02226126819957,46.02198028564453,26190300,0.0,0.0
2008-07-11 00:00:00+05:30,45.62034726963701,46.930022310870605,45.18815543861916,46.615699768066406,21049640,0.0,0.0
2008-07-14 00:00:00+05:30,46.61569391503888,46.71173727224503,44.14695730519419,45.03753662109375,19296800,0.0,0.0
2008-07-15 00:00:00+05:30,44.520223440446536,44.520223440446536,39.81193988447725,40.08260726928711,37121580,0.0,0.0
2008-07-16 00:00:00+05:30,40.07605176293917,41.036478654497685,38.95409710742088,39.44740676879883,21831700,0.0,0.0
2008-07-17 00:00:00+05:30,41.42064824616742,42.739056111814996,41.385726115216585,41.85065841674805,46489000,0.0,0.0
2008-07-18 00:00:00+05:30,42.50768832829495,45.53303786899568,42.50768832829495,45.16196060180664,56678300,0.0,0.0
2008-07-21 00:00:00+05:30,45.83861578132158,47.755106212772354,45.62906635796707,47.309818267822266,24730240,0.0,0.0
2008-07-22 00:00:00+05:30,46.71393332027169,51.29779680751818,46.71393332027169,48.07817840576172,45148360,0.0,0.0
2008-07-23 00:00:00+05:30,49.57120529203137,53.04184307451302,49.57120529203137,52.58782196044922,47566960,0.0,0.0
2008-07-24 00:00:00+05:30,54.30786181479936,54.52614099948048,51.75399602016539,52.99382019042969,26460660,0.0,0.0
2008-07-25 00:00:00+05:30,50.3439119348574,52.1556298667102,48.807227912324564,49.176116943359375,40124160,0.0,0.0
2008-07-28 00:00:00+05:30,49.17611842699786,50.40939787843123,48.457981340201414,49.2088623046875,29768040,0.0,0.0
2008-07-29 00:00:00+05:30,48.881443875666655,48.881443875666655,43.786808220532286,44.93495559692383,49470820,0.0,0.0
2008-07-30 00:00:00+05:30,45.838630022792294,48.23970111922427,45.62035083220757,47.76166915893555,36235540,0.0,0.0
2008-07-31 00:00:00+05:30,48.02141315989415,49.27869986903729,46.19878091905524,47.940650939941406,36079500,0.0,0.0
2008-08-01 00:00:00+05:30,47.79004650959526,49.11281787135559,44.801803858203264,48.383766174316406,61370000,0.0,0.0
2008-08-04 00:00:00+05:30,48.466707547089996,49.52536289985691,47.816236524817484,48.40340805053711,20113860,0.0,0.0
2008-08-05 00:00:00+05:30,48.03233625267883,52.16872622214916,47.93411128366775,51.7103385925293,41716340,0.0,0.0
2008-08-06 00:00:00+05:30,52.91087193485539,56.46009353564422,52.286593346413916,53.10295867919922,66547600,0.0,0.0
2008-08-07 00:00:00+05:30,52.38699890015881,55.22462800725074,52.38699890015881,54.68547821044922,37795060,0.0,0.0
2008-08-08 00:00:00+05:30,54.569793947477706,56.53430652958691,53.522053237550956,56.014801025390625,42487040,0.0,0.0
2008-08-11 00:00:00+05:30,58.05352597167082,58.3154636392353,56.359684148502446,57.25462341308594,53257300,0.0,0.0
2008-08-12 00:00:00+05:30,57.276451685814024,57.62569968282874,54.79680023290164,55.226810455322266,27192080,0.0,0.0
2008-08-13 00:00:00+05:30,54.18779849962867,54.569787008689495,52.92396369800463,53.14442443847656,24319980,0.0,0.0
2008-08-14 00:00:00+05:30,53.14443126790819,53.14443126790819,50.85904802784248,51.2868766784668,19485840,0.0,0.0
2008-08-18 00:00:00+05:30,51.03366716648557,53.42600484298321,50.65822675298019,52.54197692871094,30093880,0.0,0.0
2008-08-19 00:00:00+05:30,51.95043927890667,52.823555905442916,50.915794877418,52.686038970947266,18360480,0.0,0.0
2008-08-20 00:00:00+05:30,52.9196058919694,54.4824856484793,52.44812205525534,54.054656982421875,21819080,0.0,0.0
2008-08-21 00:00:00+05:30,53.78398327798501,54.13323126356861,50.66259397853749,50.9179801940918,13882360,0.0,0.0
2008-08-22 00:00:00+05:30,50.64076587362924,52.29968884658738,50.24786271364698,52.125064849853516,20124380,0.0,0.0
2008-08-25 00:00:00+05:30,52.8279247438247,54.21181385836729,52.57253851901548,52.723148345947266,15062700,0.0,0.0
2008-08-26 00:00:00+05:30,52.38700182348204,55.09366225209159,52.20146319308685,54.62654495239258,28607800,0.0,0.0
2008-08-27 00:00:00+05:30,55.172241729778605,55.355598763625096,53.52205173989083,53.871299743652344,28482020,0.0,0.0
2008-08-28 00:00:00+05:30,53.69667750584515,54.46938432640747,52.29969210625614,52.958892822265625,27136360,0.0,0.0
2008-08-29 00:00:00+05:30,53.967345610366856,56.52121134777674,53.967345610366856,55.73540496826172,24888920,0.0,0.0
2008-09-01 00:00:00+05:30,54.5479608766354,57.18914005095352,54.5479608766354,56.678367614746094,14423480,0.0,0.0
2008-09-02 00:00:00+05:30,56.85735996506338,60.5069879131815,56.10210924912007,58.48353576660156,57122060,0.0,0.0
2008-09-04 00:00:00+05:30,56.76131287399036,58.34165181182347,56.198148928271735,56.88572692871094,50381320,0.0,0.0
2008-09-05 00:00:00+05:30,55.66118703297457,55.87946619780976,54.13323287912821,54.50430679321289,47930240,0.0,0.0
2008-09-08 00:00:00+05:30,56.49064262825038,57.58203840284062,56.35749554119893,56.800601959228516,34216720,0.0,0.0
2008-09-09 00:00:00+05:30,55.442916045874036,57.34194772458471,55.28138824102765,56.47319412231445,35867160,0.0,0.0
2008-09-10 00:00:00+05:30,56.30729126845621,56.30729126845621,54.5697909885589,55.69174575805664,33393840,0.0,0.0
2008-09-11 00:00:00+05:30,55.226806290787444,56.049719615126556,54.48247692399275,54.70075607299805,24340400,0.0,0.0
2008-09-12 00:00:00+05:30,54.794619718661046,55.64809207178893,53.39108625582192,54.338417053222656,26068580,0.0,0.0
2008-09-15 00:00:00+05:30,52.61620028940138,53.04184405083457,50.45960079057164,52.53543472290039,34826660,0.0,0.0
2008-09-16 00:00:00+05:30,50.204211790274414,54.3078610723103,46.96276460980586,53.71195983886719,28293580,0.0,0.0
2008-09-17 00:00:00+05:30,54.46939081999489,54.48249036993551,50.872150489199974,51.83476257324219,33372980,0.0,0.0
2008-09-18 00:00:00+05:30,51.46586733208247,53.87130494690044,47.453894740008145,53.423831939697266,54211440,0.0,0.0
2008-09-19 00:00:00+05:30,55.01726624021518,56.92720567396384,54.79462055108731,56.732940673828125,36326260,0.0,0.0
2008-09-22 00:00:00+05:30,57.01452511972405,57.71519943020069,55.9755140796432,56.78314971923828,22754180,0.0,0.0
2008-09-23 00:00:00+05:30,55.6655634717335,56.39243361988674,53.36053561309061,53.86039352416992,22109880,0.0,0.0
2008-09-24 00:00:00+05:30,54.51739937813607,56.53429992588656,54.51739937813607,55.90565490722656,26159940,0.0,0.0
2008-09-25 00:00:00+05:30,55.66556089957642,57.398694899463045,55.35996803004774,56.780967712402344,34824680,0.0,0.0
2008-09-26 00:00:00+05:30,56.75040182813719,56.75258675156794,53.70540793587095,54.33405303955078,26172660,0.0,0.0
2008-09-29 00:00:00+05:30,55.31193713642797,55.31193713642797,51.74088998919975,52.402278900146484,28521460,0.0,0.0
2008-09-30 00:00:00+05:30,49.76765326601614,54.27075383568295,49.76765326601614,53.6835823059082,46326400,0.0,0.0
2008-10-01 00:00:00+05:30,54.04592678479174,56.97086649074341,52.884679938056706,56.54521942138672,27338800,0.0,0.0
2008-10-03 00:00:00+05:30,55.8794702153095,57.132390579910776,55.15260014446831,55.693931579589844,27906840,0.0,0.0
2008-10-06 00:00:00+05:30,54.569802695074465,55.00636111663506,52.050862068167454,52.50706481933594,30037180,0.0,0.0
2008-10-07 00:00:00+05:30,53.703218093727315,54.56978657092768,47.720185894728694,49.2808837890625,57285380,0.0,0.0
2008-10-08 00:00:00+05:30,47.75948788226958,49.37475257102012,42.56444244582357,48.28554153442383,67626300,0.0,0.0
2008-10-10 00:00:00+05:30,45.40643156036801,47.93410461974373,42.56880249508042,45.74039840698242,90773920,0.0,0.0
2008-10-13 00:00:00+05:30,46.73357833133545,51.950449910216975,45.79934361621086,51.21048355102539,44092840,0.0,0.0
2008-10-14 00:00:00+05:30,53.478396727183615,54.4824822429031,49.15646848881075,49.81130599975586,43950620,0.0,0.0
2008-10-15 00:00:00+05:30,48.67625484828126,50.37446652227396,48.152386173215824,49.625770568847656,32890720,0.0,0.0
2008-10-16 00:00:00+05:30,47.97776575112902,48.951289055554945,45.44572586114282,47.72892761230469,54627240,0.0,0.0
2008-10-17 00:00:00+05:30,49.24377947883327,49.98592728529668,43.87411084866652,44.8061637878418,34234280,0.0,0.0
2008-10-20 00:00:00+05:30,45.183784523476945,48.5823925233149,45.009160535511974,47.163578033447266,24365620,0.0,0.0
2008-10-21 00:00:00+05:30,48.02140718929763,48.98183400081354,46.80340927999716,47.56520462036133,30895360,0.0,0.0
2008-10-22 00:00:00+05:30,46.711744916411014,48.23969918937773,45.40206982529669,45.77314376831055,25920440,0.0,0.0
2008-10-23 00:00:00+05:30,44.74723046061869,48.80722441029151,43.52705068303037,46.897281646728516,34135140,0.0,0.0
2008-10-24 00:00:00+05:30,45.8386234859722,45.8386234859722,40.26595681148877,42.47275924682617,63935240,0.0,0.0
2008-10-27 00:00:00+05:30,41.473043270686865,41.473043270686865,37.63132845650025,40.70033645629883,34216220,0.0,0.0
2008-10-29 00:00:00+05:30,43.219270697445154,43.65364739491212,40.17864380720263,41.51451110839844,47965580,0.0,0.0
2008-10-31 00:00:00+05:30,42.12787912460869,46.27518328713494,42.12787912460869,44.6424560546875,58745580,0.0,0.0
2008-11-03 00:00:00+05:30,46.06344811866637,47.934102006925166,45.40206256980071,46.735748291015625,43100720,0.0,0.0
2008-11-04 00:00:00+05:30,47.12428829724678,49.40748980435211,45.84517227072883,48.57366180419922,42095380,0.0,0.0
2008-11-05 00:00:00+05:30,49.988113318353605,50.990017275958095,47.14830241368386,47.94938659667969,30025520,0.0,0.0
2008-11-06 00:00:00+05:30,46.27954701933995,48.23969288355781,45.02225696458862,46.37340545654297,26108760,0.0,0.0
2008-11-07 00:00:00+05:30,46.53712265177341,48.676259380364094,45.05282349332215,47.576133728027344,27560740,0.0,0.0
2008-11-10 00:00:00+05:30,48.4579784773026,48.66316144160115,45.947767880505396,48.051979064941406,36987140,0.0,0.0
2008-11-11 00:00:00+05:30,47.23560731538595,47.497544963185106,44.31721610939453,44.675193786621094,24708200,0.0,0.0
2008-11-12 00:00:00+05:30,43.658017801002345,46.318841550802446,43.31532121871921,43.94614791870117,38022440,0.0,0.0
2008-11-14 00:00:00+05:30,45.009170453185696,46.231535307610415,43.76061316053123,44.04655838012695,35778060,0.0,0.0
2008-11-17 00:00:00+05:30,44.14041789974567,44.301945698772435,39.565284629314,40.881507873535156,71692220,0.0,0.0
2008-11-18 00:00:00+05:30,40.16337175376607,40.63267068927058,38.66379475464564,39.949459075927734,50241820,0.0,0.0
2008-11-19 00:00:00+05:30,40.38164211425694,42.520778416714826,37.98493801757827,38.61576461791992,48777380,0.0,0.0
2008-11-20 00:00:00+05:30,37.53093096782741,37.53093096782741,35.31757973075042,35.850181579589844,64849280,0.0,0.0
2008-11-21 00:00:00+05:30,36.2365243186968,37.89326577344668,34.83735735077117,37.3890380859375,62015900,0.0,0.0
2008-11-24 00:00:00+05:30,37.32573758785628,37.415232845762446,35.27391474863039,36.19505310058594,36073340,0.0,0.0
2008-11-25 00:00:00+05:30,36.88917690395813,38.635410130181,36.160125331372214,36.4700813293457,48339900,0.0,0.0
2008-11-26 00:00:00+05:30,37.107463434609215,40.35982213278389,36.4526258445867,39.55437469482422,48547600,0.0,0.0
2008-11-27 00:00:00+05:30,39.55437469482422,39.55437469482422,39.55437469482422,39.55437469482422,0,0.0,0.0
2008-11-28 00:00:00+05:30,35.36340631897149,40.861859017664386,34.55577407468966,40.28342056274414,55185040,0.0,0.0
2008-12-01 00:00:00+05:30,40.381654436520186,42.3461673550536,38.85369994432753,39.240055084228516,42957000,0.0,0.0
2008-12-02 00:00:00+05:30,38.414952276485394,39.061056753651556,36.89354619714553,38.67470169067383,34729680,0.0,0.0
2008-12-03 00:00:00+05:30,39.37756130671328,39.37756130671328,37.592039278015925,38.43459701538086,39434520,0.0,0.0
2008-12-04 00:00:00+05:30,38.067891051561624,40.106621305725305,38.067891051561624,39.81194305419922,35790980,0.0,0.0
2008-12-05 00:00:00+05:30,40.16336570877188,40.861858359311036,37.762294932703995,38.86678695678711,39840780,0.0,0.0
2008-12-08 00:00:00+05:30,40.357637286352094,41.64766803406044,38.50881237311434,39.20294189453125,49286640,0.0,0.0
2008-12-10 00:00:00+05:30,39.42121875072932,41.034301655832365,39.42121875072932,40.32707595825195,64598740,0.0,0.0
2008-12-11 00:00:00+05:30,40.38164579792766,41.429386463144176,39.384108408411244,40.100067138671875,44658380,0.0,0.0
2008-12-12 00:00:00+05:30,39.50853779770043,40.59993386946011,38.2425176883239,40.16119384765625,32151040,0.0,0.0
2008-12-15 00:00:00+05:30,40.82475331804827,41.85284968480751,40.3816468648502,41.222023010253906,30706780,0.0,0.0
2008-12-16 00:00:00+05:30,40.90551029028848,43.61217367673924,40.700330692510455,42.998809814453125,37878500,0.0,0.0
2008-12-17 00:00:00+05:30,43.795531998384064,44.52895013381511,43.131964795220625,43.75187683105469,51596780,0.0,0.0
2008-12-18 00:00:00+05:30,43.572883090043,46.70737183402114,43.35024075393954,46.216243743896484,39705300,0.0,0.0
2008-12-19 00:00:00+05:30,45.88228379404035,47.3382055511117,45.079017995935885,45.93030548095703,40583380,0.0,0.0
2008-12-22 00:00:00+05:30,45.925936429697494,46.49346360883625,44.005082381760424,44.46346664428711,23885380,0.0,0.0
2008-12-23 00:00:00+05:30,44.17970972719755,44.44164743754575,42.48368270368339,42.77399444580078,26338860,0.0,0.0
2008-12-24 00:00:00+05:30,43.41136346547409,43.65583507608387,41.12379530940065,42.96607208251953,27097480,0.0,0.0
2008-12-26 00:00:00+05:30,43.43755529115144,44.52458463670258,42.17153542557568,42.4683952331543,16777140,0.0,0.0
2008-12-29 00:00:00+05:30,41.75244778614931,44.092401226609645,41.73498504934869,43.7584342956543,26060580,0.0,0.0
2008-12-30 00:00:00+05:30,43.61435179757997,45.153220307816596,43.45064245246278,44.485286712646484,37710760,0.0,0.0
2008-12-31 00:00:00+05:30,45.052823087416805,45.052823087416805,43.151613224419656,43.583805084228516,20786740,0.0,0.0
2009-01-02 00:00:00+05:30,44.5289482801205,45.05281692761637,43.795530175220904,44.339046478271484,20937040,0.0,0.0
2009-01-05 00:00:00+05:30,44.96550587246336,45.81679324360384,44.88037713534931,45.5810546875,20118160,0.0,0.0
2009-01-06 00:00:00+05:30,45.58324238949293,48.588947685438576,45.140135912474726,48.038883209228516,36579860,0.0,0.0
2009-01-07 00:00:00+05:30,48.67625339023296,49.12372634089714,43.48120864029717,44.05965042114258,75564760,0.0,0.0
2009-01-09 00:00:00+05:30,43.65583415113444,46.14421536547878,42.564438297356084,44.4198112487793,42827140,0.0,0.0
2009-01-12 00:00:00+05:30,44.179708492302076,44.61626688977809,43.21928135012535,43.81736755371094,36113140,0.0,0.0
2009-01-13 00:00:00+05:30,43.65583280064779,44.179701461985275,42.568803496500855,43.169071197509766,25056220,0.0,0.0
2009-01-14 00:00:00+05:30,45.607253357259296,45.607253357259296,42.21082977823627,42.67576217651367,56650340,0.0,0.0
2009-01-15 00:00:00+05:30,41.90959316304638,41.90959316304638,39.598017964509154,40.37290954589844,58494980,0.0,0.0
2009-01-16 00:00:00+05:30,40.94917112343128,41.235116285759965,40.259408188994136,40.92952346801758,15617600,0.0,0.0
2009-01-19 00:00:00+05:30,41.42938464137473,41.669489715533985,40.66540759230551,41.084503173828125,20296900,0.0,0.0
2009-01-20 00:00:00+05:30,40.381646454980135,40.381646454980135,39.37756094058598,39.83376693725586,16022220,0.0,0.0
2009-01-21 00:00:00+05:30,39.58711038241732,39.58711038241732,38.41713389864078,38.829681396484375,39520800,0.0,0.0
2009-01-22 00:00:00+05:30,39.29024732115489,40.03239510495093,38.50444104246157,39.312076568603516,32599200,0.0,0.0
2009-01-23 00:00:00+05:30,38.96719289399098,39.78355474362497,37.76665762742303,38.087528228759766,31859400,0.0,0.0
2009-01-27 00:00:00+05:30,39.15928174395783,39.46268965686211,38.41713389864078,38.829681396484375,24549860,0.0,0.0
2009-01-28 00:00:00+05:30,39.20294344594108,39.98001682129944,39.08725574290605,39.8032112121582,26349180,0.0,0.0
2009-01-29 00:00:00+05:30,40.37727959581151,40.92952562483185,39.72680860724907,40.31398010253906,46873960,0.0,0.0
2009-01-30 00:00:00+05:30,38.95846342916941,40.81820279946693,38.95846342916941,40.4078369140625,14969020,0.0,0.0
2009-02-02 00:00:00+05:30,40.16336621891013,40.18519546760374,38.28616407423426,38.796939849853516,26159440,0.0,0.0
2009-02-03 00:00:00+05:30,39.087252527065075,39.71807919443504,38.85369221670096,39.211669921875,22960400,0.0,0.0
2009-02-04 00:00:00+05:30,39.72680846193179,40.27468797299537,38.51099190093841,38.67251968383789,75987120,0.0,0.0
2009-02-05 00:00:00+05:30,39.06979372869947,39.27715829471785,38.4215042627757,38.60267639160156,21546020,0.0,0.0
2009-02-06 00:00:00+05:30,38.98465938693763,39.49979833880416,38.6965292964319,39.22039794921875,23419660,0.0,0.0
2009-02-09 00:00:00+05:30,39.639493126387265,40.25067205338623,39.42121398655182,40.13935089111328,20581120,0.0,0.0
2009-02-10 00:00:00+05:30,40.39255918649337,41.82883645763599,40.222301708306084,41.342071533203125,16643980,0.0,0.0
2009-02-11 00:00:00+05:30,40.46895652179361,41.16526760246044,39.59583984748802,40.7963752746582,18642780,0.0,0.0
2009-02-12 00:00:00+05:30,40.8269383544836,41.080143015004865,40.3620059432497,40.76800537109375,14280640,0.0,0.0
2009-02-13 00:00:00+05:30,41.03648307501081,41.643298888070206,40.905514243564944,41.217655181884766,15215800,0.0,0.0
2009-02-16 00:00:00+05:30,41.03648995248063,41.03648995248063,39.63950439275181,39.899253845214844,27995360,0.0,0.0
2009-02-17 00:00:00+05:30,39.59584698742526,39.9189026132584,37.99149680749722,38.43023681640625,34365340,0.0,0.0
2009-02-18 00:00:00+05:30,38.1988613363628,38.766388608487894,37.760121328057224,38.259979248046875,15660980,0.0,0.0
2009-02-19 00:00:00+05:30,38.59175377857091,38.94973144570812,38.170473293752025,38.61576461791992,17921580,0.0,0.0
2009-02-20 00:00:00+05:30,38.242510777296054,38.36911309842231,37.26462100630898,37.827781677246094,19994900,0.0,0.0
2009-02-24 00:00:00+05:30,37.238428214454096,37.544017724124295,36.45262186005092,37.30390930175781,15370420,0.0,0.0
2009-02-25 00:00:00+05:30,37.75793529721863,38.039517331991824,37.55275231514856,37.73174285888672,21852620,0.0,0.0
2009-02-26 00:00:00+05:30,37.819047263395696,38.54155410370445,36.71455521163372,38.19012451171875,64875240,0.0,0.0
2009-02-27 00:00:00+05:30,38.02424233836576,39.19858569674386,36.80188061217251,38.83187484741211,27103880,0.0,0.0
2009-03-02 00:00:00+05:30,38.1159076914242,38.2839835853184,36.56176106309573,36.91973876953125,37138220,0.0,0.0
2009-03-03 00:00:00+05:30,36.53775491747333,36.81060391570127,35.797788567506196,36.29983139038086,33429840,0.0,0.0
2009-03-04 00:00:00+05:30,36.277998838454316,37.107460383755814,36.23434366884391,36.62724685668945,34239980,0.0,0.0
2009-03-05 00:00:00+05:30,37.09436410012137,37.30391024614988,34.53831345625473,34.98578643798828,48449580,0.0,0.0
2009-03-06 00:00:00+05:30,34.92466948250763,36.14484932319049,33.78961839046134,35.00325012207031,47417080,0.0,0.0
2009-03-09 00:00:00+05:30,34.88100510708738,35.56640143158622,34.149768700491975,34.87009048461914,35178920,0.0,0.0
2009-03-12 00:00:00+05:30,35.57950798452245,36.408969572996234,34.53831531520815,34.8657341003418,57410880,0.0,0.0
2009-03-13 00:00:00+05:30,35.579503798098564,36.53120108813363,35.459449591540384,36.41987991333008,91452600,0.0,0.0
2009-03-16 00:00:00+05:30,36.67090213875898,37.22096660342964,36.08809712944911,36.882633209228516,54510220,0.0,0.0
2009-03-17 00:00:00+05:30,36.845524275754855,37.50036178066516,35.321936613586104,36.15357971191406,41847020,0.0,0.0
2009-03-18 00:00:00+05:30,36.66652929130601,37.54401237355614,36.33038087857483,36.80186462402344,37820820,0.0,0.0
2009-03-19 00:00:00+05:30,37.05069958699885,37.67497801284724,35.75412106172335,36.339107513427734,48852220,0.0,0.0
2009-03-20 00:00:00+05:30,36.227791430164416,36.74511195896168,35.40487808757834,36.64033889770508,40572140,0.0,0.0
2009-03-23 00:00:00+05:30,37.27553947107494,39.281525828007744,36.758215508398095,38.63541793823242,40899460,0.0,0.0
2009-03-24 00:00:00+05:30,39.99965479561373,42.52077967942599,39.726805854306676,41.110694885253906,75401080,0.0,0.0
2009-03-25 00:00:00+05:30,41.38136571722057,42.647385577583655,40.90551539157657,42.44001770019531,35818000,0.0,0.0
2009-03-26 00:00:00+05:30,43.131963919204985,43.87411174075848,42.57098487185503,43.36770248413086,46312840,0.0,0.0
2009-03-27 00:00:00+05:30,42.82637424192087,44.22336298554335,42.8220077257528,43.71913528442383,45761560,0.0,0.0
2009-03-30 00:00:00+05:30,42.78271719082071,42.78271719082071,41.067042786574035,41.27659225463867,26509680,0.0,0.0
2009-03-31 00:00:00+05:30,41.56034863858856,43.12759466040728,39.482333538131975,42.49458312988281,74405400,0.0,0.0
2009-04-01 00:00:00+05:30,43.00098917007446,43.87410570144654,41.542886161407225,43.655826568603516,25893640,0.0,0.0
2009-04-02 00:00:00+05:30,44.13604672745373,45.92157203843359,44.13604672745373,45.2514533996582,35591320,0.0,0.0
2009-04-06 00:00:00+05:30,46.05690855057852,46.93002530035252,45.41298561375541,46.45635986328125,26945760,0.0,0.0
2009-04-08 00:00:00+05:30,46.49345672385973,46.49345672385973,43.319679500319694,45.696739196777344,53028520,0.0,0.0
2009-04-09 00:00:00+05:30,46.44107527752649,47.1483009914414,45.05718613112138,45.594154357910156,29772380,0.0,0.0
2009-04-13 00:00:00+05:30,45.402068990954824,48.67407506583668,45.402068990954824,47.94938659667969,34222020,0.0,0.0
2009-04-15 00:00:00+05:30,46.05035440264982,48.22659788253645,45.51120461391107,47.26835250854492,62675520,0.0,0.0
2009-04-16 00:00:00+05:30,47.96903306889614,48.35975467988659,46.155133552811876,46.54148864746094,39041500,0.0,0.0
2009-04-17 00:00:00+05:30,47.3229282239717,47.93411061133359,46.12457429295174,46.79469299316406,47042120,0.0,0.0
2009-04-20 00:00:00+05:30,46.71174254700521,48.0214175716876,45.76222682184015,46.585140228271484,22931780,0.0,0.0
2009-04-21 00:00:00+05:30,45.402066428298674,48.02141641454667,45.175057561654505,47.458255767822266,30096100,0.0,0.0
2009-04-22 00:00:00+05:30,47.584865398805796,48.12401528698031,46.49346940342034,47.556488037109375,24182440,0.0,0.0
2009-04-23 00:00:00+05:30,47.80313600937343,48.021415169233585,46.5152902984688,47.69399642944336,28823100,0.0,0.0
2009-04-24 00:00:00+05:30,48.02142195144963,49.02114104448368,47.017336342012506,48.468894958496094,37310260,0.0,0.0
2009-04-27 00:00:00+05:30,48.02141770893676,49.76546948750008,47.58485936612824,48.69371795654297,28785580,0.0,0.0
2009-04-28 00:00:00+05:30,48.8181377137951,49.20012628223067,46.40615541764274,46.79250717163086,29601760,0.0,0.0
2009-04-29 00:00:00+05:30,47.41023768491997,48.45797842511164,46.7990553089185,48.03670120239258,42856300,0.0,0.0
2009-04-30 00:00:00+05:30,48.03670120239258,48.03670120239258,48.03670120239258,48.03670120239258,0,0.0,0.0
2009-05-04 00:00:00+05:30,50.206387956142244,52.692587433704155,48.90544603902893,52.36080551147461,45266140,0.0,0.0
2009-05-05 00:00:00+05:30,52.68386132753917,52.82137827234292,50.859047308065655,52.092323303222656,30463880,0.0,0.0
2009-05-06 00:00:00+05:30,51.9548032486258,52.343339861940464,50.68441702054551,51.16244888305664,24286180,0.0,0.0
2009-05-07 00:00:00+05:30,51.51388464168891,51.86313264949612,50.931079651567856,51.35454177856445,15457680,0.0,0.0
2009-05-08 00:00:00+05:30,50.64076524818589,51.29560272984347,48.6566084781256,49.944454193115234,45138660,0.0,0.0
2009-05-11 00:00:00+05:30,51.85003456626481,51.85003456626481,49.68034233096147,50.0732421875,33836720,0.0,0.0
2009-05-12 00:00:00+05:30,49.94227309086181,52.55943811994821,49.73490855243624,52.18181610107422,34608840,0.0,0.0
2009-05-13 00:00:00+05:30,52.168725275155886,52.3346162569038,50.07324376446916,50.8284912109375,47519520,0.0,0.0
2009-05-14 00:00:00+05:30,50.302429849102936,51.03366633965497,48.94909977453734,50.800106048583984,19203300,0.0,0.0
2009-05-15 00:00:00+05:30,51.29560373172321,52.03775155982679,50.51853043788692,51.72998046875,41519920,0.0,0.0
2009-05-18 00:00:00+05:30,55.056548773324025,67.2168816193724,55.056548773324025,60.1620979309082,271500,0.0,0.0
2009-05-19 00:00:00+05:30,60.768924690159274,65.44009798748652,52.66203576996304,61.63330841064453,99306960,0.0,0.0
2009-05-20 00:00:00+05:30,60.987195608456325,61.598381249626556,58.97903134522885,60.271240234375,29037980,0.0,0.0
2009-05-21 00:00:00+05:30,60.00057819748901,61.33644562718295,58.24561183820899,59.852149963378906,38176700,0.0,0.0
2009-05-22 00:00:00+05:30,59.32827600070155,60.85186701204565,58.549024423023745,59.801944732666016,18276080,0.0,0.0
2009-05-25 00:00:00+05:30,60.02677477698457,60.675064211030076,58.77821759516921,59.52909851074219,16761340,0.0,0.0
2009-05-26 00:00:00+05:30,59.74301434933487,60.76674423847863,57.84398281501803,58.32419967651367,24951620,0.0,0.0
2009-05-27 00:00:00+05:30,59.812849116877175,61.94761889573495,59.68843506643353,61.51543045043945,53941080,0.0,0.0
2009-05-28 00:00:00+05:30,61.161841832692254,63.46250008017349,60.41968713468841,62.86223220825195,70308860,0.0,0.0
2009-05-29 00:00:00+05:30,63.065218082565764,63.73315178184583,62.03494017691949,63.060848236083984,30721400,0.0,0.0
2009-06-01 00:00:00+05:30,63.47558374752215,64.78525884543266,61.849407831094474,62.58719253540039,22222360,0.0,0.0
2009-06-02 00:00:00+05:30,62.62429357914506,63.30096034963565,60.201393419699,61.022125244140625,19577240,0.0,0.0
2009-06-03 00:00:00+05:30,61.99128737874648,62.34053540047459,58.84369865901385,59.84123611450195,28659520,0.0,0.0
2009-06-04 00:00:00+05:30,59.41559872470151,61.105077539085094,59.02269218230494,60.62923049926758,24262960,0.0,0.0
2009-06-05 00:00:00+05:30,61.070143902802975,62.47149905899822,60.46987620509243,61.9301643371582,20214840,0.0,0.0
2009-06-08 00:00:00+05:30,61.99127773403748,62.209556880988316,60.463323705381626,61.12034606933594,15709480,0.0,0.0
2009-06-09 00:00:00+05:30,60.67724773020236,62.42784432327899,60.16647525782866,62.002197265625,12893300,0.0,0.0
2009-06-10 00:00:00+05:30,62.87531384289247,67.62288591036919,62.6461233731412,65.53832244873047,32476460,0.0,0.0
2009-06-11 00:00:00+05:30,66.57515350940399,68.53966623591099,65.54051227174303,67.95030975341797,36272980,0.0,0.0
2009-06-12 00:00:00+05:30,68.38685919526729,68.93255710350068,66.18224497508555,66.71266174316406,23487560,0.0,0.0
2009-06-15 00:00:00+05:30,66.51838613238212,68.1249241425311,65.57105541941955,66.92656707763672,18419340,0.0,0.0
2009-06-16 00:00:00+05:30,65.83299910118306,67.66654279961189,64.89439467199037,67.50064849853516,27458080,0.0,0.0
2009-06-17 00:00:00+05:30,67.22997955090217,69.15083344495892,66.35686293335799,67.43734741210938,35711420,0.0,0.0
2009-06-18 00:00:00+05:30,66.7934461207192,68.30830454930654,65.77844900703782,66.56861877441406,31335520,0.0,0.0
2009-06-19 00:00:00+05:30,67.01606853235552,68.49163785664581,66.57514700600886,68.05289459228516,17830440,0.0,0.0
2009-06-22 00:00:00+05:30,69.3644356620104,69.3644356620104,66.96983266988462,67.80025482177734,20433060,0.5,0.0
2009-06-23 00:00:00+05:30,66.5524212370235,66.5524212370235,63.988654011747535,65.26724243164062,29413000,0.0,0.0
2009-06-24 00:00:00+05:30,67.51466520441569,67.51466520441569,63.762382215921754,64.04798126220703,23783620,0.0,0.0
2009-06-25 00:00:00+05:30,65.89337260741934,65.89337260741934,63.97329716429339,64.34676361083984,39782340,0.0,0.0
2009-06-26 00:00:00+05:30,65.02778753468057,65.95926450802537,64.63235096790291,65.83184814453125,36775320,0.0,0.0
2009-06-29 00:00:00+05:30,66.12623493171799,67.35209374564977,65.55504352166824,66.24925994873047,36200480,0.0,0.0
2009-06-30 00:00:00+05:30,66.95884969253093,67.00498239335147,64.99483426242291,65.6055679321289,20584840,0.0,0.0
2009-07-01 00:00:00+05:30,65.81866964922533,66.69742356522471,65.16619459842138,66.01638793945312,11854560,0.0,0.0
2009-07-02 00:00:00+05:30,66.30199430269967,66.30199430269967,64.3797197049068,65.92852783203125,13585200,0.0,0.0
2009-07-03 00:00:00+05:30,65.46276341487201,67.00497384185965,65.15959229659501,66.59854888916016,19610540,0.0,0.0
2009-07-06 00:00:00+05:30,67.00498474389035,68.01555306778499,61.51277287963704,62.56508255004883,30500820,0.0,0.0
2009-07-07 00:00:00+05:30,63.270267874982906,63.696463965767265,61.73244886413263,62.712257385253906,20679740,0.0,0.0
2009-07-08 00:00:00+05:30,62.158651579722424,62.1718323505858,59.766241102626736,60.42750549316406,21619400,0.0,0.0
2009-07-09 00:00:00+05:30,60.45826276130218,61.90820113518788,59.97494550043409,61.50837326049805,11691480,0.0,0.0
2009-07-10 00:00:00+05:30,61.732457717543575,62.16304522511424,59.76844233423807,60.5834846496582,21467820,0.0,0.0
2009-07-13 00:00:00+05:30,60.19463360581011,60.717493174791635,59.31587983054281,60.36159896850586,15282560,0.0,0.0
2009-07-14 00:00:00+05:30,61.12394351770391,62.822131602770135,58.973190882442545,59.86732482910156,51070240,0.0,0.0
2009-07-15 00:00:00+05:30,61.07338776140787,61.07338776140787,58.571133152659165,60.71090316772461,42583380,0.0,0.0
2009-07-16 00:00:00+05:30,61.51277981900153,61.82034237722435,59.84314588304216,61.09317398071289,28846400,0.0,0.0
2009-07-17 00:00:00+05:30,61.07339085963815,63.65912157706847,60.37258414759785,63.12308120727539,24977340,0.0,0.0
2009-07-20 00:00:00+05:30,63.753601524737164,65.29142093170115,62.40471099824997,64.75318145751953,22513560,0.0,0.0
2009-07-21 00:00:00+05:30,64.45659594699279,65.01021518381398,63.78215073305972,64.1885757446289,16773220,0.0,0.0
2009-07-22 00:00:00+05:30,64.58841888366882,64.7509862279805,62.96272532746907,63.49656677246094,29869220,0.0,0.0
2009-07-23 00:00:00+05:30,64.1336613516427,64.59939989281357,63.03521886610354,64.1072998046875,25878520,0.0,0.0
2009-07-24 00:00:00+05:30,64.14904215696427,64.50054509869653,62.78697077188707,63.70746612548828,22111200,0.0,0.0
2009-07-27 00:00:00+05:30,64.01721931384863,64.58841068115261,62.611214435811206,62.980289459228516,19702420,0.0,0.0
2009-07-28 00:00:00+05:30,63.446035142954145,63.48997552402307,61.380964615570896,62.587059020996094,32996480,0.0,0.0
2009-07-29 00:00:00+05:30,63.16923192732433,63.16923192732433,60.85371330555267,62.33441162109375,19905200,0.0,0.0
2009-07-30 00:00:00+05:30,62.334392502634465,64.67627195291769,61.46881955875339,64.34014892578125,37241540,0.0,0.0
2009-07-31 00:00:00+05:30,65.03436807792603,66.32393813718011,64.775137329953,65.86698913574219,25795680,0.0,0.0
2009-08-03 00:00:00+05:30,65.90654289349837,66.30197946911527,64.15562546912001,65.6187515258789,10928980,0.0,0.0
2009-08-04 00:00:00+05:30,66.12622964620549,66.24705562328344,63.990857443940996,64.54666900634766,19447220,0.0,0.0
2009-08-05 00:00:00+05:30,64.97066263445194,64.97066263445194,62.997864565997446,63.61518859863281,21808440,0.0,0.0
2009-08-06 00:00:00+05:30,63.270279719638104,63.92934513338433,61.600645997275635,62.11032485961914,33306200,0.0,0.0
2009-08-07 00:00:00+05:30,61.95215216750642,62.655157994413784,60.59008089200855,61.08218765258789,28488020,0.0,0.0
2009-08-10 00:00:00+05:30,62.12789408614655,62.176225815738675,59.75526138920157,60.42970657348633,27679720,0.0,0.0
2009-08-11 00:00:00+05:30,60.414341171338236,60.98113458586306,59.755275631287276,60.5966796875,20270720,0.0,0.0
2009-08-12 00:00:00+05:30,59.9749541015625,62.040024440377955,59.535577148437504,61.787384033203125,18392820,0.0,0.0
2009-08-13 00:00:00+05:30,63.04619500271776,63.04619500271776,61.74343737393996,62.59143829345703,20531280,0.0,0.0
2009-08-14 00:00:00+05:30,63.66570436745802,63.66570436745802,61.996077662021925,62.712257385253906,12256400,0.0,0.0
2009-08-17 00:00:00+05:30,61.90821942620378,62.42448876549221,61.29309428004816,61.785194396972656,26981300,0.0,0.0
2009-08-18 00:00:00+05:30,61.556730916763875,63.92497308389812,61.556730916763875,63.30984115600586,25274500,0.0,0.0
2009-08-19 00:00:00+05:30,63.31203077827291,64.1358626718404,61.99609877901,63.69868469238281,22003460,0.0,0.0
2009-08-20 00:00:00+05:30,64.10509027206805,65.46716141273464,63.929342184918724,65.02998352050781,14477600,0.0,0.0
2009-08-21 00:00:00+05:30,64.9838374025677,65.24746621041402,63.505338502798296,64.41045379638672,20833940,0.0,0.0
2009-08-24 00:00:00+05:30,65.81867265607464,65.98563134877682,64.45660134230684,65.23210144042969,12741880,0.0,0.0
2009-08-25 00:00:00+05:30,64.522494301955,65.86258835584383,64.17099147455842,65.33314514160156,9548980,0.0,0.0
2009-08-26 00:00:00+05:30,65.81867207738502,66.72817892773023,63.711860290575984,64.17539978027344,13106840,0.0,0.0
2009-08-27 00:00:00+05:30,63.70965702283948,64.23690801594958,63.44602817410438,64.01721954345703,14838040,0.0,0.0
2009-08-28 00:00:00+05:30,63.92932969139091,64.36870652775787,63.05057601865702,64.05015563964844,9175820,0.0,0.0
2009-08-31 00:00:00+05:30,63.05058752559296,65.16179039154542,63.05058752559296,64.6323471069336,13194940,0.0,0.0
2009-09-01 00:00:00+05:30,65.02998614904357,65.32875925014591,62.73423895583667,63.538299560546875,12314080,0.0,0.0
2009-09-02 00:00:00+05:30,62.920995966572605,63.790960713567216,62.62661412552802,63.21537780761719,6342740,0.0,0.0
2009-09-03 00:00:00+05:30,63.48997349005856,63.621787924681676,62.61121953171865,63.06816864013672,10059660,0.0,0.0
2009-09-04 00:00:00+05:30,63.05058710793149,64.1490293920418,62.611210194287374,63.89638900756836,10667720,0.0,0.0
2009-09-07 00:00:00+05:30,64.15124736324628,64.85205428377706,63.63058663954571,64.47418975830078,15236680,0.0,0.0
2009-09-08 00:00:00+05:30,64.79271815506844,65.11346814497713,63.70965561859867,64.01062774658203,14822620,0.0,0.0
2009-09-09 00:00:00+05:30,64.35992811715647,65.11565694126008,63.95570216311309,64.82786560058594,27106000,0.0,0.0
2009-09-10 00:00:00+05:30,65.4671705681153,66.03836198776965,65.02779358443667,65.27164459228516,17774500,0.0,0.0
2009-09-11 00:00:00+05:30,65.46716497889707,65.73518518423342,64.35115048555112,65.52208709716797,14430880,0.0,0.0
2009-09-14 00:00:00+05:30,65.5220967315058,66.08229973849677,65.20354571695101,65.63414001464844,12454780,0.0,0.0
2009-09-15 00:00:00+05:30,65.68685939916699,66.70840955062302,65.56163534912534,66.53266143798828,21756800,0.0,0.0
2009-09-16 00:00:00+05:30,67.22467224988684,67.44655975140097,66.15698949695206,66.64469146728516,23157440,0.0,0.0
2009-09-17 00:00:00+05:30,67.10604873545171,67.62011903167365,66.8160650047047,67.43997955322266,24112200,0.0,0.0
2009-09-18 00:00:00+05:30,67.48829952290605,67.562992796918,66.38985719150692,66.98081970214844,8229580,0.0,0.0
2009-09-22 00:00:00+05:30,66.7852983163181,68.10342920414018,66.60955021301932,67.94305419921875,13451620,0.0,0.0
2009-09-23 00:00:00+05:30,68.32311395843749,70.25197845089036,67.29057547089073,68.96460723876953,26131400,0.0,0.0
2009-09-24 00:00:00+05:30,67.92547276522194,71.91281681376772,67.92547276522194,71.34602355957031,44450520,0.0,0.0
2009-09-25 00:00:00+05:30,70.42333159889616,71.36579696145564,69.94880372483178,70.67597198486328,11237640,0.0,0.0
2009-09-29 00:00:00+05:30,71.35483056246422,71.82935858314369,70.34866006331171,70.79901885986328,7774000,0.0,0.0
2009-09-30 00:00:00+05:30,71.00330100229672,72.93655644314259,70.48483283769947,72.51914978027344,23977240,0.0,0.0
2009-10-01 00:00:00+05:30,72.05781339492157,73.30564221295805,71.19004131406206,72.24674224853516,17295980,0.0,0.0
2009-10-05 00:00:00+05:30,71.22299547466098,72.27749731298516,71.04724069870082,71.79637908935547,10969880,0.0,0.0
2009-10-06 00:00:00+05:30,72.89263540862201,73.15187291185221,70.5156111364321,72.92119598388672,11507280,0.0,0.0
2009-10-07 00:00:00+05:30,73.55170513023343,75.13346496922458,73.3759570167281,73.71427917480469,21686660,0.0,0.0
2009-10-08 00:00:00+05:30,72.93657132971799,74.46999924895454,72.494995363923,74.13826751708984,16809880,0.0,0.0
2009-10-09 00:00:00+05:30,72.93657292146638,74.2547037573965,72.93657292146638,73.62419891357422,9009600,0.0,0.0
2009-10-12 00:00:00+05:30,73.06838249568322,75.1334526606899,72.2775027057514,74.79293823242188,15601380,0.0,0.0
2009-10-13 00:00:00+05:30,74.79293823242188,74.79293823242188,74.79293823242188,74.79293823242188,0,0.0,0.0
2009-10-14 00:00:00+05:30,74.91376596987075,75.96826791174963,74.08554287696988,74.79074096679688,15642420,0.0,0.0
2009-10-15 00:00:00+05:30,75.14882204561775,76.23188438474688,74.43483465584707,75.67387390136719,18772320,0.0,0.0
2009-10-16 00:00:00+05:30,76.10009546568276,76.39887531354664,75.23672126511691,75.55746459960938,16519700,0.0,0.0
2009-10-20 00:00:00+05:30,73.93174994230725,75.5728228461227,73.81531533807333,74.31181335449219,9388380,0.0,0.0
2009-10-21 00:00:00+05:30,72.93658494688451,74.78416611105635,72.5345579255601,72.98491668701172,12847520,0.0,0.0
2009-10-22 00:00:00+05:30,72.10176807594776,73.68352124662267,72.05782769438973,73.20021057128906,7579740,0.0,0.0
2009-10-23 00:00:00+05:30,73.59561738435914,74.65011907110816,72.98927522708144,74.33816528320312,7576980,0.0,0.0
2009-10-26 00:00:00+05:30,73.41990343246185,74.56227967287236,73.15627453617255,74.38213348388672,8164820,0.0,0.0
2009-10-27 00:00:00+05:30,72.93657986214372,74.69408781062911,72.93657986214372,73.3803482055664,19155140,0.0,0.0
2009-10-28 00:00:00+05:30,72.93658871121907,73.36717633361827,70.52660537629137,71.15930938720703,13320900,0.0,0.0
2009-10-29 00:00:00+05:30,70.52001006311986,72.03146804932001,68.99317227253216,70.88030242919922,20490880,0.0,0.0
2009-10-30 00:00:00+05:30,71.26693805141264,74.16682852593766,70.5419687849614,71.20982360839844,15292380,0.0,0.0
2009-11-03 00:00:00+05:30,71.03846074003792,72.03584827525576,69.59730490712232,70.32228088378906,9502520,0.0,0.0
2009-11-04 00:00:00+05:30,70.52000177304315,72.36538365613858,69.48087285359651,71.35262298583984,12550460,0.0,0.0
2009-11-05 00:00:00+05:30,71.17026455070965,71.96114426897542,69.72910893269604,71.32624816894531,19742900,0.0,0.0
2009-11-06 00:00:00+05:30,71.83813469584396,72.65098477322921,71.26694329317003,72.05782318115234,11478120,0.0,0.0
2009-11-09 00:00:00+05:30,72.10176801676303,75.13346661967209,72.05782763524107,75.02142333984375,17472440,0.0,0.0
2009-11-10 00:00:00+05:30,74.70945920005765,76.53506983958825,74.32939573543253,74.84566497802734,18728700,0.0,0.0
2009-11-11 00:00:00+05:30,73.61320946435445,76.45158744230321,73.61320946435445,76.26924896240234,15191800,0.0,0.0
2009-11-12 00:00:00+05:30,75.95290612923685,76.53947065906524,75.02801273401514,75.42125701904297,15689900,0.0,0.0
2009-11-13 00:00:00+05:30,74.9379341017984,76.4955313229044,74.9379341017984,75.67169952392578,17245820,0.0,0.0
2009-11-16 00:00:00+05:30,75.70244986291601,76.88217588643172,75.52889409258373,75.73101043701172,12131120,0.0,0.0
2009-11-17 00:00:00+05:30,76.66468079334919,77.19632980702913,74.75119621793993,76.87557983398438,14013800,0.0,0.0
2009-11-18 00:00:00+05:30,75.21035438219477,77.1106584416657,75.21035438219477,76.87339782714844,18930600,0.0,0.0
2009-11-19 00:00:00+05:30,76.80309036823614,76.80309036823614,74.86982781175054,75.55306243896484,11882240,0.0,0.0
2009-11-20 00:00:00+05:30,75.08951522575921,77.39624412578492,75.08951522575921,77.06671142578125,15307920,0.0,0.0
2009-11-23 00:00:00+05:30,76.24508012015293,78.20909558495539,76.24508012015293,77.5698013305664,11746440,0.0,0.0
2009-11-24 00:00:00+05:30,76.890958654513,78.20908937430465,76.45597310341232,78.07288360595703,8803300,0.0,0.0
2009-11-25 00:00:00+05:30,76.95028449410677,79.48329249967976,76.95028449410677,79.20648956298828,15749580,0.0,0.0
2009-11-26 00:00:00+05:30,76.89097182512866,79.52723371627593,76.89097182512866,77.38307189941406,16057640,0.0,0.0
2009-11-27 00:00:00+05:30,76.53945887103112,77.49290599222452,73.91857712666759,76.90634155273438,14975520,0.0,0.0
2009-11-30 00:00:00+05:30,77.55002021114622,78.51664801738215,76.55044047940346,77.60494232177734,17511280,0.0,0.0
2009-12-01 00:00:00+05:30,78.19590752330022,79.04390172322654,76.89095759238359,78.63528442382812,10975060,0.0,0.0
2009-12-02 00:00:00+05:30,78.21349518978454,79.68101942444598,78.04433746304043,79.39981842041016,23703320,0.0,0.0
2009-12-03 00:00:00+05:30,78.58475278156754,80.1423430718721,78.58475278156754,79.3932113647461,9752940,0.0,0.0
2009-12-04 00:00:00+05:30,78.4793213223006,79.13179640266586,77.99380493457451,78.62870788574219,6778560,0.0,0.0
2009-12-07 00:00:00+05:30,78.64847034747014,79.4261693895793,78.42658285277066,78.9714126586914,9102120,0.0,0.0
2009-12-08 00:00:00+05:30,78.51665640870775,80.8014151142701,77.87516984241967,80.54877471923828,13661280,0.0,0.0
2009-12-09 00:00:00+05:30,79.33609758755242,80.61687840713974,78.71437546815349,79.27897644042969,16068740,0.0,0.0
2009-12-10 00:00:00+05:30,78.7077847172557,79.30753664618285,77.87297122377672,78.43317413330078,12233920,0.0,0.0
2009-12-11 00:00:00+05:30,78.59793871557488,79.04390602571104,77.46654447600385,78.43537139892578,11953200,0.0,0.0
2009-12-14 00:00:00+05:30,78.41561105073409,79.08785730144753,76.84703199616223,77.21171569824219,16142240,0.0,0.0
2009-12-15 00:00:00+05:30,76.3000040503491,77.63790606444034,74.2547048754827,74.72923278808594,17086360,0.0,0.0
2009-12-16 00:00:00+05:30,73.66595104252016,75.08293787593924,73.59564911193374,74.40190887451172,17161840,0.0,0.0
2009-12-17 00:00:00+05:30,73.8153218148566,74.56226123044453,73.24413048375067,73.44184875488281,13195340,0.0,0.0
2009-12-18 00:00:00+05:30,72.55871148605354,73.51655675277522,72.35879416313273,73.1167221069336,12563560,0.0,0.0
2009-12-21 00:00:00+05:30,73.11670852635801,73.4286623580673,72.367570138192,72.61801147460938,17188860,0.0,0.0
2009-12-22 00:00:00+05:30,72.93657410968387,73.25292605180964,72.1500923146847,72.34561157226562,12548620,0.0,0.0
2009-12-23 00:00:00+05:30,72.4971930544821,74.6940776924967,72.4971930544821,74.27008056640625,20208740,0.0,0.0
2009-12-24 00:00:00+05:30,74.79734174745231,75.74858997562642,73.99987144231184,75.16202545166016,7437940,0.0,0.0
2009-12-29 00:00:00+05:30,75.47177967196332,75.48496044395614,74.11190749170271,74.56007385253906,10404580,0.0,0.0
2009-12-30 00:00:00+05:30,74.68309869545413,74.68309869545413,73.59563807793171,74.36454772949219,8531020,0.0,0.0
2009-12-31 00:00:00+05:30,74.69407574454551,75.30920074540379,74.24810844283336,74.79293823242188,11516440,0.0,0.0
2010-01-04 00:00:00+05:30,74.69407099858692,75.94629781177753,74.36673736225278,74.94451904296875,6100980,0.0,0.0
2010-01-05 00:00:00+05:30,75.13346202722735,75.79252748360653,74.91377354176763,75.01043701171875,16773200,0.0,0.0
2010-01-06 00:00:00+05:30,75.30921649898184,75.57284538555963,74.17123165716455,75.06097412109375,13279680,0.0,0.0
2010-01-07 00:00:00+05:30,77.69941980418038,77.69941980418038,74.76438493677031,75.25648498535156,12247960,0.0,0.0
2010-01-08 00:00:00+05:30,75.22134083820792,75.7222303485624,74.73803016224394,75.35535430908203,14171800,0.0,0.0
2010-01-11 00:00:00+05:30,76.83166329050528,76.83166329050528,74.80393597517073,75.05218505859375,27533220,0.0,0.0
2010-01-12 00:00:00+05:30,75.04558679202394,75.21254547937875,73.7538174451671,74.48318481445312,9814100,0.0,0.0
2010-01-13 00:00:00+05:30,74.03281771539231,74.46560428323659,73.1804253519743,74.22394561767578,20693500,0.0,0.0
2010-01-14 00:00:00+05:30,75.13345762627694,75.30042301084168,73.37594984554532,73.98229217529297,20345280,0.0,0.0
2010-01-15 00:00:00+05:30,74.62377113041423,74.65013267173208,73.41988271450313,74.4370346069336,23163460,0.0,0.0
2010-01-18 00:00:00+05:30,74.25470661086963,78.12122521905327,73.90760176065456,77.62252807617188,47002920,0.0,0.0
2010-01-19 00:00:00+05:30,77.55003569846568,78.59575503911515,77.01838661146407,78.1739501953125,33328440,0.0,0.0
2010-01-20 00:00:00+05:30,78.4287881110217,78.6484765931254,76.58340620222268,77.15898895263672,27304220,0.0,0.0
2010-01-21 00:00:00+05:30,77.3698805568861,77.3698805568861,74.9181565285234,75.20594787597656,25046940,0.0,0.0
2010-01-22 00:00:00+05:30,74.51832644774129,74.69407452959652,72.6729380664636,73.68790435791016,18947400,0.0,0.0
2010-01-25 00:00:00+05:30,72.93657540160126,73.7230572105313,71.67556567107732,72.79158020019531,12057580,0.0,0.0
2010-01-27 00:00:00+05:30,72.98490257304255,72.98490257304255,69.7247265363032,70.17728424072266,24215580,0.0,0.0
2010-01-28 00:00:00+05:30,70.7396885013805,71.13512507212863,69.28095381853866,70.00373077392578,34864460,0.0,0.0
2010-01-29 00:00:00+05:30,69.42157844765333,71.92602645584182,68.21329148100115,71.66459655761719,32870340,0.0,0.0
2010-02-01 00:00:00+05:30,71.5305758229318,71.5305758229318,69.64125341158754,70.28933715820312,15034660,0.0,0.0
2010-02-02 00:00:00+05:30,70.60787784113855,70.95498940238683,69.07005844389501,69.38201904296875,20669400,0.0,0.0
2010-02-03 00:00:00+05:30,70.30030877715858,71.7238924434656,69.33368087234462,71.29988861083984,15455340,0.0,0.0
2010-02-04 00:00:00+05:30,71.09119226066815,71.39436343061337,69.66321716493677,71.03627014160156,17210480,0.0,0.0
2010-02-05 00:00:00+05:30,70.21242640832578,70.21242640832578,68.76248137081693,69.12936401367188,18693880,0.0,0.0
2010-02-08 00:00:00+05:30,69.64125151271215,69.8104092368861,68.05949169881794,68.86795043945312,15181200,0.0,0.0
2010-02-09 00:00:00+05:30,68.84157416202457,69.32928282241194,68.16932799559329,69.05467224121094,23947500,0.0,0.0
2010-02-10 00:00:00+05:30,69.2018795155527,71.06703278948108,68.71856211973136,70.01692199707031,27733360,0.0,0.0
2010-02-11 00:00:00+05:30,70.4760473315625,71.75024427835861,69.86092239473608,70.2124252319336,14539380,0.0,0.0
2010-02-15 00:00:00+05:30,70.16849759541887,71.16588514944236,69.5314023585976,70.90665435791016,9604980,0.0,0.0
2010-02-16 00:00:00+05:30,70.52000756955245,71.29770672651249,69.86094207824821,70.5815200805664,14349700,0.0,0.0
2010-02-17 00:00:00+05:30,71.09120152693187,72.97832497951067,70.95499572659084,72.75863647460938,24796680,0.0,0.0
2010-02-18 00:00:00+05:30,73.15187930579573,74.25471316467149,72.53015709497483,73.9801025390625,20008840,0.0,0.0
2010-02-19 00:00:00+05:30,73.37595286359252,74.69408375335765,72.76521915284242,74.42606353759766,14691980,0.0,0.0
2010-02-22 00:00:00+05:30,74.7380275679779,75.55966038164924,74.25471020442963,74.5447006225586,13280340,0.0,0.0
2010-02-23 00:00:00+05:30,74.0372226370873,75.08293532550462,73.91858897129761,74.73802947998047,12945780,0.0,0.0
2010-02-24 00:00:00+05:30,74.25470965364927,75.1334636140475,74.1448654085995,74.71605682373047,11211380,0.0,0.0
2010-02-25 00:00:00+05:30,74.73802693898307,74.86983466942266,73.90320665482197,74.30084228515625,11673940,0.0,0.0
2010-02-26 00:00:00+05:30,74.25470748601688,76.2209220967547,73.815330518644,74.90498352050781,18702060,0.0,0.0
2010-03-02 00:00:00+05:30,75.74859488601348,77.15460670087614,74.95772162060474,76.6690902709961,15429300,0.0,0.0
2010-03-03 00:00:00+05:30,76.56364204693504,78.2530471651979,76.56364204693504,78.0619125366211,22295920,0.0,0.0
2010-03-04 00:00:00+05:30,77.98940145353208,78.516652404177,77.02716494881632,78.2596206665039,27028840,0.0,0.0
2010-03-05 00:00:00+05:30,78.45294480699734,78.86815922546931,77.81365727132957,78.38484191894531,20899300,0.0,0.0
2010-03-08 00:00:00+05:30,79.52723200415157,79.52723200415157,77.89714048663402,78.39363861083984,14745920,0.0,0.0
2010-03-09 00:00:00+05:30,77.98942101773565,79.74692909700856,77.98942101773565,79.57996368408203,24795380,0.0,0.0
2010-03-10 00:00:00+05:30,79.61509589926739,79.96220741761451,76.00781517058772,79.72274780273438,29921120,0.0,0.0
2010-03-11 00:00:00+05:30,79.79085437428812,80.62566787214672,79.22405437159001,80.27197265625,15490460,0.0,0.0
2010-03-12 00:00:00+05:30,80.27415536589646,80.4235418974102,78.4880872597397,79.14276123046875,14944880,0.0,0.0
2010-03-15 00:00:00+05:30,78.20910041883272,79.96660829341323,78.20910041883272,79.63927459716797,15025920,0.0,0.0
2010-03-16 00:00:00+05:30,79.30753489562154,79.52283200225952,77.50608682289675,79.28996276855469,20872500,0.0,0.0
2010-03-17 00:00:00+05:30,79.28996457208538,80.1775011528858,79.00436554196409,79.4261703491211,9589680,0.0,0.0
2010-03-18 00:00:00+05:30,79.6326831597719,79.6326831597719,78.67044653844158,79.12739562988281,7003940,0.0,0.0
2010-03-19 00:00:00+05:30,79.73812683859005,80.17750378765226,78.98459697999479,79.96001434326172,12679680,0.0,0.0
2010-03-22 00:00:00+05:30,79.17571643724052,81.5044153598216,78.9999683581006,80.71793365478516,30611220,0.0,0.0
2010-03-23 00:00:00+05:30,80.62566597246193,83.04223906700439,80.62566597246193,82.77861022949219,20308760,0.0,0.0
2010-03-25 00:00:00+05:30,82.60288023251125,84.79976534507804,82.17229262766934,84.63060760498047,46592800,0.0,0.0
2010-03-26 00:00:00+05:30,84.84369294643439,86.36393346084725,84.05720444018633,85.74221801757812,23105720,0.0,0.0
2010-03-29 00:00:00+05:30,71.56791654696893,87.43601849861687,71.56791654696893,86.33977508544922,26453420,0.0,0.0
2010-03-30 00:00:00+05:30,86.33756295245828,86.55286005227052,83.54312553223487,83.78258514404297,18739960,0.0,0.0
2010-03-31 00:00:00+05:30,83.48162900254164,85.36655336010129,83.36080301072968,84.95354461669922,13652160,0.0,0.0
2010-04-01 00:00:00+05:30,85.6784979686553,85.6784979686553,84.62838741557283,85.20616912841797,14818440,0.0,0.0
2010-04-05 00:00:00+05:30,86.06515996050278,86.1003109213728,84.55370216489331,85.61260223388672,14247680,0.0,0.0
2010-04-06 00:00:00+05:30,85.67850735266197,85.67850735266197,84.59763707921752,84.92716979980469,8842880,0.0,0.0
2010-04-07 00:00:00+05:30,85.23914027240463,85.58844419219346,84.62401513775029,84.87665557861328,10756100,0.0,0.0
2010-04-08 00:00:00+05:30,84.7953515112977,84.7953515112977,83.20920061229893,83.6046371459961,12477660,0.0,0.0
2010-04-09 00:00:00+05:30,83.0642170789471,85.98607123221056,83.0642170789471,85.64994812011719,12415300,0.0,0.0
2010-04-12 00:00:00+05:30,85.18201667861894,86.4649967115956,85.18201667861894,85.86305236816406,9141280,0.0,0.0
2010-04-13 00:00:00+05:30,85.67851868640722,86.24531209087526,84.84370503223288,85.75321197509766,12682600,0.0,0.0
2010-04-15 00:00:00+05:30,85.89819291278941,86.77255544859153,85.42366500675308,85.98826599121094,19094720,0.0,0.0
2010-04-16 00:00:00+05:30,85.45881686493706,86.75058617199416,84.62400334080257,86.30461883544922,10465120,0.0,0.0
2010-04-19 00:00:00+05:30,85.67851197106062,86.06516586278698,84.62400989008415,84.97990417480469,12241660,0.0,0.0
2010-04-20 00:00:00+05:30,84.75580652999606,85.98387094070269,84.75580652999606,85.43904113769531,10878640,0.0,0.0
2010-04-21 00:00:00+05:30,85.6345619805368,86.11787929095452,85.01943695305968,85.28306579589844,7889000,0.0,0.0
2010-04-22 00:00:00+05:30,85.18642449313427,86.55727874202852,83.83533470258024,84.98210906982422,13790220,0.0,0.0
2010-04-23 00:00:00+05:30,85.01944117790539,85.98826817259545,84.74043922378533,85.7575912475586,10634120,0.0,0.0
2010-04-26 00:00:00+05:30,86.01682070855672,87.73917741447356,86.01682070855672,87.4184341430664,15796560,0.0,0.0
2010-04-27 00:00:00+05:30,87.39206008868443,87.69962927288223,86.46058323421359,86.97685241699219,8968940,0.0,0.0
2010-04-28 00:00:00+05:30,86.03000770286789,87.29321642753969,86.03000770286789,86.4759750366211,11423540,0.0,0.0
2010-04-29 00:00:00+05:30,86.64072540202724,87.65568489122825,85.52251208099555,87.24925994873047,18792900,0.0,0.0
2010-04-30 00:00:00+05:30,87.7897116041794,88.31477029742378,87.12845382833046,87.8951644897461,14219220,0.0,0.0
2010-05-03 00:00:00+05:30,87.2163397597434,87.2163397597434,86.21016931898325,86.5484848022461,10014140,0.0,0.0
2010-05-04 00:00:00+05:30,87.2075363774777,87.2075363774777,84.89641600175017,85.10731506347656,9177920,0.0,0.0
2010-05-05 00:00:00+05:30,84.88760754426877,84.96230080553492,82.60724058071278,84.19998168945312,16028540,0.0,0.0
2010-05-06 00:00:00+05:30,83.70131180503783,84.18462914812343,82.4710549625694,83.28390502929688,10522460,0.0,0.0
2010-05-07 00:00:00+05:30,82.20742686461992,82.38317495611565,80.66960759877243,81.19905090332031,19571620,0.0,0.0
2010-05-10 00:00:00+05:30,81.86691099891438,85.15125646740161,80.40598394300777,84.98429107666016,12853080,0.0,0.0
2010-05-11 00:00:00+05:30,85.15124785383964,85.89818727185337,84.0637873025416,85.60380554199219,13929300,0.0,0.0
2010-05-12 00:00:00+05:30,85.63456114397871,87.04057268623684,85.63456114397871,86.77255249023438,13741640,0.0,0.0
2010-05-13 00:00:00+05:30,87.04935207480693,87.65569436165103,85.6872876637329,86.35294342041016,12744380,0.0,0.0
2010-05-14 00:00:00+05:30,86.29364205518716,86.68908538667978,85.33800242222581,85.75540924072266,9400300,0.0,0.0
2010-05-17 00:00:00+05:30,85.32701125339416,85.5379103341816,84.11872451480389,84.74922943115234,13207200,0.0,0.0
2010-05-18 00:00:00+05:30,84.27249061694063,84.58005310554344,83.05102337337556,83.29707336425781,12243120,0.0,0.0
2010-05-19 00:00:00+05:30,82.55893299697274,82.95437630703383,80.91566735993818,82.09978485107422,18180160,0.0,0.0
2010-05-20 00:00:00+05:30,82.33925315067494,82.44470605197067,80.68280656645861,81.32649230957031,6778000,0.0,0.0
2010-05-21 00:00:00+05:30,79.96661837564046,81.28474944776642,79.13619606837558,80.25440979003906,10997240,0.0,0.0
2010-05-24 00:00:00+05:30,80.6344566716735,82.05364228892789,79.57335762337512,80.16651916503906,9621820,0.0,0.0
2010-05-25 00:00:00+05:30,79.60631210686624,79.96660442180462,78.42878510600069,79.25261688232422,11068700,0.0,0.0
2010-05-26 00:00:00+05:30,79.65025486627701,81.42753386704736,79.62828467737906,80.30712127685547,14002780,0.0,0.0
2010-05-27 00:00:00+05:30,79.74691227958388,83.78917866858613,79.57116419046372,83.33222961425781,22619720,0.0,0.0
2010-05-28 00:00:00+05:30,83.3322359646844,84.09674758541338,82.83353882356344,83.34101867675781,11758500,0.0,0.0
2010-05-31 00:00:00+05:30,83.30587573786359,83.42011133586867,81.94380445657315,82.9741439819336,8768220,0.0,0.0
2010-06-01 00:00:00+05:30,83.02906685158601,83.0422476243839,80.75748871315655,81.50881958007812,11365460,0.0,0.0
2010-06-02 00:00:00+05:30,81.19685852673632,81.84493548003567,80.31810466108844,81.41873931884766,18903340,0.0,0.0
2010-06-03 00:00:00+05:30,81.90425713971693,83.92099568884753,81.90425713971693,83.72766876220703,13593780,0.0,0.0
2010-06-04 00:00:00+05:30,83.74525196068004,83.9122106479164,82.60726052941416,82.85331726074219,10188700,0.0,0.0
2010-06-07 00:00:00+05:30,82.03167606571995,83.25534249307042,79.45473451832272,82.45567321777344,19238260,0.0,0.0
2010-06-08 00:00:00+05:30,82.60287083456244,83.34981034698158,81.41655434961902,81.8427505493164,11342280,0.0,0.0
2010-06-09 00:00:00+05:30,81.72411404673413,83.28829494181268,81.35283998151708,82.64241027832031,11584680,0.0,0.0
2010-06-10 00:00:00+05:30,83.1730438234869,84.98827198718156,82.38151214753418,84.73179626464844,17020940,0.6,0.0
2010-06-11 00:00:00+05:30,84.95067660749224,86.22862883676648,84.95067660749224,86.06501770019531,21630760,0.0,0.0
2010-06-14 00:00:00+05:30,86.06501851491552,87.33412490499748,86.06501851491552,87.2523193359375,14977960,0.0,0.0
2010-06-15 00:00:00+05:30,87.33414011296274,87.55523920185632,86.36130547131275,86.84329986572266,9121560,0.0,0.0
2010-06-16 00:00:00+05:30,87.33414053838843,87.99743780830025,87.02680956457309,87.38056945800781,18168580,0.0,0.0
2010-06-17 00:00:00+05:30,87.68788768576,88.39540062237862,87.02679691460423,88.26716613769531,15977200,0.0,0.0
2010-06-18 00:00:00+05:30,88.08584383092249,88.34895219140947,87.48224785472812,88.07257843017578,9802800,0.0,0.0
2010-06-21 00:00:00+05:30,88.51037195180542,88.88181673070521,88.00184009619524,88.38876342773438,14203300,0.0,0.0
2010-06-22 00:00:00+05:30,88.21852055519092,88.43961960420143,87.66355978300416,87.86697387695312,8524880,0.0,0.0
2010-06-23 00:00:00+05:30,87.76308093946882,88.60325485540599,87.35625938825855,88.38436889648438,8488080,0.0,0.0
2010-06-24 00:00:00+05:30,88.30917502532421,88.74915998888255,87.55522643246682,88.5103759765625,17653100,0.0,0.0
2010-06-25 00:00:00+05:30,87.56186937813813,88.08587312411103,85.78644401544673,86.12472534179688,14470320,0.0,0.0
2010-06-28 00:00:00+05:30,86.32149761557237,86.84770770836447,85.04575172632943,86.25959014892578,10658160,0.0,0.0
2010-06-29 00:00:00+05:30,85.79086317148214,86.1755801615161,83.84519395331542,84.21221923828125,15902320,0.0,0.0
2010-06-30 00:00:00+05:30,83.79654578853433,85.73779531289482,83.08902608027479,84.85781860351562,17535120,0.0,0.0
2010-07-01 00:00:00+05:30,84.54827887688353,85.33097143561727,83.79654342518926,84.3448715209961,11567260,0.0,0.0
2010-07-02 00:00:00+05:30,84.34486406255988,85.05017053873402,84.01542190529207,84.58586120605469,8225000,0.0,0.0
2010-07-05 00:00:00+05:30,84.06187584833141,85.30002534161031,83.92921504622048,84.6897964477539,5160540,0.0,0.0
2010-07-06 00:00:00+05:30,84.68094896618594,87.10198662906512,84.4598498827233,86.84771728515625,12496060,0.0,0.0
2010-07-07 00:00:00+05:30,87.06217246117085,87.06880516292475,85.39066414510802,85.66703796386719,7933440,0.0,0.0
2010-07-08 00:00:00+05:30,86.67082267432285,87.1063880479651,85.88592379039325,86.03848266601562,6725840,0.0,0.0
2010-07-09 00:00:00+05:30,86.44974001201656,88.96806176416614,86.2330604852212,88.56123352050781,31402360,0.0,0.0
2010-07-12 00:00:00+05:30,88.83759966286756,90.91593622605319,88.74916138829555,90.62629699707031,29738560,0.0,0.0
2010-07-13 00:00:00+05:30,90.73906064895986,91.97721684052554,90.09345511699334,91.64778137207031,12514620,0.0,0.0
2010-07-14 00:00:00+05:30,91.97720375145471,93.34359424549997,91.67871868787596,92.25579071044922,21116060,0.0,0.0
2010-07-15 00:00:00+05:30,92.4194119011308,92.4194119011308,90.87171840039416,91.2077865600586,6477460,0.0,0.0
2010-07-16 00:00:00+05:30,91.26969672695834,91.35814175611172,89.81928731463366,90.16199493408203,9427760,0.0,0.0
2010-07-19 00:00:00+05:30,90.29685312778842,91.2696876247809,89.41245690372114,90.5555419921875,17531160,0.0,0.0
2010-07-20 00:00:00+05:30,90.55554351014214,92.36191904953097,90.0315398181838,90.40298461914062,13369180,0.0,0.0
2010-07-21 00:00:00+05:30,90.65504888551311,91.30287436462852,89.54513385299505,89.9011001586914,9284700,0.0,0.0
2010-07-22 00:00:00+05:30,89.76622167398462,91.22547687333888,89.54512260582209,90.9712142944336,11149940,0.0,0.0
2010-07-23 00:00:00+05:30,91.49078655302917,91.49078655302917,89.58491377241099,90.1465072631836,13843620,0.0,0.0
2010-07-26 00:00:00+05:30,90.42952421714583,91.08397560826938,89.94973624204843,90.7346420288086,6072980,0.0,0.0
2010-07-27 00:00:00+05:30,90.79212591446309,91.88877541928461,90.42952019862709,91.39350891113281,13291820,0.0,0.0
2010-07-28 00:00:00+05:30,91.6234700195338,92.41942816662296,91.0906203536687,92.2469711303711,13142120,0.0,0.0
2010-07-29 00:00:00+05:30,92.4592202811612,93.52491956556544,92.120938927097,92.88815307617188,22531480,0.0,0.0
2010-07-30 00:00:00+05:30,92.75991432323961,94.49774993591822,91.97722165354794,94.05113220214844,23399320,0.0,0.0
2010-08-02 00:00:00+05:30,94.18821597334949,94.84709371603311,93.80571210382709,94.46900939941406,16526680,0.0,0.0
2010-08-03 00:00:00+05:30,94.63041485905363,94.80729144020039,93.38120629275588,93.85435485839844,16220960,0.0,0.0
2010-08-04 00:00:00+05:30,93.52489809736288,94.14397273805145,92.47246446078479,93.51605224609375,14734700,0.0,0.0
2010-08-05 00:00:00+05:30,91.3139195977855,94.07323853188973,91.3139195977855,92.87266540527344,14710560,0.0,0.0
2010-08-06 00:00:00+05:30,92.56311909028861,93.30380228253435,92.04132855324627,92.45036315917969,10920880,0.0,0.0
2010-08-09 00:00:00+05:30,92.41940314095069,93.03405823165689,91.59470125323386,92.06564331054688,5236440,0.0,0.0
2010-08-10 00:00:00+05:30,92.21822296719168,92.95890630294157,91.52397530065582,92.64715576171875,14694540,0.0,0.0
2010-08-11 00:00:00+05:30,92.90583263360425,93.43867545871818,91.88656240434587,92.39730072021484,14670160,0.0,0.0
2010-08-12 00:00:00+05:30,91.84013307990385,92.10102836398869,90.56218072097394,91.67430877685547,9938860,0.0,0.0
2010-08-13 00:00:00+05:30,91.16137052857758,92.92353064765274,91.01544431105184,92.31108856201172,10499860,0.0,0.0
2010-08-16 00:00:00+05:30,91.90645339040346,94.05111691883842,91.55269355358635,92.15408325195312,7186680,0.0,0.0
2010-08-17 00:00:00+05:30,93.21537694029627,94.45353318377364,92.0258627661222,93.79244232177734,20131820,0.0,0.0
2010-08-18 00:00:00+05:30,94.18819193432111,97.23935601632917,94.18819193432111,96.9276123046875,38844340,0.0,0.0
2010-08-19 00:00:00+05:30,96.62028941376049,99.03026782311184,96.62028941376049,98.61681365966797,20763920,0.0,0.0
2010-08-20 00:00:00+05:30,97.79433475713036,99.04354322525987,97.51354135108836,98.66767883300781,8398140,0.0,0.0
2010-08-23 00:00:00+05:30,97.85180399850815,98.52173382149832,96.531842456489,97.13323211669922,8194860,0.0,0.0
2010-08-24 00:00:00+05:30,97.1332499530636,98.16799203349811,95.51922261217585,97.66609954833984,10680280,0.0,0.0
2010-08-25 00:00:00+05:30,97.32781081373628,97.94688549487614,96.33507142669075,96.94088745117188,10591220,0.0,0.0
2010-08-26 00:00:00+05:30,96.33727753420673,97.89602312477231,95.80221486880005,96.32622528076172,20388100,0.0,0.0
2010-08-27 00:00:00+05:30,96.39920949462424,96.83919455310078,93.99586330997447,94.59282684326172,11550480,0.0,0.0
2010-08-30 00:00:00+05:30,95.51480357377922,96.29749621456097,93.59566515838782,94.26338195800781,6876460,0.0,0.0
2010-08-31 00:00:00+05:30,93.96709456574062,94.63039170385173,93.40550109953247,94.37612915039062,9390160,0.0,0.0
2010-09-01 00:00:00+05:30,94.43362030187947,95.29369892068517,93.74600543473437,95.03943634033203,9616200,0.0,0.0
2010-09-02 00:00:00+05:30,95.5059524775667,97.06027867122924,95.5059524775667,96.72863006591797,11590660,0.0,0.0
2010-09-03 00:00:00+05:30,97.01825864831586,97.28358020237621,95.8795999113377,97.01605224609375,8118160,0.0,0.0
2010-09-06 00:00:00+05:30,97.19515175685801,98.1547209034202,96.62692553205022,97.4737319946289,9546440,0.0,0.0
2010-09-07 00:00:00+05:30,97.99110557127348,97.99110557127348,96.51195232792544,97.24378967285156,8407840,0.0,0.0
2010-09-08 00:00:00+05:30,96.7529450264477,97.27916184175315,96.01447501373929,96.38150024414062,9969600,0.0,0.0
2010-09-09 00:00:00+05:30,97.06249525467533,99.49458511299294,96.53627836938126,99.26685333251953,26029580,0.0,0.0
2010-09-13 00:00:00+05:30,99.49898573259445,101.4844575045607,99.40612791604022,100.92949676513672,14595580,0.0,0.0
2010-09-14 00:00:00+05:30,101.08648890417955,103.91655406048068,101.08648890417955,103.21788024902344,32697460,0.0,0.0
2010-09-15 00:00:00+05:30,103.43016250346851,105.42005452318182,103.29971483630976,105.04197692871094,25503160,0.0,0.0
2010-09-16 00:00:00+05:30,105.053011338661,106.79084672360614,104.15313653881711,105.91971588134766,25534780,0.0,0.0
2010-09-17 00:00:00+05:30,105.9197263926504,107.2772780039803,105.5527011043828,106.15409088134766,21503140,0.0,0.0
2010-09-20 00:00:00+05:30,106.26906269052243,109.22072994506144,105.96394488731144,108.1705093383789,15095460,0.0,0.0
2010-09-21 00:00:00+05:30,108.56406235058431,110.31075039231195,108.56406235058431,109.256103515625,32710780,0.0,0.0
2010-09-22 00:00:00+05:30,109.22294028169779,110.10733655928239,108.35180940848431,109.73809814453125,25049020,0.0,0.0
2010-09-23 00:00:00+05:30,109.29148323433948,109.74694678909216,108.47784025763646,108.95098876953125,12380340,0.0,0.0
2010-09-24 00:00:00+05:30,106.48795797904711,110.63798555434612,106.48795797904711,110.3395004272461,27910620,0.0,0.0
2010-09-27 00:00:00+05:30,110.54952571945554,111.0271004802525,107.61775013820517,107.82779693603516,16677440,0.0,0.0
2010-09-28 00:00:00+05:30,107.80789512030981,108.85590242888706,107.07384467542109,108.35621643066406,18864220,0.0,0.0
2010-09-29 00:00:00+05:30,109.39981993717524,109.39981993717524,107.28611331366659,108.02237701416016,15595720,0.0,0.0
2010-09-30 00:00:00+05:30,107.45415301905015,110.5053176280351,107.3082268163723,110.07859802246094,36959780,0.0,0.0
2010-10-01 00:00:00+05:30,110.19577164708346,110.7264080487892,108.88465582290272,110.58269500732422,17730260,0.0,0.0
2010-10-04 00:00:00+05:30,110.58270294041012,111.54890483542604,109.80664976186283,110.28421783447266,13980460,0.0,0.0
2010-10-05 00:00:00+05:30,109.72704268673064,110.97846419266871,107.7835800342003,108.24125671386719,17196660,0.0,0.0
2010-10-06 00:00:00+05:30,108.55964552965466,109.66514090164708,108.33854645525618,108.63703155517578,8219880,0.0,0.0
2010-10-07 00:00:00+05:30,108.64807726762838,109.22293617593064,107.3015847953104,107.61112213134766,9012840,0.0,0.0
2010-10-08 00:00:00+05:30,107.68188434486134,108.2501105981632,105.68535992824707,106.38182067871094,14906860,0.0,0.0
2010-10-11 00:00:00+05:30,107.93172831410759,107.93172831410759,104.65282516057825,105.61903381347656,19820040,0.0,0.0
2010-10-12 00:00:00+05:30,106.04131527258572,106.12754714339543,103.45446035941009,105.25641632080078,15619800,0.0,0.0
2010-10-13 00:00:00+05:30,105.4642574468516,108.33854538565468,104.66829943739373,107.95162200927734,20573400,0.0,0.0
2010-10-14 00:00:00+05:30,108.11745551106416,108.60387621028195,106.57197502397253,107.20431518554688,7707260,0.0,0.0
2010-10-15 00:00:00+05:30,107.20651048379513,108.01794023418896,105.24093665313336,105.51952362060547,11726540,0.0,0.0
2010-10-18 00:00:00+05:30,112.31390794265279,112.31390794265279,104.04922363125158,106.05901336669922,16550200,0.0,0.0
2010-10-19 00:00:00+05:30,107.14460577944854,107.14460577944854,104.29463565851722,104.7500991821289,16649040,0.0,0.0
2010-10-20 00:00:00+05:30,104.75673353510052,104.88939432261597,102.94814481595027,103.27758026123047,9860460,0.0,0.0
2010-10-21 00:00:00+05:30,103.03436696278641,105.01319934487434,102.44181640080976,104.58426666259766,14595060,0.0,0.0
2010-10-22 00:00:00+05:30,105.24316338483386,105.24316338483386,102.52364736607993,102.884033203125,12950380,0.0,0.0
2010-10-25 00:00:00+05:30,103.29748098331031,104.6904023279932,101.66134258173655,101.91339874267578,17259580,0.0,0.0
2010-10-26 00:00:00+05:30,102.05933133256461,102.85528932836144,101.30759584941521,101.7674789428711,10139440,0.0,0.0
2010-10-27 00:00:00+05:30,101.97089320904259,101.97089320904259,99.0700677591464,99.68472290039062,16440660,0.0,0.0
2010-10-28 00:00:00+05:30,99.78201110678413,102.40646282795133,99.09660936356786,100.2330551147461,42138460,0.0,0.0
2010-10-29 00:00:00+05:30,100.82117675451809,101.61713476258804,98.91972338729774,100.81675720214844,16264860,0.0,0.0
2010-11-01 00:00:00+05:30,101.61712763207039,104.6240761474423,101.04448188590226,103.88117980957031,20269600,0.0,0.0
2010-11-02 00:00:00+05:30,104.57985598367722,105.55269050381125,103.60702146354319,103.93203735351562,11122040,0.0,0.0
2010-11-03 00:00:00+05:30,104.40297718899431,104.884971512836,103.96298547827683,104.458251953125,7081520,0.0,0.0
2010-11-04 00:00:00+05:30,105.68535529853024,106.34865250751683,104.69262263491758,105.64997863769531,9716320,0.0,0.0
2010-11-08 00:00:00+05:30,105.83567741406951,106.12752974023273,102.83094253798797,103.27092742919922,8510920,0.0,0.0
2010-11-09 00:00:00+05:30,103.47436408990248,106.4282444072173,103.04764450694385,106.06122589111328,13716100,0.0,0.0
2010-11-10 00:00:00+05:30,106.12755528265778,107.0031057244654,105.39129833674397,105.94404602050781,8934340,0.0,0.0
2010-11-11 00:00:00+05:30,105.46866379632084,106.54320866142602,103.30852856025388,104.0624771118164,6728740,0.0,0.0
2010-11-12 00:00:00+05:30,103.69547023125611,105.19894130110407,101.92667756206625,102.36445617675781,12403100,0.0,0.0
2010-11-15 00:00:00+05:30,102.36885471370482,105.77377855340492,102.32463220709023,105.5018310546875,22815960,0.0,0.0
2010-11-16 00:00:00+05:30,106.11427623607052,106.11427623607052,102.81105596276458,104.9159164428711,18299340,0.0,0.0
2010-11-18 00:00:00+05:30,106.96770573719448,106.96770573719448,102.53467297905725,103.48982238769531,16631980,0.0,0.0
2010-11-19 00:00:00+05:30,103.69546133825197,104.53563508509977,101.35180990308707,101.86476135253906,11752680,0.0,0.0
2010-11-22 00:00:00+05:30,102.63417732698063,105.7273507452467,101.97088020530022,105.23872375488281,11021900,0.0,0.0
2010-11-23 00:00:00+05:30,104.57986269534119,105.24315992173871,102.03501017755875,104.88055419921875,11416240,0.0,0.0
2010-11-24 00:00:00+05:30,104.09344031272057,104.97341704762123,101.26116174253093,102.20967864990234,8257500,0.0,0.0
2010-11-25 00:00:00+05:30,102.81106249926104,104.301267998682,101.36286636086899,102.7248306274414,22687740,0.0,0.0
2010-11-26 00:00:00+05:30,102.85528378135106,103.47435844057946,100.64429321638141,101.61270141601562,15139380,0.0,0.0
2010-11-29 00:00:00+05:30,101.70556598860375,102.49709764200348,101.04226881911286,101.61270141601562,11818860,0.0,0.0
2010-11-30 00:00:00+05:30,101.57289553444463,103.21124019678888,99.87043700995412,101.05994415283203,17253560,0.0,0.0
2010-12-01 00:00:00+05:30,101.19925868975187,105.0220636976196,100.82118114971482,104.67051696777344,16081440,0.0,0.0
2010-12-02 00:00:00+05:30,105.15471106310498,106.12754554781174,104.05363534897968,105.76273345947266,14738560,0.0,0.0
2010-12-03 00:00:00+05:30,105.90645959218688,106.12755867275511,104.88940247209128,105.9352035522461,7923580,0.0,0.0
2010-12-06 00:00:00+05:30,107.01194311981786,107.23304217585053,105.03310386936226,105.3868637084961,9363120,0.0,0.0
2010-12-07 00:00:00+05:30,105.24315184242592,105.6853499594109,102.96583423891637,103.98951721191406,17194700,0.0,0.0
2010-12-08 00:00:00+05:30,103.47435493651889,103.47435493651889,100.16671505260855,100.841064453125,23488440,0.0,0.0
2010-12-09 00:00:00+05:30,100.51826366526637,101.0157365351117,98.13702254326584,98.69861602783203,36567840,0.0,0.0
2010-12-10 00:00:00+05:30,97.28359843077565,98.70969024309936,95.97026931216749,98.27191162109375,41242460,0.0,0.0
2010-12-13 00:00:00+05:30,99.18502383217296,99.27346209257362,96.46108222842895,99.00814056396484,15823360,0.0,0.0
2010-12-14 00:00:00+05:30,99.36192951029044,100.6398819781989,97.81423588319119,98.97500610351562,11844160,0.0,0.0
2010-12-15 00:00:00+05:30,98.61016487662137,98.61016487662137,95.07258048642868,95.64301300048828,22420420,0.0,0.0
2010-12-16 00:00:00+05:30,95.64747625495163,98.15031979742261,95.07261721995376,97.31898498535156,19518360,0.0,0.0
2010-12-20 00:00:00+05:30,97.27474975172147,97.27474975172147,95.1367254177863,96.06755065917969,10322440,0.0,0.0
2010-12-21 00:00:00+05:30,96.08965465568573,98.12597514779702,96.04101259166295,97.90708923339844,12351160,0.0,0.0
2010-12-22 00:00:00+05:30,98.74283559805266,99.0523729139272,95.95919941000419,96.34612274169922,15006480,0.0,0.0
2010-12-23 00:00:00+05:30,96.39919247058037,97.46046528505475,96.13166449084223,96.8833999633789,6526540,0.0,0.0
2010-12-24 00:00:00+05:30,96.79715792744533,98.37802147630497,96.17808330856005,98.09722137451172,7033420,0.0,0.0
2010-12-27 00:00:00+05:30,98.12376113368741,98.61018176963081,97.15535290879484,97.88939666748047,7541260,0.0,0.0
2010-12-28 00:00:00+05:30,98.34043371841894,100.32147928751822,97.95351038670539,99.76652526855469,9350060,0.0,0.0
2010-12-29 00:00:00+05:30,99.75991108592238,103.33286640603353,99.65156794469331,102.93489074707031,16142080,0.0,0.0
2010-12-30 00:00:00+05:30,103.30632867360978,103.6247118784123,101.17714352177107,101.94878387451172,14504700,0.0,0.0
2010-12-31 00:00:00+05:30,101.92667060283843,104.57985942547197,101.35402482497565,103.75515747070312,16497820,0.0,0.0
2011-01-03 00:00:00+05:30,104.80094346613937,106.11205913527264,103.93423227283452,105.70745086669922,10796780,0.0,0.0
2011-01-04 00:00:00+05:30,105.53057410221233,105.5969078658053,103.16481831036234,103.71977233886719,16568260,0.0,0.0
2011-01-05 00:00:00+05:30,103.90331135514168,103.90331135514168,101.59503621665074,102.06819152832031,15651840,0.0,0.0
2011-01-06 00:00:00+05:30,102.41309317035976,103.59154825895382,102.10354907066298,102.93267059326172,10870180,0.0,0.0
2011-01-07 00:00:00+05:30,102.86413689875594,102.86413689875594,99.98100966739796,100.35466766357422,15896020,0.0,0.0
2011-01-10 00:00:00+05:30,99.76210030565186,100.37896854346398,94.54195498204803,95.17208862304688,40141720,0.0,0.0
2011-01-11 00:00:00+05:30,95.95699852103624,98.11050135171557,93.96710684663687,94.92225646972656,24315180,0.0,0.0
2011-01-12 00:00:00+05:30,95.91277811624191,97.9026698343997,93.15346591873785,97.51795959472656,19810660,0.0,0.0
2011-01-13 00:00:00+05:30,97.68156516117142,98.05301672198793,94.02901100117218,94.7630615234375,18972020,0.0,0.0
2011-01-14 00:00:00+05:30,95.07260962701491,97.63736044550453,89.76623141527455,90.63072967529297,25582820,0.0,0.0
2011-01-17 00:00:00+05:30,91.09280178551666,92.552056755834,90.6749213735219,91.45098114013672,24561640,0.0,0.0
2011-01-18 00:00:00+05:30,92.27790360707188,93.56912809946711,90.5024783642885,93.27506256103516,16840320,0.0,0.0
2011-01-19 00:00:00+05:30,93.37675588918974,93.48288585892804,91.22546651849859,91.7760009765625,17984100,0.0,0.0
2011-01-20 00:00:00+05:30,91.50184707167398,94.38276754542915,90.469311495535,93.63766479492188,19277080,0.0,0.0
2011-01-21 00:00:00+05:30,93.03847830480395,93.95383161807383,91.80474856453539,92.60291290283203,16595220,0.0,0.0
2011-01-24 00:00:00+05:30,92.64050657744993,95.24947279880637,91.66767205833776,95.01068878173828,25548320,0.0,0.0
2011-01-25 00:00:00+05:30,95.12564151826037,96.17144232635766,91.53941509447807,92.1673355102539,28221080,0.0,0.0
2011-01-27 00:00:00+05:30,92.86160109184156,92.86160109184156,90.25263499822427,90.6904067993164,37891160,0.0,0.0
2011-01-28 00:00:00+05:30,90.87171026120774,92.3906596670106,90.29906452691483,90.83854675292969,35596840,0.0,0.0
2011-01-31 00:00:00+05:30,90.32780451292423,91.24536418779326,88.27157937376671,90.53121185302734,22236060,0.0,0.0
2011-02-01 00:00:00+05:30,91.84013202267434,91.84013202267434,89.10734403124353,90.19073486328125,17102460,0.0,0.0
2011-02-02 00:00:00+05:30,90.71694393312322,91.24758708858559,88.71378693821758,89.3196029663086,19524340,0.0,0.0
2011-02-03 00:00:00+05:30,89.32402472798198,91.61240146344038,88.88182658576424,91.13482666015625,11592060,0.0,0.0
2011-02-04 00:00:00+05:30,90.69483963957951,92.19831059053388,88.66072553190428,89.22452545166016,18506400,0.0,0.0
2011-02-07 00:00:00+05:30,90.42952418411672,91.09282142752099,89.33287463096268,90.1575698852539,17118920,0.0,0.0
2011-02-08 00:00:00+05:30,91.08839199165452,91.0905983939887,87.78074523863208,88.5656509399414,14391980,0.0,0.0
2011-02-09 00:00:00+05:30,88.35120467966001,89.98733672518146,87.61715402360463,89.42574310302734,14715160,0.0,0.0
2011-02-10 00:00:00+05:30,89.14713563099151,90.60638389713168,88.43961600399665,89.1405029296875,23071180,0.0,0.0
2011-02-11 00:00:00+05:30,88.21852834816805,91.09281623921112,88.21852834816805,91.06185913085938,20206840,0.0,0.0
2011-02-14 00:00:00+05:30,90.65725995143418,93.31266219171657,90.65725995143418,93.10261535644531,11844720,0.0,0.0
2011-02-15 00:00:00+05:30,93.30380336366866,94.09976132952276,91.76937534675788,93.171142578125,15199460,0.0,0.0
2011-02-16 00:00:00+05:30,93.48067171350799,93.8344315281265,92.20051312592643,92.63386535644531,9101580,0.0,0.0
2011-02-17 00:00:00+05:30,92.86160523914884,97.01826486993808,92.64050617905563,96.64682006835938,23609840,0.0,0.0
2011-02-18 00:00:00+05:30,96.57607919657906,99.18947204307554,95.74695761437144,96.22674560546875,39535740,0.0,0.0
2011-02-21 00:00:00+05:30,95.73589826808549,97.63735163859609,94.29875429870314,97.3587646484375,11201020,0.0,0.0
2011-02-22 00:00:00+05:30,96.84138212540027,96.91655499133384,93.98477948288766,94.56185150146484,11592860,0.0,0.0
2011-02-23 00:00:00+05:30,93.97593994209932,95.2052500920623,92.87044471749898,93.48509979248047,12228440,0.0,0.0
2011-02-24 00:00:00+05:30,92.2867541833947,93.68188883146128,90.46268678246939,91.05302429199219,20055540,0.0,0.0
2011-02-25 00:00:00+05:30,92.28674857210056,92.28674857210056,89.23558416776277,90.3034896850586,12619920,0.0,0.0
2011-02-28 00:00:00+05:30,91.26967650252581,93.78799768242685,89.987304832863,90.7500991821289,21962720,0.0,0.0
2011-03-01 00:00:00+05:30,91.74726292526984,95.07259463623946,91.0485890945332,94.58617401123047,20501160,0.0,0.0
2011-03-03 00:00:00+05:30,94.4048796574421,98.26968693203749,94.1904132980064,96.98068237304688,25337640,0.0,0.0
2011-03-04 00:00:00+05:30,97.72580215350304,98.73843306216125,97.57103008461306,98.09061431884766,19709880,0.0,0.0
2011-03-07 00:00:00+05:30,97.4604680818761,97.4604680818761,95.11239702059818,96.0962905883789,12855680,0.0,0.0
2011-03-08 00:00:00+05:30,95.42635752842345,98.10165755669372,95.36002376066986,97.57101440429688,17971140,0.0,0.0
2011-03-09 00:00:00+05:30,97.72580238074603,98.99490905792237,97.06250507951924,97.55113220214844,18083980,0.0,0.0
2011-03-10 00:00:00+05:30,96.92980951864043,97.94686636536937,96.50309002721629,97.65501403808594,14940620,0.0,0.0
2011-03-11 00:00:00+05:30,96.48984309057421,98.03532338492991,96.17809260141858,96.67998504638672,13107900,0.0,0.0
2011-03-14 00:00:00+05:30,96.04544315716832,98.12377324958923,96.04544315716832,97.93584442138672,13082880,0.0,0.0
2011-03-15 00:00:00+05:30,95.95698640430102,97.62407510806457,94.18819402818488,96.60480499267578,27602000,0.0,0.0
2011-03-16 00:00:00+05:30,97.10672078655556,97.50469644041011,96.33729354204033,96.56502532958984,11610680,0.0,0.0
2011-03-17 00:00:00+05:30,95.9658282700598,98.7428316454425,95.78673858920811,96.46550750732422,33521240,0.0,0.0
2011-03-18 00:00:00+05:30,96.39921595393666,97.11557494084529,94.72328759956103,95.04166412353516,9644240,0.0,0.0
2011-03-21 00:00:00+05:30,95.96585473263816,96.34171915215359,94.91563401333585,95.26939392089844,12318700,0.0,0.0
2011-03-22 00:00:00+05:30,95.47500493835605,96.08966010180407,94.72105627697488,95.14335632324219,9430540,0.0,0.0
2011-03-23 00:00:00+05:30,95.07260280945881,96.48321599584496,94.85371688309142,95.70052337646484,9314700,0.0,0.0
2011-03-24 00:00:00+05:30,96.35497435370496,97.23495110280321,95.89067169332367,96.9652099609375,8827620,0.0,0.0
2011-03-25 00:00:00+05:30,97.59312398364446,100.60007255680186,97.28358664833587,100.16008758544922,17802960,0.0,0.0
2011-03-28 00:00:00+05:30,100.15787868719738,102.23620859524259,100.15787868719738,101.56185913085938,21860620,0.0,0.0
2011-03-29 00:00:00+05:30,102.14777784595796,102.7580134831695,101.02680385930931,101.93331146240234,21636600,0.0,0.0
2011-03-30 00:00:00+05:30,102.36885769372081,104.5356256327675,101.970882112233,103.54067993164062,22194840,0.0,0.0
2011-03-31 00:00:00+05:30,103.91656437659407,105.9462522486568,101.93109227071473,103.7330551147461,37863820,0.0,0.0
2011-04-01 00:00:00+05:30,104.04922318229643,104.57985959821802,102.72262876878838,103.19799041748047,8738580,0.0,0.0
2011-04-04 00:00:00+05:30,103.47436777049887,106.34865576412383,103.47436777049887,106.16293334960938,12644540,0.0,0.0
2011-04-05 00:00:00+05:30,106.1275488929313,106.56753386354606,104.71914895908327,105.93961334228516,16825320,0.0,0.0
2011-04-06 00:00:00+05:30,105.72956668530529,105.90644322345875,103.96077431414105,105.06405639648438,12939720,0.0,0.0
2011-04-07 00:00:00+05:30,105.02205064252476,105.15471142439685,103.45667230917554,104.12660217285156,13116320,0.0,0.0
2011-04-08 00:00:00+05:30,104.09344402620569,105.4642610193408,103.69988793422692,104.02269744873047,15440340,0.0,0.0
2011-04-11 00:00:00+05:30,102.8199180926991,103.36603309040909,101.20147120708792,101.5309066772461,22416360,0.0,0.0
2011-04-13 00:00:00+05:30,100.79685979654403,105.40456367584648,100.60007838249045,104.75453186035156,18067780,0.0,0.0
2011-04-15 00:00:00+05:30,105.02205118135353,105.77378661927536,103.6512343406549,104.49583435058594,17181860,0.0,0.0
2011-04-18 00:00:00+05:30,105.19008869560872,106.12091382903175,101.89792052384571,102.22735595703125,20706540,0.0,0.0
2011-04-19 00:00:00+05:30,103.47435879935853,104.30569341384009,102.78674397002449,103.8060073852539,14924860,0.0,0.0
2011-04-20 00:00:00+05:30,104.38308700463179,105.64114135282693,103.82813288301203,104.88719940185547,13096140,0.0,0.0
2011-04-21 00:00:00+05:30,105.33158784706933,106.8748616711653,105.33158784706933,106.5984878540039,32410700,0.0,0.0
2011-04-25 00:00:00+05:30,107.14460105293388,107.94276538522544,105.50846943129375,105.72956848144531,12645740,0.0,0.0
2011-04-26 00:00:00+05:30,105.53279528502094,106.03248133634563,103.49647476423353,104.35212707519531,12643700,0.0,0.0
2011-04-27 00:00:00+05:30,105.06626929453758,105.19892332413133,102.86854423883588,104.06026458740234,14295300,0.0,0.0
2011-04-28 00:00:00+05:30,104.49804196051095,104.75672406273783,103.03215422320083,103.3748550415039,26769640,0.0,0.0
2011-04-29 00:00:00+05:30,102.81107352868058,103.46110537207394,100.86540429849907,101.50879669189453,18625880,0.0,0.0
2011-05-02 00:00:00+05:30,101.97089127598908,102.39982400103634,100.02521545937901,101.27000427246094,14156740,0.0,0.0
2011-05-03 00:00:00+05:30,101.19924857787755,101.51321221105142,98.26526648902014,98.86002349853516,21480560,0.0,0.0
2011-05-04 00:00:00+05:30,99.22925235542428,101.04889999192777,97.62849736977796,100.00089263916016,26421220,0.0,0.0
2011-05-05 00:00:00+05:30,99.75328210667391,100.59124282234163,97.72580042758557,98.18789672851562,18698980,0.0,0.0
2011-05-06 00:00:00+05:30,98.38907750700784,102.58995946798122,98.38907750700784,101.5839614868164,21551460,0.0,0.0
2011-05-09 00:00:00+05:30,101.7939991075758,102.36885797484257,99.42381707204167,100.77030944824219,7797180,0.0,0.0
2011-05-10 00:00:00+05:30,100.73274363794822,100.73274363794822,98.39351155954874,99.33539581298828,13046440,0.0,0.0
2011-05-11 00:00:00+05:30,99.93677878760701,100.33033485895392,98.21220875527968,99.98320770263672,9821700,0.0,0.0
2011-05-12 00:00:00+05:30,99.49456283897115,100.15344037306014,98.831265753378,99.06121063232422,9478860,0.0,0.0
2011-05-13 00:00:00+05:30,98.69862866400553,101.26337935971584,98.42668111201411,99.541015625,11646140,0.0,0.0
2011-05-16 00:00:00+05:30,99.27348927790752,100.20652768756504,98.88877902874073,99.62945556640625,12541240,0.0,0.0
2011-05-17 00:00:00+05:30,99.58301479721634,100.55364290471988,99.09660091599243,99.60291290283203,12223880,0.0,0.0
2011-05-18 00:00:00+05:30,99.85275281872967,100.71946407172479,99.18503611052854,100.26178741455078,13870960,0.0,0.0
2011-05-19 00:00:00+05:30,100.40109375574798,100.99805722436285,99.83508064973569,100.5470199584961,15022540,0.0,0.0
2011-05-20 00:00:00+05:30,100.37897732049953,102.58996801037837,99.73336507019533,102.39982604980469,23827740,0.0,0.0
2011-05-23 00:00:00+05:30,101.48446729126614,101.652504733969,99.31548607914739,100.14460754394531,20092800,0.0,0.0
2011-05-24 00:00:00+05:30,99.67147020550529,101.37393595097377,99.4150011907647,99.72895812988281,9004880,0.0,0.0
2011-05-25 00:00:00+05:30,99.49458117594352,100.24631666201347,99.28896066089119,99.70462799072266,8314880,0.0,0.0
2011-05-26 00:00:00+05:30,99.71568369612326,100.68851828514035,99.05238646532865,100.12250518798828,19899900,0.0,0.0
2011-05-27 00:00:00+05:30,100.15346363720754,102.23621319121364,100.04954679976335,101.86698150634766,11662040,0.0,0.0
2011-05-30 00:00:00+05:30,101.88244963368547,102.92603752296135,101.58839083691481,102.04164123535156,7849500,0.0,0.0
2011-05-31 00:00:00+05:30,102.80662862437961,106.51224375104131,102.36885011920938,106.10763549804688,35393460,0.0,0.0
2011-06-01 00:00:00+05:30,105.6853602733475,106.43709579610301,105.0110107780981,106.04796600341797,13143340,0.0,0.0
2011-06-02 00:00:00+05:30,104.86134076826332,105.38006756997483,104.41385066272264,105.09510040283203,13445520,0.825,0.0
2011-06-03 00:00:00+05:30,105.07952243342358,105.56486280248149,104.56970272860987,104.93704223632812,11977060,0.0,0.0
2011-06-06 00:00:00+05:30,104.4272150259113,106.41753516009474,104.4272150259113,106.0279312133789,11685600,0.0,0.0
2011-06-07 00:00:00+05:30,105.30883112543191,106.44870666442067,105.25095173055523,105.8164291381836,8126940,0.0,0.0
2011-06-08 00:00:00+05:30,104.91252438986729,105.61603845519149,104.55632058466949,104.87022399902344,10278780,0.0,0.0
2011-06-09 00:00:00+05:30,104.84797332873457,105.7318178373113,104.2579962995717,105.20640563964844,6459880,0.0,0.0
2011-06-10 00:00:00+05:30,105.43795014143438,105.72736746899572,103.75486180659567,105.19082641601562,8743820,0.0,0.0
2011-06-13 00:00:00+05:30,104.77673098044518,105.97225724932376,104.37599147738054,105.64276123046875,7835560,0.0,0.0
2011-06-14 00:00:00+05:30,105.88322126369528,106.7737445597833,105.32664420364027,106.08358764648438,12433200,0.0,0.0
2011-06-15 00:00:00+05:30,105.9722612602057,106.6757754065592,105.3934198188614,105.65167236328125,14077880,0.0,0.0
2011-06-16 00:00:00+05:30,105.25984390643754,105.61605456010437,104.10438946278035,104.32479858398438,8425300,0.0,0.0
2011-06-17 00:00:00+05:30,104.6587521801281,105.35335926698917,103.90848738702299,104.60531616210938,14213480,0.0,0.0
2011-06-20 00:00:00+05:30,104.28695138925636,105.14630987099527,101.16121962797428,102.36564636230469,15625700,0.0,0.0
2011-06-21 00:00:00+05:30,102.49920153992959,104.36929858324865,102.49920153992959,103.54779052734375,10157720,0.0,0.0
2011-06-22 00:00:00+05:30,103.8550320182174,104.53851015414205,102.96228719642806,103.42090606689453,6183160,0.0,0.0
2011-06-23 00:00:00+05:30,103.25615456251575,104.16672044494013,102.85542187029242,103.91291809082031,8267580,0.0,0.0
2011-06-24 00:00:00+05:30,104.59195367593868,106.41530058571952,104.26023593728257,106.1125259399414,16575460,0.0,0.0
2011-06-27 00:00:00+05:30,106.10585049275558,108.28095116485959,105.64500306336055,107.58189392089844,20512380,0.0,0.0
2011-06-28 00:00:00+05:30,108.17184456017783,108.1985591667349,107.06536931092477,107.88909912109375,12193620,0.0,0.0
2011-06-29 00:00:00+05:30,108.42121098544521,111.27088280703164,108.42121098544521,110.830078125,20504880,0.0,0.0
2011-06-30 00:00:00+05:30,111.27086697601916,112.42632132849535,110.25344942148766,112.00777435302734,26841200,0.0,0.0
2011-07-01 00:00:00+05:30,113.09643652294946,113.43483286350127,110.33581620287326,111.37104797363281,13304840,0.0,0.0
2011-07-04 00:00:00+05:30,112.87381057733806,113.18549232463826,111.86752185201094,112.74913787841797,14323360,0.0,0.0
2011-07-05 00:00:00+05:30,112.29497949254991,113.6307643559684,111.96103327669529,113.14765930175781,10637280,0.0,0.0
2011-07-06 00:00:00+05:30,112.87381669897711,113.98697070981515,111.98329349030668,113.33243560791016,11785740,0.0,0.0
2011-07-07 00:00:00+05:30,113.3680496895973,114.65262688539144,112.83595884718459,114.24520874023438,14778040,0.0,0.0
2011-07-08 00:00:00+05:30,114.25412947147687,115.02442334426794,113.70645281075778,113.9491195678711,15089360,0.0,0.0
2011-07-11 00:00:00+05:30,113.94243452687738,114.16952227878761,111.98773648092748,112.39960479736328,7945000,0.0,0.0
2011-07-12 00:00:00+05:30,111.76067106057427,111.76067106057427,109.54327000723339,110.41375732421875,14721800,0.0,0.0
2011-07-13 00:00:00+05:30,110.87013088270614,112.60442659947901,110.33804004558998,112.19255828857422,7441820,0.0,0.0
2011-07-14 00:00:00+05:30,112.45083049507983,114.27639917431377,111.04825222821277,112.64006805419922,9354344,0.0,5.0
2011-07-15 00:00:00+05:30,112.75136826682095,113.64189144225118,111.98328931035132,113.30794525146484,5490152,0.0,0.0
2011-07-18 00:00:00+05:30,113.97584268061584,115.52312948411067,113.09644828827224,114.6659927368164,6209896,0.0,0.0
2011-07-19 00:00:00+05:30,115.21144291331186,115.54538912465479,113.17437238295058,113.73094940185547,17052664,0.0,0.0
2011-07-20 00:00:00+05:30,114.96656350810174,114.96656350810174,111.76067419158596,112.00556945800781,7408644,0.0,0.0
2011-07-21 00:00:00+05:30,112.38402283323256,112.40628727160964,110.09092835760084,110.49166107177734,12881024,0.0,0.0
2011-07-22 00:00:00+05:30,111.31538644546113,112.88493067668134,111.05936241546696,111.66046142578125,12634120,0.0,0.0
2011-07-25 00:00:00+05:30,111.6604832105762,112.76250846905057,110.68090897757307,112.47309112548828,13370428,0.0,0.0
2011-07-26 00:00:00+05:30,112.50648618574674,113.58624702100077,110.2579135461169,110.9035415649414,10581528,0.0,0.0
2011-07-27 00:00:00+05:30,111.17069047196011,112.19479350280507,109.53435274588914,111.77178955078125,11062712,0.0,0.0
2011-07-28 00:00:00+05:30,111.20408994112293,111.20408994112293,107.88689222062878,108.48799133300781,21417956,0.0,0.0
2011-07-29 00:00:00+05:30,109.06682767696566,109.06682767696566,107.10767935254675,108.37667083740234,11990668,0.0,0.0
2011-08-01 00:00:00+05:30,109.8571699115898,110.41374690618869,107.86462155326468,108.64382934570312,8809416,0.0,0.0
2011-08-02 00:00:00+05:30,108.62156676621836,108.62156676621836,106.86278479201371,107.49728393554688,7929976,0.0,0.0
2011-08-03 00:00:00+05:30,106.57336039014307,108.95550573311172,105.97225454794543,107.31916809082031,8330268,0.0,0.0
2011-08-04 00:00:00+05:30,107.77557301335918,108.84419814932689,105.74963134869053,106.07244873046875,7318424,0.0,0.0
2011-08-05 00:00:00+05:30,103.5233156109238,105.9277253848714,101.76453375829989,105.31549072265625,12624376,0.0,0.0
2011-08-08 00:00:00+05:30,103.07805189150535,106.86277517909842,101.97602680480999,102.877685546875,17233492,0.0,0.0
2011-08-09 00:00:00+05:30,100.18386109347611,105.4268137730402,100.1504678319422,103.40087890625,17963696,0.0,0.0
2011-08-10 00:00:00+05:30,110.1577125605173,110.1577125605173,105.39341499664567,106.84051513671875,13068904,0.0,0.0
2011-08-11 00:00:00+05:30,106.57336555566418,107.90915034160113,105.7496288866753,106.85165405273438,8409216,0.0,0.0
2011-08-12 00:00:00+05:30,107.9981982413234,108.19856459470529,103.32295162303366,104.20233917236328,11413552,0.0,0.0
2011-08-16 00:00:00+05:30,106.50657705278982,106.50657705278982,101.21909536952063,101.61983489990234,12222592,0.0,0.0
2011-08-17 00:00:00+05:30,101.53076973935977,105.18192015504614,101.49737647946745,104.07989501953125,12536804,0.0,0.0
2011-08-18 00:00:00+05:30,104.25800126143774,105.71623708267235,102.08735095437771,102.9444808959961,22888452,0.0,0.0
2011-08-19 00:00:00+05:30,101.29703446754625,103.189396649907,100.18388024262816,102.59942626953125,17921036,0.0,0.0
2011-08-22 00:00:00+05:30,102.42130017245893,103.28956575618147,100.33970755969393,100.86288452148438,11908996,0.0,0.0
2011-08-23 00:00:00+05:30,101.83133443490769,102.96675296153037,99.13750018778617,102.27659606933594,16145092,0.0,0.0
2011-08-24 00:00:00+05:30,101.96490729482551,102.9444814645915,100.74043788407978,101.51964569091797,12742456,0.0,0.0
2011-08-25 00:00:00+05:30,102.27661579596223,102.27661579596223,98.11342278757337,98.77017974853516,23200840,0.0,0.0
2011-08-26 00:00:00+05:30,98.8480758596265,100.30630489169633,97.10042270913362,97.72379302978516,8523824,0.0,0.0
2011-08-29 00:00:00+05:30,98.95939403002777,101.95378111147724,98.65884108077975,101.61983489990234,11600396,0.0,0.0
2011-08-30 00:00:00+05:30,102.84430948724179,105.74963895562442,102.14301697252913,105.07061767578125,15589296,0.0,0.0
2011-09-02 00:00:00+05:30,107.75329403312914,107.75329403312914,104.1912016683976,105.25982666015625,15190948,0.0,0.0
2011-09-05 00:00:00+05:30,104.591936845269,105.52698883105312,103.00012814050865,104.69212341308594,11800716,0.0,0.0
2011-09-06 00:00:00+05:30,104.32478149090542,106.06129880105125,102.41015548603183,105.25982666015625,17860792,0.0,0.0
2011-09-07 00:00:00+05:30,105.97226539276046,109.07796790502047,105.27097970119783,108.66609954833984,14746572,0.0,0.0
2011-09-08 00:00:00+05:30,109.02229282366918,109.02229282366918,106.67353407979304,107.68650817871094,8164048,0.0,0.0
2011-09-09 00:00:00+05:30,107.7310479022474,108.13178743786295,104.79232527849909,105.36003112792969,10331416,0.0,0.0
2011-09-12 00:00:00+05:30,103.96858414174409,104.90363622427745,102.96674553652385,104.49176788330078,6985520,0.0,0.0
2011-09-13 00:00:00+05:30,104.85909903394283,105.92772407713737,103.30068354936193,104.12442016601562,7175952,0.0,0.0
2011-09-14 00:00:00+05:30,104.05763518885323,107.55294148759832,102.64392824149506,106.61788940429688,7749008,0.0,0.0
2011-09-15 00:00:00+05:30,108.17630638851622,108.65496125865619,104.99268860651274,107.89801788330078,8736760,0.0,0.0
2011-09-16 00:00:00+05:30,108.25421393515737,109.08907933825627,106.03903501460746,107.68650817871094,10947008,0.0,0.0
2011-09-19 00:00:00+05:30,107.28577373225325,108.42119209246269,106.21714868391045,107.92027282714844,8389220,0.0,0.0
2011-09-20 00:00:00+05:30,107.97594898424943,109.8126532710949,107.53068733895356,109.38965606689453,11835268,0.0,0.0
2011-09-21 00:00:00+05:30,109.70132323632467,110.7922127630507,108.7328779280715,110.09092712402344,12891396,0.0,0.0
2011-09-22 00:00:00+05:30,108.62156317302284,108.86645840556731,103.63463473986009,105.14852142333984,10191088,0.0,0.0
2011-09-23 00:00:00+05:30,104.31365101848571,104.63646837261535,100.74042965661373,101.60868835449219,32911224,0.0,0.0
2011-09-26 00:00:00+05:30,101.51965915777859,101.88699867090033,97.8351216143409,100.20613861083984,27785068,0.0,0.0
2011-09-27 00:00:00+05:30,101.96490485280515,102.8331636007998,101.09664610481049,101.84246063232422,16022836,0.0,0.0
2011-09-28 00:00:00+05:30,102.94447893081191,103.60124249807173,100.57346230719287,101.96490478515625,15223752,0.0,0.0
2011-09-29 00:00:00+05:30,101.86473644637728,105.7051183731168,100.77384670717771,104.77007293701172,32532984,0.0,0.0
2011-09-30 00:00:00+05:30,103.71255617007213,105.70509768885933,103.38973880289664,104.11328887939453,19028800,0.0,0.0
2011-10-03 00:00:00+05:30,102.44357234451849,103.50106875892881,100.3508439569372,101.5307846069336,18136236,0.0,0.0
2011-10-04 00:00:00+05:30,100.74046784556025,101.51967588414469,98.06889742755644,99.93899536132812,14963192,0.0,0.0
2011-10-05 00:00:00+05:30,99.95011014916797,101.57531243039286,97.18948252395614,97.66814422607422,16534992,0.0,0.0
2011-10-07 00:00:00+05:30,100.78497433631371,102.41017659505209,99.33787401486188,100.18386840820312,18887004,0.0,0.0
2011-10-10 00:00:00+05:30,100.6291263328369,101.96491119566217,100.19499353475743,101.23023223876953,24125984,0.0,0.0
2011-10-11 00:00:00+05:30,102.56600552027525,103.5010507421797,101.33040058518927,101.85358428955078,9987516,0.0,0.0
2011-10-12 00:00:00+05:30,102.84430748358399,104.61421838249865,100.95194556019328,104.00198364257812,17935560,0.0,0.0
2011-10-13 00:00:00+05:30,105.74963434345125,106.01679403208541,104.10216771461546,104.78118896484375,11733404,0.0,0.0
2011-10-14 00:00:00+05:30,104.41385581136414,106.0613225399622,103.60125466761174,105.50474548339844,6670040,0.0,0.0
2011-10-17 00:00:00+05:30,106.10583171658547,106.97409040474462,105.15965089614808,106.42864227294922,7087264,0.0,0.0
2011-10-18 00:00:00+05:30,105.50473160390075,107.17446255393344,105.08173445538966,106.45091247558594,8109020,0.0,0.0
2011-10-19 00:00:00+05:30,107.51954103374092,110.11318833705421,106.70693322787609,109.5009536743164,17378084,0.0,0.0
2011-10-20 00:00:00+05:30,108.64383943869846,109.62341368136426,106.99637274046692,108.9889144897461,11353704,0.0,0.0
2011-10-21 00:00:00+05:30,109.10022486075454,109.48982877517598,107.59746690512897,108.42120361328125,9161464,0.0,0.0
2011-10-24 00:00:00+05:30,109.70132753904703,110.64750844628387,107.5195484000209,107.83123016357422,9743092,0.0,0.0
2011-10-25 00:00:00+05:30,108.6104303482735,109.25605826907689,99.86103637881267,104.19120788574219,82630020,0.0,0.0
2011-10-28 00:00:00+05:30,108.19855031227327,110.09091178892825,106.80710805002695,107.4527359008789,18038448,0.0,0.0
2011-10-31 00:00:00+05:30,107.5306728907994,109.47869232722692,106.22828139447161,109.0890884399414,12851416,0.0,0.0
2011-11-01 00:00:00+05:30,107.99821014367926,109.75699223032439,106.86279162384524,107.37483978271484,13299516,0.0,0.0
2011-11-02 00:00:00+05:30,106.57338133157978,108.64384533860898,106.306221617184,107.5529556274414,10111820,0.0,0.0
2011-11-03 00:00:00+05:30,107.08540542207771,107.94253528584578,105.10399283442896,107.27464294433594,10505636,0.0,0.0
2011-11-04 00:00:00+05:30,108.35440679592145,108.62155966394182,106.92956432320301,107.53067016601562,6803220,0.0,0.0
2011-11-08 00:00:00+05:30,107.53067908338744,108.4991244463852,106.52884045838694,107.80896759033203,8392808,0.0,0.0
2011-11-09 00:00:00+05:30,107.97593801667267,108.13178229435786,105.81641653867808,106.25054931640625,8604988,0.0,0.0
2011-11-11 00:00:00+05:30,105.89433182664446,106.50656648713023,102.98900279181841,103.31181335449219,9210036,0.0,0.0
2011-11-14 00:00:00+05:30,104.61421206255963,106.82939125083757,104.40271687803768,104.94815826416016,12228564,0.0,0.0
2011-11-15 00:00:00+05:30,104.79230752697262,106.3729805793207,104.61419883215245,105.13738250732422,11644292,0.0,0.0
2011-11-16 00:00:00+05:30,104.6364938455673,105.08175552150588,102.47697199960356,103.67918395996094,7117600,0.0,0.0
2011-11-17 00:00:00+05:30,103.11145915008842,104.63648157010032,101.65323005012384,102.26546478271484,10777368,0.0,0.0
2011-11-18 00:00:00+05:30,101.34153488524005,102.76637053403812,100.2061165359556,102.03168487548828,11720744,0.0,0.0
2011-11-21 00:00:00+05:30,101.51965914750777,101.51965914750777,97.95756584408643,98.9927978515625,10194036,0.0,0.0
2011-11-22 00:00:00+05:30,99.51599379202138,100.0725709385092,97.95757778185549,98.8592300415039,15218304,0.0,0.0
2011-11-23 00:00:00+05:30,98.34715430839655,98.34715430839655,92.21367858531893,94.86298370361328,25565636,0.0,0.0
2011-11-24 00:00:00+05:30,95.46409039103405,96.84440415644235,91.56805114336107,95.65332794189453,28885188,0.0,0.0
2011-11-25 00:00:00+05:30,95.23032444810741,96.82213330506636,93.29343377556953,95.93161010742188,18906468,0.0,0.0
2011-11-28 00:00:00+05:30,97.06704390273887,99.05959259042226,96.64404667575496,98.14680480957031,10891716,0.0,0.0
2011-11-29 00:00:00+05:30,98.84807190199257,99.19314691281822,96.22103126730336,96.88892364501953,14831024,0.0,0.0
2011-11-30 00:00:00+05:30,95.55313529705492,100.10593075748945,95.55313529705492,98.51412200927734,28214548,0.0,0.0
2011-12-01 00:00:00+05:30,102.17641437940028,103.96858970700973,100.06142165516776,100.96307373046875,13929784,0.0,0.0
2011-12-02 00:00:00+05:30,101.33041824951874,104.16896125733255,100.88515660123423,103.74596405029297,11237028,0.0,0.0
2011-12-05 00:00:00+05:30,103.23388723864493,104.06875259761343,101.96488917535214,102.93333435058594,8753228,0.0,0.0
2011-12-07 00:00:00+05:30,104.63648034392936,104.8368467134169,102.87769830974501,103.99085235595703,11172944,0.0,0.0
2011-12-08 00:00:00+05:30,103.96859625193699,104.1244405485628,100.42876746000583,101.01873779296875,12557000,0.0,0.0
2011-12-09 00:00:00+05:30,99.51597723302707,100.45102940120013,98.06887689294949,98.79242706298828,13606912,0.0,0.0
2011-12-12 00:00:00+05:30,99.7608658535752,100.39536501158015,94.90751019041649,96.18763732910156,12071156,0.0,0.0
2011-12-13 00:00:00+05:30,95.28597484067896,99.15974909453031,94.84071327600289,97.60133361816406,14925880,0.0,0.0
2011-12-14 00:00:00+05:30,97.7349082375398,98.7924043972854,95.78688899590318,96.69967651367188,24306724,0.0,0.0
2011-12-15 00:00:00+05:30,95.50861556462259,97.06703120320617,95.0633539535987,96.03179931640625,26960140,0.0,0.0
2011-12-16 00:00:00+05:30,96.64404365393199,98.06887959224164,91.27863934805693,92.45858001708984,29424820,0.0,0.0
2011-12-19 00:00:00+05:30,91.73500547322715,91.94650742103313,89.10796512171552,90.38809204101562,32341524,0.0,0.0
2011-12-20 00:00:00+05:30,90.3881087250947,93.86115071474177,89.94284710575926,92.21368408203125,19983568,0.0,0.0
2011-12-21 00:00:00+05:30,94.84071639811152,97.82396762081785,93.0151412051817,96.944580078125,14986880,0.0,0.0
2011-12-22 00:00:00+05:30,96.06520263781854,99.02618994352434,95.46409668233062,98.5920639038086,13576068,0.0,0.0
2011-12-23 00:00:00+05:30,98.89259422401638,99.40464229533484,97.0670191282553,97.41209411621094,6855300,0.0,0.0
2011-12-26 00:00:00+05:30,97.73492822351109,99.1597640870733,97.30079541465193,98.78129577636719,4564760,0.0,0.0
2011-12-27 00:00:00+05:30,98.02433536948305,98.75902106234432,97.00023915774436,97.89076232910156,6294236,0.0,0.0
2011-12-28 00:00:00+05:30,98.51413079093267,98.62544619295632,96.41026697502444,97.91302490234375,7668340,0.0,0.0
2011-12-29 00:00:00+05:30,96.98910259170403,98.40280947121832,94.84071682067649,95.6421890258789,10930628,0.0,0.0
2011-12-30 00:00:00+05:30,96.57723289955872,96.62176177471957,93.97245676230776,95.02995300292969,7676416,0.0,0.0
2012-01-02 00:00:00+05:30,95.48634339964238,95.6867097495613,93.39361535597894,95.02995300292969,7029996,0.0,0.0
2012-01-03 00:00:00+05:30,96.0429219159534,98.15791443127665,95.7312401672626,97.768310546875,6878476,0.0,0.0
2012-01-04 00:00:00+05:30,98.38054846564344,99.05957647733459,95.92048086069664,98.69223022460938,9742956,0.0,0.0
2012-01-05 00:00:00+05:30,98.84810190842003,99.44920794849796,98.024365008188,98.77017974853516,6761212,0.0,0.0
2012-01-06 00:00:00+05:30,98.18018477710721,101.77567091068089,97.72379434557777,100.91854095458984,7954444,0.0,0.0
2012-01-09 00:00:00+05:30,100.6068644230294,101.76454738425274,99.29334396704932,101.45286560058594,8463936,0.0,0.0
2012-01-10 00:00:00+05:30,102.41017031290973,102.92221844681308,101.51964709279747,102.3433837890625,8982772,0.0,0.0
2012-01-11 00:00:00+05:30,102.52148247226356,103.30069026521237,101.29701308334401,103.00013732910156,7719112,0.0,0.0
2012-01-12 00:00:00+05:30,102.78864474558223,104.43611133348462,102.67732934377594,103.89066314697266,7975444,0.0,0.0
2012-01-13 00:00:00+05:30,104.63648291285341,105.3155041800521,102.64393440355371,104.54743194580078,7381684,0.0,0.0
2012-01-16 00:00:00+05:30,103.92406344444802,104.1578298805592,102.02057266235352,102.52149200439453,6383420,0.0,0.0
2012-01-17 00:00:00+05:30,103.27843475990929,104.4138532866761,103.07806838322182,104.2802734375,7322016,0.0,0.0
2012-01-18 00:00:00+05:30,105.2821046472936,108.06498966542966,104.54742572016681,107.28578186035156,20137244,0.0,0.0
2012-01-19 00:00:00+05:30,108.19856891487439,109.14474981587895,106.92957063586596,108.37667083740234,16842176,0.0,0.0
2012-01-20 00:00:00+05:30,109.08908837450392,109.8571673266385,106.96296702282513,109.21153259277344,14390260,0.0,0.0
2012-01-23 00:00:00+05:30,108.19855745173683,108.58816131087374,107.06313913199313,107.7532958984375,7533728,0.0,0.0
2012-01-24 00:00:00+05:30,108.03160090064942,109.77925412361215,106.98523337261608,108.82193756103516,15063952,0.0,0.0
2012-01-25 00:00:00+05:30,109.14475003819366,109.75698474009073,108.14291143508939,109.13362121582031,14819100,0.0,0.0
2012-01-27 00:00:00+05:30,112.18364311681373,112.20590755253946,106.78484696969254,107.79782104492188,14877636,0.0,0.0
2012-01-30 00:00:00+05:30,107.51953344657893,107.53066226745516,105.30435456005443,106.6512680053711,9975016,0.0,0.0
2012-01-31 00:00:00+05:30,107.64198400720169,110.20223802185073,106.82938300486093,109.55661010742188,10653848,0.0,0.0
2012-02-01 00:00:00+05:30,110.09094549154725,111.24862852580338,107.16335143437426,110.68091583251953,12020596,0.0,0.0
2012-02-02 00:00:00+05:30,111.09279568784592,111.31542654092779,109.37853540145386,110.847900390625,22841708,0.0,0.0
2012-02-03 00:00:00+05:30,110.75882854697144,113.0964520640432,110.25790922188465,112.70684814453125,14915004,0.0,0.0
2012-02-06 00:00:00+05:30,113.54171888676782,114.87750381484744,111.3154106733018,113.02967071533203,17438624,0.0,0.0
2012-02-07 00:00:00+05:30,114.43223174041519,114.74392029720943,113.09644693410684,113.3858642578125,12075708,0.0,0.0
2012-02-08 00:00:00+05:30,113.6975593457886,115.27823268873055,111.9276416580987,113.19664001464844,13861148,0.0,0.0
2012-02-09 00:00:00+05:30,112.58440026602298,117.09267404564395,112.57326464933462,116.33572387695312,17361024,0.0,0.0
2012-02-10 00:00:00+05:30,116.39138158327103,117.02588752748957,114.43223322624169,115.21144104003906,11515172,0.0,0.0
2012-02-13 00:00:00+05:30,115.46747709847006,116.88117733182766,114.85524236006525,116.20215606689453,14614324,0.0,0.0
2012-02-14 00:00:00+05:30,116.32460292384195,116.61402027087148,114.66600060468274,115.30050659179688,13114828,0.0,0.0
2012-02-15 00:00:00+05:30,115.87931869827312,119.08520730219254,115.15576867758266,118.67333221435547,19379584,0.0,0.0
2012-02-16 00:00:00+05:30,118.21696993237497,119.74198567226249,116.49158101151639,117.2040023803711,8124264,0.0,0.0
2012-02-17 00:00:00+05:30,118.2726159527914,118.6622198641653,115.79027702500098,117.61585235595703,14219648,0.0,0.0
2012-02-21 00:00:00+05:30,117.10379294988579,118.7735238379545,115.87932363196873,118.4507064819336,14831136,0.0,0.0
2012-02-22 00:00:00+05:30,117.99432130159636,119.97574081160569,117.24851357397445,118.317138671875,13923108,0.0,0.0
2012-02-23 00:00:00+05:30,117.37096168449966,119.3189812045297,117.37096168449966,118.69561767578125,17095748,0.0,0.0
2012-02-24 00:00:00+05:30,117.37097432191865,119.19654981491188,114.73279087775363,116.80326843261719,16380168,0.0,0.0
2012-02-27 00:00:00+05:30,117.30417584072792,118.317143279348,114.02037148794803,114.78843688964844,15321292,0.0,0.0
2012-02-28 00:00:00+05:30,115.60104015612804,118.75127133667736,114.25412656575912,118.10563659667969,14801148,0.0,0.0
2012-02-29 00:00:00+05:30,118.86256785737486,120.19835241353205,114.28749488189395,115.12236022949219,19988636,0.0,0.0
2012-03-01 00:00:00+05:30,115.10011279629362,116.28005320787908,112.49532996312668,114.43222045898438,12198492,0.0,0.0
2012-03-02 00:00:00+05:30,114.43223450442395,116.88117337514119,113.0407919642437,115.48973083496094,8116696,0.0,0.0
2012-03-05 00:00:00+05:30,115.76801803281528,115.97952001419026,112.55100019866529,113.75321197509766,10051372,0.0,0.0
2012-03-06 00:00:00+05:30,113.49718030354663,115.99064800715821,112.03895126603142,112.9628677368164,11597188,0.0,0.0
2012-03-07 00:00:00+05:30,112.84042821651747,115.32276040698783,110.76995759217809,114.7995834350586,7577636,0.0,0.0
2012-03-09 00:00:00+05:30,116.21327855257091,117.32643256169516,115.69010160360483,116.48043823242188,9315044,0.0,0.0
2012-03-12 00:00:00+05:30,118.88485464294699,118.99617004991603,115.10013080599923,115.53426361083984,11217384,0.0,0.0
2012-03-13 00:00:00+05:30,116.43590818597332,117.43774678413179,115.84593113173553,116.74759674072266,11079428,0.0,0.0
2012-03-14 00:00:00+05:30,117.57132617796415,117.99433015535307,116.09083943371573,117.59359741210938,11721124,0.0,0.0
2012-03-15 00:00:00+05:30,117.54907875506917,117.9943404170202,113.33022179042176,113.7198257446289,14939196,0.0,0.0
2012-03-16 00:00:00+05:30,113.54171948478084,116.85892417563942,112.42856537218495,113.06306457519531,12810608,0.0,0.0
2012-03-19 00:00:00+05:30,113.55284834352871,113.55284834352871,110.22452162232493,111.05938720703125,15299768,0.0,0.0
2012-03-20 00:00:00+05:30,110.42486543794868,113.73093383660479,109.75697310667077,112.51759338378906,6324272,0.0,0.0
2012-03-21 00:00:00+05:30,111.9832982330403,115.2893603499258,111.9832982330403,114.7995834350586,12021572,0.0,0.0
2012-03-22 00:00:00+05:30,114.40997408618934,116.30233589496997,111.337664955442,112.26158142089844,11280064,0.0,0.0
2012-03-23 00:00:00+05:30,113.43040219904692,115.48973727331814,111.52691141562516,114.42111206054688,8047164,0.0,0.0
2012-03-26 00:00:00+05:30,114.32090302179795,114.98879534714439,112.57325007831103,113.9090347290039,9832916,0.0,0.0
2012-03-27 00:00:00+05:30,114.65486262942548,116.1687493600752,113.98697022575892,115.5119857788086,11857352,0.0,0.0
2012-03-28 00:00:00+05:30,115.43407443239802,115.43407443239802,113.55284137924254,114.3097915649414,8699492,0.0,0.0
2012-03-29 00:00:00+05:30,113.09643883618725,114.45448119004004,112.42854648085545,113.56396484375,16225116,0.0,0.0
2012-03-30 00:00:00+05:30,113.98697274768698,116.6251423652163,113.48605343385437,115.734619140625,11184976,0.0,0.0
2012-04-02 00:00:00+05:30,115.32278262218642,117.98322405091989,114.89977856334515,117.62700653076172,5530932,0.0,0.0
2012-04-03 00:00:00+05:30,118.66221237816424,119.41916250783109,117.54905841589253,118.03884887695312,12920812,0.0,0.0
2012-04-04 00:00:00+05:30,116.93682475039107,117.77169022933246,116.74759401048648,117.22624206542969,4175076,0.0,0.0
2012-04-09 00:00:00+05:30,116.60288490401425,117.17059074292628,115.76801937964183,116.15762329101562,5036740,0.0,0.0
2012-04-10 00:00:00+05:30,116.52496689950094,117.10380154787535,114.84409347812162,116.84777069091797,5834072,0.0,0.0
2012-04-11 00:00:00+05:30,116.1798924162964,118.20584110861155,115.12239598093146,117.2040023803711,7463248,0.0,0.0
2012-04-12 00:00:00+05:30,116.88117745027257,118.99617018508702,116.72533316267757,118.08338928222656,12103288,0.0,0.0
2012-04-13 00:00:00+05:30,119.41917512770821,119.71972129396036,116.63628992794159,117.84961700439453,9833428,0.0,0.0
2012-04-16 00:00:00+05:30,117.74944416823858,118.21696344711354,116.68080537942726,117.93867492675781,17396084,0.0,0.0
2012-04-17 00:00:00+05:30,118.43957640392946,119.3078418918365,116.01289543702335,118.04997253417969,15665808,0.0,0.0
2012-04-18 00:00:00+05:30,118.66222525666777,120.19838332664524,118.66222525666777,119.69746398925781,12000284,0.0,0.0
2012-04-19 00:00:00+05:30,120.22062714023765,123.69366204452247,119.59726364309743,123.34858703613281,16366676,0.0,0.0
2012-04-20 00:00:00+05:30,122.94786436195722,124.22799151466207,121.6566083864553,122.69183349609375,15725100,0.0,0.0
2012-04-23 00:00:00+05:30,122.88106877278977,123.7827207657425,120.95530698023086,121.41169738769531,8437648,0.0,0.0
2012-04-24 00:00:00+05:30,121.57866526459152,121.66772301318927,120.08704988786401,120.63248443603516,8760780,0.0,0.0
2012-04-25 00:00:00+05:30,121.11116425797488,122.33563374955368,119.77537935807075,121.70114135742188,10778388,0.0,0.0
2012-04-26 00:00:00+05:30,121.33379361896355,122.43581886582463,119.99800873508507,120.33195495605469,9338952,0.0,0.0
2012-04-27 00:00:00+05:30,120.66589242496393,121.55641561629207,118.92937491953515,120.4766616821289,4549020,0.0,0.0
2012-04-30 00:00:00+05:30,121.06661608938025,122.22429886919014,120.29853717663974,120.7771987915039,6039020,0.0,0.0
2012-05-02 00:00:00+05:30,120.37647653514527,122.66957106238905,120.37647653514527,122.4246826171875,8978348,0.0,0.0
2012-05-03 00:00:00+05:30,121.44509649074007,124.22798137824557,121.43396766885107,123.34858703613281,13714548,0.0,0.0
2012-05-04 00:00:00+05:30,122.71409172111298,123.2706686850256,119.02955493767247,119.66404724121094,12351888,0.0,0.0
2012-05-07 00:00:00+05:30,118.41733916454847,119.00730268741023,114.96656143790248,118.49525451660156,16712688,0.0,0.0
2012-05-08 00:00:00+05:30,118.63995408395022,119.4191618532694,114.26525360087896,114.73277282714844,11283080,0.0,0.0
2012-05-09 00:00:00+05:30,114.36545825849613,116.34686446080363,112.51761832257446,114.13169860839844,15023992,0.0,0.0
2012-05-10 00:00:00+05:30,113.7754696369513,116.41365281664879,113.54171001047328,115.21144104003906,12084380,0.0,0.0
2012-05-11 00:00:00+05:30,114.26526760981756,115.76802563488579,113.14098469390935,113.6641616821289,8050084,0.0,0.0
2012-05-14 00:00:00+05:30,113.70868018208365,113.94243980253549,109.99074313443566,111.4378433227539,11034848,0.0,0.0
2012-05-15 00:00:00+05:30,110.4248867391861,112.30611988617434,110.4248867391861,111.11504364013672,8019464,0.0,0.0
2012-05-16 00:00:00+05:30,109.97962070447535,111.02598823450712,108.19857421533405,110.24678039550781,16960872,0.0,0.0
2012-05-17 00:00:00+05:30,110.64750538103755,112.76249793862277,110.20224378996697,110.82560729980469,11618520,0.0,0.0
2012-05-18 00:00:00+05:30,109.04456224207374,112.18365785556387,108.8664603211726,111.4378433227539,9614416,0.0,0.0
2012-05-21 00:00:00+05:30,111.37105945501355,113.06305492050701,109.96848811057261,110.74769592285156,8542340,0.0,0.0
2012-05-22 00:00:00+05:30,112.16138671383197,112.42854637337022,108.41006342362657,108.92211151123047,11096812,0.0,0.0
2012-05-23 00:00:00+05:30,109.08908461048435,109.73471252792001,107.35256720577432,108.4657211303711,12695888,0.0,0.0
2012-05-24 00:00:00+05:30,109.75698992681767,111.9165115132216,107.975943437133,111.24861907958984,11539244,0.0,0.0
2012-05-25 00:00:00+05:30,111.27087791893538,112.01669250332145,110.33583257831307,111.3154067993164,11194572,0.0,0.0
2012-05-28 00:00:00+05:30,111.58257530600802,113.67530376028671,111.31541559092828,113.26343536376953,12206852,0.0,0.0
2012-05-29 00:00:00+05:30,113.57511087387384,113.9758504242831,111.78293549984987,112.41743469238281,10573024,0.0,0.0
2012-05-30 00:00:00+05:30,111.32654130098156,112.51761757332042,110.5473334136398,111.46012115478516,10167280,0.0,0.0
2012-05-31 00:00:00+05:30,110.42487991616649,113.29681595838134,110.28017125091341,112.69571685791016,19039120,0.0,0.0
2012-06-01 00:00:00+05:30,112.20592669545715,112.90721237847315,109.08909539836112,109.17814636230469,11708748,0.0,0.0
2012-06-04 00:00:00+05:30,108.64382257776226,110.98144580945592,107.98705904738739,110.3469467163086,11360968,0.0,0.0
2012-06-05 00:00:00+05:30,111.31539159377337,112.40628107256188,110.97031659749359,111.64933776855469,10710712,0.0,0.0
2012-06-06 00:00:00+05:30,112.39516044879512,116.43590809953743,112.09460751074013,115.74575805664062,25091692,0.0,0.0
2012-06-07 00:00:00+05:30,116.70307655510784,120.10932532488057,116.43591685803992,119.73085021972656,19800492,0.0,0.0
2012-06-08 00:00:00+05:30,120.4209946888995,120.83285619778017,118.20581570377124,120.02024841308594,19322744,0.0,0.0
2012-06-11 00:00:00+05:30,120.46551793901925,122.20204901354428,119.86442566216638,120.6547622680664,13071884,0.0,0.0
2012-06-12 00:00:00+05:30,119.95348472648685,122.63618342623819,119.76425396224114,122.35789489746094,11253840,0.0,0.0
2012-06-13 00:00:00+05:30,122.66957204243968,122.98126060091884,120.17610433952386,120.61023712158203,8064732,0.0,0.0
2012-06-14 00:00:00+05:30,120.2206268323966,121.86810011690332,118.58429595805545,118.9738998413086,8642552,0.0,0.0
2012-06-15 00:00:00+05:30,119.10748294878007,122.38015856241715,119.09635412597882,121.90149688720703,9932224,0.0,0.0
2012-06-18 00:00:00+05:30,122.8922041238292,122.8922041238292,117.89413984352313,119.09635162353516,11237464,0.0,0.0
2012-06-19 00:00:00+05:30,119.06295919455883,119.9980113513214,117.17059723447305,119.43030548095703,11860736,0.0,0.0
2012-06-20 00:00:00+05:30,119.55272287114762,120.33193056211414,117.67149015672486,118.92935943603516,9534472,0.0,0.0
2012-06-21 00:00:00+05:30,118.66221403192446,121.26699705760339,118.28373896181634,120.86626434326172,10652656,0.0,0.0
2012-06-22 00:00:00+05:30,119.12973673640137,121.35604475680361,119.12973673640137,121.18907165527344,6168816,0.0,0.0
2012-06-25 00:00:00+05:30,121.42286048803193,122.113010627816,119.10749441364003,119.48596954345703,6374848,0.0,0.0
2012-06-26 00:00:00+05:30,119.77536794331913,122.00167589765591,119.3968928734208,120.98870849609375,5853128,0.0,0.0
2012-06-27 00:00:00+05:30,121.55641941424928,123.4933101335661,121.55641941424928,122.22431182861328,11937288,0.0,0.0
2012-06-28 00:00:00+05:30,122.7179724019048,124.00820518634643,121.89894959094205,123.07698822021484,12142440,1.075,0.0
2012-06-29 00:00:00+05:30,123.88476898871312,126.7569500469238,123.87355231336801,126.45401763916016,12659172,0.0,0.0
2012-07-02 00:00:00+05:30,126.55499252041534,129.02326365113265,125.65743938197267,128.78765869140625,8201524,0.0,0.0
2012-07-03 00:00:00+05:30,129.22523488870814,130.1452214934488,128.28280123533008,129.21400451660156,8466800,0.0,0.0
2012-07-04 00:00:00+05:30,129.40473958994602,130.33594284811826,129.16913460633978,129.69644165039062,12810284,0.0,0.0
2012-07-05 00:00:00+05:30,129.67401939625313,131.26717103658618,129.12426525707005,131.06521606445312,8381528,0.0,0.0
2012-07-06 00:00:00+05:30,130.6164237662272,132.16470851225782,129.80863136560467,130.48179626464844,15741520,0.0,0.0
2012-07-09 00:00:00+05:30,130.13398343806037,130.5378795958473,127.69936242550365,129.73008728027344,7661160,0.0,0.0
2012-07-10 00:00:00+05:30,130.14521731791223,132.9051907391598,129.58424655361088,132.086181640625,13543016,0.0,0.0
2012-07-11 00:00:00+05:30,131.69350902929114,133.24178020281676,131.2895991012987,131.7159423828125,12299444,0.0,0.0
2012-07-12 00:00:00+05:30,131.02033481820226,132.59105292983062,129.1579009579543,130.1676483154297,7583748,0.0,0.0
2012-07-13 00:00:00+05:30,131.26717949160485,132.70327035230807,130.69499196114154,131.7271728515625,9508572,0.0,0.0
2012-07-16 00:00:00+05:30,131.94032487273913,132.9949526576057,130.38082339575746,130.73985290527344,12850160,0.0,0.0
2012-07-17 00:00:00+05:30,131.7159220028782,132.10860149777605,129.83105494913897,130.8744659423828,8539356,0.0,0.0
2012-07-18 00:00:00+05:30,131.1998519916373,132.09740526170756,130.16765751371088,131.7159423828125,7117996,0.0,0.0
2012-07-19 00:00:00+05:30,132.07494922693414,132.5686062310022,131.39056764418243,132.2544708251953,4800448,0.0,0.0
2012-07-20 00:00:00+05:30,132.16472850878304,132.16472850878304,130.36962183973336,130.7286376953125,4168944,0.0,0.0
2012-07-23 00:00:00+05:30,129.56180738729878,130.14521147776233,128.13693349256812,128.57449340820312,6094528,0.0,0.0
2012-07-24 00:00:00+05:30,128.47350669206907,129.57301473987815,127.94619971345934,128.81008911132812,5305588,0.0,0.0
2012-07-25 00:00:00+05:30,128.89988002115268,130.32474045073104,128.73158877219888,129.25889587402344,8815704,0.0,0.0
2012-07-26 00:00:00+05:30,129.69644831045989,129.86473954961707,126.33062352731646,126.95890808105469,17705416,0.0,0.0
2012-07-27 00:00:00+05:30,128.3501264240058,132.09741432270317,126.70087765535469,131.1774139404297,13430872,0.0,0.0
2012-07-30 00:00:00+05:30,131.73835471213155,132.8154294207857,131.04275651706843,131.7720184326172,8466284,0.0,0.0
2012-07-31 00:00:00+05:30,132.38908995673384,132.38908995673384,130.1115433546722,131.88421630859375,8391408,0.0,0.0
2012-08-01 00:00:00+05:30,131.3905576380273,132.01884209736863,129.60666803186734,131.60372924804688,7870988,0.0,0.0
2012-08-02 00:00:00+05:30,131.60374526650097,132.2095964492982,129.5393700526172,130.70619201660156,6885460,0.0,0.0
2012-08-03 00:00:00+05:30,130.36960049782772,132.16470687301293,130.08911512670502,131.98519897460938,9951500,0.0,0.0
2012-08-06 00:00:00+05:30,133.095950424215,135.08178177102315,133.06228669471216,134.68910217285156,12329176,0.0,0.0
2012-08-07 00:00:00+05:30,135.08175400664643,135.14906775623913,133.95981252818592,134.65541076660156,11228764,0.0,0.0
2012-08-08 00:00:00+05:30,134.63297581890956,135.08175240497258,133.44372060495743,134.3861541748047,8053116,0.0,0.0
2012-08-09 00:00:00+05:30,134.8573839918212,136.2037139484783,134.29641317654742,135.67640686035156,9873120,0.0,0.0
2012-08-10 00:00:00+05:30,134.63297716738907,136.18126188304393,134.5544467422713,135.11541748046875,15127420,0.0,0.0
2012-08-13 00:00:00+05:30,134.6329616363229,136.76465019556468,134.6329616363229,136.30465698242188,8421704,0.0,0.0
2012-08-14 00:00:00+05:30,136.21492610673175,136.65248606724455,135.36225323491834,136.46176147460938,11225568,0.0,0.0
2012-08-16 00:00:00+05:30,136.42806980497534,136.46173352411049,134.15052335878468,134.64418029785156,8143296,0.0,0.0
2012-08-17 00:00:00+05:30,134.31883686808806,135.13785967769826,132.79299909942674,133.53347778320312,7686156,0.0,0.0
2012-08-21 00:00:00+05:30,133.5110461961611,134.29640529143262,131.9852084073201,133.8251953125,8340840,0.0,0.0
2012-08-22 00:00:00+05:30,133.3764071956807,134.7339536328622,132.6920119437328,133.9373779296875,9580860,0.0,0.0
2012-08-23 00:00:00+05:30,134.49834515249987,135.65393661704138,133.567128280129,134.11688232421875,9425048,0.0,0.0
2012-08-24 00:00:00+05:30,133.17446509025433,134.72274994358622,133.1183680114463,133.80274963378906,6708376,0.0,0.0
2012-08-27 00:00:00+05:30,133.51103120510422,134.38615100551863,132.84908301715734,133.36517333984375,4046724,0.0,0.0
2012-08-28 00:00:00+05:30,133.03982978531243,133.4100622664101,131.60373917372883,132.2432403564453,8895964,0.0,0.0
2012-08-29 00:00:00+05:30,132.2207952397244,133.69053574850133,131.54763039336177,132.063720703125,6729628,0.0,0.0
2012-08-30 00:00:00+05:30,131.4915327167475,135.08174521413312,131.4915327167475,133.71298217773438,22716404,0.0,0.0
2012-08-31 00:00:00+05:30,132.4676275904109,134.6329801663158,132.22080593833599,133.58956909179688,12506740,0.0,0.0
2012-09-03 00:00:00+05:30,134.08321788454464,134.13931495618036,131.9403124871756,132.4900665283203,7437816,0.0,0.0
2012-09-04 00:00:00+05:30,132.5125222849378,132.91641852989378,131.7608268761468,132.4115447998047,5772588,0.0,0.0
2012-09-05 00:00:00+05:30,131.9403040893041,133.73541026738985,131.79444623410532,132.86029052734375,12158472,0.0,0.0
2012-09-06 00:00:00+05:30,132.41151468262163,133.17444029056946,131.51396158883514,131.97396850585938,5097452,0.0,0.0
2012-09-07 00:00:00+05:30,133.34272539458337,133.5110165919682,131.4242084835108,132.4788360595703,11205148,0.0,0.0
2012-09-10 00:00:00+05:30,132.72568619247812,133.95982190517233,132.24324584474013,132.64715576171875,6034892,0.0,0.0
2012-09-11 00:00:00+05:30,132.10861961745212,133.95982320444824,130.89691724591523,133.3764190673828,6311544,0.0,0.0
2012-09-12 00:00:00+05:30,133.56712424443276,134.63296857901662,133.26420554335948,134.45346069335938,6391016,0.0,0.0
2012-09-13 00:00:00+05:30,134.85735685998165,134.96955100046418,133.18566142767745,134.45346069335938,3399760,0.0,0.0
2012-09-14 00:00:00+05:30,136.11393351709415,137.9427035894748,134.84614787469016,137.49392700195312,25771220,0.0,0.0
2012-09-17 00:00:00+05:30,138.89634924872976,139.10952085987412,135.86710738304663,136.49539184570312,21086848,0.0,0.0
2012-09-18 00:00:00+05:30,136.4954124894609,137.32565201362584,135.49688172508317,135.8559112548828,10039176,0.0,0.0
2012-09-20 00:00:00+05:30,135.08178132338375,136.8768880519337,134.857392982315,136.18128967285156,10491328,0.0,0.0
2012-09-21 00:00:00+05:30,136.58514677875831,141.1402260570656,135.77734076522114,140.27633666992188,23602848,0.0,0.0
2012-09-24 00:00:00+05:30,140.35491345022606,142.91294612802977,139.7490621638433,142.48660278320312,17574880,0.0,0.0
2012-09-25 00:00:00+05:30,142.03781338135136,143.36171001116182,140.50075879376493,142.91293334960938,11686144,0.0,0.0
2012-09-26 00:00:00+05:30,142.4529150721399,142.84559462000655,140.0519710787872,141.53292846679688,10730508,0.0,0.0
2012-09-27 00:00:00+05:30,142.03777007549184,142.93532312494202,140.2875443681785,141.5441131591797,15861744,0.0,0.0
2012-09-28 00:00:00+05:30,141.7909569184417,142.32948056287404,140.48949396268995,141.17388916015625,11007688,0.0,0.0
2012-10-01 00:00:00+05:30,141.1402474959269,141.81341242833992,139.12075269868788,139.76025390625,8054784,0.0,0.0
2012-10-03 00:00:00+05:30,140.01830906854607,140.64659361371284,138.66076249698065,138.99734497070312,11032228,0.0,0.0
2012-10-04 00:00:00+05:30,139.45730874498548,142.23972875006558,139.44609207068538,141.65631103515625,12652064,0.0,0.0
2012-10-05 00:00:00+05:30,143.15973857851245,143.30559645498084,113.32731069204124,139.65928649902344,14947024,0.0,0.0
2012-10-08 00:00:00+05:30,139.99581603973868,139.99581603973868,138.3465544041772,139.27777099609375,9290672,0.0,0.0
2012-10-09 00:00:00+05:30,140.2314723218072,141.47682466099275,139.5695240906225,140.41098022460938,4310768,0.0,0.0
2012-10-10 00:00:00+05:30,140.01826698877662,140.01826698877662,138.26804139053127,138.6607208251953,4295016,0.0,0.0
2012-10-11 00:00:00+05:30,139.37878919164442,140.87096307474948,138.77293808091855,140.20901489257812,9812932,0.0,0.0
2012-10-12 00:00:00+05:30,141.36462864148697,142.4865701386416,140.46707544376324,141.6226806640625,15506408,0.0,0.0
2012-10-15 00:00:00+05:30,141.90320355090074,142.46417444777245,139.70418667870078,142.29588317871094,7572068,0.0,0.0
2012-10-16 00:00:00+05:30,142.54265389301457,142.5987509626301,140.9382722237815,141.45437622070312,7273836,0.0,0.0
2012-10-17 00:00:00+05:30,141.8133979995705,141.9255921435575,140.5792624157135,140.9382781982422,6433772,0.0,0.0
2012-10-18 00:00:00+05:30,141.3646489792633,143.13732227802768,140.11929647737088,142.755859375,5618460,0.0,0.0
2012-10-19 00:00:00+05:30,141.81340469930888,142.48656959503344,140.6914632064346,141.02804565429688,9055400,0.0,0.0
2012-10-22 00:00:00+05:30,140.28759879068542,143.6085436228482,140.28759879068542,143.3841552734375,8241404,0.0,0.0
2012-10-23 00:00:00+05:30,143.3953470683368,143.49632454716456,141.92560637385705,142.2846221923828,8332960,0.0,0.0
2012-10-25 00:00:00+05:30,141.95927138572497,143.83290831692736,141.1402485668445,143.01388549804688,17011340,0.0,0.0
2012-10-29 00:00:00+05:30,143.12606574549375,144.16947677548382,142.609975415996,143.74313354492188,5512328,0.0,0.0
2012-10-30 00:00:00+05:30,142.9465668039723,144.68557616581035,141.4992594991985,142.18365478515625,8834904,0.0,0.0
2012-10-31 00:00:00+05:30,142.2846208229172,142.6885307343406,141.37585091336544,142.30706787109375,7492968,0.0,0.0
2012-11-01 00:00:00+05:30,141.98167761265142,142.64362574719445,140.80363919705852,141.0504608154297,7058460,0.0,0.0
2012-11-02 00:00:00+05:30,143.15972304195816,143.15972304195816,140.91584023565787,141.4319305419922,5432772,0.0,0.0
2012-11-05 00:00:00+05:30,141.81343773068406,142.7109911340428,141.53295229213444,142.48660278320312,4022128,0.0,0.0
2012-11-06 00:00:00+05:30,142.25095368581106,143.87776872542545,142.25095368581106,143.5075225830078,7278084,0.0,0.0
2012-11-07 00:00:00+05:30,143.55240671195057,144.73044521955157,142.91290557176828,143.61972045898438,8200660,0.0,0.0
2012-11-08 00:00:00+05:30,142.82318439991076,143.8329319722589,142.59879605050006,143.3841552734375,3867800,0.0,0.0
2012-11-09 00:00:00+05:30,143.21582484575342,144.28166921397485,142.4865629096019,143.462646484375,4420776,0.0,0.0
2012-11-12 00:00:00+05:30,142.99142111878297,146.70504414587612,142.99142111878297,146.14407348632812,9657456,0.0,0.0
2012-11-15 00:00:00+05:30,145.1792623316988,145.26902314985685,143.38415553316156,145.01097106933594,9442340,0.0,0.0
2012-11-16 00:00:00+05:30,144.28169456591814,145.5382637215431,143.6421933108473,144.1134033203125,12102824,0.0,0.0
2012-11-19 00:00:00+05:30,143.5524202692587,145.38119046057128,143.4851065158677,145.12313842773438,5787948,0.0,0.0
2012-11-20 00:00:00+05:30,145.65044884560916,147.17630033419442,145.4597242573239,146.71629333496094,9353388,0.0,0.0
2012-11-21 00:00:00+05:30,147.0080115568702,149.33042516268762,145.7850924884738,148.92652893066406,12929784,0.0,0.0
2012-11-22 00:00:00+05:30,149.6221237327389,150.5982211074817,148.993839198127,150.13821411132812,8440964,0.0,0.0
2012-11-23 00:00:00+05:30,150.2279452914487,150.92354344339645,147.88308515383426,150.28404235839844,5249712,0.0,0.0
2012-11-26 00:00:00+05:30,151.01333356232658,151.17040811941143,148.11871886722557,148.5226287841797,5481536,0.0,0.0
2012-11-27 00:00:00+05:30,149.19576134863613,153.43669129635597,149.19576134863613,152.6962127685547,16502672,0.0,0.0
2012-11-29 00:00:00+05:30,152.02308869515664,157.91328216858523,151.5518786955129,157.0381622314453,25199452,0.0,0.0
2012-11-30 00:00:00+05:30,157.2961969232802,158.30594426444247,154.73816484743915,157.95814514160156,15639292,0.0,0.0
2012-12-03 00:00:00+05:30,157.0718194393615,157.32987147809934,153.48160642360466,154.1435546875,11636340,0.0,0.0
2012-12-04 00:00:00+05:30,153.50405109680943,154.82794772223022,152.81966942932652,153.7396697998047,8679488,0.0,0.0
2012-12-05 00:00:00+05:30,154.60353877459804,155.94986857524765,154.1547621743815,155.4113311767578,9219860,0.0,0.0
2012-12-06 00:00:00+05:30,156.12937328172495,156.7352244187362,152.76354884896756,155.89376831054688,10904552,0.0,0.0
2012-12-07 00:00:00+05:30,156.006,156.62306796116505,154.3791844660194,155.5235595703125,7936632,0.0,0.0
2012-12-10 00:00:00+05:30,154.82791851093245,156.28644238096297,154.74938808846815,155.50108337402344,8324104,0.0,0.0
2012-12-11 00:00:00+05:30,156.0059909164206,156.8474471781057,153.99771256608332,155.0186767578125,13500552,0.0,0.0
2012-12-12 00:00:00+05:30,155.10841412893765,156.17425856599002,154.49134629695996,155.6918182373047,7736504,0.0,0.0
2012-12-13 00:00:00+05:30,155.69180680070505,156.17424709395192,154.6035290915702,155.0635223388672,6283232,0.0,0.0
2012-12-14 00:00:00+05:30,154.8391569098008,155.81525431557165,153.78452907054805,154.54745483398438,8373892,0.0,0.0
2012-12-17 00:00:00+05:30,154.35669196079604,154.35669196079604,151.14792883585304,151.7986602783203,12230212,0.0,0.0
2012-12-18 00:00:00+05:30,152.12406962450748,153.07772001799214,150.28408259678648,151.67529296875,13375072,0.0,0.0
2012-12-19 00:00:00+05:30,151.36113997718164,154.65965105212013,151.34992330018864,154.37916564941406,16489012,0.0,0.0
2012-12-20 00:00:00+05:30,153.93037370590557,154.15476200576842,152.64014098169426,153.3469696044922,10260748,0.0,0.0
2012-12-21 00:00:00+05:30,152.80846517890163,153.03285352718194,151.24896341923778,151.6865234375,11086244,0.0,0.0
2012-12-24 00:00:00+05:30,152.58407387700635,152.61773760682792,150.74408671760926,151.70895385742188,5482252,0.0,0.0
2012-12-26 00:00:00+05:30,152.15771015786808,153.67233127649905,151.03576858851181,152.6513671875,5723216,0.0,0.0
2012-12-27 00:00:00+05:30,153.48158032329158,153.48158032329158,151.8435486525232,152.60646057128906,9858168,0.0,0.0
2012-12-28 00:00:00+05:30,152.83084549538796,153.25718868738886,151.27135797252384,152.0567169189453,7024264,0.0,0.0
2012-12-31 00:00:00+05:30,151.91088165313357,152.5840465644473,151.23771674181984,152.2698974609375,5107288,0.0,0.0
2013-01-01 00:00:00+05:30,153.05524315732927,153.72840800985335,152.50550281756045,153.59378051757812,4029212,0.0,0.0
2013-01-02 00:00:00+05:30,154.80547742869587,154.82791077811547,153.2684095173951,154.2332763671875,9709596,0.0,0.0
2013-01-03 00:00:00+05:30,154.8279268071132,154.8279268071132,152.67380460802678,153.3357391357422,9142732,0.0,0.0
2013-01-04 00:00:00+05:30,153.70597063735852,153.70597063735852,150.9684309029507,152.43817138671875,10884508,0.0,0.0
2013-01-07 00:00:00+05:30,153.41429828317442,153.41429828317442,149.44262225002691,149.936279296875,11004568,0.0,0.0
2013-01-08 00:00:00+05:30,149.89138182683118,151.10308410426,149.37529148480584,150.39625549316406,9885196,0.0,0.0
2013-01-09 00:00:00+05:30,150.7889681355337,150.91237898641006,149.45385474105146,149.7792205810547,12871964,0.0,0.0
2013-01-10 00:00:00+05:30,150.22797321055134,152.13527384130515,149.55480828204998,151.64161682128906,9130368,0.0,0.0
2013-01-11 00:00:00+05:30,151.88844954999098,151.88844954999098,149.59968609358836,150.18309020996094,10283428,0.0,0.0
2013-01-14 00:00:00+05:30,149.92505187584723,150.45235891581572,149.68943319848975,150.18309020996094,11389748,0.0,0.0
2013-01-15 00:00:00+05:30,150.51968051006304,151.56309166376852,149.21823100880073,149.95870971679688,8263376,0.0,0.0
2013-01-16 00:00:00+05:30,149.34162370179533,150.16064643869734,147.55773405680526,148.20846557617188,9150756,0.0,0.0
2013-01-17 00:00:00+05:30,147.5802030823511,150.5309013185761,146.76118022347157,149.62213134765625,12844144,0.0,0.0
2013-01-18 00:00:00+05:30,150.34017605123472,151.23772934109286,147.04166497189087,148.7357940673828,20224692,0.0,0.0
2013-01-21 00:00:00+05:30,148.09627029820987,148.85919595676367,146.9182317844741,147.77090454101562,10854720,0.0,0.0
2013-01-22 00:00:00+05:30,147.75970742570283,148.320678220789,145.30265260411008,146.69386291503906,8486128,0.0,0.0
2013-01-23 00:00:00+05:30,147.42310429873058,148.76943401835368,146.8284698610007,147.33334350585938,7079740,0.0,0.0
2013-01-24 00:00:00+05:30,147.1089768947828,148.71335885862499,147.03044646113017,148.16360473632812,6147960,0.0,0.0
2013-01-25 00:00:00+05:30,148.1636019130294,149.66700636525889,147.09775741492598,149.2294464111328,5589732,0.0,0.0
2013-01-28 00:00:00+05:30,149.27431110326364,150.78893207274433,149.09480320895858,150.41868591308594,7368020,0.0,0.0
2013-01-29 00:00:00+05:30,150.5084327464061,150.54209646527937,145.85237612398655,146.40213012695312,11961748,0.0,0.0
2013-01-30 00:00:00+05:30,146.52556642370342,147.73726877588157,144.50607163379019,147.34458923339844,10039632,0.0,0.0
2013-01-31 00:00:00+05:30,147.33336673865696,147.62508251370153,143.63095942586585,144.29290771484375,13888384,0.0,0.0
2013-02-01 00:00:00+05:30,144.68557881534915,144.6967954916772,142.75584483736287,143.64218139648438,10484144,0.0,0.0
2013-02-04 00:00:00+05:30,143.86656656857892,145.74020342849812,143.60851454078335,145.15679931640625,10475800,0.0,0.0
2013-02-05 00:00:00+05:30,142.78949413015562,145.2241154861054,142.78949413015562,144.53973388671875,7460020,0.0,0.0
2013-02-06 00:00:00+05:30,145.08947413669574,145.1568015853993,142.98023226375287,143.49632263183594,9873588,0.0,0.0
2013-02-07 00:00:00+05:30,142.77826180685216,144.28166604283632,142.3855823114012,143.94508361816406,9082836,0.0,0.0
2013-02-08 00:00:00+05:30,143.72066623622976,146.61527998057434,143.72066623622976,145.8635711669922,18826656,0.0,0.0
2013-02-11 00:00:00+05:30,145.85239433494908,148.08506064888365,145.85239433494908,147.41189575195312,15167060,0.0,0.0
2013-02-12 00:00:00+05:30,147.12017158822067,149.66697292055878,147.12017158822067,149.26307678222656,15832836,0.0,0.0
2013-02-13 00:00:00+05:30,148.8367718378037,149.7567721790231,147.98409894991414,149.03872680664062,14508832,0.0,0.0
2013-02-14 00:00:00+05:30,148.9938301849606,152.22502716117762,148.54505358801794,151.41722106933594,17684152,0.0,0.0
2013-02-15 00:00:00+05:30,150.7216542178664,152.76358268106247,149.93629500962516,151.8548126220703,12488780,0.0,0.0
2013-02-18 00:00:00+05:30,152.13530013406066,152.78603182230475,151.23774674093934,151.6865234375,9469164,0.0,0.0
2013-02-19 00:00:00+05:30,151.34990731890952,152.0006388627063,150.68795909930412,151.41722106933594,2374812,0.0,0.0
2013-02-20 00:00:00+05:30,152.02306902558067,152.76354765588925,151.43966494002228,151.899658203125,6861684,0.0,0.0
2013-02-21 00:00:00+05:30,151.4621006033434,152.0118546705742,149.00504600999642,149.4987030029297,10871872,0.0,0.0
2013-02-22 00:00:00+05:30,148.58995588285183,149.53238961442221,147.5465446629745,147.93922424316406,7708384,0.0,0.0
2013-02-25 00:00:00+05:30,148.82555094815316,149.26311090453018,146.77239237354044,147.29971313476562,7552944,0.0,0.0
2013-02-26 00:00:00+05:30,146.92943388179174,148.76942040265865,144.8201923981023,146.1328582763672,11742640,0.0,0.0
2013-02-27 00:00:00+05:30,146.3684915542046,146.74995441948658,143.81047304313685,144.2255859375,12871336,0.0,0.0
2013-02-28 00:00:00+05:30,145.16802387356978,146.96313040278477,138.9748981304325,140.32122802734375,27887004,0.0,0.0
2013-03-01 00:00:00+05:30,140.2426876696238,141.27486837264226,138.29050671814764,139.6817169189453,17220728,0.0,0.0
2013-03-04 00:00:00+05:30,139.19928045593105,141.4319468446712,138.671973413898,140.8373260498047,11969800,0.0,0.0
2013-03-05 00:00:00+05:30,141.5666179417845,142.41929094741684,139.82760819920637,142.026611328125,10557580,0.0,0.0
2013-03-06 00:00:00+05:30,142.47532183173408,142.96897872,141.14020900741443,141.47679138183594,10933316,0.0,0.0
2013-03-07 00:00:00+05:30,140.99436514116914,144.27044212758003,140.72511017140306,144.01239013671875,5950984,0.0,0.0
2013-03-08 00:00:00+05:30,144.55093641545093,148.09626859109258,144.3714285259705,147.49041748046875,10596860,0.0,0.0
2013-03-11 00:00:00+05:30,147.4904345841833,148.0289720106502,145.90849972535344,147.0304412841797,8504584,0.0,0.0
2013-03-12 00:00:00+05:30,146.5255678070258,147.1314189888346,143.6309531025924,144.50607299804688,6895724,0.0,0.0
2013-03-13 00:00:00+05:30,143.84410631226683,144.93239770393333,141.8582754827127,142.46412658691406,7913372,0.0,0.0
2013-03-14 00:00:00+05:30,142.46414572813555,146.63776288126175,138.07734324248034,145.68411254882812,31914436,0.0,0.0
2013-03-15 00:00:00+05:30,144.7304458888137,145.82995397922198,142.21729432186208,143.473876953125,15439608,0.0,0.0
2013-03-18 00:00:00+05:30,142.03781715297603,146.74997222440177,141.36465214277234,144.34901428222656,17561924,0.0,0.0
2013-03-19 00:00:00+05:30,144.2816817212968,144.4611896281802,140.01830387883234,141.71243286132812,20028460,0.0,0.0
2013-03-20 00:00:00+05:30,141.81338210681454,142.13874782702857,139.34511121571492,140.3548583984375,11336436,0.0,0.0
2013-03-21 00:00:00+05:30,139.71537172863384,141.09535146991783,135.47442764583883,136.2036895751953,14452588,0.0,0.0
2013-03-22 00:00:00+05:30,136.6524760306546,137.9090450446605,135.2163854184407,135.81101989746094,29525900,0.0,0.0
2013-03-25 00:00:00+05:30,137.1012337734528,137.62854073281372,136.32709149830148,136.74221801757812,27198976,0.0,0.0
2013-03-26 00:00:00+05:30,135.97932641422778,138.55979217951426,135.2051839455265,137.88662719726562,13274404,0.0,0.0
2013-03-28 00:00:00+05:30,138.33539690763004,141.62269121748537,136.19249122749483,140.32122802734375,19496092,0.0,0.0
2013-04-01 00:00:00+05:30,140.16418655120742,141.14027038325796,139.34516360572843,139.9846649169922,6708772,0.0,0.0
2013-04-02 00:00:00+05:30,140.24268547119158,142.32949389188798,138.64953404246876,141.34219360351562,6857420,0.0,0.0
2013-04-03 00:00:00+05:30,140.91584185450566,141.73486456644375,139.00854144723925,139.93975830078125,6703616,0.0,0.0
2013-04-04 00:00:00+05:30,138.85147195103377,139.883666308609,137.65100007051709,138.25685119628906,8181984,0.0,0.0
2013-04-05 00:00:00+05:30,137.98759348461488,140.5568423641251,137.63979434446253,139.33392333984375,12959920,0.0,0.0
2013-04-08 00:00:00+05:30,138.8851574172212,141.12904068207467,138.61588868632347,140.11929321289062,8652128,0.0,0.0
2013-04-09 00:00:00+05:30,140.93828331464888,140.93828331464888,138.53733950262625,139.25537109375,14760408,0.0,0.0
2013-04-10 00:00:00+05:30,140.64656328006436,142.18363112923868,138.8851208590425,141.81338500976562,15144504,0.0,0.0
2013-04-11 00:00:00+05:30,141.92557999152524,144.05726854475765,141.7909525084977,143.44020080566406,25066068,0.0,0.0
2013-04-12 00:00:00+05:30,142.73339192605496,144.92117784759526,142.73339192605496,144.43875122070312,15206080,0.0,0.0
2013-04-15 00:00:00+05:30,144.0797096434674,144.38264203993376,142.48655832779556,143.956298828125,15923768,0.0,0.0
2013-04-16 00:00:00+05:30,144.2816801547911,149.40894744722502,144.13582227827078,148.8479766845703,13740312,0.0,0.0
2013-04-17 00:00:00+05:30,149.21820617012656,150.75526040958937,147.3782195353802,148.1186981201172,14956948,0.0,0.0
2013-04-18 00:00:00+05:30,146.7499441386948,151.55185910403173,146.7499441386948,151.14794921875,9223784,0.0,0.0
2013-04-22 00:00:00+05:30,151.39480952390338,157.52060821538637,151.39480952390338,156.69036865234375,19860152,0.0,0.0
2013-04-23 00:00:00+05:30,156.8025488493226,157.0718175614001,152.3147826332826,154.60354614257812,23863560,0.0,0.0
2013-04-25 00:00:00+05:30,155.35524376879914,155.94987827931752,152.59527024484152,154.72695922851562,25895124,0.0,0.0
2013-04-26 00:00:00+05:30,154.30062447446883,155.3328052063495,153.25721337080057,154.6259765625,8568744,0.0,0.0
2013-04-29 00:00:00+05:30,154.43526609053134,156.36500022491032,154.042586518198,155.98355102539062,11675432,0.0,0.0
2013-04-30 00:00:00+05:30,155.72550495791006,156.16306495159023,151.86602284519802,153.10015869140625,12552272,0.0,0.0
2013-05-02 00:00:00+05:30,153.57134588958448,155.72546792150837,153.1001222793941,155.38888549804688,12303268,0.0,0.0
2013-05-03 00:00:00+05:30,155.41132608665706,155.72547517474948,152.28112035912855,152.79721069335938,12286584,0.0,0.0
2013-05-06 00:00:00+05:30,152.35966942347392,152.42698318042207,150.32895786467688,151.57431030273438,7673460,0.0,0.0
2013-05-07 00:00:00+05:30,151.75380310077998,154.8054921689641,150.9011303080428,154.39036560058594,11098464,0.0,0.0
2013-05-08 00:00:00+05:30,154.60355693162015,156.9596343594605,154.04258611546766,156.4323272705078,8653956,0.0,0.0
2013-05-09 00:00:00+05:30,156.85865197963525,156.95962946250762,154.424044191721,154.8391571044922,4523360,0.0,0.0
2013-05-10 00:00:00+05:30,154.53622128715588,158.17131440013208,154.52500461153667,157.82350158691406,13913256,0.0,0.0
2013-05-13 00:00:00+05:30,158.1937486916318,159.64105594005315,155.00743214908258,155.4449920654297,9593972,0.0,0.0
2013-05-14 00:00:00+05:30,154.83914966121282,155.92744117562583,153.7284247941626,154.61476135253906,6653676,0.0,0.0
2013-05-15 00:00:00+05:30,155.6132915445067,160.66202847277114,155.13085120424236,160.4039764404297,14173480,0.0,0.0
2013-05-16 00:00:00+05:30,159.7644752247336,162.45713491953248,159.5400869168337,162.1878662109375,11660616,0.0,0.0
2013-05-17 00:00:00+05:30,162.12055182647848,162.12055182647848,159.13619008214417,161.31275939941406,12819852,0.0,0.0
2013-05-20 00:00:00+05:30,161.44738094684877,162.45712829120015,159.7981324293048,160.325439453125,5841608,0.0,0.0
2013-05-21 00:00:00+05:30,160.21327773367958,161.11083111033886,158.20499931428893,158.8220672607422,9206500,0.0,0.0
2013-05-22 00:00:00+05:30,158.7547324587376,159.7644798736695,156.62304347165914,157.84596252441406,5412112,0.0,0.0
2013-05-23 00:00:00+05:30,156.8474512448254,158.51914713383212,155.79282329705373,156.7576904296875,7905248,0.0,0.0
2013-05-24 00:00:00+05:30,158.36205467330808,158.36205467330808,155.79280570534502,157.37474060058594,8264240,0.0,0.0
2013-05-27 00:00:00+05:30,156.75766223358707,160.886412466895,156.75766223358707,160.4488525390625,8995208,0.0,0.0
2013-05-28 00:00:00+05:30,160.26933922126224,161.7390798099727,158.59764368942993,160.05616760253906,6707916,0.0,0.0
2013-05-29 00:00:00+05:30,159.32690619301493,161.2117733500419,157.93569602431168,160.6508026123047,4933492,0.0,0.0
2013-05-30 00:00:00+05:30,159.33812460883956,163.19760606573735,159.33812460883956,162.71517944335938,15357456,0.0,0.0
2013-05-31 00:00:00+05:30,160.94249417661004,161.716636483392,156.55570603227727,157.18399047851562,12332896,0.0,0.0
2013-06-03 00:00:00+05:30,156.62306897667654,157.3859948482039,154.05381961896072,154.63723754882812,7890124,0.0,0.0
2013-06-04 00:00:00+05:30,154.2220982897298,155.6806224519406,152.8084545331639,153.26844787597656,5616324,0.0,0.0
2013-06-05 00:00:00+05:30,153.0328220439515,155.8152424684352,152.2474629865412,154.36793518066406,7563676,0.0,0.0
2013-06-06 00:00:00+05:30,153.3693845107413,154.69328079893899,152.13524900992334,153.0776824951172,7116412,0.0,0.0
2013-06-07 00:00:00+05:30,152.97670741928042,155.59083631728922,151.05819039538102,151.7201385498047,9556224,0.0,0.0
2013-06-10 00:00:00+05:30,152.81967308148643,154.15478641620066,150.67676721758187,151.76504516601562,6368012,0.0,0.0
2013-06-11 00:00:00+05:30,151.11430274029914,152.7859983074026,148.58993437588705,149.19578552246094,11820860,0.0,0.0
2013-06-12 00:00:00+05:30,148.54507551233175,151.10310797068422,147.74849967430396,148.98263549804688,9815652,0.0,0.0
2013-06-13 00:00:00+05:30,148.79028113721517,149.55957950586398,147.82866508139077,148.22462463378906,7149736,1.375,0.0
2013-06-14 00:00:00+05:30,149.78583873300906,151.24523524096725,149.17492696107624,150.47593688964844,14965212,0.0,0.0
2013-06-17 00:00:00+05:30,150.6003631289174,151.414916678047,148.73369690087281,150.99632263183594,13070908,0.0,0.0
2013-06-18 00:00:00+05:30,151.14341530057436,151.14341530057436,148.2020015297548,148.75634765625,12446568,0.0,0.0
2013-06-19 00:00:00+05:30,148.45085960254087,150.82661647470755,147.71550628496547,150.50985717773438,9646956,0.0,0.0
2013-06-20 00:00:00+05:30,149.07311567581445,149.07311567581445,143.5862473611825,144.0387725830078,15138044,0.0,0.0
2013-06-21 00:00:00+05:30,144.08402642496412,145.38503642468933,142.56806418502873,143.7333221435547,17899844,0.0,0.0
2013-06-24 00:00:00+05:30,142.95271323668337,143.41654882194612,141.13130200091084,141.49331665039062,10768052,0.0,0.0
2013-06-25 00:00:00+05:30,141.64041460199687,146.25617804592446,140.82587461070412,143.4505157470703,18686432,0.0,0.0
2013-06-26 00:00:00+05:30,142.8848351394161,144.27635568495327,140.2828151804244,140.9276580810547,10476020,0.0,0.0
2013-06-27 00:00:00+05:30,143.45049543742147,147.68160902698685,140.81453049411653,146.27877807617188,27003560,0.0,0.0
2013-06-28 00:00:00+05:30,146.95753676148829,152.31996234295482,146.86702621101088,151.4827880859375,21082680,0.0,0.0
2013-07-01 00:00:00+05:30,151.36966073579876,152.5009735963055,150.3854240711465,151.31309509277344,9838684,0.0,0.0
2013-07-02 00:00:00+05:30,151.3018309906276,151.31314136069682,148.0436434321042,148.552734375,9183152,0.0,0.0
2013-07-03 00:00:00+05:30,147.97573232335077,148.1341188967005,145.62259588779781,147.21775817871094,13386260,0.0,0.0
2013-07-04 00:00:00+05:30,147.9305143165753,148.7563784935739,146.09779241882137,148.23597717285156,9591060,0.0,0.0
2013-07-05 00:00:00+05:30,149.35592350786888,152.21815066835669,148.99390890392104,151.0868377685547,9543496,0.0,0.0
2013-07-08 00:00:00+05:30,150.23836434471235,151.0189730660281,147.69291012953462,149.4351348876953,7169296,0.0,0.0
2013-07-09 00:00:00+05:30,149.83108174483885,152.4444117558011,149.83108174483885,151.66380310058594,7040192,0.0,0.0
2013-07-10 00:00:00+05:30,151.65253597005582,152.02587485376353,148.46223823827918,149.17495727539062,7138580,0.0,0.0
2013-07-11 00:00:00+05:30,150.9171357864955,155.37451122464265,150.70218358072734,154.59390258789062,10599568,0.0,0.0
2013-07-12 00:00:00+05:30,155.44241285855247,157.86342554425394,154.2658445261582,157.42221069335938,15634852,0.0,0.0
2013-07-15 00:00:00+05:30,156.34746819295657,157.9426168792401,154.76362987551707,157.35433959960938,8511888,0.0,0.0
2013-07-16 00:00:00+05:30,153.63231388796635,154.87675825672014,151.58464000682991,153.56443786621094,11647384,0.0,0.0
2013-07-17 00:00:00+05:30,153.36079122995113,154.0395790463805,146.595547612189,149.98948669433594,22633988,0.0,0.0
2013-07-18 00:00:00+05:30,151.5733217418722,155.78180059115152,148.64321830063952,154.78623962402344,13663880,0.0,0.0
2013-07-19 00:00:00+05:30,155.6799928712987,156.56242261296137,152.308688120533,153.85858154296875,12458420,0.0,0.0
2013-07-22 00:00:00+05:30,152.95350186810268,155.44239021211027,152.95350186810268,154.3223876953125,6460432,0.0,0.0
2013-07-23 00:00:00+05:30,155.64606656432687,156.1212125568142,154.09615928411856,154.67312622070312,7414784,0.0,0.0
2013-07-24 00:00:00+05:30,152.50099300622855,152.95351820802745,147.86260968778984,149.32200622558594,14628748,0.0,0.0
2013-07-25 00:00:00+05:30,149.4803843669356,150.69088368940052,147.10462719165227,147.94178771972656,16267256,0.0,0.0
2013-07-26 00:00:00+05:30,148.42829453875103,148.48486019977952,144.35556694469992,145.7357635498047,9356492,0.0,0.0
2013-07-29 00:00:00+05:30,145.48687213400135,145.48687213400135,142.46627152581578,143.11111450195312,14922224,0.0,0.0
2013-07-30 00:00:00+05:30,142.71514025983888,143.67675634561664,140.3054379561946,141.49331665039062,14691084,0.0,0.0
2013-07-31 00:00:00+05:30,140.5090618063163,140.69006910784054,137.31876496078968,137.96360778808594,26824520,0.0,0.0
2013-08-01 00:00:00+05:30,138.9026250515706,144.31029327105801,138.56323112863302,143.04322814941406,23446608,0.0,0.0
2013-08-02 00:00:00+05:30,142.54543408686573,143.63149177505682,141.8327013924423,142.82826232910156,20015848,0.0,0.0
2013-08-05 00:00:00+05:30,142.89616451581097,143.77859431718758,139.1515206647941,143.1563720703125,13598372,0.0,0.0
2013-08-06 00:00:00+05:30,142.77166888351346,142.85085525193307,137.2282364149777,137.71470642089844,19645180,0.0,0.0
2013-08-07 00:00:00+05:30,138.00886559923978,139.00441268088318,135.75755013090782,136.02906799316406,22756456,0.0,0.0
2013-08-08 00:00:00+05:30,136.66260915345387,139.71715422559234,135.75755876170916,138.13331604003906,20461448,0.0,0.0
2013-08-12 00:00:00+05:30,138.03149646341026,138.20119341352756,135.45211110761133,136.25534057617188,15700868,0.0,0.0
2013-08-13 00:00:00+05:30,136.62864261640178,141.36884605495663,135.33895706025453,140.3959197998047,14702392,0.0,0.0
2013-08-14 00:00:00+05:30,140.7353635950892,141.10870247909864,137.7147628425611,140.58828735351562,14303708,0.0,0.0
2013-08-16 00:00:00+05:30,138.92522316399842,140.73532379154236,132.340987655296,133.019775390625,28059568,0.0,0.0
2013-08-19 00:00:00+05:30,132.81616238983895,133.17817706997806,129.03757374724722,132.29576110839844,20018440,0.0,0.0
2013-08-20 00:00:00+05:30,130.0896819401811,133.47231050218244,128.17776024774793,132.3070526123047,25726984,0.0,0.0
2013-08-21 00:00:00+05:30,137.11512639169112,140.13572637484592,133.4949250348148,134.25289916992188,28908596,0.0,0.0
2013-08-22 00:00:00+05:30,133.2686664207428,136.59472927846724,128.96967718136398,133.20079040527344,30250692,0.0,0.0
2013-08-23 00:00:00+05:30,133.94742527676289,137.8278334080083,133.11025110678918,137.46580505371094,20698444,0.0,0.0
2013-08-26 00:00:00+05:30,138.55191931874674,140.91636662161974,136.33454825293285,138.31434631347656,14607608,0.0,0.0
2013-08-27 00:00:00+05:30,135.14664268747035,135.75755444446494,125.67755878895795,127.13695526123047,54708372,0.0,0.0
2013-08-28 00:00:00+05:30,125.73413596097002,129.42221376608575,119.46665886100222,127.14827728271484,37067552,0.0,0.0
2013-08-29 00:00:00+05:30,128.5171566888419,131.79796438600425,128.5171566888419,129.4335174560547,40771004,0.0,0.0
2013-08-30 00:00:00+05:30,129.19595372877538,135.75756959240846,129.11676733716945,134.39999389648438,36616916,0.0,0.0
2013-09-02 00:00:00+05:30,135.3050220803349,136.74178393127949,131.79795211002522,133.3817901611328,19515716,0.0,0.0
2013-09-03 00:00:00+05:30,135.05611547770394,135.05611547770394,126.0395449842242,127.28398895263672,18140008,0.0,0.0
2013-09-04 00:00:00+05:30,128.39272677849888,130.51958712544248,126.51474979014222,127.62342834472656,20941800,0.0,0.0
2013-09-05 00:00:00+05:30,132.13736224780814,140.93898316809847,132.13736224780814,137.9070587158203,33246248,0.0,0.0
2013-09-06 00:00:00+05:30,138.24645110585854,140.28281454276973,132.75958295640345,139.4230194091797,18997216,0.0,0.0
2013-09-10 00:00:00+05:30,140.4072597411718,145.03433287330557,139.92080341611455,144.3555450439453,20298836,0.0,0.0
2013-09-11 00:00:00+05:30,143.22422894845832,147.07069323301405,141.5385697794083,146.44847106933594,12690392,0.0,0.0
2013-09-12 00:00:00+05:30,145.37370547608433,146.16562449424197,142.00238756051016,143.4391632080078,17676536,0.0,0.0
2013-09-13 00:00:00+05:30,143.09977908323538,143.563614634876,140.5090696426446,142.3644256591797,15503120,0.0,0.0
2013-09-16 00:00:00+05:30,144.2424306624755,146.8218302406652,142.31919825364247,145.44161987304688,12139216,0.0,0.0
2013-09-17 00:00:00+05:30,144.3555530445638,145.93939140085212,143.35999198233563,145.31716918945312,8432088,0.0,0.0
2013-09-18 00:00:00+05:30,145.62259005678447,148.1793682428333,142.8056320013116,147.18380737304688,10989616,0.0,0.0
2013-09-19 00:00:00+05:30,153.85858318929948,156.09858867442762,153.0214087246569,154.58262634277344,29280904,0.0,0.0
2013-09-20 00:00:00+05:30,154.4242231110288,155.31796313498467,143.73331535718833,149.1183624267578,24726152,0.0,0.0
2013-09-23 00:00:00+05:30,147.29692571357506,147.60237464383155,143.24682038886027,145.24925231933594,13985240,0.0,0.0
2013-09-24 00:00:00+05:30,143.23554331837624,145.79230806401623,142.53413474735092,144.45736694335938,18175188,0.0,0.0
2013-09-25 00:00:00+05:30,144.35552291473863,145.19269720460838,138.74421381421647,140.41854858398438,20980920,0.0,0.0
2013-09-26 00:00:00+05:30,140.5882407330822,141.6403671955037,139.83026665626406,140.54299926757812,22582440,0.0,0.0
2013-09-27 00:00:00+05:30,140.73536694967973,141.18789224533785,136.88890193658557,137.77133178710938,16408692,0.0,0.0
2013-09-30 00:00:00+05:30,137.11514701080046,138.66504042579422,132.97454384821174,134.18504333496094,17062428,0.0,0.0
2013-10-01 00:00:00+05:30,135.4860564256892,139.01576164441926,133.34787186789666,138.39353942871094,12997108,0.0,0.0
2013-10-03 00:00:00+05:30,139.21937871549542,144.5818052399093,138.0201896656411,143.94827270507812,9772912,0.0,0.0
2013-10-04 00:00:00+05:30,143.7898789856185,146.48240938754446,143.6767476882262,144.90988159179688,13628376,0.0,0.0
2013-10-07 00:00:00+05:30,144.01615208887367,144.38949092149892,139.8868594327512,143.51837158203125,9922000,0.0,0.0
2013-10-08 00:00:00+05:30,147.18384792420662,148.10020885797329,141.59515793126928,143.1450653076172,11768148,0.0,0.0
2013-10-09 00:00:00+05:30,141.45938016487477,147.27433174205498,140.9615996832923,146.8783721923828,8668760,0.0,0.0
2013-10-10 00:00:00+05:30,146.8444140477311,146.8444140477311,143.30339915571926,145.04562377929688,8345284,0.0,0.0
2013-10-11 00:00:00+05:30,146.45976528594844,150.18178748929716,144.6609750127828,149.62744140625,13390264,0.0,0.0
2013-10-14 00:00:00+05:30,148.77900307932066,151.43758922278573,146.76527377578816,151.0303192138672,12375720,0.0,0.0
2013-10-15 00:00:00+05:30,152.2747240087482,152.72724919153796,146.30138607193456,147.62503051757812,16143324,0.0,0.0
2013-10-17 00:00:00+05:30,147.74950867259918,149.32203683317718,145.38506124654785,148.02102661132812,14551588,0.0,0.0
2013-10-18 00:00:00+05:30,148.25859266510028,153.75677197370717,148.25859266510028,153.08929443359375,21281184,0.0,0.0
2013-10-21 00:00:00+05:30,152.50100638675514,153.5870642043692,149.91029661715143,151.8787841796875,11225424,0.0,0.0
2013-10-22 00:00:00+05:30,151.82223047732595,152.48970802308872,150.5099099356422,151.3697052001953,8758096,0.0,0.0
2013-10-23 00:00:00+05:30,151.3696632027999,151.3696632027999,147.9304692888137,149.37855529785156,13544956,0.0,0.0
2013-10-24 00:00:00+05:30,148.47354134933707,152.8969730271204,148.47354134933707,151.4375762939453,12321928,0.0,0.0
2013-10-25 00:00:00+05:30,150.52119833916854,152.71594837495493,150.0460523915123,152.17291259765625,8946872,0.0,0.0
2013-10-28 00:00:00+05:30,152.2747683789469,152.7272936935946,150.55517770727633,151.12083435058594,8382088,0.0,0.0
2013-10-29 00:00:00+05:30,151.1434263047387,155.89494120354038,148.3264539955972,155.32928466796875,15222916,0.0,0.0
2013-10-30 00:00:00+05:30,155.21613858174902,155.55553247077617,152.8969470067302,153.71148681640625,10188672,0.0,0.0
2013-10-31 00:00:00+05:30,152.99877882240665,155.00119738616436,152.3652462798034,154.03958129882812,18195556,0.0,0.0
2013-11-01 00:00:00+05:30,154.2205728211693,155.66865889300004,153.45128831611166,154.71835327148438,15642444,0.0,0.0
2013-11-05 00:00:00+05:30,153.96040711257186,154.98989930214591,152.27474778152438,153.01010131835938,14258472,0.0,0.0
2013-11-06 00:00:00+05:30,153.60971816831363,153.67759420112367,150.52122748068345,151.3470916748047,4610652,0.0,0.0
2013-11-07 00:00:00+05:30,151.59593237481053,153.29290176706587,148.63189802699344,150.5551300048828,7789140,0.0,0.0
2013-11-08 00:00:00+05:30,150.1025894765596,151.06420536712096,145.8601664299652,147.63632202148438,13480760,0.0,0.0
2013-11-11 00:00:00+05:30,145.7131412959436,149.49173017539565,139.53617393778458,148.03233337402344,11216304,0.0,0.0
2013-11-12 00:00:00+05:30,147.64767042448997,150.02342794262358,145.5660515513685,146.1543426513672,8980320,0.0,0.0
2013-11-13 00:00:00+05:30,144.58181855482198,146.49374051366866,142.17211605491838,143.38262939453125,10561084,0.0,0.0
2013-11-14 00:00:00+05:30,144.35551115041574,147.04804109868286,144.35551115041574,145.30581665039062,12626860,0.0,0.0
2013-11-18 00:00:00+05:30,147.38747120426189,151.59595026985332,146.85574577927133,151.32443237304688,14873920,0.0,0.0
2013-11-19 00:00:00+05:30,151.23392066325098,151.23392066325098,148.7563425410307,149.34461975097656,6789036,0.0,0.0
2013-11-20 00:00:00+05:30,148.58662436384492,149.10702548442163,146.25612278215232,146.96884155273438,8370096,0.0,0.0
2013-11-21 00:00:00+05:30,145.8375401535726,146.07511309565297,143.71068023164878,144.27633666992188,12787656,0.0,0.0
2013-11-22 00:00:00+05:30,145.3736809933974,146.3692416868341,143.6993326844273,145.29449462890625,7492384,0.0,0.0
2013-11-25 00:00:00+05:30,146.62948849344116,149.72928915714036,146.62948849344116,149.27676391601562,16150540,0.0,0.0
2013-11-26 00:00:00+05:30,148.81290646965465,149.31068692384443,146.70866716918715,147.7381591796875,14478516,0.0,0.0
2013-11-27 00:00:00+05:30,147.31958570622336,149.050500265555,145.73574737323074,147.87393188476562,8593012,0.0,0.0
2013-11-28 00:00:00+05:30,148.33777834692398,150.012127374033,146.6294982104666,147.8400115966797,14773732,0.0,0.0
2013-11-29 00:00:00+05:30,148.20198991410868,151.34704530039687,148.20198991410868,149.62744140625,9571080,0.0,0.0
2013-12-02 00:00:00+05:30,149.78582797425946,150.46461571432408,148.89208802118,149.62744140625,6858612,0.0,0.0
2013-12-03 00:00:00+05:30,149.33335089383579,149.83113149214384,147.6703259192359,148.37173461914062,10288280,0.0,0.0
2013-12-04 00:00:00+05:30,148.17938521892123,149.23149804391815,147.8513016803841,148.790283203125,10476608,0.0,0.0
2013-12-05 00:00:00+05:30,151.94667082408878,156.09859849106522,151.94667082408878,155.69131469726562,32019992,0.0,0.0
2013-12-06 00:00:00+05:30,154.96727822033745,156.03070151557978,153.46262623200136,154.46949768066406,16069232,0.0,0.0
2013-12-09 00:00:00+05:30,160.64643929330464,162.3207879873929,156.6981543261437,157.62583923339844,25265628,0.0,0.0
2013-12-10 00:00:00+05:30,156.65294095425827,158.80243613955957,156.12122924820054,157.63719177246094,25064880,0.0,0.0
2013-12-11 00:00:00+05:30,156.1438191580824,158.7910944150492,155.41978986555603,157.376953125,12289776,0.0,0.0
2013-12-12 00:00:00+05:30,156.84525003119404,158.5082747545047,156.23433819876232,157.2977752685547,12867696,0.0,0.0
2013-12-13 00:00:00+05:30,155.62342365315695,158.8363555443974,154.98989109389206,156.10989379882812,25316080,0.0,0.0
2013-12-16 00:00:00+05:30,155.66866796463555,156.32483502510362,154.13008505488668,154.84280395507812,21432244,0.0,0.0
2013-12-17 00:00:00+05:30,152.87433426254597,152.87433426254597,147.98705371910197,148.790283203125,17942644,0.0,0.0
2013-12-18 00:00:00+05:30,147.1838159614835,154.00563862803784,146.9688637372854,150.74745178222656,14087316,0.0,0.0
2013-12-19 00:00:00+05:30,153.6323079324005,154.7523105828567,147.1612029897232,147.6476593017578,10019516,0.0,0.0
2013-12-20 00:00:00+05:30,148.83551700481945,151.27915001886893,147.0932924395347,150.3740997314453,5722468,0.0,0.0
2013-12-23 00:00:00+05:30,148.88081320927705,151.93535876904187,148.6545505752204,150.3402099609375,5531232,0.0,0.0
2013-12-24 00:00:00+05:30,150.58907865842232,150.80403090182253,148.2133212323621,148.722412109375,3554696,0.0,0.0
2013-12-26 00:00:00+05:30,149.29936287776204,152.0937141201168,148.63189929243669,151.3809814453125,8046760,0.0,0.0
2013-12-27 00:00:00+05:30,150.26097055221794,152.8290590647706,150.26097055221794,151.51673889160156,5464012,0.0,0.0
2013-12-30 00:00:00+05:30,153.13450205736726,153.17975733260596,150.49855144685824,151.4827880859375,4227604,0.0,0.0
2013-12-31 00:00:00+05:30,152.07107780126265,152.11633308024125,149.35592678221337,150.6569366455078,5261312,0.0,0.0
2014-01-01 00:00:00+05:30,151.14345449703785,151.5507245166214,150.0121412148744,150.4986114501953,4492436,0.0,0.0
2014-01-02 00:00:00+05:30,150.46461108249798,152.67067116979777,147.87390185900804,148.65451049804688,7228992,0.0,0.0
2014-01-03 00:00:00+05:30,147.52320458974083,150.69088076191318,147.07067942228764,150.0347137451172,6513184,0.0,0.0
2014-01-06 00:00:00+05:30,150.012079855235,150.012079855235,148.65450447192967,149.7179412841797,5963420,0.0,0.0
2014-01-07 00:00:00+05:30,150.93977063527922,151.81088990644227,147.8173496062411,150.32887268066406,7896920,0.0,0.0
2014-01-08 00:00:00+05:30,150.50989033775497,150.90584990368637,149.33332200842116,150.39675903320312,4649480,0.0,0.0
2014-01-09 00:00:00+05:30,150.0573591070407,150.70220199315906,148.67714896082643,150.00079345703125,3777472,0.0,0.0
2014-01-10 00:00:00+05:30,150.00077624006346,152.65936148535692,148.49612459852577,149.79713439941406,6150508,0.0,0.0
2014-01-13 00:00:00+05:30,149.3559355640431,153.16846863011077,148.63190629770295,152.24078369140625,4752580,0.0,0.0
2014-01-14 00:00:00+05:30,151.38097960717013,152.9535073336152,151.21128266856036,152.1163330078125,3577120,0.0,0.0
2014-01-15 00:00:00+05:30,152.2747370187848,154.46948710482445,151.50543861832594,153.98301696777344,4627840,0.0,0.0
2014-01-16 00:00:00+05:30,154.8541300741605,154.98988211114448,151.67512947339128,152.28604125976562,4501176,0.0,0.0
2014-01-17 00:00:00+05:30,152.72724065565527,152.72724065565527,149.11834976261244,150.46461486816406,43374856,0.0,0.0
2014-01-20 00:00:00+05:30,151.16603919149375,153.11190585878765,150.78140381525995,151.6072540283203,5600368,0.0,0.0
2014-01-21 00:00:00+05:30,152.26343155194778,153.58706234331765,151.59595406682288,152.9761505126953,6251924,0.0,0.0
2014-01-22 00:00:00+05:30,152.84039318459662,154.9220119603564,152.64807548992306,153.20240783691406,7033336,0.0,0.0
2014-01-23 00:00:00+05:30,152.7272559159639,154.1074522602522,152.21816506291069,153.7454376220703,5482740,0.0,0.0
2014-01-24 00:00:00+05:30,151.5959512229962,152.71595392313105,150.1704995182673,152.36524963378906,8842900,0.0,0.0
2014-01-27 00:00:00+05:30,150.44202007474433,150.44202007474433,146.0751405039351,146.8896942138672,17060448,0.0,0.0
2014-01-28 00:00:00+05:30,146.61818625055867,148.42828731538037,144.49131197540308,145.81495666503906,18395424,0.0,0.0
2014-01-29 00:00:00+05:30,146.5050649155139,147.2743634444661,144.9325367463174,146.04122924804688,10970924,0.0,0.0
2014-01-30 00:00:00+05:30,144.24239724420178,144.7854329695806,142.0137163166528,142.95269775390625,11425460,0.0,0.0
2014-01-31 00:00:00+05:30,142.54543331756227,143.97088488874337,141.43674108999215,142.20603942871094,9620984,0.0,0.0
2014-02-03 00:00:00+05:30,142.53413354464956,143.45049435066778,141.43675160314368,141.75352478027344,4776820,0.0,0.0
2014-02-04 00:00:00+05:30,140.65615878335996,143.78989044692332,139.55877682520003,142.6811981201172,7409304,0.0,0.0
2014-02-05 00:00:00+05:30,142.77168275200808,144.7627906211036,141.4367280549025,144.2310791015625,6905384,0.0,0.0
2014-02-06 00:00:00+05:30,144.52521010196926,146.98015335231582,142.4322814233889,146.39187622070312,13466944,0.0,0.0
2014-02-07 00:00:00+05:30,147.61374171793645,148.0888877053005,145.28322563807805,146.56161499023438,4029468,0.0,0.0
2014-02-10 00:00:00+05:30,146.53897545552627,147.10463194410627,143.90301069475427,145.69049072265625,6280820,0.0,0.0
2014-02-11 00:00:00+05:30,146.16566771449365,146.425875278533,144.64970524090856,145.89414978027344,4464856,0.0,0.0
2014-02-12 00:00:00+05:30,146.3014230078571,147.70425419066498,145.6339592427094,146.04122924804688,6436960,0.0,0.0
2014-02-13 00:00:00+05:30,146.16566002887228,146.61818529211956,142.82828621242356,143.11111450195312,3155200,0.0,0.0
2014-02-14 00:00:00+05:30,143.45048653617494,145.67916759322884,142.39835993585575,145.21533203125,4249112,0.0,0.0
2014-02-17 00:00:00+05:30,145.2605675086903,147.5231931708194,145.05692567511022,147.1611785888672,3650120,0.0,0.0
2014-02-18 00:00:00+05:30,146.73126766521312,150.32884783203383,146.48238437743302,149.42379760742188,5019672,0.0,0.0
2014-02-19 00:00:00+05:30,148.47352250799074,152.10503451576633,148.20200462302262,151.6072540283203,4060948,0.0,0.0
2014-02-20 00:00:00+05:30,150.64564937528087,151.01898822162943,149.5256466462095,149.95555114746094,3448436,0.0,0.0
2014-02-21 00:00:00+05:30,149.2993668320193,151.50542711916196,149.26543572896998,150.32887268066406,3043872,0.0,0.0
2014-02-24 00:00:00+05:30,149.8084318131908,152.27469918127386,148.37167011607775,151.82217407226562,5018984,0.0,0.0
2014-02-25 00:00:00+05:30,152.50100047274736,152.9535256967021,150.6908995769284,151.84483337402344,4020560,0.0,0.0
2014-02-26 00:00:00+05:30,151.5959302959439,153.6775488172259,151.26784678927916,153.27027893066406,4551340,0.0,0.0
2014-02-28 00:00:00+05:30,154.31109390572695,154.51473577064755,150.49857460228,151.50543212890625,4903584,0.0,0.0
2014-03-03 00:00:00+05:30,150.5098824223269,152.04846532132186,150.0573572279182,150.73614501953125,3678432,0.0,0.0
2014-03-04 00:00:00+05:30,150.69089124138708,152.46704712317094,150.29493169232938,151.9805908203125,6443868,0.0,0.0
2014-03-05 00:00:00+05:30,152.3878523772134,152.72724625778625,149.8989639196791,151.53936767578125,4006984,0.0,0.0
2014-03-06 00:00:00+05:30,152.27472935749566,153.33816633639998,151.16603709672822,152.86300659179688,4948680,0.0,0.0
2014-03-07 00:00:00+05:30,153.76807540187426,161.7551571630427,152.9987907579769,160.97454833984375,22767568,0.0,0.0
2014-03-10 00:00:00+05:30,159.85450165745206,166.73288913527844,158.38379498969064,166.1785430908203,26123852,0.0,0.0
2014-03-11 00:00:00+05:30,166.18989074694775,167.43433512966826,162.80726189010355,164.0743408203125,13000472,0.0,0.0
2014-03-12 00:00:00+05:30,163.1918990287288,165.85048455883287,162.11715168677185,164.16482543945312,7110216,0.0,0.0
2014-03-13 00:00:00+05:30,164.60603988255204,169.58381703363952,164.60603988255204,167.96603393554688,11448452,0.0,0.0
2014-03-14 00:00:00+05:30,166.30303082910942,167.4117232252934,163.81414193234724,165.65818786621094,12208480,0.0,0.0
2014-03-18 00:00:00+05:30,166.39352487928517,168.52038507567775,164.78705210129323,166.07675170898438,8102724,0.0,0.0
2014-03-19 00:00:00+05:30,167.43430713795993,168.18097088077002,166.47269118480273,167.08360290527344,6055136,0.0,0.0
2014-03-20 00:00:00+05:30,167.08361586974132,167.08361586974132,164.71916899240253,165.21694946289062,5195084,0.0,0.0
2014-03-21 00:00:00+05:30,166.33696861254418,166.86868023914704,165.44322851231934,166.04281616210938,7525592,0.0,0.0
2014-03-24 00:00:00+05:30,166.18989310818668,170.3531308080656,166.07676179905926,169.8440399169922,11713860,0.0,0.0
2014-03-25 00:00:00+05:30,169.6969663376255,172.08403423544652,169.18787543861262,169.7309112548828,8031092,0.0,0.0
2014-03-26 00:00:00+05:30,170.33047992420353,171.12239901214414,168.36199257218513,168.80320739746094,9409312,0.0,0.0
2014-03-27 00:00:00+05:30,169.69694706521227,172.129269973147,167.8868462965167,168.9615936279297,24554932,0.0,0.0
2014-03-28 00:00:00+05:30,169.6856496144054,170.6246311736607,166.31433115208537,168.55433654785156,12160900,0.0,0.0
2014-03-31 00:00:00+05:30,169.2331126139069,170.37573596963696,168.1357307297123,169.42543029785156,8262428,0.0,0.0
2014-04-01 00:00:00+05:30,170.03636504870988,170.500200674406,165.74868548342408,167.0044403076172,8051832,0.0,0.0
2014-04-02 00:00:00+05:30,168.55433254800892,168.79190552435276,163.33898219695226,165.6016082763672,10398752,0.0,0.0
2014-04-03 00:00:00+05:30,166.52930127223297,166.98182654742925,164.32324055565107,164.90020751953125,5559704,0.0,0.0
2014-04-04 00:00:00+05:30,164.16483265089764,165.85049184432515,162.92038830554458,164.1422119140625,7422408,0.0,0.0
2014-04-07 00:00:00+05:30,164.0403662353521,165.6242042541762,163.6104618205398,164.1195526123047,11733156,0.0,0.0
2014-04-09 00:00:00+05:30,164.7304841370639,168.54301725547575,163.30503251067304,167.8529052734375,10520384,0.0,0.0
2014-04-10 00:00:00+05:30,168.48644735259214,169.39149773507305,166.529270376488,167.29856872558594,7494792,0.0,0.0
2014-04-11 00:00:00+05:30,166.088062105686,168.52038510456558,166.054131000988,167.0157470703125,5207952,0.0,0.0
2014-04-15 00:00:00+05:30,166.14462303546918,167.1628047269966,162.47916618397585,163.8028106689453,8371868,0.0,0.0
2014-04-16 00:00:00+05:30,163.63311841350367,165.57897128913123,163.1579586578457,164.25534057617188,3572392,0.0,0.0
2014-04-17 00:00:00+05:30,162.060583081483,163.20320642009784,160.0355301015767,162.61492919921875,12302328,0.0,0.0
2014-04-21 00:00:00+05:30,163.519991536791,164.37978669557143,161.3252414507122,162.10585021972656,6987752,0.0,0.0
2014-04-22 00:00:00+05:30,163.3389799156491,165.08119092448678,162.320798194133,164.6173553466797,11395824,0.0,0.0
2014-04-23 00:00:00+05:30,164.01778784406207,167.30990638536,163.4973727412659,165.8505096435547,21025344,0.0,0.0
2014-04-24 00:00:00+05:30,165.8505096435547,165.8505096435547,165.8505096435547,165.8505096435547,0,0.0,0.0
2014-04-25 00:00:00+05:30,165.88443506565102,166.9818031804491,164.04038930328673,164.35716247558594,6212444,0.0,0.0
2014-04-28 00:00:00+05:30,163.4181701213137,165.00200839178677,163.03352092220405,164.0856475830078,4882860,0.0,0.0
2014-04-29 00:00:00+05:30,164.35716266359782,164.60604600642225,161.21210691350632,161.95877075195312,6641236,0.0,0.0
2014-04-30 00:00:00+05:30,162.00404263779177,165.14909871019697,161.01980572396835,163.20323181152344,8786920,0.0,0.0
2014-05-02 00:00:00+05:30,163.70100067742132,164.6173614990389,161.9022101401874,162.25291442871094,5915292,0.0,0.0
2014-05-05 00:00:00+05:30,162.87513348278878,163.61048696166912,161.5515027447936,162.16241455078125,5192324,0.0,0.0
2014-05-06 00:00:00+05:30,162.9542999267578,163.94984691365084,161.5740900124706,162.9542999267578,6184560,0.0,0.0
2014-05-07 00:00:00+05:30,162.56966493565974,164.49289687992297,160.9745164968241,161.9134979248047,6598624,0.0,0.0
2014-05-08 00:00:00+05:30,162.26422037250103,163.58785098720523,161.89088157862426,162.5244140625,7520428,0.0,0.0
2014-05-09 00:00:00+05:30,162.90908818168865,171.95959308067134,162.90908818168865,171.2355499267578,16376444,0.0,0.0
2014-05-12 00:00:00+05:30,170.8508917251407,179.84483049570477,170.71513968278208,179.2339324951172,17561360,0.0,0.0
2014-05-13 00:00:00+05:30,181.01009443934623,181.01009443934623,177.05049862348554,178.32888793945312,12665216,0.0,0.0
2014-05-14 00:00:00+05:30,177.61615805873808,179.8335289897058,175.18383487513117,175.45535278320312,8501500,0.0,0.0
2014-05-15 00:00:00+05:30,173.99593920902893,179.00766131751755,173.3284617777669,178.37411499023438,9466188,0.0,0.0
2014-05-16 00:00:00+05:30,181.01007986450452,193.22826025535858,178.2157422805855,182.07351684570312,32868368,0.0,0.0
2014-05-19 00:00:00+05:30,184.60767191413495,188.9292823088263,182.82019174315167,183.70262145996094,10522804,0.0,0.0
2014-05-20 00:00:00+05:30,184.6302911939069,185.8973562957579,181.99432624294553,184.6416015625,6357032,0.0,0.0
2014-05-21 00:00:00+05:30,183.80441930806788,184.29088942661485,182.14139470647632,183.15957641601562,3642388,0.0,0.0
2014-05-22 00:00:00+05:30,183.72526300404007,184.40405092154268,180.55758605569454,181.598388671875,7806456,0.0,0.0
2014-05-23 00:00:00+05:30,180.78382378652776,181.68887421850036,177.09574603823413,178.66827392578125,9818936,0.0,0.0
2014-05-26 00:00:00+05:30,180.78382994885496,181.92645339617394,178.74746640750365,180.36524963378906,17395232,0.0,0.0
2014-05-27 00:00:00+05:30,181.01009730288163,183.41979974721602,178.37413223691863,182.11878967285156,7619524,0.0,0.0
2014-05-28 00:00:00+05:30,180.98746679655525,187.0626123354091,180.896956228799,186.31594848632812,14355564,0.0,0.0
2014-05-29 00:00:00+05:30,186.12360696103545,187.96765265248507,182.6844265310508,183.3292694091797,13684008,0.0,0.0
2014-05-30 00:00:00+05:30,184.40403317848768,186.1688788321888,165.1717106997497,179.36968994140625,32807544,0.0,0.0
2014-06-02 00:00:00+05:30,179.53936020722455,186.06703022448136,179.53936020722455,185.39956665039062,8083132,0.0,0.0
2014-06-03 00:00:00+05:30,186.21412802686183,187.31149616135383,184.17776453689615,186.5195770263672,3624148,0.0,0.0
2014-06-04 00:00:00+05:30,186.07836533665528,187.73007953311458,184.42663733022306,184.78866577148438,2864340,0.0,0.0
2014-06-05 00:00:00+05:30,185.23356703126123,186.05501028673763,182.76926511839167,183.78465270996094,7674472,1.7125,0.0
2014-06-06 00:00:00+05:30,185.50741608030992,187.33282730865244,182.7692992377961,186.02081298828125,10565276,0.0,0.0
2014-06-09 00:00:00+05:30,187.53819146765568,189.38641476391584,185.96376871396555,186.97915649414062,9339920,0.0,0.0
2014-06-10 00:00:00+05:30,187.36706484218965,187.92608590586002,184.82289229726112,186.34027099609375,4999344,0.0,0.0
2014-06-11 00:00:00+05:30,186.42013254113346,189.35219392654446,184.82289762340037,187.21875,7743772,0.0,0.0
2014-06-12 00:00:00+05:30,188.1314545033896,192.79766498382725,185.47319369318026,191.6339569091797,12732048,0.0,0.0
2014-06-13 00:00:00+05:30,192.58088758002555,195.3190044650496,189.76291452323468,190.6185760498047,12212884,0.0,0.0
2014-06-16 00:00:00+05:30,189.61459121431298,192.30706998891907,189.45486494658584,191.44000244140625,5309880,0.0,0.0
2014-06-17 00:00:00+05:30,190.75547667156337,193.6761319022308,188.78174517595912,193.16273498535156,6988120,0.0,0.0
2014-06-18 00:00:00+05:30,193.2882180817434,194.26938771886665,189.1011868161646,190.49305725097656,5374628,0.0,0.0
2014-06-19 00:00:00+05:30,191.0064529836259,191.6567640596566,187.6066330844571,188.41665649414062,4720996,0.0,0.0
2014-06-20 00:00:00+05:30,188.47371801483482,189.7857323956887,186.95633929061233,187.5496063232422,2969768,0.0,0.0
2014-06-23 00:00:00+05:30,188.0173481163063,188.59919513397975,186.03221070884814,187.4355010986328,5840844,0.0,0.0
2014-06-24 00:00:00+05:30,188.32541460369512,190.01392578934875,188.2455584223509,189.15826416015625,5066224,0.0,0.0
2014-06-25 00:00:00+05:30,189.15823103655194,190.1165746787883,187.7891726695805,188.0401611328125,6330624,0.0,0.0
2014-06-26 00:00:00+05:30,187.10466439605474,188.6106231973096,184.5148675998227,185.3705291748047,21808264,0.0,0.0
2014-06-27 00:00:00+05:30,186.6140620473704,187.56099967239032,185.73558848336464,186.23757934570312,5142960,0.0,0.0
2014-06-30 00:00:00+05:30,187.0818455238345,190.00250080824244,187.0818455238345,187.4583282470703,6176100,0.0,0.0
2014-07-01 00:00:00+05:30,187.78917010719962,188.91864602989574,185.96375897614544,187.8576202392578,7641372,0.0,0.0
2014-07-02 00:00:00+05:30,189.56895681633293,192.124535369069,188.35962464034023,191.64537048339844,7626724,0.0,0.0
2014-07-03 00:00:00+05:30,191.8963471793231,192.8775028872736,189.69443940851468,190.93800354003906,6062740,0.0,0.0
2014-07-04 00:00:00+05:30,190.93802075149185,195.99213390028967,190.5501180617224,195.4673309326172,5631988,0.0,0.0
2014-07-07 00:00:00+05:30,196.2089237677014,196.39146213196375,190.7212693158452,191.77088928222656,8131968,0.0,0.0
2014-07-08 00:00:00+05:30,192.58088827147554,193.57345007514743,187.10465448176532,189.2152862548828,6732272,0.0,0.0
2014-07-09 00:00:00+05:30,188.93006156075197,190.49306434956938,186.64829753224046,189.45486450195312,5795552,0.0,0.0
2014-07-10 00:00:00+05:30,189.45486258258248,193.4935876574879,185.33628133820113,187.86903381347656,9857544,0.0,0.0
2014-07-11 00:00:00+05:30,187.3556499478521,189.7172842138199,184.5490828113011,185.23361206054688,9198780,0.0,0.0
2014-07-14 00:00:00+05:30,185.96379210460668,187.10467426475765,184.17261268388336,186.5228271484375,4921608,0.0,0.0
2014-07-15 00:00:00+05:30,187.27578552682797,189.1126028127367,186.30603579976247,188.65625,6092036,0.0,0.0
2014-07-16 00:00:00+05:30,189.27232280049964,191.32591038965515,186.62548214518984,190.69842529296875,9589300,0.0,0.0
2014-07-17 00:00:00+05:30,191.3715418083433,191.43999194024806,189.27231622697948,189.797119140625,5039100,0.0,0.0
2014-07-18 00:00:00+05:30,189.13542638224556,190.9380116133532,187.5610036277956,189.94544982910156,7288432,0.0,0.0
2014-07-21 00:00:00+05:30,192.056079137684,193.2540052406301,188.3025745630965,188.8045654296875,9813656,0.0,0.0
2014-07-22 00:00:00+05:30,189.36361271730274,192.2728620137469,188.70189554190804,191.6339569091797,6970352,0.0,0.0
2014-07-23 00:00:00+05:30,192.37552563512568,192.809066384692,190.52730228546486,190.8239288330078,7849852,0.0,0.0
2014-07-24 00:00:00+05:30,190.7554921857608,192.580903594237,190.07096290758224,192.1815948486328,4278600,0.0,0.0
2014-07-25 00:00:00+05:30,191.89635817723527,193.9043077723302,190.33335536089237,190.64138793945312,10665952,0.0,0.0
2014-07-28 00:00:00+05:30,191.325934250667,191.6225608207376,188.93008176452267,189.28375244140625,3884952,0.0,0.0
2014-07-30 00:00:00+05:30,189.61459025129994,192.1017186062959,188.66765261134165,191.3943634033203,4685380,0.0,0.0
2014-07-31 00:00:00+05:30,191.18901157477197,191.6453643758319,189.0555538737474,190.2991180419922,11901344,0.0,0.0
2014-08-01 00:00:00+05:30,188.4851163458433,188.88442505412922,185.27924064467553,186.0664520263672,6828460,0.0,0.0
2014-08-04 00:00:00+05:30,186.87645881906207,187.7207142266778,184.1611542740555,185.5074005126953,7363044,0.0,0.0
2014-08-05 00:00:00+05:30,186.42011655690584,187.78917494043267,184.80006970711187,187.15028381347656,6077104,0.0,0.0
2014-08-06 00:00:00+05:30,185.9751946690251,187.00198859399254,184.21823338983512,184.82290649414062,3381400,0.0,0.0
2014-08-07 00:00:00+05:30,185.4846136851474,186.76239604092055,184.82289650964648,185.1651611328125,3933740,0.0,0.0
2014-08-08 00:00:00+05:30,183.6820143969828,184.3209055747461,181.40025024298302,181.66265869140625,7450680,0.0,0.0
2014-08-11 00:00:00+05:30,182.76929710007772,183.19141787098172,180.5788092224002,180.93247985839844,5626224,0.0,0.0
2014-08-12 00:00:00+05:30,182.76929403149225,184.4806170093152,180.71570645810468,184.18399047851562,6603072,0.0,0.0
2014-08-13 00:00:00+05:30,184.82290019610284,186.13491461107517,183.1458090798516,185.3705291748047,7839820,0.0,0.0
2014-08-14 00:00:00+05:30,185.75842205751735,189.76292945846464,185.575883702839,188.63345336914062,11873224,0.0,0.0
2014-08-18 00:00:00+05:30,189.38639849083634,190.4131922175939,187.9260640642909,189.922607421875,6702168,0.0,0.0
2014-08-19 00:00:00+05:30,190.07097429107426,191.09776826983756,187.61807756402857,187.983154296875,7892856,0.0,0.0
2014-08-20 00:00:00+05:30,189.1582263274821,190.43600853413247,186.87646243933398,187.23013305664062,9434852,0.0,0.0
2014-08-21 00:00:00+05:30,187.5609960057714,190.57292719414016,187.33281961160378,189.95684814453125,6390480,0.0,0.0
2014-08-22 00:00:00+05:30,190.37895091480743,193.66469625107544,188.94144255273287,193.20834350585938,10015288,0.0,0.0
2014-08-25 00:00:00+05:30,192.3527011375934,194.58882702501094,191.02928083089992,192.45538330078125,6656064,0.0,0.0
2014-08-26 00:00:00+05:30,192.69493915320152,193.60764460804202,191.2346048547447,192.23858642578125,4165256,0.0,0.0
2014-08-27 00:00:00+05:30,193.03724359360652,193.03724359360652,190.29912666320075,190.8923797607422,4852968,0.0,0.0
2014-08-28 00:00:00+05:30,191.09773078622587,192.9231419459749,190.29911340383566,192.4781951904297,7991452,0.0,0.0
2014-09-01 00:00:00+05:30,193.01443326890495,193.72177457827732,191.34873431308347,191.94200134277344,4154656,0.0,0.0
2014-09-02 00:00:00+05:30,192.37553042976353,196.48270591073683,191.36015652172725,196.04917907714844,11442252,0.0,0.0
2014-09-03 00:00:00+05:30,197.37259842181396,197.37259842181396,194.3150288986703,195.4673309326172,9234780,0.0,0.0
2014-09-04 00:00:00+05:30,195.78675147746776,196.00352183644998,193.60766970690082,194.37205505371094,6406968,0.0,0.0
2014-09-05 00:00:00+05:30,194.40627580523852,195.21629916907082,192.60367683210666,193.59625244140625,3835208,0.0,0.0
2014-09-08 00:00:00+05:30,194.17811108490193,198.01147171461764,193.82444045993913,197.31553649902344,9788344,0.0,0.0
2014-09-09 00:00:00+05:30,196.25452073694902,198.49066065155853,195.7297177898237,197.50949096679688,7661044,0.0,0.0
2014-09-10 00:00:00+05:30,197.3725768284401,197.3725768284401,194.88544861329973,195.61561584472656,4314252,0.0,0.0
2014-09-11 00:00:00+05:30,195.63843874209036,196.93903299963523,194.6344570739273,194.94248962402344,6532864,0.0,0.0
2014-09-12 00:00:00+05:30,193.97275311345842,195.77535225387487,193.71035860811529,195.25054931640625,6086556,0.0,0.0
2014-09-15 00:00:00+05:30,193.9499640110006,197.37261043472412,193.9499640110006,196.31158447265625,5809088,0.0,0.0
2014-09-16 00:00:00+05:30,196.4598798382016,196.69946227216005,193.49358664668404,194.17811584472656,5076268,0.0,0.0
2014-09-17 00:00:00+05:30,195.09082098051707,195.2961853101568,192.14733986518587,193.12850952148438,7905896,0.0,0.0
2014-09-18 00:00:00+05:30,192.7520312245509,196.45989805781394,192.18159017327966,195.80960083007812,6652568,0.0,0.0
2014-09-19 00:00:00+05:30,196.23168271282876,197.37256458906614,194.26937145641276,196.28872680664062,6542108,0.0,0.0
2014-09-22 00:00:00+05:30,195.5357959699482,195.8894666537974,194.17814341570366,195.51296997070312,6534316,0.0,0.0
2014-09-23 00:00:00+05:30,195.33041876222921,195.7411335269989,192.9459724219724,193.6875457763672,4716976,0.0,0.0
2014-09-24 00:00:00+05:30,193.28821548086142,195.61561745725314,192.82045666409792,195.19349670410156,6665496,0.0,0.0
2014-09-25 00:00:00+05:30,194.63447284533407,197.50948996846773,192.14734446803942,193.93853759765625,16595960,0.0,0.0
2014-09-26 00:00:00+05:30,193.9385381011239,200.56705987712164,192.8090621116812,198.8899688720703,9882252,0.0,0.0
2014-09-29 00:00:00+05:30,199.1980001584614,200.1905619424899,196.50552138382952,197.39540100097656,8682268,0.0,0.0
2014-09-30 00:00:00+05:30,197.19007047412302,200.74961715513913,196.49413515898135,199.1181640625,12035432,0.0,0.0
2014-10-01 00:00:00+05:30,197.60077607466877,198.7758901867037,196.3458057878204,198.05712890625,5870188,0.0,0.0
2014-10-07 00:00:00+05:30,197.37260331126242,197.82895615128848,194.88547476240714,196.79075622558594,5026288,0.0,0.0
2014-10-08 00:00:00+05:30,196.3571796302713,198.51344919132637,195.84378277891443,197.9658203125,3140384,0.0,0.0
2014-10-09 00:00:00+05:30,199.42617960619808,203.75012530178054,198.1141652666836,202.5293731689453,7650420,0.0,0.0
2014-10-10 00:00:00+05:30,201.49117840151507,201.97035722414105,197.34978486806364,197.89739990234375,4266980,0.0,0.0
2014-10-13 00:00:00+05:30,197.14439332425184,200.33886266052446,195.23912611225884,200.06504821777344,5376512,0.0,0.0
2014-10-14 00:00:00+05:30,201.9361209101313,202.1528912829055,197.40682478585444,198.13697814941406,7266240,0.0,0.0
2014-10-15 00:00:00+05:30,198.13697814941406,198.13697814941406,198.13697814941406,198.13697814941406,0,0.0,0.0
2014-10-16 00:00:00+05:30,198.14841054795875,199.42619294117046,195.10224695645996,195.9693145751953,5533084,0.0,0.0
2014-10-17 00:00:00+05:30,196.2887687219869,202.64347655889603,195.57000741576138,201.99317932128906,9977920,0.0,0.0
2014-10-20 00:00:00+05:30,203.98971460635227,207.5492611025955,203.1112409810538,203.94407653808594,9532004,0.0,0.0
2014-10-21 00:00:00+05:30,205.35875627722277,206.67077055343836,202.54078335902034,204.34336853027344,16037152,0.0,0.0
2014-10-22 00:00:00+05:30,206.51105375014154,206.80768029299466,203.36222212834943,203.90985107421875,4571544,0.0,0.0
2014-10-27 00:00:00+05:30,205.14202278441115,207.0244783886051,204.02396659980906,204.73130798339844,6724768,0.0,0.0
2014-10-28 00:00:00+05:30,205.13058665468643,205.40440112412034,203.98970463769706,204.2863311767578,5803492,0.0,0.0
2014-10-29 00:00:00+05:30,205.404380061424,205.92918295006797,203.07697820006703,203.43064880371094,7896188,0.0,0.0
2014-10-30 00:00:00+05:30,203.05418490297683,205.34735494860053,202.41527983849184,204.59437561035156,10738180,0.0,0.0
2014-10-31 00:00:00+05:30,205.38160991147288,208.69016832108483,204.75412469585683,208.06268310546875,10105988,0.0,0.0
2014-11-03 00:00:00+05:30,208.82704097719846,209.76255863265104,206.590915075623,207.8002471923828,7239648,0.0,0.0
2014-11-05 00:00:00+05:30,208.79280055830446,209.99072659246022,207.69755668386122,208.27940368652344,7524180,0.0,0.0
2014-11-07 00:00:00+05:30,206.49965266724885,206.8647293553949,203.9098559641794,205.2332763671875,9028492,0.0,0.0
2014-11-10 00:00:00+05:30,205.24467052249977,207.26402607921784,203.7615239317313,206.41978454589844,6389756,0.0,0.0
2014-11-11 00:00:00+05:30,206.70502411386425,209.3062269415804,205.90640664515797,207.161376953125,5913408,0.0,0.0
2014-11-12 00:00:00+05:30,207.86869314542562,209.89946860526487,206.30569043068698,208.03982543945312,9058664,0.0,0.0
2014-11-13 00:00:00+05:30,208.89547153230924,209.9222652208897,206.2486311502364,208.99815368652344,7388952,0.0,0.0
2014-11-14 00:00:00+05:30,209.51160695283562,212.8886154304701,208.0398661508372,212.22689819335938,8438056,0.0,0.0
2014-11-17 00:00:00+05:30,212.20408609759366,213.11679184425,207.18420449098394,209.6827392578125,13464084,0.0,0.0
2014-11-18 00:00:00+05:30,210.15047608010522,213.34494585765296,208.09688836596737,212.7060546875,9189112,0.0,0.0
2014-11-19 00:00:00+05:30,213.35635438888457,213.96102746027879,210.4128869869226,211.41685485839844,3454848,0.0,0.0
2014-11-20 00:00:00+05:30,211.73628598668284,211.73628598668284,208.11968181323027,209.51156616210938,4770372,0.0,0.0
2014-11-21 00:00:00+05:30,210.1961080834189,213.34493970222354,208.5646412091006,212.85435485839844,8823808,0.0,0.0
2014-11-24 00:00:00+05:30,212.7402727638342,216.767592017826,211.77052301007026,215.67234802246094,7316860,0.0,0.0
2014-11-25 00:00:00+05:30,215.1703479359197,218.77553231640366,214.25764232431453,217.57760620117188,12156508,0.0,0.0
2014-11-26 00:00:00+05:30,214.44018035476088,219.02653440259064,212.95703373802246,217.064208984375,8976428,0.0,0.0
2014-11-27 00:00:00+05:30,216.9044800223127,217.63464728683775,215.17034495500013,216.345458984375,13211448,0.0,0.0
2014-11-28 00:00:00+05:30,216.31124332401092,220.3956067591755,216.0830669070025,218.39906311035156,9251860,0.0,0.0
2014-12-01 00:00:00+05:30,218.6614548353645,219.60839252454377,216.35687862378694,216.76759338378906,7389128,0.0,0.0
2014-12-02 00:00:00+05:30,214.88514464015495,216.67632397565362,214.3032975515192,215.2388153076172,4517556,0.0,0.0
2014-12-03 00:00:00+05:30,214.9421677325416,215.40992656486213,212.66040374387342,212.91139221191406,6661184,0.0,0.0
2014-12-04 00:00:00+05:30,214.48583004114784,215.45557980463175,212.6604187216487,214.80528259277344,6839104,0.0,0.0
2014-12-05 00:00:00+05:30,214.71401827824081,215.48982370245704,213.5046859978434,215.1133270263672,4074180,0.0,0.0
2014-12-08 00:00:00+05:30,215.62669991940976,215.62669991940976,211.06317187878733,211.5537567138672,4057128,0.0,0.0
2014-12-09 00:00:00+05:30,211.07457597245318,213.34493393714067,211.07457597245318,211.4624786376953,4873344,0.0,0.0
2014-12-10 00:00:00+05:30,211.3141828517682,213.3449586168021,211.13164449606248,212.52352905273438,5565432,0.0,0.0
2014-12-11 00:00:00+05:30,212.18125583466946,213.5160823040079,211.06318582015209,213.02549743652344,4818844,0.0,0.0
2014-12-12 00:00:00+05:30,212.88857501486072,213.6187422590033,211.97586944137794,212.5463104248047,4616828,0.0,0.0
2014-12-15 00:00:00+05:30,212.20406571285432,215.46698565835126,211.7477128833643,214.82809448242188,6638628,0.0,0.0
2014-12-16 00:00:00+05:30,213.92679284817217,214.94218066960067,209.23777035459003,211.23431396484375,4989956,0.0,0.0
2014-12-17 00:00:00+05:30,211.2913437467516,212.77449032812729,209.0095797754044,210.3444061279297,7064016,0.0,0.0
2014-12-18 00:00:00+05:30,212.7972847767414,213.68717822259325,210.3900267716562,213.12814331054688,6493828,0.0,0.0
2014-12-19 00:00:00+05:30,215.63811040174443,216.53940999371335,212.77449928254762,214.81668090820312,6114108,0.0,0.0
2014-12-22 00:00:00+05:30,217.6802714832569,220.44120017349553,215.05624305342727,219.89358520507812,8295612,0.0,0.0
2014-12-23 00:00:00+05:30,218.98091879315962,222.23243286329733,217.98834298409992,218.99232482910156,7544080,0.0,0.0
2014-12-24 00:00:00+05:30,218.57016796232475,220.1445766858071,214.73679349677482,215.68373107910156,16664812,0.0,0.0
2014-12-26 00:00:00+05:30,216.85884236606097,217.44068936377303,215.0676493836838,216.45953369140625,3366480,0.0,0.0
2014-12-29 00:00:00+05:30,216.79039645708818,218.13664281504887,216.37968171413183,217.15548706054688,3614800,0.0,0.0
2014-12-30 00:00:00+05:30,216.76759344977182,218.95808145497207,215.11331444712883,218.2393341064453,5681200,0.0,0.0
2014-12-31 00:00:00+05:30,218.13664165781648,218.43326819689008,216.710539136518,217.13265991210938,4992528,0.0,0.0
2015-01-01 00:00:00+05:30,216.99576911381928,217.77157448998673,215.63811666891775,217.2353515625,3544940,0.0,0.0
2015-01-02 00:00:00+05:30,216.8588321061151,221.1713572322848,216.8588321061151,220.25865173339844,5900384,0.0,0.0
2015-01-05 00:00:00+05:30,221.33112449819683,221.45661874219482,217.9312903140576,218.39906311035156,4796000,0.0,0.0
2015-01-06 00:00:00+05:30,217.68029461276407,218.26214167149823,213.92678989199874,214.9992218017578,8219680,0.0,0.0
2015-01-07 00:00:00+05:30,214.41736161491522,217.0756082661509,213.63015026516385,215.62669372558594,5746112,0.0,0.0
2015-01-08 00:00:00+05:30,217.73732636830783,221.0915221823403,216.35686195478738,220.15599060058594,9525824,0.0,0.0
2015-01-09 00:00:00+05:30,221.99283043675973,223.612877344769,220.55530794097444,222.6203155517578,8985184,0.0,0.0
2015-01-12 00:00:00+05:30,221.1942277052341,222.3351098082593,220.07615767355605,220.6580047607422,4126412,0.0,0.0
2015-01-13 00:00:00+05:30,221.09153219630693,221.77606141683725,218.06819480563135,219.81373596191406,5828348,0.0,0.0
2015-01-14 00:00:00+05:30,219.06078239369418,222.39216668186634,218.98092621261094,219.93927001953125,3685232,0.0,0.0
2015-01-15 00:00:00+05:30,225.89462685989295,227.76567604954334,221.50223133761725,226.61338806152344,11398476,0.0,0.0
2015-01-16 00:00:00+05:30,228.67840960590985,231.5762529087491,227.84556010694365,228.4844512939453,7821308,0.0,0.0
2015-01-19 00:00:00+05:30,231.19972168184105,232.73991227779706,228.84950770596075,229.21458435058594,4239492,0.0,0.0
2015-01-20 00:00:00+05:30,230.45816122140855,234.33715997464017,228.6327500434172,232.95669555664062,8505804,0.0,0.0
2015-01-21 00:00:00+05:30,234.42843254404463,235.69479481740572,232.36342503887704,232.728515625,6740612,0.0,0.0
2015-01-22 00:00:00+05:30,233.88082329179258,235.59214638904962,232.40908264279494,233.02516174316406,6470680,0.0,0.0
2015-01-23 00:00:00+05:30,235.02168334110223,239.1288583897817,233.7439011188924,237.94235229492188,9987912,0.0,0.0
2015-01-27 00:00:00+05:30,237.98800236298473,245.91713283480996,237.5088374591417,245.07289123535156,9962400,0.0,0.0
2015-01-28 00:00:00+05:30,244.1487544756328,249.442435954613,240.72610838485292,241.49049377441406,11364940,0.0,0.0
2015-01-29 00:00:00+05:30,245.28966651115243,251.1309776499136,242.09519643565835,249.8531951904297,20567616,0.0,0.0
2015-01-30 00:00:00+05:30,249.75048692927405,249.75048692927405,242.83673094624973,245.82583618164062,10570416,0.0,0.0
2015-02-02 00:00:00+05:30,243.8064728628299,249.39679442121957,240.12141859138288,246.7955780029297,5710352,0.0,0.0
2015-02-03 00:00:00+05:30,246.08826674090383,246.93250834582983,240.79458498628136,242.80252075195312,10200688,0.0,0.0
2015-02-04 00:00:00+05:30,242.55148355966514,246.61303412476036,241.23946941999623,243.6239013671875,6197512,0.0,0.0
2015-02-05 00:00:00+05:30,245.28964760687757,249.35119895984127,244.22862170000428,245.6319122314453,8059148,0.0,0.0
2015-02-06 00:00:00+05:30,245.7460269792192,246.19095989778165,239.59668303514098,240.38388061523438,6903120,0.0,0.0
2015-02-09 00:00:00+05:30,238.9006861276552,239.98452400645783,236.04848118343773,237.32626342773438,5231896,0.0,0.0
2015-02-10 00:00:00+05:30,235.0216991871086,242.39180827391687,235.0216991871086,240.60060119628906,9275752,0.0,0.0
2015-02-11 00:00:00+05:30,241.41067697697906,242.9622879326257,240.26979476064173,241.501953125,4161588,0.0,0.0
2015-02-12 00:00:00+05:30,243.03069377419118,246.86406868333376,240.20130066063987,245.517822265625,5525740,0.0,0.0
2015-02-13 00:00:00+05:30,246.70432412974546,246.8868763997483,242.68842487177508,243.1904296875,7714500,0.0,0.0
2015-02-16 00:00:00+05:30,245.47219231557895,247.57140414013358,242.4374349298543,243.58973693847656,7388716,0.0,0.0
2015-02-18 00:00:00+05:30,243.58976988078948,247.10366477706953,241.19391725865157,245.24404907226562,5381692,0.0,0.0
2015-02-19 00:00:00+05:30,245.06145343477897,247.54858176381504,242.7340652977739,246.3848876953125,4507004,0.0,0.0
2015-02-20 00:00:00+05:30,247.1150400731432,248.68946279667665,243.8064822882304,244.84469604492188,6206024,0.0,0.0
2015-02-23 00:00:00+05:30,245.76879598469728,246.7841976814443,242.32333789977312,243.57830810546875,5581564,0.0,0.0
2015-02-24 00:00:00+05:30,244.2172371798192,244.37694953482026,241.2052916778939,243.61256408691406,5846288,0.0,0.0
2015-02-25 00:00:00+05:30,244.14877932581507,245.2440373277693,239.5852507402858,240.14427185058594,4648524,0.0,0.0
2015-02-26 00:00:00+05:30,240.41808204176832,240.9542910391821,236.18539845831845,236.88134765625,12426944,0.0,0.0
2015-02-27 00:00:00+05:30,238.54706598975233,241.536199861321,238.54706598975233,240.49798583984375,10261784,0.0,0.0
2015-03-02 00:00:00+05:30,246.5103700818961,250.76586554562624,243.69239709074506,247.0123748779297,14385232,0.0,0.0
2015-03-03 00:00:00+05:30,247.9022417909772,249.1686319685068,245.75740588655435,247.1949005126953,6029348,0.0,0.0
2015-03-04 00:00:00+05:30,252.13490036539736,253.11606994263323,241.86696324644453,243.07630920410156,12277624,0.0,0.0
2015-03-05 00:00:00+05:30,243.00791259142196,248.7123236851173,242.43747148205242,247.59425354003906,9702452,0.0,0.0
2015-03-09 00:00:00+05:30,245.7574199117347,246.84125788737092,240.9542952151204,241.63882446289062,5755808,0.0,0.0
2015-03-10 00:00:00+05:30,242.32333960375715,242.38038370441714,238.4443407588759,240.16708374023438,5134836,0.0,0.0
2015-03-11 00:00:00+05:30,239.7905683186922,242.3005085510909,239.58520400169255,241.0569305419922,5465536,0.0,0.0
2015-03-12 00:00:00+05:30,241.88979686428084,242.75687832855635,239.83620925753152,240.63482666015625,7530836,0.0,0.0
2015-03-13 00:00:00+05:30,241.8669817637389,242.77968735530018,236.07129568661193,237.9081268310547,5426780,0.0,0.0
2015-03-16 00:00:00+05:30,238.44433725185732,241.38781837333474,237.87389625364713,239.93890380859375,5348772,0.0,0.0
2015-03-17 00:00:00+05:30,241.86700624375112,243.2132526982741,237.9537750531506,241.4220733642578,5369304,0.0,0.0
2015-03-18 00:00:00+05:30,241.9012423144842,244.5823153057961,240.3153994500358,242.6770477294922,5148332,0.0,0.0
2015-03-19 00:00:00+05:30,244.37693156672066,245.0158366468833,239.28858655607152,240.0872039794922,5373572,0.0,0.0
2015-03-20 00:00:00+05:30,239.8134331936444,241.75293289121433,238.6611310554254,240.93150329589844,6483236,0.0,0.0
2015-03-23 00:00:00+05:30,240.942873837057,241.73009917950665,238.67252965338673,239.07183837890625,5446740,0.0,0.0
2015-03-24 00:00:00+05:30,238.05647477183436,241.182480645395,236.26526755703495,236.83570861816406,8973564,0.0,0.0
2015-03-25 00:00:00+05:30,237.314874070215,238.83222483527138,235.27267859435102,235.99143981933594,10608900,0.0,0.0
2015-03-26 00:00:00+05:30,234.31435968820549,235.52367794229727,228.65557361045265,229.76223754882812,35800620,0.0,0.0
2015-03-27 00:00:00+05:30,231.58763042967666,233.5499418181651,230.02461379796495,231.51918029785156,10840896,0.0,0.0
2015-03-30 00:00:00+05:30,232.7399283753724,237.07527998236463,231.09705550736626,236.5961151123047,6955144,0.0,0.0
2015-03-31 00:00:00+05:30,237.28063960136595,237.28063960136595,231.56480974422936,233.3560028076172,5962256,0.0,0.0
2015-04-01 00:00:00+05:30,234.13180824763444,236.5847046500779,231.1427028535095,235.76327514648438,3844196,0.0,0.0
2015-04-06 00:00:00+05:30,236.1625628982412,236.58468364768484,232.6942789959252,235.46661376953125,7151172,0.0,0.0
2015-04-07 00:00:00+05:30,235.76325811839973,236.89272012256933,233.57277031583723,235.649169921875,6197072,0.0,0.0
2015-04-08 00:00:00+05:30,237.314879753909,237.86248083980854,235.03311571744456,236.2880859375,4106144,0.0,0.0
2015-04-09 00:00:00+05:30,236.90418328720298,241.63884430642713,235.0217277012464,240.9771270751953,7002784,0.0,0.0
2015-04-10 00:00:00+05:30,240.26974697850665,240.26974697850665,236.12833978608452,237.9081268310547,6119324,0.0,0.0
2015-04-13 00:00:00+05:30,237.30349418614898,238.7410168788965,236.1169878566458,237.02969360351562,4563236,0.0,0.0
2015-04-15 00:00:00+05:30,237.303460766935,239.28858434538623,233.92643883767184,235.398193359375,4893996,0.0,0.0
2015-04-16 00:00:00+05:30,234.56535210345882,235.83174233454884,232.2835879779388,234.9418487548828,5610120,0.0,0.0
2015-04-17 00:00:00+05:30,233.90362473534455,234.5311098424967,231.838631077164,232.3406219482422,4049012,0.0,0.0
2015-04-20 00:00:00+05:30,232.73993721473457,233.88081925990485,228.76966212682893,229.34010314941406,5188880,0.0,0.0
2015-04-21 00:00:00+05:30,229.3172842008642,231.46214795216235,227.17242044956606,228.86093139648438,6510744,0.0,0.0
2015-04-22 00:00:00+05:30,229.65953821188856,232.96809589104643,226.6932451202298,231.16549682617188,6765936,0.0,0.0
2015-04-23 00:00:00+05:30,232.75132749499463,233.69825117231946,229.5682640190732,231.25677490234375,9627828,0.0,0.0
2015-04-24 00:00:00+05:30,232.4889466351742,232.5117587051584,228.2562631444049,229.6481475830078,7205244,0.0,0.0
2015-04-27 00:00:00+05:30,229.76223225656787,231.02860851045386,227.26369785324647,229.4199676513672,7370704,0.0,0.0
2015-04-28 00:00:00+05:30,228.07370242765558,230.78900697494237,225.9174328079609,229.21458435058594,7942108,0.0,0.0
2015-04-29 00:00:00+05:30,229.0890963306389,230.34406647986052,225.4382740783578,226.61338806152344,7863564,0.0,0.0
2015-04-30 00:00:00+05:30,226.12282524445698,227.0355308963014,223.39611432421515,225.62083435058594,15143684,0.0,0.0
2015-05-04 00:00:00+05:30,226.81876562100044,230.34409406590967,226.35100674926437,228.3931884765625,3141448,0.0,0.0
2015-05-05 00:00:00+05:30,227.95966245104847,229.06632650642993,224.94773075210315,225.35845947265625,5138004,0.0,0.0
2015-05-06 00:00:00+05:30,225.32420447092278,225.32420447092278,220.304323459925,221.468017578125,11007696,0.0,0.0
2015-05-07 00:00:00+05:30,220.87475769273632,221.3311104978866,215.44416209680443,217.064208984375,11736664,0.0,0.0
2015-05-08 00:00:00+05:30,219.39158295516813,225.3926187883465,217.99971264857768,224.06919860839844,11571932,0.0,0.0
2015-05-11 00:00:00+05:30,224.99336966361489,226.52215455475553,222.255252459226,225.96311950683594,6731344,0.0,0.0
2015-05-12 00:00:00+05:30,225.89462783877525,225.89462783877525,220.64657082837945,221.7760467529297,11107568,0.0,0.0
2015-05-13 00:00:00+05:30,222.665929752454,226.6704366308489,221.6961800725611,225.95167541503906,7791848,0.0,0.0
2015-05-14 00:00:00+05:30,225.66644225112168,227.00126851778947,222.24379651424925,226.1342010498047,4455188,0.0,0.0
2015-05-15 00:00:00+05:30,227.0126771561924,227.61733618348077,224.57118720030195,225.91741943359375,8153624,0.0,0.0
2015-05-18 00:00:00+05:30,227.263697326541,230.91451977355374,226.35099171478785,230.42393493652344,5713304,0.0,0.0
2015-05-19 00:00:00+05:30,229.62534016720548,232.28360109425304,227.7428846573552,229.89915466308594,4786348,0.0,0.0
2015-05-20 00:00:00+05:30,230.37831664359436,234.2915476240038,230.35549064665182,233.6640625,4008840,0.0,0.0
2015-05-21 00:00:00+05:30,233.65266556926082,235.02172415658072,231.62188976068933,233.8123779296875,3934380,0.0,0.0
2015-05-22 00:00:00+05:30,233.81234813151988,234.79351780214816,232.3634335486433,233.72109985351562,4689536,0.0,0.0
2015-05-25 00:00:00+05:30,234.65660586804404,235.24985891340785,232.1922897059933,233.54994201660156,4369060,0.0,0.0
2015-05-26 00:00:00+05:30,233.75532962472153,235.06734408067874,232.2950088472047,234.428466796875,4906344,0.0,0.0
2015-05-27 00:00:00+05:30,233.6070077884262,237.30346844767934,233.05939275577057,236.88134765625,3218592,0.0,0.0
2015-05-28 00:00:00+05:30,237.08671941648097,238.14771748248373,233.24193839842675,234.8848114013672,9561160,0.0,0.0
2015-05-29 00:00:00+05:30,235.0102827976967,240.49793661035548,234.37140556058662,239.7107391357422,5058680,0.0,0.0
2015-06-01 00:00:00+05:30,239.3456199042182,240.9542746405452,235.24986472954743,236.43637084960938,3841320,0.0,0.0
2015-06-02 00:00:00+05:30,236.93838669545767,237.37192743964627,229.29447705786237,230.18435668945312,4726008,0.0,0.0
2015-06-03 00:00:00+05:30,230.23000622885763,232.0554175765592,227.72006562576803,229.4427947998047,5824832,0.0,0.0
2015-06-04 00:00:00+05:30,230.195792383287,232.24938031170652,227.03555430859967,231.58767700195312,5557588,0.0,0.0
2015-06-05 00:00:00+05:30,230.5152030588522,232.3976583176847,228.7468359975247,230.8574676513672,6753860,0.0,0.0
2015-06-08 00:00:00+05:30,229.14614611987756,230.97155729135778,227.16100868553642,228.96360778808594,3811996,0.0,0.0
2015-06-09 00:00:00+05:30,229.31725663460722,229.54543300936803,227.5146577032846,228.59849548339844,6040260,0.0,0.0
2015-06-10 00:00:00+05:30,227.72006257365717,232.51176729715095,227.4918861582527,231.7359619140625,7986248,0.0,0.0
2015-06-11 00:00:00+05:30,232.1922915143979,232.40906187270124,226.96706048048168,228.22203063964844,9094176,0.0,0.0
2015-06-12 00:00:00+05:30,228.40459308364615,230.6521252171026,225.9288845335227,230.2642364501953,6528344,0.0,0.0
2015-06-15 00:00:00+05:30,228.63277821013372,231.31385120810685,228.1764253594149,229.36294555664062,5999828,0.0,0.0
2015-06-16 00:00:00+05:30,228.17642161855014,230.5608680098207,227.50329838941872,230.09310913085938,6010524,0.0,0.0
2015-06-17 00:00:00+05:30,230.22998077881638,231.25677454839484,228.0623050430396,229.2488250732422,9686268,0.0,0.0
2015-06-18 00:00:00+05:30,229.52264559449958,233.60699478532936,228.68979616645814,232.64865112304688,8431716,0.0,0.0
2015-06-19 00:00:00+05:30,233.8351935823491,236.15116183596768,231.176932863864,235.1357879638672,3742324,0.0,0.0
2015-06-22 00:00:00+05:30,235.50087036521455,241.1596565509303,234.6794408488535,238.9349365234375,5449652,0.0,0.0
2015-06-23 00:00:00+05:30,240.0416105345487,242.14082260311915,237.87393439378997,240.06442260742188,5655180,0.0,0.0
2015-06-24 00:00:00+05:30,240.49789668589273,241.36497804307274,237.91949253445824,238.62686157226562,6267396,0.0,0.0
2015-06-25 00:00:00+05:30,239.185933735449,244.3427152884381,237.90815134630694,243.0078887939453,16573568,0.0,0.0
2015-06-26 00:00:00+05:30,243.46424118457304,244.36552690601323,239.92750665939883,242.51730346679688,5647504,0.0,0.0
2015-06-29 00:00:00+05:30,238.4215122922332,242.26627884158725,235.13576674947555,241.1025848388672,6487836,0.0,0.0
2015-06-30 00:00:00+05:30,240.09862481945115,244.6051088680937,239.12887508746476,243.4984588623047,7290136,0.0,0.0
2015-07-01 00:00:00+05:30,242.17499633316788,245.7459622654912,241.87838375009147,244.6849365234375,4971188,0.0,0.0
2015-07-02 00:00:00+05:30,244.83440658679072,245.45510230789807,242.6849270335663,243.27113342285156,4483444,2.0,0.0
2015-07-03 00:00:00+05:30,242.31709562944607,247.3976910939782,242.31709562944607,246.9608917236328,4039288,0.0,0.0
2015-07-06 00:00:00+05:30,244.61599460462162,249.43220898144577,243.74239591942663,249.08737182617188,3267780,0.0,0.0
2015-07-07 00:00:00+05:30,247.93792545887982,250.92651426830537,247.93792545887982,249.85751342773438,4141472,0.0,0.0
2015-07-08 00:00:00+05:30,248.0758853017108,248.4207225145469,245.0643125888603,245.71949768066406,5400676,0.0,0.0
2015-07-09 00:00:00+05:30,244.30561155132992,247.57008669662446,243.70789944563109,246.91490173339844,2797964,0.0,0.0
2015-07-10 00:00:00+05:30,245.93788985577427,251.7311432982923,245.63901973901855,250.7541046142578,4900088,0.0,0.0
2015-07-13 00:00:00+05:30,249.43221868286565,254.23695551247457,249.43221868286565,251.99551391601562,7076084,0.0,0.0
2015-07-14 00:00:00+05:30,251.84605204940277,253.3173627583954,249.6620835469205,251.00694274902344,5674116,0.0,0.0
2015-07-15 00:00:00+05:30,251.27137628857258,253.2139479816451,250.76562628059025,252.12196350097656,3849404,0.0,0.0
2015-07-16 00:00:00+05:30,252.60472776950158,257.2485236741074,252.44378692230188,256.2599792480469,7310424,0.0,0.0
2015-07-17 00:00:00+05:30,257.3404876432809,257.88072692329297,254.16797449563316,255.3059539794922,3510988,0.0,0.0
2015-07-20 00:00:00+05:30,256.5473874211712,257.2485676645511,254.48986988798754,256.386474609375,4551268,0.0,0.0
2015-07-21 00:00:00+05:30,256.6852727058122,259.31751820354486,251.29430214299714,252.43228149414062,11028136,0.0,0.0
2015-07-22 00:00:00+05:30,252.05296387327888,256.8002274100538,250.27130533030152,256.1910095214844,7286400,0.0,0.0
2015-07-23 00:00:00+05:30,255.84617343782926,256.7197440182974,252.90355196181903,254.69671630859375,5083172,0.0,0.0
2015-07-24 00:00:00+05:30,253.6048086727615,256.3290172796958,252.99559059758315,254.68528747558594,4761008,0.0,0.0
2015-07-27 00:00:00+05:30,253.77718161885267,253.91511087863336,245.9838557176439,251.92654418945312,3328572,0.0,0.0
2015-07-28 00:00:00+05:30,251.50124501257156,256.07609045673723,251.1449020417272,254.8346710205078,6345672,0.0,0.0
2015-07-29 00:00:00+05:30,254.0530541494997,256.9956761474087,254.04157641392257,254.80020141601562,3943032,0.0,0.0
2015-07-30 00:00:00+05:30,254.48982812933835,256.78874256591774,253.13346299917245,255.3059539794922,9462188,0.0,0.0
2015-07-31 00:00:00+05:30,256.46685196063504,257.7082711900123,253.570225800699,255.5587921142578,5649500,0.0,0.0
2015-08-03 00:00:00+05:30,255.81173148164763,256.90371595663106,251.3748149160192,251.8231201171875,4345728,0.0,0.0
2015-08-04 00:00:00+05:30,252.44382049246366,253.3404028483411,248.73106759675665,249.7655792236328,5390928,0.0,0.0
2015-08-05 00:00:00+05:30,251.07595512647126,252.35183584839618,249.47819269596877,251.08743286132812,4122780,0.0,0.0
2015-08-06 00:00:00+05:30,251.0184651866972,253.19092803697163,249.53564858316747,251.9495086669922,3743712,0.0,0.0
2015-08-07 00:00:00+05:30,251.48976003921274,252.30588597528163,250.25984629875163,251.19091796875,3227140,0.0,0.0
2015-08-10 00:00:00+05:30,251.73109114564545,254.24839083193552,250.12185129357283,251.650634765625,3954376,0.0,0.0
2015-08-11 00:00:00+05:30,251.74265487161352,252.616225583156,249.25981587476144,251.66217041015625,2727688,0.0,0.0
2015-08-12 00:00:00+05:30,250.2138174223349,251.70811159429684,245.45504837541392,246.08724975585938,6005740,0.0,0.0
2015-08-13 00:00:00+05:30,247.59307668321762,248.90344664383846,245.20220013515976,247.7195281982422,3465052,0.0,0.0
2015-08-14 00:00:00+05:30,248.99540125529475,253.71968134865062,248.25975990731362,253.2943878173828,3601660,0.0,0.0
2015-08-17 00:00:00+05:30,252.66220531685332,253.29440679426756,247.31722918962373,250.926513671875,2500212,0.0,0.0
2015-08-18 00:00:00+05:30,250.949483739426,251.98399519241613,247.92640576977095,249.7425537109375,1857316,0.0,0.0
2015-08-19 00:00:00+05:30,249.3977585244858,249.89203080333291,247.133333131171,248.7080841064453,3004576,0.0,0.0
2015-08-20 00:00:00+05:30,245.52408472250272,249.37476676286033,245.52408472250272,247.06434631347656,3044852,0.0,0.0
2015-08-21 00:00:00+05:30,244.6045061230687,246.66202340335258,241.61591723246727,243.9838104248047,7758972,0.0,0.0
2015-08-24 00:00:00+05:30,240.16758116383966,240.16758116383966,232.4777235602414,234.2708740234375,14686328,0.0,0.0
2015-08-25 00:00:00+05:30,235.56974200630353,237.31693936105896,231.20181877671317,234.1329345703125,12347920,0.0,0.0
2015-08-26 00:00:00+05:30,233.89157742533888,236.55831275341484,231.96048354537956,232.9949951171875,5573000,0.0,0.0
2015-08-27 00:00:00+05:30,235.63872141526087,237.81118425582406,231.98344197779636,234.97203063964844,13873432,0.0,0.0
2015-08-28 00:00:00+05:30,237.0295957504179,239.7193145470187,234.3513546888067,236.31690979003906,5553136,0.0,0.0
2015-08-31 00:00:00+05:30,234.74217536294415,237.45490594519055,233.4662805055266,236.2019805908203,3441460,0.0,0.0
2015-09-01 00:00:00+05:30,234.78813015502442,234.78813015502442,228.28220506275068,229.9144287109375,10469144,0.0,0.0
2015-09-02 00:00:00+05:30,231.06388262055697,233.09843030006706,226.44307025136195,228.77647399902344,8681688,0.0,0.0
2015-09-03 00:00:00+05:30,230.42020670565913,233.3398310432312,229.6615676967369,232.25933837890625,6507368,0.0,0.0
2015-09-04 00:00:00+05:30,230.39722125332815,231.27080598455214,225.2936280962834,228.98338317871094,11404592,0.0,0.0
2015-09-07 00:00:00+05:30,230.12132021313602,232.14436198014647,225.29360020866463,226.31661987304688,5381740,0.0,0.0
2015-09-08 00:00:00+05:30,226.83389868270334,232.1903667124509,224.6039487901629,230.822509765625,7444488,0.0,0.0
2015-09-09 00:00:00+05:30,233.22487008183683,235.63873024532552,231.0409013624899,233.638671875,6553120,0.0,0.0
2015-09-10 00:00:00+05:30,230.58114109360028,233.78812986026722,229.0408654604614,232.42027282714844,4463740,0.0,0.0
2015-09-11 00:00:00+05:30,233.22489424096304,234.4892973147189,231.45472713141254,232.30532836914062,4301760,0.0,0.0
2015-09-14 00:00:00+05:30,231.92598790710665,235.0180307717225,230.69607423998602,234.42031860351562,5060344,0.0,0.0
2015-09-15 00:00:00+05:30,234.01798104879384,234.4087992811992,231.75354207273122,232.9145050048828,4332728,0.0,0.0
2015-09-16 00:00:00+05:30,234.2363937316538,236.35138375361063,232.54668322947705,235.2593994140625,4254052,0.0,0.0
2015-09-18 00:00:00+05:30,237.93766836632886,244.14473797588525,237.05259183088415,241.3285675048828,7841168,0.0,0.0
2015-09-21 00:00:00+05:30,238.61583697892067,242.5354977169564,238.24801624425683,242.064208984375,4276688,0.0,0.0
2015-09-22 00:00:00+05:30,241.39753723683998,243.68494602387636,235.70772363864097,236.93763732910156,6025212,0.0,0.0
2015-09-23 00:00:00+05:30,234.30535824010818,242.17912602145063,234.17892075451576,241.20208740234375,5161152,0.0,0.0
2015-09-24 00:00:00+05:30,240.6963577094297,242.30559792334182,238.16755165899633,241.7078857421875,8252836,0.0,0.0
2015-09-28 00:00:00+05:30,242.53548681835474,243.68494410185403,239.79977287104197,240.5584259033203,5777108,0.0,0.0
2015-09-29 00:00:00+05:30,237.24797101678558,246.88042816580702,235.66171443519391,244.78842163085938,10418840,0.0,0.0
2015-09-30 00:00:00+05:30,245.52408341623257,246.67354073559693,243.99529956889336,245.7080078125,9027796,0.0,0.0
2015-10-01 00:00:00+05:30,247.17928243061664,247.57011474383,243.53550846317478,245.44361877441406,5034788,0.0,0.0
2015-10-05 00:00:00+05:30,247.63904177325426,253.9840678095128,247.63904177325426,252.50125122070312,8053372,0.0,0.0
2015-10-06 00:00:00+05:30,254.48984596006207,254.6967538864352,248.97245092569756,249.65061950683594,4758964,0.0,0.0
2015-10-07 00:00:00+05:30,250.12189546943233,252.50126634408034,249.05289462345397,250.06442260742188,4386268,0.0,0.0
2015-10-08 00:00:00+05:30,250.14487960626835,250.74259176003744,247.22526943424953,248.99542236328125,3881908,0.0,0.0
2015-10-09 00:00:00+05:30,251.73109711217714,251.73109711217714,248.32869297627056,249.69656372070312,3443228,0.0,0.0
2015-10-12 00:00:00+05:30,250.05291157382138,251.84607605616713,247.7770087362014,248.40921020507812,2217340,0.0,0.0
2015-10-13 00:00:00+05:30,247.25973772772332,248.77701554679493,246.71947041914757,247.44363403320312,1823652,0.0,0.0
2015-10-14 00:00:00+05:30,245.7079983765861,249.77706590570264,245.30568833025845,249.374755859375,2749148,0.0,0.0
2015-10-15 00:00:00+05:30,249.59311602864062,252.07595471474687,248.5126375254367,249.23680114746094,3925952,0.0,0.0
2015-10-16 00:00:00+05:30,250.581730123696,253.22548232224875,249.43227264606435,252.89215087890625,4843688,0.0,0.0
2015-10-19 00:00:00+05:30,252.88061267107133,253.3633791372224,251.5702425396723,252.37486267089844,2654220,0.0,0.0
2015-10-20 00:00:00+05:30,252.42080299832062,253.54727667528695,250.85752996952,251.70814514160156,3851356,0.0,0.0
2015-10-21 00:00:00+05:30,252.6277530390752,253.80019397474314,249.432255853801,251.73117065429688,7273204,0.0,0.0
2015-10-23 00:00:00+05:30,252.75414218348953,256.03009532922005,251.96102791021792,254.8346710205078,4467048,0.0,0.0
2015-10-26 00:00:00+05:30,256.08758612147216,256.14505898770193,252.19093701626244,253.22544860839844,4887984,0.0,0.0
2015-10-27 00:00:00+05:30,251.85757043445992,256.0990561445407,251.85757043445992,255.3863983154297,8984032,0.0,0.0
2015-10-28 00:00:00+05:30,254.04159470363692,258.39802708456335,254.04159470363692,255.52438354492188,7694760,0.0,0.0
2015-10-29 00:00:00+05:30,255.17952025722207,256.2140318258324,252.88060566031015,253.6967315673828,6702368,0.0,0.0
2015-10-30 00:00:00+05:30,253.34036505973685,255.63927944321904,250.68510772164706,252.7886199951172,8097460,0.0,0.0
2015-11-02 00:00:00+05:30,251.742642011773,251.93804413049662,247.47814441512247,248.99542236328125,3156552,0.0,0.0
2015-11-03 00:00:00+05:30,250.8000518191289,251.04144905300151,248.09882743600366,249.4092254638672,2548592,0.0,0.0
2015-11-04 00:00:00+05:30,250.59318477173375,252.44379409521216,247.8804544530839,248.67356872558594,2696444,0.0,0.0
2015-11-05 00:00:00+05:30,247.93794315277492,248.97245473755703,245.86891998321073,248.248291015625,3596952,0.0,0.0
2015-11-06 00:00:00+05:30,248.44364416088484,250.35175415509423,247.19074715818647,248.48963928222656,5881004,0.0,0.0
2015-11-09 00:00:00+05:30,243.22514858116196,245.90338952547626,241.615908467676,244.78842163085938,11429432,0.0,0.0
2015-11-10 00:00:00+05:30,243.6964371742313,244.83438860030398,241.949239744212,242.44351196289062,4402580,0.0,0.0
2015-11-13 00:00:00+05:30,241.24806665794776,242.53545302349835,239.31697307816282,241.85728454589844,3940028,0.0,0.0
2015-11-16 00:00:00+05:30,241.09867095790136,244.8344072182741,240.29405084028264,243.90333557128906,4734732,0.0,0.0
2015-11-17 00:00:00+05:30,244.44359460259443,244.55854032975395,241.66188555499681,243.86886596679688,2567404,0.0,0.0
2015-11-18 00:00:00+05:30,244.0757664186754,245.02982164717992,240.5354601737945,241.06419372558594,2446720,0.0,0.0
2015-11-19 00:00:00+05:30,242.53546051706695,246.2022176286266,241.2940411729266,245.73095703125,3277680,0.0,0.0
2015-11-20 00:00:00+05:30,244.81143248872118,248.34026094745647,243.6849586709594,246.1792755126953,4648160,0.0,0.0
2015-11-23 00:00:00+05:30,246.90341619945855,247.24825337292148,243.46655026244642,245.07579040527344,3408280,0.0,0.0
2015-11-24 00:00:00+05:30,244.89184442185052,246.78844870861914,244.16768080886425,244.6849365234375,4002252,0.0,0.0
2015-11-26 00:00:00+05:30,243.45506603006606,245.29419778477856,241.63891780970278,244.593017578125,8791484,0.0,0.0
2015-11-27 00:00:00+05:30,244.7998895542789,248.78850034883695,243.9033073429715,248.1448211669922,6925072,0.0,0.0
2015-11-30 00:00:00+05:30,248.09883429718747,248.51265012015048,245.91486558660336,247.7655029296875,5247776,0.0,0.0
2015-12-01 00:00:00+05:30,247.60458453715412,249.40922671297284,246.7884587070398,248.97242736816406,1895332,0.0,0.0
2015-12-02 00:00:00+05:30,250.58165699965275,251.20235263127347,246.40912196088217,247.77699279785156,2562284,0.0,0.0
2015-12-03 00:00:00+05:30,246.55859056857614,248.51266797634574,245.36316620310956,247.53562927246094,3807712,0.0,0.0
2015-12-04 00:00:00+05:30,246.81146104218539,246.81146104218539,242.76537703747843,243.43206787109375,5859828,0.0,0.0
2015-12-07 00:00:00+05:30,245.5700461109244,246.23673695686844,243.93782235907688,244.1332244873047,5814808,0.0,0.0
2015-12-08 00:00:00+05:30,243.9148323689866,244.1217402898952,240.69635201727516,241.21360778808594,4902660,0.0,0.0
2015-12-09 00:00:00+05:30,240.71931777965287,242.99524861579053,240.202062047027,240.79977416992188,3890616,0.0,0.0
2015-12-10 00:00:00+05:30,240.23655979183823,244.42057286160923,239.61586411610887,243.82286071777344,6514340,0.0,0.0
2015-12-11 00:00:00+05:30,243.68492932381315,243.8228585768841,239.5468833541635,240.54690551757812,3033920,0.0,0.0
2015-12-14 00:00:00+05:30,239.3169807080205,243.65042858856464,239.11007280664015,242.54696655273438,5878016,0.0,0.0
2015-12-15 00:00:00+05:30,242.07572863403607,244.2481918966075,240.30557546178713,243.5585174560547,4557416,0.0,0.0
2015-12-16 00:00:00+05:30,244.3745995086307,246.75397028825213,243.5354901442062,245.36314392089844,6842768,0.0,0.0
2015-12-17 00:00:00+05:30,246.88042020500637,249.20231810986678,244.83438079982298,248.34022521972656,4878012,0.0,0.0
2015-12-18 00:00:00+05:30,249.43226660508924,249.43226660508924,245.6390570207722,246.67356872558594,3172128,0.0,0.0
2015-12-21 00:00:00+05:30,246.38618653030636,248.2598076504461,245.76549077751298,247.2252960205078,3097500,0.0,0.0
2015-12-22 00:00:00+05:30,247.0183466253901,247.47812949486502,244.60448656064688,245.16770935058594,2429536,0.0,0.0
2015-12-23 00:00:00+05:30,246.58156967693344,247.8114833518737,245.7884553802405,246.92640686035156,3013968,0.0,0.0
2015-12-24 00:00:00+05:30,247.4091771089782,247.455172238561,245.59305703205365,246.90342712402344,2146352,0.0,0.0
2015-12-28 00:00:00+05:30,246.90342649015867,248.25979170822907,245.46660487417776,247.65057373046875,7755428,0.0,0.0
2015-12-29 00:00:00+05:30,248.04135383852122,248.24826174366484,246.28270680209909,247.81146240234375,4231612,0.0,0.0
2015-12-30 00:00:00+05:30,248.28275155539365,248.7310286316453,246.5700715777025,246.97238159179688,2112560,0.0,0.0
2015-12-31 00:00:00+05:30,247.13329393389017,249.40922476502803,247.13329393389017,248.7770233154297,9290008,0.0,0.0
2016-01-01 00:00:00+05:30,248.83450645572418,250.6391486920117,247.39768491999837,250.2943115234375,3195076,0.0,0.0
2016-01-04 00:00:00+05:30,249.20236617992106,249.20236617992106,245.54708600805492,246.0988311767578,5187536,0.0,0.0
2016-01-05 00:00:00+05:30,246.02984626888906,247.0873695083078,243.9953123198757,244.23670959472656,3160872,0.0,0.0
2016-01-06 00:00:00+05:30,242.9147693507274,247.53558118113526,242.9147693507274,245.31712341308594,4165536,0.0,0.0
2016-01-07 00:00:00+05:30,243.70790729211637,244.8113974173338,241.31703072942503,242.8113250732422,6055428,0.0,0.0
2016-01-08 00:00:00+05:30,244.1332270115374,244.7194614652046,243.05274836457264,244.22518920898438,3488356,0.0,0.0
2016-01-11 00:00:00+05:30,241.85728040015803,243.91479739049043,240.30551331025623,243.36305236816406,3288912,0.0,0.0
2016-01-12 00:00:00+05:30,244.58149091669077,244.58149091669077,239.89170026772803,240.684814453125,4258736,0.0,0.0
2016-01-13 00:00:00+05:30,241.84580049463722,244.31713353201113,238.3974288145806,243.71942138671875,4515148,0.0,0.0
2016-01-14 00:00:00+05:30,241.4205297042757,243.0872428401751,238.9721799679216,241.3285675048828,6279184,0.0,0.0
2016-01-15 00:00:00+05:30,240.92624980775523,242.63892995765096,238.65031874374253,239.58139038085938,5417260,0.0,0.0
2016-01-18 00:00:00+05:30,238.08709978917545,239.42045343973754,234.71918423627608,235.8341522216797,6495388,0.0,0.0
2016-01-19 00:00:00+05:30,236.14450818575347,238.52390736497006,235.93762831184225,238.12159729003906,6405212,0.0,0.0
2016-01-20 00:00:00+05:30,235.63874051499096,254.7197312103512,231.70760226142275,234.0984649658203,9563588,0.0,0.0
2016-01-21 00:00:00+05:30,234.71917217474646,237.53534245794003,232.97200275449225,235.178955078125,6300804,0.0,0.0
2016-01-22 00:00:00+05:30,235.7996545891503,240.0641523121796,234.96055919577933,236.857177734375,4236284,0.0,0.0
2016-01-25 00:00:00+05:30,239.07561487247008,240.6273822422081,237.48938623374264,239.35150146484375,10143884,0.0,0.0
2016-01-27 00:00:00+05:30,241.02969103065354,241.08716389589648,237.47787918380914,238.08709716796875,4039468,0.0,0.0
2016-01-28 00:00:00+05:30,238.8572196866992,240.6733677781333,236.78819660952857,237.1790008544922,9951972,0.0,0.0
2016-01-29 00:00:00+05:30,237.98361664390842,242.523972759069,237.98361664390842,241.35153198242188,5360184,0.0,0.0
2016-02-01 00:00:00+05:30,243.22517710706202,245.29420035277428,242.23663255338553,243.6274871826172,4609484,0.0,0.0
2016-02-02 00:00:00+05:30,244.83438596481068,244.89185882536577,241.43198139477948,242.25961303710938,6528628,0.0,0.0
2016-02-03 00:00:00+05:30,240.12161828184963,241.70787489122156,239.5468896598251,239.97218322753906,4850244,0.0,0.0
2016-02-04 00:00:00+05:30,240.92622889976388,242.51248544689784,240.3630060974467,241.20208740234375,5675992,0.0,0.0
2016-02-05 00:00:00+05:30,242.0297032597858,244.5585089326399,240.37446816343956,242.59292602539062,7523904,0.0,0.0
2016-02-08 00:00:00+05:30,242.5354835904193,243.22515795133992,236.85717591067478,238.133056640625,3481924,0.0,0.0
2016-02-09 00:00:00+05:30,236.02951867268874,237.14451455246217,234.638692366501,235.88011169433594,5535460,0.0,0.0
2016-02-10 00:00:00+05:30,235.38585969924623,236.8226812521729,232.2133464852157,232.86854553222656,7682280,0.0,0.0
2016-02-11 00:00:00+05:30,232.1903553124774,232.88002963518775,222.58089588900552,224.21311950683594,8803600,0.0,0.0
2016-02-12 00:00:00+05:30,225.06371285692904,226.77640683868992,222.07512422859392,223.31654357910156,12542144,0.0,0.0
2016-02-15 00:00:00+05:30,225.29365302064474,227.1902577527063,223.24761321225998,223.8223419189453,10912960,0.0,0.0
2016-02-16 00:00:00+05:30,225.63844983589885,225.7533955566507,221.15556672657635,223.78782653808594,7136096,0.0,0.0
2016-02-17 00:00:00+05:30,224.5809835032589,225.27065791586205,220.46592056214197,224.12120056152344,7503924,0.0,0.0
2016-02-18 00:00:00+05:30,226.67298187808896,227.87991205543173,224.60395871692992,227.4661102294922,6799856,0.0,0.0
2016-02-19 00:00:00+05:30,227.3051726154197,228.1902490908955,223.79932798089618,227.43161010742188,3328660,0.0,0.0
2016-02-22 00:00:00+05:30,225.9832999170354,228.97188882743365,225.9832999170354,227.30517578125,4002396,0.0,0.0
2016-02-23 00:00:00+05:30,226.42012245553866,226.55805172985168,222.0751679056689,223.0062255859375,6078320,0.0,0.0
2016-02-24 00:00:00+05:30,220.69580851209062,221.36249937955554,217.569290170754,218.304931640625,6463468,0.0,0.0
2016-02-25 00:00:00+05:30,219.31643077500436,220.06357794483534,215.68414887873334,216.70716857910156,8463196,0.0,0.0
2016-02-26 00:00:00+05:30,218.39685350749542,223.2245734271348,217.2473963837718,220.9256591796875,6209388,0.0,0.0
2016-02-29 00:00:00+05:30,220.94869528248432,225.89136209056255,213.33929292542322,223.42002868652344,8812752,0.0,0.0
2016-03-01 00:00:00+05:30,224.1326613592388,226.84537753435586,223.41998947914522,226.24766540527344,4322560,0.0,0.0
2016-03-02 00:00:00+05:30,229.43168755963305,232.39729314167596,228.74201314813115,231.54669189453125,6358976,0.0,0.0
2016-03-03 00:00:00+05:30,232.36277653579862,234.48927238833994,232.19035795316012,233.53521728515625,4610400,0.0,0.0
2016-03-04 00:00:00+05:30,233.44326666048917,235.6157435850757,228.30518453326582,234.61570739746094,5704624,0.0,0.0
2016-03-08 00:00:00+05:30,235.40883424810335,235.40883424810335,232.07540837251986,233.1444091796875,1913688,0.0,0.0
2016-03-09 00:00:00+05:30,232.88002797027622,236.76519890635245,231.44320647490187,235.59275817871094,6528172,0.0,0.0
2016-03-10 00:00:00+05:30,235.59276771327274,235.81115336423989,232.2133465816334,234.77664184570312,2671392,0.0,0.0
2016-03-11 00:00:00+05:30,234.4662909642646,236.97211333372027,232.8800343771471,236.48931884765625,4730856,0.0,0.0
2016-03-14 00:00:00+05:30,236.3284155154205,238.6158242653281,235.69621401477127,236.2249755859375,3008656,0.0,0.0
2016-03-15 00:00:00+05:30,236.3054428706168,237.56984593017432,234.8686212120287,236.02955627441406,7690036,0.0,0.0
2016-03-16 00:00:00+05:30,236.09850259955462,237.76521549521846,234.24787936307496,236.89161682128906,4803548,0.0,0.0
2016-03-17 00:00:00+05:30,237.9261311410388,238.8572026846598,232.4547317863989,234.12144470214844,5113484,0.0,0.0
2016-03-18 00:00:00+05:30,235.16745321567387,237.24796795784943,233.4202698389687,236.4203643798828,4135068,0.0,0.0
2016-03-21 00:00:00+05:30,237.47785470410267,240.77679121640148,237.30543612614713,240.37448120117188,5318796,0.0,0.0
2016-03-22 00:00:00+05:30,240.58142148527898,242.90331970164922,239.24803974447215,242.2711181640625,4120264,0.0,0.0
2016-03-23 00:00:00+05:30,242.08721804003957,242.08721804003957,239.2135747323278,241.23660278320312,8464300,0.0,0.0
2016-03-28 00:00:00+05:30,240.23653548429576,242.07566685642433,239.46640483480044,240.81126403808594,11270868,0.0,0.0
2016-03-29 00:00:00+05:30,240.81128572595227,243.56998303259803,240.0641385387357,242.25961303710938,6733952,0.0,0.0
2016-03-30 00:00:00+05:30,243.22515686485778,245.9608707635402,242.2826075217276,244.82289123535156,7814380,0.0,0.0
2016-03-31 00:00:00+05:30,245.25968552953194,248.02988870133055,244.84589776114882,246.24822998046875,20080392,0.0,0.0
2016-04-01 00:00:00+05:30,245.70801237287918,247.45518191815623,242.9493147552028,244.7079620361328,5158648,0.0,0.0
2016-04-04 00:00:00+05:30,244.8803526517954,246.6275500603224,244.60449414672277,245.7654571533203,6179960,0.0,0.0
2016-04-05 00:00:00+05:30,245.7539512249744,247.57009922734073,242.68490609026804,243.09869384765625,6663028,0.0,0.0
2016-04-06 00:00:00+05:30,243.9148241744758,245.28266705283076,242.93778552910206,244.02976989746094,4295376,0.0,0.0
2016-04-07 00:00:00+05:30,244.60455995936465,244.77697858715555,240.70791019646126,242.65048217773438,3911692,0.0,0.0
2016-04-08 00:00:00+05:30,242.53548498564504,244.4550730219992,242.36306639442302,243.53550720214844,2962796,0.0,0.0
2016-04-11 00:00:00+05:30,243.75388825574956,246.92637307132523,239.74226606650987,246.20220947265625,4049620,0.0,0.0
2016-04-12 00:00:00+05:30,245.89189653227024,246.21375018431124,243.51252556744322,244.37461853027344,4941480,0.0,0.0
2016-04-13 00:00:00+05:30,246.44360199221458,249.42068465305428,245.86887344279242,248.68504333496094,4974604,0.0,0.0
2016-04-18 00:00:00+05:30,249.08736808680658,251.04144527069016,246.35165441678575,250.07591247558594,4117068,0.0,0.0
2016-04-20 00:00:00+05:30,251.01846394711714,252.88057896143107,249.09887607394833,252.3863067626953,3821352,0.0,0.0
2016-04-21 00:00:00+05:30,251.73114583427727,254.06454973929814,250.35179708997987,250.8460693359375,8191728,0.0,0.0
2016-04-22 00:00:00+05:30,250.46672506170577,253.07598730543234,249.47818063987384,251.07594299316406,7809320,0.0,0.0
2016-04-25 00:00:00+05:30,252.88059418680683,252.88059418680683,249.31727672326548,251.32882690429688,5561960,0.0,0.0
2016-04-26 00:00:00+05:30,251.73109715661704,256.3289254151854,251.156368624296,256.0645446777344,7053796,0.0,0.0
2016-04-27 00:00:00+05:30,255.14497261140554,258.62783304229157,254.94957052791233,258.44390869140625,5763636,0.0,0.0
2016-04-28 00:00:00+05:30,258.44394216006856,261.317585121566,255.25995137131326,256.0875549316406,8089584,0.0,0.0
2016-04-29 00:00:00+05:30,256.0530665351418,261.1566446688201,254.30586934934811,260.3175354003906,5611940,0.0,0.0
2016-05-02 00:00:00+05:30,259.2600692987792,259.77732503446725,256.5588449012969,256.93817138671875,3862716,0.0,0.0
2016-05-03 00:00:00+05:30,257.91522852574974,260.92680096839536,255.90367829801983,257.0186462402344,4695296,0.0,0.0
2016-05-04 00:00:00+05:30,256.903665910109,260.81182011187354,256.15651878330107,259.1680908203125,5292328,0.0,0.0
2016-05-05 00:00:00+05:30,259.3176076850282,260.86937528420725,258.09917153013174,260.30615234375,5214248,0.0,0.0
2016-05-06 00:00:00+05:30,260.2371028108606,260.29457566925527,256.8462041655778,257.39794921875,2733152,0.0,0.0
2016-05-09 00:00:00+05:30,257.4784492001315,263.2142302138398,257.24855772763135,262.39813232421875,6953180,0.0,0.0
2016-05-10 00:00:00+05:30,262.88084414673983,263.80040984554785,261.1796419913614,263.20269775390625,5453000,0.0,0.0
2016-05-11 00:00:00+05:30,260.8578071620204,263.2257002320708,259.7083499557668,261.8003845214844,6147372,0.0,0.0
2016-05-12 00:00:00+05:30,262.9957723154384,264.8349035903715,260.352021107722,264.168212890625,4221688,0.0,0.0
2016-05-13 00:00:00+05:30,263.91536565509193,263.91536565509193,259.77731985213757,262.28314208984375,5045316,0.0,0.0
2016-05-16 00:00:00+05:30,263.22570065500986,268.0304373974539,260.3635634320077,267.3177795410156,4518768,0.0,0.0
2016-05-17 00:00:00+05:30,267.83500629266666,268.8005390177882,264.6739993125558,265.1682434082031,4295424,0.0,0.0
2016-05-18 00:00:00+05:30,264.6050790837744,264.6050790837744,260.1221954676722,262.2257080078125,4162644,0.0,0.0
2016-05-19 00:00:00+05:30,262.09921002435163,262.6969221213163,260.23709508026553,261.9153137207031,3855796,0.0,0.0
2016-05-20 00:00:00+05:30,262.0647283902697,264.0303113718407,260.60492340014457,262.28314208984375,2016632,0.0,0.0
2016-05-23 00:00:00+05:30,262.5244952008269,264.3636265563223,260.51294528075385,261.3290710449219,3463532,0.0,0.0
2016-05-24 00:00:00+05:30,261.70847385202904,262.9154041561902,261.05328872806956,262.0647888183594,3259468,0.0,0.0
2016-05-25 00:00:00+05:30,263.5245895686499,270.3408488489972,263.5245895686499,269.7316589355469,5767348,0.0,0.0
2016-05-26 00:00:00+05:30,270.3753439139487,273.31796586434496,268.11091861688584,272.0190734863281,13705560,0.0,0.0
2016-05-27 00:00:00+05:30,272.01907914266076,273.5708465495595,270.51327880413044,272.835205078125,5775184,0.0,0.0
2016-05-30 00:00:00+05:30,272.88119079369966,274.72032266088553,270.8351509788704,271.2144775390625,3814532,0.0,0.0
2016-05-31 00:00:00+05:30,272.62827551459435,272.62827551459435,270.6741981942747,271.7087097167969,5515640,0.0,0.0
2016-06-01 00:00:00+05:30,271.9500884351139,271.9500884351139,269.2028967430501,270.1569519042969,5675632,0.0,0.0
2016-06-02 00:00:00+05:30,270.0534585375071,271.4098236219559,269.20287144981035,270.1109313964844,7910616,0.0,0.0
2016-06-03 00:00:00+05:30,271.2949238960419,272.4213977355501,268.7546399363468,269.3753356933594,4524420,0.0,0.0
2016-06-06 00:00:00+05:30,270.3523649130034,271.8236759128697,268.98452191093423,269.22589111328125,5547308,0.0,0.0
2016-06-07 00:00:00+05:30,270.5707556794946,271.2719358915023,268.43278183607003,269.8236083984375,5628504,0.0,0.0
2016-06-08 00:00:00+05:30,270.3063734762306,270.8121234323451,266.90396884970517,267.27178955078125,4742812,0.0,0.0
2016-06-09 00:00:00+05:30,267.2487600424519,267.6395642083154,264.9498459775706,266.5361022949219,4648184,0.0,0.0
2016-06-10 00:00:00+05:30,266.3062979071611,269.5937292563989,265.8005198098688,266.9844665527344,6322312,0.0,0.0
2016-06-13 00:00:00+05:30,265.46713313948976,267.81201453871944,264.616546059729,265.0418395996094,3323236,0.0,0.0
2016-06-14 00:00:00+05:30,265.5246091942999,265.9843920673636,263.05327625158236,264.8004455566406,3828768,0.0,0.0
2016-06-15 00:00:00+05:30,265.52457563202995,269.1798546234437,265.1107598734111,268.8695068359375,3045824,0.0,0.0
2016-06-16 00:00:00+05:30,268.1798935136876,268.7086270331959,265.6050923275296,267.1683654785156,4727768,0.0,0.0
2016-06-17 00:00:00+05:30,268.283348044371,270.81215423844816,267.9500166348667,268.9730224609375,3761652,0.0,0.0
2016-06-20 00:00:00+05:30,266.44418036930733,271.09948205393067,266.39821330623215,269.44427490234375,2742764,0.0,0.0
2016-06-21 00:00:00+05:30,270.12240749039705,270.22584740001406,266.9498947985348,268.20281982421875,2670968,0.0,0.0
2016-06-22 00:00:00+05:30,268.0534071944689,270.12243006303686,268.0534071944689,269.31781005859375,3803840,0.0,0.0
2016-06-23 00:00:00+05:30,268.92703140374755,273.9961210756012,268.39826983970846,273.59381103515625,3926732,0.0,0.0
2016-06-24 00:00:00+05:30,266.63955121934595,269.4097539863713,263.68545215866095,267.11083984375,11173964,0.0,0.0
2016-06-27 00:00:00+05:30,267.13385582032157,268.74309591562474,265.07633863792347,266.6625671386719,4163788,0.0,0.0
2016-06-28 00:00:00+05:30,266.96145001037695,269.68565811802773,264.37517116205254,268.2718200683594,4034980,0.0,0.0
2016-06-29 00:00:00+05:30,270.0217108932521,271.06471321000714,268.7932746251078,270.7865905761719,5420668,2.375,0.0
2016-06-30 00:00:00+05:30,271.41241759514264,273.4984225126117,269.36118508494854,272.67559814453125,16278892,0.0,0.0
2016-07-01 00:00:00+05:30,273.49838289315267,274.65727434608976,271.5978122276352,272.2236022949219,4304876,0.0,0.0
2016-07-04 00:00:00+05:30,273.0812312913972,273.38255445337006,271.50515554137894,271.82965087890625,7249852,0.0,0.0
2016-07-05 00:00:00+05:30,271.8296486618535,272.1773161720998,269.3264312707786,270.16082763671875,2136328,0.0,0.0
2016-07-07 00:00:00+05:30,270.69388796862205,275.5264599674452,269.07143983421855,274.8079528808594,4832616,0.0,0.0
2016-07-08 00:00:00+05:30,274.68047627102595,274.7963654288733,271.470352257306,272.30474853515625,3118868,0.0,0.0
2016-07-11 00:00:00+05:30,274.8890676178468,278.5743482976804,273.74177633421226,278.0760192871094,5102532,0.0,0.0
2016-07-12 00:00:00+05:30,280.4286369850924,280.4286369850924,277.1026232540962,278.6323547363281,7046032,0.0,0.0
2016-07-13 00:00:00+05:30,278.0876752446611,278.58597606183514,276.58111597184245,277.6125183105469,6687072,0.0,0.0
2016-07-14 00:00:00+05:30,278.36574945030986,278.6323001646368,276.32608901130874,278.215087890625,3459668,0.0,0.0
2016-07-15 00:00:00+05:30,279.0147099721015,284.1601765665292,276.99822192263844,283.6270751953125,5774216,0.0,0.0
2016-07-18 00:00:00+05:30,283.9284617668148,287.0574693046532,283.3837883355456,284.4963073730469,4438484,0.0,0.0
2016-07-19 00:00:00+05:30,284.85559107291124,285.26120318387757,281.3441434250375,282.38714599609375,2586004,0.0,0.0
2016-07-20 00:00:00+05:30,283.46487981888976,287.0574437086631,283.17515692455316,285.59722900390625,4690332,0.0,0.0
2016-07-21 00:00:00+05:30,285.249576730161,287.3819543220522,283.3490057593422,284.7628479003906,9112904,0.0,0.0
2016-07-22 00:00:00+05:30,285.8638144311086,286.1651375951018,283.11724671799675,285.2727966308594,5620272,0.0,0.0
2016-07-25 00:00:00+05:30,285.78266449267716,289.59540648511256,284.3919945924695,289.0159606933594,9872884,0.0,0.0
2016-07-26 00:00:00+05:30,287.96141051170423,288.7146901042448,286.2810175744983,287.12701416015625,5665992,0.0,0.0
2016-07-27 00:00:00+05:30,287.6368946641569,289.1550539750517,285.0873331481974,286.69818115234375,10734736,0.0,0.0
2016-07-28 00:00:00+05:30,286.9415449450891,290.0126075222478,286.3736994084996,289.3636169433594,10646528,0.0,0.0
2016-07-29 00:00:00+05:30,289.25931430217054,289.72287089560353,286.24619644485625,288.84210205078125,3395676,0.0,0.0
2016-08-01 00:00:00+05:30,289.4911052428229,291.7972880785781,284.5426440504448,287.9382019042969,5560864,0.0,0.0
2016-08-02 00:00:00+05:30,289.0275513361952,291.2178450390449,287.49782015537545,288.16998291015625,5329396,0.0,0.0
2016-08-03 00:00:00+05:30,287.660091510975,289.7113241570145,285.3191359405442,287.5094299316406,4733876,0.0,0.0
2016-08-04 00:00:00+05:30,288.934854819212,288.95802699310417,285.9217365886551,287.63690185546875,4662880,0.0,0.0
2016-08-05 00:00:00+05:30,289.12031849576744,291.0324898769653,287.81076516393233,289.5491027832031,5784912,0.0,0.0
2016-08-08 00:00:00+05:30,290.39509837289177,290.88182724588717,288.45975482237696,289.6302185058594,4728776,0.0,0.0
2016-08-09 00:00:00+05:30,290.39512830741313,290.39512830741313,286.8720800725698,289.073974609375,4210856,0.0,0.0
2016-08-10 00:00:00+05:30,288.5640175150847,289.94308724534557,282.7116147502205,284.36883544921875,3619720,0.0,0.0
2016-08-11 00:00:00+05:30,284.3456344369252,286.24620521090407,283.23308726131563,284.68170166015625,2856072,0.0,0.0
2016-08-12 00:00:00+05:30,285.33071242931595,286.2462254769008,282.63048934005354,284.7860107421875,4641496,0.0,0.0
2016-08-16 00:00:00+05:30,285.7826423193776,287.04582273009134,281.3325103012905,284.4615173339844,3468568,0.0,0.0
2016-08-17 00:00:00+05:30,285.8753854985741,286.82567095176387,284.16022027221214,286.2230529785156,5511036,0.0,0.0
2016-08-18 00:00:00+05:30,286.9415521008764,290.8586112575111,286.14192823663564,290.3023376464844,6111656,0.0,0.0
2016-08-19 00:00:00+05:30,289.7229135505097,289.7229135505097,287.7411975045229,289.0507507324219,4110636,0.0,0.0
2016-08-22 00:00:00+05:30,288.575613749598,290.75430736162355,287.6369002196543,289.7924499511719,5501292,0.0,0.0
2016-08-23 00:00:00+05:30,289.95473205006925,290.65006713891836,288.80744047077116,290.05902099609375,5314524,0.0,0.0
2016-08-24 00:00:00+05:30,290.198077479302,293.0141616326612,289.0391857970129,292.4579162597656,5570936,0.0,0.0
2016-08-25 00:00:00+05:30,292.96777025738595,293.61676081259765,290.7195320719194,291.70458984375,8729888,0.0,0.0
2016-08-26 00:00:00+05:30,292.0406930828343,292.4810775643876,290.6268509416394,291.3685302734375,2521136,0.0,0.0
2016-08-29 00:00:00+05:30,290.99770090307976,290.99770090307976,286.5243677001315,286.9647521972656,2944184,0.0,0.0
2016-08-30 00:00:00+05:30,288.5872021012356,294.47437752705457,288.32065135470117,294.04559326171875,9867608,0.0,0.0
2016-08-31 00:00:00+05:30,294.12668836994715,300.15292469588775,293.31546424914745,299.27215576171875,11161364,0.0,0.0
2016-09-01 00:00:00+05:30,298.5304715544876,298.99402818733614,295.6100704261918,297.5338134765625,5224676,0.0,0.0
2016-09-02 00:00:00+05:30,297.95105439647386,298.7622785819174,296.94282428178775,297.85833740234375,3955188,0.0,0.0
2016-09-06 00:00:00+05:30,299.0056712730588,302.2157957569504,299.0056712730588,301.4045715332031,5508884,0.0,0.0
2016-09-07 00:00:00+05:30,301.5436250884162,302.47073846301544,297.3947870784334,298.24078369140625,4016444,0.0,0.0
2016-09-08 00:00:00+05:30,298.9940723380668,300.21090867897755,297.5106852352578,298.8550109863281,2905380,0.0,0.0
2016-09-09 00:00:00+05:30,298.9940444843357,300.037046965095,296.2822493516627,299.0867614746094,4013768,0.0,0.0
2016-09-12 00:00:00+05:30,295.44784233061085,297.6961092323382,294.70616295075,296.6531066894531,3985728,0.0,0.0
2016-09-14 00:00:00+05:30,295.5173379372179,295.9808945457469,293.2922718749289,294.23095703125,3849508,0.0,0.0
2016-09-15 00:00:00+05:30,294.82204740995047,297.5802153045907,294.3237183221083,296.58355712890625,3501812,0.0,0.0
2016-09-16 00:00:00+05:30,297.55706862935546,302.3548693438019,297.55706862935546,300.81353759765625,6525816,0.0,0.0
2016-09-19 00:00:00+05:30,300.6164537654738,301.8912344098147,298.5304490747342,299.0287780761719,5894832,0.0,0.0
2016-09-20 00:00:00+05:30,299.60822092964696,300.15289426831805,297.61493323639905,298.6347351074219,3778248,0.0,0.0
2016-09-21 00:00:00+05:30,299.45758325705117,300.8482531483378,298.5072978233223,299.6893615722656,4256400,0.0,0.0
2016-09-22 00:00:00+05:30,302.47074828661164,305.24048826588023,301.43934594117417,302.9111328125,6555800,0.0,0.0
2016-09-23 00:00:00+05:30,302.71409835579925,305.5881270050507,301.65949563998714,304.2554016113281,4876808,0.0,0.0
2016-09-26 00:00:00+05:30,302.72567774531535,303.3746684007465,299.8516207320905,300.41949462890625,5576772,0.0,0.0
2016-09-27 00:00:00+05:30,301.0800413706482,302.7372620376128,300.11815567220697,300.85986328125,4056812,0.0,0.0
2016-09-28 00:00:00+05:30,301.2886513383652,301.3118235122925,298.76226192872696,300.21087646484375,4989652,0.0,0.0
2016-09-29 00:00:00+05:30,300.83665705182085,302.70248383225294,293.88330749977825,296.0968017578125,16450012,0.0,0.0
2016-09-30 00:00:00+05:30,296.0040702560717,296.90801131215926,293.7558319951299,295.0190124511719,4138428,0.0,0.0
2016-10-03 00:00:00+05:30,296.90804789249466,298.97088073790826,295.84187320742535,298.3450622558594,3900548,0.0,0.0
2016-10-04 00:00:00+05:30,298.66953361314404,300.15292050052284,297.2093471920654,298.8897399902344,2775512,0.0,0.0
2016-10-05 00:00:00+05:30,300.8482863220407,301.32344323792506,295.84187982001663,298.0901184082031,3647020,0.0,0.0
2016-10-06 00:00:00+05:30,298.32186834568074,300.29198405466747,296.456069856062,297.1282043457031,2895712,0.0,0.0
2016-10-07 00:00:00+05:30,297.6033595550334,298.4725282453226,295.8070775951023,296.8153076171875,3337464,0.0,0.0
2016-10-10 00:00:00+05:30,297.8351403259739,298.5073031106518,296.38652583022497,297.6844787597656,4719312,0.0,0.0
2016-10-13 00:00:00+05:30,296.444467723169,296.444467723169,291.2178553525787,292.6780700683594,4519356,0.0,0.0
2016-10-14 00:00:00+05:30,293.3734293714724,293.89493062850244,290.65003391809313,292.4579162597656,4067116,0.0,0.0
2016-10-17 00:00:00+05:30,293.3154577543204,293.52406389655727,285.7247179349178,286.87200927734375,5135360,0.0,0.0
2016-10-18 00:00:00+05:30,288.14686062663236,292.0407485918267,287.1734027819629,291.54241943359375,2610968,0.0,0.0
2016-10-19 00:00:00+05:30,292.2956851699862,292.7360697141934,289.2593943019108,291.6582946777344,3044904,0.0,0.0
2016-10-20 00:00:00+05:30,292.09859705066265,293.76738946180166,289.95464781621024,290.9976501464844,3200356,0.0,0.0
2016-10-21 00:00:00+05:30,291.1135911997936,295.04222269366755,289.7229211781385,294.5207214355469,3956408,0.0,0.0
2016-10-24 00:00:00+05:30,294.76406569745615,295.9461294196254,292.2840490981354,292.8634948730469,3255664,0.0,0.0
2016-10-25 00:00:00+05:30,293.89491497060567,293.89491497060567,288.3438354254887,289.7924499511719,5501796,0.0,0.0
2016-10-26 00:00:00+05:30,288.1816052616229,293.1996121881583,286.2578619362626,287.242919921875,5366540,0.0,0.0
2016-10-27 00:00:00+05:30,287.17336514642443,291.3453752938301,283.73146243346565,290.20965576171875,11623860,0.0,0.0
2016-10-28 00:00:00+05:30,290.76592337381953,292.481088723954,287.42830966687615,291.8205261230469,5320536,0.0,0.0
2016-11-01 00:00:00+05:30,291.1135548427843,292.93300890190164,289.0391503035217,291.99432373046875,3402416,0.0,0.0
2016-11-02 00:00:00+05:30,289.97785780186524,291.0440324420864,287.7527915324357,288.83056640625,6474432,0.0,0.0
2016-11-03 00:00:00+05:30,288.56402563578797,292.0407006434481,285.4929627123549,290.8702087402344,6315812,0.0,0.0
2016-11-04 00:00:00+05:30,290.37190073260626,290.37190073260626,287.81073889005035,288.2626953125,5734920,0.0,0.0
2016-11-07 00:00:00+05:30,290.1864439566864,290.8470064811645,287.40510423825174,289.59539794921875,5671392,0.0,0.0
2016-11-08 00:00:00+05:30,289.9778663341405,291.5771424881555,287.42830467486414,290.7195739746094,5348164,0.0,0.0
2016-11-09 00:00:00+05:30,278.13393637612387,291.43801532476454,277.056161714017,290.0125732421875,13645468,0.0,0.0
2016-11-10 00:00:00+05:30,292.90981885942574,297.37155101613706,290.6731526650739,296.34014892578125,10700736,0.0,0.0
2016-11-11 00:00:00+05:30,295.2855770171023,297.13980356038076,293.3386334880095,295.7027893066406,7139320,0.0,0.0
2016-11-15 00:00:00+05:30,296.0968094191292,298.76226014971235,289.873567067679,290.8238525390625,12512524,0.0,0.0
2016-11-16 00:00:00+05:30,293.89489268632684,293.89489268632684,287.4167003359749,288.413330078125,8647744,0.0,0.0
2016-11-17 00:00:00+05:30,287.01112466517776,289.4679693670918,283.96323388941113,285.1336975097656,4815624,0.0,0.0
2016-11-18 00:00:00+05:30,286.4780169147087,286.4780169147087,280.26634633097194,280.7762756347656,6879900,0.0,0.0
2016-11-21 00:00:00+05:30,282.6536726876957,282.6536726876957,275.4337720686337,277.8326721191406,5552520,0.0,0.0
2016-11-22 00:00:00+05:30,279.71006698433536,279.71006698433536,275.66551862672344,277.6820068359375,10017784,0.0,0.0
2016-11-23 00:00:00+05:30,278.8293815591864,278.8293815591864,273.75342955294855,274.59942626953125,3532692,0.0,0.0
2016-11-24 00:00:00+05:30,274.42547123015873,274.95857256758325,269.0713988605844,270.1375732421875,15285996,0.0,0.0
2016-11-25 00:00:00+05:30,270.9488800693357,276.557904592648,268.39931832360196,275.65399169921875,5969960,0.0,0.0
2016-11-28 00:00:00+05:30,273.55635806178367,277.879029323359,273.0580290226353,274.5298156738281,4130180,0.0,0.0
2016-11-29 00:00:00+05:30,274.58777947929605,276.4999507243977,272.6872084681328,273.2087097167969,3932644,0.0,0.0
2016-11-30 00:00:00+05:30,274.65733218664303,278.5975639564092,273.7533910043399,278.0412902832031,6442840,0.0,0.0
2016-12-01 00:00:00+05:30,278.66710446197146,279.9650574838581,276.51155462163456,277.4966125488281,4476984,0.0,0.0
2016-12-02 00:00:00+05:30,275.58443280625085,278.5859508454181,272.7335480461264,275.60760498046875,4062672,0.0,0.0
2016-12-05 00:00:00+05:30,275.25993403421614,277.8906123731355,272.687200276741,277.2879943847656,4551936,0.0,0.0
2016-12-06 00:00:00+05:30,276.975115136188,278.794569438892,275.862567791561,276.8476257324219,2702964,0.0,0.0
2016-12-07 00:00:00+05:30,278.562835849739,279.50154959089656,270.48536509572074,273.86932373046875,5628192,0.0,0.0
2016-12-08 00:00:00+05:30,275.12086790211254,279.42036708763936,275.12086790211254,278.0180969238281,4309696,0.0,0.0
2016-12-09 00:00:00+05:30,277.92536538853034,278.66707295521627,275.3526318105666,277.7399597167969,4387952,0.0,0.0
2016-12-12 00:00:00+05:30,276.2797532807847,276.3145256869116,273.7533639721675,274.5298156738281,3425272,0.0,0.0
2016-12-13 00:00:00+05:30,273.5563516180684,275.89730690103437,273.1623398065818,274.947021484375,2526868,0.0,0.0
2016-12-14 00:00:00+05:30,275.12090726476725,275.352685619666,271.9687272967961,272.5018005371094,4314144,0.0,0.0
2016-12-15 00:00:00+05:30,269.83630092354264,276.8591951311519,269.69723959426597,272.7103576660156,4941488,0.0,0.0
2016-12-16 00:00:00+05:30,272.71034086078214,274.6572842304326,271.5398774271422,274.031494140625,3255828,0.0,0.0
2016-12-19 00:00:00+05:30,272.75671741991306,273.3825075187221,271.2965027983588,272.7451171875,3160436,0.0,0.0
2016-12-20 00:00:00+05:30,272.57131445834466,274.657319415934,271.57465632797295,273.9388122558594,4189992,0.0,0.0
2016-12-21 00:00:00+05:30,274.42549572960803,274.65727401992024,272.3394911167985,273.4983825683594,2658876,0.0,0.0
2016-12-22 00:00:00+05:30,272.66404977503555,273.3825569834033,270.80982302143894,271.899169921875,2805716,0.0,0.0
2016-12-23 00:00:00+05:30,271.41240224084567,275.64235641752833,271.0183904293591,274.947021484375,4752516,0.0,0.0
2016-12-26 00:00:00+05:30,273.1623629655102,274.91227238635435,271.20381909513094,272.33953857421875,4183864,0.0,0.0
2016-12-27 00:00:00+05:30,273.33617439395437,275.0976839047968,272.0845658517174,274.7036437988281,4899296,0.0,0.0
2016-12-28 00:00:00+05:30,275.7930346286332,276.9634981941544,273.73020187709017,275.06292724609375,6507840,0.0,0.0
2016-12-29 00:00:00+05:30,274.65729242019495,279.9765932219189,273.8344681171635,279.3392028808594,8100816,0.0,0.0
2016-12-30 00:00:00+05:30,278.134030415365,280.9153707195186,278.12243018012833,279.571044921875,4066540,0.0,0.0
2017-01-02 00:00:00+05:30,280.3243099489049,280.4749715328303,276.2913893530886,277.46185302734375,3708656,0.0,0.0
2017-01-03 00:00:00+05:30,278.31941914241906,278.5859415769371,274.83114409446534,275.79302978515625,3847500,0.0,0.0
2017-01-04 00:00:00+05:30,275.7814233743757,276.27975241195696,274.37918153984646,274.773193359375,6967120,0.0,0.0
2017-01-05 00:00:00+05:30,275.58438481170276,276.8591653974592,274.216887251969,274.9353942871094,6776384,0.0,0.0
2017-01-06 00:00:00+05:30,275.8393157100927,277.7630866840255,275.3989313348645,276.6621398925781,5525260,0.0,0.0
2017-01-09 00:00:00+05:30,277.8674198255509,279.09585617939973,276.3145164740067,277.02142333984375,4573796,0.0,0.0
2017-01-10 00:00:00+05:30,277.2531793133378,282.0278347242206,277.04460148683665,281.4599609375,5546116,0.0,0.0
2017-01-11 00:00:00+05:30,282.1901228053063,286.9647508466879,281.7265661354003,286.01446533203125,9343404,0.0,0.0
2017-01-12 00:00:00+05:30,286.2462158203125,288.2626758209366,284.04432185246395,286.2462158203125,2916316,0.0,0.0
2017-01-13 00:00:00+05:30,287.1733989970921,287.3356325379794,284.76289830246816,285.6668395996094,3850412,0.0,0.0
2017-01-16 00:00:00+05:30,285.8985236429346,289.59537608899535,285.7362901555724,289.1781921386719,3765864,0.0,0.0
2017-01-17 00:00:00+05:30,289.0275496974509,290.27915821766175,286.5359328897143,287.05743408203125,3559612,0.0,0.0
2017-01-18 00:00:00+05:30,287.61367866365305,291.113525098142,287.60207843213834,288.0076904296875,4612888,0.0,0.0
2017-01-19 00:00:00+05:30,288.5408342665275,288.5408342665275,286.24622325546494,286.54754638671875,3512412,0.0,0.0
2017-01-20 00:00:00+05:30,286.47799579766513,288.5640006214345,285.0873259151522,286.5591125488281,13942068,0.0,0.0
2017-01-23 00:00:00+05:30,286.47802190096223,289.7229185891608,286.4316775512895,288.48291015625,4793848,0.0,0.0
2017-01-24 00:00:00+05:30,289.72292818504263,294.70616254982536,289.5490944281316,293.7906494140625,10261864,0.0,0.0
2017-01-25 00:00:00+05:30,294.96113767938436,300.2920400027969,294.38169177466557,299.1331481933594,15636984,0.0,0.0
2017-01-27 00:00:00+05:30,301.0800688257713,301.31184716974803,298.5305070420273,299.4344482421875,6852236,0.0,0.0
2017-01-30 00:00:00+05:30,299.6777739631059,299.6777739631059,296.80374536797973,297.82354736328125,5319628,0.0,0.0
2017-01-31 00:00:00+05:30,297.23253244149237,299.61983223555256,295.9809238160394,298.21759033203125,6101040,0.0,0.0
2017-02-01 00:00:00+05:30,298.1132874897431,303.62962326016844,296.7921622783555,302.6329650878906,10910664,0.0,0.0
2017-02-02 00:00:00+05:30,302.6329463147962,302.6329463147962,299.5966559291942,301.010498046875,5971636,0.0,0.0
2017-02-03 00:00:00+05:30,301.0800456922184,305.0202772370742,300.5005998767984,303.87298583984375,8005104,0.0,0.0
2017-02-06 00:00:00+05:30,304.1627110052838,305.94739281272354,303.9656767919763,304.57989501953125,4310220,0.0,0.0
2017-02-07 00:00:00+05:30,305.02028777458116,305.48384444293157,301.99556919629316,302.96905517578125,3411920,0.0,0.0
2017-02-08 00:00:00+05:30,303.0617834357381,305.64608932327155,300.8830613548369,302.62139892578125,4940960,0.0,0.0
2017-02-09 00:00:00+05:30,303.4906078016293,305.9242807224337,299.5851478683235,300.7672119140625,4465376,0.0,0.0
2017-02-10 00:00:00+05:30,300.92940394184785,303.3399043514097,300.848287180997,302.146240234375,3296736,0.0,0.0
2017-02-13 00:00:00+05:30,303.0617743999842,304.78851168500455,301.1264026607653,303.67596435546875,2795792,0.0,0.0
2017-02-14 00:00:00+05:30,304.55671479370994,304.55671479370994,302.2389315761018,303.8845520019531,2446060,0.0,0.0
2017-02-15 00:00:00+05:30,304.0931479056105,306.8744876730399,303.03854525982644,306.457275390625,6126940,0.0,0.0
2017-02-16 00:00:00+05:30,306.6427837454451,308.9605674472247,306.0053932274557,307.77850341796875,5043700,0.0,0.0
2017-02-17 00:00:00+05:30,334.91967475870933,337.00567965340025,315.32280634739544,319.17034912109375,402259960,0.0,0.0
2017-02-20 00:00:00+05:30,315.49668800222753,328.07066386035604,315.0215593466761,326.598876953125,10566716,0.0,0.0
2017-02-21 00:00:00+05:30,325.89197762846754,329.54248683468415,323.88708913592575,328.0938720703125,6260028,0.0,0.0
2017-02-22 00:00:00+05:30,327.96634453098574,328.8471135226461,323.29600541487963,324.29266357421875,5296776,0.0,0.0
2017-02-23 00:00:00+05:30,325.3704120735184,329.4381045528116,321.4881252715048,323.16851806640625,34494980,0.0,0.0
2017-02-27 00:00:00+05:30,322.38046596648365,324.10720310650805,319.52958135722366,323.0062561035156,4681376,0.0,0.0
2017-02-28 00:00:00+05:30,322.8439978777979,323.62044951969665,320.8970545103098,322.19500732421875,2928008,0.0,0.0
2017-03-01 00:00:00+05:30,323.6668403063745,323.6784405402724,321.3374850464299,322.5543212890625,3481736,0.0,0.0
2017-03-02 00:00:00+05:30,323.2265028852426,323.5625701687606,318.98494784724693,319.8772888183594,4601988,0.0,0.0
2017-03-03 00:00:00+05:30,320.8971205568002,320.8971205568002,317.30455618798084,319.1587829589844,2492824,0.0,0.0
2017-03-06 00:00:00+05:30,319.11238008342576,322.14867020545285,318.25478338316236,320.02789306640625,3679124,0.0,0.0
2017-03-07 00:00:00+05:30,320.3756245294234,321.5924608678423,318.9733541935623,321.2911376953125,3112876,0.0,0.0
2017-03-08 00:00:00+05:30,321.68513290481167,324.304210919769,320.0974570866725,322.6817626953125,3782144,0.0,0.0
2017-03-09 00:00:00+05:30,320.2365539893293,324.1883577704698,320.2365539893293,323.1453552246094,3509316,0.0,0.0
2017-03-10 00:00:00+05:30,323.3308144324585,326.34393313326274,322.9020301221493,324.51287841796875,5860704,0.0,0.0
2017-03-14 00:00:00+05:30,329.6119440406259,330.0871009151192,326.03098030493896,326.96966552734375,7155020,0.0,0.0
2017-03-15 00:00:00+05:30,327.02757465756576,329.12517954875,326.9348859739822,328.3371276855469,4271860,0.0,0.0
2017-03-16 00:00:00+05:30,328.68485059663146,329.78579768584416,327.6534483250915,328.5110168457031,4980108,0.0,0.0
2017-03-17 00:00:00+05:30,328.7891448708375,330.86354950313614,327.4679914800578,330.4811096191406,3390464,0.0,0.0
2017-03-20 00:00:00+05:30,330.66654821886806,333.72601074714595,330.50428641777245,332.8568420410156,8142344,0.0,0.0
2017-03-21 00:00:00+05:30,332.3701394038865,334.919701142689,332.3701394038865,333.9809875488281,5557280,0.0,0.0
2017-03-22 00:00:00+05:30,330.9099037112186,333.0654534537947,330.4695475277537,331.651611328125,5636544,0.0,0.0
2017-03-23 00:00:00+05:30,332.4628354666694,332.6018968031979,329.79738472573786,331.651611328125,4922472,0.0,0.0
2017-03-24 00:00:00+05:30,332.1383108471475,332.474378071877,329.5887494938198,330.1334228515625,3810364,0.0,0.0
2017-03-27 00:00:00+05:30,330.05231278157623,330.05231278157623,325.4283468236009,326.77264404296875,5864084,0.0,0.0
2017-03-28 00:00:00+05:30,328.731152682496,330.21451107076837,327.52588862546503,329.1715087890625,8061400,0.0,0.0
2017-03-29 00:00:00+05:30,329.3106762006219,332.5555729548213,329.1252422116516,331.1185302734375,8575772,0.0,0.0
2017-03-30 00:00:00+05:30,330.97945318958864,343.02032604119444,330.2957184376256,339.8333740234375,34321092,0.0,0.0
2017-03-31 00:00:00+05:30,336.95934333872384,337.0056876868542,332.9611671952587,334.3518371582031,9651392,0.0,0.0
2017-04-03 00:00:00+05:30,335.15143554419836,336.10172095451867,330.5158693540988,332.1846618652344,4149052,0.0,0.0
2017-04-05 00:00:00+05:30,332.6598642642616,335.2673706032081,330.87518235401785,331.9877014160156,5744080,0.0,0.0
2017-04-06 00:00:00+05:30,331.7906378307482,334.45608829184044,330.2956791068267,333.4130859375,6124416,0.0,0.0
2017-04-07 00:00:00+05:30,331.6863782462778,334.91967451337945,331.11850438274325,333.4942321777344,4648360,0.0,0.0
2017-04-10 00:00:00+05:30,334.456109141744,334.456109141744,332.0572092358641,332.4048767089844,3393876,0.0,0.0
2017-04-11 00:00:00+05:30,332.3700862777196,334.03887874089355,331.7906405206106,333.6448669433594,4356260,0.0,0.0
2017-04-12 00:00:00+05:30,333.52906122455886,336.0670229582699,332.7178369616777,334.618408203125,3565092,0.0,0.0
2017-04-13 00:00:00+05:30,334.4561124060487,335.82361013898577,333.0770427331789,333.830322265625,4804236,0.0,0.0
2017-04-17 00:00:00+05:30,333.830297538104,334.6415215898799,331.03735769969006,333.0190734863281,7137056,0.0,0.0
2017-04-18 00:00:00+05:30,333.7607961753946,337.237471135555,333.2972395140399,335.4527893066406,3638860,0.0,0.0
2017-04-19 00:00:00+05:30,335.38318414470916,337.64302246220115,333.2971795439473,335.84674072265625,4338144,0.0,0.0
2017-04-20 00:00:00+05:30,336.77390650373485,339.7986249647893,336.76230627017424,338.8946838378906,5781372,0.0,0.0
2017-04-21 00:00:00+05:30,339.7870739641213,347.43575980369565,336.84350012498174,346.8794860839844,17258032,0.0,0.0
2017-04-24 00:00:00+05:30,347.22711948784075,356.70685908847906,346.97216897690265,355.3277893066406,20206952,0.0,0.0
2017-04-25 00:00:00+05:30,355.7913261663334,358.213398325253,354.528117329578,356.2548828125,9057780,0.0,0.0
2017-04-26 00:00:00+05:30,357.62236385318107,359.95174739282487,340.3548782248711,359.4070739746094,7795852,0.0,0.0
2017-04-27 00:00:00+05:30,358.3524620609265,364.807482743386,358.3524620609265,363.5674743652344,16180420,0.0,0.0
2017-04-28 00:00:00+05:30,361.5510565190712,361.5510565190712,356.2664987823718,358.4452209472656,5437728,0.0,0.0
2017-05-02 00:00:00+05:30,358.56111540303766,359.46505664673856,354.7020001312897,357.0777282714844,4007040,0.0,0.0
2017-05-03 00:00:00+05:30,360.2414551920234,360.2414551920234,356.7879525526034,357.9352722167969,2507964,0.0,0.0
2017-05-04 00:00:00+05:30,356.76480070677974,357.6107972847612,352.90568578597674,355.7333984375,5131028,0.0,0.0
2017-05-05 00:00:00+05:30,357.4253176599832,357.61075162085683,353.76323742535385,355.1307067871094,2757896,0.0,0.0
2017-05-08 00:00:00+05:30,356.4750777892007,356.93863445732717,354.284783849605,355.7333984375,3747252,0.0,0.0
2017-05-09 00:00:00+05:30,355.7334351584633,358.236624448788,355.23510603013614,355.95361328125,3345836,0.0,0.0
2017-05-10 00:00:00+05:30,356.93861896144114,360.4152938214551,356.2548842229393,359.6736145019531,2342244,0.0,0.0
2017-05-11 00:00:00+05:30,359.4882328925335,361.57423811241284,357.1704493148899,358.42205810546875,3875744,0.0,0.0
2017-05-12 00:00:00+05:30,358.3061295697122,360.85569122507263,356.0578627703968,359.63885498046875,6147604,0.0,0.0
2017-05-15 00:00:00+05:30,359.2564121292971,360.925204790919,357.46013006865064,360.0444641113281,2804780,0.0,0.0
2017-05-16 00:00:00+05:30,360.41526720652115,362.0377153547177,358.8507636350459,361.4930419921875,3590376,0.0,0.0
2017-05-17 00:00:00+05:30,361.2960446103578,362.82577581322556,359.6040516128936,360.9136047363281,3472472,0.0,0.0
2017-05-18 00:00:00+05:30,359.0246093667623,361.9218382996768,358.8160032249422,360.9020080566406,3107280,0.0,0.0
2017-05-19 00:00:00+05:30,361.4583100367012,363.86881035670604,358.1554687939805,361.8639221191406,2854136,0.0,0.0
2017-05-22 00:00:00+05:30,362.7562643133227,366.2097671431333,362.29270764605286,365.28265380859375,2860052,0.0,0.0
2017-05-23 00:00:00+05:30,366.2097389098719,367.03256324814083,362.73306417338574,363.683349609375,3080172,0.0,0.0
2017-05-24 00:00:00+05:30,363.6717733121744,365.155131880701,362.03772488830384,363.138671875,3467388,0.0,0.0
2017-05-25 00:00:00+05:30,363.2197963702765,377.6595968946489,363.2197963702765,374.8203125,20090804,0.0,0.0
2017-05-26 00:00:00+05:30,372.3866164879083,378.26219081526756,371.1002355878726,376.87152099609375,5443156,0.0,0.0
2017-05-29 00:00:00+05:30,375.4345624813231,381.9707002829407,374.93623339693903,378.23907470703125,5916340,0.0,0.0
2017-05-30 00:00:00+05:30,377.7986998374993,378.6099240396044,374.58857543924887,377.5785217285156,4434184,0.0,0.0
2017-05-31 00:00:00+05:30,376.6397510025179,380.8117605520843,376.21096679079596,379.23565673828125,5318912,0.0,0.0
2017-06-01 00:00:00+05:30,379.8846824166804,380.08168833829467,375.6083835505846,377.47418212890625,3359540,0.0,0.0
2017-06-02 00:00:00+05:30,378.7257773434512,381.530289375043,376.91789511839096,378.7837219238281,3213544,0.0,0.0
2017-06-05 00:00:00+05:30,378.65627043549495,379.8731067452227,376.63981015381955,379.0850830078125,2899900,0.0,0.0
2017-06-06 00:00:00+05:30,378.9575338749876,380.99719430427547,377.79864233408546,379.873046875,5002632,0.0,0.0
2017-06-07 00:00:00+05:30,380.2091934060296,381.2521959327689,377.87980977901003,380.3019104003906,2554276,0.0,0.0
2017-06-08 00:00:00+05:30,381.0204013052511,384.61296541044135,380.4989000641751,381.2174072265625,4248768,0.0,0.0
2017-06-09 00:00:00+05:30,380.13959669263147,387.069773749552,380.13959669263147,386.3280944824219,5305272,0.0,0.0
2017-06-12 00:00:00+05:30,385.67914325842696,388.4604832338483,384.7520299332865,386.78009033203125,3971412,0.0,0.0
2017-06-13 00:00:00+05:30,385.1576667413392,392.14578953689494,384.9838329817147,388.62274169921875,5051620,0.0,0.0
2017-06-14 00:00:00+05:30,388.2286998729773,389.3759912806739,386.3744732467183,387.3479309082031,3858360,0.0,0.0
2017-06-15 00:00:00+05:30,386.6062504606929,388.3677600919112,383.268636884396,385.76025390625,3526692,0.0,0.0
2017-06-16 00:00:00+05:30,385.9109685834125,388.1592073533525,384.3116922441452,386.8960266113281,3755104,0.0,0.0
2017-06-19 00:00:00+05:30,387.3015819710897,393.09604010949624,386.698963983346,392.3775329589844,3825532,0.0,0.0
2017-06-20 00:00:00+05:30,391.70535507618655,392.6324683426391,389.352799503913,390.9057312011719,3660264,0.0,0.0
2017-06-21 00:00:00+05:30,389.99020687391146,394.31287832581785,389.29487189376306,393.7218322753906,3410932,0.0,0.0
2017-06-22 00:00:00+05:30,392.8526656125816,397.7316107328705,391.9834968828332,393.5596008300781,6675460,0.0,0.0
2017-06-23 00:00:00+05:30,394.4866636013043,394.66049732498294,388.2749938912226,389.07464599609375,5217468,0.0,0.0
2017-06-27 00:00:00+05:30,391.47357737562413,392.8642472774913,383.88283749459885,386.5251159667969,6000432,0.0,0.0
2017-06-28 00:00:00+05:30,385.9108810144601,388.22866408361597,384.24208852196796,386.2469482421875,4449036,0.0,0.0
2017-06-29 00:00:00+05:30,388.94179898626703,392.4182490765758,385.2320304802496,388.02020263671875,9187708,2.75,0.0
2017-06-30 00:00:00+05:30,385.8620120665273,387.3085748693215,383.3421617531899,385.4537048339844,4330432,0.0,0.0
2017-07-03 00:00:00+05:30,385.5820534524318,389.05850395160877,384.3338054778336,386.9819641113281,3504332,0.0,0.0
2017-07-04 00:00:00+05:30,387.3669218999541,388.87181437509594,385.44204485994527,385.75701904296875,3766080,0.0,0.0
2017-07-05 00:00:00+05:30,385.6986451741418,387.19188864522124,383.8087718116234,384.6837158203125,4014200,0.0,0.0
2017-07-06 00:00:00+05:30,385.57037563782274,388.0085417929682,385.2903764383363,386.876953125,4571676,0.0,0.0
2017-07-07 00:00:00+05:30,387.5068980621562,389.5484342682471,386.84194625128004,388.98846435546875,5517396,0.0,0.0
2017-07-10 00:00:00+05:30,389.1751791841624,407.8406554040263,387.5536273300643,391.1233825683594,1309252,0.0,0.0
2017-07-11 00:00:00+05:30,391.4033465057242,394.4948157258668,388.96515180561414,392.06829833984375,4410280,0.0,0.0
2017-07-12 00:00:00+05:30,391.97495353159854,393.1415456552045,386.9702847138302,392.2666015625,5738892,0.0,0.0
2017-07-13 00:00:00+05:30,393.8415393903061,395.0781385545908,391.89333604988127,392.80328369140625,4481004,0.0,0.0
2017-07-14 00:00:00+05:30,392.8849122460995,393.3865525697522,390.1084172167866,391.9632873535156,2443252,0.0,0.0
2017-07-17 00:00:00+05:30,392.5699656904172,393.75988407780056,391.2750369127831,392.5232849121094,2399340,0.0,0.0
2017-07-18 00:00:00+05:30,391.9049848835031,393.80653592692903,391.3566922281149,392.80328369140625,2322188,0.0,0.0
2017-07-19 00:00:00+05:30,393.14155167859474,395.7547066830075,392.406592933212,394.84478759765625,3987244,0.0,0.0
2017-07-20 00:00:00+05:30,395.21806573616414,400.1410785574427,393.8764848605342,399.1844787597656,3698476,0.0,0.0
2017-07-21 00:00:00+05:30,399.931087173304,400.19940904527334,396.64130323682537,397.3529357910156,3873508,0.0,0.0
2017-07-24 00:00:00+05:30,398.97449345322224,405.97404596994545,395.4747171948606,404.8307800292969,19678176,0.0,0.0
2017-07-25 00:00:00+05:30,410.4071007499502,410.4071007499502,404.35249914389453,405.89239501953125,11160468,0.0,0.0
2017-07-26 00:00:00+05:30,406.4407279862363,409.47386774732763,404.224202776208,407.73565673828125,3895344,0.0,0.0
2017-07-27 00:00:00+05:30,409.7071485053387,419.69318834660316,408.6688929212744,417.5583190917969,17961712,0.0,0.0
2017-07-28 00:00:00+05:30,413.44024786896875,416.8233650213954,410.89707134779053,414.9568176269531,9255396,0.0,0.0
2017-07-31 00:00:00+05:30,414.7351486206958,417.87326982402624,412.1686461259642,416.3333740234375,7369140,0.0,0.0
2017-08-01 00:00:00+05:30,415.7383924140916,422.1079962349176,413.48686411955055,419.31982421875,8516860,0.0,0.0
2017-08-02 00:00:00+05:30,421.60636474048823,421.60636474048823,415.7850818328917,418.0249328613281,7397916,0.0,0.0
2017-08-03 00:00:00+05:30,417.17332962997256,418.1066032980485,414.00020485476455,415.29510498046875,4256784,0.0,0.0
2017-08-04 00:00:00+05:30,414.6068644359148,419.21490358763646,412.0753650791946,417.6983337402344,3545068,0.0,0.0
2017-08-07 00:00:00+05:30,416.7066624296452,419.1448283173186,416.4733440296286,417.3016357421875,1918660,0.0,0.0
2017-08-08 00:00:00+05:30,418.129974499851,419.3315701732294,412.0636950036741,414.8168640136719,4035372,0.0,0.0
2017-08-09 00:00:00+05:30,413.20692748437256,414.61851533722404,410.2554437346622,411.6786804199219,3270056,0.0,0.0
2017-08-10 00:00:00+05:30,410.64044046134666,412.04035105382854,408.9722079757217,410.74542236328125,7788444,0.0,0.0
2017-08-11 00:00:00+05:30,407.1406507948162,410.17379031363146,403.90919631140594,408.0856018066406,6359836,0.0,0.0
2017-08-14 00:00:00+05:30,409.00722604238064,414.12855441692386,407.8406338403202,409.9871520996094,3577084,0.0,0.0
2017-08-16 00:00:00+05:30,411.18875591713294,417.5933643221897,407.96897846435667,415.5984802246094,4426832,0.0,0.0
2017-08-17 00:00:00+05:30,414.43185936492733,415.5284445883388,409.18219471428085,411.9003601074219,5454868,0.0,0.0
2017-08-18 00:00:00+05:30,410.6404122780794,410.87373069414645,406.67399920493887,408.8088684082031,3707464,0.0,0.0
2017-08-21 00:00:00+05:30,409.2405230242459,410.40711516513596,405.5540804665318,406.7206726074219,4009724,0.0,0.0
2017-08-22 00:00:00+05:30,408.61054985988176,409.24049818522604,405.2274328566401,407.6072692871094,6609556,0.0,0.0
2017-08-23 00:00:00+05:30,408.3072699830784,414.8285089883062,408.3072699830784,413.5452575683594,3360524,0.0,0.0
2017-08-24 00:00:00+05:30,414.11690926589864,414.12855809926987,410.4421437967331,411.2237548828125,7878276,0.0,0.0
2017-08-28 00:00:00+05:30,411.20034769400667,413.24188366341224,410.2553967956677,411.16534423828125,1507784,0.0,0.0
2017-08-29 00:00:00+05:30,410.40716355897644,410.40716355897644,405.5074759894833,407.4090270996094,4918596,0.0,0.0
2017-08-30 00:00:00+05:30,408.7622062731027,412.973615267627,408.31892404736607,412.63531494140625,2694320,0.0,0.0
2017-08-31 00:00:00+05:30,413.44022955774875,415.27177341117584,409.8004679960415,414.4784851074219,7303436,0.0,0.0
2017-09-01 00:00:00+05:30,415.54013854041443,415.6451204451294,410.8970959227967,412.4136657714844,2295172,0.0,0.0
2017-09-04 00:00:00+05:30,411.8070265794524,411.8070265794524,407.397302581586,408.5172424316406,3642524,0.0,0.0
2017-09-05 00:00:00+05:30,409.9404925907662,411.7837139338395,408.54058197292636,409.5555114746094,3682436,0.0,0.0
2017-09-06 00:00:00+05:30,406.84899774146686,411.2937250662833,405.5074168170147,410.6170959472656,5751632,0.0,0.0
2017-09-07 00:00:00+05:30,410.66371933428906,414.5484764774788,410.66371933428906,412.16864013671875,6946420,0.0,0.0
2017-09-08 00:00:00+05:30,413.76688735479786,417.639967389647,413.20691745646076,417.0916748046875,8311664,0.0,0.0
2017-09-11 00:00:00+05:30,418.3399040984655,426.7393667574419,417.68660116582254,425.4211120605469,11477676,0.0,0.0
2017-09-12 00:00:00+05:30,426.436055491882,429.28255724222385,424.2428851769692,428.1859436035156,6687680,0.0,0.0
2017-09-13 00:00:00+05:30,428.13932326314824,431.40578131529213,425.5728205078923,429.737548828125,4995376,0.0,0.0
2017-09-14 00:00:00+05:30,429.3409128940456,432.22238979643777,427.3227027865996,429.1659240722656,8154016,0.0,0.0
2017-09-15 00:00:00+05:30,428.3726720019901,432.0591148855772,427.77769856504057,431.3941345214844,3767332,0.0,0.0
2017-09-18 00:00:00+05:30,432.4673656887566,435.01051366355586,432.2223699570088,434.0772399902344,4084928,0.0,0.0
2017-09-19 00:00:00+05:30,435.1155798164335,435.83886130972206,431.06751043574485,431.5691223144531,4241468,0.0,0.0
2017-09-20 00:00:00+05:30,431.1724430945414,434.3105644723983,430.5308174351745,431.3707580566406,3446128,0.0,0.0
2017-09-21 00:00:00+05:30,431.17242579553954,431.28908500165306,427.13600587151143,429.09588623046875,7712496,0.0,0.0
2017-09-22 00:00:00+05:30,428.09268528648613,429.0609340278938,424.6395609805162,425.5961608886719,8243524,0.0,0.0
2017-09-25 00:00:00+05:30,425.2111730713913,425.2111730713913,418.2466234403371,419.91485595703125,10149228,0.0,0.0
2017-09-26 00:00:00+05:30,417.4183508405882,419.179887907859,416.47339980147825,418.1766357421875,11438732,0.0,0.0
2017-09-27 00:00:00+05:30,419.0399133847057,421.2797646865022,412.97363401499393,414.4902038574219,7337220,0.0,0.0
2017-09-28 00:00:00+05:30,413.90689298459836,419.73985370873305,411.4103971871701,418.8765869140625,27646464,0.0,0.0
2017-09-29 00:00:00+05:30,419.9964925801492,425.10617180134466,419.0982223370831,421.3030700683594,6213632,0.0,0.0
2017-10-03 00:00:00+05:30,421.83974044173954,424.8728801683671,419.2965637439316,422.0380554199219,4394424,0.0,0.0
2017-10-04 00:00:00+05:30,421.8164004915449,422.7496742230462,418.4216059007074,419.2732238769531,6625104,0.0,0.0
2017-10-05 00:00:00+05:30,418.80663516905065,421.1398197660927,418.3633243993612,419.6465759277344,3336196,0.0,0.0
2017-10-06 00:00:00+05:30,419.5065274830452,421.0114199294014,418.573253784529,419.9964904785156,3030660,0.0,0.0
2017-10-09 00:00:00+05:30,419.69321051579817,420.6731365461995,417.75665612089307,418.9232482910156,3062492,0.0,0.0
2017-10-10 00:00:00+05:30,419.73982165016963,423.46123891543465,418.25825543564804,420.60308837890625,3798180,0.0,0.0
2017-10-11 00:00:00+05:30,420.7314534904376,423.5312746144555,417.08001441161366,417.67498779296875,5267440,0.0,0.0
2017-10-12 00:00:00+05:30,418.829924525077,424.97785970194286,417.17336930295494,424.3595886230469,5381560,0.0,0.0
2017-10-13 00:00:00+05:30,426.20274790236687,433.16732554856765,425.10616271705766,431.82574462890625,6433464,0.0,0.0
2017-10-16 00:00:00+05:30,433.97229438088766,437.0637636822569,429.7725624997823,433.3073425292969,3274544,0.0,0.0
2017-10-17 00:00:00+05:30,431.6390770726072,432.5023438342514,429.0959005979289,431.93072509765625,2613288,0.0,0.0
2017-10-18 00:00:00+05:30,429.5391881308327,437.47201398441683,429.07255131591603,435.9554443359375,3926720,0.0,0.0
2017-10-19 00:00:00+05:30,434.39221940495935,435.1388269111807,429.45752942497114,431.2657470703125,570008,0.0,0.0
2017-10-23 00:00:00+05:30,433.9489906268933,436.23549434695747,428.3843512935215,434.7422790527344,4162892,0.0,0.0
2017-10-24 00:00:00+05:30,434.6722148750043,438.54529493663097,432.3390306835121,435.6288146972656,11328872,0.0,0.0
2017-10-25 00:00:00+05:30,433.9723295954244,434.6722849657396,416.4734453375444,418.8299560546875,21367208,0.0,0.0
2017-10-26 00:00:00+05:30,412.50702121032475,422.3063961485791,410.13883323732875,418.8882751464844,28571464,0.0,0.0
2017-10-27 00:00:00+05:30,420.99977454611326,421.72305597213847,415.07348081573133,417.8849792480469,7472088,0.0,0.0
2017-10-30 00:00:00+05:30,419.56487762198964,423.70627986182853,418.19997046736404,423.47296142578125,5422352,0.0,0.0
2017-10-31 00:00:00+05:30,422.65634568699295,422.65634568699295,419.7981948536142,421.9563903808594,4682460,0.0,0.0
2017-11-01 00:00:00+05:30,423.4962883801349,425.80614659765524,422.773006923261,424.9195251464844,4190612,0.0,0.0
2017-11-02 00:00:00+05:30,425.3394783575919,426.92605500123466,423.92789052841323,425.1294860839844,4737944,0.0,0.0
2017-11-03 00:00:00+05:30,425.969455188824,429.3059202002734,425.01285530201983,427.13604736328125,3810488,0.0,0.0
2017-11-06 00:00:00+05:30,425.8060555981349,429.3058313975716,425.2460857739753,426.64599609375,6148244,0.0,0.0
2017-11-07 00:00:00+05:30,428.8392725447213,430.4608242339314,424.8145296440704,425.5028076171875,7446376,0.0,0.0
2017-11-08 00:00:00+05:30,425.8528431856804,427.81272395231144,424.40628012147465,426.02783203125,3283144,0.0,0.0
2017-11-09 00:00:00+05:30,426.2727543747066,428.13930173923734,424.8961699971147,426.4710693359375,3113308,0.0,0.0
2017-11-10 00:00:00+05:30,425.0361332216931,428.0926271569634,422.8546117992395,425.10614013671875,7744360,0.0,0.0
2017-11-13 00:00:00+05:30,425.10617286510063,425.37449475168876,418.80657535282967,423.1346435546875,3335872,0.0,0.0
2017-11-14 00:00:00+05:30,423.6829298805177,424.40621129532565,419.97316125980547,420.5214538574219,4712468,0.0,0.0
2017-11-15 00:00:00+05:30,419.50655816439337,420.82481305621104,417.17337374746126,420.0315246582031,6148368,0.0,0.0
2017-11-16 00:00:00+05:30,420.90641710218836,423.70623805852216,418.8532036750429,421.7696838378906,4012972,0.0,0.0
2017-11-17 00:00:00+05:30,426.6694396124052,428.90931952523164,423.04135479098977,425.93450927734375,6358772,0.0,0.0
2017-11-20 00:00:00+05:30,426.73933756692816,429.2358329606321,426.73933756692816,428.87420654296875,2392424,0.0,0.0
2017-11-21 00:00:00+05:30,428.710916165835,431.63907370699684,428.3959419974884,430.7641296386719,2275532,0.0,0.0
2017-11-22 00:00:00+05:30,431.5690545773164,433.9722456094824,430.36748754248487,432.8639831542969,5660796,0.0,0.0
2017-11-23 00:00:00+05:30,433.7389539895236,433.9722724155535,428.8392670428964,429.9708557128906,3232580,0.0,0.0
2017-11-24 00:00:00+05:30,430.0058787133813,433.45900296804155,429.53924184011663,431.96575927734375,5203684,0.0,0.0
2017-11-27 00:00:00+05:30,431.4057509175563,434.438890323683,430.61246260739586,433.400634765625,3870472,0.0,0.0
2017-11-28 00:00:00+05:30,433.0389984338012,436.53877482200545,433.00399497366857,435.22052001953125,5090540,0.0,0.0
2017-11-29 00:00:00+05:30,435.13888503339683,437.5887286220567,432.99236680535853,437.075439453125,3274584,0.0,0.0
2017-11-30 00:00:00+05:30,436.0021262028118,437.22704792506545,429.305898846993,432.5023498535156,5796312,0.0,0.0
2017-12-01 00:00:00+05:30,432.78236679982143,433.9722851111334,430.26251633248097,431.2191162109375,3858148,0.0,0.0
2017-12-04 00:00:00+05:30,432.78235596344297,432.78235596344297,426.99604758100884,427.9293212890625,3641932,0.0,0.0
2017-12-05 00:00:00+05:30,426.0394354610831,426.63440882533973,421.606385475453,424.7445068359375,3893360,0.0,0.0
2017-12-06 00:00:00+05:30,424.6278317954509,424.95448326793854,419.7398224649714,420.74310302734375,6395120,0.0,0.0
2017-12-07 00:00:00+05:30,421.52474564041665,423.8462526175189,420.69645382458936,422.2247009277344,4231304,0.0,0.0
2017-12-08 00:00:00+05:30,423.2396188997263,432.33903738764764,423.2396188997263,429.39923095703125,8956400,0.0,0.0
2017-12-11 00:00:00+05:30,431.17240652983605,432.047350536593,429.3058593154212,430.7991027832031,3198232,0.0,0.0
2017-12-12 00:00:00+05:30,431.42909761249933,431.615763746576,423.6945860622197,424.6162109375,2410588,0.0,0.0
2017-12-13 00:00:00+05:30,424.651231929764,430.47251553047926,423.49628857983197,424.95452880859375,2907460,0.0,0.0
2017-12-14 00:00:00+05:30,425.57281681065655,429.30591169496057,422.77299564742856,428.8509521484375,3683092,0.0,0.0
2017-12-15 00:00:00+05:30,433.03895681468964,440.5051457252877,432.92229761296153,437.1103515625,12450124,0.0,0.0
2017-12-18 00:00:00+05:30,432.8056813160141,443.07169208577403,422.14304061356023,438.3936462402344,12297988,0.0,0.0
2017-12-19 00:00:00+05:30,438.59201336117314,441.8234680475513,437.7403953619189,439.6885986328125,4952112,0.0,0.0
2017-12-20 00:00:00+05:30,443.0483822130634,444.0283082482149,434.82390737383145,435.87384033203125,9343504,0.0,0.0
2017-12-21 00:00:00+05:30,438.6152707328254,439.80518888980504,435.1854731259425,435.9087829589844,6854544,0.0,0.0
2017-12-22 00:00:00+05:30,438.405317745445,438.6386361689391,434.38057494017147,437.8570251464844,4470904,0.0,0.0
2017-12-26 00:00:00+05:30,438.8719549472435,439.2919395023736,433.2023058592517,435.92047119140625,6785696,0.0,0.0
2017-12-27 00:00:00+05:30,436.32878456147665,436.37546533562056,431.9074117630877,433.2139892578125,3489384,0.0,0.0
2017-12-28 00:00:00+05:30,433.7156015017973,438.8486065627054,433.50560923487353,438.18365478515625,8700520,0.0,0.0
2017-12-29 00:00:00+05:30,437.8920242298332,438.4519656556206,435.8738141905291,436.86541748046875,6345872,0.0,0.0
2018-01-01 00:00:00+05:30,436.93537907024364,438.8136036806783,431.75572171266526,432.6889953613281,6580516,0.0,0.0
2018-01-02 00:00:00+05:30,433.6339824978874,437.4720593056945,433.6339824978874,436.853759765625,4776316,0.0,0.0
2018-01-03 00:00:00+05:30,437.4720772358851,438.2303621697606,431.91908694300224,432.2574157714844,4531288,0.0,0.0
2018-01-04 00:00:00+05:30,432.33907166837935,435.25555218422113,432.33907166837935,433.948974609375,2373776,0.0,0.0
2018-01-05 00:00:00+05:30,434.67227048622647,435.8505400461768,432.93405943368197,434.812255859375,2870868,0.0,0.0
2018-01-08 00:00:00+05:30,435.1388809794755,436.4687846655706,433.4473223268743,434.1122741699219,4570308,0.0,0.0
2018-01-09 00:00:00+05:30,434.4389108383009,436.2704547930066,432.805681850187,434.8355407714844,5305528,0.0,0.0
2018-01-10 00:00:00+05:30,435.1855279046191,435.81550475967117,433.34233507711565,434.95220947265625,4615888,0.0,0.0
2018-01-11 00:00:00+05:30,434.9522199214611,437.70538887726343,433.0973497352986,436.90045166015625,4059096,0.0,0.0
2018-01-12 00:00:00+05:30,437.00543339835286,438.2070290476211,433.97229371112456,435.2088928222656,4336708,0.0,0.0
2018-01-15 00:00:00+05:30,436.29379593198075,444.3316331027293,433.9372854358322,442.7800598144531,12576444,0.0,0.0
2018-01-16 00:00:00+05:30,444.109960596822,445.63820772786687,439.86357650207384,443.34002685546875,6445384,0.0,0.0
2018-01-17 00:00:00+05:30,442.60507080271833,443.89999950832237,440.2718864547862,441.0885009765625,2905496,0.0,0.0
2018-01-18 00:00:00+05:30,448.9046396941117,455.90419228809475,447.51640648880607,451.3078308105469,16649540,0.0,0.0
2018-01-19 00:00:00+05:30,451.50619056618507,457.28082202913674,447.7964216270681,455.4842529296875,11455988,0.0,0.0
2018-01-22 00:00:00+05:30,457.30414331521797,463.8370596482925,455.70591769427034,458.08575439453125,8849768,0.0,0.0
2018-01-23 00:00:00+05:30,458.47074328825994,458.86737325127433,453.40774443681545,455.2742919921875,5047796,0.0,0.0
2018-01-24 00:00:00+05:30,455.56588012605795,459.4039566394583,455.1108921305284,456.75579833984375,4790568,0.0,0.0
2018-01-25 00:00:00+05:30,455.8809003119793,461.97050582892786,455.08761192895145,460.792236328125,8723668,0.0,0.0
2018-01-29 00:00:00+05:30,461.50385657084894,468.2584137565709,461.50385657084894,466.5552062988281,8235892,0.0,0.0
2018-01-30 00:00:00+05:30,466.12355782901454,467.0801576690488,462.93875565220617,465.5869140625,6397560,0.0,0.0
2018-01-31 00:00:00+05:30,464.1636930152404,469.7866615144193,463.60372308376014,467.9667663574219,6943348,0.0,0.0
2018-02-01 00:00:00+05:30,468.03676390664475,470.13662974670444,463.2070838670087,464.5719909667969,6521420,0.0,0.0
2018-02-02 00:00:00+05:30,463.37037223173604,464.2803197465684,452.9877027633009,454.5042724609375,7346124,0.0,0.0
2018-02-05 00:00:00+05:30,447.5047150962361,451.52945771115276,444.66989068860977,446.53643798828125,7926784,0.0,0.0
2018-02-06 00:00:00+05:30,433.97231092970753,446.1048701600004,428.4426751345571,442.5584411621094,10749804,0.0,0.0
2018-02-07 00:00:00+05:30,444.93828080707715,444.93828080707715,434.532283711511,436.95880126953125,8364972,0.0,0.0
2018-02-08 00:00:00+05:30,439.5718925659213,442.97833571864254,435.48882031544167,438.8602600097656,5171444,0.0,0.0
2018-02-09 00:00:00+05:30,431.1491266332464,435.06885911521874,430.2625052187955,431.5224304199219,6408952,0.0,0.0
2018-02-12 00:00:00+05:30,433.9722676990568,440.0385467099038,432.8406790413609,437.8570251464844,4381108,0.0,0.0
2018-02-14 00:00:00+05:30,440.9252000338017,442.8150737046766,437.3904199657041,439.3736267089844,3577188,0.0,0.0
2018-02-15 00:00:00+05:30,440.90180628203984,442.08007569393885,437.472036905204,439.0819396972656,4915224,0.0,0.0
2018-02-16 00:00:00+05:30,439.5486108320543,442.1034363344179,437.62373371948445,438.31201171875,3583520,0.0,0.0
2018-02-19 00:00:00+05:30,439.2452652228981,440.4118573585593,433.75063335268595,438.2186584472656,3654552,0.0,0.0
2018-02-20 00:00:00+05:30,439.7469263227484,440.0035709084739,433.69232424498875,434.7189025878906,4084068,0.0,0.0
2018-02-21 00:00:00+05:30,435.82712330088845,435.9671371353378,432.15235825288346,433.3656311035156,2753072,0.0,0.0
2018-02-22 00:00:00+05:30,431.639104071597,433.97228841793,429.6675746914474,432.3857116699219,13253596,0.0,0.0
2018-02-23 00:00:00+05:30,433.24901155722256,439.770250481816,431.7324417160376,438.7669982910156,4076748,0.0,0.0
2018-02-26 00:00:00+05:30,440.528513248387,446.758132294568,439.4669315016969,445.9998474121094,4788884,0.0,0.0
2018-02-27 00:00:00+05:30,446.74646737247434,448.3796963953793,443.3050205027817,443.8999938964844,4787328,0.0,0.0
2018-02-28 00:00:00+05:30,440.86683713783816,442.2433930471798,438.1719979623418,439.6185607910156,4066364,0.0,0.0
2018-03-01 00:00:00+05:30,438.47528620131243,441.7417438436917,435.8387768546061,437.3203430175781,3909840,0.0,0.0
2018-03-05 00:00:00+05:30,437.27371664657693,438.1719868552214,433.56394812231906,436.29376220703125,3781464,0.0,0.0
2018-03-06 00:00:00+05:30,436.30544207139684,438.6153001080252,429.18923031568687,430.7641296386719,4576828,0.0,0.0
2018-03-07 00:00:00+05:30,429.3058771267635,432.43234953687175,426.62271539472124,427.5793151855469,5628164,0.0,0.0
2018-03-08 00:00:00+05:30,429.25928851566823,433.6223320651179,427.4393932436352,432.3040771484375,5518724,0.0,0.0
2018-03-09 00:00:00+05:30,432.7940439184612,435.19723532643724,430.2392183042221,431.8841247558594,4108108,0.0,0.0
2018-03-12 00:00:00+05:30,434.0189425134606,436.17713804277474,432.43239424012285,435.6638488769531,6557116,0.0,0.0
2018-03-13 00:00:00+05:30,435.7104291618992,439.74684882321003,432.80562651123734,434.0305480957031,5124200,0.0,0.0
2018-03-14 00:00:00+05:30,433.0389797449048,435.8154745893041,431.1724324184181,435.0221862792969,3680392,0.0,0.0
2018-03-15 00:00:00+05:30,435.18552706620113,440.38853948145044,435.18552706620113,438.8253173828125,5870924,0.0,0.0
2018-03-16 00:00:00+05:30,438.63867885797526,438.89532345254526,430.83418822505234,432.3390808105469,7896336,0.0,0.0
2018-03-19 00:00:00+05:30,432.33907861744444,433.972307732567,430.0408976302731,430.99749755859375,7838740,0.0,0.0
2018-03-20 00:00:00+05:30,430.49581697570034,433.0156673389115,428.1976362032941,429.1892395019531,3657372,0.0,0.0
2018-03-21 00:00:00+05:30,431.17249095078057,434.7189199600379,430.0759056401072,433.7156677246094,5921140,0.0,0.0
2018-03-22 00:00:00+05:30,433.71562470139077,438.6386377587087,432.8290032963986,435.7804870605469,6673224,0.0,0.0
2018-03-23 00:00:00+05:30,430.85749033446916,432.3623828360008,428.6642913662939,429.6675720214844,7190152,0.0,0.0
2018-03-26 00:00:00+05:30,429.2825792472503,443.3050110043477,427.7893356191955,441.7767639160156,10501768,0.0,0.0
2018-03-27 00:00:00+05:30,441.8584293648424,443.07167374035095,437.7053501510786,441.57843017578125,6136836,0.0,0.0
2018-03-28 00:00:00+05:30,439.3268699569151,443.23495315753263,437.7169957816608,440.06182861328125,8837508,0.0,0.0
2018-04-02 00:00:00+05:30,441.0885150034228,451.64617451355497,441.0885150034228,450.5845642089844,4596368,0.0,0.0
2018-04-03 00:00:00+05:30,448.8929667165885,449.30127395518144,445.8715045435017,447.0147705078125,4079884,0.0,0.0
2018-04-04 00:00:00+05:30,446.3264882566009,449.1263094729365,438.27700225963594,439.3969421386719,3714108,0.0,0.0
2018-04-05 00:00:00+05:30,443.6083164933311,446.571448989107,441.01845928629234,445.38153076171875,4858892,0.0,0.0
2018-04-06 00:00:00+05:30,446.15146508135666,449.4762525197797,444.6582499992771,448.7646484375,3720008,0.0,0.0
2018-04-09 00:00:00+05:30,447.69140903191504,453.1043851447475,447.13143911097467,452.4161071777344,4003536,0.0,0.0
2018-04-10 00:00:00+05:30,453.33768639180846,453.33768639180846,446.45479305750155,448.169677734375,6067236,0.0,0.0
2018-04-11 00:00:00+05:30,447.0147859884523,447.97138585574766,444.56494247205364,447.70306396484375,2870812,0.0,0.0
2018-04-12 00:00:00+05:30,447.0381098847965,450.9811970304485,444.68159944856467,450.02459716796875,4712516,0.0,0.0
2018-04-13 00:00:00+05:30,449.83792524857955,452.6377463600852,447.7613855612955,449.1379699707031,3297172,0.0,0.0
2018-04-16 00:00:00+05:30,447.9713241300911,454.9708760696238,447.9363206741435,453.1276550292969,2847744,0.0,0.0
2018-04-17 00:00:00+05:30,453.4543795019105,455.20426776857596,451.2611805114389,454.6209716796875,2667832,0.0,0.0
2018-04-18 00:00:00+05:30,455.2042586723391,455.78755474957177,450.31624893763126,450.91119384765625,2712720,0.0,0.0
2018-04-19 00:00:00+05:30,452.63776789995245,453.75770779035105,451.0045388405197,452.4044494628906,3169032,0.0,0.0
2018-04-20 00:00:00+05:30,452.8710232205704,457.53739131145727,450.80616103660304,456.34747314453125,9361380,0.0,0.0
2018-04-23 00:00:00+05:30,461.7371395307657,461.7371395307657,434.0422552879445,451.6461181640625,15304620,0.0,0.0
2018-04-24 00:00:00+05:30,451.47113037109375,454.51594706144596,449.3712646484375,451.47113037109375,5037416,0.0,0.0
2018-04-25 00:00:00+05:30,449.8146253615098,452.1711359050115,446.10485647594527,448.1463928222656,4020592,0.0,0.0
2018-04-26 00:00:00+05:30,447.22479343984025,452.4511036670759,445.92986471618093,450.3629150390625,7847480,0.0,0.0
2018-04-27 00:00:00+05:30,451.00449954187144,451.58779558370003,446.2214719988769,448.7646484375,5777008,0.0,0.0
2018-04-30 00:00:00+05:30,450.3045568834583,456.0908651727002,450.0245861680526,453.6410217285156,4609552,0.0,0.0
2018-05-02 00:00:00+05:30,454.970920676052,461.5038364601184,454.03764699261393,459.5206298828125,7100048,0.0,0.0
2018-05-03 00:00:00+05:30,459.18228128773046,460.78050660633403,454.03759925617686,459.14727783203125,4152772,0.0,0.0
2018-05-04 00:00:00+05:30,459.63728358225814,464.30365194349935,458.7740168279294,463.95367431640625,6881436,0.0,0.0
2018-05-07 00:00:00+05:30,462.3554643940875,463.67371919671046,460.8038911655579,461.3638610839844,5264128,0.0,0.0
2018-05-08 00:00:00+05:30,461.795539845324,461.9472025333142,456.0442343854314,458.9490661621094,7100564,0.0,0.0
2018-05-09 00:00:00+05:30,456.40586329648823,462.0871615046239,456.40586329648823,461.5971984863281,4327332,0.0,0.0
2018-05-10 00:00:00+05:30,463.9769634908427,466.4034805415862,462.4370677505872,464.9335632324219,7171672,0.0,0.0
2018-05-11 00:00:00+05:30,464.93359917004136,470.60324810791775,463.3703771652576,469.3783264160156,6057068,0.0,0.0
2018-05-14 00:00:00+05:30,470.6499375755565,473.02980271084607,469.53002617182125,471.7115478515625,4742916,0.0,0.0
2018-05-15 00:00:00+05:30,472.9481561108435,481.8025795334971,472.86647187168137,475.4563293457031,9826684,0.0,0.0
2018-05-16 00:00:00+05:30,473.76471802299983,478.06943137863766,470.6382455720039,472.0848083496094,6841604,0.0,0.0
2018-05-17 00:00:00+05:30,472.2015026148247,477.00785661480046,469.5533441095137,473.1114501953125,6615476,0.0,0.0
2018-05-18 00:00:00+05:30,472.3997781565603,472.3997781565603,467.4534392065706,469.4716491699219,5217460,0.0,0.0
2018-05-21 00:00:00+05:30,470.39329268019964,471.53655871177347,463.3820907737574,465.01531982421875,4848108,0.0,0.0
2018-05-22 00:00:00+05:30,466.33355015374906,469.89165632955354,463.2537581678497,464.2803649902344,3960372,0.0,0.0
2018-05-23 00:00:00+05:30,463.7903300223841,465.23689271958386,458.09735532796066,459.053955078125,5726292,0.0,0.0
2018-05-24 00:00:00+05:30,458.9606679188967,464.36199515151594,456.45249485125254,463.3703918457031,4520744,0.0,0.0
2018-05-25 00:00:00+05:30,464.3037045274857,470.36998408412626,464.2803783792882,468.666748046875,4759588,0.0,0.0
2018-05-28 00:00:00+05:30,468.4567785483067,478.7694422769754,468.03679396082487,476.48291015625,5103940,0.0,0.0
2018-05-29 00:00:00+05:30,475.5029366300366,478.93270598751684,473.3564185735697,474.2430114746094,3351244,0.0,0.0
2018-05-30 00:00:00+05:30,471.23323923365706,479.00275463460133,470.4399793271082,477.9178466796875,4866996,0.0,0.0
2018-05-31 00:00:00+05:30,493.09822870378093,507.186749523889,488.40205509707823,502.3614196777344,39639192,3.25,0.0
2018-06-01 00:00:00+05:30,496.8551631702791,502.02095409170926,493.3330329965768,495.58721923828125,21151356,0.0,0.0
2018-06-04 00:00:00+05:30,504.8386358036733,506.482296478383,478.5283131096614,480.4654846191406,88796324,0.0,0.0
2018-06-05 00:00:00+05:30,481.35772692737515,485.33772203353305,475.0178934507707,484.5511474609375,17105460,0.0,0.0
2018-06-06 00:00:00+05:30,483.75284956700176,484.8329924668361,480.18376895980566,483.08367919921875,9782000,0.0,0.0
2018-06-07 00:00:00+05:30,486.8052767152707,488.355036719887,482.1091037635001,484.2223815917969,10563896,0.0,0.0
2018-06-08 00:00:00+05:30,483.47101974616095,483.99933921892875,477.83561203663794,481.20513916015625,6180888,0.0,0.0
2018-06-11 00:00:00+05:30,481.8038417591053,484.398488784009,478.7278828670071,479.5497131347656,7091188,0.0,0.0
2018-06-12 00:00:00+05:30,481.80388889191755,481.99174729390575,478.6340004979173,479.9136962890625,5234256,0.0,0.0
2018-06-13 00:00:00+05:30,481.8273741443,482.48484986278504,475.2762067456696,477.0020446777344,7897960,0.0,0.0
2018-06-14 00:00:00+05:30,476.661580104133,480.1837100063803,475.48753680338393,478.399169921875,16927576,0.0,0.0
2018-06-15 00:00:00+05:30,475.7223215517076,478.75135884802125,474.85354101808844,476.567626953125,10880816,0.0,0.0
2018-06-18 00:00:00+05:30,476.68506553807373,478.7279181234205,471.7540835683752,474.1139221191406,7487404,0.0,0.0
2018-06-19 00:00:00+05:30,475.47580656644544,479.17404313228633,474.14916050669393,475.1353454589844,10981152,0.0,0.0
2018-06-20 00:00:00+05:30,475.72239052171756,483.2362683581909,475.4875818393278,482.8018493652344,9051712,0.0,0.0
2018-06-21 00:00:00+05:30,483.7058212989429,486.2417661962618,480.66506073225696,483.1423034667969,13510704,0.0,0.0
2018-06-22 00:00:00+05:30,482.98967645902167,490.4683554387491,481.3225693179536,489.18865966796875,7848980,0.0,0.0
2018-06-25 00:00:00+05:30,489.11824463664294,492.5816727537202,486.77015777760755,491.9124450683594,6992336,0.0,0.0
2018-06-26 00:00:00+05:30,489.82260269951917,493.8025979078324,488.3668005142726,491.6188659667969,9161932,0.0,0.0
2018-06-27 00:00:00+05:30,491.45458106009215,497.6770112550718,490.7501550002831,496.0568542480469,19126804,0.0,0.0
2018-06-28 00:00:00+05:30,496.6202403550795,502.4904559621135,495.72795611754543,500.34197998046875,37533540,0.0,0.0
2018-06-29 00:00:00+05:30,498.19348993251145,502.49049959525075,494.29570082677577,495.082275390625,19458120,0.0,0.0
2018-07-02 00:00:00+05:30,495.0588849275805,495.0705795000736,484.46899092437474,486.81707763671875,9864876,0.0,0.0
2018-07-03 00:00:00+05:30,486.8170690131268,489.5760708512574,485.02080564053733,486.10089111328125,6863100,0.0,0.0
2018-07-04 00:00:00+05:30,487.521444762075,494.98837107065634,485.8190821012562,493.9317321777344,6097992,0.0,0.0
2018-07-05 00:00:00+05:30,494.2721430804885,499.9075499374632,491.34878723869747,498.6748046875,9735968,0.0,0.0
2018-07-06 00:00:00+05:30,496.22118644091853,501.44567948175904,495.7633209879999,496.6555480957031,8121344,0.0,0.0
2018-07-09 00:00:00+05:30,498.228836081747,500.14250395272035,494.91801066025647,499.1210632324219,6182296,0.0,0.0
2018-07-10 00:00:00+05:30,500.1189432332853,504.74471970772674,498.96840372698927,503.9932861328125,10950736,0.0,0.0
2018-07-11 00:00:00+05:30,503.67632761066994,506.17701690919836,501.2695388456107,504.4277038574219,5857920,0.0,0.0
2018-07-12 00:00:00+05:30,505.5195368177281,511.8476760111438,505.30823195608616,508.58380126953125,8020668,0.0,0.0
2018-07-13 00:00:00+05:30,509.159008347547,514.4187560345381,507.9145684745298,512.0941162109375,7161188,0.0,0.0
2018-07-16 00:00:00+05:30,511.74198660444114,514.2427333070914,508.06725389157674,509.2648010253906,9017336,0.0,0.0
2018-07-17 00:00:00+05:30,507.9498340645682,512.1176877821904,507.9498340645682,511.1197509765625,6361924,0.0,0.0
2018-07-18 00:00:00+05:30,513.5265762788018,521.2752626149703,510.39185751227154,510.9906311035156,17460272,0.0,0.0
2018-07-19 00:00:00+05:30,512.5872558398422,515.0527465344452,509.7695521888673,513.315185546875,5304776,0.0,0.0
2018-07-20 00:00:00+05:30,513.3151995007275,517.2482442871284,509.7930698412642,514.0078735351562,10006964,0.0,0.0
2018-07-23 00:00:00+05:30,504.8386449444962,511.41328776237805,502.03269277856026,506.3531494140625,16880132,0.0,0.0
2018-07-24 00:00:00+05:30,504.1341500452843,509.2999401249285,504.1341500452843,507.1279602050781,5208792,0.0,0.0
2018-07-25 00:00:00+05:30,508.2786100299484,511.13157002133164,507.18677254736184,509.6170654296875,7038616,0.0,0.0
2018-07-26 00:00:00+05:30,508.3607497419521,517.3891312686384,508.3607497419521,514.8414916992188,21281092,0.0,0.0
2018-07-27 00:00:00+05:30,517.036912038443,519.3849986139951,512.9864626956155,517.0838623046875,10554596,0.0,0.0
2018-07-30 00:00:00+05:30,516.3442464820189,516.3442464820189,507.04580055890347,509.51129150390625,7169120,0.0,0.0
2018-07-31 00:00:00+05:30,507.1867035605214,513.2682248995334,504.8503688681827,511.7654724121094,8860944,0.0,0.0
2018-08-01 00:00:00+05:30,507.84420821409253,510.70886255256846,505.23780901949675,506.8814697265625,6071560,0.0,0.0
2018-08-02 00:00:00+05:30,505.66044528961123,505.70739555597135,498.11136986116543,500.18939208984375,8905704,0.0,0.0
2018-08-03 00:00:00+05:30,500.97602010100854,504.1459369609755,496.3854994051974,498.1817626953125,13604008,0.0,0.0
2018-08-06 00:00:00+05:30,498.0291696973028,501.88000880497594,494.5305435809291,496.4559631347656,5744632,0.0,0.0
2018-08-07 00:00:00+05:30,498.96844201003967,501.1991244566728,494.97669447395936,500.3537902832031,7428456,0.0,0.0
2018-08-08 00:00:00+05:30,501.5161100717966,505.26129681328734,500.85863434452847,501.6335144042969,9945380,0.0,0.0
2018-08-09 00:00:00+05:30,502.96017295435854,502.96017295435854,491.8419594592169,497.4421691894531,8944408,0.0,0.0
2018-08-10 00:00:00+05:30,498.61614905060014,498.6866031081499,492.6285287064559,496.4911193847656,5442940,0.0,0.0
2018-08-13 00:00:00+05:30,489.341218477302,494.02563950177796,488.40198389289253,491.1374816894531,10054252,0.0,0.0
2018-08-14 00:00:00+05:30,492.62862325191884,494.27228405399865,490.0926779777279,490.5388488769531,4935964,0.0,0.0
2018-08-16 00:00:00+05:30,489.10641807750983,489.9751986174702,485.20857155596144,487.3923034667969,10625160,0.0,0.0
2018-08-17 00:00:00+05:30,489.08292733781207,491.46626959535394,486.4413299541072,487.77978515625,6065328,0.0,0.0
2018-08-20 00:00:00+05:30,487.2280001770316,494.8827859055283,487.2280001770316,492.2059326171875,7811136,0.0,0.0
2018-08-21 00:00:00+05:30,492.628641856934,495.91596358524527,491.37239240879273,492.1707763671875,7776320,0.0,0.0
2018-08-23 00:00:00+05:30,494.2721989384067,494.74181622955956,487.6623584959617,488.37847900390625,12574552,0.0,0.0
2018-08-24 00:00:00+05:30,486.2887142924375,491.5954127145241,485.1264229398632,486.0187072753906,9714628,0.0,0.0
2018-08-27 00:00:00+05:30,487.69761197616907,490.39791170545453,486.11265343941454,488.5076904296875,12574788,0.0,0.0
2018-08-28 00:00:00+05:30,490.2804234388974,492.687211916028,488.120195490543,491.8888854980469,9973532,0.0,0.0
2018-08-29 00:00:00+05:30,491.2549199979983,491.70109085225704,486.6996548790068,488.0498046875,9873692,0.0,0.0
2018-08-30 00:00:00+05:30,489.2473965962464,490.2570280757218,484.1403077225522,485.13824462890625,21827460,0.0,0.0
2018-08-31 00:00:00+05:30,485.866109823305,488.1085441854921,483.2949662392251,483.9876403808594,15771500,0.0,0.0
2018-09-03 00:00:00+05:30,485.9129818327431,488.15541583376285,484.52763377259936,487.23968505859375,7661608,0.0,0.0
2018-09-04 00:00:00+05:30,487.67408906864836,487.9206496299713,481.122950303974,481.7804260253906,7130536,0.0,0.0
2018-09-05 00:00:00+05:30,482.2500162267154,483.75276865428685,477.964758369623,480.3832702636719,5641508,0.0,0.0
2018-09-06 00:00:00+05:30,481.1229218840395,483.47100837444475,477.27205430714184,481.8742980957031,10402412,0.0,0.0
2018-09-07 00:00:00+05:30,481.59255450005327,483.70583240863465,479.18576577083553,482.9896545410156,5919300,0.0,0.0
2018-09-10 00:00:00+05:30,482.5317877542872,482.5317877542872,475.5110032119931,479.2796936035156,8598592,0.0,0.0
2018-09-11 00:00:00+05:30,480.4890281884246,480.8881914914845,468.2437494156144,469.7113037109375,18186536,0.0,0.0
2018-09-12 00:00:00+05:30,470.06347602052426,474.63049312666425,467.16359471681454,472.3998107910156,12246008,0.0,0.0
2018-09-14 00:00:00+05:30,474.2782426317384,478.39914587550027,474.0669091155928,476.567626953125,10334672,0.0,0.0
2018-09-17 00:00:00+05:30,474.6187829625287,475.0061943430665,466.7996426738019,467.78582763671875,9338220,0.0,0.0
2018-09-18 00:00:00+05:30,468.4197863797874,471.9301642677093,465.1441884810871,467.08135986328125,9325736,0.0,0.0
2018-09-19 00:00:00+05:30,468.4080518159874,469.14770483101194,459.40314539633374,460.5419616699219,16712264,0.0,0.0
2018-09-21 00:00:00+05:30,463.4888016930893,469.58207471800694,448.53147343450763,462.6317443847656,22610148,0.0,0.0
2018-09-24 00:00:00+05:30,461.92730052102223,463.0895918325155,449.65854898856657,452.1709899902344,13390792,0.0,0.0
2018-09-25 00:00:00+05:30,452.17102131996546,460.69458707203876,449.65858014421724,458.4404296875,16682552,0.0,0.0
2018-09-26 00:00:00+05:30,460.9176451667265,464.4515269457104,459.12138185806106,462.150390625,14726724,0.0,0.0
2018-09-27 00:00:00+05:30,462.43219238398564,466.3300105055273,459.08616889470886,464.01715087890625,18352208,0.0,0.0
2018-09-28 00:00:00+05:30,465.0737875327995,473.2451118675505,464.2519572062397,471.0379333496094,14460716,0.0,0.0
2018-10-01 00:00:00+05:30,471.9184347392346,479.47926177999983,469.10073094816704,477.9412536621094,12449588,0.0,0.0
2018-10-03 00:00:00+05:30,476.76725735643737,481.874345980571,471.2610054545353,476.931640625,15332148,0.0,0.0
2018-10-04 00:00:00+05:30,471.4957904681714,473.79692680723684,456.23322752970967,459.6966552734375,17970584,0.0,0.0
2018-10-05 00:00:00+05:30,458.804350792834,467.2692141014966,455.564008616562,461.4694519042969,15729180,0.0,0.0
2018-10-08 00:00:00+05:30,461.39902361009297,462.3382582637522,453.1807203905748,456.7028503417969,20128020,0.0,0.0
2018-10-09 00:00:00+05:30,456.56199268080974,461.3990456455287,453.1807420335218,455.6697082519531,12459364,0.0,0.0
2018-10-10 00:00:00+05:30,456.7028218089937,465.4494439747444,454.47213964591634,461.9038391113281,15939932,0.0,0.0
2018-10-11 00:00:00+05:30,452.00669195793205,457.47774546092376,450.2691020588108,454.95355224609375,14359904,0.0,0.0
2018-10-12 00:00:00+05:30,456.70283653258343,468.9363617939593,455.9984105636386,465.35552978515625,9600320,0.0,0.0
2018-10-15 00:00:00+05:30,467.2692300935213,472.1532616522276,462.6435109895203,471.5075378417969,12585968,0.0,0.0
2018-10-16 00:00:00+05:30,470.32182824849457,473.8909090395301,466.68229338186865,467.9150390625,9406004,0.0,0.0
2018-10-17 00:00:00+05:30,471.0497024184867,472.6698880954119,461.04685806027885,463.6532287597656,7940796,0.0,0.0
2018-10-19 00:00:00+05:30,459.9666878699143,465.1207264699463,459.7553543441709,462.04473876953125,9867348,0.0,0.0
2018-10-22 00:00:00+05:30,472.90464436342523,474.3134963327304,466.94049862740013,469.3590393066406,20331160,0.0,0.0
2018-10-23 00:00:00+05:30,463.27749012893133,469.35904020740315,463.27749012893133,466.0599670410156,19428564,0.0,0.0
2018-10-24 00:00:00+05:30,470.5565788009592,471.6836718920969,463.18358076575566,467.7975769042969,18072336,0.0,0.0
2018-10-25 00:00:00+05:30,463.41838521848933,470.4626453160439,460.8002628162647,462.29132080078125,29847056,0.0,0.0
2018-10-26 00:00:00+05:30,462.29131317725137,464.2636830415066,457.64209012426744,460.5067443847656,15155712,0.0,0.0
2018-10-29 00:00:00+05:30,461.18770117631914,461.38728281239014,445.00937814516374,452.31195068359375,17044280,0.0,0.0
2018-10-30 00:00:00+05:30,452.00671643591323,453.6503772229529,445.97214472590673,449.13031005859375,13828704,0.0,0.0
2018-10-31 00:00:00+05:30,446.617844648898,450.3395563558483,442.61434533852633,448.8954772949219,23449404,0.0,0.0
2018-11-01 00:00:00+05:30,453.1807349588011,453.1807349588011,445.19724014605544,449.0011291503906,19629052,0.0,0.0
2018-11-02 00:00:00+05:30,452.24145980555664,460.2249539038894,448.95413870624316,457.7477111816406,30092868,0.0,0.0
2018-11-05 00:00:00+05:30,457.8533481547746,460.142732271199,455.05911975696773,459.2856750488281,5705296,0.0,0.0
2018-11-06 00:00:00+05:30,459.0509246658972,463.9819064653774,456.22146888235756,457.0668029785156,8485588,0.0,0.0
2018-11-07 00:00:00+05:30,460.459799731613,461.38728250853865,457.876904373608,459.7436218261719,958760,0.0,0.0
2018-11-09 00:00:00+05:30,459.80225573004225,460.201447605824,454.6599695748936,456.7967224121094,10101620,0.0,0.0
2018-11-12 00:00:00+05:30,458.2291674344844,460.6946587273679,450.1634945089712,451.0792541503906,7907764,0.0,0.0
2018-11-13 00:00:00+05:30,450.59776820451305,454.9886781907456,448.06182349453235,452.65234375,13350420,0.0,0.0
2018-11-14 00:00:00+05:30,455.18834045534317,460.2249747597689,454.7304463692893,459.6966552734375,26110636,0.0,0.0
2018-11-15 00:00:00+05:30,460.6710731406725,464.28713190255434,453.46243074810224,463.78228759765625,10392524,0.0,0.0
2018-11-16 00:00:00+05:30,465.1559306906428,472.66980741053203,464.9211220431463,470.6269836425781,15813216,0.0,0.0
2018-11-19 00:00:00+05:30,472.2002137063884,474.5483002986628,470.06346064005197,472.88116455078125,12286428,0.0,0.0
2018-11-20 00:00:00+05:30,472.6698361608857,474.21956759599294,469.394266794337,472.5406799316406,5705168,0.0,0.0
2018-11-21 00:00:00+05:30,472.61113703394085,475.24098259750536,470.5565612301664,474.0199890136719,6545604,0.0,0.0
2018-11-22 00:00:00+05:30,472.7285501332213,477.83563865446683,469.6525623197253,470.9087829589844,12974552,0.0,0.0
2018-11-26 00:00:00+05:30,472.88115459421346,481.8273585897824,472.4467643164221,481.310791015625,18184436,0.0,0.0
2018-11-27 00:00:00+05:30,479.2562332143285,485.5608114218267,479.1857791501422,484.64508056640625,12895440,0.0,0.0
2018-11-28 00:00:00+05:30,484.87986481673295,492.7694584290291,483.72932535617474,490.573974609375,13021108,0.0,0.0
2018-11-29 00:00:00+05:30,493.33296576578107,501.87997755865445,491.6893052420493,500.38897705078125,31908636,0.0,0.0
2018-11-30 00:00:00+05:30,500.14240724302033,501.9152239546169,495.4462344050577,499.7784423828125,13040924,0.0,0.0
2018-12-03 00:00:00+05:30,500.3772012281083,502.9600962133308,494.71829019359,496.2210998535156,10799856,0.0,0.0
2018-12-04 00:00:00+05:30,494.36611758503363,495.6810689789875,488.0732915140113,489.7052001953125,8157420,0.0,0.0
2018-12-05 00:00:00+05:30,487.9324071100841,494.3426951461428,487.4510378803439,492.91033935546875,11798844,0.0,0.0
2018-12-06 00:00:00+05:30,490.67962056613925,493.48557244622197,489.57603138511746,492.4054870605469,11730252,0.0,0.0
2018-12-07 00:00:00+05:30,494.67141978098977,497.3247692502835,488.4724937463649,494.8827819824219,9903920,0.0,0.0
2018-12-10 00:00:00+05:30,485.091172839859,494.22526382865266,485.091172839859,490.4565734863281,10915056,0.0,0.0
2018-12-11 00:00:00+05:30,482.7666069972002,486.3591909756269,477.1311991334196,483.6001892089844,18905780,0.0,0.0
2018-12-12 00:00:00+05:30,485.3377530094282,490.7031538727838,483.729348068693,489.6465148925781,11370488,0.0,0.0
2018-12-13 00:00:00+05:30,491.92416680463697,498.96842694981075,491.0553861853327,493.4034729003906,7064236,0.0,0.0
2018-12-14 00:00:00+05:30,494.24872919945005,497.32474559898566,490.29223764466326,492.0885009765625,6158284,0.0,0.0
2018-12-17 00:00:00+05:30,494.0374167120233,500.7529672651627,492.8633734213578,500.18939208984375,8437324,0.0,0.0
2018-12-18 00:00:00+05:30,498.7336626307921,502.25579301660275,493.70877954423855,501.4222106933594,7413968,0.0,0.0
2018-12-19 00:00:00+05:30,500.87036908778845,507.0457909047198,496.27984837899174,498.60443115234375,9009896,0.0,0.0
2018-12-20 00:00:00+05:30,496.04504150169146,502.5961801237921,493.7204013936671,501.8917541503906,7980476,0.0,0.0
2018-12-21 00:00:00+05:30,501.08170971878985,504.6273436224986,495.2232447747395,495.71630859375,10220308,0.0,0.0
2018-12-24 00:00:00+05:30,494.0374008693854,494.0374008693854,487.77977326133924,488.5545959472656,5601488,0.0,0.0
2018-12-26 00:00:00+05:30,487.69759555401464,499.4380287642702,485.81912624037375,498.34619140625,7601916,0.0,0.0
2018-12-27 00:00:00+05:30,500.8468564452462,502.0678499745957,492.73420602536993,494.2839660644531,11639868,0.0,0.0
2018-12-28 00:00:00+05:30,497.1721385614106,501.9622122889027,496.7377196104192,498.47528076171875,9415612,0.0,0.0
2018-12-31 00:00:00+05:30,501.7861573257781,501.7861573257781,497.01952957894116,498.1935729980469,5866528,0.0,0.0
2019-01-01 00:00:00+05:30,499.5906340212171,505.07343928898837,494.4131488100753,504.39251708984375,6373440,0.0,0.0
2019-01-02 00:00:00+05:30,503.1480895675577,504.2516789829504,497.7239857129201,499.7903137207031,8134232,0.0,0.0
2019-01-03 00:00:00+05:30,498.78059277467264,499.73157940573066,493.8026601622232,495.8689880371094,12771664,0.0,0.0
2019-01-04 00:00:00+05:30,496.6789890840331,499.7902036474953,495.5284496476997,497.195556640625,7287120,0.0,0.0
2019-01-07 00:00:00+05:30,499.6023729626674,501.3986936022391,497.3247404325629,497.94696044921875,5387012,0.0,0.0
2019-01-08 00:00:00+05:30,498.26400764091665,498.6162206529154,492.3115848076029,493.8026428222656,8343460,0.0,0.0
2019-01-09 00:00:00+05:30,497.32475820355967,498.1113901709123,493.70872765140484,497.0429992675781,8568628,0.0,0.0
2019-01-10 00:00:00+05:30,497.08989812730186,498.6866083678467,491.3722847294109,495.0940246582031,7691540,0.0,0.0
2019-01-11 00:00:00+05:30,496.33856587733516,498.73360278703433,494.9766641596367,495.89239501953125,6408040,0.0,0.0
2019-01-14 00:00:00+05:30,495.422828416376,495.422828416376,492.73428040113674,493.48565673828125,4855160,0.0,0.0
2019-01-15 00:00:00+05:30,494.2840172196699,499.32065187845274,493.5678392892112,498.2405090332031,5087556,0.0,0.0
2019-01-16 00:00:00+05:30,497.8061407407654,498.9684322117089,495.0353869225107,497.8413391113281,5252452,0.0,0.0
2019-01-17 00:00:00+05:30,499.0271130885557,501.52780242923404,496.232912917923,500.6825256347656,8240228,0.0,0.0
2019-01-18 00:00:00+05:30,501.31642130643684,502.25565581942317,496.5145963240595,500.2010803222656,5207976,0.0,0.0
2019-01-21 00:00:00+05:30,502.4788465575729,508.71302876538476,499.3206811306673,504.4042663574219,17561512,0.0,0.0
2019-01-22 00:00:00+05:30,503.89945964092806,504.08731806226007,499.9194637245963,501.51617431640625,8796976,0.0,0.0
2019-01-23 00:00:00+05:30,501.08166984936196,501.51608879171346,493.4386366626351,494.3661193847656,7624288,0.0,0.0
2019-01-24 00:00:00+05:30,495.44626243900694,498.181760341372,492.6050547807434,493.6264953613281,10111572,0.0,0.0
2019-01-25 00:00:00+05:30,491.4545400634067,495.4462874026699,490.75011406236024,492.1589660644531,11262236,0.0,0.0
2019-01-28 00:00:00+05:30,490.7501490919536,493.5796051967228,487.6389340319209,489.3764953613281,15360436,0.0,0.0
2019-01-29 00:00:00+05:30,487.99107918180977,489.1064202746107,482.0621607411309,483.1423034667969,14762788,0.0,0.0
2019-01-30 00:00:00+05:30,483.0601448204378,483.0601448204378,476.19199110261167,477.76519775390625,18514160,0.0,0.0
2019-01-31 00:00:00+05:30,476.89635659767765,490.6913644510078,474.78307879886967,488.3902282714844,16579404,0.0,0.0
2019-02-01 00:00:00+05:30,488.3902525205132,497.0899246894855,487.6036779188113,490.8557434082031,15654188,0.0,0.0
2019-02-04 00:00:00+05:30,491.92419624040355,496.15075258041657,489.0242860432478,494.248779296875,7938288,0.0,0.0
2019-02-05 00:00:00+05:30,494.9766434900243,497.5595386885016,492.3937482915469,496.3972473144531,8690288,0.0,0.0
2019-02-06 00:00:00+05:30,496.91375163985356,499.4379443534405,496.291531715406,498.41650390625,10875684,0.0,0.0
2019-02-07 00:00:00+05:30,498.9801395642869,500.142430931467,494.4718248915794,497.14862060546875,7217308,0.0,0.0
2019-02-08 00:00:00+05:30,495.9158149856447,503.65274769830455,494.6595659139345,498.41650390625,12235644,0.0,0.0
2019-02-11 00:00:00+05:30,496.2211514154218,503.1714533384242,496.2211514154218,502.4083251953125,7036364,0.0,0.0
2019-02-12 00:00:00+05:30,502.020883670549,504.3689701236385,498.92142101773663,500.07196044921875,9772388,0.0,0.0
2019-02-14 00:00:00+05:30,502.4905346624277,502.4905346624277,494.41313965259303,495.49322509765625,7441388,0.0,0.0
2019-02-15 00:00:00+05:30,494.82396551052614,495.00007197453783,487.9792598801454,493.2507019042969,8416524,0.0,0.0
2019-02-18 00:00:00+05:30,494.69483221774493,497.32467740352774,489.81080125767653,490.7265319824219,7138744,0.0,0.0
2019-02-19 00:00:00+05:30,490.6796122175164,495.01182023684044,487.9793128097775,489.35296630859375,5268636,0.0,0.0
2019-02-20 00:00:00+05:30,490.3979237394512,495.68111899161187,488.8481635349491,495.05889892578125,4892500,0.0,0.0
2019-02-21 00:00:00+05:30,493.49739323519253,497.78265166207717,491.5954773155014,496.8316650390625,5261544,0.0,0.0
2019-02-22 00:00:00+05:30,497.6534360377441,499.69631717908845,490.53877971576736,491.0905456542969,8890708,0.0,0.0
2019-02-25 00:00:00+05:30,491.95932464901887,500.1306772095615,491.95932464901887,499.0622863769531,8140596,0.0,0.0
2019-02-26 00:00:00+05:30,495.739724027619,498.9683427157799,493.356439344707,495.59881591796875,9607428,0.0,0.0
2019-02-27 00:00:00+05:30,496.87862125674746,498.8392391439328,490.3156734424575,491.2784118652344,7030092,0.0,0.0
2019-02-28 00:00:00+05:30,491.47803790207473,494.47184837022587,486.80531108931683,487.8267517089844,11645376,0.0,0.0
2019-03-01 00:00:00+05:30,489.8695818722123,493.3095059156402,487.69760170093946,489.18865966796875,9352928,0.0,0.0
2019-03-05 00:00:00+05:30,490.49178686937597,495.704584981655,486.05392612657954,494.7653503417969,11837276,0.0,0.0
2019-03-06 00:00:00+05:30,495.44631078773796,495.516764856435,490.8792934639905,494.0961608886719,8458044,0.0,0.0
2019-03-07 00:00:00+05:30,495.3523439598972,500.1424174215719,491.9241147878841,499.3205871582031,10204852,0.0,0.0
2019-03-08 00:00:00+05:30,496.6320159364735,500.1423935716287,495.31706464725676,499.7197265625,7053460,0.0,0.0
2019-03-11 00:00:00+05:30,500.6120245268166,503.359274171759,498.31088837094916,499.7784423828125,9224108,0.0,0.0
2019-03-12 00:00:00+05:30,504.1341543597376,510.7087963355516,501.786067939804,509.7695617675781,15097292,0.0,0.0
2019-03-13 00:00:00+05:30,510.70883455598266,524.5625454703749,510.02791237377454,522.813232421875,57166348,0.0,0.0
2019-03-14 00:00:00+05:30,527.1102409399631,527.7324609556068,519.0680443714517,522.3905639648438,15379864,0.0,0.0
2019-03-15 00:00:00+05:30,523.858195555882,530.644143872125,523.1655213748528,529.0239868164062,12763088,0.0,0.0
2019-03-18 00:00:00+05:30,531.1136480298233,538.0992051769432,527.6150221707048,531.0079956054688,14358720,0.0,0.0
2019-03-19 00:00:00+05:30,532.8983419807543,534.40109472269,528.5543810525128,532.4874267578125,11957992,0.0,0.0
2019-03-20 00:00:00+05:30,532.7808741519325,540.0599429481907,530.9141566839658,539.8251342773438,11711992,0.0,0.0
2019-03-22 00:00:00+05:30,540.0599263550467,541.7035870004752,533.2035248422408,534.459716796875,30403880,0.0,0.0
2019-03-25 00:00:00+05:30,530.6676309006491,537.2070757429473,529.0239700969745,535.6690673828125,9199260,0.0,0.0
2019-03-26 00:00:00+05:30,534.4009633971294,543.5820041954984,533.6261407424923,542.7249755859375,11786848,0.0,0.0
2019-03-27 00:00:00+05:30,544.415654671698,546.6463370423439,535.1407121832228,539.9307861328125,13885300,0.0,0.0
2019-03-28 00:00:00+05:30,539.7781725630897,545.9301481435697,537.2070291370998,540.7174072265625,19554328,0.0,0.0
2019-04-01 00:00:00+05:30,545.988792195917,547.573750521827,541.1400166923678,542.8306274414062,9647076,0.0,0.0
2019-04-02 00:00:00+05:30,544.7561232234284,544.7561232234284,536.6434720782605,538.8507080078125,10910496,0.0,0.0
2019-04-03 00:00:00+05:30,538.2049412500402,543.8168451760304,537.3009049974316,538.3575439453125,7659452,0.0,0.0
2019-04-04 00:00:00+05:30,538.3575262927257,543.1124014022787,535.3637160385626,536.2911987304688,9211552,0.0,0.0
2019-04-05 00:00:00+05:30,537.1952722507735,543.2885456082115,535.8333705361161,541.3748779296875,8351180,0.0,0.0
2019-04-08 00:00:00+05:30,544.5212202883491,545.4487029240494,535.3871873891183,537.5708618164062,6398132,0.0,0.0
2019-04-09 00:00:00+05:30,539.2615236644732,540.7642759689412,532.3111652720755,537.0660400390625,10777600,0.0,0.0
2019-04-10 00:00:00+05:30,528.3194273883136,536.302920957737,523.8580633348123,525.34912109375,108128700,0.0,0.0
2019-04-11 00:00:00+05:30,527.1219542678673,531.3720140763428,525.255236828182,530.08056640625,8793300,0.0,0.0
2019-04-12 00:00:00+05:30,528.8125578878257,533.5321771275877,528.8125578878257,531.9002685546875,9170444,0.0,0.0
2019-04-15 00:00:00+05:30,533.015700125601,538.3927959320159,531.6890540227838,537.4301147460938,10219780,0.0,0.0
2019-04-16 00:00:00+05:30,537.9349630766073,542.3845763380109,535.434273429885,541.2457885742188,8273776,0.0,0.0
2019-04-18 00:00:00+05:30,543.1124796030566,543.5938488647731,537.2422625731922,538.5689086914062,10614856,0.0,0.0
2019-04-22 00:00:00+05:30,545.9300644760693,545.9300644760693,530.9023121636098,532.7103271484375,20980420,0.0,0.0
2019-04-23 00:00:00+05:30,534.7885223374248,537.7118789476585,526.3471617292564,527.2159423828125,15282400,0.0,0.0
2019-04-24 00:00:00+05:30,528.3194356927329,536.2794255933057,527.6267616756458,535.3049926757812,12354128,0.0,0.0
2019-04-25 00:00:00+05:30,536.9838511922663,539.7781083796416,530.1861525889434,531.4776000976562,18086636,0.0,0.0
2019-04-26 00:00:00+05:30,532.0529708894993,536.5378396569926,529.9396927464303,535.5868530273438,11707568,0.0,0.0
2019-04-30 00:00:00+05:30,536.5377584667533,544.7560611128523,534.987998465814,544.1572875976562,12536836,0.0,0.0
2019-05-02 00:00:00+05:30,545.577840355062,554.0661492208892,544.1689886046292,553.1621704101562,17169300,0.0,0.0
2019-05-03 00:00:00+05:30,555.134543334174,558.3749138453034,553.3265283752975,556.0150756835938,12351520,0.0,0.0
2019-05-06 00:00:00+05:30,551.3307553234757,552.2464862028912,544.0634384764508,546.740234375,13748092,0.0,0.0
2019-05-07 00:00:00+05:30,552.2465343172764,553.678890254833,544.286542667813,545.3079833984375,9924204,0.0,0.0
2019-05-08 00:00:00+05:30,545.3548519453321,545.6483627634416,537.2422014675208,541.7622680664062,12064208,0.0,0.0
2019-05-09 00:00:00+05:30,540.0599998337511,540.0599998337511,533.3914558098189,537.9232177734375,9027724,0.0,0.0
2019-05-10 00:00:00+05:30,538.028917350905,545.9067030772388,538.028917350905,539.2381591796875,10594200,0.0,0.0
2019-05-13 00:00:00+05:30,539.1324619988231,543.1946634835718,535.3637713536324,537.0543823242188,11071632,0.0,0.0
2019-05-14 00:00:00+05:30,539.2850165561116,542.6427917261306,534.3188365247194,537.2186889648438,10494744,0.0,0.0
2019-05-15 00:00:00+05:30,539.1206214007353,541.7504666252297,535.8802507998734,536.9368896484375,8956348,0.0,0.0
2019-05-16 00:00:00+05:30,535.4929016319878,544.5212831539,535.3637454035756,542.5606079101562,8050136,0.0,0.0
2019-05-17 00:00:00+05:30,543.1124127689025,556.3321513586344,542.7837035862156,554.6415405273438,14758780,0.0,0.0
2019-05-20 00:00:00+05:30,565.4191668575413,572.6277801524619,558.8445253824536,571.1367797851562,17699632,0.0,0.0
2019-05-21 00:00:00+05:30,572.4634941351707,575.1402898400529,563.4116091264627,564.4095458984375,10325176,0.0,0.0
2019-05-22 00:00:00+05:30,566.3232247332185,569.6457439614076,562.1905698596868,564.890869140625,11386660,0.0,0.0
2019-05-23 00:00:00+05:30,565.6539897220371,572.9095534591743,544.5447168136254,547.5972290039062,33081996,0.0,0.0
2019-05-24 00:00:00+05:30,554.0779695658612,560.2886470009946,549.4874489133429,557.2831420898438,13692800,0.0,0.0
2019-05-27 00:00:00+05:30,558.5862435883819,568.6830149786518,557.0247890829756,565.5014038085938,12049024,0.0,0.0
2019-05-28 00:00:00+05:30,567.4151806324396,568.2370110202788,560.5000764057456,567.3447265625,7364840,0.0,0.0
2019-05-29 00:00:00+05:30,565.9358266303697,570.7729080061649,565.9358266303697,567.509033203125,7475216,0.0,0.0
2019-05-30 00:00:00+05:30,567.297758886081,574.7881326891829,566.6050847599932,572.8275146484375,9359200,0.0,0.0
2019-05-31 00:00:00+05:30,576.8779462310475,578.8033658407885,553.3970794626586,569.4932250976562,19785080,0.0,0.0
2019-06-03 00:00:00+05:30,569.880600871478,577.5823361556912,569.3992316675275,576.9483642578125,8480860,0.0,0.0
2019-06-04 00:00:00+05:30,576.4553220823365,578.9795154478701,573.1797523895397,575.8213500976562,6442988,0.0,0.0
2019-06-06 00:00:00+05:30,576.0325015243035,579.9772978494349,566.6754123090451,569.0234985351562,15634924,0.0,0.0
2019-06-07 00:00:00+05:30,569.5635798093208,576.2791301400797,565.6540387113995,574.7293701171875,7970932,0.0,0.0
2019-06-10 00:00:00+05:30,579.9655986614478,579.9655986614478,571.0781258837007,572.9800415039062,7077140,0.0,0.0
2019-06-11 00:00:00+05:30,575.6334473766449,577.6058172496859,573.0153536691001,574.905517578125,7103292,0.0,0.0
2019-06-12 00:00:00+05:30,574.1071991883874,574.9055257372972,569.0940111442859,569.8923950195312,7308620,0.0,0.0
2019-06-13 00:00:00+05:30,571.9821673048542,575.7508579175834,567.285993912378,574.0367431640625,11107948,0.0,0.0
2019-06-14 00:00:00+05:30,573.6257451327773,577.3826833040738,569.4109415871195,571.7825317382812,11956920,0.0,0.0
2019-06-17 00:00:00+05:30,571.7589940166395,572.9095333327965,567.6028928765265,568.7064819335938,12810020,0.0,0.0
2019-06-18 00:00:00+05:30,567.7672930038977,571.0546139724894,564.4799720353061,567.5911865234375,12419652,0.0,0.0
2019-06-19 00:00:00+05:30,569.8806782159634,574.0837307448697,567.4621372963798,570.1976928710938,10744276,0.0,0.0
2019-06-20 00:00:00+05:30,573.7416401845322,575.7853360926836,570.492953942729,573.2691040039062,11171492,3.75,0.0
2019-06-21 00:00:00+05:30,573.1864126263846,574.0605930629467,568.37833370133,570.3984375,13250260,0.0,0.0
2019-06-24 00:00:00+05:30,569.8668152703848,574.2732498136112,569.4061040256472,571.284423828125,6915000,0.0,0.0
2019-06-25 00:00:00+05:30,571.7333418669679,576.8485227742788,567.7522016082703,573.8242797851562,8899800,0.0,0.0
2019-06-26 00:00:00+05:30,572.8792885102235,583.5822456862618,572.241376134464,583.0860595703125,10533636,0.0,0.0
2019-06-27 00:00:00+05:30,583.2868571230551,589.3707605441867,580.30985606529,581.762939453125,19879236,0.0,0.0
2019-06-28 00:00:00+05:30,582.1645556265985,584.7635045356458,575.79714233596,577.380126953125,12756844,0.0,0.0
2019-07-01 00:00:00+05:30,580.2743706224641,588.0712168075379,578.8685871650154,587.256103515625,8524160,0.0,0.0
2019-07-02 00:00:00+05:30,587.8350149517786,590.0795618336282,582.9206270844641,589.4888916015625,7246828,0.0,0.0
2019-07-03 00:00:00+05:30,590.4339220646493,591.4498863282184,586.6536328477488,588.2247924804688,7463256,0.0,0.0
2019-07-04 00:00:00+05:30,589.4417227816141,590.1741193508217,584.0547980591027,586.8427734375,7993964,0.0,0.0
2019-07-05 00:00:00+05:30,587.1498819915861,589.4770881813038,581.2195295720825,584.1492309570312,7583060,0.0,0.0
2019-07-08 00:00:00+05:30,584.6571219394331,584.6689468786061,566.3463478365759,569.3115234375,14607140,0.0,0.0
2019-07-09 00:00:00+05:30,567.9531169744108,569.5951687956683,560.6642227376548,562.1172485351562,16482688,0.0,0.0
2019-07-10 00:00:00+05:30,562.0226951770793,566.5708557160846,559.0693441777252,564.3853759765625,11569148,0.0,0.0
2019-07-11 00:00:00+05:30,567.7521765906135,570.3511253806663,566.0155831896608,568.732666015625,9097596,0.0,0.0
2019-07-12 00:00:00+05:30,571.296195397767,571.296195397767,563.5111739986626,565.6021118164062,8976272,0.0,0.0
2019-07-15 00:00:00+05:30,566.0983746794747,567.7522514001575,561.6919976324263,565.8030395507812,8233184,0.0,0.0
2019-07-16 00:00:00+05:30,571.2962913331199,571.2962913331199,562.7906393529743,564.9642944335938,12770568,0.0,0.0
2019-07-17 00:00:00+05:30,565.377711569128,569.7841460349224,564.9878922956555,566.44091796875,7759736,0.0,0.0
2019-07-18 00:00:00+05:30,567.7521567409397,573.8951263935674,567.4922387979677,569.8549194335938,10802584,0.0,0.0
2019-07-19 00:00:00+05:30,570.5874559202653,571.9341725405675,559.2465872311668,561.290283203125,8939228,0.0,0.0
2019-07-22 00:00:00+05:30,554.0486465007414,555.1945697595224,538.9865564306252,542.766845703125,22171296,0.0,0.0
2019-07-23 00:00:00+05:30,542.1170959405243,542.1170959405243,529.7248469923792,534.7927856445312,27802864,0.0,0.0
2019-07-24 00:00:00+05:30,533.1980182625952,541.762736623964,531.8394767294125,538.9038696289062,17363740,0.0,0.0
2019-07-25 00:00:00+05:30,539.8726344855927,547.0669869403489,538.7503609565746,540.1207275390625,19462008,0.0,0.0
2019-07-26 00:00:00+05:30,538.2659018799078,541.9162320000765,537.0019023235773,538.0532836914062,12829828,0.0,0.0
2019-07-29 00:00:00+05:30,537.1673729785956,537.1673729785956,525.2358334246715,530.2565307617188,9976492,0.0,0.0
2019-07-30 00:00:00+05:30,532.7845028235653,536.6120340567686,529.2168318602072,532.134765625,10394136,0.0,0.0
2019-07-31 00:00:00+05:30,529.240480992779,535.6197189333169,527.8819395795163,531.9929809570312,13891840,0.0,0.0
2019-08-01 00:00:00+05:30,527.8372494263176,530.4182795371635,520.2361429210483,526.108642578125,18241676,1.25,0.0
2019-08-02 00:00:00+05:30,523.5512608464982,526.6295812404396,516.6842384292443,524.3445434570312,27825536,0.0,0.0
2019-08-05 00:00:00+05:30,520.2480238284405,520.9465542366927,512.06678342584,516.0330810546875,19822440,0.0,0.0
2019-08-06 00:00:00+05:30,513.1324317569491,523.3737689389926,513.1324317569491,518.3656005859375,24890940,0.0,0.0
2019-08-07 00:00:00+05:30,518.5786614051232,521.4201883169321,512.658813672188,517.1578979492188,18750136,0.0,0.0
2019-08-08 00:00:00+05:30,520.4729222709742,531.1286463393062,516.9210142481969,528.7962036132812,19711600,0.0,0.0
2019-08-09 00:00:00+05:30,532.0759215559696,542.0212658841185,530.3710169476325,540.3637084960938,30436112,0.0,0.0
2019-08-13 00:00:00+05:30,538.3035443330222,538.3035443330222,521.5622284123144,525.7653198242188,15440068,0.0,0.0
2019-08-14 00:00:00+05:30,529.3291394024338,529.3291394024338,521.6688902884981,527.9202270507812,14254052,0.0,0.0
2019-08-16 00:00:00+05:30,524.2617332329899,528.7608176645286,521.9174965746467,527.5057983398438,15247560,0.0,0.0
2019-08-19 00:00:00+05:30,530.0631067837647,530.8918853737774,521.3490803322883,522.568603515625,8498200,0.0,0.0
2019-08-20 00:00:00+05:30,523.1370116541797,527.5295508009419,522.5687293229038,525.8246459960938,10270592,0.0,0.0
2019-08-21 00:00:00+05:30,526.8426875504603,530.7024394084053,524.3090045626948,527.0676879882812,10472712,0.0,0.0
2019-08-22 00:00:00+05:30,525.8837125443245,525.8837125443245,513.1441902133672,514.8135986328125,13992044,0.0,0.0
2019-08-23 00:00:00+05:30,511.71171966464897,515.5004228181124,506.6443523213006,512.1142578125,20099616,0.0,0.0
2019-08-26 00:00:00+05:30,519.7388674324413,536.6104314910203,513.1323412623266,534.2424926757812,25280244,0.0,0.0
2019-08-27 00:00:00+05:30,534.2070096918413,538.2088032623816,530.4420100085757,535.142333984375,20660832,0.0,0.0
2019-08-28 00:00:00+05:30,532.7862596352718,534.526717874484,527.1861071861758,532.1942749023438,13662588,0.0,0.0
2019-08-29 00:00:00+05:30,531.8391831377588,533.6624848926344,525.753590511788,527.3282470703125,14783716,0.0,0.0
2019-08-30 00:00:00+05:30,528.879159072258,535.1541972255666,526.1560293076145,527.56494140625,19233320,0.0,0.0
2019-09-03 00:00:00+05:30,525.6824862183307,525.9192801310417,520.0349282757688,523.5394897460938,11428676,0.0,0.0
2019-09-04 00:00:00+05:30,522.6041876837775,538.4693805133259,520.7098363011448,532.2535400390625,15060704,0.0,0.0
2019-09-05 00:00:00+05:30,532.5495163172213,538.0904708192375,526.8664623414039,529.2698974609375,17296252,0.0,0.0
2019-09-06 00:00:00+05:30,527.5769022891758,534.3492321485351,525.990394441444,531.8154907226562,12870004,0.0,0.0
2019-09-09 00:00:00+05:30,531.8390472395159,535.3672528790804,524.7589334483073,532.6915283203125,10643404,0.0,0.0
2019-09-11 00:00:00+05:30,538.4692645037454,538.4692645037454,530.6905626902726,533.0940551757812,15209116,0.0,0.0
2019-09-12 00:00:00+05:30,532.9520179463601,541.9738886400878,532.3481819405418,537.7234497070312,18132300,0.0,0.0
2019-09-13 00:00:00+05:30,533.0231058404166,536.9183542031692,529.944784927078,534.5504150390625,15371340,0.0,0.0
2019-09-16 00:00:00+05:30,533.2361536788251,535.781688072286,530.6551233252083,531.4010009765625,11030184,0.0,0.0
2019-09-17 00:00:00+05:30,532.2889871447702,532.431086609831,520.4966971190984,523.6342163085938,10656556,0.0,0.0
2019-09-18 00:00:00+05:30,525.043170335129,526.6651740003866,516.2107455576505,518.0458984375,12959884,0.0,0.0
2019-09-19 00:00:00+05:30,520.8992711191202,524.2854357005357,513.369212982724,521.4439086914062,10623310,0.0,2.0
2019-09-20 00:00:00+05:30,524.7353317954808,572.9939447204633,523.504014961774,568.115966796875,46150034,0.0,0.0
2019-09-23 00:00:00+05:30,596.5074878660105,607.4709982912307,582.0393586339854,595.418212890625,41920410,0.0,0.0
2019-09-24 00:00:00+05:30,591.9848278621729,597.644179692128,581.3528034781756,593.7844848632812,23379048,0.0,0.0
2019-09-25 00:00:00+05:30,591.9375036281751,591.9375036281751,582.5604404662389,587.1068725585938,15608976,0.0,0.0
2019-09-26 00:00:00+05:30,587.1541973494428,603.8244653467681,585.5202846977793,588.432861328125,30671560,0.0,0.0
2019-09-27 00:00:00+05:30,591.1560299788491,593.6423661754355,586.1123078464277,589.2379760742188,14873170,0.0,0.0
2019-09-30 00:00:00+05:30,581.9447487061157,587.2489092784182,576.119595271932,581.3053588867188,18218458,0.0,0.0
2019-10-01 00:00:00+05:30,583.2234113411605,594.3527253212801,578.2980863579686,591.41650390625,18768352,0.0,0.0
2019-10-03 00:00:00+05:30,587.225229523867,589.0485889890971,576.0485678633604,579.4584350585938,16298876,0.0,0.0
2019-10-04 00:00:00+05:30,585.6624129373488,587.0594739386505,561.3436889554499,563.4274291992188,18403632,0.0,0.0
2019-10-07 00:00:00+05:30,568.8735885739426,577.7060117729852,559.3781887662469,562.101318359375,22513220,0.0,0.0
2019-10-09 00:00:00+05:30,566.9319766884739,582.4656805535213,563.5695146757208,581.6369018554688,17427270,0.0,0.0
2019-10-10 00:00:00+05:30,578.6296598082755,580.5950031422398,566.979352418176,568.56591796875,11556858,0.0,0.0
2019-10-11 00:00:00+05:30,574.6514924334763,579.6715119387164,563.0722351431893,567.7371215820312,17186318,0.0,0.0
2019-10-14 00:00:00+05:30,572.5676524827331,577.7297710855158,567.0740455430332,570.38916015625,12267802,0.0,0.0
2019-10-15 00:00:00+05:30,571.6205108558286,580.145091796512,571.54946111912,579.2216186523438,8400374,0.0,0.0
2019-10-16 00:00:00+05:30,583.2944705036012,584.8809781939891,573.0886295005874,578.298095703125,10586816,0.0,0.0
2019-10-17 00:00:00+05:30,581.329008008613,582.4419277448391,574.5093323198743,577.777099609375,12243614,0.0,0.0
2019-10-18 00:00:00+05:30,580.3581688315088,584.3363180675698,577.9428825202974,582.0394287109375,11233806,0.0,0.0
2019-10-22 00:00:00+05:30,595.2999008800527,595.2999008800527,583.744346293607,586.9174194335938,20006228,0.0,0.0
2019-10-23 00:00:00+05:30,590.4929890015461,591.8664053050052,583.933808954648,588.0066528320312,10190214,0.0,0.0
2019-10-24 00:00:00+05:30,591.0376233528876,593.950200126325,580.7844350714618,585.4019165039062,13107494,0.0,0.0
2019-10-25 00:00:00+05:30,587.2488947124186,590.4929597056838,577.7771383460893,582.0394287109375,12993542,0.0,0.0
2019-10-27 00:00:00+05:30,587.2251795017689,588.1487104141279,584.8809429761882,586.1596069335938,1750082,0.0,0.0
2019-10-29 00:00:00+05:30,586.3017161563129,595.4656288329024,586.1596166871203,588.432861328125,14232568,0.0,0.0
2019-10-30 00:00:00+05:30,590.5166898962892,597.9993430897654,588.6696857560904,591.203369140625,12011366,0.0,0.0
2019-10-31 00:00:00+05:30,595.6313874919168,598.5676667088752,581.1396115333599,582.6787719726562,13217706,0.0,0.0
2019-11-01 00:00:00+05:30,586.7753536696891,589.0248959860176,581.3764405482972,587.2726440429688,11512260,0.0,0.0
2019-11-04 00:00:00+05:30,590.3034500516609,591.9847097517586,582.0630691407218,585.7570190429688,9935176,0.0,0.0
2019-11-05 00:00:00+05:30,587.7225277782593,589.5221847508188,582.0631760380811,587.0121459960938,12367810,0.0,0.0
2019-11-06 00:00:00+05:30,588.4090527422021,596.2469528078017,581.5894356705652,595.134033203125,12130336,0.0,0.0
2019-11-07 00:00:00+05:30,597.1942973156508,601.3144886136432,591.9848308045706,598.4729614257812,16963034,0.0,0.0
2019-11-08 00:00:00+05:30,596.2471121319285,600.0358149890019,592.6715006861584,594.6369018554688,13251496,0.0,0.0
2019-11-11 00:00:00+05:30,593.1924663760677,600.7461692265641,592.2215881890567,598.97021484375,14286610,0.0,0.0
2019-11-13 00:00:00+05:30,597.6441038503623,601.4565087824031,593.6896572642707,595.5603637695312,9293496,0.0,0.0
2019-11-14 00:00:00+05:30,598.520302472713,604.7716384932658,595.3945766514241,603.3035278320312,11055218,0.0,0.0
2019-11-15 00:00:00+05:30,608.0157003310413,608.5603378765574,601.9774557334334,605.1978759765625,9279012,0.0,0.0
2019-11-18 00:00:00+05:30,604.7716430689543,605.9319100976571,596.1049628825585,597.6915283203125,9130292,0.0,0.0
2019-11-19 00:00:00+05:30,599.230655382196,603.8244338328341,597.2415519723761,602.3563232421875,10570578,0.0,0.0
2019-11-20 00:00:00+05:30,602.8773466312821,607.5895227205286,600.0358194672698,603.0430908203125,11054258,0.0,0.0
2019-11-21 00:00:00+05:30,601.5748812350528,609.5074765987112,600.6750528853315,607.7788696289062,12019526,0.0,0.0
2019-11-22 00:00:00+05:30,607.9210364953358,607.9210364953358,597.6678482963531,598.97021484375,7688010,0.0,0.0
2019-11-25 00:00:00+05:30,598.6860050379559,605.9555659156172,598.6860050379559,601.9774169921875,7893556,0.0,0.0
2019-11-26 00:00:00+05:30,605.4582967944868,606.0739840558495,600.0120371213927,603.84814453125,8716002,0.0,0.0
2019-11-27 00:00:00+05:30,604.2980700305835,608.9155513650649,602.0248253261254,605.4346923828125,9580666,0.0,0.0
2019-11-28 00:00:00+05:30,606.2871254085217,607.6368969919056,597.6678499051358,599.230712890625,12366040,0.0,0.0
2019-11-29 00:00:00+05:30,600.3672087914863,606.1450144249826,592.9319037301365,603.8007202148438,15567626,0.0,0.0
2019-12-02 00:00:00+05:30,603.3271222125159,603.3271222125159,596.05756143599,599.4437255859375,8946204,0.0,0.0
2019-12-03 00:00:00+05:30,600.6040648502295,600.9829582398772,593.784446324688,594.5421752929688,6991906,0.0,0.0
2019-12-04 00:00:00+05:30,593.1687123793719,595.2525102365593,584.5020326190057,592.7661743164062,11395614,0.0,0.0
2019-12-05 00:00:00+05:30,594.636817843651,596.12863094506,587.6040507210195,589.9009399414062,12772494,0.0,0.0
2019-12-06 00:00:00+05:30,591.4874941935019,596.7206628132138,586.3964250464844,590.1141357421875,13774650,0.0,0.0
2019-12-09 00:00:00+05:30,591.7480196412462,591.9137638268414,586.0886679479555,588.64599609375,8265350,0.0,0.0
2019-12-10 00:00:00+05:30,592.4583675755458,593.7133868708223,589.6641878529149,591.7479858398438,9788900,0.0,0.0
2019-12-11 00:00:00+05:30,592.0320931939212,593.8790971635698,588.4328375005865,591.3927612304688,11054642,0.0,0.0
2019-12-12 00:00:00+05:30,593.4055784762097,601.1960755161554,593.4055784762097,598.4255981445312,12913148,0.0,0.0
2019-12-13 00:00:00+05:30,599.0886439498142,602.5695031647103,596.3655137500424,598.5440063476562,11775186,0.0,0.0
2019-12-16 00:00:00+05:30,601.1012822455773,601.4564730761341,591.1322364768808,595.465576171875,11327576,0.0,0.0
2019-12-17 00:00:00+05:30,596.720604184195,603.7297264688573,594.5184094398851,601.9774169921875,12427354,0.0,0.0
2019-12-18 00:00:00+05:30,607.6132248335235,615.1906305991793,603.1851899014221,612.041259765625,17447172,0.0,0.0
2019-12-19 00:00:00+05:30,618.032022855032,618.2688167335206,609.081202685965,610.3599243164062,13018376,0.0,0.0
2019-12-20 00:00:00+05:30,610.33631822104,615.4747346337728,606.2161272088615,614.101318359375,15026044,0.0,0.0
2019-12-23 00:00:00+05:30,615.1906319940997,617.5585713012363,610.3600589319482,616.8008422851562,10195782,0.0,0.0
2019-12-24 00:00:00+05:30,615.0011386627299,616.1851082265389,609.4838289331773,610.5257568359375,7179208,0.0,0.0
2019-12-26 00:00:00+05:30,610.7861821418609,611.8044075067481,598.9228420576536,601.6696166992188,14949758,0.0,0.0
2019-12-27 00:00:00+05:30,602.4037603400735,605.7188753733915,601.4565846162684,603.8245239257812,7092992,0.0,0.0
2019-12-30 00:00:00+05:30,607.1395825893263,610.3363003603699,603.374582561169,607.2106323242188,9334190,0.0,0.0
2019-12-31 00:00:00+05:30,607.1158167272321,607.1158167272321,600.8171340925469,602.4509887695312,8357056,0.0,0.0
2020-01-01 00:00:00+05:30,604.3454493095634,606.1924535035355,601.7407161109154,605.5294189453125,3673698,0.0,0.0
2020-01-02 00:00:00+05:30,605.7189150214173,609.9812060575335,605.7189150214173,609.3892211914062,6137166,0.0,0.0
2020-01-03 00:00:00+05:30,607.234330313411,608.5603994443895,598.4256076891043,600.6988525390625,10855550,0.0,0.0
2020-01-06 00:00:00+05:30,596.720600771484,597.5730818969894,585.3544940901224,587.69873046875,10890186,0.0,0.0
2020-01-07 00:00:00+05:30,596.1996846178865,602.1431767378965,593.050314229868,597.0047607421875,14724494,0.0,0.0
2020-01-08 00:00:00+05:30,590.5403361902679,597.73890607202,587.2726263307592,595.4420166015625,11332110,0.0,0.0
2020-01-09 00:00:00+05:30,599.0885942510204,604.2033658480826,598.1887658278872,602.1195678710938,9546316,0.0,0.0
2020-01-10 00:00:00+05:30,608.1341038414974,609.4601728526172,603.871813491343,607.4710693359375,9214580,0.0,0.0
2020-01-13 00:00:00+05:30,607.4710117404351,614.0065461154303,604.2979967938983,609.0338745117188,7451568,0.0,0.0
2020-01-14 00:00:00+05:30,610.4546733854722,612.1359331976332,605.0084136927392,610.6914672851562,7886290,0.0,0.0
2020-01-15 00:00:00+05:30,609.2233645040944,609.9573909159484,603.3982113725496,608.2051391601562,11787448,0.0,0.0
2020-01-16 00:00:00+05:30,607.163288419645,611.4018762888768,605.8845666176381,609.8153686523438,7150400,0.0,0.0
2020-01-17 00:00:00+05:30,607.0211887708494,608.513001967246,602.3563603023184,605.3162841796875,16918814,0.0,0.0
2020-01-20 00:00:00+05:30,617.9610470531414,617.9610470531414,593.1687365718038,594.3053588867188,22178450,0.0,0.0
2020-01-21 00:00:00+05:30,591.9848651840864,591.9848651840864,586.4912571973825,589.30908203125,14984804,0.0,0.0
2020-01-22 00:00:00+05:30,591.0613565639217,594.3527690930574,584.5968706605863,587.6514892578125,18368310,0.0,0.0
2020-01-23 00:00:00+05:30,587.248887040562,590.4929519914465,582.9865967313965,589.5457763671875,11508920,0.0,0.0
2020-01-24 00:00:00+05:30,590.0904878830103,593.8791908549719,586.8227200074896,589.40380859375,11831756,0.0,0.0
2020-01-27 00:00:00+05:30,584.8809389292223,584.8809389292223,573.8700224675994,574.5567016601562,18888552,0.0,0.0
2020-01-28 00:00:00+05:30,577.2088015490133,581.4710915111248,574.5803662813082,579.2925415039062,13412158,0.0,0.0
2020-01-29 00:00:00+05:30,580.2872518936706,588.1961463571565,578.8427857367428,585.2835693359375,13788350,0.0,0.0
2020-01-30 00:00:00+05:30,586.7516319136959,586.7516319136959,576.4510963819321,580.6423950195312,12111984,0.0,0.0
2020-01-31 00:00:00+05:30,583.1997956913207,586.2071251018426,577.895634341544,580.7608642578125,11178268,0.0,0.0
2020-02-03 00:00:00+05:30,566.8845532961541,567.3344385473835,557.7442863299673,564.8955078125,13077010,0.0,0.0
2020-02-04 00:00:00+05:30,567.3582783381682,584.4074419610181,567.3582783381682,582.4183959960938,20897704,0.0,0.0
2020-02-05 00:00:00+05:30,584.8335688880729,591.0375573266558,581.234313274247,589.4510498046875,18020682,0.0,0.0
2020-02-06 00:00:00+05:30,589.4510640616896,591.3690599560683,585.9228002816666,587.1541748046875,11827550,0.0,0.0
2020-02-07 00:00:00+05:30,590.0904283388669,590.5640161625739,583.270752115284,588.290771484375,6815448,0.0,0.0
2020-02-10 00:00:00+05:30,588.6460138398753,588.6460138398753,580.6424251679804,587.3910522460938,9219834,0.0,0.0
2020-02-11 00:00:00+05:30,588.8117417811588,594.3526959818439,586.3254058019519,587.5330200195312,11613520,0.0,0.0
2020-02-12 00:00:00+05:30,589.7115734966399,593.3582346641225,589.1669937125963,591.51123046875,6297930,0.0,0.0
2020-02-13 00:00:00+05:30,596.6733008644125,596.6733008644125,584.2179181807978,587.9119262695312,9112140,0.0,0.0
2020-02-14 00:00:00+05:30,588.7642950823292,591.2269861835692,575.4091430350544,577.46923828125,14688858,0.0,0.0
2020-02-17 00:00:00+05:30,580.1451434690955,583.9338464468528,575.1487682927701,576.427490234375,10152690,0.0,0.0
2020-02-18 00:00:00+05:30,576.3090515064869,577.0667804849288,569.9629629163823,574.5804443359375,10529116,0.0,0.0
2020-02-19 00:00:00+05:30,578.9610502483681,582.5129585321005,574.8882069785566,581.1868896484375,10012268,0.0,0.0
2020-02-20 00:00:00+05:30,582.5130422467998,582.5130422467998,574.9829840409186,576.4037475585938,11123414,0.0,0.0
2020-02-24 00:00:00+05:30,572.5439293050475,575.2907615812694,568.3053417555244,573.0175170898438,16568084,0.0,0.0
2020-02-25 00:00:00+05:30,570.1997004329769,572.5676393882633,567.3581736866331,568.4474487304688,13886680,0.0,0.0
2020-02-26 00:00:00+05:30,567.1214166243225,570.5312258169903,561.5094124980089,567.9501953125,13814786,0.0,0.0
2020-02-27 00:00:00+05:30,565.937479073151,569.4893879376268,559.3072491927961,568.044921875,20655098,0.0,0.0
2020-02-28 00:00:00+05:30,556.7024777583055,561.201562010712,554.1450919894718,557.720703125,24313056,0.0,0.0
2020-03-02 00:00:00+05:30,568.4000622917009,568.8500053945262,552.2744321654279,558.6441650390625,14664898,0.0,0.0
2020-03-03 00:00:00+05:30,556.4656759635528,561.367298227923,553.1505612982381,559.6860961914062,22369550,0.0,0.0
2020-03-04 00:00:00+05:30,558.0522006667385,558.833632138287,536.6223516377066,544.0813598632812,34288870,0.0,0.0
2020-03-05 00:00:00+05:30,546.0467512820113,551.7298050681208,541.1924761730429,545.2653198242188,19549708,0.0,0.0
2020-03-06 00:00:00+05:30,532.7862013115702,540.3162578523076,521.42009568359,537.4747314453125,23053566,0.0,0.0
2020-03-09 00:00:00+05:30,525.6825337487523,529.66068340419,504.371079677857,524.4038696289062,34420590,0.0,0.0
2020-03-11 00:00:00+05:30,523.3145209195276,530.4183379455845,517.1578794969449,527.4821166992188,35538240,0.0,0.0
2020-03-12 00:00:00+05:30,509.10690349877325,511.4748425848141,475.2217009586306,483.67523193359375,59000770,0.0,0.0
2020-03-13 00:00:00+05:30,464.13972221452224,512.1615082677355,435.32191586076743,506.6442565917969,66342364,0.0,0.0
2020-03-16 00:00:00+05:30,490.1634119366812,491.1105876119212,471.219898431882,473.3510437011719,31986322,0.0,0.0
2020-03-17 00:00:00+05:30,477.3765535610268,478.3237292625368,452.1343268968877,461.7955017089844,42676838,0.0,0.0
2020-03-18 00:00:00+05:30,466.4840180328291,470.2727207173597,409.6534777648702,415.2891845703125,61181406,0.0,0.0
2020-03-19 00:00:00+05:30,401.12886944187676,435.67710547774163,376.502303667405,424.1215515136719,67220048,0.0,0.0
2020-03-20 00:00:00+05:30,414.38934181029646,433.14340788887984,390.4968305499615,418.10699462890625,88637464,0.0,0.0
2020-03-23 00:00:00+05:30,376.31286067374276,397.2217739590976,362.294673119177,365.39666748046875,50276954,0.0,0.0
2020-03-24 00:00:00+05:30,376.62070252521124,383.6061226600706,349.86299150015697,363.5733642578125,61057272,0.0,0.0
2020-03-25 00:00:00+05:30,364.87574495834104,410.81376390855485,357.67720424895873,405.7463684082031,47228042,0.0,0.0
2020-03-26 00:00:00+05:30,412.0687471848041,444.0833008932357,398.2873532998881,426.7499694824219,57043156,0.0,0.0
2020-03-27 00:00:00+05:30,447.51679250707997,468.2125849223154,413.0159043103058,428.33648681640625,55235936,0.0,0.0
2020-03-30 00:00:00+05:30,416.75727302870723,420.0723877005265,392.13070689519276,393.85931396484375,39268444,0.0,0.0
2020-03-31 00:00:00+05:30,404.3492547580676,413.72628734505696,396.8665733565511,408.1853332519531,35211092,0.0,0.0
2020-04-01 00:00:00+05:30,409.10881994288405,409.10881994288405,388.3420059433593,392.9121398925781,29103504,0.0,0.0
2020-04-03 00:00:00+05:30,399.2345401473123,399.70812797666855,383.6061417785563,385.429443359375,34996280,0.0,0.0
2020-04-07 00:00:00+05:30,413.9157401505629,429.68620822188024,400.3474380216403,424.38201904296875,60412638,0.0,0.0
2020-04-08 00:00:00+05:30,416.7336424013843,447.5405268551247,410.1744332094615,420.9722595214844,56219352,0.0,0.0
2020-04-09 00:00:00+05:30,432.3856797751441,440.86291331760424,421.4931599122434,438.0924072265625,44457146,0.0,0.0
2020-04-13 00:00:00+05:30,442.33100497402285,448.3455758120512,419.6935139266889,424.0268249511719,34158056,0.0,0.0
2020-04-15 00:00:00+05:30,440.6734653560616,440.6734653560616,399.23453121457277,408.8483581542969,57978752,0.0,0.0
2020-04-16 00:00:00+05:30,409.6534651387446,421.8246779187658,405.50957170526016,416.6388854980469,53854396,0.0,0.0
2020-04-17 00:00:00+05:30,433.3328632046106,435.70080234780517,420.1908009598806,431.10699462890625,55883462,0.0,0.0
2020-04-20 00:00:00+05:30,450.381997919695,455.09420231204837,442.8045931176812,447.46942138671875,66232986,0.0,0.0
2020-04-21 00:00:00+05:30,438.0687158227306,442.3310060307355,430.0177232076101,436.4822082519531,33178006,0.0,0.0
2020-04-22 00:00:00+05:30,435.29823900880433,441.85741849282465,429.6862062216211,439.77362060546875,38289354,0.0,0.0
2020-04-23 00:00:00+05:30,442.8046328236386,453.9339471245536,432.17257997634374,452.2527160644531,40901222,0.0,0.0
2020-04-24 00:00:00+05:30,441.8574108639782,453.88655236824343,438.54229631301587,444.2490234375,33284568,0.0,0.0
2020-04-27 00:00:00+05:30,447.6115545430124,453.41300553123114,438.6844064953877,440.29461669921875,27421072,0.0,0.0
2020-04-28 00:00:00+05:30,446.9721724701217,446.9721724701217,436.6479639199274,441.0997009277344,29441436,0.0,0.0
2020-04-29 00:00:00+05:30,442.80460969418954,470.1306325655098,442.3783690959177,462.7426452636719,55877778,0.0,0.0
2020-04-30 00:00:00+05:30,474.2507983022068,482.58593138412783,469.8464089738078,474.4402160644531,43793134,0.0,0.0
2020-05-04 00:00:00+05:30,453.4603310664581,454.64430059926866,434.51681854148853,437.1215515136719,26722324,0.0,0.0
2020-05-05 00:00:00+05:30,444.22539319611195,447.06692023148156,430.0414316301239,431.6516418457031,29672858,0.0,0.0
2020-05-06 00:00:00+05:30,435.22720397595276,449.9084263081122,428.9048181789834,448.2035217285156,33785846,0.0,0.0
2020-05-07 00:00:00+05:30,445.4093676922772,446.73540787559705,436.3401489091201,438.0687561035156,21831730,0.0,0.0
2020-05-08 00:00:00+05:30,446.11975432207817,447.0432564098975,438.16348422991985,439.9867858886719,20807484,0.0,0.0
2020-05-11 00:00:00+05:30,443.75176755695486,451.8027601380309,432.8592481825579,433.7117004394531,28550784,0.0,0.0
2020-05-12 00:00:00+05:30,426.7026367214937,430.680786073331,412.5423489795209,426.9631042480469,49568418,0.0,0.0
2020-05-13 00:00:00+05:30,450.3820252275569,454.64431568712365,436.69532541185623,439.3237609863281,44346966,0.0,0.0
2020-05-14 00:00:00+05:30,425.2818747852552,431.43851662513083,421.4931721145625,423.2454528808594,39554890,0.0,0.0
2020-05-15 00:00:00+05:30,421.7299547295974,422.6297831519755,414.38934350185036,420.6170349121094,24349628,0.0,0.0
2020-05-18 00:00:00+05:30,420.54595520728026,420.54595520728026,393.69352188084963,396.22723388671875,46649964,0.0,0.0
2020-05-19 00:00:00+05:30,407.68803988874686,410.7426869335507,391.2308640881771,393.3857116699219,47460692,0.0,0.0
2020-05-20 00:00:00+05:30,396.13253822530055,409.1798768985452,394.11978998824173,405.912109375,40014306,0.0,0.0
2020-05-21 00:00:00+05:30,407.97224666252146,418.65164657168174,403.63890640560027,407.0724182128906,48478908,0.0,0.0
2020-05-22 00:00:00+05:30,402.54961939702196,412.16344570269695,394.5223006173569,397.26910400390625,42047432,0.0,0.0
2020-05-26 00:00:00+05:30,405.8647717604575,412.8501922779216,401.9576721489945,403.686279296875,38005152,0.0,0.0
2020-05-27 00:00:00+05:30,407.23817464619043,430.87018932741387,405.93580815185277,427.9576416015625,56025754,0.0,0.0
2020-05-28 00:00:00+05:30,435.7007823864388,449.9084165946922,432.83558193554217,447.65887451171875,75488806,0.0,0.0
2020-05-29 00:00:00+05:30,447.0668915536171,452.276357450958,437.33466786286783,450.6898498535156,53025166,0.0,0.0
2020-06-01 00:00:00+05:30,461.74808616644845,471.21984178011917,457.5331433561633,467.7389831542969,39190230,0.0,0.0
2020-06-02 00:00:00+05:30,467.2891014144718,475.95575262140204,461.842841558605,474.0614013671875,41623594,0.0,0.0
2020-06-03 00:00:00+05:30,483.05954953457444,495.49122911818483,480.90473085451634,484.1251220703125,50546088,0.0,0.0
2020-06-04 00:00:00+05:30,486.8719386021985,492.03399913682466,469.3728355075351,474.39288330078125,54275882,0.0,0.0
2020-06-05 00:00:00+05:30,475.0558969523371,493.6679200813478,474.91382639752493,489.3819274902344,35195984,0.0,0.0
2020-06-08 00:00:00+05:30,502.0030693611453,505.15243980188677,476.6187747745198,481.11785888671875,49812664,0.0,0.0
2020-06-09 00:00:00+05:30,483.05956946011673,486.25628719919104,463.9029366352295,467.5732421875,61844146,0.0,0.0
2020-06-10 00:00:00+05:30,468.8519319748906,473.5167603419333,463.2636015970991,469.7280578613281,36497730,0.0,0.0
2020-06-11 00:00:00+05:30,466.4839840683493,468.0941941542392,457.0122280466569,458.7171325683594,30897714,0.0,0.0
2020-06-12 00:00:00+05:30,439.48946475133556,467.26539992093586,439.48946475133556,465.41839599609375,42644876,0.0,0.0
2020-06-15 00:00:00+05:30,458.43300217923496,461.27452905224675,446.5933068750192,449.8373718261719,32009936,0.0,0.0
2020-06-16 00:00:00+05:30,461.7481479922552,470.7226434189499,450.85562757807895,469.0414123535156,45399970,0.0,0.0
2020-06-17 00:00:00+05:30,468.37834541840857,473.0668763129085,460.9193373897534,463.7608642578125,36957838,0.0,0.0
2020-06-18 00:00:00+05:30,464.11605003476484,485.38015409345786,460.32734758550146,483.035888671875,40870126,0.0,0.0
2020-06-19 00:00:00+05:30,482.08869292333486,493.9520611909721,479.34188954345046,489.3819274902344,47877752,0.0,0.0
2020-06-22 00:00:00+05:30,492.2708271479766,495.34914792027973,484.85919524719657,487.2034606933594,29694474,0.0,0.0
2020-06-23 00:00:00+05:30,492.0577121251195,494.8992388553897,481.42566049492433,493.6205749511719,28830512,0.0,0.0
2020-06-24 00:00:00+05:30,496.55677439987517,500.819064308887,487.8191032108037,488.9793701171875,39429246,0.0,0.0
2020-06-25 00:00:00+05:30,483.95939574936546,496.79361386861143,476.90292580142204,487.2034606933594,70646790,0.0,0.0
2020-06-26 00:00:00+05:30,493.0049295517514,503.4238617805108,486.8482877802117,500.32183837890625,39969138,0.0,0.0
2020-06-29 00:00:00+05:30,491.11055987281685,512.706152486314,491.11055987281685,509.60418701171875,46005956,0.0,0.0
2020-06-30 00:00:00+05:30,508.63331181340817,510.78815948972283,500.25083063697764,504.7735595703125,35746130,0.0,0.0
2020-07-01 00:00:00+05:30,504.7735489934417,519.0522328366897,502.61875917329024,513.6533203125,34846718,0.0,0.0
2020-07-02 00:00:00+05:30,516.3528763862364,526.2745191114437,513.9375320069659,515.9266357421875,36954496,0.0,0.0
2020-07-03 00:00:00+05:30,517.6314592299118,518.9575281785096,506.738939959749,508.6095886230469,27597254,0.0,0.0
2020-07-06 00:00:00+05:30,524.7116685222196,530.3710783748387,520.9466680006233,522.367431640625,35558216,0.0,0.0
2020-07-07 00:00:00+05:30,525.3983071949202,526.4875244282308,517.6551583698904,523.3855590820312,24349850,0.0,0.0
2020-07-08 00:00:00+05:30,524.2616371373442,532.7388693903838,523.3144616411611,525.84814453125,30056350,0.0,0.0
2020-07-09 00:00:00+05:30,529.4711611519176,535.0121152953822,524.3800922946875,532.7625732421875,20114484,0.0,0.0
2020-07-10 00:00:00+05:30,529.4237627937017,530.4182855168448,520.7334390530152,523.36181640625,17562978,0.0,0.0
2020-07-13 00:00:00+05:30,525.6351840251527,527.1032948475197,507.35470396011993,511.5932922363281,29922114,0.0,0.0
2020-07-14 00:00:00+05:30,503.23435869919393,506.21798480933654,497.2671642899165,501.4584045410156,26612674,0.0,0.0
2020-07-15 00:00:00+05:30,506.83357795842704,511.0011732090936,497.31447591404503,498.7589416503906,20974394,0.0,0.0
2020-07-16 00:00:00+05:30,498.9958112918797,504.6078153200504,489.7371464128929,503.21075439453125,23662456,0.0,0.0
2020-07-17 00:00:00+05:30,501.5531514700986,522.8408986295719,501.19796064222527,520.2124633789062,28405738,0.0,0.0
2020-07-20 00:00:00+05:30,537.522228097427,545.9994624639867,532.3838113117391,536.5987548828125,65124096,0.0,0.0
2020-07-21 00:00:00+05:30,545.5968039227769,548.3909254676531,537.0485217007565,539.203369140625,47512422,0.0,0.0
2020-07-22 00:00:00+05:30,539.1797630751033,542.021290153233,529.2581208183739,533.4256591796875,24718012,0.0,0.0
2020-07-23 00:00:00+05:30,532.7863031475329,541.7371246026141,528.6424096786076,535.3436889648438,20149122,0.0,0.0
2020-07-24 00:00:00+05:30,531.7917833346723,531.7917833346723,521.5385953018364,529.9921264648438,19598440,0.0,0.0
2020-07-27 00:00:00+05:30,520.8755685021828,522.3673817438901,509.27266655048254,511.2380676269531,37970094,0.0,0.0
2020-07-28 00:00:00+05:30,511.00124822550674,518.2945120793429,501.7662859081783,514.6242065429688,35596450,0.0,0.0
2020-07-29 00:00:00+05:30,511.9484623566267,515.5003712073897,499.8956747807778,504.1816101074219,33592086,0.0,0.0
2020-07-30 00:00:00+05:30,508.6333688861004,513.2035033624112,495.7043969995043,497.5751037597656,26956266,0.0,0.0
2020-07-31 00:00:00+05:30,500.9138426553435,500.9138426553435,483.083277558819,489.1215515136719,37726696,0.0,0.0
2020-08-03 00:00:00+05:30,485.8774090184497,486.3509968464558,470.27271321005446,474.5350036621094,31783542,0.0,0.0
2020-08-04 00:00:00+05:30,477.37647355381574,502.5003279500737,475.00853469690196,493.3127136230469,60306168,0.0,0.0
2020-08-05 00:00:00+05:30,496.2962760087325,500.01398621879076,483.0595210800113,486.6351318359375,33221360,0.0,0.0
2020-08-06 00:00:00+05:30,491.1105412593453,499.63512153192795,486.0194724854418,492.86279296875,33646888,0.0,0.0
2020-08-07 00:00:00+05:30,490.0923543054588,495.94115244366236,483.34372772806677,494.3546447753906,24836784,0.0,0.0
2020-08-10 00:00:00+05:30,494.4257328836954,503.8974902186321,494.33103843475357,497.5751037597656,22172854,0.0,0.0
2020-08-11 00:00:00+05:30,496.55683522207664,507.2125612998036,496.55683522207664,505.1524658203125,20136148,0.0,0.0
2020-08-12 00:00:00+05:30,504.37099731117087,504.8445851020734,496.32000486582825,503.75531005859375,20666432,0.0,0.0
2020-08-13 00:00:00+05:30,505.768046615024,507.3782566295072,500.3454896574793,501.55316162109375,19892740,0.0,0.0
2020-08-14 00:00:00+05:30,504.7972960094688,504.7972960094688,486.5168167379499,489.9029235839844,20924512,0.0,0.0
2020-08-17 00:00:00+05:30,495.84646604229073,495.84646604229073,483.1543177737902,489.09783935546875,19561012,0.0,0.0
2020-08-18 00:00:00+05:30,486.8482674681288,502.78450879716246,484.006740615202,500.34552001953125,24040824,0.0,0.0
2020-08-19 00:00:00+05:30,504.3710551894934,506.644299971092,500.22716154357033,505.1287841796875,17715624,0.0,0.0
2020-08-20 00:00:00+05:30,499.6114566677705,506.24168626831124,498.2143956977765,501.5295104980469,19216734,0.0,0.0
2020-08-21 00:00:00+05:30,504.56042139416564,515.6423867672062,504.1815280540077,514.1505737304688,28924302,0.0,0.0
2020-08-24 00:00:00+05:30,514.3164355667011,531.8154845363902,514.1506913715862,529.0213623046875,36779740,0.0,0.0
2020-08-25 00:00:00+05:30,529.9447567762272,533.7334592375407,523.8828097137209,530.2762451171875,27601738,0.0,0.0
2020-08-26 00:00:00+05:30,530.8919371815633,535.983006159888,525.445677344286,529.6842651367188,25190062,0.0,0.0
2020-08-27 00:00:00+05:30,533.1651897600997,535.1068882558171,523.906524774149,526.677001953125,20645996,0.0,0.0
2020-08-28 00:00:00+05:30,526.6059875241332,532.7863321009106,518.5786965782196,527.8136596679688,38696610,0.0,0.0
2020-08-31 00:00:00+05:30,534.9174270102438,544.0576947927252,521.2780750696418,528.4529418945312,38501166,0.0,0.0
2020-09-01 00:00:00+05:30,534.2070987245911,541.5950576766639,524.7353416550061,533.8756103515625,28877884,0.0,0.0
2020-09-02 00:00:00+05:30,532.3601087623225,539.4165795299666,530.7498984552532,537.1196899414062,19761682,0.0,0.0
2020-09-03 00:00:00+05:30,538.58777662407,542.7079677503818,534.207089058651,535.5805053710938,19833362,0.0,0.0
2020-09-04 00:00:00+05:30,525.6824633183799,532.9757270743686,523.0303831737506,530.0868530273438,23661370,0.0,0.0
2020-09-07 00:00:00+05:30,528.6660828453123,530.1815406768401,520.4729908029005,525.9192504882812,17615466,0.0,0.0
2020-09-08 00:00:00+05:30,527.576796599215,529.8500411093245,522.3673309236393,526.8427124023438,14624918,0.0,0.0
2020-09-09 00:00:00+05:30,521.4202077633379,525.6824982900137,516.8027263594391,519.2890625,15728872,0.0,0.0
2020-09-10 00:00:00+05:30,522.3672745798925,523.2434003322638,513.3691075653704,516.4711303710938,15188088,0.0,0.0
2020-09-11 00:00:00+05:30,519.2652766656342,523.2434254144251,507.2124912901903,510.83544921875,20794730,0.0,0.0
2020-09-14 00:00:00+05:30,515.2635327342759,518.1050595692076,498.3801158945213,501.0321960449219,21650590,0.0,0.0
2020-09-15 00:00:00+05:30,505.7917994749095,509.6515518289854,501.10326842319205,506.97576904296875,16505110,0.0,0.0
2020-09-16 00:00:00+05:30,506.83366198587436,519.0522508698061,505.9575360808241,517.9393310546875,18710112,0.0,0.0
2020-09-17 00:00:00+05:30,513.3692562824361,518.1051350304291,510.5277290336404,513.1798095703125,18318686,0.0,0.0
2020-09-18 00:00:00+05:30,517.1578690147392,517.2525634487629,495.94111280255106,500.7243957519531,23481778,0.0,0.0
2020-09-21 00:00:00+05:30,499.6351267865274,507.3782757200217,493.2416915148514,496.9356994628906,19842878,0.0,0.0
2020-09-22 00:00:00+05:30,499.185268712797,501.1269672278319,487.5586645161511,490.35284423828125,18620678,0.0,0.0
2020-09-23 00:00:00+05:30,495.37285897588924,499.63514934948677,489.8555493189743,495.96484375,16079828,0.0,0.0
2020-09-24 00:00:00+05:30,491.5841803560392,495.8464709371609,485.42753840553,487.98492431640625,19809510,0.0,0.0
2020-09-25 00:00:00+05:30,497.26718595658224,498.1906590346689,485.73533468255306,494.4256591796875,20321544,0.0,0.0
2020-09-28 00:00:00+05:30,496.76988968598556,501.529470104583,493.78632129264906,499.2562255859375,16152422,0.0,0.0
2020-09-29 00:00:00+05:30,501.0559067185484,506.69161326180074,497.74079202381324,503.21075439453125,12644446,0.0,0.0
2020-09-30 00:00:00+05:30,502.00301644735094,514.7425385212819,498.2143144364275,510.8117370605469,18813842,0.0,0.0
2020-10-01 00:00:00+05:30,516.2580935562258,525.6825031478362,516.2580935562258,524.238037109375,21203080,0.0,0.0
2020-10-05 00:00:00+05:30,526.6296948488595,536.1014519504577,526.1561069937795,527.7426147460938,16940126,0.0,0.0
2020-10-06 00:00:00+05:30,537.5458522321513,543.6787910802993,533.3545539789349,541.831787109375,19371990,0.0,0.0
2020-10-07 00:00:00+05:30,542.210692302306,551.6587459363651,538.7534781835764,550.4274291992188,21248778,0.0,0.0
2020-10-08 00:00:00+05:30,558.8336375702047,569.7261576245393,550.9483886643206,564.4219970703125,35060674,0.0,0.0
2020-10-09 00:00:00+05:30,568.7789683314858,585.8281297469175,564.350933803847,584.1942749023438,44972388,0.0,0.0
2020-10-12 00:00:00+05:30,583.2471314164068,588.5512921358315,570.9574921987773,574.7698974609375,19220546,0.0,0.0
2020-10-13 00:00:00+05:30,574.6515233212691,578.9374587858198,565.9374950981401,567.5713500976562,18353952,0.0,0.0
2020-10-14 00:00:00+05:30,566.1979452917092,575.0777169789134,556.7024863097868,573.7516479492188,22582918,0.0,0.0
2020-10-15 00:00:00+05:30,575.0303662916343,576.3564354466505,551.2562784387027,553.7426147460938,28246896,0.0,0.0
2020-10-16 00:00:00+05:30,558.8335254438261,569.96283717936,555.5184113098373,567.9974365234375,25822848,0.0,0.0
2020-10-19 00:00:00+05:30,584.8810094688545,584.8810094688545,564.8008725613233,569.9866943359375,42359556,0.0,0.0
2020-10-20 00:00:00+05:30,571.8572699084973,581.281678713912,571.0995409888332,579.6477661132812,27411978,0.0,0.0
2020-10-21 00:00:00+05:30,582.7971231389221,592.4583256225468,578.5821802433544,590.421875,35640752,0.0,0.0
2020-10-22 00:00:00+05:30,587.2252407376943,591.9848218296115,579.1979496780918,584.075927734375,21913060,0.0,0.0
2020-10-23 00:00:00+05:30,588.9064295975948,591.250666084375,583.0812765302468,585.2598266601562,15866230,0.0,0.0
2020-10-26 00:00:00+05:30,582.4182890828363,588.1960370144519,570.4838420510097,573.4674682617188,19571976,0.0,0.0
2020-10-27 00:00:00+05:30,580.6186174306827,585.3544952237552,567.2871098809821,583.9810791015625,24317780,0.0,0.0
2020-10-28 00:00:00+05:30,581.5657100287082,583.4600608757072,569.0156356673394,572.8516845703125,16571186,0.0,0.0
2020-10-29 00:00:00+05:30,568.5894345067175,570.4127357609129,558.1231569150593,562.2433471679688,23060024,0.0,0.0
2020-10-30 00:00:00+05:30,560.0413047538221,567.973900810896,557.1050255565358,560.514892578125,11522716,0.0,0.0
2020-11-02 00:00:00+05:30,565.6295910686702,580.1450690524712,557.6496480075795,575.527587890625,21926080,0.0,0.0
2020-11-03 00:00:00+05:30,580.8317175717145,592.3399239069427,580.3818322989872,591.0138549804688,28164230,0.0,0.0
2020-11-04 00:00:00+05:30,592.9319331329635,598.9938801743824,582.5130014005952,595.4893188476562,23404822,0.0,0.0
2020-11-05 00:00:00+05:30,599.562178822435,604.2980570121856,593.0976935312227,601.07763671875,21433928,0.0,0.0
2020-11-06 00:00:00+05:30,599.6805625400184,620.4000291628225,599.3253716836275,619.287109375,35705724,0.0,0.0
2020-11-09 00:00:00+05:30,622.8626667877825,637.4254919967238,622.8626667877825,634.8681640625,26288440,0.0,0.0
2020-11-10 00:00:00+05:30,642.6586806298552,660.6550180387974,640.0776500995573,660.0156860351562,41517356,0.0,0.0
2020-11-11 00:00:00+05:30,662.9756001906362,670.0320702645637,649.0521067328153,658.2633666992188,36116194,0.0,0.0
2020-11-12 00:00:00+05:30,652.3199077601627,657.6004237819327,644.0794677139719,649.6204223632812,27053948,0.0,0.0
2020-11-13 00:00:00+05:30,648.2470477549742,648.2470477549742,637.9228098899588,643.5111694335938,22472480,0.0,0.0
2020-11-14 00:00:00+05:30,647.7734471589163,651.1595538431708,646.542072570809,648.6732177734375,1835066,0.0,0.0
2020-11-17 00:00:00+05:30,656.2980017294028,668.9901201865498,653.8353104626648,667.0247192382812,31059900,0.0,0.0
2020-11-18 00:00:00+05:30,664.4437000382147,672.0211050279592,662.5730513057764,667.1431274414062,18862776,0.0,0.0
2020-11-19 00:00:00+05:30,658.1448654925982,662.762346002072,647.8680345600171,650.8753051757812,20266882,0.0,0.0
2020-11-20 00:00:00+05:30,650.0703041043771,667.0010679250034,646.4710483928237,664.7515258789062,20405362,0.0,0.0
2020-11-23 00:00:00+05:30,670.1267175383426,674.2232634515739,651.3489502514798,660.4655151367188,25246636,0.0,0.0
2020-11-24 00:00:00+05:30,666.8116241633022,684.334372809639,663.9937998702551,681.1139526367188,40154400,0.0,0.0
2020-11-25 00:00:00+05:30,687.3180708165835,693.5220600982908,661.6022274002418,664.3490600585938,24152602,0.0,0.0
2020-11-26 00:00:00+05:30,670.1267335648304,678.1777261235598,656.8662752328055,675.64404296875,27943126,0.0,0.0
2020-11-27 00:00:00+05:30,678.0830833467495,684.8080074601961,670.3872810499112,682.3690185546875,17994580,0.0,0.0
2020-12-01 00:00:00+05:30,682.3689490895632,686.2287011031041,675.0993881452553,678.7933959960938,17147574,0.0,0.0
2020-12-02 00:00:00+05:30,677.7041407514697,678.0830341152878,660.5602855423987,666.3143310546875,17892150,0.0,0.0
2020-12-03 00:00:00+05:30,676.7570322500701,678.1777957887336,650.7334032246226,652.2251586914062,37933222,0.0,0.0
2020-12-04 00:00:00+05:30,654.0248155752419,663.7096639052261,650.3782122840587,656.2033081054688,26912322,0.0,0.0
2020-12-07 00:00:00+05:30,651.1831646691821,653.527400937589,643.1795200285017,649.8807983398438,24316318,0.0,0.0
2020-12-08 00:00:00+05:30,651.1833238725814,657.7188596293104,646.518494896498,651.7990112304688,19457896,0.0,0.0
2020-12-09 00:00:00+05:30,652.1304106028376,667.7825107573249,651.206937503077,666.4327392578125,22069074,0.0,0.0
2020-12-10 00:00:00+05:30,662.0757587301833,663.9701099711853,651.5384299521099,656.3216552734375,19727966,0.0,0.0
2020-12-11 00:00:00+05:30,658.3107699836195,660.6550065599108,650.2360745568154,654.8772583007812,21356384,0.0,0.0
2020-12-14 00:00:00+05:30,654.9720350766099,657.3399744658963,647.8682169087508,649.8336181640625,17222050,0.0,0.0
2020-12-15 00:00:00+05:30,653.9300382066189,660.6312591314887,646.9209158475564,658.9027099609375,21561436,0.0,0.0
2020-12-16 00:00:00+05:30,664.9172559333512,670.9792027585718,660.4181719366511,668.0902709960938,16832092,0.0,0.0
2020-12-17 00:00:00+05:30,671.831637116775,684.3343665170745,665.1540607427205,682.8189086914062,21924478,0.0,0.0
2020-12-18 00:00:00+05:30,679.5985574538313,681.824397200528,666.0066094291611,668.398193359375,22995918,0.0,0.0
2020-12-21 00:00:00+05:30,671.3107140052659,674.3179850066851,647.2524303718895,650.0703125,23761824,0.0,0.0
2020-12-22 00:00:00+05:30,655.8244596437975,655.8244596437975,636.9756406113383,650.283447265625,22851558,0.0,0.0
2020-12-23 00:00:00+05:30,647.6312759415493,654.0010083282352,644.5766579472516,651.4910278320312,15467394,0.0,0.0
2020-12-24 00:00:00+05:30,658.0029330191164,664.9173036746126,652.1304324501009,661.6495361328125,14952188,0.0,0.0
2020-12-28 00:00:00+05:30,665.3908677908984,672.9682726910083,664.9172799846416,669.1085205078125,11699194,0.0,0.0
2020-12-29 00:00:00+05:30,672.9920220532118,679.48015232617,672.4947316976208,675.904541015625,14495346,0.0,0.0
2020-12-30 00:00:00+05:30,681.9191735548343,681.9191735548343,669.1796485141934,678.4146118164062,16216726,0.0,0.0
2020-12-31 00:00:00+05:30,679.5984851060285,683.8607752565193,674.8863096751678,680.2141723632812,22145750,0.0,0.0
2021-01-01 00:00:00+05:30,681.9664673920958,683.3872308658292,672.7788520330828,674.8863525390625,8810938,0.0,0.0
2021-01-04 00:00:00+05:30,681.0193356443933,681.0193356443933,662.549409295206,670.6004028320312,15740192,0.0,0.0
2021-01-05 00:00:00+05:30,672.1158159334071,677.5857784188031,667.2852432584963,675.667724609375,14386824,0.0,0.0
2021-01-06 00:00:00+05:30,679.5985087322957,681.9664477871121,669.2269241099976,672.7551879882812,22134050,0.0,0.0
2021-01-07 00:00:00+05:30,678.4145520741395,678.4618992939315,668.9664981906012,670.71875,19894842,0.0,0.0
2021-01-08 00:00:00+05:30,678.1777681029891,682.9136463718647,673.962824881487,678.0120239257812,13768764,0.0,0.0
2021-01-11 00:00:00+05:30,686.7022978773078,693.7587675349387,680.2141682562502,687.3889770507812,17331392,0.0,0.0
2021-01-12 00:00:00+05:30,687.8626497130612,704.5566214281087,686.2761419775225,701.3836059570312,20388156,0.0,0.0
2021-01-13 00:00:00+05:30,707.019262506273,708.9136137714456,692.4327346400382,696.48193359375,16934650,0.0,0.0
2021-01-14 00:00:00+05:30,696.7187757202818,704.6987194148936,689.5439082446808,695.5821533203125,12297166,0.0,0.0
2021-01-15 00:00:00+05:30,695.7478524799448,696.9555245413233,684.3343976182036,694.5875854492188,14165236,0.0,0.0
2021-01-18 00:00:00+05:30,696.1267159476713,711.731410769727,694.7532997710615,702.3780517578125,42825632,0.0,0.0
2021-01-19 00:00:00+05:30,706.4983792073738,715.8990864870037,694.7533773788126,712.205078125,17360254,0.0,0.0
2021-01-20 00:00:00+05:30,710.8553078986365,710.8553078986365,703.751490697784,706.593017578125,13346052,0.0,0.0
2021-01-21 00:00:00+05:30,706.5930138834698,707.7059336769149,695.2979561553767,698.4473266601562,26333054,0.0,0.0
2021-01-22 00:00:00+05:30,695.1794946049523,695.1794946049523,682.0374340732837,683.6476440429688,15392364,0.0,0.0
2021-01-25 00:00:00+05:30,693.853536512856,701.3835947711163,689.1413606041951,692.7879638671875,20344718,0.0,0.0
2021-01-27 00:00:00+05:30,695.2269379463488,697.073942054867,665.9355420753217,667.5693969726562,23556276,0.0,0.0
2021-01-28 00:00:00+05:30,658.2398062718762,663.6387196685218,635.5549352474135,649.5020751953125,42704446,0.0,0.0
2021-01-29 00:00:00+05:30,658.9264028315245,667.1668424746923,646.2105814067206,658.5238647460938,28704502,0.0,0.0
2021-02-01 00:00:00+05:30,667.8771996524747,702.0939184433921,663.4965124716306,699.3707885742188,26370544,0.0,0.0
2021-02-02 00:00:00+05:30,710.8553173311757,747.5583733559366,709.1504127425507,739.0574951171875,42420206,0.0,0.0
2021-02-03 00:00:00+05:30,747.795259342045,749.0739234882028,730.2725078565127,745.8062133789062,20237254,0.0,0.0
2021-02-04 00:00:00+05:30,741.6384797696535,752.0574111584991,730.9590519716828,747.8424682617188,24484684,0.0,0.0
2021-02-05 00:00:00+05:30,733.1139377693545,766.3834817798823,733.1139377693545,756.6038818359375,27054716,0.0,0.0
2021-02-08 00:00:00+05:30,767.2122882010688,772.7295980086683,755.7040807536468,760.2268676757812,17447580,0.0,0.0
2021-02-09 00:00:00+05:30,762.4763521662492,771.0009325010271,751.4417333862714,763.3524780273438,18421366,0.0,0.0
2021-02-10 00:00:00+05:30,761.6949586277138,764.7732794572811,742.1121138356696,749.0975341796875,19788006,0.0,0.0
2021-02-11 00:00:00+05:30,749.2159471102909,756.698657949199,740.7860606113193,744.6458129882812,13648618,0.0,0.0
2021-02-12 00:00:00+05:30,745.3798525902982,754.1885741389179,744.9536120066047,749.1921997070312,9910106,0.0,0.0
2021-02-15 00:00:00+05:30,757.7878518274786,769.5801999926454,756.1776416929837,765.60205078125,10355244,0.0,0.0
2021-02-16 00:00:00+05:30,767.7806058448106,777.1576684792043,761.742360705804,770.3616943359375,13897358,0.0,0.0
2021-02-17 00:00:00+05:30,767.2122372237433,768.0647183895073,749.6894885957936,751.3470458984375,12794426,0.0,0.0
2021-02-18 00:00:00+05:30,760.5583606487642,760.5583606487642,733.1139687293299,736.0975952148438,14720560,0.0,0.0
2021-02-19 00:00:00+05:30,731.6931664576377,740.7860292853279,726.0101127375784,728.8989868164062,17139508,0.0,0.0
2021-02-22 00:00:00+05:30,731.7168307594127,745.3798268023176,729.0646929130805,733.1138916015625,29451838,0.0,0.0
2021-02-23 00:00:00+05:30,735.8370774568311,737.7077262268455,721.1085077743629,724.1868286132812,18239906,0.0,0.0
2021-02-24 00:00:00+05:30,722.9317831567051,764.3470135121918,718.0775081633502,760.7951049804688,14314332,0.0,0.0
2021-02-25 00:00:00+05:30,762.3579308447829,774.9080070475392,758.6876255402033,760.7714233398438,20109570,0.0,0.0
2021-02-26 00:00:00+05:30,751.6075036939108,752.4836295180887,720.3270079368773,726.673095703125,27912846,0.0,0.0
2021-03-01 00:00:00+05:30,740.6912870896532,744.7404857285171,729.6566687036201,738.2760009765625,13536018,0.0,0.0
2021-03-02 00:00:00+05:30,746.2322673582679,751.8206264779094,734.53467191637,742.6803588867188,16110038,0.0,0.0
2021-03-03 00:00:00+05:30,750.1631036638017,755.8461574794367,741.1649351223799,751.5128173828125,11222410,0.0,0.0
2021-03-04 00:00:00+05:30,733.3744859871274,744.0065100625322,728.8990461317771,735.0320434570312,16291438,0.0,0.0
2021-03-05 00:00:00+05:30,725.0629432827818,731.9773138054445,720.3744123616639,724.58935546875,17445822,0.0,0.0
2021-03-08 00:00:00+05:30,730.2723633294515,736.429004524836,716.3015236937714,719.6166381835938,15117050,0.0,0.0
2021-03-09 00:00:00+05:30,731.6931703125,741.4964149068451,728.496452578125,739.98095703125,15066696,0.0,0.0
2021-03-10 00:00:00+05:30,744.4800426906737,745.9008061309231,735.0793361565595,736.7842407226562,11055016,0.0,0.0
2021-03-12 00:00:00+05:30,757.7405377905536,757.7405377905536,726.9810309590243,734.984619140625,15631204,0.0,0.0
2021-03-15 00:00:00+05:30,733.303371388489,733.303371388489,717.6276265503748,723.9500122070312,12230386,0.0,0.0
2021-03-16 00:00:00+05:30,725.0156362632634,729.5147207460253,715.1176388389844,716.1358642578125,13722366,0.0,0.0
2021-03-17 00:00:00+05:30,721.8662655765469,728.8516862209648,705.7405764899419,708.1795654296875,21064428,0.0,0.0
2021-03-18 00:00:00+05:30,715.9463931517981,720.8243708649012,701.4546172951518,706.1194458007812,18065540,0.0,0.0
2021-03-19 00:00:00+05:30,703.2778456851914,715.6858222624396,698.0920826747441,709.1976928710938,21235020,0.0,0.0
2021-03-22 00:00:00+05:30,707.9664315664949,707.9664315664949,691.6276520560606,695.7715454101562,14015632,0.0,0.0
2021-03-23 00:00:00+05:30,696.1740748748355,713.9099150865279,695.7478342871996,710.4527587890625,19761428,0.0,0.0
2021-03-24 00:00:00+05:30,706.072014194621,713.4362692933373,696.6476060582797,700.3416137695312,16368900,0.0,0.0
2021-03-25 00:00:00+05:30,705.7404783853448,708.2742192275458,686.8206699198174,693.024658203125,23964356,0.0,0.0
2021-03-26 00:00:00+05:30,707.5401996278873,709.9081387163341,698.0684432741003,706.2615356445312,12021258,0.0,0.0
2021-03-30 00:00:00+05:30,713.5311419893512,740.0047142264807,711.1158555293341,735.8134155273438,25607644,0.0,0.0
2021-03-31 00:00:00+05:30,733.1139368392285,733.1139368392285,704.698667969491,707.3744506835938,30774506,0.0,0.0
2021-04-01 00:00:00+05:30,710.0975869218903,710.0975869218903,693.8061543963869,704.106689453125,35763762,0.0,0.0
2021-04-05 00:00:00+05:30,700.9099594168414,703.2778984689253,677.704156706419,686.5128784179688,16006586,0.0,0.0
2021-04-06 00:00:00+05:30,691.4381980531808,692.6932173036304,678.4855830970582,682.0848388671875,15075734,0.0,0.0
2021-04-07 00:00:00+05:30,681.6350448468846,689.8754275412855,673.2288601490635,685.3763427734375,25088180,0.0,0.0
2021-04-08 00:00:00+05:30,688.123153205223,691.8645088213298,677.467426469423,678.5567016601562,17613592,0.0,0.0
2021-04-09 00:00:00+05:30,675.3362345728195,678.5566548887363,670.1741157477531,673.323486328125,28157816,0.0,0.0
2021-04-12 00:00:00+05:30,659.7078551379362,662.54938215217,640.7643417097112,647.4182739257812,22549128,0.0,0.0
2021-04-13 00:00:00+05:30,647.8682252544464,666.0776562682204,644.5531100667409,663.1887817382812,18600682,0.0,0.0
2021-04-15 00:00:00+05:30,665.3908509916752,680.4035609465851,658.7606218714734,677.2778930664062,34444984,0.0,0.0
2021-04-16 00:00:00+05:30,679.5747548202479,684.3343350848605,674.152197919238,676.5911865234375,15606526,0.0,0.0
2021-04-19 00:00:00+05:30,658.2870080077744,671.4053662659722,649.9045275050281,668.8953857421875,24069242,0.0,0.0
2021-04-20 00:00:00+05:30,674.8626741907973,675.5257087311528,655.4218701712806,658.9501342773438,23186270,0.0,0.0
2021-04-22 00:00:00+05:30,653.551168270815,675.7151005800558,649.3125805575211,673.6786499023438,38485312,0.0,0.0
2021-04-23 00:00:00+05:30,667.2852542707776,679.4090911892929,663.1176582311249,669.7242431640625,22713528,0.0,0.0
2021-04-26 00:00:00+05:30,669.179600676809,676.7570059215569,664.3253254418922,665.2962036132812,30170952,0.0,0.0
2021-04-27 00:00:00+05:30,666.4565150269433,682.9136931382856,665.2962478960185,681.350830078125,20592906,0.0,0.0
2021-04-28 00:00:00+05:30,680.1905809568831,700.4364624788374,677.7042446296256,699.3945922851562,24103940,0.0,0.0
2021-04-29 00:00:00+05:30,703.8461619317026,712.1103036895167,691.9117725521276,697.3580322265625,24078552,0.0,0.0
2021-04-30 00:00:00+05:30,684.3344441215665,688.5020403312811,666.5748997239481,668.84814453125,35232902,0.0,0.0
2021-05-03 00:00:00+05:30,659.7078964206457,673.3945972912176,652.2725900591925,669.8663330078125,22473700,0.0,0.0
2021-05-04 00:00:00+05:30,667.7351002247756,673.9154441830442,655.1140315140075,657.505615234375,21486328,0.0,0.0
2021-05-05 00:00:00+05:30,663.4965435023666,667.5693872393219,654.3562753461298,664.2542724609375,14421612,0.0,0.0
2021-05-06 00:00:00+05:30,666.622172836726,668.1376884767826,660.6549781447178,663.4491577148438,11477044,0.0,0.0
2021-05-07 00:00:00+05:30,669.1558806243075,674.8389344089317,667.8772166471722,670.0083618164062,12048334,0.0,0.0
2021-05-10 00:00:00+05:30,675.8098094461626,677.2305728857831,669.0848856230303,672.4236450195312,11060050,0.0,0.0
2021-05-11 00:00:00+05:30,661.128612382698,674.4837660986876,660.678727067445,664.7042236328125,14519034,0.0,0.0
2021-05-12 00:00:00+05:30,662.9045297636991,667.0957702739445,657.7424111292165,662.7861328125,13774926,0.0,0.0
2021-05-14 00:00:00+05:30,660.3471355409549,662.5019831493979,654.664081956677,656.7952270507812,10604142,0.0,0.0
2021-05-17 00:00:00+05:30,660.726040338843,683.1977586511666,654.1668607756777,682.0848388671875,15120692,0.0,0.0
2021-05-18 00:00:00+05:30,690.9409231735007,702.2123363536926,689.0702744188992,699.3471069335938,22165280,0.0,0.0
2021-05-19 00:00:00+05:30,696.2688083859091,700.3653547002302,687.9100293890692,690.5857543945312,10130916,0.0,0.0
2021-05-20 00:00:00+05:30,690.6568366668654,694.232448095952,676.5202507595741,678.5567016601562,10684184,0.0,0.0
2021-05-21 00:00:00+05:30,683.3872458173004,711.2815808574237,683.3872458173004,709.1030883789062,19341646,0.0,0.0
2021-05-24 00:00:00+05:30,711.9207961855401,720.0664824869762,709.6712543382882,715.0938110351562,22146102,0.0,0.0
2021-05-25 00:00:00+05:30,715.3543770125982,716.8935373735985,696.41086487721,700.4126586914062,19236974,0.0,0.0
2021-05-26 00:00:00+05:30,700.9100004512399,704.225115318239,696.1741220698126,699.512939453125,12283990,0.0,0.0
2021-05-27 00:00:00+05:30,697.6421913176409,705.1722490585071,692.5984695791637,702.1649780273438,20439496,0.0,0.0
2021-05-28 00:00:00+05:30,706.0720716848272,716.5383506375555,700.3179682784436,712.0155639648438,17750020,0.0,0.0
2021-05-31 00:00:00+05:30,710.3817063881385,719.6166685711843,704.461858834904,717.8880615234375,15661054,0.0,0.0
2021-06-01 00:00:00+05:30,719.9955698673149,723.168585066384,713.8152258292779,715.9226684570312,11030162,0.0,0.0
2021-06-02 00:00:00+05:30,715.1175888548506,715.2122832918838,707.0665961326437,712.2760620117188,10624016,0.0,0.0
2021-06-03 00:00:00+05:30,714.1704026204795,722.1976927085534,704.5802496675188,720.1139526367188,10287260,0.0,0.0
2021-06-04 00:00:00+05:30,717.959185353156,720.1613804324387,710.0028862960756,710.8316650390625,9424476,0.0,0.0
2021-06-07 00:00:00+05:30,715.1176582521152,717.0120096647036,708.4874283080559,710.3107299804688,8091668,0.0,0.0
2021-06-08 00:00:00+05:30,708.7478666456698,710.9974087636919,701.6203469157421,702.3544311523438,9872540,0.0,0.0
2021-06-09 00:00:00+05:30,702.7570287371487,711.3289573399608,697.1450242244664,701.0521240234375,10223442,0.0,0.0
2021-06-10 00:00:00+05:30,701.9044590603982,705.1722264064853,697.90266531903,701.4072265625,11483540,0.0,0.0
2021-06-11 00:00:00+05:30,706.1194924532565,708.7479281753265,701.4073164160874,703.9172973632812,7205974,0.0,0.0
2021-06-14 00:00:00+05:30,700.0811928397461,703.7514984338662,692.645887212192,700.6494750976562,8881964,0.0,0.0
2021-06-15 00:00:00+05:30,703.7515338961059,708.4874123207096,698.4473731849562,705.7642822265625,7569602,0.0,0.0
2021-06-16 00:00:00+05:30,704.6986500319072,707.540176846552,700.0101192255411,703.0884399414062,7702098,0.0,0.0
2021-06-17 00:00:00+05:30,694.2797401828149,700.3179848535726,691.4382132789289,694.3270874023438,9283802,0.0,0.0
2021-06-18 00:00:00+05:30,695.9373297487107,705.6458804529288,689.0703060798735,700.8153076171875,11938060,0.0,0.0
2021-06-21 00:00:00+05:30,692.0775362938388,706.4983198306301,690.9646164997872,705.0301513671875,7260472,0.0,0.0
2021-06-22 00:00:00+05:30,708.9610536647007,714.1705203248955,700.9100597353087,702.709716796875,14366824,0.0,0.0
2021-06-23 00:00:00+05:30,705.645854671328,709.3398628067645,700.2469419391567,703.5147094726562,7844868,0.0,0.0
2021-06-24 00:00:00+05:30,705.6458725038901,716.7514840843272,704.6986968360997,713.3416748046875,14785024,0.0,0.0
2021-06-25 00:00:00+05:30,715.6386075341827,720.8007267981603,713.6969088599393,717.532958984375,10383176,0.0,0.0
2021-06-28 00:00:00+05:30,719.8535528502914,721.2743164414434,712.749734894532,714.3362426757812,9356786,0.0,0.0
2021-06-29 00:00:00+05:30,716.7857178673613,717.3564596471477,709.722512551715,714.4313354492188,10971692,3.25,0.0
2021-06-30 00:00:00+05:30,712.5050106362283,717.7370233979096,710.6500126812062,712.4574584960938,9679022,0.0,0.0
2021-07-01 00:00:00+05:30,714.4075246053683,714.4075246053683,705.3704121103602,707.154052734375,16911442,0.0,0.0
2021-07-02 00:00:00+05:30,706.3217712448228,708.3432308594965,702.5166707936722,704.1338500976562,14827036,0.0,0.0
2021-07-05 00:00:00+05:30,708.6761078676606,715.5966570879147,706.107711679034,711.2921142578125,7373882,0.0,0.0
2021-07-06 00:00:00+05:30,712.0294247765438,732.4818397834853,711.5537872182427,729.9609375,17669032,0.0,0.0
2021-07-07 00:00:00+05:30,729.6278903585783,735.0263641150248,726.6313510263612,732.243896484375,9629190,0.0,0.0
2021-07-08 00:00:00+05:30,725.3472183752016,731.3877916578379,719.8535817918715,723.1830444335938,8420922,0.0,0.0
2021-07-09 00:00:00+05:30,719.4255920989655,721.0665184051472,712.2672238203879,714.4075927734375,10695842,0.0,0.0
2021-07-12 00:00:00+05:30,714.4075115847763,714.4075115847763,705.8460367455447,707.27294921875,14458978,0.0,0.0
2021-07-13 00:00:00+05:30,711.6013267639684,716.3577022627734,705.8936761654023,714.3362426757812,18178142,0.0,0.0
2021-07-14 00:00:00+05:30,712.2670664944662,716.9520836668454,709.2229752658203,713.0518798828125,9788494,0.0,0.0
2021-07-15 00:00:00+05:30,715.8344552077314,726.1795710886405,713.2898061320276,723.3019409179688,10438802,0.0,0.0
2021-07-16 00:00:00+05:30,726.7502280646762,727.7015029771919,722.3981917888874,724.086669921875,5170628,0.0,0.0
2021-07-19 00:00:00+05:30,707.2730426593835,708.152960521866,697.284654027341,699.662841796875,25111600,0.0,0.0
2021-07-20 00:00:00+05:30,685.8692650363275,691.5769149534121,683.0867973139923,686.416259765625,24174250,0.0,0.0
2021-07-22 00:00:00+05:30,692.5756980757773,698.4736142276337,687.2961338501401,689.0559692382812,13207114,0.0,0.0
2021-07-23 00:00:00+05:30,690.3879027749199,693.2179229686257,682.6825977011295,686.22607421875,13126684,0.0,0.0
2021-07-26 00:00:00+05:30,680.1616926345283,686.8206182966845,679.2579696824195,682.3258666992188,13167166,0.0,0.0
2021-07-27 00:00:00+05:30,683.0630447053469,689.6268658388828,683.0630447053469,684.7991333007812,22401430,0.0,0.0
2021-07-28 00:00:00+05:30,682.5635980986397,684.2996284750666,667.7950309210904,674.1210327148438,20670342,0.0,0.0
2021-07-29 00:00:00+05:30,679.3292509173456,680.1378114327916,672.2184936053619,674.5728759765625,13702230,0.0,0.0
2021-07-30 00:00:00+05:30,674.9296073725011,680.9939854514296,669.6737898129428,678.4730834960938,11655488,0.0,0.0
2021-08-02 00:00:00+05:30,682.5398836091144,682.5398836091144,673.6216795549884,676.665771484375,13258786,0.0,0.0
2021-08-03 00:00:00+05:30,670.6489317422132,684.8705058077147,670.6489317422132,682.3971557617188,12033120,0.0,0.0
2021-08-04 00:00:00+05:30,685.3935855231096,701.3274405647641,684.9179480591796,696.9515991210938,22053948,0.0,0.0
2021-08-05 00:00:00+05:30,697.8077398506728,716.8094921374355,693.1940794890436,706.2503051757812,18822408,0.0,0.0
2021-08-06 00:00:00+05:30,705.632037503602,713.4562511669117,701.0896761466853,709.9603271484375,13339270,0.0,0.0
2021-08-09 00:00:00+05:30,709.6511206336975,716.9521443443277,702.0409209486176,715.3112182617188,10998048,0.0,0.0
2021-08-10 00:00:00+05:30,708.224258418714,722.8501119757157,708.224258418714,717.0949096679688,14838346,0.0,0.0
2021-08-11 00:00:00+05:30,720.5432632537157,722.4220081617676,709.1993204454371,711.0542602539062,12585786,0.0,0.0
2021-08-12 00:00:00+05:30,712.0293148021268,717.0710605291638,708.3669293933626,714.1221313476562,8597674,0.0,0.0
2021-08-13 00:00:00+05:30,714.0269705680195,728.2009908715206,713.9318662953315,725.9179077148438,16658428,0.0,0.0
2021-08-16 00:00:00+05:30,725.8941785477451,730.1035587891065,723.6586474723767,728.0107421875,6252778,0.0,0.0
2021-08-17 00:00:00+05:30,721.6372182742111,724.8715766174648,715.9771782653477,720.4243774414062,8282666,0.0,0.0
2021-08-18 00:00:00+05:30,740.4248615711514,744.5391374947473,717.4278004141593,719.6395263671875,22985932,0.0,0.0
2021-08-20 00:00:00+05:30,706.8211504103504,722.8739164966347,706.8211504103504,720.471923828125,13150406,0.0,0.0
2021-08-23 00:00:00+05:30,727.6540182634369,729.2236452390042,717.570526480986,725.1569213867188,10843054,0.0,0.0
2021-08-24 00:00:00+05:30,727.7253195139677,744.1348120128122,726.5124207569589,741.4474487304688,18381314,0.0,0.0
2021-08-25 00:00:00+05:30,738.2369714945701,744.2776027396884,736.2868693056814,740.7578735351562,7727974,0.0,0.0
2021-08-26 00:00:00+05:30,737.2381569110653,747.2265448434088,734.122707926727,739.521240234375,11119002,0.0,0.0
2021-08-27 00:00:00+05:30,738.189390820678,741.35239176859,734.9788377356009,736.5008544921875,6382138,0.0,0.0
2021-08-30 00:00:00+05:30,739.9016314662284,746.7508225978399,737.9990815997371,745.91845703125,9049166,0.0,0.0
2021-08-31 00:00:00+05:30,743.6592338463132,753.100626642032,743.040881869667,752.1731567382812,12062576,0.0,0.0
2021-09-01 00:00:00+05:30,749.1290604651969,760.0687229354822,748.8912417158429,751.0791625976562,12422558,0.0,0.0
2021-09-02 00:00:00+05:30,748.7010746522096,757.214998623348,747.3455192128993,755.7880859375,9618524,0.0,0.0
2021-09-03 00:00:00+05:30,754.4086623001291,760.0687604261853,745.9423492422521,749.6285400390625,10735334,0.0,0.0
2021-09-06 00:00:00+05:30,751.4834619703639,751.959099481168,742.9219867758911,744.7056274414062,7876896,0.0,0.0
2021-09-07 00:00:00+05:30,743.1836118359313,752.4585433116437,739.7114347769459,746.3941650390625,7245496,0.0,0.0
2021-09-08 00:00:00+05:30,747.6783611524173,751.7450850903009,744.6580745740106,749.7949829101562,6724080,0.0,0.0
2021-09-09 00:00:00+05:30,748.6534150154891,751.2456161314306,742.4701275979534,746.0849609375,8250948,0.0,0.0
2021-09-13 00:00:00+05:30,742.9457070221562,753.4097310647218,738.9741458727887,739.8778686523438,8959164,0.0,0.0
2021-09-14 00:00:00+05:30,741.9944879763249,744.1348566916412,735.6209339673617,736.5484619140625,9758506,0.0,0.0
2021-09-15 00:00:00+05:30,730.1035796320939,739.521225577569,730.1035796320939,735.7161254882812,14822998,0.0,0.0
2021-09-16 00:00:00+05:30,731.411573732443,744.0397727219095,730.7219225742858,741.970703125,10260550,0.0,0.0
2021-09-17 00:00:00+05:30,746.2753228094836,755.7880738969212,741.6140515521491,752.5299682617188,20498102,0.0,0.0
2021-09-20 00:00:00+05:30,743.8970640127071,752.3158246968031,741.04323895895,741.9231567382812,8781610,0.0,0.0
2021-09-21 00:00:00+05:30,742.9458298665662,746.1088310873976,727.2259861061681,738.1656494140625,14774996,0.0,0.0
2021-09-22 00:00:00+05:30,736.7624450118473,737.3094397175464,727.725333033006,729.4851684570312,10582202,0.0,0.0
2021-09-23 00:00:00+05:30,733.4330648045631,747.702190578971,733.4330648045631,746.7509155273438,13664304,0.0,0.0
2021-09-24 00:00:00+05:30,751.0316744840547,764.8013580210053,749.1291243270337,761.75732421875,20806702,0.0,0.0
2021-09-27 00:00:00+05:30,768.4875526262753,777.9051991730677,764.82516678098,772.9585571289062,16415462,0.0,0.0
2021-09-28 00:00:00+05:30,776.2403768870238,776.2403768870238,752.458502595142,768.1783447265625,12773790,0.0,0.0
2021-09-29 00:00:00+05:30,759.5931184310665,764.1592270047574,753.9568254387971,758.0948486328125,16263036,0.0,0.0
2021-09-30 00:00:00+05:30,754.361109397566,764.0403213516778,752.9817489724259,758.6180419921875,15975348,0.0,0.0
2021-10-01 00:00:00+05:30,752.9342794380585,755.7881048812856,744.4917125018453,752.7915649414062,11128596,0.0,0.0
2021-10-04 00:00:00+05:30,755.7880094198329,761.6621211029538,753.2195552330974,754.2421875,7051028,0.0,0.0
2021-10-05 00:00:00+05:30,757.2149087913734,759.8309150717456,749.7236180793985,758.8558349609375,10257178,0.0,0.0
2021-10-06 00:00:00+05:30,759.1174344507981,773.7908394129953,754.8366970384816,768.1069946289062,18600830,0.0,0.0
2021-10-07 00:00:00+05:30,773.6719119581737,774.1951015729854,764.3494289792573,766.01416015625,11265724,0.0,0.0
2021-10-08 00:00:00+05:30,766.7275941968978,771.4839688507248,761.0913018443557,762.2803955078125,7245562,0.0,0.0
2021-10-11 00:00:00+05:30,760.972494795636,782.4237357564093,760.5444094069899,777.0966186523438,13080848,0.0,0.0
2021-10-12 00:00:00+05:30,772.9110168758314,780.7828415337334,772.9110168758314,775.0989379882812,8176946,0.0,0.0
2021-10-13 00:00:00+05:30,778.6185902197064,783.8506027379818,775.2891277080766,779.7601318359375,6225644,0.0,0.0
2021-10-14 00:00:00+05:30,779.094254281992,803.827405211579,779.094254281992,802.5907592773438,14757288,0.0,0.0
2021-10-18 00:00:00+05:30,810.9619966911002,820.4747473854239,792.9115754731099,794.4573974609375,28856456,0.0,0.0
2021-10-19 00:00:00+05:30,796.9067878032625,804.9926249141711,794.7902242545991,803.208984375,8987540,0.0,0.0
2021-10-20 00:00:00+05:30,803.3992848197823,807.9891982795003,791.6748089028501,796.1458129882812,10908568,0.0,0.0
2021-10-21 00:00:00+05:30,795.1708493673277,799.9985238690318,789.9625835542432,797.3112182617188,9738190,0.0,0.0
2021-10-22 00:00:00+05:30,799.1185583853392,812.3888563513312,794.6713593378141,799.427734375,12175554,0.0,0.0
2021-10-25 00:00:00+05:30,803.827385358517,803.827385358517,767.5838306159519,788.13134765625,16426766,0.0,0.0
2021-10-26 00:00:00+05:30,784.8018601809484,796.1458027295024,783.0657717264866,786.10986328125,12090656,0.0,0.0
2021-10-27 00:00:00+05:30,786.1098893037489,791.9602538614304,778.761313048737,781.3773193359375,13249642,0.0,0.0
2021-10-28 00:00:00+05:30,784.8018571141539,784.8018571141539,754.9080525326855,757.9758911132812,17797750,0.0,0.0
2021-10-29 00:00:00+05:30,756.2636739613226,761.9713243308421,741.9945480375242,752.8628540039062,12406874,0.0,0.0
2021-11-01 00:00:00+05:30,753.8854894500015,766.2520653021783,753.1958382519653,763.5409545898438,8122320,0.0,0.0
2021-11-02 00:00:00+05:30,763.8738016710508,771.484001438633,761.0437818569678,764.2305297851562,13237722,0.0,0.0
2021-11-03 00:00:00+05:30,763.4457378753382,765.728821094555,749.3906846195152,752.1968994140625,10207338,0.0,0.0
2021-11-04 00:00:00+05:30,758.6418376355663,759.9973929432354,756.3112021961033,758.1423950195312,1096808,0.0,0.0
2021-11-08 00:00:00+05:30,757.2623980202548,763.2554184797219,746.9648352689229,761.1388549804688,18943580,0.0,0.0
2021-11-09 00:00:00+05:30,758.4515931319643,758.4515931319643,746.2990890867115,747.8211059570312,12695476,0.0,0.0
2021-11-10 00:00:00+05:30,745.7996076796335,746.2752451845312,737.2381325914745,739.7352294921875,13714126,0.0,0.0
2021-11-11 00:00:00+05:30,737.2619310557671,739.5687613215156,730.3889343351215,736.4295654296875,7999404,0.0,0.0
2021-11-12 00:00:00+05:30,737.2381265594817,741.5426691680743,734.8837441539887,738.6650390625,14914092,0.0,0.0
2021-11-15 00:00:00+05:30,742.9934150082311,747.6308811816832,739.3310290495845,740.6865844726562,9533594,0.0,0.0
2021-11-16 00:00:00+05:30,739.6163278032643,740.6627071004274,733.2427735591466,736.286865234375,8245406,0.0,0.0
2021-11-17 00:00:00+05:30,731.007273085122,734.3842876661621,727.0119065399798,728.1058959960938,7598878,0.0,0.0
2021-11-18 00:00:00+05:30,725.8466618423676,734.1465133558511,725.4661286012387,732.1964111328125,9152874,0.0,0.0
2021-11-22 00:00:00+05:30,735.3355639518028,738.5223119294355,713.0044068868091,720.7572631835938,15261272,0.0,0.0
2021-11-23 00:00:00+05:30,714.4075058157676,726.6789762107248,711.7201424006887,720.8524169921875,11235214,0.0,0.0
2021-11-24 00:00:00+05:30,724.8715849784808,730.7456967746908,720.1390148495992,722.0415649414062,30802286,0.0,0.0
2021-11-25 00:00:00+05:30,720.4957602069751,729.2950545918285,716.7857642148182,725.799072265625,10251652,0.0,0.0
2021-11-26 00:00:00+05:30,713.4562095804424,716.6429574254157,706.321647484638,708.6522827148438,18624936,0.0,0.0
2021-11-29 00:00:00+05:30,710.9829426666183,717.0948727956322,695.3820097835137,714.05078125,12990996,0.0,0.0
2021-11-30 00:00:00+05:30,711.0780789007943,727.2497542737889,707.058965157582,710.388427734375,25221542,0.0,0.0
2021-12-01 00:00:00+05:30,711.0781159528814,716.8095714832115,708.2718428796858,715.6680297851562,8677634,0.0,0.0
2021-12-02 00:00:00+05:30,715.5966817276724,727.1546972193483,713.4563127893044,725.7039794921875,11203110,0.0,0.0
2021-12-03 00:00:00+05:30,725.7276821118706,730.5553560310378,716.809479461367,719.901123046875,8124694,0.0,0.0
2021-12-06 00:00:00+05:30,719.6395749131635,722.3982957810733,712.1958360389292,715.2637329101562,7029532,0.0,0.0
2021-12-07 00:00:00+05:30,720.0914346536905,728.6767155251968,718.165137442202,725.68017578125,12427534,0.0,0.0
2021-12-08 00:00:00+05:30,730.5792222790491,739.6401401548495,729.6279472500399,739.0455932617188,15295534,0.0,0.0
2021-12-09 00:00:00+05:30,734.9550484079257,739.4736046987022,723.9202815328325,726.2271118164062,11747744,0.0,0.0
2021-12-10 00:00:00+05:30,725.2996212566436,726.7740858657247,717.4753496970789,724.181884765625,7779384,0.0,0.0
2021-12-13 00:00:00+05:30,725.8228490514963,731.3640377223576,716.8808405306988,718.7596435546875,10322142,0.0,0.0
2021-12-14 00:00:00+05:30,714.6453871321823,721.0664937719724,712.0531858243114,714.62158203125,9191100,0.0,0.0
2021-12-15 00:00:00+05:30,714.8831502685547,724.5623616157026,711.3872263156126,713.4562377929688,10115148,0.0,0.0
2021-12-16 00:00:00+05:30,719.5444151143828,721.5420693396168,710.6024071149554,713.5037841796875,13210432,0.0,0.0
2021-12-17 00:00:00+05:30,712.0293739008451,716.3101116196879,698.0931712139019,700.6378784179688,14994768,0.0,0.0
2021-12-20 00:00:00+05:30,690.6257507433261,693.4795761596208,672.5990752514857,678.0927124023438,21156668,0.0,0.0
2021-12-21 00:00:00+05:30,684.6801804486681,690.0311023174055,680.1616242039565,685.774169921875,9118750,0.0,0.0
2021-12-22 00:00:00+05:30,690.7684304433625,692.5282661369407,682.8728007403497,687.391357421875,8577484,0.0,0.0
2021-12-23 00:00:00+05:30,691.220197770224,693.3843716225142,683.4197311478777,686.8681030273438,9779166,0.0,0.0
2021-12-24 00:00:00+05:30,687.5340324330864,690.6256763008242,679.2103758660999,684.3948364257812,5561024,0.0,0.0
2021-12-27 00:00:00+05:30,679.6384584249116,691.5769484677854,676.4279051909655,690.054931640625,4705098,0.0,0.0
2021-12-28 00:00:00+05:30,694.7636080671955,697.7125951282051,691.2914894785592,694.8112182617188,5450678,0.0,0.0
2021-12-29 00:00:00+05:30,692.5519915154243,694.906373869757,688.4377156088801,691.5055541992188,7668702,0.0,0.0
2021-12-30 00:00:00+05:30,693.7172526236556,697.6888139009618,687.2961467543245,695.1441650390625,7215918,0.0,0.0
2021-12-31 00:00:00+05:30,695.1442793672378,706.2266575074009,695.1442793672378,703.658203125,6325736,0.0,0.0
2022-01-03 00:00:00+05:30,706.3216999908345,724.3959253104654,704.1813312029835,722.8025512695312,9069184,0.0,0.0
2022-01-04 00:00:00+05:30,722.9689818191866,729.1047170271323,717.1662276895983,727.0357055664062,8857352,0.0,0.0
2022-01-05 00:00:00+05:30,730.9596735815929,747.7020889910027,726.82159283251,744.30126953125,14332638,0.0,0.0
2022-01-06 00:00:00+05:30,733.9086759071455,739.4974166342414,727.7491933941105,732.3628540039062,9628930,0.0,0.0
2022-01-07 00:00:00+05:30,734.3843069802756,745.2050602081262,730.5316548059,737.499755859375,11179384,0.0,0.0
2022-01-10 00:00:00+05:30,741.0432762210418,747.7022016813078,735.0978070600898,741.5902709960938,8856496,0.0,0.0
2022-01-11 00:00:00+05:30,742.7318305795472,746.1325925725578,736.191814344952,744.8008422851562,8389198,0.0,0.0
2022-01-12 00:00:00+05:30,745.7995355580115,749.9138111897546,738.1893362155828,740.4010620117188,21085530,0.0,0.0
2022-01-13 00:00:00+05:30,739.6163215437484,739.6163215437484,723.1592754547615,726.7741088867188,41963896,0.0,0.0
2022-01-14 00:00:00+05:30,727.7253548760855,736.6197526556398,722.4933425207672,734.9312744140625,11208968,0.0,0.0
2022-01-17 00:00:00+05:30,727.7253527081879,740.0919273293728,722.5646976035137,723.6824340820312,22989372,0.0,0.0
2022-01-18 00:00:00+05:30,729.1522929821604,737.6662159084163,724.3959179463994,727.36865234375,12341152,0.0,0.0
2022-01-19 00:00:00+05:30,729.6279369589961,732.3628526288228,719.8060108107658,722.2317504882812,14317626,0.0,0.0
2022-01-20 00:00:00+05:30,726.9881258170541,727.0119309169397,713.5038140786304,717.7369995117188,15197846,0.0,0.0
2022-01-21 00:00:00+05:30,713.4562826460474,727.6303040191038,706.6070907204011,723.7300415039062,11537694,0.0,0.0
2022-01-24 00:00:00+05:30,718.1888253449379,723.5635523601698,698.0218416410312,707.1065063476562,11868508,0.0,0.0
2022-01-25 00:00:00+05:30,693.7886458927823,711.0780572785832,686.8205449567051,707.7723999023438,13594248,0.0,0.0
2022-01-27 00:00:00+05:30,689.6743715648455,706.321683981928,682.5398091003816,701.54150390625,28617838,0.0,0.0
2022-01-28 00:00:00+05:30,702.7544584132536,707.1303005135713,694.4308015454147,695.9766235351562,24925208,0.0,0.0
2022-01-31 00:00:00+05:30,700.4950592209881,709.4370665658972,697.6650395988496,706.654541015625,12842546,0.0,0.0
2022-02-01 00:00:00+05:30,717.499250820978,721.5421700334263,700.8281313145686,712.0294189453125,14739484,0.0,0.0
2022-02-02 00:00:00+05:30,719.1401203787386,730.1035883666477,716.1198337589774,728.296142578125,13969290,0.0,0.0
2022-02-03 00:00:00+05:30,727.1308172000766,732.457933895551,717.7369767162163,720.7572631835938,10564762,0.0,0.0
2022-02-04 00:00:00+05:30,726.9643987359728,729.0809624800141,720.1627589609288,724.87158203125,11579958,0.0,0.0
2022-02-07 00:00:00+05:30,719.2114343241577,722.4933446051142,694.4307328001756,698.3071899414062,12268042,0.0,0.0
2022-02-08 00:00:00+05:30,702.2311561639202,703.206178118259,687.082114705199,695.3106079101562,13981130,0.0,0.0
2022-02-09 00:00:00+05:30,701.0896640531371,713.3135243877856,697.7602016051236,712.314697265625,11308342,0.0,0.0
2022-02-10 00:00:00+05:30,720.1151499017218,730.3413557953064,714.2410385936968,725.3947143554688,14314530,0.0,0.0
2022-02-11 00:00:00+05:30,713.5752115705957,725.3472405566795,713.2184834195023,722.4220581054688,10711104,0.0,0.0
2022-02-14 00:00:00+05:30,708.6998749228623,713.1946260728857,698.8542018984211,700.9469604492188,14656620,0.0,0.0
2022-02-15 00:00:00+05:30,702.0409964179948,725.2996833180713,700.6378889247106,721.9226684570312,13135066,0.0,0.0
2022-02-16 00:00:00+05:30,729.7942934905748,729.9845600785663,716.7856211359501,720.9474487304688,10032264,0.0,0.0
2022-02-17 00:00:00+05:30,719.6871085679842,723.9202940415751,714.4075437913573,716.5479125976562,7351208,0.0,0.0
2022-02-18 00:00:00+05:30,712.6477110600987,721.5421093550166,708.9139101230298,719.3303833007812,7796128,0.0,0.0
2022-02-21 00:00:00+05:30,715.3587469383176,728.058244021846,711.3396335859223,723.9677734375,7468066,0.0,0.0
2022-02-22 00:00:00+05:30,708.6048153348694,723.9678727153232,707.7248394554956,718.5455932617188,9536196,0.0,0.0
2022-02-23 00:00:00+05:30,725.3947427030585,725.6801135920207,711.3872414933543,713.8843383789062,9029562,0.0,0.0
2022-02-24 00:00:00+05:30,689.6268166665427,701.5415010977686,669.2933137242217,675.119873046875,23630766,0.0,0.0
2022-02-25 00:00:00+05:30,684.8942478331431,697.2370767488001,681.5172329343914,692.5758056640625,18318654,0.0,0.0
2022-02-28 00:00:00+05:30,678.2590813465437,684.2283552518861,672.5752363928466,678.3779907226562,24880832,0.0,0.0
2022-03-02 00:00:00+05:30,659.4713958190617,665.1314936990638,644.2034436334029,653.6448364257812,38505560,0.0,0.0
2022-03-03 00:00:00+05:30,656.8553739251402,662.0873863170132,648.2463469653018,652.0989990234375,17527922,0.0,0.0
2022-03-04 00:00:00+05:30,646.8669745357665,659.2335490489504,635.8797603305272,649.9586181640625,21219364,0.0,0.0
2022-03-07 00:00:00+05:30,627.1280333292115,633.7156009825043,616.9256323482289,630.1245727539062,27054458,0.0,0.0
2022-03-08 00:00:00+05:30,619.3752067352665,634.5005043513404,614.5237268530224,631.5515747070312,39212492,0.0,0.0
2022-03-09 00:00:00+05:30,632.5978550025679,653.8588273559873,627.2944854329724,652.1703491210938,23134694,0.0,0.0
2022-03-10 00:00:00+05:30,678.7347392382749,678.7347392382749,656.4986852373013,662.4203491210938,22273206,0.0,0.0
2022-03-11 00:00:00+05:30,660.1848501728542,670.149432575976,652.9075731964616,664.3704833984375,15150780,0.0,0.0
2022-03-14 00:00:00+05:30,673.0270836488999,689.6743966720176,673.0270836488999,686.1309204101562,25018126,0.0,0.0
2022-03-15 00:00:00+05:30,686.5827315469807,689.436556548215,671.4812409154484,677.3078002929688,18867928,0.0,0.0
2022-03-16 00:00:00+05:30,688.2474998619687,692.052600068531,683.1105913586209,688.7944946289062,13364108,0.0,0.0
2022-03-17 00:00:00+05:30,700.1384408684183,708.6048120871039,699.4487896776494,703.9673461914062,14823954,0.0,0.0
2022-03-21 00:00:00+05:30,707.2729750042046,710.4359760473683,700.5189456092843,707.03515625,12257876,0.0,0.0
2022-03-22 00:00:00+05:30,704.5618974676001,712.5050210059953,693.0989865284727,710.673828125,10461814,0.0,0.0
2022-03-23 00:00:00+05:30,716.785732994576,722.3982788795391,700.8994284281059,703.5867919921875,31188256,0.0,0.0
2022-03-24 00:00:00+05:30,697.2845910655177,699.0206795927611,682.3258145703531,686.178466796875,20160044,0.0,0.0
2022-03-25 00:00:00+05:30,690.1500239764209,690.6256614843303,674.9296237233227,680.5897216796875,16366462,0.0,0.0
2022-03-28 00:00:00+05:30,680.58974632828,683.966761144496,666.6535436173285,681.4934692382812,15754886,0.0,0.0
2022-03-29 00:00:00+05:30,685.3936095630206,694.5496310648167,680.16159727628,690.530517578125,12377448,0.0,0.0
2022-03-30 00:00:00+05:30,700.138476229865,705.2515799115708,691.6008053997855,702.4928588867188,20109742,0.0,0.0
2022-03-31 00:00:00+05:30,699.6628137051833,706.1790247075883,697.2370738898979,699.3536376953125,14295714,0.0,0.0
2022-04-01 00:00:00+05:30,702.2312005284535,718.2126085501743,699.3298234571498,716.31005859375,14568556,0.0,0.0
2022-04-04 00:00:00+05:30,751.5072124484601,819.0952862089551,743.2073617126769,788.0361938476562,97450970,0.0,0.0
2022-04-05 00:00:00+05:30,792.7450201895066,792.7450201895066,761.9712963036054,764.9440307617188,30922582,0.0,0.0
2022-04-06 00:00:00+05:30,755.1696875243184,756.1685727920734,735.9777246900588,737.6424560546875,27027860,0.0,0.0
2022-04-07 00:00:00+05:30,733.1001422646726,733.1238893042467,719.9725000942207,721.4232177734375,40781732,0.0,0.0
2022-04-08 00:00:00+05:30,719.211478547381,725.7039422730295,712.1720781256234,720.4243774414062,41256322,0.0,0.0
2022-04-11 00:00:00+05:30,716.3101402599004,718.2126904332335,710.2457615824013,711.6251220703125,20799066,0.0,0.0
2022-04-12 00:00:00+05:30,705.8460070134646,716.7143116143333,704.0148143622292,710.3645629882812,27435402,0.0,0.0
2022-04-13 00:00:00+05:30,708.6998371784712,714.5502013407392,695.691163859955,696.7850952148438,28892520,0.0,0.0
2022-04-18 00:00:00+05:30,674.8582617385757,680.9464450214841,661.15993644386,663.7283325195312,45620376,0.0,0.0
2022-04-19 00:00:00+05:30,656.8078410106541,660.9221170332797,631.1709679279387,638.400634765625,74096022,0.0,0.0
2022-04-20 00:00:00+05:30,644.2271219225465,646.8193808657757,635.1424582257645,644.1558227539062,49325736,0.0,0.0
2022-04-21 00:00:00+05:30,649.2451838249173,656.2846420095574,643.6802483309051,653.6923828125,52446270,0.0,0.0
2022-04-22 00:00:00+05:30,646.8669864904109,654.168010350688,641.706331335433,644.774169921875,20659148,0.0,0.0
2022-04-25 00:00:00+05:30,642.1105776037376,651.9325028659932,628.9116379529942,649.6018676757812,20935488,0.0,0.0
2022-04-26 00:00:00+05:30,652.5746446077407,657.3072144691479,645.5114394033479,652.5984497070312,17016842,0.0,0.0
2022-04-27 00:00:00+05:30,646.8670295884091,655.9041425017765,645.0120316413157,652.8363037109375,18054334,0.0,0.0
2022-04-28 00:00:00+05:30,652.5746789306378,655.9041415782432,647.8658558596376,652.2655029296875,20773722,0.0,0.0
2022-04-29 00:00:00+05:30,656.5462894086016,668.1518573977863,652.3607137487355,658.5677490234375,28401476,0.0,0.0
2022-05-02 00:00:00+05:30,647.8420288557909,668.9602857363819,647.8420288557909,667.6522827148438,19494316,0.0,0.0
2022-05-04 00:00:00+05:30,665.8924654170124,667.6047487158417,642.1105916521191,644.9644165039062,29055916,0.0,0.0
2022-05-05 00:00:00+05:30,654.0015630179496,654.0015630179496,640.4458942572139,643.5137329101562,17862912,0.0,0.0
2022-05-06 00:00:00+05:30,632.5978677162095,634.9760551888268,624.5120303093106,626.699951171875,26731268,0.0,0.0
2022-05-09 00:00:00+05:30,618.32874885627,630.9331425829555,616.1883801102291,627.7701416015625,32762434,0.0,0.0
2022-05-10 00:00:00+05:30,625.4871236116026,643.537543685614,625.4871236116026,637.8536987304688,20113812,0.0,0.0
2022-05-11 00:00:00+05:30,643.5375186995411,644.4887936717504,631.9557575251372,641.4447021484375,17102924,0.0,0.0
2022-05-12 00:00:00+05:30,635.6706993369925,638.4133907389254,622.1498973824371,626.9856567382812,22382290,7.75,0.0
2022-05-13 00:00:00+05:30,630.353891041967,634.1791515037851,619.2629499130284,621.3560180664062,16768238,0.0,0.0
2022-05-16 00:00:00+05:30,625.0368734940553,631.292053906236,618.4448991695826,627.9719848632812,9804356,0.0,0.0
2022-05-17 00:00:00+05:30,631.5807479648557,633.6978977151113,624.6519209350625,632.25439453125,16641444,0.0,0.0
2022-05-18 00:00:00+05:30,637.0901630861314,641.5409646353346,630.3297329141748,632.206298828125,15732384,0.0,0.0
2022-05-19 00:00:00+05:30,618.8779477207698,623.7858941010936,615.0767694162303,619.2869873046875,20537506,0.0,0.0
2022-05-20 00:00:00+05:30,626.9615731938593,637.1623059170763,621.837124950426,635.5985107421875,13919350,0.0,0.0
2022-05-23 00:00:00+05:30,632.2544265466233,639.9290287015857,625.0850152898169,627.4427490234375,19486320,0.0,0.0
2022-05-24 00:00:00+05:30,625.5180642227122,637.5472577654566,624.0264559706711,634.6361694335938,12870796,0.0,0.0
2022-05-25 00:00:00+05:30,639.9531102298189,642.8160348600121,636.6811460213428,639.375732421875,12887112,0.0,0.0
2022-05-26 00:00:00+05:30,645.7993054909392,659.6809832899339,644.7647830842534,657.6119384765625,26992428,0.0,0.0
2022-05-27 00:00:00+05:30,660.0659236596756,671.0846178237094,659.5606740424182,669.8095703125,24031718,0.0,0.0
2022-05-30 00:00:00+05:30,678.5668121550864,683.4987815396562,672.8890092715018,674.3806762695312,12624674,0.0,0.0
2022-05-31 00:00:00+05:30,671.6620219389589,675.9444263294629,664.0114435593856,668.31787109375,13485388,0.0,0.0
2022-06-01 00:00:00+05:30,664.0115306279351,673.8513881488794,663.6025497657505,671.1568603515625,12091896,0.0,0.0
2022-06-02 00:00:00+05:30,667.4999765351084,667.860852355906,663.3378636546508,666.4654541015625,11475020,0.0,0.0
2022-06-03 00:00:00+05:30,672.8169034842749,673.995741003826,662.231212745682,664.1558837890625,6957244,0.0,0.0
2022-06-06 00:00:00+05:30,662.2312223234171,667.3796939444019,654.7009350100217,663.2656860351562,6173266,0.0,0.0
2022-06-07 00:00:00+05:30,655.3505322636607,661.2689195958052,651.5492949621544,655.6392211914062,10253966,0.0,0.0
2022-06-08 00:00:00+05:30,660.7876929692908,664.4926611407994,652.9446351687653,657.9487915039062,5986588,0.0,0.0
2022-06-09 00:00:00+05:30,655.4707065684587,664.9978506282577,653.016763018599,662.9047241210938,7311816,0.0,0.0
2022-06-10 00:00:00+05:30,654.436222491499,658.213377451669,646.4969548898966,650.105712890625,9155430,0.0,0.0
2022-06-13 00:00:00+05:30,636.873696288998,639.9531819947298,629.5118640988112,638.3171997070312,10892572,0.0,0.0
2022-06-14 00:00:00+05:30,630.9312384303023,638.0284630380025,627.9239398677174,631.2921142578125,11870356,0.0,0.0
2022-06-15 00:00:00+05:30,626.3120453531265,633.1205811087782,624.7482500861813,629.102783203125,11810470,0.0,0.0
2022-06-16 00:00:00+05:30,630.3297546494468,635.4060979237764,614.9323865969412,616.520263671875,12169192,0.0,0.0
2022-06-17 00:00:00+05:30,613.4888961209325,625.0369224008559,611.8529139840168,620.5861206054688,14723922,0.0,0.0
2022-06-20 00:00:00+05:30,627.7795517185277,637.547280721459,622.703267102487,636.1759643554688,15936840,0.0,0.0
2022-06-21 00:00:00+05:30,643.2731943331319,651.5011513361289,637.0902003236198,643.1047973632812,13220684,0.0,0.0
2022-06-22 00:00:00+05:30,641.0356997049206,643.2971645111071,636.6811083122385,640.0733642578125,8159698,0.0,0.0
2022-06-23 00:00:00+05:30,640.1936496695923,648.6140847460432,634.4196370457403,642.4310913085938,15372244,0.0,0.0
2022-06-24 00:00:00+05:30,644.067099221751,655.1820622227635,644.067099221751,651.4049072265625,8013432,0.0,0.0
2022-06-27 00:00:00+05:30,659.1998582409274,662.0868649193548,650.5388382056451,652.5838012695312,9804164,0.0,0.0
2022-06-28 00:00:00+05:30,646.6894682409041,650.0576425546589,643.9949405371601,647.6036987304688,9770574,0.0,0.0
2022-06-29 00:00:00+05:30,640.5545375901551,649.9373082816165,640.5545375901551,646.6653442382812,9994046,0.0,0.0
2022-06-30 00:00:00+05:30,642.8401831561805,651.5012035879254,642.8401831561805,648.6141967773438,12475822,0.0,0.0
2022-07-01 00:00:00+05:30,646.6653918015329,654.3881578947369,639.9772068826776,651.380859375,11472452,0.0,0.0
2022-07-04 00:00:00+05:30,651.35673163144,654.4843218717582,645.8473846257052,652.2950439453125,8487480,0.0,0.0
2022-07-05 00:00:00+05:30,656.3128389795442,663.6987525096566,648.7585284770123,650.8275146484375,14325718,0.0,0.0
2022-07-06 00:00:00+05:30,648.6140594732794,660.8357307981499,648.1809967961057,659.8012084960938,15049078,0.0,0.0
2022-07-07 00:00:00+05:30,664.0114788767993,672.6724981664967,661.3409744346241,671.6139526367188,17743142,0.0,0.0
2022-07-08 00:00:00+05:30,678.4465781386755,678.4465781386755,671.1087694034876,672.239501953125,12474030,0.0,0.0
2022-07-11 00:00:00+05:30,670.7479156721298,678.3984954675878,670.3870398207998,676.5941162109375,7462880,0.0,0.0
2022-07-12 00:00:00+05:30,676.1610141176355,676.1610141176355,668.5345166503326,669.6893310546875,9876974,0.0,0.0
2022-07-13 00:00:00+05:30,668.823255561398,670.844136867853,651.6215063626066,653.3536987304688,15945610,0.0,0.0
2022-07-14 00:00:00+05:30,655.350489555198,660.4749379498609,649.215600611124,650.0817260742188,10372410,0.0,0.0
2022-07-15 00:00:00+05:30,651.0199203901375,656.745827963444,648.0367040425124,655.37451171875,13595646,0.0,0.0
2022-07-18 00:00:00+05:30,648.6142070978419,657.3233327010787,645.7512821263163,648.397705078125,20332220,0.0,0.0
2022-07-19 00:00:00+05:30,643.3212566690205,653.690444771779,643.3212566690205,648.63818359375,15792538,0.0,0.0
2022-07-20 00:00:00+05:30,654.3400285637287,659.7290838164299,652.1025868008825,656.8180541992188,20347862,0.0,0.0
2022-07-21 00:00:00+05:30,654.6528133808986,658.9592412990309,653.473917137891,654.7490234375,12640278,0.0,0.0
2022-07-22 00:00:00+05:30,657.2751172050325,672.1913167902127,655.5429251294964,670.0260620117188,12729592,0.0,0.0
2022-07-25 00:00:00+05:30,671.2290446761094,675.8482435588785,665.5994052152816,671.9989013671875,10143126,0.0,0.0
2022-07-26 00:00:00+05:30,671.710190933296,674.5971974845852,667.0428871698978,670.6275634765625,8527964,0.0,0.0
2022-07-27 00:00:00+05:30,668.2938535156615,676.5218097245117,666.0564118856013,675.751953125,9212778,0.0,0.0
2022-07-28 00:00:00+05:30,680.8764259957169,685.1828537236895,678.9276731770548,681.7424926757812,17420406,0.0,0.0
2022-07-29 00:00:00+05:30,691.9192814074022,692.207970333886,680.9967960785934,690.0908203125,20019736,0.0,0.0
2022-08-01 00:00:00+05:30,692.4003980885738,696.9474098698968,688.0939701842794,695.8407592773438,13193036,0.0,0.0
2022-08-02 00:00:00+05:30,693.8439682372236,695.0949927711118,684.7258619133711,688.1902465820312,15036510,0.0,0.0
2022-08-03 00:00:00+05:30,685.6399502739025,690.8365853805471,681.8146902206062,689.8020629882812,10975498,0.0,0.0
2022-08-04 00:00:00+05:30,692.8815166078793,696.1053168364679,679.8659062909707,688.9840698242188,12012206,0.0,0.0
2022-08-05 00:00:00+05:30,689.5133762386452,691.4139653304088,683.8115502270574,686.6504516601562,9268982,0.0,0.0
2022-08-08 00:00:00+05:30,687.1076072249125,704.6702316392747,686.674544464695,703.4913940429688,15357736,0.0,0.0
2022-08-10 00:00:00+05:30,703.154439415044,708.0383035448924,697.2361116710222,705.5362548828125,17353102,0.0,0.0
2022-08-11 00:00:00+05:30,715.2558683433389,717.421123242461,709.5059371613006,714.8709106445312,18301766,0.0,0.0
2022-08-12 00:00:00+05:30,714.534075300651,716.6031200233123,710.1794838724827,714.6062622070312,8850370,0.0,0.0
2022-08-16 00:00:00+05:30,719.2495616686834,725.8415362160341,716.0016794217771,722.7861328125,12563756,0.0,0.0
2022-08-17 00:00:00+05:30,721.7516859147646,727.88657524504,714.8950448985743,726.5152587890625,12384350,0.0,0.0
2022-08-18 00:00:00+05:30,721.7515867041628,728.4398298215469,721.5831897478574,727.3812255859375,8342138,0.0,0.0
2022-08-19 00:00:00+05:30,726.563301596116,727.5256370949188,716.939946608088,718.4075317382812,8063702,0.0,0.0
2022-08-22 00:00:00+05:30,714.4379561754013,716.1460665835506,706.2099399993691,707.4850463867188,8234066,0.0,0.0
2022-08-23 00:00:00+05:30,699.2811184238794,710.1795210324121,697.8857201939286,705.2957153320312,14966884,0.0,0.0
2022-08-24 00:00:00+05:30,703.4191637412739,709.9630335639699,702.1199755407531,708.6879272460938,13455520,0.0,0.0
2022-08-25 00:00:00+05:30,712.0801600941289,715.4002292936442,701.0614069473538,704.8385620117188,11823040,0.0,0.0
2022-08-26 00:00:00+05:30,708.303013425697,712.9943990116683,703.0822963230394,704.9588623046875,7706176,0.0,0.0
2022-08-29 00:00:00+05:30,691.4380811198513,695.7685910224809,687.3962601301372,692.5928955078125,8653178,0.0,0.0
2022-08-30 00:00:00+05:30,695.9850421787525,716.9158385123882,694.3731420244557,715.0633544921875,10135400,0.0,0.0
2022-09-01 00:00:00+05:30,704.7905427827354,716.6753640786104,702.0238279023799,708.3511962890625,22403136,0.0,0.0
2022-09-02 00:00:00+05:30,708.351141283871,717.1805580778581,705.0069900550793,714.7747192382812,12038086,0.0,0.0
2022-09-05 00:00:00+05:30,715.0633864131738,721.2704621778411,714.101050906599,719.369873046875,12131932,0.0,0.0
2022-09-06 00:00:00+05:30,721.2223729044177,724.951423073854,715.2317990033503,716.627197265625,12238696,0.0,0.0
2022-09-07 00:00:00+05:30,707.9421400567993,716.9399535633776,707.9421400567993,713.2349853515625,9776206,0.0,0.0
2022-09-08 00:00:00+05:30,716.9881044068499,721.7516772237872,713.1628440120845,720.5968627929688,11164690,0.0,0.0
2022-09-09 00:00:00+05:30,719.9231885431478,726.0821594471598,718.8887248344994,721.0780029296875,15128888,0.0,0.0
2022-09-12 00:00:00+05:30,721.7516408855068,723.6763119278681,716.9399632796035,718.6481323242188,11080492,0.0,0.0
2022-09-13 00:00:00+05:30,721.2223124269915,729.4021637256475,721.0539154710427,728.0548706054688,13001966,0.0,0.0
2022-09-14 00:00:00+05:30,718.8887165967504,740.4690789237419,718.0706961615213,735.537109375,20219760,0.0,0.0
2022-09-15 00:00:00+05:30,736.1866756721654,741.4554391702014,727.5256559583752,731.7117919921875,13539372,0.0,0.0
2022-09-16 00:00:00+05:30,723.2432582308112,728.8247925761237,713.5717978693896,718.26318359375,20560046,0.0,0.0
2022-09-19 00:00:00+05:30,716.4588155669953,728.4880099183553,712.1283056005058,723.002685546875,12076038,0.0,0.0
2022-09-20 00:00:00+05:30,728.4879914821296,733.299669100902,726.5152154056927,731.7117919921875,10781668,0.0,0.0
2022-09-21 00:00:00+05:30,725.6009801321287,732.0967448746909,724.1574768560039,730.5810546875,9072304,0.0,0.0
2022-09-22 00:00:00+05:30,722.7139425983661,726.6354714109892,713.4514636402978,715.0152587890625,12048144,0.0,0.0
2022-09-23 00:00:00+05:30,708.4473309391279,709.7224372346395,691.438062580459,695.8407592773438,15806252,0.0,0.0
2022-09-26 00:00:00+05:30,685.8324662197185,691.1734166960763,682.2958948729614,686.4580078125,8923486,0.0,0.0
2022-09-27 00:00:00+05:30,689.2247583187195,692.881621797613,677.0030846314178,680.299072265625,12639700,0.0,0.0
2022-09-28 00:00:00+05:30,676.5218139126857,678.7351736760943,666.8503544937673,668.6066284179688,11816132,0.0,0.0
2022-09-29 00:00:00+05:30,671.8545371114053,674.6933797809945,663.434101683277,665.1422119140625,14410388,0.0,0.0
2022-09-30 00:00:00+05:30,663.4340639656767,688.7674969815789,656.7939260539112,683.90771484375,15781756,0.0,0.0
2022-10-03 00:00:00+05:30,678.4224718418965,682.22370896109,674.1641488370536,679.9862670898438,11541112,0.0,0.0
2022-10-04 00:00:00+05:30,687.8293370288237,701.5426186694823,686.2174367235855,699.1367797851562,11538526,0.0,0.0
2022-10-06 00:00:00+05:30,702.4808255656671,703.7559318367181,690.0907561363719,691.4380493164062,12549198,0.0,0.0
2022-10-07 00:00:00+05:30,688.1901682297433,690.4516331398249,683.4265958004532,688.454833984375,13297994,0.0,0.0
2022-10-10 00:00:00+05:30,677.4842424911661,686.1452626366498,672.7687746952154,680.8524169921875,13109302,0.0,0.0
2022-10-11 00:00:00+05:30,674.1641338324686,681.8147129301799,673.3701952846903,673.9476318359375,14521620,0.0,0.0
2022-10-12 00:00:00+05:30,675.1745875438293,680.7802037798269,672.3357447059547,678.350341796875,9225050,0.0,0.0
2022-10-13 00:00:00+05:30,674.6213229862772,676.6422042083251,665.9362208884066,670.555419921875,14714234,0.0,0.0
2022-10-14 00:00:00+05:30,681.8147602518703,696.249793990442,680.9727166171202,692.4004516601562,12849920,0.0,0.0
2022-10-17 00:00:00+05:30,690.4757528984051,701.3501327995798,686.626410721968,696.0332641601562,18410500,0.0,0.0
2022-10-18 00:00:00+05:30,701.5666873690876,703.90033929577,692.8815856653596,694.7340698242188,10561108,0.0,0.0
2022-10-19 00:00:00+05:30,704.4296436407238,710.8773037655702,699.3292768206403,701.8554077148438,12967040,0.0,0.0
2022-10-20 00:00:00+05:30,694.8062769145736,699.0886819198254,694.0845252418784,697.1159057617188,7898078,0.0,0.0
2022-10-21 00:00:00+05:30,698.6555450817992,701.3741545079234,689.9945259278926,692.2078857421875,10492606,0.0,0.0
2022-10-24 00:00:00+05:30,699.7623104281301,703.9484465267632,699.7623104281301,703.0101928710938,2167794,0.0,0.0
2022-10-25 00:00:00+05:30,703.0342306280569,706.2580899913314,695.2874411281454,698.1263427734375,13773394,0.0,0.0
2022-10-27 00:00:00+05:30,704.6700846745274,706.0414008489644,698.294612757875,699.810302734375,15937276,0.0,0.0
2022-10-28 00:00:00+05:30,697.6931978037887,705.8730490883848,696.442173472227,701.8793334960938,10474278,0.0,0.0
2022-10-31 00:00:00+05:30,708.2789972666101,720.7893599900692,705.9934502305936,720.163818359375,12830528,0.0,0.0
2022-11-01 00:00:00+05:30,723.4356897777316,735.7054670237125,721.2223299433629,728.1270751953125,19073756,0.0,0.0
2022-11-02 00:00:00+05:30,729.931460645262,735.34459771333,727.33314310533,728.5841674804688,12720406,0.0,0.0
2022-11-03 00:00:00+05:30,720.6449717888227,731.4953288906344,720.3081778321194,725.384521484375,10332352,0.0,0.0
2022-11-04 00:00:00+05:30,723.2914009917648,729.4984772519798,716.7475307718796,720.38037109375,10818060,0.0,0.0
2022-11-07 00:00:00+05:30,726.5633397491442,727.5256752984809,717.9504248353214,725.9859619140625,9835834,0.0,0.0
2022-11-09 00:00:00+05:30,728.9932685473082,730.3886081201978,723.6763410840517,725.7694091796875,9269790,0.0,0.0
2022-11-10 00:00:00+05:30,720.3562225050898,734.7431498920162,719.3698638652188,733.6605224609375,12774182,0.0,0.0
2022-11-11 00:00:00+05:30,743.4041999414936,787.6716345011165,740.0360255728266,775.2334594726562,56722338,0.0,0.0
2022-11-14 00:00:00+05:30,775.6424002436796,783.341084117066,768.9060518544665,777.1099853515625,19195390,0.0,0.0
2022-11-15 00:00:00+05:30,781.0074169195871,781.0074169195871,772.3945027587589,779.0105590820312,11030202,0.0,0.0
2022-11-16 00:00:00+05:30,778.8421514086572,790.0774060630871,775.6423742836154,785.6987915039062,13578150,0.0,0.0
2022-11-17 00:00:00+05:30,778.5775416526076,785.0492832742325,776.5566605526772,778.6016235351562,12100930,0.0,0.0
2022-11-18 00:00:00+05:30,779.9729198902146,780.9352553866862,772.3945278555009,776.556640625,10459232,0.0,0.0
2022-11-21 00:00:00+05:30,773.549312831949,775.6423807100551,765.1529007022125,768.59326171875,8344816,0.0,0.0
2022-11-22 00:00:00+05:30,769.8684242750784,771.9614923063164,765.5379143885311,767.4625854492188,8546314,0.0,0.0
2022-11-23 00:00:00+05:30,772.2741699253228,772.2741699253228,766.9813251470183,769.4593505859375,10185738,0.0,0.0
2022-11-24 00:00:00+05:30,772.7313917879773,785.2658362595581,769.4594860453441,781.9698486328125,17197960,0.0,0.0
2022-11-25 00:00:00+05:30,784.1590590980275,785.1213945985398,776.6528539412901,778.3610229492188,8410496,0.0,0.0
2022-11-28 00:00:00+05:30,771.2638148082744,773.4530928760762,767.0054918764588,769.9887084960938,16105980,0.0,0.0
2022-11-29 00:00:00+05:30,768.5451734076865,775.8107945409757,766.4280236025191,768.8338623046875,12638236,0.0,0.0
2022-11-30 00:00:00+05:30,768.4729621678146,776.0754357204742,768.4729621678146,773.9342041015625,15184806,0.0,0.0
2022-12-01 00:00:00+05:30,780.454140154658,787.6716568638566,777.0859656903655,779.251220703125,20446366,0.0,0.0
2022-12-02 00:00:00+05:30,774.6800661706023,778.8180970128258,772.3464143644907,773.28466796875,7811078,0.0,0.0
2022-12-05 00:00:00+05:30,774.6559840761946,776.893425827618,768.0399276122688,776.0994873046875,11592622,0.0,0.0
2022-12-06 00:00:00+05:30,770.3495948908293,776.4604020366052,769.8684271238768,775.2334594726562,12353092,0.0,0.0
2022-12-07 00:00:00+05:30,776.6769624240152,778.8181354914701,772.0095998448971,774.8966064453125,11674720,0.0,0.0
2022-12-08 00:00:00+05:30,774.6801267872993,782.378811277111,772.2742878842332,779.251220703125,14803634,0.0,0.0
2022-12-09 00:00:00+05:30,782.3787950839879,786.637118107019,779.4917884600618,784.8087158203125,11963384,0.0,0.0
2022-12-12 00:00:00+05:30,781.897599252911,795.6589852525027,780.1654070879796,790.9194946289062,14434808,0.0,0.0
2022-12-13 00:00:00+05:30,793.9267873639345,797.2949616133573,791.5209486143468,793.1088256835938,17031702,0.0,0.0
2022-12-14 00:00:00+05:30,795.3703041942985,801.3849011709643,793.9268009198986,799.8211059570312,14227640,0.0,0.0
2022-12-15 00:00:00+05:30,797.319103295872,803.2615137057865,782.88406971569,785.1696166992188,18182648,0.0,0.0
2022-12-16 00:00:00+05:30,779.5158401167187,791.5690570624564,774.1989129626363,788.9467163085938,14647958,0.0,0.0
2022-12-19 00:00:00+05:30,791.0397589631783,792.3148652124158,782.4749497572581,791.400634765625,9604542,0.0,0.0
2022-12-20 00:00:00+05:30,779.5880032718654,787.3829564457624,779.5880032718654,785.939453125,7174698,0.0,0.0
2022-12-21 00:00:00+05:30,789.5962507751079,791.4247116571615,773.0200458484181,778.3369140625,9269198,0.0,0.0
2022-12-22 00:00:00+05:30,780.5503096365309,783.1005222357195,774.1989187571569,775.66650390625,9747096,0.0,0.0
2022-12-23 00:00:00+05:30,763.6132225912555,771.8652612871225,762.867389080973,768.7376708984375,10693152,0.0,0.0
2022-12-26 00:00:00+05:30,769.6278667926638,788.6339941689127,765.0567728667305,784.038818359375,9907322,0.0,0.0
2022-12-27 00:00:00+05:30,785.7469942121562,787.1664156857469,776.3642223890472,784.832763671875,7926772,0.0,0.0
2022-12-28 00:00:00+05:30,780.9833552219441,785.7469276450677,780.9833552219441,784.2072143554688,8691870,0.0,0.0
2022-12-29 00:00:00+05:30,779.5398699494827,790.7992071900476,775.1612551160126,789.7406616210938,11012896,0.0,0.0
2022-12-30 00:00:00+05:30,791.5209337293505,791.5209337293505,779.4917402076278,783.4132690429688,7122640,0.0,0.0
2023-01-02 00:00:00+05:30,782.8599557722763,788.9948447926183,778.7941116415499,783.6779174804688,4381378,0.0,0.0
2023-01-03 00:00:00+05:30,780.5502688048173,790.5585810922254,780.5502688048173,788.8023071289062,8378030,0.0,0.0
2023-01-04 00:00:00+05:30,786.709274515468,791.8818278494382,773.2365774595456,774.7041625976562,10351600,0.0,0.0
2023-01-05 00:00:00+05:30,777.085950452134,778.5535356487463,764.7680672572426,769.7240600585938,10941436,0.0,0.0
2023-01-06 00:00:00+05:30,770.8306910669477,774.2469701477634,759.3788757825465,767.173828125,9092462,0.0,0.0
2023-01-09 00:00:00+05:30,767.9437146970364,775.4258965646997,765.0567082508069,768.6654663085938,10729340,0.0,0.0
2023-01-10 00:00:00+05:30,769.8684118966518,769.8684118966518,753.0275403864125,754.6154174804688,16371766,0.0,0.0
2023-01-11 00:00:00+05:30,754.4469115539331,768.9060251968651,750.6216516314828,765.48974609375,15195798,0.0,0.0
2023-01-12 00:00:00+05:30,763.998177755398,771.7449667913606,762.2419037187744,769.5797119140625,9250070,0.0,0.0
2023-01-13 00:00:00+05:30,769.2669218933805,774.6319539246812,763.1320332277727,770.18115234375,9244546,0.0,0.0
2023-01-16 00:00:00+05:30,777.0860095167562,780.117390200105,760.3895100823422,762.7953491210938,14748094,0.0,0.0
2023-01-17 00:00:00+05:30,764.9605254372576,775.1612584159965,759.0421385172157,774.1508178710938,10786354,0.0,0.0
2023-01-18 00:00:00+05:30,772.274237215273,789.884965083016,769.724024650822,787.8159790039062,19090642,0.0,0.0
2023-01-19 00:00:00+05:30,787.6716113274065,793.9267921137573,785.7469403162216,791.087890625,11172162,0.0,0.0
2023-01-20 00:00:00+05:30,791.0878917418223,803.068980550622,790.7510978089086,799.195556640625,18843404,0.0,0.0
2023-01-23 00:00:00+05:30,801.7458215030824,809.6129030380878,799.4121694938297,805.0418090820312,15444400,0.0,0.0
2023-01-24 00:00:00+05:30,805.9800286815163,819.139954334254,805.9559468005266,815.8198852539062,24983940,0.0,0.0
2023-01-25 00:00:00+05:30,813.8471429635326,814.5929177332151,791.6653214666925,793.2772216796875,14704142,0.0,0.0
2023-01-27 00:00:00+05:30,785.2657804091282,787.6716191971464,765.032652707376,777.4708862304688,35179948,0.0,0.0
2023-01-30 00:00:00+05:30,767.4626270039054,782.0420345725445,761.2074457179801,776.677001953125,18512822,0.0,0.0
2023-01-31 00:00:00+05:30,779.3473843212695,780.7908875770869,767.4625643428925,771.552490234375,18596244,0.0,0.0
2023-02-01 00:00:00+05:30,781.4163428934012,801.1442185452667,772.7553243145335,783.12451171875,17302790,0.0,0.0
2023-02-02 00:00:00+05:30,773.7658324138648,781.6569951120864,764.4552483744704,771.4802856445312,17497106,0.0,0.0
2023-02-03 00:00:00+05:30,775.1612302770866,798.9790334420251,773.2365593142633,798.1610717773438,14411100,0.0,0.0
2023-02-06 00:00:00+05:30,798.7385552846413,803.2615443931525,792.0984160895605,794.7689208984375,11167672,0.0,0.0
2023-02-07 00:00:00+05:30,798.449739262286,801.0961617651983,785.5544206626682,795.9476318359375,10264588,0.0,0.0
2023-02-08 00:00:00+05:30,795.9717934088378,802.6840603891873,793.9268303609384,795.8515014648438,8444826,0.0,0.0
2023-02-09 00:00:00+05:30,798.738479108453,799.5324176572361,786.9739509076702,794.1914672851562,11777336,0.0,0.0
2023-02-10 00:00:00+05:30,793.3494214707791,798.0167252205403,790.173667284601,797.3430786132812,8172116,0.0,0.0
2023-02-13 00:00:00+05:30,796.3326188427218,799.5805011250109,791.3044393965116,797.9445190429688,5736944,0.0,0.0
2023-02-14 00:00:00+05:30,801.1443083812574,807.1589052910266,797.7520522296284,805.3304443359375,10908592,0.0,0.0
2023-02-15 00:00:00+05:30,807.3995485525281,807.3995485525281,797.1747330538742,803.694580078125,11438712,0.0,0.0
2023-02-16 00:00:00+05:30,805.0898752375481,809.2760700053668,799.2196520403804,800.783447265625,8062500,0.0,0.0
2023-02-17 00:00:00+05:30,799.2196298038508,802.6599909509282,790.5345284538475,796.7656860351562,8956270,0.0,0.0
2023-02-20 00:00:00+05:30,798.7384045852328,803.2854159842882,786.61300169689,789.283447265625,8086706,0.0,0.0
2023-02-21 00:00:00+05:30,789.1150855033404,799.8691726347396,786.2280790929624,792.24267578125,12389296,0.0,0.0
2023-02-22 00:00:00+05:30,788.6339109553685,790.0533322670238,774.222960909244,776.700927734375,10359102,0.0,0.0
2023-02-23 00:00:00+05:30,776.1235754720026,778.9383950431011,766.0671578181314,771.4321899414062,27882010,0.0,0.0
2023-02-24 00:00:00+05:30,778.4813560195853,778.4813560195853,762.7471345130758,764.551513671875,17061740,0.0,0.0
2023-02-27 00:00:00+05:30,763.0839740657053,769.3872600713753,758.9459430133319,766.4521484375,14312972,0.0,0.0
2023-02-28 00:00:00+05:30,766.0189795071293,772.4185334208952,764.4311026003177,769.6758422851562,18993992,0.0,0.0
2023-03-01 00:00:00+05:30,775.6423810879135,776.1235488181169,767.8234054721079,768.9301147460938,14137256,0.0,0.0
2023-03-02 00:00:00+05:30,766.9813446479279,772.7312753996731,761.2073320156976,762.3861694335938,17391814,0.0,0.0
2023-03-03 00:00:00+05:30,767.943731924865,779.4917579688479,764.094389910204,777.5189819335938,14986234,0.0,0.0
2023-03-06 00:00:00+05:30,779.4917852900815,788.8504748967295,778.5535316356411,783.0043334960938,27004710,0.0,0.0
2023-03-08 00:00:00+05:30,779.4917718675084,788.8745431955432,779.4917718675084,784.568115234375,20099774,0.0,0.0
2023-03-09 00:00:00+05:30,784.27938296168,791.9780672791738,782.859961535162,784.6402587890625,20700166,0.0,0.0
2023-03-10 00:00:00+05:30,774.8965254691125,776.4844024279287,762.650830579871,764.4071044921875,27387000,0.0,0.0
2023-03-13 00:00:00+05:30,764.0462404475056,771.6968190039678,753.0034059433883,754.7356567382812,26443550,0.0,0.0
2023-03-14 00:00:00+05:30,755.5536842804477,761.9772622068983,750.2849207392273,752.7147827148438,33185612,0.0,0.0
2023-03-15 00:00:00+05:30,759.2827424375032,761.6404762620406,739.3623849761033,741.91259765625,37264754,0.0,0.0
2023-03-16 00:00:00+05:30,740.5171674402086,750.1886274704333,737.1730750713688,746.7242431640625,21753342,0.0,0.0
2023-03-17 00:00:00+05:30,749.4187927190782,759.8601097073861,740.9983568458301,756.70849609375,22950876,0.0,0.0
2023-03-20 00:00:00+05:30,754.4469617185391,754.5191486294086,743.596664030981,751.4637451171875,26503114,0.0,0.0
2023-03-21 00:00:00+05:30,756.371588709314,761.4479317488242,748.7931969715295,759.9803466796875,33050494,0.0,0.0
2023-03-22 00:00:00+05:30,762.1697342790129,763.156151684689,753.1719206327385,758.2241821289062,14177324,0.0,0.0
2023-03-23 00:00:00+05:30,754.350750068819,765.225129615806,749.9240302046185,752.1373901367188,28364178,0.0,0.0
2023-03-24 00:00:00+05:30,750.6216774626521,757.3099208232004,748.1917568712191,750.9344482421875,31477748,0.0,0.0
2023-03-27 00:00:00+05:30,751.6802900278751,759.9804343168659,750.0924715795884,754.2064208984375,31872006,0.0,0.0
2023-03-28 00:00:00+05:30,753.3643152523856,761.6404357125624,752.5944586072359,760.3412475585938,39276302,0.0,0.0
2023-03-29 00:00:00+05:30,762.1697080199377,770.8307274292553,761.1592675027767,763.9981689453125,39763612,0.0,0.0
2023-03-31 00:00:00+05:30,767.7511762682442,776.0994241800914,766.2114631109374,774.4635009765625,34711228,0.0,0.0
2023-04-03 00:00:00+05:30,773.5012598964762,777.422730170773,771.1916311425683,774.9447631835938,40025398,0.0,0.0
2023-04-05 00:00:00+05:30,778.8181422765023,796.8138286564626,777.56711781935,795.731201171875,43365392,0.0,0.0
2023-04-06 00:00:00+05:30,793.2291334002176,803.1652006446278,792.5314049071793,801.7938842773438,44637344,0.0,0.0
2023-04-10 00:00:00+05:30,800.3022433921424,804.0312933763835,795.8514417980481,797.9926147460938,31813286,0.0,0.0
2023-04-11 00:00:00+05:30,798.2573710049368,803.2615278145549,794.4561336814621,800.326416015625,42361542,0.0,0.0
2023-04-12 00:00:00+05:30,802.5878572606912,812.3074229248433,802.4916471991853,810.7196044921875,26955504,0.0,0.0
2023-04-13 00:00:00+05:30,812.3554958466677,816.5657134519994,807.4716316772242,814.352294921875,35330086,0.0,0.0
2023-04-17 00:00:00+05:30,827.6085198214015,827.6085198214015,795.5146547856368,801.938232421875,32405148,0.0,0.0
2023-04-18 00:00:00+05:30,803.550177070361,807.0386434079419,797.00630713609,798.5460205078125,29637226,0.0,0.0
2023-04-19 00:00:00+05:30,801.1442851788886,803.6944976892919,797.3671301762054,801.4810791015625,24741168,0.0,0.0
2023-04-20 00:00:00+05:30,804.3681477069183,807.1348624191324,801.8179937357015,804.4644165039062,32922716,0.0,0.0
2023-04-21 00:00:00+05:30,803.0689611623811,806.8942212156402,800.3022466466929,805.7634887695312,20128618,0.0,0.0
2023-04-24 00:00:00+05:30,811.7300315452851,813.8712046366431,805.5229555378388,812.2833862304688,35675852,0.0,0.0
2023-04-25 00:00:00+05:30,812.066755339811,812.066755339811,799.6526631336261,800.7352905273438,50353068,0.0,0.0
2023-04-26 00:00:00+05:30,798.738456878835,805.955973055451,796.3326181532963,804.416259765625,27392750,0.0,0.0
2023-04-27 00:00:00+05:30,803.7907560168101,810.8879805910382,801.5533141495392,808.843017578125,47790392,0.0,0.0
2023-04-28 00:00:00+05:30,810.6232785465422,813.6546588421882,803.5501361717647,812.0186767578125,27916272,0.0,0.0
2023-05-02 00:00:00+05:30,812.547950500037,817.5040017864336,809.3241500911014,811.8502807617188,32221184,0.0,0.0
2023-05-03 00:00:00+05:30,810.7435373497618,816.0604642226169,808.193383640843,814.6891479492188,29407270,0.0,0.0
2023-05-04 00:00:00+05:30,811.7781309061464,834.5614130090665,811.7781309061464,831.3616943359375,56854638,0.0,0.0
2023-05-05 00:00:00+05:30,788.6339045566583,799.1955126698393,780.5021582230617,782.2103271484375,62770416,0.0,0.0
2023-05-08 00:00:00+05:30,786.7093355416769,794.095249360511,784.3034965950662,791.25634765625,37244524,0.0,0.0
2023-05-09 00:00:00+05:30,793.8787132056606,796.813824847028,789.0910586660377,791.2803955078125,43688938,0.0,0.0
2023-05-10 00:00:00+05:30,791.2803925786036,796.1642571593527,785.7950682892969,794.937255859375,46340550,0.0,0.0
2023-05-11 00:00:00+05:30,801.216542964019,812.2112150220032,793.5659634923215,795.466552734375,35734618,0.0,0.0
2023-05-12 00:00:00+05:30,792.4833249747595,804.8974770572269,791.1601135942614,802.4916381835938,22478760,0.0,0.0
2023-05-15 00:00:00+05:30,804.5124814304968,808.7226992609494,801.1924121940802,806.3409423828125,18512260,0.0,0.0
2023-05-16 00:00:00+05:30,813.641207320555,813.641207320555,800.1113205928083,801.7174072265625,32722086,9.5,0.0
2023-05-17 00:00:00+05:30,803.0314612780545,803.0314612780545,791.0346460503185,797.4102172851562,30466868,0.0,0.0
2023-05-18 00:00:00+05:30,802.0580796447568,804.953835962047,798.1645938212387,800.5980224609375,49646942,0.0,0.0
2023-05-19 00:00:00+05:30,802.0581085513332,803.0314800422937,794.0521518021368,801.5227661132812,30460332,0.0,0.0
2023-05-22 00:00:00+05:30,800.5980440930408,804.4428733296279,794.6117857136817,798.6756591796875,28334032,0.0,0.0
2023-05-23 00:00:00+05:30,802.5447954516952,802.8367950174272,794.9768083346355,796.8018798828125,22470074,0.0,0.0
2023-05-24 00:00:00+05:30,792.1053982534182,795.6095118101778,785.3160965486113,786.3868408203125,33588112,0.0,0.0
2023-05-25 00:00:00+05:30,786.3380947431477,788.455225154943,777.407423655138,783.3693237304688,29776930,0.0,0.0
2023-05-26 00:00:00+05:30,787.944211421121,787.944211421121,779.7922252930767,786.3868408203125,26635066,0.0,0.0
2023-05-29 00:00:00+05:30,792.5676872978805,798.6512587386072,790.7912725552128,795.9744873046875,21816292,0.0,0.0
2023-05-30 00:00:00+05:30,795.0498137776772,799.4543434930372,792.5920864341458,796.5828857421875,37125928,0.0,0.0
2023-05-31 00:00:00+05:30,793.249109394473,795.706836766176,780.9602943063138,783.9777221679688,43334270,0.0,0.0
2023-06-01 00:00:00+05:30,788.3822976265084,788.3822976265084,778.6972388365025,780.6439819335938,50366938,0.0,0.0
2023-06-02 00:00:00+05:30,784.7563519232599,785.9001108734474,779.1838242892643,781.860595703125,17859710,0.0,0.0
2023-06-05 00:00:00+05:30,785.7541372012771,786.7275086936293,779.889550195903,780.838623046875,18697242,0.0,0.0
2023-06-06 00:00:00+05:30,782.4203085516023,783.4909933701617,774.9253365920524,778.4051513671875,32182852,0.0,0.0
2023-06-07 00:00:00+05:30,780.3762267164857,784.8051144822347,776.7504417142903,782.4446411132812,24949026,0.0,0.0
2023-06-08 00:00:00+05:30,780.278861070367,791.350960923385,780.278861070367,782.9312744140625,37395522,0.0,0.0
2023-06-09 00:00:00+05:30,786.4355374130215,787.7009085166137,782.1040222342899,783.8560791015625,18212578,0.0,0.0
2023-06-12 00:00:00+05:30,784.8051052341397,786.3868338718737,778.4294745818307,779.0865478515625,13408292,0.0,0.0
2023-06-13 00:00:00+05:30,773.8789730190645,783.0773452649356,773.8789730190645,780.4005737304688,27926108,0.0,0.0
2023-06-14 00:00:00+05:30,783.7830313619872,784.5374180278894,778.7945024942541,779.5488891601562,20113968,0.0,0.0
2023-06-15 00:00:00+05:30,780.6439096325554,781.5929230405386,768.4767664026215,769.961181640625,35377476,0.0,0.0
2023-06-16 00:00:00+05:30,772.4432372595309,783.1746215295391,770.9101653895649,780.0355224609375,15779272,0.0,0.0
2023-06-19 00:00:00+05:30,784.0507042851576,785.6324328940507,777.8941179716442,780.7169189453125,24829146,0.0,0.0
2023-06-20 00:00:00+05:30,780.7169656771292,784.0507512165266,774.1467079853705,782.3473510742188,20005626,0.0,0.0
2023-06-21 00:00:00+05:30,786.4841646307309,796.8262367213268,784.0507359035319,796.023193359375,24308946,0.0,0.0
2023-06-22 00:00:00+05:30,798.1646301932708,806.7059888717916,797.7023024946114,799.9166870117188,56596140,0.0,0.0
2023-06-23 00:00:00+05:30,796.9722855006775,807.8497002925832,795.2688853504051,799.8680419921875,21339218,0.0,0.0
2023-06-26 00:00:00+05:30,800.5979965482512,803.3964393933287,792.6649956756461,795.9988403320312,16130314,0.0,0.0
2023-06-27 00:00:00+05:30,799.6003360457688,814.1766100290189,797.4589662553369,807.2169799804688,33831864,0.0,0.0
2023-06-28 00:00:00+05:30,812.7651716503821,817.5833722744769,808.1416572008739,815.75830078125,59562950,0.0,0.0
2023-06-30 00:00:00+05:30,829.3124901661796,831.6486054517263,819.2137611926184,828.047119140625,40699016,0.0,0.0
2023-07-03 00:00:00+05:30,833.4493066629323,855.3501643562647,832.232592346636,837.0021362304688,44104116,0.0,0.0
2023-07-04 00:00:00+05:30,838.778513734139,850.2399866599931,834.0820438772298,841.0902709960938,38795188,0.0,0.0
2023-07-05 00:00:00+05:30,835.2744057361592,837.0994772709068,812.0595195781218,814.3712768554688,37165754,0.0,0.0
2023-07-06 00:00:00+05:30,814.2252369257229,821.4525082286525,808.0930085295972,815.1986083984375,52156544,0.0,0.0
2023-07-07 00:00:00+05:30,810.3317601084606,815.1986175265295,806.0976179186929,808.093017578125,19926336,0.0,0.0
2023-07-10 00:00:00+05:30,808.3850372058562,816.0503378295722,802.8854644229833,806.1705932617188,38398442,0.0,0.0
2023-07-11 00:00:00+05:30,809.3584077333511,815.6853225262156,800.841407050649,802.2528076171875,50670426,0.0,0.0
2023-07-12 00:00:00+05:30,805.6352319869237,810.9644765133695,791.9107178120092,794.7334594726562,70958358,0.0,0.0
2023-07-13 00:00:00+05:30,806.2921751723549,806.65718944724,797.2155343981111,798.6998901367188,41913546,0.0,0.0
2023-07-14 00:00:00+05:30,804.7835035114284,804.7835035114284,795.7311609024043,800.3546752929688,24727214,0.0,0.0
2023-07-17 00:00:00+05:30,803.0314502823962,818.6053935606003,794.7577929158504,817.0966796875,49252928,0.0,0.0
2023-07-18 00:00:00+05:30,826.3923403152943,829.3124545920268,812.7651403572094,816.415283203125,81076818,0.0,0.0
2023-07-19 00:00:00+05:30,818.1673927652148,821.8905505906512,815.1986216073076,820.1141357421875,32935134,0.0,0.0
2023-07-20 00:00:00+05:30,818.1917641303833,823.4722926593728,817.6320636334198,821.8905639648438,56210948,0.0,0.0
2023-07-21 00:00:00+05:30,817.6320741412428,822.4016183376864,814.3469452719253,815.5636596679688,42154248,0.0,0.0
2023-07-24 00:00:00+05:30,816.9019892100436,819.8951183000274,812.813817239081,816.8533325195312,32179444,0.0,0.0
2023-07-25 00:00:00+05:30,819.8951884245319,826.879117291901,816.853402383876,825.7110595703125,55992596,0.0,0.0
2023-07-26 00:00:00+05:30,827.1710534459679,827.1710534459679,821.5255108693627,822.8395385742188,24794358,0.0,0.0
2023-07-27 00:00:00+05:30,827.317122690067,828.8258366410838,811.5241343729674,814.2982788085938,59741302,0.0,0.0
2023-07-28 00:00:00+05:30,808.6283856221597,812.2298721075693,798.6999842928814,799.8680419921875,41015684,0.0,0.0
2023-07-31 00:00:00+05:30,803.0558374366854,806.3409662159895,797.5319067020986,803.615478515625,34565006,0.0,0.0
2023-08-01 00:00:00+05:30,805.1971747453257,811.5240891764785,803.0314470309211,808.9933471679688,35394188,0.0,0.0
2023-08-02 00:00:00+05:30,799.1379875966741,803.7615021412346,794.830830666086,798.407958984375,28116322,0.0,0.0
2023-08-03 00:00:00+05:30,798.1646183703506,803.6884896703888,789.8909607409018,792.6407470703125,57673946,0.0,0.0
2023-08-04 00:00:00+05:30,795.8041560498854,806.1948841477191,792.932698459204,804.1021118164062,37388304,0.0,0.0
2023-08-07 00:00:00+05:30,809.4070457041624,809.4070457041624,801.8391180613743,803.6398315429688,28300918,0.0,0.0
2023-08-08 00:00:00+05:30,803.8588478451442,805.7569341954113,799.1623777784342,802.9828491210938,43773828,0.0,0.0
2023-08-09 00:00:00+05:30,804.4915557001548,805.2215843350914,793.8331257481036,803.2748413085938,33361236,0.0,0.0
2023-08-10 00:00:00+05:30,801.5957522263969,805.099865704745,793.7844225264857,796.1448364257812,50781118,0.0,0.0
2023-08-11 00:00:00+05:30,797.385890968424,797.385890968424,786.5814324003055,787.8468627929688,28225822,0.0,0.0
2023-08-14 00:00:00+05:30,784.0507318876311,785.9974748594191,778.8188601509507,784.0020751953125,31304410,0.0,0.0
2023-08-16 00:00:00+05:30,770.4721710730195,783.3937010320665,769.5961724006356,781.714599609375,34137542,0.0,0.0
2023-08-17 00:00:00+05:30,777.529087744607,783.5153458133944,775.7770310495571,777.3831176757812,52884040,0.0,0.0
2023-08-18 00:00:00+05:30,772.6379419530916,776.8964420218484,771.6402124587459,774.1953125,25633366,0.0,0.0
2023-08-21 00:00:00+05:30,778.9405181779168,778.9405181779168,772.3702607612333,773.5869750976562,21837270,0.0,0.0
2023-08-22 00:00:00+05:30,776.9207377849476,777.7237811054864,768.963438139342,770.2774658203125,32273570,0.0,0.0
2023-08-23 00:00:00+05:30,768.9634840803492,774.0980425006611,765.6783552717781,772.1755981445312,36498588,0.0,0.0
2023-08-24 00:00:00+05:30,775.4364030038525,776.8477441031978,767.0897307917666,768.622802734375,43145792,0.0,0.0
2023-08-25 00:00:00+05:30,766.3110504597091,767.746749618975,758.4510639302869,759.9597778320312,30069756,0.0,0.0
2023-08-28 00:00:00+05:30,759.9597651143588,770.2531801549441,759.9597651143588,767.868408203125,28867238,0.0,0.0
2023-08-29 00:00:00+05:30,773.6843204138314,775.1200790359981,769.6691629379135,773.9763793945312,35538932,0.0,0.0
2023-08-30 00:00:00+05:30,780.6195643753474,780.6195643753474,765.8973208258516,768.3307495117188,28084204,0.0,0.0
2023-08-31 00:00:00+05:30,768.4768083488655,770.4965661172561,760.7384929502665,764.8023071289062,100075772,0.0,0.0
2023-09-01 00:00:00+05:30,764.5833196769412,768.4768057096691,758.9134187598048,766.384033203125,43226776,0.0,0.0
2023-09-04 00:00:00+05:30,773.8303310146484,774.5360015777221,766.4813881806992,771.1779174804688,25073638,0.0,0.0
2023-09-05 00:00:00+05:30,773.0516417713671,773.0516417713671,764.38861183011,766.4813842773438,38712082,0.0,0.0
2023-09-06 00:00:00+05:30,767.4060807161218,778.6971658570981,766.4813659496907,776.507080078125,56320910,0.0,0.0
2023-09-07 00:00:00+05:30,776.5071078478363,785.510794150052,772.4432937501639,783.9777221679688,34208342,0.0,0.0
2023-09-08 00:00:00+05:30,782.7366896240351,794.7091467964383,782.3959739643648,790.0856323242188,34502210,0.0,0.0
2023-09-11 00:00:00+05:30,792.762427572447,796.4612273788786,790.3776555229446,794.173828125,31573022,0.0,0.0
2023-09-12 00:00:00+05:30,798.164658821722,799.576059429664,790.888730360441,796.6559448242188,39033340,0.0,0.0
2023-09-13 00:00:00+05:30,793.9304547919241,803.8101394610018,792.6163676755281,800.0626831054688,46420094,0.0,0.0
2023-09-14 00:00:00+05:30,800.2330026157181,803.0314455319658,795.7798163539742,799.5759887695312,23538848,0.0,0.0
2023-09-15 00:00:00+05:30,803.0315033597159,812.7652185519548,803.0315033597159,808.7500610351562,173411202,0.0,0.0
2023-09-18 00:00:00+05:30,804.8565635467733,805.4649207376626,791.3996906023217,792.83544921875,37056288,0.0,0.0
2023-09-20 00:00:00+05:30,778.2104866731253,778.2104866731253,759.4244292708094,761.0304565429688,115474648,0.0,0.0
2023-09-21 00:00:00+05:30,755.8229580049356,763.5855718328563,748.0603441770149,755.9932861328125,72841442,0.0,0.0
2023-09-22 00:00:00+05:30,758.7430770496563,761.3711919566923,741.5874045249608,744.4588623046875,61704250,0.0,0.0
2023-09-25 00:00:00+05:30,742.195730377536,749.8366724935371,742.195730377536,745.1158447265625,40208754,0.0,0.0
2023-09-26 00:00:00+05:30,742.1957693327212,749.4960555884529,742.1957693327212,748.3523559570312,27575308,0.0,0.0
2023-09-27 00:00:00+05:30,741.2224021033014,745.8459167585748,737.3289160778081,743.0961303710938,39338538,0.0,0.0
2023-09-28 00:00:00+05:30,746.5759362770035,748.3279930851168,738.9592924506106,741.5630493164062,55354188,0.0,0.0
2023-09-29 00:00:00+05:30,741.5629997895483,747.2815569377753,740.8816873168103,742.8284301757812,32053782,0.0,0.0
2023-10-03 00:00:00+05:30,743.1690816035621,743.1690816035621,732.9486816600946,733.9464111328125,38971694,0.0,0.0
2023-10-04 00:00:00+05:30,727.5951410981291,747.0625696224938,724.7966982477518,744.41015625,54649430,0.0,0.0
2023-10-05 00:00:00+05:30,747.0869560565192,755.1172706279191,745.8945403681716,747.4276123046875,48512674,0.0,0.0
2023-10-06 00:00:00+05:30,751.4427800948807,751.9294658332841,744.5561650144963,746.6002807617188,17759356,0.0,0.0
2023-10-09 00:00:00+05:30,743.6557518162614,744.6291232191622,735.8687805930545,737.9371948242188,16454972,0.0,0.0
2023-10-10 00:00:00+05:30,740.0300286548502,744.1424994102023,737.426212407623,742.1227416992188,33266292,0.0,0.0
2023-10-11 00:00:00+05:30,744.6778768359782,750.5424640657517,743.8991914942775,749.3013916015625,31333360,0.0,0.0
2023-10-12 00:00:00+05:30,747.5979877590232,755.3363032633498,745.4079018281694,754.2899169921875,22025336,0.0,0.0
2023-10-13 00:00:00+05:30,749.4960266639874,753.7788848660191,744.6048112974557,747.4276123046875,39745300,0.0,0.0
2023-10-16 00:00:00+05:30,745.3592240817852,746.794923276397,740.0056808464606,744.4345092773438,17856084,0.0,0.0
2023-10-17 00:00:00+05:30,757.1613181665532,757.1613181665532,747.0625893528261,750.0800170898438,32902558,0.0,0.0
2023-10-18 00:00:00+05:30,750.0800099587005,750.0800099587005,738.8375816778204,739.640625,31216200,0.0,0.0
2023-10-19 00:00:00+05:30,732.6567520860139,742.8041382598725,731.5860077723223,737.3045654296875,30252364,0.0,0.0
2023-10-20 00:00:00+05:30,732.4619708663353,743.1690561547468,732.4619708663353,741.125,21094010,0.0,0.0
2023-10-23 00:00:00+05:30,741.4657259067877,744.0208260452915,730.0772676931944,732.9730834960938,22376136,0.0,0.0
2023-10-25 00:00:00+05:30,740.2490577379119,741.1251158897211,725.8674694399969,728.3252563476562,28311996,0.0,0.0
2023-10-26 00:00:00+05:30,725.7700665168079,726.1350808000519,710.6828094760561,712.2158813476562,55561798,0.0,0.0
2023-10-27 00:00:00+05:30,715.1846713831347,719.3215000369331,713.9193003827721,715.0143432617188,31940532,0.0,0.0
2023-10-30 00:00:00+05:30,712.1429661841146,725.1374527205985,711.485952264384,722.7770385742188,23310982,0.0,0.0
2023-10-31 00:00:00+05:30,731.9753494856925,731.9753494856925,717.3747773549939,718.5914916992188,32634824,0.0,0.0
2023-11-01 00:00:00+05:30,711.6561423554264,719.0537409979071,711.6561423554264,717.6180419921875,33877466,0.0,0.0
2023-11-02 00:00:00+05:30,722.7283533192214,725.4051249981815,714.041024388573,718.7131958007812,45225154,0.0,0.0
2023-11-03 00:00:00+05:30,724.18834838353,725.8430917067044,721.0979059562075,722.1199340820312,18095340,0.0,0.0
2023-11-06 00:00:00+05:30,729.0552678342725,729.0552678342725,721.7549814407384,727.3518676757812,25593730,0.0,0.0
2023-11-07 00:00:00+05:30,727.1084929912065,727.1084929912065,718.9321488241404,723.8233642578125,41952848,0.0,0.0
2023-11-08 00:00:00+05:30,722.2173392755413,726.8408541843154,720.7816399888761,725.9161987304688,31399546,0.0,0.0
2023-11-09 00:00:00+05:30,723.2150058605088,726.4271198457463,721.9982915168673,723.044677734375,22116740,0.0,0.0
2023-11-10 00:00:00+05:30,720.3435553235623,728.0818705084018,720.3192566823748,725.8917846679688,14015186,0.0,0.0
2023-11-13 00:00:00+05:30,726.1837860969108,728.0575143276742,723.1663582507371,724.5777587890625,20605914,0.0,0.0
2023-11-15 00:00:00+05:30,732.0240144584016,735.3577999173147,730.2963157159859,732.1700439453125,41245460,0.0,0.0
2023-11-16 00:00:00+05:30,734.7494210785321,739.2756221207742,731.8536647558356,734.0924072265625,29713838,0.0,0.0
2023-11-17 00:00:00+05:30,725.16173850318,733.6787387876133,724.6750527726409,732.5106811523438,23701874,0.0,0.0
2023-11-20 00:00:00+05:30,736.3554985735485,736.3554985735485,730.7829708116128,732.559326171875,19331452,0.0,0.0
2023-11-21 00:00:00+05:30,739.2756311878541,740.7356883923068,735.9174877356371,738.7645874023438,24959972,0.0,0.0
2023-11-22 00:00:00+05:30,739.7623819588872,739.7623819588872,731.7564246812467,736.1365966796875,29123650,0.0,0.0
2023-11-23 00:00:00+05:30,734.1654789893513,741.6360936254299,734.1654789893513,740.3950805664062,13046220,0.0,0.0
2023-11-24 00:00:00+05:30,740.3463584220192,746.1622889319527,739.6893445243804,745.6512451171875,16469192,0.0,0.0
2023-11-28 00:00:00+05:30,747.1598626215828,748.1575920701932,742.5850645710412,743.9721069335938,28489338,0.0,0.0
2023-11-29 00:00:00+05:30,746.5272858530379,760.6898293348779,746.0892567948611,758.8161010742188,34042488,0.0,0.0
2023-11-30 00:00:00+05:30,763.6829374580863,765.2889647471237,750.542422535641,758.645751953125,69491440,0.0,0.0
2023-12-01 00:00:00+05:30,758.2077422076743,762.028213465217,755.3849410922298,756.9910278320312,22153536,0.0,0.0
2023-12-04 00:00:00+05:30,772.8569470817542,784.5374047202694,765.873018667368,783.2720336914062,50662456,0.0,0.0
2023-12-05 00:00:00+05:30,796.4611682648754,797.6778825457567,786.7274540178253,790.2315673828125,52230820,0.0,0.0
2023-12-06 00:00:00+05:30,797.4102676843459,797.4102676843459,786.8005536561491,792.2271118164062,38613060,0.0,0.0
2023-12-07 00:00:00+05:30,790.86431017188,795.2444817359088,786.5814519897668,793.5167236328125,20450386,0.0,0.0
2023-12-08 00:00:00+05:30,793.5167060552014,805.4648642096952,793.5167060552014,804.5888061523438,33728038,0.0,0.0
2023-12-11 00:00:00+05:30,803.0558607692541,809.6990738547369,801.5714454396721,803.5181884765625,23187620,0.0,0.0
2023-12-12 00:00:00+05:30,805.0755276490755,806.0732571804058,794.1981132379304,795.5364990234375,36581476,0.0,0.0
2023-12-13 00:00:00+05:30,794.4901060535459,796.2178641804811,786.0461204150259,793.7357788085938,29346914,0.0,0.0
2023-12-14 00:00:00+05:30,801.0846735866597,807.3872297272943,800.5979878797419,803.1044311523438,35172366,0.0,0.0
2023-12-15 00:00:00+05:30,803.0314839042278,811.7918273650013,801.3767404796611,806.2192993164062,138837130,0.0,0.0
2023-12-18 00:00:00+05:30,808.2389706500245,810.1857135762941,803.4937847672423,805.8055419921875,18014754,0.0,0.0
2023-12-19 00:00:00+05:30,803.0314705665357,807.2413140972394,800.135714179051,804.44287109375,24008446,0.0,0.0
2023-12-20 00:00:00+05:30,806.9249181384845,812.2541029714071,800.3303029144753,806.438232421875,34232520,0.0,0.0
2023-12-21 00:00:00+05:30,806.4382794041677,822.3772375517154,803.1531506256655,820.892822265625,36589240,0.0,0.0
2023-12-22 00:00:00+05:30,819.3840760112807,820.5034769444852,811.3537615362043,813.1788330078125,48578850,0.0,0.0
2023-12-26 00:00:00+05:30,814.3469167985355,820.5278019503709,812.059517577905,818.8244018554688,18045856,0.0,0.0
2023-12-27 00:00:00+05:30,818.3620896655261,830.5292334309963,816.9506891067552,828.9718627929688,27009078,0.0,0.0
2023-12-28 00:00:00+05:30,831.8919383640549,837.7808237889657,828.3391087868577,829.9208374023438,44076470,0.0,0.0
2023-12-29 00:00:00+05:30,825.9057143332578,834.6174011041943,825.4190285852712,831.8676147460938,25011426,0.0,0.0
2024-01-01 00:00:00+05:30,830.285869252277,831.8189412093673,823.4722689184366,826.4410400390625,14239686,0.0,0.0
2024-01-02 00:00:00+05:30,826.781764297971,828.7285072707376,821.8661907638304,826.927734375,29242092,0.0,0.0
2024-01-03 00:00:00+05:30,828.339179753768,829.6532075675672,812.2541913065818,814.1766357421875,28389762,0.0,0.0
2024-01-04 00:00:00+05:30,816.6586975811834,824.9079973714623,813.1058678027235,822.91259765625,26734056,0.0,0.0
2024-01-05 00:00:00+05:30,821.1118889384027,829.7505611476026,811.8405014795056,818.7027587890625,31889470,0.0,0.0
2024-01-08 00:00:00+05:30,816.9020369293803,818.7757651976441,807.8983504931613,809.577392578125,17998470,0.0,0.0
2024-01-09 00:00:00+05:30,811.3781710383666,816.5613862283932,801.4497697212522,803.2748413085938,25326888,0.0,0.0
2024-01-10 00:00:00+05:30,799.6246893784266,807.8739890989318,798.8460040583302,805.92724609375,16115824,0.0,0.0
2024-01-11 00:00:00+05:30,807.8983430417109,809.309743595266,799.6246853117656,802.5447998046875,18314010,0.0,0.0
2024-01-12 00:00:00+05:30,804.004764401761,805.9515071727096,795.0497357734226,798.74853515625,19773552,0.0,0.0
2024-01-15 00:00:00+05:30,801.9120700848223,818.0700722997735,799.916670432672,814.1279296875,28320356,0.0,0.0
2024-01-16 00:00:00+05:30,814.2252545636514,819.4084696501124,806.9736250528656,817.2183837890625,25322500,0.0,0.0
2024-01-17 00:00:00+05:30,764.0965828252033,777.1397839265529,743.8504686909188,748.279296875,170145236,0.0,0.0
2024-01-18 00:00:00+05:30,727.1084347245617,737.3288344094451,720.3191929835535,723.2879638671875,161070930,0.0,0.0
2024-01-19 00:00:00+05:30,732.924355486129,735.0171279009493,714.6493418669147,715.744384765625,109600538,0.0,0.0
2024-01-23 00:00:00+05:30,712.9945662952517,717.7153939258839,693.527137863982,694.6708374023438,115469402,0.0,0.0
2024-01-24 00:00:00+05:30,671.7480069982282,709.8068089160445,671.7480069982282,708.5657958984375,86004404,0.0,0.0
2024-01-25 00:00:00+05:30,706.9110553088505,709.27146932584,690.8017687875753,698.3453979492188,98941852,0.0,0.0
2024-01-29 00:00:00+05:30,704.7453443356181,711.923959354735,703.6503013666003,707.9574584960938,65645498,0.0,0.0
2024-01-30 00:00:00+05:30,707.9088172760645,712.1186016988493,701.2655445701624,702.9202880859375,41728768,0.0,0.0
2024-01-31 00:00:00+05:30,700.5841161285045,717.8371016849802,699.2700884068386,711.80224609375,65761040,0.0,0.0
2024-02-01 00:00:00+05:30,713.0189555223712,717.1800828855794,708.6387839338071,713.651611328125,32690740,0.0,0.0
2024-02-02 00:00:00+05:30,717.8614275967279,720.7085271394582,701.8251570967384,703.820556640625,44867754,0.0,0.0
2024-02-05 00:00:00+05:30,703.7475055995538,706.6189630437951,697.9316353856925,703.1878051757812,38605046,0.0,0.0
2024-02-06 00:00:00+05:30,703.5286059562596,705.5483042801744,697.2259898811583,702.8228759765625,41075740,0.0,0.0
2024-02-07 00:00:00+05:30,707.1543478186637,707.5437201567751,694.330191039234,695.9362182617188,54837086,0.0,0.0
2024-02-08 00:00:00+05:30,695.8875630019661,700.3163911601653,681.6033490400813,682.8444213867188,69106124,0.0,0.0
2024-02-09 00:00:00+05:30,677.5395328507874,688.2709172654594,675.033089526087,683.112060546875,56642124,0.0,0.0
2024-02-12 00:00:00+05:30,681.1897546934406,688.0033555217624,673.2567528222265,676.4932250976562,34447812,0.0,0.0
2024-02-13 00:00:00+05:30,677.4421602188512,683.4770749934498,673.7433606505093,678.6588745117188,57580994,0.0,0.0
2024-02-14 00:00:00+05:30,669.6796288773342,677.2232584177402,663.6204147201233,673.5974731445312,91320810,0.0,0.0
2024-02-15 00:00:00+05:30,674.0597534612269,688.903668609651,673.7433958465795,688.197998046875,41584944,0.0,0.0
2024-02-16 00:00:00+05:30,692.9918479710976,694.8412181662663,685.4725175238648,691.0451049804688,32175742,0.0,0.0
2024-02-19 00:00:00+05:30,695.4739454261017,695.4739454261017,688.7576582283627,689.682373046875,34451756,0.0,0.0
2024-02-20 00:00:00+05:30,688.660276266856,709.22274741334,687.1029057664576,707.7870483398438,56133508,0.0,0.0
2024-02-21 00:00:00+05:30,712.507885437546,712.507885437546,698.3939997287421,700.4137573242188,45893136,0.0,0.0
2024-02-22 00:00:00+05:30,689.9987587340186,695.3766603212918,687.2976289140083,690.8748168945312,50560882,0.0,0.0
2024-02-23 00:00:00+05:30,692.334815015207,697.85868621692,690.1203711604371,691.3857421875,29833452,0.0,0.0
2024-02-26 00:00:00+05:30,687.9546346452112,698.3210050066913,687.9546346452112,692.213134765625,23506870,0.0,0.0
2024-02-27 00:00:00+05:30,687.9546948776648,694.3545652339111,687.7113519923358,691.1668090820312,32087150,0.0,0.0
2024-02-28 00:00:00+05:30,691.1667470533215,693.1377886016653,683.3067606806109,685.9348754882812,25321986,0.0,0.0
2024-02-29 00:00:00+05:30,682.3819943114798,686.4215093038766,680.0459386445675,683.0147094726562,53295700,0.0,0.0
2024-03-01 00:00:00+05:30,681.360036052442,697.2989940386686,681.360036052442,696.3256225585938,34738898,0.0,0.0
2024-03-04 00:00:00+05:30,696.4228971703204,699.3673694975699,693.1864847071581,697.2745971679688,35616474,0.0,0.0
2024-03-05 00:00:00+05:30,692.0671354112525,702.2875361451739,691.8968072809968,701.2411499023438,37991672,0.0,0.0
2024-03-06 00:00:00+05:30,697.6883641851937,707.0813632922424,697.6883641851937,702.0928344726562,42409530,0.0,0.0
2024-03-07 00:00:00+05:30,703.5042650748312,706.205394802925,701.5088653436588,703.7962646484375,49348046,0.0,0.0
2024-03-11 00:00:00+05:30,695.9605773947812,703.7231908402335,692.553777365576,694.889892578125,50531094,0.0,0.0
2024-03-12 00:00:00+05:30,697.9073192338245,712.5078907659129,695.5955620745772,710.3421630859375,65418454,0.0,0.0
2024-03-13 00:00:00+05:30,713.2379447418698,716.2067158438075,705.7429725398497,710.755859375,63067454,0.0,0.0
2024-03-14 00:00:00+05:30,711.5832127948388,713.4812990740788,702.9202422173576,708.3467407226562,52432158,0.0,0.0
2024-03-15 00:00:00+05:30,705.6943406988961,710.2205419583659,701.9225261192986,706.9840698242188,143613804,0.0,0.0
2024-03-18 00:00:00+05:30,704.2342392927528,708.6144107880084,698.7833829737194,703.7719116210938,21437856,0.0,0.0
2024-03-19 00:00:00+05:30,698.6374048635253,706.8624060469253,698.6374048635253,705.3779907226562,36183594,0.0,0.0
2024-03-20 00:00:00+05:30,705.2320233558721,706.4973944482159,693.3568789456579,696.4716796875,43606094,0.0,0.0
2024-03-21 00:00:00+05:30,702.0927826471133,706.3026258563286,700.000069771983,703.6258544921875,28922860,0.0,0.0
2024-03-22 00:00:00+05:30,701.3141817980924,706.0593679691759,699.7324530743978,702.2145385742188,45980326,0.0,0.0
2024-03-26 00:00:00+05:30,694.5978614753975,699.8297331586394,692.1401341445468,693.7218627929688,56844290,0.0,0.0
2024-03-27 00:00:00+05:30,692.8214782766382,704.6965622791422,691.7020773602309,701.1680908203125,62168668,0.0,0.0
2024-03-28 00:00:00+05:30,701.1681292352769,710.8045307526719,701.1681292352769,704.6723022460938,55592142,0.0,0.0
2024-04-01 00:00:00+05:30,709.5878149173326,717.2774734382766,708.4197572494843,715.67138671875,25199570,0.0,0.0
2024-04-02 00:00:00+05:30,713.0676337207477,727.5221766350272,712.1429189199621,720.367919921875,41225446,0.0,0.0
2024-04-03 00:00:00+05:30,716.450076374618,727.9115494819865,716.109420115624,721.414306640625,45584386,0.0,0.0
2024-04-04 00:00:00+05:30,731.9753490842609,744.62917825726,731.9753490842609,743.4611206054688,88935066,0.0,0.0
2024-04-05 00:00:00+05:30,749.0093625181328,756.5529915753328,744.7022055513205,754.1439208984375,59055902,0.0,0.0
2024-04-08 00:00:00+05:30,756.7719438017782,757.891344732456,750.2504026191882,752.7081298828125,20482940,0.0,0.0
2024-04-09 00:00:00+05:30,756.7233723625303,756.7233723625303,749.64212991684,753.6572875976562,21884494,0.0,0.0
2024-04-10 00:00:00+05:30,754.3142814277871,754.3142814277871,746.0649220391629,747.7196655273438,27807400,0.0,0.0
2024-04-12 00:00:00+05:30,740.2489501526853,744.5561067183442,736.574449351488,739.251220703125,41084208,0.0,0.0
2024-04-15 00:00:00+05:30,728.8362596129997,734.8954733611977,726.1594880212867,727.4491577148438,23415248,0.0,0.0
2024-04-16 00:00:00+05:30,723.7016987771374,736.3068713842836,721.3899415012858,734.5304565429688,20744886,0.0,0.0
2024-04-18 00:00:00+05:30,734.7981599763604,739.2026303131596,725.6728022773389,727.4491577148438,34234884,0.0,0.0
2024-04-19 00:00:00+05:30,723.4827148610226,747.0382572891224,720.4165709168466,745.2619018554688,34576434,0.0,0.0
2024-04-22 00:00:00+05:30,757.9643557818745,757.9643557818745,734.0680986992392,735.9661254882812,42298438,0.0,0.0
2024-04-23 00:00:00+05:30,742.8284760660457,742.9257894510552,731.6103458842442,733.7274169921875,26827060,0.0,0.0
2024-04-24 00:00:00+05:30,737.3288649584306,740.613993564681,734.4331086916868,735.7227783203125,22441580,0.0,0.0
2024-04-25 00:00:00+05:30,733.0704121681982,739.616311752735,733.0704121681982,735.260498046875,35445204,0.0,0.0
2024-04-26 00:00:00+05:30,739.6650141563123,743.6558134751455,732.729742335618,734.7981567382812,24854694,0.0,0.0
2024-04-29 00:00:00+05:30,737.3289207914913,746.7949349875348,733.216449914726,744.3858642578125,36093350,0.0,0.0
2024-04-30 00:00:00+05:30,744.2398024289921,749.2526892649995,737.2802320622603,739.8109741210938,52307382,0.0,0.0
2024-05-02 00:00:00+05:30,740.7357142083232,748.0360004850149,739.9326708359107,745.7242431640625,33475006,0.0,0.0
2024-05-03 00:00:00+05:30,746.2108990812835,749.7880273318675,733.5327119903678,739.567626953125,31865242,0.0,0.0
2024-05-06 00:00:00+05:30,740.7357053714223,746.819277196089,738.3752913854279,741.0520629882812,28793396,0.0,0.0
2024-05-07 00:00:00+05:30,740.7113274497933,741.7334150168236,732.0483570497901,733.021728515625,28480602,0.0,0.0
2024-05-08 00:00:00+05:30,728.0574791574124,728.5441648774708,720.465193806477,721.5845947265625,41687862,0.0,0.0
2024-05-09 00:00:00+05:30,717.83709973452,723.5800151607533,703.4069152466064,704.4776000976562,46281278,0.0,0.0
2024-05-10 00:00:00+05:30,709.9042861034679,716.2929072582592,703.8856637079383,709.3616333007812,27276608,9.75,0.0
2024-05-13 00:00:00+05:30,706.4509373389452,720.1655815796556,705.6122976051453,717.9208984375,27047202,0.0,0.0
2024-05-14 00:00:00+05:30,716.4408878596623,722.9775322143812,715.4789152317669,720.7328491210938,25665142,0.0,0.0
2024-05-15 00:00:00+05:30,720.1161379403006,720.1161379403006,708.3255604595557,709.6575317382812,38931996,0.0,0.0
2024-05-16 00:00:00+05:30,713.3822271543565,721.5221990437014,708.1775543730138,720.3875122070312,34945236,0.0,0.0
2024-05-17 00:00:00+05:30,713.4562165510583,724.210870736283,713.4562165510583,722.286865234375,20920190,0.0,0.0
2024-05-21 00:00:00+05:30,715.380219686854,725.0495080646152,715.380219686854,719.6722412109375,43769978,0.0,0.0
2024-05-22 00:00:00+05:30,719.2035821431577,723.0269026870767,714.4182889056816,719.8695678710938,39996278,0.0,0.0
2024-05-23 00:00:00+05:30,719.5982164877166,737.8514873644924,718.808897899437,736.3468017578125,40861920,0.0,0.0
2024-05-24 00:00:00+05:30,733.8308016870678,749.814758588212,733.0908042399884,748.4827270507812,31060206,0.0,0.0
2024-05-27 00:00:00+05:30,751.5168000055969,762.1974428837648,749.3955099218479,753.6627807617188,29385440,0.0,0.0
2024-05-28 00:00:00+05:30,754.8467837037828,757.7821433020647,752.2321619595608,755.0441284179688,27908904,0.0,0.0
2024-05-29 00:00:00+05:30,748.8774560751649,751.763434227272,740.6141508121484,744.0921630859375,35147706,0.0,0.0
2024-05-30 00:00:00+05:30,739.6027730570852,751.6400771573121,738.8381451452329,747.3234252929688,33755350,0.0,0.0
2024-05-31 00:00:00+05:30,749.370736784836,757.7573743920395,746.9040786650703,755.5620727539062,74079588,0.0,0.0
2024-06-03 00:00:00+05:30,788.8373406823981,788.8373406823981,764.6640888415991,775.6160278320312,72637256,0.0,0.0
2024-06-04 00:00:00+05:30,768.1173430540747,769.1040063078372,717.304185485308,731.684814453125,89531240,0.0,0.0
2024-06-05 00:00:00+05:30,737.062160780223,769.4000136473305,731.2901444599279,765.5520629882812,81631650,0.0,0.0
2024-06-06 00:00:00+05:30,772.0147015010076,772.2859977724349,762.9867083301413,769.4493408203125,46422870,0.0,0.0
2024-06-07 00:00:00+05:30,770.1154063679018,781.6099978301712,765.6754214599775,776.183349609375,36712216,0.0,0.0
2024-06-10 00:00:00+05:30,776.5039961939522,779.7846636223554,768.4133453075493,770.2387084960938,22454058,0.0,0.0
2024-06-11 00:00:00+05:30,767.6240504407497,775.0240252200629,765.7493660748642,771.9653930664062,29545326,0.0,0.0
2024-06-12 00:00:00+05:30,776.9973227739393,783.5586575880445,772.7546827700062,776.5780029296875,39280436,0.0,0.0
2024-06-13 00:00:00+05:30,780.3273770852536,782.2760131134276,776.5040566032491,779.8340454101562,24120192,0.0,0.0
2024-06-14 00:00:00+05:30,781.4372796414563,788.8372538804852,778.3292663726063,787.80126953125,25540554,0.0,0.0
2024-06-18 00:00:00+05:30,787.8013228802739,794.5106212671108,784.1259659599784,793.1786499023438,32415714,0.0,0.0
2024-06-19 00:00:00+05:30,795.941305047812,823.8145435842582,791.3039754417663,817.869873046875,90131196,0.0,0.0
2024-06-20 00:00:00+05:30,823.7651872236406,829.5124525875813,814.983860042712,823.5431518554688,41408742,0.0,0.0
2024-06-21 00:00:00+05:30,825.2697933574087,825.2697933574087,810.6178682451445,821.7671508789062,51630776,0.0,0.0
2024-06-24 00:00:00+05:30,812.5172157896385,826.3798229097616,811.9005512360641,825.0478515625,28544994,0.0,0.0
2024-06-25 00:00:00+05:30,824.4065232844747,847.025767804676,824.4065232844747,844.2631225585938,74521548,0.0,0.0
2024-06-26 00:00:00+05:30,842.5857736709851,844.041138181783,834.2731473521208,839.40380859375,47596666,0.0,0.0
2024-06-27 00:00:00+05:30,836.7397746618053,845.0770913433391,832.0531241260426,836.7644653320312,55074650,0.0,0.0
2024-06-28 00:00:00+05:30,837.4797542547091,841.9197388781129,828.3037980772367,830.6718139648438,26476046,0.0,0.0
2024-07-01 00:00:00+05:30,828.7971921822882,842.2651706437105,828.7971921822882,841.2291259765625,21187024,0.0,0.0
2024-07-02 00:00:00+05:30,846.0637432263002,855.8810546817267,840.0204307746837,853.7597045898438,45921690,0.0,0.0
2024-07-03 00:00:00+05:30,883.5570176331604,885.0370126375711,870.5577402219837,872.5310668945312,123217802,0.0,0.0
2024-07-04 00:00:00+05:30,868.1404005851939,868.1404005851939,850.9231133709549,852.0578002929688,45848658,0.0,0.0
2024-07-05 00:00:00+05:30,831.2638253093144,831.2638253093144,810.1492067263514,813.0598754882812,82242548,0.0,0.0
2024-07-08 00:00:00+05:30,811.678583484828,816.4391857049037,802.7246020410699,806.7698974609375,39087800,0.0,0.0
2024-07-09 00:00:00+05:30,801.6639054458949,812.3691778178521,799.369901303005,807.3372192382812,48550878,0.0,0.0
2024-07-10 00:00:00+05:30,804.1059188594888,809.0639261539534,799.5672916548901,802.2066040039062,45507182,0.0,0.0
2024-07-11 00:00:00+05:30,801.1458762280633,802.0832183690328,789.8239394111588,800.1345825195312,44177074,0.0,0.0
2024-07-12 00:00:00+05:30,800.1839277769812,808.2745787950348,794.8312914757237,800.5292358398438,56049960,0.0,0.0
2024-07-15 00:00:00+05:30,800.9239527377698,804.031966294815,796.8292758573642,800.2332763671875,33375694,0.0,0.0
2024-07-16 00:00:00+05:30,799.5673062806881,802.6506292263948,797.6186702674619,799.073974609375,28950324,0.0,0.0
2024-07-18 00:00:00+05:30,793.2772787604164,801.1458943462288,788.9113057816174,796.6319580078125,33717064,0.0,0.0
2024-07-19 00:00:00+05:30,797.2239682199486,800.6772898644657,791.0573224261681,792.9320068359375,26002152,0.0,0.0
2024-07-22 00:00:00+05:30,797.7172520784763,814.4905276323838,795.5712715150735,810.3218994140625,53744822,0.0,0.0
2024-07-23 00:00:00+05:30,812.7885887086006,812.9119216218081,791.7973027922226,798.407958984375,52002152,0.0,0.0
2024-07-24 00:00:00+05:30,793.3513220807449,799.6906218755655,783.4353677463822,791.3286743164062,61728206,0.0,0.0
2024-07-25 00:00:00+05:30,785.8773432331659,801.6639565310072,785.8773432331659,797.5199584960938,25535732,0.0,0.0
2024-07-26 00:00:00+05:30,791.7972838101718,800.0605887969758,787.5792741911353,798.2846069335938,43810540,0.0,0.0
2024-07-29 00:00:00+05:30,796.7306475152811,805.0432741154053,788.4920327099303,791.822021484375,51001148,0.0,0.0
2024-07-30 00:00:00+05:30,790.3172853310259,806.4738965011826,788.8372904146756,797.001953125,54595834,0.0,0.0
2024-07-31 00:00:00+05:30,796.237255579839,803.0945773220608,793.8692396532248,797.1005859375,37820484,0.0,0.0
2024-08-01 00:00:00+05:30,800.627938629233,814.0219048337823,798.1859108540549,808.471923828125,26215174,0.0,0.0
2024-08-02 00:00:00+05:30,804.6238722852388,824.1104712768188,804.6238722852388,818.5111694335938,44119238,0.0,0.0
2024-08-05 00:00:00+05:30,809.1131991555811,812.02386783421,789.8239443515008,797.1005859375,41333634,0.0,0.0
2024-08-06 00:00:00+05:30,804.1305829139676,805.5858871810888,786.0253355957136,789.922607421875,45116050,0.0,0.0
2024-08-07 00:00:00+05:30,797.7172336137804,804.130544706532,790.415901512036,800.9238891601562,42346264,0.0,0.0
2024-08-08 00:00:00+05:30,801.1705962949537,815.6252376687839,798.8272709671206,810.3958740234375,33976950,0.0,0.0
2024-08-09 00:00:00+05:30,814.9838462106346,820.1885189537674,811.9252142176729,814.0958251953125,26644618,0.0,0.0
2024-08-12 00:00:00+05:30,814.9838840860709,826.7991529902637,812.6898798741655,818.9798583984375,39316196,0.0,0.0
2024-08-13 00:00:00+05:30,803.1438891669751,805.314560371115,789.8979470194763,790.9092407226562,54055042,0.0,0.0
2024-08-14 00:00:00+05:30,792.5372946697382,796.0892584565494,790.9092761384464,793.1786499023438,32334428,0.0,0.0
2024-08-16 00:00:00+05:30,803.3906439659711,806.1779800129083,794.757339532809,805.1666259765625,27849246,0.0,0.0
2024-08-19 00:00:00+05:30,807.9045746403995,807.9045746403995,801.0225621096914,804.895263671875,19502164,0.0,0.0
2024-08-20 00:00:00+05:30,802.8726105839366,812.0239372458545,802.8726105839366,807.9292602539062,31134494,0.0,0.0
2024-08-21 00:00:00+05:30,803.1932814957441,806.3753069063249,798.1120014172305,802.0586547851562,47630904,0.0,0.0
2024-08-22 00:00:00+05:30,805.1172807347715,808.2252943260683,803.1439540663039,804.77197265625,21300638,0.0,0.0
2024-08-23 00:00:00+05:30,806.1038926835937,806.1038926835937,800.6772446912317,801.6885986328125,20333422,0.0,0.0
2024-08-26 00:00:00+05:30,805.2159251748899,812.9858989531632,805.2159251748899,809.0392456054688,22364266,0.0,0.0
2024-08-27 00:00:00+05:30,810.7412543536698,812.714580974844,805.2159036816922,807.9539184570312,35773244,0.0,0.0
2024-08-28 00:00:00+05:30,807.9539173658313,808.9405806750858,804.2292392849356,807.6332397460938,26921188,0.0,0.0
2024-08-29 00:00:00+05:30,810.0505418236547,811.2345497877237,804.6979056469421,808.3485717773438,49052604,0.0,0.0
2024-08-30 00:00:00+05:30,816.9572296027775,819.9172195651064,799.7646332824804,807.5346069335938,445342100,0.0,0.0
2024-09-02 00:00:00+05:30,812.4185353190471,812.4185353190471,800.7758609185206,802.6258544921875,34049680,0.0,0.0
2024-09-03 00:00:00+05:30,806.1039427589494,809.0392420850643,801.466613051357,807.756591796875,37282860,0.0,0.0
2024-09-04 00:00:00+05:30,808.5705516272349,811.4318992052836,805.1172301742814,809.951904296875,24682744,0.0,0.0
2024-09-05 00:00:00+05:30,812.0238589250097,813.947864316631,810.0505324148638,811.7525024414062,22876318,0.0,0.0
2024-09-06 00:00:00+05:30,808.2252499925564,812.8872099026286,806.1532209716318,807.5592041015625,26029602,0.0,0.0
2024-09-09 00:00:00+05:30,808.0772497858858,813.2572321563082,804.1799176724811,812.2705688476562,23792914,0.0,0.0
2024-09-10 00:00:00+05:30,815.9705333718649,815.9705333718649,808.0772271240113,814.1698608398438,26606646,0.0,0.0
2024-09-11 00:00:00+05:30,814.1945707781381,815.2305552034559,808.6692201411954,810.9879150390625,22226684,0.0,0.0
2024-09-12 00:00:00+05:30,815.970556634334,823.8638631072175,812.541925723635,822.1865234375,32424046,0.0,0.0
2024-09-13 00:00:00+05:30,825.8371886289187,825.8371886289187,817.4752411837702,821.8658447265625,23860532,0.0,0.0
2024-09-16 00:00:00+05:30,822.383822656841,827.7118283198007,820.9285184448568,824.3324584960938,15172820,0.0,0.0
2024-09-17 00:00:00+05:30,827.8104775064535,827.8104775064535,820.9778464556504,823.2718505859375,20127122,0.0,0.0
2024-09-18 00:00:00+05:30,824.7764529489335,838.1210972952287,824.4064542356848,836.0984497070312,40917342,0.0,0.0
2024-09-19 00:00:00+05:30,838.2691083056365,848.0370989791965,838.2444778560398,842.8571166992188,30651776,0.0,0.0
2024-09-20 00:00:00+05:30,846.8037464482039,860.8390072921377,842.3884524296358,858.989013671875,60623386,0.0,0.0
2024-09-23 00:00:00+05:30,862.8370939539058,871.3963864151646,858.5204418257773,868.1651000976562,26965350,0.0,0.0
2024-09-24 00:00:00+05:30,870.7303607683197,878.9443447710721,865.4270455398441,872.2350463867188,33039036,0.0,0.0
2024-09-25 00:00:00+05:30,868.3376691203036,882.0769427901153,868.3376691203036,877.686279296875,31965312,0.0,0.0
2024-09-26 00:00:00+05:30,874.7017352717152,882.0770195965482,872.2350769395101,879.8323364257812,31899644,0.0,0.0
2024-09-27 00:00:00+05:30,876.6503084858455,877.2422823547212,863.3303544458242,864.6376953125,35613502,0.0,0.0
2024-09-30 00:00:00+05:30,862.738402689165,864.0456833682003,850.701098537286,854.47509765625,26383534,0.0,0.0
2024-10-01 00:00:00+05:30,850.5037447767241,859.3837142697525,848.5797393423385,851.5890502929688,24572284,0.0,0.0
2024-10-03 00:00:00+05:30,846.3844351066934,851.5644172954591,825.5164827720641,829.7838134765625,48473398,0.0,0.0
2024-10-04 00:00:00+05:30,826.083866681385,834.0511850540141,815.4772359655595,817.771240234375,48683232,0.0,0.0
2024-10-07 00:00:00+05:30,815.0824984433904,818.4371776300311,795.7439225540929,798.1119384765625,94458296,0.0,0.0
2024-10-08 00:00:00+05:30,804.1306032900168,817.3519158252083,800.1839500223357,814.5152587890625,29734406,0.0,0.0
2024-10-09 00:00:00+05:30,813.7505304861846,817.3271848335777,803.4892084079638,805.6845703125,41125642,0.0,0.0
2024-10-10 00:00:00+05:30,808.5705299330368,821.6191272702827,805.363874384187,820.114501953125,21754766,0.0,0.0
2024-10-11 00:00:00+05:30,821.1258260358886,821.1258260358886,810.6672193318118,814.4905395507812,23672594,0.0,0.0
2024-10-14 00:00:00+05:30,816.9819085005773,834.741848018609,815.9705545228965,832.7931518554688,18527508,0.0,0.0
2024-10-15 00:00:00+05:30,835.7038196244212,837.6771462351046,826.5771840500105,830.81982421875,19651130,0.0,0.0
2024-10-16 00:00:00+05:30,828.8465156450762,842.585790426718,828.8465156450762,838.565185546875,20470682,0.0,0.0
2024-10-17 00:00:00+05:30,836.1724403142362,837.5044718768119,821.4958240034423,825.4178466796875,14695732,0.0,0.0
2024-10-18 00:00:00+05:30,820.4598702584595,834.2238355924767,816.0198853262701,829.7098388671875,24809724,0.0,0.0
2024-10-21 00:00:00+05:30,846.063768270474,862.4177242903107,844.1151323678729,852.8223876953125,46548354,0.0,0.0
2024-10-22 00:00:00+05:30,853.4884373802005,858.3970631644344,843.9424218629189,845.841796875,38875280,0.0,0.0
2024-10-23 00:00:00+05:30,841.1551854708522,861.603759041874,841.1551854708522,856.3251342773438,38036090,0.0,0.0
2024-10-24 00:00:00+05:30,857.4597103207274,872.5310159915173,857.4597103207274,863.15771484375,30832258,0.0,0.0
2024-10-25 00:00:00+05:30,865.7970368926951,867.2030200365818,852.8223905419693,860.0744018554688,26130478,0.0,0.0
2024-10-28 00:00:00+05:30,859.383716444917,863.8237012026692,852.9210840084185,855.5357055664062,22012142,0.0,0.0
2024-10-29 00:00:00+05:30,851.5644426318723,870.2370336046123,851.0464203091243,864.2430419921875,35794926,0.0,0.0
2024-10-30 00:00:00+05:30,859.3836983279829,865.6736766021975,850.6023712370916,855.7330322265625,32715724,0.0,0.0
2024-10-31 00:00:00+05:30,852.4771270596069,857.8544543150349,848.2344867353692,856.2757568359375,22895912,0.0,0.0
2024-11-01 00:00:00+05:30,854.9437133825962,860.4196824223525,851.5397130969706,857.0650634765625,1759692,0.0,0.0
2024-11-04 00:00:00+05:30,860.8637106769045,860.8637106769045,844.0411138190809,845.6197509765625,28089248,0.0,0.0
2024-11-05 00:00:00+05:30,840.1437747820238,869.5956493162819,837.6277954866241,867.2030029296875,44232406,0.0,0.0
2024-11-06 00:00:00+05:30,873.9369881601011,873.9369881601011,861.0363539084846,865.9203491210938,27787910,0.0,0.0
2024-11-07 00:00:00+05:30,860.5184217555121,868.7323455565536,857.4104082699865,861.62841796875,18895456,0.0,0.0
2024-11-08 00:00:00+05:30,864.3169963876733,869.15167034177,861.2829948869464,865.525634765625,19902986,0.0,0.0
2024-11-11 00:00:00+05:30,865.5750573030832,879.5116762015548,863.9223481240455,871.3717041015625,24565362,0.0,0.0
2024-11-12 00:00:00+05:30,874.1837241378527,875.6637191561447,842.931174712482,847.6424560546875,31395406,0.0,0.0
2024-11-13 00:00:00+05:30,846.9270867373347,853.1677439816382,825.3438276461692,829.463134765625,35728500,0.0,0.0
2024-11-14 00:00:00+05:30,825.39317914741,841.05645917869,824.8998474928816,835.087158203125,27146470,0.0,0.0
2024-11-18 00:00:00+05:30,838.6637692715708,847.987749103584,836.1971111266544,841.1797485351562,27081968,0.0,0.0
2024-11-19 00:00:00+05:30,845.5704607570133,865.1803941380466,839.9957889401087,859.507080078125,50981272,0.0,0.0
2024-11-21 00:00:00+05:30,863.0343691875372,867.7703408111802,855.5356922473849,858.989013671875,35716512,0.0,0.0
2024-11-22 00:00:00+05:30,860.148374275574,865.4516892160756,853.2417315623627,861.15966796875,24773612,0.0,0.0
2024-11-25 00:00:00+05:30,880.6216480727867,889.7482832055338,870.6810037082952,880.8929443359375,427737274,0.0,0.0
2024-11-26 00:00:00+05:30,892.9302818593218,892.9302818593218,873.0983737208503,880.8683471679688,30935566,0.0,0.0
2024-11-27 00:00:00+05:30,883.0143007972586,896.5562300169572,880.6709755435701,894.06494140625,32714976,0.0,0.0
2024-11-28 00:00:00+05:30,897.3702251985009,905.8061839354122,882.07694483503,884.6176147460938,35722392,0.0,0.0
2024-11-29 00:00:00+05:30,888.6383310231244,890.2662893460416,879.561016559754,886.04833984375,27669536,0.0,0.0
2024-12-02 00:00:00+05:30,889.7236388960249,892.0176431336934,875.6636867426915,890.3156127929688,15110876,0.0,0.0
2024-12-03 00:00:00+05:30,899.1955156163089,906.4475265301775,895.9395389832724,900.9715576171875,43410242,0.0,0.0
2024-12-04 00:00:00+05:30,906.7435619082082,920.0635162996781,903.3642521901575,917.6461791992188,44669084,0.0,0.0
2024-12-05 00:00:00+05:30,917.596875706611,927.4388181075851,905.3622266087298,920.4335327148438,39682714,0.0,0.0
2024-12-06 00:00:00+05:30,916.1168429341786,919.6688066050771,909.7035317020062,915.5494995117188,17783156,0.0,0.0
2024-12-09 00:00:00+05:30,914.4642517338581,927.4635290462065,912.1702474502318,922.5302124023438,26947912,0.0,0.0
2024-12-10 00:00:00+05:30,926.3288062229569,926.3288062229569,916.881553393078,921.5928344726562,13325480,0.0,0.0
2024-12-11 00:00:00+05:30,918.4354833328279,923.4675021564423,915.9935158212785,919.1261596679688,14045426,0.0,0.0
2024-12-12 00:00:00+05:30,913.1568815747593,921.864197216933,912.0221946944998,917.2268676757812,17293790,0.0,0.0
2024-12-13 00:00:00+05:30,918.8301759997277,924.9968214762359,902.4268990322158,923.3934936523438,19009002,0.0,0.0
2024-12-16 00:00:00+05:30,920.1128492893367,922.5054957499956,915.2535445762154,920.1621704101562,13107082,0.0,0.0
2024-12-17 00:00:00+05:30,915.7962178924912,918.7562078618506,901.0702798391582,904.4002685546875,21079532,0.0,0.0
2024-12-18 00:00:00+05:30,902.7229483325016,905.7569501607671,891.5243434620028,893.275634765625,23422312,0.0,0.0
2024-12-19 00:00:00+05:30,887.7995941182149,888.5395915672278,877.6369745293333,884.790283203125,25380770,0.0,0.0
2024-12-20 00:00:00+05:30,879.2156362475025,886.7883251977108,871.7417099804251,873.93701171875,25692348,0.0,0.0
2024-12-23 00:00:00+05:30,879.1169941259847,890.956953642833,878.7716860618692,888.4902954101562,11044592,0.0,0.0
2024-12-24 00:00:00+05:30,889.0083275055933,892.2889348142179,882.8416818560752,887.0596313476562,14485834,0.0,0.0
2024-12-26 00:00:00+05:30,887.2816657547127,893.916952377888,878.5003382709294,883.4336547851562,10481678,0.0,0.0
2024-12-27 00:00:00+05:30,885.4316968356189,890.9322967259654,882.6196702111419,887.1336669921875,7259330,0.0,0.0
2024-12-30 00:00:00+05:30,884.1489668763874,895.3969526845203,873.6903598921683,877.0943603515625,22222218,0.0,0.0
2024-12-31 00:00:00+05:30,873.3450067875037,879.0183205202264,871.0263119988338,874.6029663085938,14117236,0.0,0.0
2025-01-01 00:00:00+05:30,874.8989910757854,885.0369805772112,868.80635723923,879.4869995117188,7313806,0.0,0.0
2025-01-02 00:00:00+05:30,876.699651347947,889.6989281059142,874.6770036544534,884.9136352539062,18558576,0.0,0.0
2025-01-03 00:00:00+05:30,883.5569553072743,885.6536147489581,861.5050553855514,862.9356689453125,24426194,0.0,0.0
2025-01-06 00:00:00+05:30,858.4463541498661,866.8823129474961,841.5251154360177,843.84375,18816348,0.0,0.0
2025-01-07 00:00:00+05:30,846.063732614296,849.0237223493897,838.6637582765616,845.2744140625,13527906,0.0,0.0
2025-01-08 00:00:00+05:30,842.7338203435289,844.4111600559388,830.4498497882179,835.8518676757812,19738190,0.0,0.0
2025-01-09 00:00:00+05:30,830.844525028491,833.237171528912,817.9932112311335,822.778564453125,40420222,0.0,0.0
2025-01-10 00:00:00+05:30,824.3571854708366,826.2811909461473,815.9705474379197,817.3272094726562,17453280,0.0,0.0
2025-01-13 00:00:00+05:30,809.0639234971638,812.3939122066796,801.3186405131205,804.5499267578125,21669066,0.0,0.0
2025-01-14 00:00:00+05:30,809.0145872775671,817.0558570637163,807.5839134440961,812.3198852539062,26661432,0.0,0.0
2025-01-15 00:00:00+05:30,817.2038902170349,820.2625224034592,807.2386148292592,810.568603515625,14022892,0.0,0.0
2025-01-16 00:00:00+05:30,815.4032351586193,819.2019251337407,810.4699184801376,815.0086059570312,21212454,0.0,0.0
2025-01-17 00:00:00+05:30,810.7905598983193,814.2438814190301,803.3905852110819,807.4605712890625,23112076,0.0,0.0
2025-01-20 00:00:00+05:30,802.1572673696536,819.3991845447669,802.1572673696536,814.6138916015625,17557618,0.0,0.0
2025-01-21 00:00:00+05:30,818.0672195171876,819.4485722440602,805.6352858599316,810.2479248046875,31158144,0.0,0.0
2025-01-22 00:00:00+05:30,810.2479165643738,824.8012002853578,801.8859089377631,821.9152221679688,30619306,0.0,0.0
2025-01-23 00:00:00+05:30,832.2505181334424,832.2505181334424,814.6139111249832,821.347900390625,34909158,0.0,0.0
2025-01-24 00:00:00+05:30,818.9305795964561,824.0119199318104,811.2839386423929,813.8986206054688,24236200,0.0,0.0
2025-01-27 00:00:00+05:30,809.6065327196525,810.839861804967,802.157237088582,804.0319213867188,22804166,0.0,0.0
2025-01-28 00:00:00+05:30,812.5172453545283,830.9185403912116,812.5172453545283,824.0612182617188,30179312,0.0,0.0
2025-01-29 00:00:00+05:30,826.3304621132276,829.3644636153648,823.2964606110903,827.4651489257812,12619890,0.0,0.0
2025-01-30 00:00:00+05:30,829.2905374831995,837.6278547525732,825.1219089590883,834.4705200195312,25744846,0.0,0.0
2025-01-31 00:00:00+05:30,832.3738053097981,840.9824182950722,830.7457868177106,838.047119140625,15821686,0.0,0.0
2025-02-01 00:00:00+05:30,837.4305042201771,845.0771450539991,826.8485640579613,834.1991577148438,5587528,0.0,0.0
2025-02-03 00:00:00+05:30,823.8638327488314,832.1518283284162,820.6324864421063,827.8104858398438,20276540,0.0,0.0
2025-02-04 00:00:00+05:30,833.0891713164636,851.391824544325,828.8219005259823,848.9744873046875,28616502,0.0,0.0
2025-02-05 00:00:00+05:30,854.9437515638108,860.4690419690123,847.9877873258422,857.311767578125,23675506,0.0,0.0
2025-02-06 00:00:00+05:30,856.1770794811201,862.8370567631686,850.5037655001158,860.29638671875,26760716,0.0,0.0
2025-02-07 00:00:00+05:30,863.3304057123341,871.7170439392539,850.997114202158,854.8204345703125,23509600,0.0,0.0
2025-02-10 00:00:00+05:30,847.1984039096569,850.2323451556149,842.8570616226162,846.4337158203125,17195950,0.0,0.0
2025-02-11 00:00:00+05:30,840.1437497009048,844.090402664855,833.0890834393857,839.3544311523438,22724704,0.0,0.0
2025-02-12 00:00:00+05:30,835.2104321766692,844.5837329512449,829.38909497558,842.0184326171875,22809570,0.0,0.0
2025-02-13 00:00:00+05:30,838.1704689996619,845.6937766231139,835.4818356095761,837.5291137695312,12602434,0.0,0.0
2025-02-14 00:00:00+05:30,839.601120018604,839.601120018604,828.7971451888767,836.1231079101562,19959892,0.0,0.0
2025-02-17 00:00:00+05:30,831.3624591587258,848.5304243918573,829.413823260936,847.2230834960938,12938946,0.0,0.0
2025-02-18 00:00:00+05:30,845.1017788797033,854.2284140997132,841.697778564227,850.0350952148438,16350910,0.0,0.0
2025-02-19 00:00:00+05:30,847.0504387449713,857.3610822217985,844.8057556604201,852.0823974609375,11884112,0.0,0.0
2025-02-20 00:00:00+05:30,844.0904430253034,845.9157460199498,831.4118438608401,832.2998046875,26390510,0.0,0.0
2025-02-21 00:00:00+05:30,829.2411711352042,836.1724445897772,827.4404985932164,834.9638061523438,15680940,0.0,0.0
2025-02-24 00:00:00+05:30,829.339781575346,830.8690975664632,819.4731490892408,827.366455078125,20693646,0.0,0.0
2025-02-25 00:00:00+05:30,824.406500920576,832.7438177754724,824.406500920576,829.9564819335938,24138708,0.0,0.0
2025-02-27 00:00:00+05:30,830.0552335524236,843.9671626938127,830.0552335524236,839.0091552734375,35786800,0.0,0.0
2025-02-28 00:00:00+05:30,831.2638337603047,857.0404125816553,831.2638337603047,854.6477661132812,54516728,0.0,0.0
2025-03-03 00:00:00+05:30,858.2984018170607,859.9017296292334,835.7531099870528,839.428466796875,21205364,0.0,0.0
2025-03-04 00:00:00+05:30,837.6771272358142,845.7184570804238,835.3338019387764,843.5971069335938,19920958,0.0,0.0
2025-03-05 00:00:00+05:30,839.6257577393887,843.991790915382,832.8671383829512,833.73046875,21583872,0.0,0.0
2025-03-06 00:00:00+05:30,832.2504799228543,838.6144701478811,824.973838204501,834.3224487304688,32966088,0.0,0.0
2025-03-07 00:00:00+05:30,829.7838192395386,839.2311321984157,827.6131479773222,833.3604736328125,13372914,0.0,0.0
2025-03-10 00:00:00+05:30,833.2371287977431,838.6144556459366,830.3018296675241,832.4971313476562,15604050,0.0,0.0
2025-03-11 00:00:00+05:30,829.9811819724781,835.7038170818192,823.8885481247595,831.510498046875,19898430,0.0,0.0
2025-03-12 00:00:00+05:30,834.4951408301645,847.7904041385841,834.4951408301645,844.1644287109375,18784106,0.0,0.0
2025-03-13 00:00:00+05:30,846.5818201293218,848.9251455168071,838.6885135609504,841.9197998046875,15736264,0.0,0.0
2025-03-17 00:00:00+05:30,841.1304307424771,850.5037317302232,841.1304307424771,843.79443359375,18950652,0.0,0.0
2025-03-18 00:00:00+05:30,843.79443359375,843.79443359375,843.79443359375,843.79443359375,0,0.0,0.0
2025-03-19 00:00:00+05:30,855.930432694155,863.823739278078,854.5490799535085,860.4197387695312,15221406,0.0,0.0
2025-03-20 00:00:00+05:30,865.3037412350927,875.1703745445009,862.985106495842,872.5803833007812,17833978,0.0,0.0
2025-03-21 00:00:00+05:30,866.0684175252852,875.2196836615442,866.0684175252852,873.3696899414062,33508264,0.0,0.0
2025-03-24 00:00:00+05:30,877.6369838460287,890.1676194932312,874.997671627427,887.9969482421875,17393736,0.0,0.0
2025-03-25 00:00:00+05:30,890.4143157035983,909.5555477752322,888.7369760332164,898.5789184570312,39101416,0.0,0.0
2025-03-26 00:00:00+05:30,900.3302775382388,901.5636066855513,888.9836493829623,891.2283325195312,24478442,0.0,0.0
2025-03-27 00:00:00+05:30,887.9969842041877,908.2235821777275,887.0596420099644,900.5029296875,41658100,0.0,0.0
2025-03-28 00:00:00+05:30,902.3036249715724,905.7569466636451,890.8829847599874,901.908935546875,28773648,0.0,0.0
2025-04-01 00:00:00+05:30,888.9836405685396,892.8809726796349,870.9030234039785,872.1363525390625,28511006,0.0,0.0
2025-04-02 00:00:00+05:30,873.5423260418547,887.602278026219,873.5423260418547,886.4676513671875,11573564,0.0,0.0
2025-04-03 00:00:00+05:30,878.6729886492828,889.9702954640933,876.6503409310941,885.456298828125,11250038,0.0,0.0
2025-04-04 00:00:00+05:30,894.4102660639704,908.6921929973271,893.4729239008652,896.5316162109375,33540454,0.0,0.0
2025-04-07 00:00:00+05:30,869.6450067324856,878.0562747489253,857.5090006629878,867.1289672851562,37995450,0.0,0.0
2025-04-08 00:00:00+05:30,870.730371547347,879.1170096868965,863.4784203033727,872.7777099609375,35563872,0.0,0.0
2025-04-09 00:00:00+05:30,870.7303466796875,875.6636630914704,865.0570328061372,870.7303466796875,22454608,0.0,0.0
2025-04-11 00:00:00+05:30,875.540352413462,897.567622795633,875.540352413462,891.3269653320312,32775766,0.0,0.0
2025-04-15 00:00:00+05:30,920.0634812745557,925.8848185421238,915.1301650210728,920.01416015625,49298344,0.0,0.0
2025-04-16 00:00:00+05:30,929.3381542000717,929.3381542000717,917.8435030643678,926.476806640625,19136820,0.0,0.0
2025-04-17 00:00:00+05:30,928.4501090482869,947.0486870380013,925.8354273732423,940.6353759765625,35703084,0.0,0.0
2025-04-21 00:00:00+05:30,949.170085798879,962.3420166432835,942.2634427629204,950.6994018554688,34247298,0.0,0.0
2025-04-22 00:00:00+05:30,954.5967457498784,972.1593405008402,954.5967457498784,967.7686767578125,45961750,0.0,0.0
2025-04-23 00:00:00+05:30,976.2540297557508,976.2540297557508,947.4434488933124,949.1207885742188,30570642,0.0,0.0
2025-04-24 00:00:00+05:30,942.2634238174406,949.1207455952106,939.8460867592294,945.6181030273438,25931754,0.0,0.0
2025-04-25 00:00:00+05:30,949.5647662059754,953.6100615716746,933.2848220611925,942.8554077148438,18500878,0.0,0.0
2025-04-28 00:00:00+05:30,942.8554253066497,951.982060830828,941.4741328194633,947.29541015625,13920492,0.0,0.0
2025-04-29 00:00:00+05:30,946.6048254524144,951.5381421157663,937.4288082816594,941.6715087890625,18918308,0.0,0.0
2025-04-30 00:00:00+05:30,943.7434115323153,955.5340495753018,942.4114402150566,949.6633911132812,31936870,0.0,0.0
2025-05-02 00:00:00+05:30,952.0314262519853,958.0007270723939,947.1967520748111,948.1340942382812,17840404,0.0,0.0
2025-05-05 00:00:00+05:30,956.5700467268101,962.9833580251333,953.2647488384409,955.4847412109375,15068024,0.0,0.0
2025-05-06 00:00:00+05:30,952.1300492793257,957.112686715781,949.3180830668039,952.9686889648438,17490156,0.0,0.0
2025-05-07 00:00:00+05:30,954.1033540161453,961.3553047488027,948.3807192627594,959.8259887695312,21420778,0.0,0.0
2025-05-08 00:00:00+05:30,964.364722012384,964.364722012384,946.752746184645,951.3900756835938,34803430,0.0,0.0
2025-05-09 00:00:00+05:30,942.3127568324845,946.7034204881495,930.8181657127636,932.248779296875,17188796,0.0,0.0
2025-05-12 00:00:00+05:30,946.0127244576516,966.8806765571811,943.3981029435623,965.5486450195312,18618972,0.0,0.0
2025-05-13 00:00:00+05:30,961.9967305905121,967.7686868855955,947.1967808891196,948.4794311523438,24242102,0.0,0.0
2025-05-14 00:00:00+05:30,948.2327622761527,952.2287366384547,938.8101397074491,942.5594482421875,15445308,0.0,0.0
2025-05-15 00:00:00+05:30,943.9901042439285,959.4314088460198,935.85013208818,954.0047607421875,32241458,0.0,0.0
2025-05-16 00:00:00+05:30,954.0047801554118,958.9380967138302,951.340777169636,954.44873046875,15868010,0.0,0.0
2025-05-19 00:00:00+05:30,955.5834183781088,959.5300716290252,952.6234284399217,956.4220581054688,10202964,0.0,0.0
2025-05-20 00:00:00+05:30,951.1927398071444,954.3993955236706,943.7434439560598,944.6807861328125,23879090,0.0,0.0
2025-05-21 00:00:00+05:30,950.6500948788123,960.4674068130723,947.739426083267,950.5514526367188,15132040,0.0,0.0
2025-05-22 00:00:00+05:30,944.828766015395,949.2687509312965,939.895449442171,947.1474609375,21306670,0.0,0.0
2025-05-23 00:00:00+05:30,947.2460290070277,955.583345407158,944.4833839865793,953.906005859375,9566072,0.0,0.0
2025-05-26 00:00:00+05:30,954.5967478346391,961.947401503022,950.6007734925844,957.1620483398438,10802860,0.0,0.0
2025-05-27 00:00:00+05:30,952.9194312599001,961.0100826032541,945.3714929245052,950.3048095703125,26162148,0.0,0.0
2025-05-28 00:00:00+05:30,947.295443323748,954.3501102535763,946.0621141556768,948.9234619140625,18157594,0.0,0.0
2025-05-29 00:00:00+05:30,951.1433943336576,957.4580633637506,940.9314535555673,950.896728515625,28917794,0.0,0.0
2025-05-30 00:00:00+05:30,953.0674622365118,961.4047794767922,949.8608063918771,959.4807739257812,28748078,0.0,0.0
2025-06-02 00:00:00+05:30,952.1794133521448,955.0900821550082,941.276795842849,953.1660766601562,14668822,0.0,0.0
2025-06-03 00:00:00+05:30,956.0767204883472,962.9833634640112,947.1967509482078,949.466064453125,24377584,0.0,0.0
2025-06-04 00:00:00+05:30,947.6901200517409,958.6914401720352,947.6407989299088,957.6553955078125,12961542,0.0,0.0
2025-06-05 00:00:00+05:30,961.0100588418235,966.3873858970264,957.1620478647775,961.7993774414062,22255418,0.0,0.0
2025-06-06 00:00:00+05:30,959.0366899431259,984.8379583134906,958.3953347348495,976.1552734375,30127008,0.0,0.0
2025-06-09 00:00:00+05:30,984.196594423998,984.196594423998,974.7739724063232,976.2539672851562,13202588,0.0,0.0
2025-06-10 00:00:00+05:30,978.1780428487654,978.1780428487654,967.472709657825,969.5447387695312,15533126,0.0,0.0
2025-06-11 00:00:00+05:30,970.6793723493836,970.6793723493836,960.516752091058,962.194091796875,11096394,0.0,0.0
2025-06-12 00:00:00+05:30,961.9966994408974,967.4233474890254,954.7447484104943,958.74072265625,16349130,0.0,0.0
2025-06-13 00:00:00+05:30,947.19676434732,953.6100757725884,943.7434428106371,946.0127563476562,12117762,0.0,0.0
2025-06-16 00:00:00+05:30,949.1700746468088,956.520728121515,947.2460692080249,954.7940673828125,16513746,0.0,0.0
2025-06-17 00:00:00+05:30,955.5834055099792,957.852719054467,946.7527569357399,951.9327392578125,16978736,0.0,0.0
2025-06-18 00:00:00+05:30,945.7167603313338,955.2380851367438,945.7167603313338,954.0540771484375,18433816,0.0,0.0
2025-06-19 00:00:00+05:30,954.0540746334422,960.4180648603083,949.9593979158449,954.7447509765625,16876220,0.0,0.0
2025-06-20 00:00:00+05:30,952.9193918485255,971.8140179089729,952.9193918485255,969.2486572265625,32900408,0.0,0.0
2025-06-23 00:00:00+05:30,961.2073364257812,965.8939867961492,957.9513597916495,961.2073364257812,11739518,0.0,0.0
2025-06-24 00:00:00+05:30,969.3966711141703,976.3033140635843,964.7593416610487,967.3740234375,22625322,0.0,0.0
2025-06-25 00:00:00+05:30,969.8900392545883,977.7833457795492,968.854054817417,976.8953247070312,18405932,0.0,0.0
2025-06-26 00:00:00+05:30,977.4873577522009,1000.032590400823,976.7966813877978,997.41796875,50084830,0.0,0.0
2025-06-27 00:00:00+05:30,1004.0015037809444,1007.393088107433,994.2258430942326,1004.9491577148438,28213384,11.0,0.0
2025-06-30 00:00:00+05:30,1003.2533964547342,1004.400566128524,995.2732550959096,998.2658081054688,13649020,0.0,0.0
2025-07-01 00:00:00+05:30,1000.0114368496795,1005.4977838847651,999.5126780283082,1003.5526123046875,14389386,0.0,0.0
2025-07-02 00:00:00+05:30,1007.4429706558585,1007.4429706558585,986.4950998423908,990.5350341796875,18878250,0.0,0.0
2025-07-03 00:00:00+05:30,994.9739612315547,1001.507689459166,989.6871300276722,991.0836181640625,16860506,0.0,0.0
2025-07-04 00:00:00+05:30,991.0836632772651,999.2633203019867,987.5424877454124,992.1809692382812,7863944,0.0,0.0
2025-07-07 00:00:00+05:30,992.0312782906421,996.7196233059492,989.4377568185034,991.2332763671875,11349426,0.0,0.0
2025-07-08 00:00:00+05:30,986.0462146584523,1000.0114620081927,986.0462146584523,998.2159423828125,15224316,0.0,0.0
2025-07-09 00:00:00+05:30,1001.0089360727129,1004.4005203490875,996.5699704674603,1003.1036987304688,13861428,0.0,0.0
2025-07-10 00:00:00+05:30,1005.4977851253348,1005.9965439473215,997.5176439735463,1000.6099243164062,17030310,0.0,0.0
2025-07-11 00:00:00+05:30,996.5201541247731,999.9117385623401,987.9913902076418,989.3878784179688,12516922,0.0,0.0
2025-07-14 00:00:00+05:30,989.0387573242188,991.8816582943851,982.8541356715338,989.0387573242188,13088850,0.0,0.0
2025-07-15 00:00:00+05:30,984.0511806165923,999.3131887778599,984.0511806165923,995.2732543945312,14498168,0.0,0.0
2025-07-16 00:00:00+05:30,1006.4952830829005,1008.8394251469304,993.826797075495,995.6722412109375,17994612,0.0,0.0
2025-07-17 00:00:00+05:30,999.5126501495852,999.9116815490105,988.8890631972324,990.98388671875,22529158,0.0,0.0
2025-07-18 00:00:00+05:30,990.9838927216935,996.0213445308241,974.0759568696542,976.2705078125,16129446,0.0,0.0
2025-07-21 00:00:00+05:30,986.6446826643673,998.5151670456409,985.7968170158388,997.7670288085938,22309078,0.0,0.0
2025-07-22 00:00:00+05:30,1004.051390877723,1006.4953213272488,999.0139388595042,1001.058837890625,14836814,0.0,0.0
2025-07-23 00:00:00+05:30,1003.0039954915454,1012.3806857402005,999.0139248978445,1009.6375122070312,13634916,0.0,0.0
2025-07-24 00:00:00+05:30,1016.3208076773761,1016.3208076773761,1001.7072110041944,1004.5999755859375,19107176,0.0,0.0
2025-07-25 00:00:00+05:30,1007.5,1007.5,999.5,1002.2999877929688,9306598,2.5,0.0
2025-07-28 00:00:00+05:30,1001.5,1010.7000122070312,1000.25,1004.25,12059580,0.0,0.0
2025-07-29 00:00:00+05:30,999.9500122070312,1013.25,998.1500244140625,1010.7999877929688,19895696,0.0,0.0
2025-07-30 00:00:00+05:30,1014.0,1016.2999877929688,1008.5,1012.9000244140625,15154036,0.0,0.0
2025-07-31 00:00:00+05:30,1007.2999877929688,1015.7000122070312,1004.0,1009.0999755859375,22183032,0.0,0.0
2025-08-01 00:00:00+05:30,1007.0,1014.1500244140625,1004.6500244140625,1006.0999755859375,11317258,0.0,0.0
2025-08-04 00:00:00+05:30,1005.0499877929688,1009.25,994.0499877929688,996.0,13933946,0.0,0.0
2025-08-05 00:00:00+05:30,993.25,997.2000122070312,982.75,988.7999877929688,23978058,0.0,0.0
2025-08-06 00:00:00+05:30,985.5499877929688,994.0,985.0,992.6500244140625,14080204,0.0,0.0
2025-08-07 00:00:00+05:30,990.0499877929688,1000.7999877929688,988.4000244140625,997.7000122070312,13081186,0.0,0.0
2025-08-08 00:00:00+05:30,993.5499877929688,996.4000244140625,985.0,986.9500122070312,13895264,0.0,0.0
2025-08-11 00:00:00+05:30,987.9500122070312,998.7999877929688,986.5499877929688,997.7999877929688,9105854,0.0,0.0
2025-08-12 00:00:00+05:30,995.9500122070312,998.0,983.75,984.9500122070312,12937802,0.0,0.0
2025-08-13 00:00:00+05:30,997.0,997.0,984.5499877929688,990.1500244140625,13577396,0.0,0.0
2025-08-14 00:00:00+05:30,989.0,998.0,985.5999755859375,995.5499877929688,17511716,0.0,0.0
2025-08-18 00:00:00+05:30,1005.0,1013.2999877929688,997.7999877929688,1001.7999877929688,19284796,0.0,0.0
2025-08-19 00:00:00+05:30,999.1500244140625,1003.0499877929688,993.3499755859375,995.5499877929688,12352438,0.0,0.0
2025-08-20 00:00:00+05:30,993.5,996.0,989.5,994.0999755859375,9950228,0.0,0.0
2025-08-21 00:00:00+05:30,998.75,998.75,991.5999755859375,995.5999755859375,12439850,0.0,0.0
2025-08-22 00:00:00+05:30,994.9500122070312,998.0,978.5499877929688,982.2999877929688,19833502,0.0,0.0
2025-08-25 00:00:00+05:30,980.0999755859375,988.7000122070312,978.5,982.0499877929688,17518044,0.0,0.0
2025-08-26 00:00:00+05:30,979.5,985.7000122070312,968.0,973.4000244140625,16917731,0.0,2.0
2025-08-27 00:00:00+05:30,973.4000244140625,973.4000244140625,973.4000244140625,973.4000244140625,0,0.0,0.0
2025-08-28 00:00:00+05:30,967.0,972.2000122070312,955.0,957.7999877929688,25438255,0.0,0.0
2025-08-29 00:00:00+05:30,954.0,963.2999877929688,950.0999755859375,951.5999755859375,14823813,0.0,0.0
2025-09-01 00:00:00+05:30,949.5999755859375,957.4500122070312,946.3499755859375,950.5999755859375,20178344,0.0,0.0
2025-09-02 00:00:00+05:30,951.0,954.7999877929688,944.0,944.5,14196320,0.0,0.0
2025-09-03 00:00:00+05:30,945.0,956.2999877929688,940.0,954.4500122070312,16083481,0.0,0.0
2025-09-04 00:00:00+05:30,960.2000122070312,965.7000122070312,956.25,961.25,17597657,0.0,0.0
2025-09-05 00:00:00+05:30,967.5,967.5,954.0499877929688,963.4000244140625,11602111,0.0,0.0
2025-09-08 00:00:00+05:30,969.0,973.1500244140625,960.4500122070312,966.0,11711307,0.0,0.0
2025-09-09 00:00:00+05:30,974.0,974.4000244140625,962.7000122070312,965.1500244140625,13985539,0.0,0.0
2025-09-10 00:00:00+05:30,973.9000244140625,973.9000244140625,961.7000122070312,965.9000244140625,18091100,0.0,0.0
2025-09-11 00:00:00+05:30,960.2999877929688,969.25,959.9000244140625,967.7999877929688,15113633,0.0,0.0
2025-09-12 00:00:00+05:30,969.9000244140625,970.75,962.25,967.2999877929688,14363519,0.0,0.0
2025-09-15 00:00:00+05:30,969.5999755859375,972.3499755859375,965.0,967.0499877929688,14486377,0.0,0.0
2025-09-16 00:00:00+05:30,961.2000122070312,969.3499755859375,961.2000122070312,966.8499755859375,18661794,0.0,0.0
2025-09-17 00:00:00+05:30,965.1500244140625,974.4000244140625,964.3499755859375,966.5,17361476,0.0,0.0
2025-09-18 00:00:00+05:30,973.2999877929688,979.6500244140625,969.25,976.9000244140625,17791598,0.0,0.0
2025-09-19 00:00:00+05:30,974.9000244140625,976.7000122070312,962.0999755859375,966.9000244140625,31243267,0.0,0.0
2025-09-22 00:00:00+05:30,964.0,971.2000122070312,961.9500122070312,964.2000122070312,10854415,0.0,0.0
2025-09-23 00:00:00+05:30,967.0,968.2000122070312,955.5,957.2000122070312,21022298,0.0,0.0
2025-09-24 00:00:00+05:30,952.2000122070312,956.4500122070312,943.0,951.0499877929688,15117220,0.0,0.0
2025-09-25 00:00:00+05:30,952.5,958.0,947.4000244140625,949.8499755859375,31413279,0.0,0.0
2025-09-26 00:00:00+05:30,945.0999755859375,951.4500122070312,941.2999877929688,945.0499877929688,14874656,0.0,0.0
2025-09-29 00:00:00+05:30,946.0499877929688,956.7999877929688,939.0999755859375,950.2999877929688,32398179,0.0,0.0
2025-09-30 00:00:00+05:30,958.0499877929688,960.0,946.2999877929688,951.0,28296687,0.0,0.0
2025-10-01 00:00:00+05:30,952.7000122070312,969.5999755859375,946.0,965.25,25350832,0.0,0.0
2025-10-02 00:00:00+05:30,965.25,965.25,965.25,965.25,0,0.0,0.0
2025-10-03 00:00:00+05:30,952.0,966.75,952.0,965.1500244140625,26658296,0.0,0.0
2025-10-06 00:00:00+05:30,971.9000244140625,977.4000244140625,962.0,973.4500122070312,18541096,0.0,0.0
