Date,Open,High,Low,Close,Volume,Dividends,Stock Splits
2002-07-01 00:00:00+05:30,6.539711777859237,6.635082155046329,6.505650650437289,6.519274711608887,825970,0.0,0.0
2002-07-02 00:00:00+05:30,6.539709893139795,6.587395067990656,6.437526540322803,6.471587657928467,653405,0.0,0.0
2002-07-03 00:00:00+05:30,6.444340060310728,6.519274012878075,6.444340060310728,6.478401184082031,305880,0.0,0.0
2002-07-04 00:00:00+05:30,6.512461559267366,6.74407574503276,6.485212793314859,6.621456623077393,2413155,0.0,0.0
2002-07-05 00:00:00+05:30,6.744075767242468,6.778136887210729,6.539710346756561,6.710015296936035,3460955,0.0,0.0
2002-07-08 00:00:00+05:30,6.744077596522868,6.839448628370308,6.6759559877707,6.7168288230896,2791970,0.0,0.0
2002-07-09 00:00:00+05:30,6.744077510759067,6.757702222133439,6.607833645325328,6.655519485473633,716330,0.0,0.0
2002-07-10 00:00:00+05:30,6.6487059238148944,6.730452228247633,6.573771324171808,6.6963911056518555,1163015,0.0,0.0
2002-07-11 00:00:00+05:30,6.607831222743658,6.744075038227307,6.335343591776361,6.376216411590576,1434245,0.0,0.0
2002-07-12 00:00:00+05:30,6.437527705624087,6.539711076937997,6.417091291226066,6.478401184082031,673410,0.0,0.0
2002-07-15 00:00:00+05:30,7.6432883219457395,7.6432883219457395,6.376218749256973,6.655519485473633,1958485,0.0,0.0
2002-07-16 00:00:00+05:30,6.539709893139795,6.662329006993691,6.417090129624117,6.471587657928467,1115835,0.0,0.0
2002-07-17 00:00:00+05:30,6.526086038957905,6.526086038957905,6.301283542913403,6.355781078338623,468885,0.0,0.0
2002-07-18 00:00:00+05:30,6.410277967858873,6.471587851450078,6.321719319300666,6.389841556549072,271340,0.0,0.0
2002-07-19 00:00:00+05:30,5.858491022093548,6.403466387222537,5.858491022093548,6.3353447914123535,317560,0.0,0.0
2002-07-22 00:00:00+05:30,6.267221839147517,6.267221839147517,6.076480482863436,6.103729248046875,508510,0.0,0.0
2002-07-23 00:00:00+05:30,6.2944719524009685,6.2944719524009685,6.00835953186802,6.212725639343262,321750,0.0,0.0
2002-07-24 00:00:00+05:30,6.144602583231032,6.267221698983275,6.13097787611312,6.226348876953125,614330,0.0,0.0
2002-07-25 00:00:00+05:30,6.607833143953153,6.607833143953153,6.165040452475085,6.212725639343262,417915,0.0,0.0
2002-07-26 00:00:00+05:30,6.192289037406199,6.267222993041726,6.008359351307277,6.069669246673584,842775,0.0,0.0
2002-07-29 00:00:00+05:30,6.130977962339949,6.253597729478524,5.872114370415068,5.92661190032959,972715,0.0,0.0
2002-07-30 00:00:00+05:30,6.096917917034223,6.117354331934361,5.926612943655267,5.953861713409424,604080,0.0,0.0
2002-07-31 00:00:00+05:30,5.95386231957514,5.95386231957514,5.810806101385715,5.84486722946167,752895,0.0,0.0
2002-08-01 00:00:00+05:30,5.9266125197552055,6.0356075909759745,5.885739692878352,5.994734764099121,776880,0.0,0.0
2002-08-02 00:00:00+05:30,6.89394489450909,6.89394489450909,5.586002713372152,6.233161449432373,978845,0.0,0.0
2002-08-05 00:00:00+05:30,6.403465077551834,6.4239021368106854,6.158226213401345,6.348967552185059,1663065,0.0,0.0
2002-08-06 00:00:00+05:30,6.267222961925927,6.280847671789429,6.171852591529106,6.205913066864014,1362320,0.0,0.0
2002-08-07 00:00:00+05:30,6.376217668453748,6.376217668453748,6.069668860774009,6.096917629241943,676635,0.0,0.0
2002-08-08 00:00:00+05:30,6.056044071391307,6.158226778413756,6.035607010257372,6.103729248046875,920445,0.0,0.0
2002-08-09 00:00:00+05:30,6.144602791455435,6.144602791455435,6.008358314306521,6.04241943359375,344730,0.0,0.0
2002-08-12 00:00:00+05:30,5.0750881598673026,6.178664327475052,5.0750881598673026,6.069669246673584,656355,0.0,0.0
2002-08-13 00:00:00+05:30,6.158227294131944,6.158227294131944,6.035607515706817,6.056044578552246,629060,0.0,0.0
2002-08-14 00:00:00+05:30,6.062855868615973,6.1377904612683984,5.974297867655171,6.130978107452393,863860,0.0,0.0
2002-08-15 00:00:00+05:30,6.130978107452393,6.130978107452393,6.130978107452393,6.130978107452393,0,0.0,0.0
2002-08-16 00:00:00+05:30,6.07648157147036,6.2399741918608465,6.0696692165386095,6.205913066864014,772460,0.0,0.0
2002-08-19 00:00:00+05:30,6.29447078704834,6.308095494866465,6.246785609008555,6.29447078704834,1502830,0.0,0.0
2002-08-20 00:00:00+05:30,6.267220638142922,6.403464437951352,6.267220638142922,6.383028030395508,1094565,0.0,0.0
2002-08-21 00:00:00+05:30,6.437527639272275,6.437527639272275,6.2740350264494245,6.314908504486084,755185,0.0,0.0
2002-08-22 00:00:00+05:30,6.301283695191085,6.301283695191085,6.185476267198406,6.233161449432373,377410,0.0,0.0
2002-08-23 00:00:00+05:30,6.199101715100334,6.39665547175323,6.199101715100334,6.369406700134277,1216535,0.0,0.0
2002-08-26 00:00:00+05:30,6.335344095827572,6.389841626356951,6.301282976831257,6.328531742095947,397415,0.0,0.0
2002-08-27 00:00:00+05:30,6.2808493748351495,6.301285795509793,6.233163527044848,6.253600597381592,341990,0.0,0.0
2002-08-28 00:00:00+05:30,6.178663816556788,6.267222474800482,6.158227403011897,6.171852111816406,306935,0.0,0.0
2002-08-29 00:00:00+05:30,6.267222779881181,6.267222779881181,6.137791288247139,6.1514153480529785,181690,0.0,0.0
2002-08-30 00:00:00+05:30,6.403466278336175,6.403466278336175,6.103729832612036,6.219537258148193,642855,0.0,0.0
2002-09-02 00:00:00+05:30,6.348969360676419,6.348969360676419,6.158227967560396,6.199101448059082,725025,0.0,0.0
2002-09-03 00:00:00+05:30,6.199100776395687,6.199100776395687,6.076480997847235,6.090105056762695,340035,0.0,0.0
2002-09-04 00:00:00+05:30,6.035608121507644,6.103730371839524,6.021984061238424,6.069669246673584,196310,0.0,0.0
2002-09-05 00:00:00+05:30,6.062857062594371,6.110542899035521,6.028796586130337,6.035608291625977,118600,0.0,0.0
2002-09-06 00:00:00+05:30,6.049230992578521,6.0901038106234875,5.99473346874408,6.008357524871826,301385,0.0,0.0
2002-09-09 00:00:00+05:30,5.994734137553643,6.008358195201374,5.92661190032959,5.92661190032959,404010,0.0,0.0
2002-09-10 00:00:00+05:30,5.92661190032959,5.92661190032959,5.92661190032959,5.92661190032959,0,0.0,0.0
2002-09-11 00:00:00+05:30,6.199100675623621,6.212724734317609,5.967485830869151,6.0287957191467285,663800,0.0,0.0
2002-09-12 00:00:00+05:30,6.008358656612968,6.117353724812283,5.9947345979189794,6.0287957191467285,290880,0.0,0.0
2002-09-13 00:00:00+05:30,6.008358929046788,6.199100956706156,6.008358929046788,6.110542297363281,1437160,0.0,0.0
2002-09-16 00:00:00+05:30,6.130978549792526,6.2808470962483325,6.096917427916861,6.178663730621338,2434590,0.0,0.0
2002-09-17 00:00:00+05:30,6.069668729188226,6.165039741589371,6.069668729188226,6.083293437957764,312800,0.0,0.0
2002-09-18 00:00:00+05:30,6.124166341912943,6.124166341912943,6.008358914563862,6.021983623504639,259615,0.0,0.0
2002-09-19 00:00:00+05:30,6.021983623504639,6.028795977975027,5.967486087065293,6.021983623504639,396250,0.0,0.0
2002-09-20 00:00:00+05:30,5.94704864451722,6.0628560644833325,5.912988173660465,6.049232006072998,424995,0.0,0.0
2002-09-23 00:00:00+05:30,6.062855243682861,6.130977475497534,6.04241883400316,6.062855243682861,2637360,0.0,0.0
2002-09-24 00:00:00+05:30,6.0628556551348,6.0628556551348,5.960672950139975,5.987921714782715,245460,0.0,0.0
2002-09-25 00:00:00+05:30,5.9606723539321225,6.042418639683784,5.7903674295340615,6.008357524871826,312685,0.0,0.0
2002-09-26 00:00:00+05:30,6.042419591023178,6.042419591023178,5.960673292401097,5.974298000335693,82850,0.0,0.0
2002-09-27 00:00:00+05:30,5.994734695368888,6.096917411051356,5.967485927876106,6.090105056762695,474405,0.0,0.0
2002-09-30 00:00:00+05:30,6.1173527692699,6.1173527692699,6.008357718095824,6.062855243682861,783145,0.0,0.0
2002-10-01 00:00:00+05:30,6.0901048309658385,6.0901048309658385,5.994734473107985,6.049232006072998,398550,0.0,0.0
2002-10-02 00:00:00+05:30,6.049232006072998,6.049232006072998,6.049232006072998,6.049232006072998,0,0.0,0.0
2002-10-03 00:00:00+05:30,5.981110403706864,6.042420297254716,5.981110403706864,6.015171527862549,299810,0.0,0.0
2002-10-04 00:00:00+05:30,6.056045528943609,6.056045528943609,5.953862147666139,5.96748685836792,473405,0.0,0.0
2002-10-07 00:00:00+05:30,5.99473563010952,6.021984401851119,5.940238086626321,5.96748685836792,221700,0.0,0.0
2002-10-08 00:00:00+05:30,5.994735060429539,5.994735060429539,5.858491214668802,5.940237522125244,219625,0.0,0.0
2002-10-09 00:00:00+05:30,5.994734199087784,5.994734199087784,5.797180488704361,5.831241607666016,425695,0.0,0.0
2002-10-10 00:00:00+05:30,5.851679279063441,5.865303339784321,5.803994092047438,5.810805797576904,91350,0.0,0.0
2002-10-11 00:00:00+05:30,5.4497587637569564,5.838053867782841,5.4497587637569564,5.545129776000977,605235,0.0,0.0
2002-10-14 00:00:00+05:30,5.586003086011281,5.72224693695557,5.551941960859726,5.579190731048584,267625,0.0,0.0
2002-10-15 00:00:00+05:30,5.579190731048584,5.579190731048584,5.579190731048584,5.579190731048584,0,0.0,0.0
2002-10-16 00:00:00+05:30,5.64731190628289,5.722245847621726,5.586002022613933,5.6541242599487305,241865,0.0,0.0
2002-10-17 00:00:00+05:30,5.640499935976214,5.667748702829748,5.599627110526837,5.626875877380371,210230,0.0,0.0
2002-10-18 00:00:00+05:30,5.626877436804431,5.681374985614864,5.606440368753998,5.640501499176025,106015,0.0,0.0
2002-10-21 00:00:00+05:30,5.654126036466822,5.694998871980443,5.620064907097467,5.674562454223633,150925,0.0,0.0
2002-10-22 00:00:00+05:30,5.654126211209648,5.667750273581242,5.6200650807876205,5.640501499176025,126795,0.0,0.0
2002-10-23 00:00:00+05:30,5.681373842755204,5.681373842755204,5.586002826690674,5.586002826690674,146180,0.0,0.0
2002-10-24 00:00:00+05:30,5.5860020274907685,5.626875499859692,5.511068086086513,5.517880439758301,279080,0.0,0.0
2002-10-25 00:00:00+05:30,5.517881175533542,5.592815126929777,5.4974441117930235,5.511068820953369,203225,0.0,0.0
2002-10-28 00:00:00+05:30,5.545129776000977,5.586002602918506,5.470195177215722,5.545129776000977,305830,0.0,0.0
2002-10-29 00:00:00+05:30,5.708623583592988,5.729060001349799,5.620064907097467,5.674562454223633,484345,0.0,0.0
2002-10-30 00:00:00+05:30,5.715436116036892,5.722247822391675,5.626877436804431,5.640501499176025,282370,0.0,0.0
2002-10-31 00:00:00+05:30,5.626875712444008,5.688185598482789,5.626875712444008,5.6609368324279785,88315,0.0,0.0
2002-11-01 00:00:00+05:30,5.586002639447614,5.7971810787754,5.586002639447614,5.756307601928711,234700,0.0,0.0
2002-11-04 00:00:00+05:30,5.858491634254855,5.926613237183152,5.729059484265779,5.810805797576904,114715,0.0,0.0
2002-11-05 00:00:00+05:30,5.85849142074585,5.878927835913352,5.75630804558449,5.85849142074585,303100,0.0,0.0
2002-11-06 00:00:00+05:30,5.85849142074585,5.85849142074585,5.85849142074585,5.85849142074585,0,0.0,0.0
2002-11-07 00:00:00+05:30,5.926612800869723,5.926612800869723,5.803993664761151,5.851678848266602,245175,0.0,0.0
2002-11-08 00:00:00+05:30,5.9402375482957925,5.9402375482957925,5.790368992467764,5.8039937019348145,255955,0.0,0.0
2002-11-11 00:00:00+05:30,5.838054076728674,5.838054076728674,5.6949978780735515,5.7222466468811035,856440,0.0,0.0
2002-11-12 00:00:00+05:30,5.715435543971768,5.72224724964476,5.606439807598395,5.61325216293335,735295,0.0,0.0
2002-11-13 00:00:00+05:30,5.620063741073863,5.681373631286022,5.5996273275571005,5.633688449859619,133895,0.0,0.0
2002-11-14 00:00:00+05:30,5.6268761913713545,5.776744092597795,5.6268761913713545,5.694997787475586,99690,0.0,0.0
2002-11-15 00:00:00+05:30,5.7018109666867,5.742684449990629,5.654125777550428,5.681374549865723,585705,0.0,0.0
2002-11-18 00:00:00+05:30,5.694996918804438,5.81080432914533,5.660936450778586,5.688185214996338,690895,0.0,0.0
2002-11-19 00:00:00+05:30,5.688185214996338,5.688185214996338,5.688185214996338,5.688185214996338,0,0.0,0.0
2002-11-20 00:00:00+05:30,5.688186772293916,5.715435543971768,5.606439807598395,5.61325216293335,598295,0.0,0.0
2002-11-21 00:00:00+05:30,5.694997767836004,5.694997767836004,5.551941571950008,5.572378635406494,466890,0.0,0.0
2002-11-22 00:00:00+05:30,5.667748761781021,5.919800020213299,5.640499994644069,5.701809883117676,2391645,0.0,0.0
2002-11-25 00:00:00+05:30,5.844865873604358,5.987922058608457,5.756307221014978,5.974298000335693,2462595,0.0,0.0
2002-11-26 00:00:00+05:30,5.967485498263713,6.0560441486551895,5.89255090580687,5.90617561340332,918950,0.0,0.0
2002-11-27 00:00:00+05:30,5.926612087504952,6.110541744021716,5.885739263609109,5.981109619140625,2300490,0.0,0.0
2002-11-28 00:00:00+05:30,6.028794777437276,6.0901040064763805,6.001546014643757,6.062855243682861,1572175,0.0,0.0
2002-11-29 00:00:00+05:30,6.117353236721166,6.233160649858363,6.001546473245767,6.1650390625,1869905,0.0,0.0
2002-12-02 00:00:00+05:30,6.226349737424377,6.5397108981626255,6.171852200744845,6.457963943481445,3108010,0.0,0.0
2002-12-03 00:00:00+05:30,6.403466241298226,6.675954567315046,6.403466241298226,6.492024898529053,2338235,0.0,0.0
2002-12-04 00:00:00+05:30,6.396654445832742,6.607832229594615,6.396654445832742,6.464776039123535,1189445,0.0,0.0
2002-12-05 00:00:00+05:30,6.457963702520559,6.7168273169205035,6.457963702520559,6.553334712982178,2399925,0.0,0.0
2002-12-06 00:00:00+05:30,6.539711175804874,7.043813736323066,6.539711175804874,6.9416303634643555,3236605,0.0,0.0
2002-12-09 00:00:00+05:30,6.948442888735194,7.745470228143547,6.948442888735194,7.363987445831299,5562220,0.0,0.0
2002-12-10 00:00:00+05:30,7.357173991348973,7.466169055720364,7.159620274760371,7.295864105224609,2228610,0.0,0.0
2002-12-11 00:00:00+05:30,7.370798040882005,8.024769076001828,7.159620266326652,7.793154239654541,7417730,0.0,0.0
2002-12-12 00:00:00+05:30,7.908962532697216,8.242760765942585,7.799967456397463,8.079267501831055,11358215,0.0,0.0
2002-12-13 00:00:00+05:30,8.24957349354675,8.740052047355162,8.17463953171765,8.508437156677246,8838860,0.0,0.0
2002-12-16 00:00:00+05:30,8.692366063373456,9.019351302913336,8.39262894413331,8.528873443603516,7529885,0.0,0.0
2002-12-17 00:00:00+05:30,8.45393895318417,9.128346506093573,7.983897502579356,8.85585880279541,9385280,0.0,0.0
2002-12-18 00:00:00+05:30,9.33271237319304,9.659698258571995,9.16921975533452,9.564327239990234,17190520,0.0,0.0
2002-12-19 00:00:00+05:30,9.523452211186054,9.571138037549192,8.8558571387202,8.951228141784668,12456095,0.0,0.0
2002-12-20 00:00:00+05:30,9.026162790907698,9.230528870822885,8.903543013026212,8.992101669311523,6072695,0.0,0.0
2002-12-23 00:00:00+05:30,8.951230216927774,9.060225303034214,8.65830543577025,8.82861042022705,4447235,0.0,0.0
2002-12-24 00:00:00+05:30,8.985289780929232,9.400834316556367,8.794548399627699,9.216904640197754,6553245,0.0,0.0
2002-12-25 00:00:00+05:30,9.216904640197754,9.216904640197754,9.216904640197754,9.216904640197754,0,0.0,0.0
2002-12-26 00:00:00+05:30,9.366773623179528,9.652886033096875,9.285027313154846,9.543890953063965,6397520,0.0,0.0
2002-12-27 00:00:00+05:30,9.727818180315706,9.830001536102504,9.407645354637758,9.557513236999512,5983920,0.0,0.0
2002-12-30 00:00:00+05:30,9.455333188606213,9.530267150849738,8.174639576928048,9.32590103149414,2967130,0.0,0.0
2002-12-31 00:00:00+05:30,9.359961793068035,9.986684188059037,9.285027833759399,9.884501457214355,10311195,0.0,0.0
2003-01-01 00:00:00+05:30,9.809567373784388,9.877689631105083,8.869484380595562,8.917169570922852,25839495,0.0,0.0
2003-01-02 00:00:00+05:30,9.141972644525342,9.468957939574686,8.828611411938704,8.903545379638672,14292970,0.0,0.0
2003-01-03 00:00:00+05:30,8.992101912615336,9.162406875542377,8.596994450597554,8.63786792755127,6061740,0.0,0.0
2003-01-06 00:00:00+05:30,8.651493190012719,8.774112988265975,8.14057823017344,8.242761611938477,8052370,0.0,0.0
2003-01-07 00:00:00+05:30,8.304070437794076,9.005727414603554,8.215512420975339,8.930792808532715,22066990,0.0,0.0
2003-01-08 00:00:00+05:30,9.550703951553226,9.550703951553226,8.992103154250515,9.33271312713623,10076150,0.0,0.0
2003-01-09 00:00:00+05:30,9.407646917761491,10.218298296788833,9.400834562978106,10.150176048278809,29300310,0.0,0.0
2003-01-10 00:00:00+05:30,10.286419765293559,10.552095085080646,9.850438837145457,10.204672813415527,14887595,0.0,0.0
2003-01-13 00:00:00+05:30,10.313670038090144,10.57934539665541,10.184237886776131,10.511223793029785,11423805,0.0,0.0
2003-01-14 00:00:00+05:30,10.620219806277085,10.62703216213332,10.231924617739887,10.293233871459961,5623830,0.0,0.0
2003-01-15 00:00:00+05:30,9.979869363212623,10.797333606334062,9.979869363212623,10.71558666229248,10831725,0.0,0.0
2003-01-16 00:00:00+05:30,10.763273933923175,10.954015313101229,10.715588101882249,10.770086288452148,7348740,0.0,0.0
2003-01-17 00:00:00+05:30,10.831396031736052,10.831396031736052,10.511223149992482,10.579344749450684,4696085,0.0,0.0
2003-01-20 00:00:00+05:30,10.599781081358504,11.226502741501632,10.252358804250148,11.090259552001953,13231210,0.0,0.0
2003-01-21 00:00:00+05:30,11.185630659193093,11.61479861870551,11.103883700592533,11.485367774963379,15070660,0.0,0.0
2003-01-22 00:00:00+05:30,11.573925208809097,11.580737563294592,10.749649156258712,11.144757270812988,19615995,0.0,0.0
2003-01-23 00:00:00+05:30,11.17200372386686,11.539863015299188,10.749647553660813,11.376370429992676,15685710,0.0,0.0
2003-01-24 00:00:00+05:30,11.430868731717457,11.553487204499708,10.674714336613468,10.804145812988281,14368165,0.0,0.0
2003-01-27 00:00:00+05:30,10.83820812224136,10.899518015021762,10.013932046368865,10.272795677185059,11261500,0.0,0.0
2003-01-28 00:00:00+05:30,10.552094221834153,10.640652871072323,10.007118268647925,10.320479393005371,11237070,0.0,0.0
2003-01-29 00:00:00+05:30,10.354543774842048,10.681529709659172,10.177426420552022,10.293233871459961,9104215,0.0,0.0
2003-01-30 00:00:00+05:30,10.422665143304252,10.490786747058529,9.93899896310248,10.020745277404785,4960955,0.0,0.0
2003-01-31 00:00:00+05:30,10.14336370438788,10.14336370438788,9.61201175865971,9.734631538391113,6189775,0.0,0.0
2003-02-03 00:00:00+05:30,9.843628406857137,10.368168094011702,9.761882088663306,10.286421775817871,7500065,0.0,0.0
2003-02-04 00:00:00+05:30,10.490784190332624,11.028948431907684,10.354540366366317,10.71558666229248,14555485,0.0,0.0
2003-02-05 00:00:00+05:30,10.640654823221029,10.742838198624911,10.395415891643179,10.633842468261719,6499895,0.0,0.0
2003-02-06 00:00:00+05:30,10.613406147857997,11.308250768028687,10.490786356142715,11.240128517150879,14583260,0.0,0.0
2003-02-07 00:00:00+05:30,11.37637077659355,11.37637077659355,10.770084942199789,11.06982135772705,11087595,0.0,0.0
2003-02-10 00:00:00+05:30,10.817770846342283,11.117507282033165,10.654278245056346,10.701963424682617,10237530,0.0,0.0
2003-02-11 00:00:00+05:30,10.80414608499363,10.899517093439488,10.518033709317894,10.661089897155762,6932145,0.0,0.0
2003-02-12 00:00:00+05:30,10.286420064878769,10.947202856119805,10.286420064878769,10.688339233398438,8276375,0.0,0.0
2003-02-13 00:00:00+05:30,10.688339233398438,10.688339233398438,10.688339233398438,10.688339233398438,0,0.0,0.0
2003-02-14 00:00:00+05:30,10.708777501308624,10.749650333373514,10.402228662174126,10.47035026550293,6731905,0.0,0.0
2003-02-17 00:00:00+05:30,10.586158936434536,11.172007911544757,10.504412613139763,11.103885650634766,6620480,0.0,0.0
2003-02-18 00:00:00+05:30,11.26737669436605,11.67610755589948,11.24693963155989,11.553487777709961,12829410,0.0,0.0
2003-02-19 00:00:00+05:30,11.580738456990417,12.28920778626999,11.553489036945574,12.078028678894043,19115535,0.0,0.0
2003-02-20 00:00:00+05:30,12.125711705583198,12.357326537428317,11.614796864629012,11.81235122680664,21657015,0.0,0.0
2003-02-21 00:00:00+05:30,11.798727002287558,12.187022089418992,11.560299806882245,12.037154197692871,14333010,0.0,0.0
2003-02-24 00:00:00+05:30,12.159775900976667,12.39820313419658,11.996283275166299,12.071216583251953,9675525,0.0,0.0
2003-02-25 00:00:00+05:30,11.907723564889912,12.057592774768391,11.471743243768183,11.539865493774414,11462170,0.0,0.0
2003-02-26 00:00:00+05:30,11.580737425403928,11.723792969924695,10.84502004093945,10.885892868041992,21188790,0.0,0.0
2003-02-27 00:00:00+05:30,10.906329265942654,11.921346622449516,10.722399606215752,11.744229316711426,23874005,0.0,0.0
2003-02-28 00:00:00+05:30,12.02353254138008,12.05078196460517,11.185632267068767,11.349124908447266,22537220,0.0,0.0
2003-03-03 00:00:00+05:30,11.601175625126016,12.793310476881535,11.601175625126016,12.336893081665039,23931380,0.0,0.0
2003-03-04 00:00:00+05:30,12.316454070523283,12.316454070523283,11.941783696039646,12.159773826599121,15284540,0.0,0.0
2003-03-05 00:00:00+05:30,12.180208148488072,12.88867728832656,11.716979825505422,12.752432823181152,19265810,0.0,0.0
2003-03-06 00:00:00+05:30,12.793309621795018,13.147542966582636,12.34370461170123,12.629817008972168,41063360,0.0,0.0
2003-03-07 00:00:00+05:30,11.921344707864245,12.39138666301346,11.921344707864245,12.016715049743652,15137485,0.0,0.0
2003-03-10 00:00:00+05:30,12.248332429822986,12.248332429822986,11.580737297454483,11.635234832763672,11827050,0.0,0.0
2003-03-11 00:00:00+05:30,11.505802619260667,12.275581761896754,11.069822339814635,12.112089157104492,24080550,0.0,0.0
2003-03-12 00:00:00+05:30,12.289209093149681,13.038550033536465,12.275584381678357,12.89549446105957,33805435,0.0,0.0
2003-03-13 00:00:00+05:30,12.97723662397594,13.079420633070336,12.248331648468,12.82736873626709,22481695,0.0,0.0
2003-03-14 00:00:00+05:30,12.82736873626709,12.82736873626709,12.82736873626709,12.82736873626709,0,0.0,0.0
2003-03-17 00:00:00+05:30,12.92955149021211,13.202039150306279,12.302829222333694,13.004486083984375,16625390,0.0,0.0
2003-03-18 00:00:00+05:30,13.004486083984377,13.004486083984377,13.004486083984377,13.004486083984375,0,0.0,0.0
2003-03-19 00:00:00+05:30,13.15435661304661,13.474530814842966,12.956803507064357,13.222478866577148,14978605,0.0,0.0
2003-03-20 00:00:00+05:30,12.936365028585882,13.583524417471764,12.806932890943953,13.413219451904297,23791460,0.0,0.0
2003-03-21 00:00:00+05:30,13.50177785542726,14.005880412266027,13.50177785542726,13.76745319366455,17723920,0.0,0.0
2003-03-24 00:00:00+05:30,13.774267638926052,13.862826964661679,13.31785019667231,13.4336576461792,6960370,0.0,0.0
2003-03-25 00:00:00+05:30,13.045359757306247,13.460904278075448,13.018111639185044,13.372344970703125,9166260,0.0,0.0
2003-03-26 00:00:00+05:30,13.447275200504805,13.78788501196437,13.283782646923013,13.35190486907959,8644605,0.0,0.0
2003-03-27 00:00:00+05:30,13.290600169443525,14.14212502935669,13.290600169443525,14.026317596435547,15149945,0.0,0.0
2003-03-28 00:00:00+05:30,14.019504530659304,14.646226847745066,13.856011921766116,14.435049057006836,15118410,0.0,0.0
2003-03-31 00:00:00+05:30,14.183000234219374,14.305620042475296,13.740207492769471,13.86282730102539,8434155,0.0,0.0
2003-04-01 00:00:00+05:30,13.801514383129286,13.930946519060864,13.249726665792826,13.392782211303711,11869235,0.0,0.0
2003-04-02 00:00:00+05:30,13.597144953198088,14.05356221641878,13.576709193216718,13.958191871643066,9474560,0.0,0.0
2003-04-03 00:00:00+05:30,14.080812375107246,14.469107427214826,13.760639558302865,14.380549430847168,13677950,0.0,0.0
2003-04-04 00:00:00+05:30,14.509981051361224,14.836967539040783,14.251118102077031,14.775657653808594,13426805,0.0,0.0
2003-04-07 00:00:00+05:30,15.259323927513122,15.259323927513122,14.598541160369814,14.966399192810059,8127835,0.0,0.0
2003-04-08 00:00:00+05:30,14.85059151824255,15.51818792761904,14.591728559007846,15.388755798339844,11682655,0.0,0.0
2003-04-09 00:00:00+05:30,15.259325927817796,15.627185307803463,14.271557824727315,14.516796112060547,12472540,0.0,0.0
2003-04-10 00:00:00+05:30,14.305615683331053,14.850590999157065,13.883258839073163,14.298803329467773,10800825,0.0,0.0
2003-04-11 00:00:00+05:30,14.305617512717845,14.918715146255277,14.237495264697284,14.360115051269531,8878365,0.0,0.0
2003-04-15 00:00:00+05:30,14.428235264576797,14.496357502990554,13.215663578647519,14.244305610656738,11610070,0.0,0.0
2003-04-16 00:00:00+05:30,14.182997652587881,14.748410099375647,14.182997652587881,14.455485343933105,7913255,0.0,0.0
2003-04-17 00:00:00+05:30,14.373741324389954,14.850594513760873,14.108064658140435,14.462299346923828,7242435,0.0,0.0
2003-04-18 00:00:00+05:30,14.462299346923826,14.462299346923826,14.462299346923826,14.462299346923828,0,0.0,0.0
2003-04-21 00:00:00+05:30,14.42142223948014,14.973209876230753,14.42142223948014,14.891464233398438,7120515,0.0,0.0
2003-04-22 00:00:00+05:30,14.918716680995567,15.054961191052637,14.31924369525714,14.489548683166504,3932860,0.0,0.0
2003-04-23 00:00:00+05:30,14.5440457578527,14.714350740264738,13.77426650972891,13.876450538635254,8491215,0.0,0.0
2003-04-24 00:00:00+05:30,13.896885979826893,14.64622814477308,13.76064277667914,14.155750274658203,10366750,0.0,0.0
2003-04-25 00:00:00+05:30,14.264743698063254,15.34107098458692,14.182996746221834,15.04814624786377,16800525,0.0,0.0
2003-04-28 00:00:00+05:30,15.123082428660034,16.444648110413755,14.850593426877877,16.165348052978516,26193010,0.0,0.0
2003-04-29 00:00:00+05:30,16.32202560769216,16.32202560769216,15.27976015653841,15.497750282287598,25315195,0.0,0.0
2003-04-30 00:00:00+05:30,15.599933986164855,16.362900774266993,15.272948776688391,16.124473571777344,18084365,0.0,0.0
2003-05-01 00:00:00+05:30,16.124473571777344,16.124473571777344,16.124473571777344,16.124473571777344,0,0.0,0.0
2003-05-02 00:00:00+05:30,15.940546906343307,16.669452060325092,15.899674072291948,16.5332088470459,14162110,0.0,0.0
2003-05-05 00:00:00+05:30,16.717136901550138,17.677656852689942,16.63538994218078,17.541412353515625,13709700,0.0,0.0
2003-05-06 00:00:00+05:30,17.657217973348054,17.92970564436873,16.989622854516465,17.207612991333008,16796075,0.0,0.0
2003-05-07 00:00:00+05:30,17.37110701239948,17.670844124659393,16.621764881411604,16.66263771057129,11796225,0.0,0.0
2003-05-08 00:00:00+05:30,16.894252337167195,17.030496831549105,16.62176464772717,16.846567153930664,9218620,0.0,0.0
2003-05-09 00:00:00+05:30,16.894249726732884,17.15311396619505,16.621762079396596,16.839752197265625,8798025,0.0,0.0
2003-05-12 00:00:00+05:30,16.99643729663379,20.2117948083156,16.976000231550262,19.680442810058594,44265660,0.0,0.0
2003-05-13 00:00:00+05:30,19.741748736639565,19.823495681213494,18.42018331072931,18.570051193237305,30769675,0.0,0.0
2003-05-14 00:00:00+05:30,18.542802790288828,21.11781414398993,18.542802790288828,20.33441162109375,43412080,0.0,0.0
2003-05-15 00:00:00+05:30,20.36847416640477,20.436596414317254,19.37389376458342,19.585071563720703,37539215,0.0,0.0
2003-05-16 00:00:00+05:30,19.75537098544507,20.34122033390039,18.747166157335844,19.067338943481445,37709800,0.0,0.0
2003-05-19 00:00:00+05:30,19.339830233432423,19.4624500086669,18.324812859681245,18.978784561157227,33485070,0.0,0.0
2003-05-20 00:00:00+05:30,18.66542232072205,20.095984165230295,18.41337172152516,19.959739685058594,36311285,0.0,0.0
2003-05-21 00:00:00+05:30,20.232232403995067,20.640963321793837,19.326209950713036,19.598697662353516,30498250,0.0,0.0
2003-05-22 00:00:00+05:30,19.891619695790506,20.600087648330646,19.012845485227494,20.409345626831055,45269015,0.0,0.0
2003-05-23 00:00:00+05:30,20.654583183360216,20.88619800871196,19.912053531377893,20.470653533935547,28472205,0.0,0.0
2003-05-26 00:00:00+05:30,20.593272822370487,24.203736993719566,19.530570371448544,23.359025955200195,89266570,0.0,0.0
2003-05-27 00:00:00+05:30,23.54976999621357,23.604268831540317,22.15326982405947,22.47344398498535,42995290,0.0,0.0
2003-05-28 00:00:00+05:30,22.616497090615585,25.709235498381975,21.696850132838325,24.953081130981445,87524180,0.0,0.0
2003-05-29 00:00:00+05:30,25.613861603932442,26.404076411325224,24.265046808485128,25.879539489746094,60385615,0.0,0.0
2003-05-30 00:00:00+05:30,25.954477064488387,26.697006856972422,23.87675689610664,24.394485473632812,51451045,0.0,0.0
2003-06-02 00:00:00+05:30,20.709081429315198,21.1723110960439,19.51694679260254,19.51694679260254,61268270,0.0,0.0
2003-06-03 00:00:00+05:30,18.842539728546626,21.764973319734384,18.842539728546626,21.145063400268555,79898495,0.0,0.0
2003-06-04 00:00:00+05:30,21.34942865348797,22.07152257759432,20.91344839691331,21.880779266357422,43486460,0.0,0.0
2003-06-05 00:00:00+05:30,22.616502249366174,23.66558156772961,20.60690293137071,21.151878356933594,48454310,0.0,0.0
2003-06-06 00:00:00+05:30,22.071525491189384,22.071525491189384,20.07554970485122,20.593276977539062,28053665,0.0,0.0
2003-06-09 00:00:00+05:30,21.172316193271328,21.526550882442635,20.245856636769123,20.53196907043457,15632250,0.0,0.0
2003-06-10 00:00:00+05:30,19.094594764928946,20.089175221305986,18.33162788524096,18.862979888916016,29722890,0.0,0.0
2003-06-11 00:00:00+05:30,19.21040176463386,20.96794906059896,19.08778197432776,20.702272415161133,37979620,0.0,0.0
2003-06-12 00:00:00+05:30,20.98838050948605,21.322178037043862,20.204978042823953,20.382095336914062,23514990,0.0,0.0
2003-06-13 00:00:00+05:30,20.491099441730498,20.681841527114752,19.551016326554443,19.891626358032227,22358640,0.0,0.0
2003-06-16 00:00:00+05:30,19.687254319805476,19.687254319805476,19.026471502362043,19.169527053833008,17601040,0.0,0.0
2003-06-17 00:00:00+05:30,19.36026834346887,20.804455008696003,19.210400443029467,20.477468490600586,32638740,0.0,0.0
2003-06-18 00:00:00+05:30,20.70908722089106,20.743148999631444,19.496516482861534,19.700881958007812,17297450,0.0,0.0
2003-06-19 00:00:00+05:30,19.89162127518644,20.42297195694989,19.73493971325667,20.170921325683594,19979750,0.0,0.0
2003-06-20 00:00:00+05:30,20.49109094205951,21.063315661530243,20.382095881143524,20.784015655517578,21900095,0.0,0.0
2003-06-23 00:00:00+05:30,20.954322533947572,21.356242345404425,20.20498044652003,20.368473052978516,16673375,0.0,0.0
2003-06-24 00:00:00+05:30,20.436595043898304,20.749955544229362,20.06192465448966,20.409345626831055,12660105,0.0,0.0
2003-06-25 00:00:00+05:30,20.709083503305425,21.097378615973064,20.64096125737761,20.913450241088867,19244580,0.0,0.0
2003-06-26 00:00:00+05:30,21.049693433620725,22.044275105789758,20.74314527593122,20.913450241088867,30127415,0.0,0.0
2003-06-27 00:00:00+05:30,21.022443937846603,21.7649736412432,20.531964838752373,21.38348960876465,21727310,0.0,0.0
2003-06-30 00:00:00+05:30,21.55379698460945,21.969341534850717,20.981572170918593,21.158689498901367,18223415,0.0,0.0
2003-07-01 00:00:00+05:30,21.5129247427841,21.5129247427841,20.6750245638824,20.80445671081543,10506705,0.0,0.0
2003-07-02 00:00:00+05:30,20.98157118769291,21.294932999231346,20.675023030003405,20.913450241088867,9396350,0.0,0.0
2003-07-03 00:00:00+05:30,21.063318924689764,22.582440257782544,20.818079349974123,22.323575973510742,35633490,0.0,0.0
2003-07-04 00:00:00+05:30,22.48025955969412,22.732310227135912,21.83310005263999,22.051090240478516,17575285,0.0,0.0
2003-07-07 00:00:00+05:30,22.078338529168594,22.323578127547787,21.54698649912165,21.78541374206543,10733285,0.0,0.0
2003-07-08 00:00:00+05:30,21.948907016756458,22.057902101812108,20.722710360894563,20.94070053100586,14424440,0.0,0.0
2003-07-09 00:00:00+05:30,21.063318777568846,21.44480154721011,20.16410874232396,20.422971725463867,14262585,0.0,0.0
2003-07-10 00:00:00+05:30,20.559219263150986,21.369871405482527,20.450224169984864,21.042884826660156,13443780,0.0,0.0
2003-07-11 00:00:00+05:30,21.17231080775225,23.215971456470196,21.124625630824827,22.371257781982422,34121105,0.0,0.0
2003-07-14 00:00:00+05:30,22.691431119339445,23.96531134169589,22.691431119339445,23.788192749023438,25476930,0.0,0.0
2003-07-15 00:00:00+05:30,24.121999046825906,24.57841777827018,23.161478992551313,23.972129821777344,18156415,0.0,0.0
2003-07-16 00:00:00+05:30,24.319554139458614,25.05527037665764,23.944883665046735,24.830469131469727,20012390,0.0,0.0
2003-07-17 00:00:00+05:30,24.93264523526621,25.150635377317368,22.841300523392807,23.277280807495117,19989065,0.0,0.0
2003-07-18 00:00:00+05:30,22.739120574644467,23.829071355294367,22.52113041851449,23.515710830688477,15978755,0.0,0.0
2003-07-21 00:00:00+05:30,23.978942235881675,24.237806538847888,23.229598748063225,23.413528442382812,11087165,0.0,0.0
2003-07-22 00:00:00+05:30,23.02522973366773,23.488459425947397,21.948903753592568,22.262264251708984,15078850,0.0,0.0
2003-07-23 00:00:00+05:30,22.512875529327413,23.94690627417369,22.35276572593416,23.43872833251953,17158460,0.7,0.0
2003-07-24 00:00:00+05:30,23.703253056696763,23.932977493875278,23.146348951378275,23.38999366760254,13362945,0.0,0.0
2003-07-25 00:00:00+05:30,23.52922191118306,24.357619312091767,23.43176401825931,24.253198623657227,13242800,0.0,0.0
2003-07-28 00:00:00+05:30,24.622149269171274,24.64303500199837,24.065245078473907,24.343698501586914,10920290,0.0,0.0
2003-07-29 00:00:00+05:30,24.37849775973256,24.37849775973256,21.16237329836794,23.25076675415039,18648405,0.0,0.0
2003-07-30 00:00:00+05:30,23.459611071951134,24.19750810159079,23.236849403886875,24.044361114501953,12553165,0.0,0.0
2003-07-31 00:00:00+05:30,24.336728517821427,24.77529160026349,23.459605008465168,23.717172622680664,10324715,0.0,0.0
2003-08-01 00:00:00+05:30,23.807672986188297,24.086123702287576,23.389992928747144,23.779827117919922,6630600,0.0,0.0
2003-08-04 00:00:00+05:30,23.58491456807563,23.58491456807563,22.44326036863241,22.874860763549805,8237965,0.0,0.0
2003-08-05 00:00:00+05:30,23.028009731606165,23.424804102611983,21.593979228417552,21.69839859008789,10640930,0.0,0.0
2003-08-06 00:00:00+05:30,21.788896718513904,21.844587137606833,20.772546238126893,21.044036865234375,13809840,0.0,0.0
2003-08-07 00:00:00+05:30,21.580054141254664,22.276184920004813,21.259834620356354,22.06038475036621,11156745,0.0,0.0
2003-08-08 00:00:00+05:30,22.4919853490832,23.05584955355037,22.241377855751995,22.930545806884766,9241005,0.0,0.0
2003-08-11 00:00:00+05:30,22.972319699738794,22.972319699738794,22.16480796196912,22.47806739807129,6008985,0.0,0.0
2003-08-12 00:00:00+05:30,22.888781993055623,22.888781993055623,21.88635324539081,21.99773406982422,4656515,0.0,0.0
2003-08-13 00:00:00+05:30,22.29707111453257,22.54767865484482,21.670553591516224,22.192651748657227,6933905,0.0,0.0
2003-08-14 00:00:00+05:30,22.554642325471775,23.320385256766066,21.907239045301203,22.074310302734375,6134780,0.0,0.0
2003-08-15 00:00:00+05:30,21.851547241210938,21.851547241210938,21.851547241210938,21.851547241210938,0,0.0,0.0
2003-08-18 00:00:00+05:30,22.234421765727088,22.24138323419906,21.49652204087044,21.614864349365234,4508960,0.0,0.0
2003-08-19 00:00:00+05:30,21.81674350828513,22.206576458309307,21.19718740388329,21.294645309448242,4541935,0.0,0.0
2003-08-20 00:00:00+05:30,21.371217279915776,22.526794365975576,21.231990581065403,22.15784454345703,8440435,0.0,0.0
2003-08-21 00:00:00+05:30,22.69386862435972,23.028013827775908,22.429340766987867,22.742597579956055,9921440,0.0,0.0
2003-08-22 00:00:00+05:30,22.714749567831824,23.236847686686033,22.596405946683458,22.94447135925293,7297320,0.0,0.0
2003-08-25 00:00:00+05:30,23.383037347829976,24.148780285790274,21.02315399036702,22.262266159057617,13248410,0.0,0.0
2003-08-26 00:00:00+05:30,22.568559118256818,23.250769634796324,22.568559118256818,23.14634895324707,5416625,0.0,0.0
2003-08-27 00:00:00+05:30,23.42480365817197,24.62910968396657,22.770438973783786,24.308887481689453,11177090,0.0,0.0
2003-08-28 00:00:00+05:30,24.559500673407193,25.534085129395642,24.364584844421106,24.566463470458984,16334300,0.0,0.0
2003-08-29 00:00:00+05:30,24.643035535403467,24.761376516694394,23.807677903511557,24.12093734741211,9580535,0.0,0.0
2003-09-01 00:00:00+05:30,24.14181716122699,24.48988257283,23.264690836891532,23.494415283203125,7397495,0.0,0.0
2003-09-02 00:00:00+05:30,23.38999619392263,24.14181880895206,23.285578156632006,23.85640525817871,6946840,0.0,0.0
2003-09-03 00:00:00+05:30,23.94690389260596,24.155742630369954,22.78436391502297,23.028011322021484,6241965,0.0,0.0
2003-09-04 00:00:00+05:30,23.25077404769317,23.38999810881198,22.415416403336582,22.679946899414062,4107510,0.0,0.0
2003-09-05 00:00:00+05:30,23.097620995498968,23.097620995498968,22.666020627368333,22.847013473510742,2088410,0.0,0.0
2003-09-08 00:00:00+05:30,23.028008699038146,23.431763191988782,22.76347824505291,23.1602725982666,3008110,0.0,0.0
2003-09-09 00:00:00+05:30,23.23685091709846,23.38999791416041,22.276189501306572,22.49199104309082,5189530,0.0,0.0
2003-09-10 00:00:00+05:30,22.415416328511014,23.243811173729124,22.20657625423682,23.069778442382812,6138000,0.0,0.0
2003-09-11 00:00:00+05:30,22.979284010496873,25.450551278367623,22.979284010496873,24.893644332885742,32820670,0.0,0.0
2003-09-12 00:00:00+05:30,24.921483583155876,25.548002402429685,23.619719653696315,24.399385452270508,29536725,0.0,0.0
2003-09-15 00:00:00+05:30,24.740490181508683,24.837948072217433,22.35972137685504,22.603368759155273,12774015,0.0,0.0
2003-09-16 00:00:00+05:30,22.666022002498252,24.837949565618107,22.136961056085756,24.503807067871094,17302600,0.0,0.0
2003-09-17 00:00:00+05:30,24.782263547044252,25.32524755491697,23.188125510325154,23.480499267578125,13128060,0.0,0.0
2003-09-18 00:00:00+05:30,23.52921865912531,23.52921865912531,22.00469328296731,22.1369571685791,12684555,0.0,0.0
2003-09-19 00:00:00+05:30,22.55463960181297,23.222924550844734,21.468674567990096,22.317955017089844,16456870,0.0,0.0
2003-09-22 00:00:00+05:30,22.568561028394317,22.805245625147116,21.865470033776923,21.98381233215332,6560895,0.0,0.0
2003-09-23 00:00:00+05:30,21.997735473225983,22.429337191263688,21.621824170957897,22.171768188476562,16844155,0.0,0.0
2003-09-24 00:00:00+05:30,22.554637452976838,23.320380218847152,22.3109900961795,23.118501663208008,10900610,0.0,0.0
2003-09-25 00:00:00+05:30,23.11154342948707,23.793751304812044,22.575522386975674,23.167232513427734,15427130,0.0,0.0
2003-09-26 00:00:00+05:30,23.396960851010945,24.058285761909016,23.33430896144105,23.905136108398438,13613275,0.0,0.0
2003-09-29 00:00:00+05:30,24.0861264692388,25.060710726364356,24.0861264692388,24.580381393432617,20285815,0.0,0.0
2003-09-30 00:00:00+05:30,24.782257133983904,26.146675614672677,24.782257133983904,25.923913955688477,32935490,0.0,0.0
2003-10-01 00:00:00+05:30,26.035295241776662,27.399711090865544,25.72203582348368,26.237171173095703,37775555,0.0,0.0
2003-10-02 00:00:00+05:30,21.851547241210938,21.851547241210938,21.851547241210938,21.851547241210938,0,0.0,0.0
2003-10-03 00:00:00+05:30,26.43904937862569,27.337058812937848,26.43904937862569,27.14910316467285,19539150,0.0,0.0
2003-10-06 00:00:00+05:30,27.448439819862323,28.506559037924127,27.32313605354392,27.67816162109375,24117875,0.0,0.0
2003-10-07 00:00:00+05:30,27.998383213135007,28.081918170323103,26.661810620483443,26.82192039489746,13236850,0.0,0.0
2003-10-08 00:00:00+05:30,26.940269964568344,27.970543515711704,26.940269964568344,27.552865982055664,21640215,0.0,0.0
2003-10-09 00:00:00+05:30,27.970537961012845,28.26291164540347,27.288330041906246,27.67816162109375,17925630,0.0,0.0
2003-10-10 00:00:00+05:30,27.9705443387354,28.040156377883388,27.121263652378804,27.357948303222656,9820190,0.0,0.0
2003-10-13 00:00:00+05:30,27.566779884256675,29.237494943223666,27.086450566179646,29.11915397644043,23141105,0.0,0.0
2003-10-14 00:00:00+05:30,29.390647604334138,29.933628859457453,27.998385796917514,28.610979080200195,30085750,0.0,0.0
2003-10-15 00:00:00+05:30,28.708436653778605,29.919702813251632,28.318602432225976,29.557714462280273,24209645,0.0,0.0
2003-10-16 00:00:00+05:30,30.072864118098117,31.15882693697846,29.864025318738776,30.91518211364746,24321330,0.0,0.0
2003-10-17 00:00:00+05:30,31.18666259282034,31.945445350940574,29.947550488112054,30.302576065063477,34775915,0.0,0.0
2003-10-20 00:00:00+05:30,30.351305489920307,30.94301833482718,28.833739949871433,29.000812530517578,18732690,0.0,0.0
2003-10-21 00:00:00+05:30,29.237495506941507,29.404568078270827,26.45297212532803,26.766231536865234,41402300,0.0,0.0
2003-10-22 00:00:00+05:30,27.427558443681082,27.48324753464674,25.492312741462587,26.265018463134766,27349080,0.0,0.0
2003-10-23 00:00:00+05:30,26.801037506656886,27.747775879828534,25.1442453536065,25.380929946899414,48379045,0.0,0.0
2003-10-24 00:00:00+05:30,25.67330290823915,26.94026066596334,24.51076317012392,26.647884368896484,47521450,0.0,0.0
2003-10-27 00:00:00+05:30,26.856728215481088,26.87064849496703,25.353083100279974,25.485349655151367,21264580,0.0,0.0
2003-10-28 00:00:00+05:30,25.68026476772911,25.68026476772911,24.371538121169174,24.629108428955078,27257260,0.0,0.0
2003-10-29 00:00:00+05:30,25.06070708978528,26.592195276377772,24.92148040818086,26.404239654541016,34593480,0.0,0.0
2003-10-30 00:00:00+05:30,26.759262612678437,27.991414245507833,26.313739398542396,27.538930892944336,38735690,0.0,0.0
2003-10-31 00:00:00+05:30,27.378828866867448,28.645786859811103,27.288331108649025,28.26291275024414,28187295,0.0,0.0
2003-11-03 00:00:00+05:30,28.520485627703717,28.819822146089685,26.633968751112697,26.863693237304688,38304860,0.0,0.0
2003-11-04 00:00:00+05:30,27.06557402737349,28.40214427290847,26.99595933404624,28.123693466186523,29144310,0.0,0.0
2003-11-05 00:00:00+05:30,28.248992324720696,29.021695369226396,27.344020058230647,27.636396408081055,37356900,0.0,0.0
2003-11-06 00:00:00+05:30,27.98446307847831,28.109766854565557,27.156065597065,27.52501678466797,15733685,0.0,0.0
2003-11-07 00:00:00+05:30,27.357943135433565,27.636396550485088,26.661812253333327,26.84280776977539,17588620,0.0,0.0
2003-11-10 00:00:00+05:30,27.149103080101572,27.149103080101572,25.548002660329477,25.923913955688477,11441480,0.0,0.0
2003-11-11 00:00:00+05:30,25.896067587558615,26.64788750832281,25.896067587558615,26.097946166992188,12463875,0.0,0.0
2003-11-12 00:00:00+05:30,26.564348208663816,26.72445795583965,25.944792291822722,26.063133239746094,15077595,0.0,0.0
2003-11-13 00:00:00+05:30,26.44601634068415,26.66181523876078,25.36005108701773,25.56192970275879,12477910,0.0,0.0
2003-11-14 00:00:00+05:30,25.75684059795732,25.82645261844316,24.50380564051372,24.622146606445312,12932180,0.0,0.0
2003-11-17 00:00:00+05:30,25.0607132965338,25.339166728706783,24.656956085435855,25.08159637451172,10055935,0.0,0.0
2003-11-18 00:00:00+05:30,25.339161931854935,25.728993476465227,24.51076458850159,24.7335262298584,10080575,0.0,0.0
2003-11-19 00:00:00+05:30,24.643030440671218,24.643030440671218,23.369109850690535,23.584911346435547,11477360,0.0,0.0
2003-11-20 00:00:00+05:30,23.564031254152834,24.03740050574219,22.972321017430534,23.090662002563477,10007665,0.0,0.0
2003-11-21 00:00:00+05:30,23.3760789938415,23.807679447014564,22.874863851105758,23.696298599243164,13815195,0.0,0.0
2003-11-24 00:00:00+05:30,23.870328671334825,24.21143131770817,23.689333154234678,23.92601776123047,8546580,0.0,0.0
2003-11-25 00:00:00+05:30,24.281048291274594,24.559499078091772,23.96082603591803,24.35066032409668,9167325,0.0,0.0
2003-11-26 00:00:00+05:30,21.851547241210938,21.851547241210938,21.851547241210938,21.851547241210938,0,0.0,0.0
2003-11-27 00:00:00+05:30,24.503807951514524,25.24170499815898,24.434193268934834,24.85187339782715,13166795,0.0,0.0
2003-11-28 00:00:00+05:30,25.10247263581765,25.81948636814036,24.5316457052355,25.680259704589844,18002505,0.0,0.0
2003-12-01 00:00:00+05:30,25.951755307719424,26.035292915485673,25.144243688010118,25.227781295776367,10866565,0.0,0.0
2003-12-02 00:00:00+05:30,25.603689904119854,26.104904928516408,25.21385835672542,25.617612838745117,17955985,0.0,0.0
2003-12-03 00:00:00+05:30,26.15363632908766,26.15363632908766,25.33916449345148,25.492311477661133,12280995,0.0,0.0
2003-12-04 00:00:00+05:30,25.478388962133476,26.174519837115575,25.478388962133476,25.722036361694336,11102750,0.0,0.0
2003-12-05 00:00:00+05:30,26.03529268437845,26.522582114381454,24.872752880802725,25.08855438232422,17652795,0.0,0.0
2003-12-08 00:00:00+05:30,25.19993255816984,25.297390433942525,24.406343963417484,24.573413848876953,8257135,0.0,0.0
2003-12-09 00:00:00+05:30,24.796177118196706,25.492307883546076,24.712642169902654,25.387889862060547,7286745,0.0,0.0
2003-12-10 00:00:00+05:30,25.339165337855437,25.471429250336914,24.58038256513836,24.761375427246094,7193650,0.0,0.0
2003-12-11 00:00:00+05:30,24.95628853420381,25.33916260501497,24.81010170109135,25.24866485595703,8376605,0.0,0.0
2003-12-12 00:00:00+05:30,25.49230908430697,25.826451548750363,25.353082393573494,25.471426010131836,9179335,0.0,0.0
2003-12-15 00:00:00+05:30,26.146672509621343,26.146672509621343,25.464464678056853,25.582805633544922,6780250,0.0,0.0
2003-12-16 00:00:00+05:30,25.575844283047477,25.575844283047477,24.60126019523853,24.949325561523438,8412325,0.0,0.0
2003-12-17 00:00:00+05:30,25.18601347791568,25.192973617737895,24.782256324489968,24.92844581604004,5686000,0.0,0.0
2003-12-18 00:00:00+05:30,25.102478519925455,25.234742420761307,24.475959714853833,24.977174758911133,8365130,0.0,0.0
2003-12-19 00:00:00+05:30,25.273681132913552,25.93729349253807,25.273681132913552,25.852575302124023,9438445,0.5,0.0
2003-12-22 00:00:00+05:30,25.965528498533963,28.231690122380723,25.901991206406354,27.857524871826172,24638240,0.0,0.0
2003-12-23 00:00:00+05:30,28.23875485547918,28.944723726866158,27.991666827716745,28.365829467773438,25104145,0.0,0.0
2003-12-24 00:00:00+05:30,28.521145004236825,30.264886378396323,28.401128889302473,29.714231491088867,34092850,0.0,0.0
2003-12-25 00:00:00+05:30,28.521145004236825,30.264886378396323,28.401128889302473,29.714231491088867,0,0.0,0.0
2003-12-26 00:00:00+05:30,30.06015465932942,31.782717668566537,30.06015465932942,31.641523361206055,28384690,0.0,0.0
2003-12-29 00:00:00+05:30,32.00862351990431,32.82754716952943,31.090864675281576,32.44632339477539,15866245,0.0,0.0
2003-12-30 00:00:00+05:30,32.474563470847116,34.310081198498224,32.474563470847116,33.49115753173828,27710590,0.0,0.0
2003-12-31 00:00:00+05:30,33.71706851116167,34.493635802576364,33.19465311024694,34.07711410522461,18572875,0.0,0.0
2004-01-01 00:00:00+05:30,34.16888878836581,34.86073784447417,33.95709600761141,34.126529693603516,10585680,0.0,0.0
2004-01-02 00:00:00+05:30,34.168886869603824,34.86073588686124,33.76648491765877,33.914737701416016,7136565,0.0,0.0
2004-01-05 00:00:00+05:30,34.23948631514309,34.39480031072205,33.074636734415336,33.68177032470703,11490345,0.0,0.0
2004-01-06 00:00:00+05:30,32.8981401342922,34.59246608077751,32.050979854106394,33.724124908447266,12423590,0.0,0.0
2004-01-07 00:00:00+05:30,33.180533120170566,35.065468496244705,33.180533120170566,34.01357650756836,25853445,0.0,0.0
2004-01-08 00:00:00+05:30,34.479516848490924,39.110673219700026,34.20418944299803,37.45164489746094,19096665,0.0,0.0
2004-01-09 00:00:00+05:30,38.40469974144782,39.35069794126682,38.05171537872517,38.84239959716797,11165625,0.0,0.0
2004-01-12 00:00:00+05:30,39.251859441911996,42.8240621061395,38.75768349629649,42.167510986328125,20932405,0.0,0.0
2004-01-13 00:00:00+05:30,41.65216026409042,42.64051768656295,41.04502664969078,41.42625045776367,15256920,0.0,0.0
2004-01-14 00:00:00+05:30,41.51096616232696,43.30412761512983,41.51096616232696,42.57698059082031,18107480,0.0,0.0
2004-01-15 00:00:00+05:30,43.0640894907347,43.78417786768102,41.426242368170975,41.7933464050293,12381890,0.0,0.0
2004-01-16 00:00:00+05:30,41.51096436034571,41.9345472506592,37.571659908079326,39.27304458618164,11886865,0.0,0.0
2004-01-19 00:00:00+05:30,38.828279250235035,40.24021667751631,37.44458121783305,39.64014434814453,6852100,0.0,0.0
2004-01-20 00:00:00+05:30,40.240217043574006,40.52260560882186,36.315029990524884,37.098655700683594,6361865,0.0,0.0
2004-01-21 00:00:00+05:30,36.85156605724022,36.95040124268462,34.592465716720575,35.17842102050781,8645925,0.0,0.0
2004-01-22 00:00:00+05:30,35.439624265150506,38.531767487776875,35.1572357478758,36.237369537353516,13177205,0.0,0.0
2004-01-23 00:00:00+05:30,37.19043410913922,38.54589282170898,36.20207677809762,38.07289505004883,8402230,0.0,0.0
2004-01-26 00:00:00+05:30,37.19043410913922,38.54589282170898,36.20207677809762,38.07289505004883,0,0.0,0.0
2004-01-27 00:00:00+05:30,38.82121689256856,39.75309528658144,37.69872664163623,39.569541931152344,6315380,0.0,0.0
2004-01-28 00:00:00+05:30,39.53424468372599,42.40753689440225,39.52718618212027,41.30622482299805,17725700,0.0,0.0
2004-01-29 00:00:00+05:30,41.32741037694892,41.32741037694892,38.68708612414424,39.230682373046875,8144445,0.0,0.0
2004-01-30 00:00:00+05:30,39.251857677898165,39.675440503319884,36.15971678690933,36.555057525634766,12789080,0.0,0.0
2004-02-02 00:00:00+05:30,39.251857677898165,39.675440503319884,36.15971678690933,36.555057525634766,0,0.0,0.0
2004-02-03 00:00:00+05:30,36.427981859745536,36.8445034777936,33.2228861829447,33.66764450073242,13554025,0.0,0.0
2004-02-04 00:00:00+05:30,34.59247261392769,34.85368032654823,32.47456612736069,34.22536849975586,14199720,0.0,0.0
2004-02-05 00:00:00+05:30,35.016050733204715,37.30339078641169,34.46539594151259,35.361976623535156,17468455,0.0,0.0
2004-02-06 00:00:00+05:30,35.72201622561284,36.851567795686876,35.1996008798888,36.50564193725586,8167495,0.0,0.0
2004-02-09 00:00:00+05:30,36.71037693555362,39.25186349233061,36.71037693555362,39.04007339477539,11962875,0.0,0.0
2004-02-10 00:00:00+05:30,39.534246708861176,39.534246708861176,37.275146358314885,38.12936782836914,12870750,0.0,0.0
2004-02-11 00:00:00+05:30,38.41175614233405,40.148438465585755,38.41175614233405,39.746036529541016,15398395,0.0,0.0
2004-02-12 00:00:00+05:30,39.81664678600158,39.81664678600158,37.416351463923085,38.729454040527344,8622245,0.0,0.0
2004-02-13 00:00:00+05:30,39.534247712043076,39.534247712043076,38.26350457419593,39.07536697387695,7013390,0.0,0.0
2004-02-16 00:00:00+05:30,39.17421091824877,39.25186522610519,37.54342197823217,37.677555084228516,7842685,0.0,0.0
2004-02-17 00:00:00+05:30,37.952881943005465,38.61649434625471,37.557541133979306,38.37646484375,6285385,0.0,0.0
2004-02-18 00:00:00+05:30,38.687085549971385,38.75062284287564,37.013940427568556,37.331626892089844,7081280,0.0,0.0
2004-02-19 00:00:00+05:30,40.94619670338391,40.94619670338391,35.51023556794382,35.87028121948242,7304305,0.0,0.0
2004-02-20 00:00:00+05:30,35.86321007613624,36.498582994958866,35.051347672148346,35.94792556762695,7112265,0.0,0.0
2004-02-23 00:00:00+05:30,36.258557806530625,36.286797204714546,33.484100221805065,33.74530792236328,6786620,0.0,0.0
2004-02-24 00:00:00+05:30,33.92885211616585,34.87485015431948,33.03933016600679,34.61363983154297,13578635,0.0,0.0
2004-02-25 00:00:00+05:30,34.8607349741271,34.95957016071086,33.88649741926724,34.055931091308594,6889630,0.0,0.0
2004-02-26 00:00:00+05:30,34.16889577857377,34.80426617164861,33.124059438476465,33.34291076660156,7022290,0.0,0.0
2004-02-27 00:00:00+05:30,34.09123769130728,34.45128063336416,33.660596245768375,34.2394905090332,5834020,0.0,0.0
2004-03-01 00:00:00+05:30,34.65600645463822,35.510228005896046,34.324200276440095,35.206661224365234,3986915,0.0,0.0
2004-03-02 00:00:00+05:30,34.65600645463822,35.510228005896046,34.324200276440095,35.206661224365234,0,0.0,0.0
2004-03-03 00:00:00+05:30,35.5808285310327,36.0114672360635,34.705426035716,35.15724563598633,6523555,0.0,0.0
2004-03-04 00:00:00+05:30,35.49610274762154,36.50563812936364,35.24901479812802,35.82085037231445,10497315,0.0,0.0
2004-03-05 00:00:00+05:30,36.08912758003254,36.63272392857597,34.592474342142864,35.52435302734375,9254835,0.0,0.0
2004-03-08 00:00:00+05:30,35.75732510197758,37.81169444957681,35.65848719591059,37.522247314453125,9863605,0.0,0.0
2004-03-09 00:00:00+05:30,37.47282809789177,38.658853296103636,37.13396067776557,38.291751861572266,12768785,0.0,0.0
2004-03-10 00:00:00+05:30,38.78591737044546,38.78591737044546,37.01393721150138,37.12689208984375,6602120,0.0,0.0
2004-03-11 00:00:00+05:30,36.498591892605795,38.23527470334791,36.4632939869678,37.522247314453125,10440260,0.0,0.0
2004-03-12 00:00:00+05:30,37.2469102999342,38.8988772930738,36.110302867434676,38.65884780883789,9114875,0.0,0.0
2004-03-15 00:00:00+05:30,39.04006968085602,39.80957569344665,36.16677720564538,37.098655700683594,9735115,0.0,0.0
2004-03-16 00:00:00+05:30,36.28679791044843,37.91052563480231,35.94793051176525,36.95746612548828,8092210,0.0,0.0
2004-03-17 00:00:00+05:30,37.27514686001359,39.80251610129978,37.27514686001359,39.3506965637207,15063035,0.0,0.0
2004-03-18 00:00:00+05:30,39.50601672993009,40.77676013837497,39.145973796542734,39.85900115966797,15354405,0.0,0.0
2004-03-19 00:00:00+05:30,39.67544993282989,41.34859535429512,39.53425562413222,40.72028350830078,8738515,0.0,0.0
2004-03-22 00:00:00+05:30,40.77675171493814,40.77675171493814,39.04006932571584,39.64014434814453,6155265,0.0,0.0
2004-03-23 00:00:00+05:30,39.59072945653896,40.24021942476245,38.58119391166614,39.548370361328125,5027105,0.0,0.0
2004-03-24 00:00:00+05:30,40.09902030307555,41.638032233922864,39.265977049018495,40.875587463378906,7512855,0.0,0.0
2004-03-25 00:00:00+05:30,41.03796761463753,43.96773655568279,40.882653614904136,43.13469314575195,25803405,0.0,0.0
2004-03-26 00:00:00+05:30,43.06409690226603,47.554058911817684,42.781708304372536,46.91868591308594,24185105,0.0,0.0
2004-03-29 00:00:00+05:30,47.29990932163447,48.34474550937587,45.93738933020848,46.69277572631836,18640065,0.0,0.0
2004-03-30 00:00:00+05:30,46.89044294838478,49.95435011541173,46.02916021406687,49.3260383605957,26105390,0.0,0.0
2004-03-31 00:00:00+05:30,48.00587647044394,49.38957461649361,46.96810151437812,47.208133697509766,16183265,0.0,0.0
2004-04-01 00:00:00+05:30,48.00587114233382,48.47886887415718,46.46685917556151,47.05281448364258,20960305,0.0,0.0
2004-04-02 00:00:00+05:30,47.29990866502548,48.500053446856484,47.29990866502548,47.98469924926758,14222475,0.0,0.0
2004-04-05 00:00:00+05:30,48.2882682617909,49.806102298762674,47.391684846087145,47.92822265625,16759475,0.0,0.0
2004-04-06 00:00:00+05:30,48.00587441973419,48.41533758245224,46.48804054835802,47.77290344238281,14004325,0.0,0.0
2004-04-07 00:00:00+05:30,48.28826646247292,48.542415658547604,47.24343028015318,47.78702926635742,10474715,0.0,0.0
2004-04-08 00:00:00+05:30,47.723487456686,48.90951519782534,46.749252499580706,47.49757766723633,14256695,0.0,0.0
2004-04-09 00:00:00+05:30,47.723487456686,48.90951519782534,46.749252499580706,47.49757766723633,0,0.0,0.0
2004-04-12 00:00:00+05:30,47.836451506312116,48.54242036697032,47.342270072182394,47.57524108886719,6126625,0.0,0.0
2004-04-13 00:00:00+05:30,47.76585511809905,49.093074621036735,47.65289751642866,48.860103607177734,7086060,0.0,0.0
2004-04-14 00:00:00+05:30,47.76585511809905,49.093074621036735,47.65289751642866,48.860103607177734,0,0.0,0.0
2004-04-15 00:00:00+05:30,48.94481258415,50.2437924418606,48.45769244445158,49.55900192260742,11224570,0.0,0.0
2004-04-16 00:00:00+05:30,49.20602588067256,50.67444235717148,49.20602588067256,50.01082992553711,7847595,0.0,0.0
2004-04-19 00:00:00+05:30,50.05318775158248,50.47676794381822,48.31650519313588,48.5988883972168,4857285,0.0,0.0
2004-04-20 00:00:00+05:30,48.28825963500043,49.37545206757643,47.62464734062079,48.66242218017578,5620840,0.0,0.0
2004-04-21 00:00:00+05:30,48.641248009681256,49.91198852951387,48.32355884013751,49.65078353881836,3785115,0.0,0.0
2004-04-22 00:00:00+05:30,49.80609614673461,51.443943387875606,49.80609614673461,51.09801483154297,4927365,0.0,0.0
2004-04-23 00:00:00+05:30,50.68856435156715,54.147807323537386,50.547367353332504,53.695987701416016,11116955,0.0,0.0
2004-04-26 00:00:00+05:30,50.68856435156715,54.147807323537386,50.547367353332504,53.695987701416016,0,0.0,0.0
2004-04-27 00:00:00+05:30,52.52406586040882,54.91023783225716,49.982579931993385,54.21133041381836,11198130,0.0,0.0
2004-04-28 00:00:00+05:30,53.85835965531117,56.1033406237843,50.91447109259214,54.486671447753906,20204875,0.0,0.0
2004-04-29 00:00:00+05:30,54.34548682117105,55.34796133937402,52.968844271757156,54.691410064697266,11737140,0.0,0.0
2004-04-30 00:00:00+05:30,54.01367065712368,54.50078543284628,50.872106482923485,52.248748779296875,10900175,0.0,0.0
2004-05-03 00:00:00+05:30,51.64867083325092,52.22050373627758,48.00586988598026,50.257911682128906,9455640,0.0,0.0
2004-05-04 00:00:00+05:30,50.787384643462566,53.89364228685988,50.787384643462566,53.13825607299805,10423330,0.0,0.0
2004-05-05 00:00:00+05:30,53.992491793795644,53.992491793795644,51.32392542293312,51.549835205078125,8247085,0.0,0.0
2004-05-06 00:00:00+05:30,52.806477659431856,53.42066717607917,52.24170036589492,52.495849609375,4291040,0.0,0.0
2004-05-07 00:00:00+05:30,53.34301050679106,53.34301050679106,51.535731773628974,51.97343444824219,4025470,0.0,0.0
2004-05-10 00:00:00+05:30,48.85303500596813,50.985063632371926,47.03163973707571,49.42487335205078,8547730,0.0,0.0
2004-05-11 00:00:00+05:30,48.005876078272365,48.25296406909945,45.13258341667916,46.226837158203125,4943380,0.0,0.0
2004-05-12 00:00:00+05:30,45.03375823931977,50.264985157367555,43.93950694740729,47.709381103515625,10342150,0.0,0.0
2004-05-13 00:00:00+05:30,47.29990564361703,48.00587438456654,44.052450512472106,45.41497039794922,12067020,0.0,0.0
2004-05-14 00:00:00+05:30,45.47144896081621,45.47144896081621,36.0044056070417,37.289268493652344,15893975,0.0,0.0
2004-05-17 00:00:00+05:30,36.399749593986215,37.10571834155188,29.989552073422594,32.22041320800781,8639255,0.0,0.0
2004-05-18 00:00:00+05:30,32.47456131523372,38.12231110918741,32.47456131523372,37.331626892089844,9582145,0.0,0.0
2004-05-19 00:00:00+05:30,38.82827490662734,42.3581180799571,38.8212164052256,40.197853088378906,13625330,0.0,0.0
2004-05-20 00:00:00+05:30,38.828272397953974,41.3203406555355,37.91051377079544,39.7672119140625,8387695,0.0,0.0
2004-05-21 00:00:00+05:30,38.263513379166405,38.969482250763356,37.42340869840921,38.73651123046875,8934370,0.0,0.0
2004-05-24 00:00:00+05:30,38.54589569220045,39.8166416961877,37.48694248424926,37.719913482666016,9713520,0.0,0.0
2004-05-25 00:00:00+05:30,37.84698694277326,39.59073070110731,35.53846869582611,38.383522033691406,17257775,0.0,0.0
2004-05-26 00:00:00+05:30,38.19290253766074,40.2402126811156,38.19290253766074,39.569541931152344,14228630,0.0,0.0
2004-05-27 00:00:00+05:30,40.099020010791406,40.099020010791406,38.40469681467887,39.29421615600586,12749620,0.0,0.0
2004-05-28 00:00:00+05:30,38.8282781165656,39.11066667099972,36.38562708502075,36.851566314697266,14115485,0.0,0.0
2004-05-31 00:00:00+05:30,36.8515688168714,38.56001187733409,34.204186038260765,36.85862731933594,11414120,0.0,0.0
2004-06-01 00:00:00+05:30,37.83992324704062,38.53177497957591,36.87274683086821,37.289268493652344,8554725,0.0,0.0
2004-06-02 00:00:00+05:30,37.38809717305186,39.67543666869932,37.07041075795408,39.421287536621094,18524545,0.0,0.0
2004-06-03 00:00:00+05:30,39.53425120881226,40.46612977186112,36.187958046549795,37.00688171386719,13721280,0.0,0.0
2004-06-04 00:00:00+05:30,37.24690849115533,39.52718982719033,36.992762014062436,39.20244216918945,15314350,0.0,0.0
2004-06-07 00:00:00+05:30,39.68250381231398,42.96525966151178,39.68250381231398,42.04043960571289,17415640,0.0,0.0
2004-06-08 00:00:00+05:30,42.216920568163616,42.216920568163616,40.09901482702106,40.65673065185547,11606420,0.0,0.0
2004-06-09 00:00:00+05:30,40.240217879143636,41.08031970396208,39.06125138482556,39.230682373046875,12034355,0.0,0.0
2004-06-10 00:00:00+05:30,38.82827869842955,38.82827869842955,37.416341291213925,37.663429260253906,10754745,0.0,0.0
2004-06-11 00:00:00+05:30,37.677543734905996,38.39763203593939,35.319608483973454,35.70789337158203,11737520,0.0,0.0
2004-06-14 00:00:00+05:30,35.82085367562086,35.863210074836225,33.88649821743081,34.17594528198242,13841565,0.0,0.0
2004-06-15 00:00:00+05:30,33.88649626196151,36.41386540083339,33.88649626196151,36.16677474975586,14575905,0.0,0.0
2004-06-16 00:00:00+05:30,36.0044082959215,37.23985367862469,35.33373740669976,35.68672180175781,11937165,0.0,0.0
2004-06-17 00:00:00+05:30,35.31255713409465,36.992763510102,35.030168557384194,36.66095733642578,10650730,0.0,0.0
2004-06-18 00:00:00+05:30,36.569181939871804,37.48694080709104,36.004407459510524,36.74567413330078,14483915,0.0,0.0
2004-06-21 00:00:00+05:30,36.427996596529056,37.261040169629254,35.60201422101289,36.40681838989258,9085095,0.0,0.0
2004-06-22 00:00:00+05:30,36.00440730717807,36.39975078828687,34.19712628461131,34.57835006713867,17562995,0.0,0.0
2004-06-23 00:00:00+05:30,34.87486180946465,35.566710950216724,34.38068308233962,35.27020263671875,16288255,0.0,0.0
2004-06-24 00:00:00+05:30,34.44632561498281,37.642376445238945,34.21194725362095,37.045780181884766,19185140,0.3,0.0
2004-06-25 00:00:00+05:30,36.648050891372286,37.42930943891778,35.80287392389299,36.4207763671875,14295425,0.0,0.0
2004-06-28 00:00:00+05:30,36.50601834172354,37.89097208190958,36.2290248843594,37.60688018798828,9834615,0.0,0.0
2004-06-29 00:00:00+05:30,37.770232182345076,38.7787628373242,36.93215611529041,38.43785095214844,14758715,0.0,0.0
2004-06-30 00:00:00+05:30,38.53017566269385,40.83843503419164,38.175058836309574,39.78018569946289,21082940,0.0,0.0
2004-07-01 00:00:00+05:30,39.6310302477358,40.596948277533635,39.07704896389771,39.97904586791992,16567685,0.0,0.0
2004-07-02 00:00:00+05:30,39.40375923510675,40.00035555888336,37.699200245263675,38.21767044067383,19411220,0.0,0.0
2004-07-05 00:00:00+05:30,38.35260832616114,38.45204058092203,36.165087884118556,36.51310348510742,16073890,0.0,0.0
2004-07-06 00:00:00+05:30,36.363960637172575,37.71340284323868,36.24321951706902,36.974761962890625,19547720,0.0,0.0
2004-07-07 00:00:00+05:30,36.86112463110592,37.79863275891736,36.37816557019383,36.63385009765625,12643200,0.0,0.0
2004-07-08 00:00:00+05:30,36.64804981758903,36.92504317581653,33.10398594726149,33.80001449584961,19694010,0.0,0.0
2004-07-09 00:00:00+05:30,34.80145076928951,35.49747945955612,31.25028232344364,34.773040771484375,9723335,0.0,0.0
2004-07-12 00:00:00+05:30,34.53865961176232,36.05855903321037,34.53865961176232,35.845489501953125,8848985,0.0,0.0
2004-07-13 00:00:00+05:30,35.89520620616594,36.71907706029539,35.41934829311233,36.36396026611328,8393735,0.0,0.0
2004-07-14 00:00:00+05:30,36.47759532615477,36.648049859832525,35.60400839040989,36.06565856933594,8029165,0.0,0.0
2004-07-15 00:00:00+05:30,36.193508761958434,36.93215246142532,35.79577962326593,36.67646789550781,11599675,0.0,0.0
2004-07-16 00:00:00+05:30,36.91794611196082,38.13954890029538,36.80430883230132,37.92647933959961,11785900,0.0,0.0
2004-07-19 00:00:00+05:30,38.06851577758789,38.84977427906868,37.81993512808202,38.06851577758789,7166635,0.0,0.0
2004-07-20 00:00:00+05:30,37.96198494692711,39.169382560609066,37.91226881365721,38.97761917114258,11936140,0.0,0.0
2004-07-21 00:00:00+05:30,38.36682229298286,40.54723939281101,38.36682229298286,39.80149459838867,10728620,0.0,0.0
2004-07-22 00:00:00+05:30,40.44069945488942,40.738998970179175,39.97194539599933,40.14240264892578,9065095,0.0,0.0
2004-07-23 00:00:00+05:30,40.05718019410749,40.56854659572777,39.2120003902565,40.09979248046875,8784730,0.0,0.0
2004-07-26 00:00:00+05:30,40.05717985057545,41.43503218741083,38.50176638789395,40.966278076171875,20725275,0.0,0.0
2004-07-27 00:00:00+05:30,41.03019428998171,41.15803655127817,38.81426627638649,39.15517807006836,10962385,0.0,0.0
2004-07-28 00:00:00+05:30,39.09836359390581,39.48899157655775,37.223347109715284,37.457725524902344,14968995,0.0,0.0
2004-07-29 00:00:00+05:30,37.6423770176912,40.62535837982625,37.50032977009889,39.16938018798828,16129210,0.0,0.0
2004-07-30 00:00:00+05:30,39.488985014783395,39.73756838740203,37.84124336554832,38.02590560913086,8632825,0.0,0.0
2004-08-02 00:00:00+05:30,38.27449161716281,38.6296084482136,37.72761137222541,38.16085433959961,5721630,0.0,0.0
2004-08-03 00:00:00+05:30,38.34550711303171,39.73046024369689,37.86964926841603,38.90658950805664,11912345,0.0,0.0
2004-08-04 00:00:00+05:30,38.77875496683494,38.93500723182529,37.86965679087569,38.132442474365234,4967655,0.0,0.0
2004-08-05 00:00:00+05:30,38.31000102547496,39.04154350669072,38.075625336433,38.835575103759766,5644600,0.0,0.0
2004-08-06 00:00:00+05:30,38.76454591228255,39.56000667740205,37.95487744265154,38.92079544067383,9187555,0.0,0.0
2004-08-09 00:00:00+05:30,39.275916478333855,39.432168733102,38.253181097288234,39.15517807006836,5222800,0.0,0.0
2004-08-10 00:00:00+05:30,39.48899013857573,39.90092695899732,38.594096925281754,39.00603103637695,7096540,0.0,0.0
2004-08-11 00:00:00+05:30,39.06994414790147,39.06994414790147,37.65658098185526,38.04010772705078,6817310,0.0,0.0
2004-08-12 00:00:00+05:30,38.06853053160799,38.49467243648033,37.41511673719477,37.60688018798828,5370010,0.0,0.0
2004-08-13 00:00:00+05:30,37.23044114043269,37.713400167934545,36.413674189014806,36.839813232421875,6309950,0.0,0.0
2004-08-16 00:00:00+05:30,36.93214469275022,36.98896467736939,35.98753276840148,36.335548400878906,6140965,0.0,0.0
2004-08-17 00:00:00+05:30,36.64804575352514,41.193541018620415,36.30003287248675,36.59122848510742,4249650,0.0,0.0
2004-08-18 00:00:00+05:30,36.648046002776496,37.77021618690942,36.648046002776496,37.27305221557617,9663085,0.0,0.0
2004-08-19 00:00:00+05:30,37.22334295533027,37.642380888690624,36.378165944696335,36.846920013427734,6112555,0.0,0.0
2004-08-20 00:00:00+05:30,36.93215246142532,37.15942702905719,36.39237604063125,36.67646789550781,2878310,0.0,0.0
2004-08-23 00:00:00+05:30,36.6480518677818,36.90373639163337,34.25456544719552,34.54576110839844,6066660,0.0,0.0
2004-08-24 00:00:00+05:30,34.8014455109771,34.86536664171725,34.0201896546652,34.58127212524414,6952215,0.0,0.0
2004-08-25 00:00:00+05:30,34.55286700415302,35.75316085727478,34.55286700415302,34.879573822021484,8854785,0.0,0.0
2004-08-26 00:00:00+05:30,35.08553644303726,36.84691522097649,35.014511466512,36.43497848510742,14928055,0.0,0.0
2004-08-27 00:00:00+05:30,36.506014669770806,36.98897382111824,35.66793865474593,35.824188232421875,10676125,0.0,0.0
2004-08-30 00:00:00+05:30,36.46339333851108,36.91794241158859,36.23611880197233,36.81140899658203,6316655,0.0,0.0
2004-08-31 00:00:00+05:30,36.93214526177226,37.76311722968564,36.65515460580113,37.628173828125,8625140,0.0,0.0
2004-09-01 00:00:00+05:30,31.811362419127494,38.92079930040159,31.811362419127494,38.544376373291016,8269455,0.0,0.0
2004-09-02 00:00:00+05:30,38.537273964952405,38.8497784830919,38.21056715901218,38.338409423828125,5132875,0.0,0.0
2004-09-03 00:00:00+05:30,38.494661865294034,39.68075068308547,38.359715746612146,39.36114501953125,7338600,0.0,0.0
2004-09-06 00:00:00+05:30,39.52449358671668,39.844096479927195,39.21909297866274,39.325626373291016,4347825,0.0,0.0
2004-09-07 00:00:00+05:30,39.20489458577602,39.616828657822595,38.96341505756729,39.368247985839844,3640780,0.0,0.0
2004-09-08 00:00:00+05:30,39.474785167585196,39.68785470776624,39.02733723667666,39.34694290161133,3812820,0.0,0.0
2004-09-09 00:00:00+05:30,38.55858363310293,39.34694337974635,38.09693069932893,38.388126373291016,4103000,0.0,0.0
2004-09-10 00:00:00+05:30,38.60830053220889,39.44637643174538,38.06852145657879,39.233306884765625,5205160,0.0,0.0
2004-09-13 00:00:00+05:30,39.56001060051961,39.56001060051961,38.2105657266376,38.544376373291016,3798030,0.0,0.0
2004-09-14 00:00:00+05:30,38.83557858631421,39.176490434153926,38.24608332009605,38.96342086791992,6040940,0.0,0.0
2004-09-15 00:00:00+05:30,39.06284017717562,39.06284017717562,37.542941011046715,37.940670013427734,7841495,0.0,0.0
2004-09-16 00:00:00+05:30,37.64238075898073,38.13244096708928,37.3724912326635,37.99749755859375,4858220,0.0,0.0
2004-09-17 00:00:00+05:30,38.26738343495415,39.013128101146876,38.2247684477078,38.679317474365234,5412450,0.0,0.0
2004-09-20 00:00:00+05:30,37.692093737328236,39.04153854656721,37.692093737328236,38.13954162597656,4980170,0.0,0.0
2004-09-21 00:00:00+05:30,38.28159102018938,38.92079961616725,37.81993810976695,38.814266204833984,3915350,0.0,0.0
2004-09-22 00:00:00+05:30,38.942107369237775,39.56000980741332,38.800060115467545,39.21199417114258,5564850,0.0,0.0
2004-09-23 00:00:00+05:30,39.06285157496074,39.98615479759453,38.24608177648099,38.46625518798828,10152105,0.0,0.0
2004-09-24 00:00:00+05:30,38.35261848730548,38.7787576089894,38.11113892919753,38.267391204833984,4193320,0.0,0.0
2004-09-27 00:00:00+05:30,38.210567228164116,38.33840949321142,36.64805276261738,36.846920013427734,10047635,0.0,0.0
2004-09-28 00:00:00+05:30,36.932149022012894,37.145218570659246,35.987536986934785,36.17219924926758,5255600,0.0,0.0
2004-09-29 00:00:00+05:30,36.2219207292182,36.960564468836736,35.70345042429173,36.669368743896484,8215235,0.0,0.0
2004-09-30 00:00:00+05:30,36.71908416728437,37.53585132639306,36.71908416728437,36.903743743896484,9186765,0.0,0.0
2004-10-01 00:00:00+05:30,36.93214047477426,37.35827947344523,36.43497650344101,37.27305221557617,2533725,0.0,0.0
2004-10-04 00:00:00+05:30,37.50034069697928,37.89096870968524,37.287271118169365,37.44352340698242,2438475,0.0,0.0
2004-10-05 00:00:00+05:30,37.21623673676121,38.41653038456465,37.14521176068284,38.11112976074219,5057685,0.0,0.0
2004-10-06 00:00:00+05:30,38.35261353667034,38.99182484601195,37.36538928838526,37.550048828125,5767595,0.0,0.0
2004-10-07 00:00:00+05:30,38.16795368046182,38.16795368046182,37.30146784816677,37.67789077758789,3957905,0.0,0.0
2004-10-08 00:00:00+05:30,38.12533601668166,38.12533601668166,37.358282505625304,37.621070861816406,2718500,0.0,0.0
2004-10-11 00:00:00+05:30,37.50033475832353,38.01170383394687,37.379596342871494,37.48612976074219,1776575,0.0,0.0
2004-10-12 00:00:00+05:30,37.54294675213097,37.642379017931454,36.26452687451926,36.44208526611328,2456105,0.0,0.0
2004-10-13 00:00:00+05:30,38.96342086791992,38.96342086791992,38.96342086791992,38.96342086791992,0,0.0,0.0
2004-10-14 00:00:00+05:30,36.34975406483964,36.506006316086975,35.88810116396852,36.101173400878906,3430530,0.0,0.0
2004-10-15 00:00:00+05:30,36.90374072732585,36.90374072732585,35.653730664146316,35.8739013671875,1952485,0.0,0.0
2004-10-18 00:00:00+05:30,36.00884341032692,36.49180246633443,35.00741416081967,35.22758483886719,1905710,0.0,0.0
2004-10-19 00:00:00+05:30,35.5116829654287,35.78157251457735,34.531559756971475,34.979007720947266,3341195,0.0,0.0
2004-10-20 00:00:00+05:30,35.227579263189135,35.639515979012515,35.00030476801958,35.163658142089844,1559160,0.0,0.0
2004-10-21 00:00:00+05:30,35.36963065971322,35.82417970351042,35.01451388058091,35.43355178833008,2553710,0.0,0.0
2004-10-22 00:00:00+05:30,35.22758483886719,35.22758483886719,35.22758483886719,35.22758483886719,0,0.0,0.0
2004-10-25 00:00:00+05:30,35.34831745314941,35.34831745314941,34.26166119323209,34.368194580078125,1768855,0.0,0.0
2004-10-26 00:00:00+05:30,32.95483310516554,35.44065017574795,32.95483310516554,35.33411407470703,4387850,0.0,0.0
2004-10-27 00:00:00+05:30,35.511684438293294,35.65373171791177,34.25457048405853,34.43212890625,2555890,0.0,0.0
2004-10-28 00:00:00+05:30,34.8724596553956,35.14234911219141,34.176431232564696,34.368194580078125,5497005,0.0,0.0
2004-10-29 00:00:00+05:30,34.8014447680765,35.31991494664505,34.38240685535315,34.872467041015625,6949785,0.0,0.0
2004-11-01 00:00:00+05:30,35.014509170188624,35.3696259015482,34.44632294187844,35.04291915893555,5408520,0.0,0.0
2004-11-02 00:00:00+05:30,35.22759166278366,35.760266956329744,35.05003323160163,35.17787551879883,4821155,0.0,0.0
2004-11-03 00:00:00+05:30,35.369624569944975,36.71196533045532,35.22757734088385,36.45628356933594,8282140,0.0,0.0
2004-11-04 00:00:00+05:30,36.77590150112868,37.21624836239293,36.64805921357798,36.925052642822266,5754610,0.0,0.0
2004-11-05 00:00:00+05:30,37.07419828904672,37.599769690078965,36.79720758994507,37.22334671020508,4114400,0.0,0.0
2004-11-08 00:00:00+05:30,37.2304389882999,37.571353454509904,37.08839445492584,37.33697509765625,2887920,0.0,0.0
2004-11-09 00:00:00+05:30,37.599760853018665,37.78442308190296,37.14521184242012,37.30146408081055,3371940,0.0,0.0
2004-11-10 00:00:00+05:30,37.50034648811077,37.557166496208964,36.93215995376443,37.05289840698242,1318835,0.0,0.0
2004-11-11 00:00:00+05:30,37.21624439280004,37.21624439280004,36.66226030272769,36.9605598449707,1164450,0.0,0.0
2004-11-12 00:00:00+05:30,37.21624439280004,37.358288955526234,36.67646530086558,36.9605598449707,332935,0.0,0.0
2004-11-15 00:00:00+05:30,36.9605598449707,36.9605598449707,36.9605598449707,36.9605598449707,0,0.0,0.0
2004-11-16 00:00:00+05:30,37.12390982798929,38.63670812325859,36.80430417274561,38.288692474365234,3736755,0.0,0.0
2004-11-17 00:00:00+05:30,38.49466030105548,40.83132941269108,38.28869191409831,40.37677764892578,8352825,0.0,0.0
2004-11-18 00:00:00+05:30,40.72479708703193,43.18220483487802,40.72479708703193,42.96913528442383,15388330,0.0,0.0
2004-11-19 00:00:00+05:30,43.04015381834332,46.520299440360255,42.19497683440257,45.51886749267578,30652505,0.0,0.0
2004-11-22 00:00:00+05:30,45.31290229411055,47.14530353912958,44.55295257301191,45.37682342529297,16751675,0.0,0.0
2004-11-23 00:00:00+05:30,45.582791332506716,46.16518265073918,44.90096774667252,45.51886749267578,5844715,0.0,0.0
2004-11-24 00:00:00+05:30,45.15665951925663,46.506104620220356,44.886769957198574,45.74615478515625,7587670,0.0,0.0
2004-11-25 00:00:00+05:30,46.1509820607006,47.58565155932699,45.454950743237724,46.3569450378418,9675570,0.0,0.0
2004-11-26 00:00:00+05:30,46.3569450378418,46.3569450378418,46.3569450378418,46.3569450378418,0,0.0,0.0
2004-11-29 00:00:00+05:30,47.571449811089636,47.571449811089636,46.044446458505796,46.95354461669922,4688355,0.0,0.0
2004-11-30 00:00:00+05:30,47.429404220642034,50.66806806318667,47.23053965748971,49.553001403808594,17199890,0.0,0.0
2004-12-01 00:00:00+05:30,49.14816218813557,50.5118147971024,48.39531631781336,49.87970733642578,15429555,0.0,0.0
2004-12-02 00:00:00+05:30,50.01465021918374,57.926652312374536,50.00044793099106,53.80730056762695,15506045,0.0,0.0
2004-12-03 00:00:00+05:30,55.96641142263332,56.10845597917022,53.16098537248332,53.80730056762695,16542585,0.0,0.0
2004-12-06 00:00:00+05:30,54.119802525679724,55.24197300483306,53.48059656895067,53.77178955078125,7703910,0.0,0.0
2004-12-07 00:00:00+05:30,53.69365923841162,53.69365923841162,51.30017546712136,51.726314544677734,12117055,0.0,0.0
2004-12-08 00:00:00+05:30,51.96778526430477,53.38115386798787,51.15101563404582,51.406700134277344,8081645,0.0,0.0
2004-12-09 00:00:00+05:30,51.548751689912216,51.768922353583804,49.85839239493095,51.18653106689453,10728950,0.0,0.0
2004-12-10 00:00:00+05:30,51.84704835981441,52.5288719071847,50.28453674108898,50.4478874206543,7720855,0.0,0.0
2004-12-13 00:00:00+05:30,50.71068639215242,51.300181653497354,50.25613726545713,50.45500183105469,4888405,0.0,0.0
2004-12-14 00:00:00+05:30,50.42658213272315,51.52034245175566,50.42658213272315,51.293067932128906,5021435,0.0,0.0
2004-12-15 00:00:00+05:30,51.42091319553942,51.974894530864596,51.101304827631004,51.24335479736328,4323210,0.0,0.0
2004-12-16 00:00:00+05:30,51.129718136003085,51.790235636781695,50.56863291115651,51.38540267944336,4195360,0.0,0.0
2004-12-17 00:00:00+05:30,51.47774206324846,51.8470612109547,50.14249921069951,50.42659378051758,3055470,0.0,0.0
2004-12-20 00:00:00+05:30,50.44078818255609,51.84705310298098,50.14249136928949,51.612674713134766,3709575,0.0,0.0
2004-12-21 00:00:00+05:30,52.37261907934299,53.91382996039533,51.293066496004634,53.42376708984375,7284190,0.0,0.0
2004-12-22 00:00:00+05:30,53.69366160744836,53.89252615783869,52.0317175060556,52.62831115722656,6015240,0.0,0.0
2004-12-23 00:00:00+05:30,52.57148371069362,54.048770759311004,52.57148371069362,53.68655014038086,4378030,0.0,0.0
2004-12-24 00:00:00+05:30,53.97775437688704,54.68798798710924,53.49479530518985,53.70076370239258,4213885,0.0,0.0
2004-12-27 00:00:00+05:30,53.55162417134551,54.39679862292467,53.33855188549845,53.92804718017578,2189155,0.0,0.0
2004-12-28 00:00:00+05:30,53.84991536127327,54.31867217327239,53.338546264057044,53.89963150024414,2384455,0.0,0.0
2004-12-29 00:00:00+05:30,54.65958929818186,56.81870057008346,53.98486939637353,55.81726837158203,13352105,0.0,0.0
2004-12-30 00:00:00+05:30,56.09424500218404,58.38119235264234,55.54025831273465,56.85419464111328,14969995,0.0,0.0
2004-12-31 00:00:00+05:30,56.52039061778214,58.01188007899189,56.10845383346496,57.61415100097656,6207975,0.0,0.0
2005-01-03 00:00:00+05:30,58.31018592428674,59.901107901557886,57.52892993482834,59.52468490600586,5412820,0.0,0.0
2005-01-04 00:00:00+05:30,60.34144063864347,63.12555480253162,59.02750967924259,61.77611541748047,12291095,0.0,0.0
2005-01-05 00:00:00+05:30,61.08009873249506,63.83580356180412,56.96074106912134,60.1354866027832,11409410,0.0,0.0
2005-01-06 00:00:00+05:30,60.298838524213686,60.98066218425643,57.32295776933049,58.842857360839844,11366290,0.0,0.0
2005-01-07 00:00:00+05:30,58.92098118291742,59.64542251859019,55.7817498447423,57.20221710205078,16589205,0.0,0.0
2005-01-10 00:00:00+05:30,57.24482963081137,60.32724641006297,53.054450120085846,54.11980056762695,13052395,0.0,0.0
2005-01-11 00:00:00+05:30,54.40388994814568,55.29168190362669,52.71353601562459,53.196495056152344,9185265,0.0,0.0
2005-01-12 00:00:00+05:30,53.12547935500977,53.62264074411665,49.71635565679689,50.26323318481445,12737730,0.0,0.0
2005-01-13 00:00:00+05:30,51.12262073432373,54.65958129231471,50.64676006857085,53.89963150024414,7974210,0.0,0.0
2005-01-14 00:00:00+05:30,55.39822225284736,55.39822225284736,50.87403215148326,51.271766662597656,10043475,0.0,0.0
2005-01-17 00:00:00+05:30,52.52886714513243,52.52886714513243,49.503271025310276,51.62687301635742,10495480,0.0,0.0
2005-01-18 00:00:00+05:30,52.060136633399544,52.20218121755051,50.15670994504748,50.73910140991211,9620130,0.0,0.0
2005-01-19 00:00:00+05:30,51.13681491729766,51.52034167941562,49.737653975492854,50.014644622802734,6228575,0.0,0.0
2005-01-20 00:00:00+05:30,50.38397036468192,50.82431170293355,49.59561068139992,50.29874038696289,7773690,0.0,0.0
2005-01-24 00:00:00+05:30,50.69647288052745,51.98199939295763,49.71635245428639,51.598472595214844,7538200,0.0,0.0
2005-01-25 00:00:00+05:30,51.17232565884026,51.73340535341356,50.16378997428396,51.349884033203125,4210875,0.0,0.0
2005-01-27 00:00:00+05:30,51.27886113289468,52.685125973260924,51.27886113289468,52.08142852783203,4943625,0.0,0.0
2005-01-28 00:00:00+05:30,52.48625950018985,54.7874146442573,52.41523723017671,54.35417175292969,13377095,0.0,0.0
2005-01-31 00:00:00+05:30,54.66668298609075,58.722116334814345,54.66668298609075,58.3883056640625,14900030,0.0,0.0
2005-02-01 00:00:00+05:30,58.31017740699029,59.65962232911746,56.9039179151064,58.11131286621094,12097930,0.0,0.0
2005-02-02 00:00:00+05:30,58.09711274466816,59.347120024361615,57.18800915218309,57.59284210205078,6596540,0.0,0.0
2005-02-03 00:00:00+05:30,57.67096762398704,58.84995803102156,57.38687851166051,58.2675666809082,5719675,0.0,0.0
2005-02-04 00:00:00+05:30,58.94939292858666,59.219279764773646,57.6638717565225,57.98347473144531,5997860,0.0,0.0
2005-02-07 00:00:00+05:30,57.93374809502164,58.65108546850115,56.747659415350306,56.84709167480469,6171575,0.0,0.0
2005-02-08 00:00:00+05:30,57.79879889465748,58.58006006086285,56.76185865973661,58.08289337158203,12017985,0.0,0.0
2005-02-09 00:00:00+05:30,58.94938233017002,59.78745810293537,57.95505431556933,59.56728744506836,12038200,0.0,0.0
2005-02-10 00:00:00+05:30,59.65963675906651,60.61134741117405,59.24769987144369,59.915321350097656,8559465,0.0,0.0
2005-02-11 00:00:00+05:30,60.1567793192063,60.369851550964604,59.126942842562386,59.84428024291992,3137465,0.0,0.0
2005-02-14 00:00:00+05:30,60.085761413498595,60.859918854389065,59.24768554962803,59.545982360839844,2804315,0.0,0.0
2005-02-15 00:00:00+05:30,59.801681432091996,60.3556683258947,58.99201536554283,59.85850143432617,5519610,0.0,0.0
2005-02-16 00:00:00+05:30,60.61134129516244,60.92384585681237,59.659630739087625,60.3343505859375,4468750,0.0,0.0
2005-02-17 00:00:00+05:30,60.227814116480985,60.902533898920524,59.9579218685831,60.362754821777344,4512065,0.0,0.0
2005-02-18 00:00:00+05:30,60.44087996552664,60.74628063880835,59.304507257496724,60.00763702392578,4095045,0.0,0.0
2005-02-21 00:00:00+05:30,61.08008837434346,61.08008837434346,59.94371572087682,60.41957092285156,3755195,0.0,0.0
2005-02-22 00:00:00+05:30,60.36984582416668,61.34996607624452,60.29882355986854,60.945133209228516,5632265,0.0,0.0
2005-02-23 00:00:00+05:30,61.22213192556948,61.36418189159379,60.17098927025036,60.384056091308594,2916370,0.0,0.0
2005-02-24 00:00:00+05:30,60.65394186021331,62.48634558695814,60.65394186021331,61.85423278808594,9556790,0.0,0.0
2005-02-25 00:00:00+05:30,62.3477129945254,63.64930531186665,60.07350164266065,62.583717346191406,4735040,0.6,0.0
2005-02-28 00:00:00+05:30,63.220198058034676,66.27393141575158,62.50503745886289,65.43719482421875,10329035,0.0,0.0
2005-03-01 00:00:00+05:30,64.93658463923045,65.07961457668225,63.07716271490278,63.842384338378906,6548740,0.0,0.0
2005-03-02 00:00:00+05:30,63.935362993413165,64.36445829076975,61.8828499703379,62.562255859375,9819040,0.0,0.0
2005-03-03 00:00:00+05:30,62.648066663227276,63.46334930024504,61.30356671676201,62.44782257080078,12179255,0.0,0.0
2005-03-04 00:00:00+05:30,62.57655581449744,69.206092526898,60.788654219797515,67.97602081298828,33773825,0.0,0.0
2005-03-07 00:00:00+05:30,68.36936913814306,74.36956761612679,66.5099522106008,73.18240356445312,58457475,0.0,0.0
2005-03-08 00:00:00+05:30,73.0894160853318,73.79027592152356,70.99399516723143,71.6304931640625,25326105,0.0,0.0
2005-03-09 00:00:00+05:30,71.51605544956128,71.51605544956128,68.79844315998113,69.6566390991211,12160500,0.0,0.0
2005-03-10 00:00:00+05:30,69.91409923435359,70.72938185212519,67.9545553333132,69.99276733398438,10345505,0.0,0.0
2005-03-11 00:00:00+05:30,69.45638898753877,71.61617127388415,68.6983151553352,69.80681610107422,10351525,0.0,0.0
2005-03-14 00:00:00+05:30,69.79968145790612,71.07266659861108,64.50749132092243,70.58635711669922,15453355,0.0,0.0
2005-03-15 00:00:00+05:30,70.5863656409589,70.5863656409589,67.23226534824602,68.38367462158203,7280900,0.0,0.0
2005-03-16 00:00:00+05:30,68.36934444383948,69.08450496198893,66.96763048301555,67.55406188964844,3300075,0.0,0.0
2005-03-17 00:00:00+05:30,67.48256238248874,67.91881083495949,62.07594937316984,62.88407897949219,8536535,0.0,0.0
2005-03-18 00:00:00+05:30,63.04857425441688,63.64215352937551,61.589645671624815,62.02589416503906,8675745,0.0,0.0
2005-03-21 00:00:00+05:30,62.640922081148936,63.16299178445446,61.282121138114185,61.72551727294922,4282935,0.0,0.0
2005-03-22 00:00:00+05:30,61.93292047488012,62.075955900049195,59.73737716878788,59.9876823425293,3871760,0.0,0.0
2005-03-23 00:00:00+05:30,60.14500572395473,61.50381196322802,58.593108522287736,58.87202072143555,4815540,0.0,0.0
2005-03-24 00:00:00+05:30,58.87202078105477,59.60148219735488,57.79927987363304,58.19976806640625,8253040,0.0,0.0
2005-03-28 00:00:00+05:30,57.22714801438469,59.57287933296476,57.21284720333046,57.963768005371094,12618990,0.0,0.0
2005-03-29 00:00:00+05:30,57.355883853340416,58.643175248611996,55.09597896149389,55.46071243286133,31179650,0.0,0.0
2005-03-30 00:00:00+05:30,55.911255091604154,56.62641568092821,55.11027326731399,56.390411376953125,12644125,0.0,0.0
2005-03-31 00:00:00+05:30,57.06267401085078,57.63479930816488,55.954172721924635,56.26169204711914,18132470,0.0,0.0
2005-04-01 00:00:00+05:30,57.06266579611347,57.06981892997006,55.92555758758316,56.769447326660156,7544530,0.0,0.0
2005-04-04 00:00:00+05:30,57.21284435785031,58.492982405106254,56.51198461372015,56.79804992675781,18553050,0.0,0.0
2005-04-05 00:00:00+05:30,57.05551217520087,57.33442437456006,55.51076810615322,55.83258819580078,8513055,0.0,0.0
2005-04-06 00:00:00+05:30,56.140102809988655,56.354653156090485,55.35342730135185,55.63233947753906,7172405,0.0,0.0
2005-04-07 00:00:00+05:30,56.06857780193479,56.99828307058679,55.496447285655876,55.53220748901367,6160410,0.0,0.0
2005-04-08 00:00:00+05:30,55.925558508527,56.06859390680199,54.49523726323226,54.581058502197266,6250445,0.0,0.0
2005-04-11 00:00:00+05:30,54.78130345289565,55.98992666990639,54.63827350864558,55.68240737915039,11541780,0.0,0.0
2005-04-12 00:00:00+05:30,55.889795062698646,56.569195366099315,55.80397383707513,56.290283203125,7318385,0.0,0.0
2005-04-13 00:00:00+05:30,56.354671603183235,56.669338635895635,55.79684161196724,55.95417785644531,2467560,0.0,0.0
2005-04-15 00:00:00+05:30,55.639493223273355,55.639493223273355,54.1519579630707,54.40941619873047,3152320,0.0,0.0
2005-04-18 00:00:00+05:30,50.5976121177476,54.352205243092826,49.51771809109093,53.76577377319336,2645610,0.0,0.0
2005-04-19 00:00:00+05:30,54.066140405212685,54.781301007017724,53.5297699538589,53.78007507324219,3207150,0.0,0.0
2005-04-20 00:00:00+05:30,53.851600411760366,54.352210696201915,53.386744886925854,54.16626739501953,3117385,0.0,0.0
2005-04-21 00:00:00+05:30,53.92311110324675,54.33790556668338,53.20795049300804,54.15196228027344,2349225,0.0,0.0
2005-04-22 00:00:00+05:30,54.35220757625622,54.76700204883639,53.651347762026184,53.86589813232422,1996590,0.0,0.0
2005-04-25 00:00:00+05:30,53.865896867303114,54.00177912905023,53.072068154582745,53.250858306884766,2126125,0.0,0.0
2005-04-26 00:00:00+05:30,53.494023057235644,54.452335785460164,53.494023057235644,53.715721130371094,2927500,0.0,0.0
2005-04-27 00:00:00+05:30,53.780087588221704,53.92312301561343,52.57861727934951,52.786014556884766,2691545,0.0,0.0
2005-04-28 00:00:00+05:30,52.74309202904304,53.06491210299458,50.06123989197306,50.36875915527344,9724245,0.0,0.0
2005-04-29 00:00:00+05:30,50.34731099419776,51.3342307297525,49.21735585449127,49.51057434082031,12430470,0.0,0.0
2005-05-02 00:00:00+05:30,50.06124213320562,50.56185237204072,48.273340628448274,50.21857833862305,9557860,0.0,0.0
2005-05-03 00:00:00+05:30,50.61906310431635,50.919429227291744,49.660750581611445,49.98257064819336,5113645,0.0,0.0
2005-05-04 00:00:00+05:30,50.23287984127291,52.49278999338583,50.08984990142075,52.28539276123047,10195605,0.0,0.0
2005-05-05 00:00:00+05:30,52.29254947308414,53.69426371326552,52.29254947308414,52.728797912597656,6441195,0.0,0.0
2005-05-06 00:00:00+05:30,52.77886199041394,53.19365105083163,51.784789051127426,52.39982223510742,4770890,0.0,0.0
2005-05-09 00:00:00+05:30,52.986248768769464,53.329528273931494,52.11375737829112,52.41412353515625,3925640,0.0,0.0
2005-05-10 00:00:00+05:30,52.492789238937654,53.637045110036624,52.35690697866133,53.25801086425781,8716890,0.0,0.0
2005-05-11 00:00:00+05:30,52.92188203493461,53.35097728450998,52.63581671647032,53.2007942199707,3560110,0.0,0.0
2005-05-12 00:00:00+05:30,53.35098081201904,54.237778447274515,53.22225168301078,53.665653228759766,2862145,0.0,0.0
2005-05-13 00:00:00+05:30,53.60843843474017,53.60843843474017,53.064914845786156,53.293766021728516,1458550,0.0,0.0
2005-05-16 00:00:00+05:30,53.35098287436186,55.053068696627335,53.35098287436186,54.73124313354492,4599515,0.0,0.0
2005-05-17 00:00:00+05:30,55.782533803475886,55.782533803475886,53.980331265956686,54.27354431152344,5248435,0.0,0.0
2005-05-18 00:00:00+05:30,54.23777059314058,54.924329485926144,53.529763214242486,54.38080596923828,4958650,0.0,0.0
2005-05-19 00:00:00+05:30,54.63826710186472,55.331973708244305,54.5667521381254,54.874271392822266,3756720,0.0,0.0
2005-05-20 00:00:00+05:30,54.78846047263492,55.210402657467014,54.2592430938859,55.01015853881836,2133230,0.0,0.0
2005-05-23 00:00:00+05:30,55.06735212656719,55.782512543795335,54.93146990129673,55.53220748901367,2839900,0.0,0.0
2005-05-24 00:00:00+05:30,55.775377899834346,56.06859638708718,55.03161016463021,55.56083297729492,4372030,0.0,0.0
2005-05-25 00:00:00+05:30,55.51077591488024,55.639505060096134,54.759854991747,54.88858413696289,2812615,0.0,0.0
2005-05-26 00:00:00+05:30,55.22470505186841,55.42494915646715,54.49523814941001,54.759849548339844,2515835,0.0,0.0
2005-05-27 00:00:00+05:30,55.1746446964341,55.632347071435895,54.57390691909255,54.73124313354492,2105325,0.0,0.0
2005-05-30 00:00:00+05:30,54.92433400815476,55.067363939787214,53.90880185109257,54.352203369140625,2897175,0.0,0.0
2005-05-31 00:00:00+05:30,54.56675959611949,54.85281949017444,54.25924029939196,54.64542770385742,1615245,0.0,0.0
2005-06-01 00:00:00+05:30,54.63827386140417,55.067369153167334,54.08759711437661,54.29499435424805,1211745,0.0,0.0
2005-06-02 00:00:00+05:30,54.380808211242105,54.76699555826502,53.29376113304976,53.558372497558594,1310805,0.0,0.0
2005-06-03 00:00:00+05:30,53.136421182547586,55.732451532839,53.08636017159125,55.53220748901367,3782425,0.0,0.0
2005-06-06 00:00:00+05:30,55.22469712237446,56.63356424260535,55.21039085624723,55.896949768066406,8336250,0.0,0.0
2005-06-07 00:00:00+05:30,56.02568371104311,58.04244201835858,56.02568371104311,57.85649871826172,11818605,0.0,0.0
2005-06-08 00:00:00+05:30,57.713449359744985,58.92922546647393,57.713449359744985,58.22121810913086,9473285,0.0,0.0
2005-06-09 00:00:00+05:30,58.22122618509029,58.50013837837566,57.22714794637096,57.5847282409668,3424555,0.0,0.0
2005-06-10 00:00:00+05:30,57.78497989929438,58.471533435239905,56.51198942080441,56.683631896972656,5201235,0.0,0.0
2005-06-13 00:00:00+05:30,56.92677376896438,57.770663363282516,56.06858336562863,57.29866027832031,3259705,0.0,0.0
2005-06-14 00:00:00+05:30,57.62763810308961,58.26413055249614,57.14848184679336,57.770668029785156,5012295,0.0,0.0
2005-06-15 00:00:00+05:30,57.78498620581425,58.214081530580366,57.241462551114196,57.53467559814453,2848100,0.0,0.0
2005-06-16 00:00:00+05:30,58.06787056361867,58.204773872660795,56.36020738016041,56.605186462402344,3053035,0.6,0.0
2005-06-17 00:00:00+05:30,56.77809111972892,57.2104104942976,55.92786063427358,56.85014343261719,4360445,0.0,0.0
2005-06-20 00:00:00+05:30,57.49144604618959,57.49144604618959,54.50122689492948,54.87590789794922,5589530,0.0,0.0
2005-06-21 00:00:00+05:30,54.904717992847644,56.04316364162062,54.83266565372402,55.28660583496094,1990680,0.0,0.0
2005-06-22 00:00:00+05:30,56.043165224942165,56.043165224942165,54.616510179369094,54.897518157958984,4181480,0.0,0.0
2005-06-23 00:00:00+05:30,55.04883121983491,56.309766464739056,54.97677887671724,56.15845489501953,3892085,0.0,0.0
2005-06-24 00:00:00+05:30,56.48989727556588,56.48989727556588,55.358658503153165,55.8990592956543,3001670,0.0,0.0
2005-06-27 00:00:00+05:30,55.75494919336522,56.32417202189141,55.19293324797614,55.409095764160156,2483730,0.0,0.0
2005-06-28 00:00:00+05:30,55.45953020746983,56.028753007830566,54.47239616169375,54.65973663330078,2622555,0.0,0.0
2005-06-29 00:00:00+05:30,54.47239757601409,55.337042123175564,53.03132882798599,55.25057601928711,2528215,0.0,0.0
2005-06-30 00:00:00+05:30,54.76060900459523,55.55319566705571,54.32828950663867,54.68855667114258,4193415,0.0,0.0
2005-07-01 00:00:00+05:30,54.40036933317983,56.25935016085739,54.40036933317983,55.53160858154297,2996265,0.0,0.0
2005-07-04 00:00:00+05:30,55.76936569993519,56.81413841926481,55.76936569993519,56.352996826171875,3741300,0.0,0.0
2005-07-05 00:00:00+05:30,56.48989947957591,56.70605650666526,55.41630473581382,55.81259536743164,2705525,0.0,0.0
2005-07-06 00:00:00+05:30,55.55320548417094,56.48990247630631,55.55320548417094,56.25212478637695,1965735,0.0,0.0
2005-07-07 00:00:00+05:30,56.489895943868234,57.599519537981124,55.942288281148926,56.46828079223633,6840195,0.0,0.0
2005-07-08 00:00:00+05:30,56.201675746248974,57.10234362679783,55.7189190816125,56.576351165771484,3644150,0.0,0.0
2005-07-11 00:00:00+05:30,56.77810388905335,57.412172081205945,56.25931832400107,56.4754753112793,3678450,0.0,0.0
2005-07-12 00:00:00+05:30,56.69165550826804,57.39057486303936,56.35300340876094,56.80693817138672,4299685,0.0,0.0
2005-07-13 00:00:00+05:30,57.02310829328238,58.36330310055605,56.70607130744562,57.52027893066406,8059085,0.0,0.0
2005-07-14 00:00:00+05:30,57.78684951302214,58.29122682880215,56.345780891777295,56.489891052246094,2860630,0.0,0.0
2005-07-15 00:00:00+05:30,56.763699174547924,57.35453716288838,56.489898081448125,57.10955810546875,1647830,0.0,0.0
2005-07-18 00:00:00+05:30,56.48990282883194,57.76524640572174,56.48990282883194,57.53467559814453,2872130,0.0,0.0
2005-07-19 00:00:00+05:30,57.64273635228204,58.21916591470075,57.505833094328665,57.67155838012695,3296885,0.0,0.0
2005-07-20 00:00:00+05:30,57.93817388435828,58.93971626302816,57.93817388435828,58.46416091918945,6223465,0.0,0.0
2005-07-21 00:00:00+05:30,58.766776840330344,58.867651204424604,56.92221075718904,57.60671615600586,3327350,0.0,0.0
2005-07-22 00:00:00+05:30,57.64276182028176,59.372045774338645,57.368960680642594,59.09103775024414,7223995,0.0,0.0
2005-07-25 00:00:00+05:30,59.22793007272693,61.821858511613236,59.22793007272693,61.56246566772461,13346160,0.0,0.0
2005-07-26 00:00:00+05:30,61.38953060972671,62.88824352814841,60.69061683745215,61.74979782104492,14491700,0.0,0.0
2005-07-27 00:00:00+05:30,61.749796117424275,62.61444069907806,61.24542423439049,62.43430709838867,6378210,0.0,0.0
2005-07-28 00:00:00+05:30,57.52027893066406,57.52027893066406,57.52027893066406,57.52027893066406,0,0.0,0.0
2005-07-29 00:00:00+05:30,62.67928852103059,62.68649540455757,60.67620368536313,61.1301383972168,10337380,0.0,0.0
2005-08-01 00:00:00+05:30,61.10131905909111,61.82185345602737,60.59694168289102,60.913978576660156,5481145,0.0,0.0
2005-08-02 00:00:00+05:30,60.957212787311086,63.24851253627752,60.741055752724236,62.744140625,9469805,0.0,0.0
2005-08-03 00:00:00+05:30,63.551125355492694,63.824931917611835,60.9572028812923,61.447166442871094,6588075,0.0,0.0
2005-08-04 00:00:00+05:30,61.60569929277315,62.542396334717935,61.3246912796381,61.8867073059082,4189515,0.0,0.0
2005-08-05 00:00:00+05:30,61.648913089286346,62.830588904198336,61.46877951387609,61.728172302246094,4100155,0.0,0.0
2005-08-08 00:00:00+05:30,61.71376847518636,61.96595439945691,58.46415700175484,58.71634292602539,5737850,0.0,0.0
2005-08-09 00:00:00+05:30,58.795600909971114,59.07660886214864,57.282479898882734,58.348873138427734,6496740,0.0,0.0
2005-08-10 00:00:00+05:30,57.64274288931666,60.43841394044199,57.64274288931666,60.14299774169922,3234030,0.0,0.0
2005-08-11 00:00:00+05:30,59.2567443459284,61.533635566767124,58.36328327696528,61.15895462036133,5343650,0.0,0.0
2005-08-12 00:00:00+05:30,61.346305892407194,61.50482435938757,59.66745921537599,59.991703033447266,3746090,0.0,0.0
2005-08-16 00:00:00+05:30,59.88361320583349,60.45283602992527,59.2423380426554,59.71788787841797,1696080,0.0,0.0
2005-08-17 00:00:00+05:30,60.15021082356317,60.15021082356317,58.80280959064014,59.55216598510742,2417600,0.0,0.0
2005-08-18 00:00:00+05:30,59.66024367605907,70.61236310098982,59.516133514243315,59.68906021118164,3002045,0.0,0.0
2005-08-19 00:00:00+05:30,60.07815137285159,60.07815137285159,58.80280800808285,58.97573471069336,1641355,0.0,0.0
2005-08-22 00:00:00+05:30,59.64583901312932,59.80435746669606,57.21043462782981,57.98861312866211,1853065,0.0,0.0
2005-08-23 00:00:00+05:30,58.363296264675434,58.651511172838305,57.07353881100923,57.31852340698242,3212070,0.0,0.0
2005-08-24 00:00:00+05:30,57.35454340503338,57.930973186889716,55.91347444763434,57.441009521484375,4748775,0.0,0.0
2005-08-25 00:00:00+05:30,57.844506923491075,58.27682651016416,57.35454325933043,57.69319534301758,4560620,0.0,0.0
2005-08-26 00:00:00+05:30,57.786871389275845,58.65151618769382,57.64276667149416,57.92377471923828,1731135,0.0,0.0
2005-08-29 00:00:00+05:30,57.902147487833965,58.07507421256272,56.71326457368569,57.38336181640625,1962045,0.0,0.0
2005-08-30 00:00:00+05:30,57.91654686045465,58.13270935608937,57.14557535531039,57.70038986206055,2040010,0.0,0.0
2005-08-31 00:00:00+05:30,57.93097413342695,58.14713118222352,57.22484791397759,57.909358978271484,1212680,0.0,0.0
2005-09-01 00:00:00+05:30,57.7580346910885,58.788393508484816,57.5779011080907,57.70759201049805,1443625,0.0,0.0
2005-09-02 00:00:00+05:30,57.794054516811244,58.65149207769865,57.36894192603737,58.420921325683594,1856405,0.0,0.0
2005-09-05 00:00:00+05:30,58.651502971156475,59.804356945353575,58.651502971156475,58.99735641479492,1977135,0.0,0.0
2005-09-06 00:00:00+05:30,59.444076956723286,60.36635993782675,58.853239078376376,60.09976577758789,3626510,0.0,0.0
2005-09-08 00:00:00+05:30,60.36636956148294,60.88515519536892,60.10697674453995,60.51768112182617,3725555,0.0,0.0
2005-09-09 00:00:00+05:30,60.38079126351975,62.254179800921264,60.10698464451463,61.80023956298828,7628170,0.0,0.0
2005-09-12 00:00:00+05:30,61.800221752332995,62.83058597554194,61.548035857961615,62.700889587402344,4802645,0.0,0.0
2005-09-13 00:00:00+05:30,62.68648553099537,63.17644908606978,62.18211370837784,62.86661911010742,6030930,0.0,0.0
2005-09-14 00:00:00+05:30,62.86662180567167,63.392614298017975,60.25108410382348,61.475990295410156,5075505,0.0,0.0
2005-09-15 00:00:00+05:30,61.80743285658408,62.239752347503014,61.12292745406582,61.396728515625,2684330,0.0,0.0
2005-09-16 00:00:00+05:30,61.93712084141771,62.110047514850635,61.24540865044615,61.836246490478516,2762800,0.0,0.0
2005-09-19 00:00:00+05:30,62.110066533448794,64.12756516448655,61.26704255792778,63.248512268066406,7463480,0.0,0.0
2005-09-20 00:00:00+05:30,62.61444063471041,64.1275617794975,62.32622577445544,63.846553802490234,6996690,0.0,0.0
2005-09-21 00:00:00+05:30,63.925817631107435,64.70399616067618,60.957213701960896,62.97471237182617,8541360,0.0,0.0
2005-09-22 00:00:00+05:30,61.96595957912426,63.07558323590777,60.52489075170277,60.8203125,4087280,0.0,0.0
2005-09-23 00:00:00+05:30,60.94279844463975,62.35504515273617,58.377692344656396,61.6849479675293,3726885,0.0,0.0
2005-09-26 00:00:00+05:30,61.95155582878155,63.19087049308492,61.41835636572685,62.95309829711914,2274070,0.0,0.0
2005-09-27 00:00:00+05:30,62.97471202822901,63.90420212838001,62.556800727899116,63.0467643737793,3971590,0.0,0.0
2005-09-28 00:00:00+05:30,63.623194452005684,64.54547767305834,62.7585498093376,64.13477325439453,6873385,0.0,0.0
2005-09-29 00:00:00+05:30,64.12756029265415,64.41577514622666,62.715313557114065,63.74567794799805,3591445,0.0,0.0
2005-09-30 00:00:00+05:30,63.92580590383466,65.26600018203989,62.765745206063016,64.93455505371094,6573015,0.0,0.0
2005-10-03 00:00:00+05:30,64.99219071276502,66.06579076211263,64.86249432076788,65.90727233886719,4616770,0.0,0.0
2005-10-04 00:00:00+05:30,66.00093989242305,66.33959188842451,65.36687169596182,66.14505004882812,2369620,0.0,0.0
2005-10-05 00:00:00+05:30,66.20991473100135,66.27476569453366,64.8625132376906,65.41732788085938,1696930,0.0,0.0
2005-10-06 00:00:00+05:30,65.28040393947846,65.41730721026637,63.20526721526078,63.6087646484375,1959955,0.0,0.0
2005-10-07 00:00:00+05:30,63.407033481218136,63.774507600848345,61.18058460333777,63.50790786743164,4535810,0.0,0.0
2005-10-10 00:00:00+05:30,63.7744888430193,64.24283721110889,62.11005096556983,62.65045166015625,2760775,0.0,0.0
2005-10-11 00:00:00+05:30,62.83059281278215,65.3452616399556,61.605686622689326,65.08586883544922,4442625,0.0,0.0
2005-10-13 00:00:00+05:30,65.14352285748693,66.00095512268508,62.39828283981754,63.111610412597656,4068775,0.0,0.0
2005-10-14 00:00:00+05:30,62.97470551731868,63.24850660099831,60.95720706704885,61.56966018676758,4231905,0.0,0.0
2005-10-17 00:00:00+05:30,61.958743045426566,62.47032173981172,60.8130961447416,62.218135833740234,2547995,0.0,0.0
2005-10-18 00:00:00+05:30,62.3622615823615,63.089997450774874,61.25983920781295,61.71377944946289,2429955,0.0,0.0
2005-10-19 00:00:00+05:30,61.259831455358885,61.8939052371694,58.93971533586493,60.12139129638672,2603195,0.0,0.0
2005-10-20 00:00:00+05:30,60.84193314050479,61.677750277230494,56.374616074222686,57.441009521484375,4716160,0.0,0.0
2005-10-21 00:00:00+05:30,57.4842315233361,57.916551048627646,55.48114684160052,57.585105895996094,4383780,0.0,0.0
2005-10-24 00:00:00+05:30,58.14712230394041,58.34887654815071,55.49555556397097,55.8486213684082,2736580,0.0,0.0
2005-10-25 00:00:00+05:30,56.41784289656172,58.39931239743758,55.65407273264574,57.7868537902832,4557735,0.0,0.0
2005-10-26 00:00:00+05:30,58.0750694686326,58.363284317798325,57.21043041837644,57.62834167480469,3604155,0.0,0.0
2005-10-27 00:00:00+05:30,57.35454298885882,57.93097276653248,56.28815504657684,56.84296417236328,4215180,0.0,0.0
2005-10-28 00:00:00+05:30,56.72046771157661,56.72046771157661,53.31954453213078,53.63658142089844,3710920,0.0,0.0
2005-10-31 00:00:00+05:30,54.0400755578122,59.069407675178525,53.89597088855434,58.24799346923828,4942105,0.0,0.0
2005-11-02 00:00:00+05:30,58.50018247419729,60.09256264197426,56.77810591053963,59.86199188232422,4862245,0.0,0.0
2005-11-04 00:00:00+05:30,59.86199188232422,59.86199188232422,59.86199188232422,59.86199188232422,0,0.0,0.0
2005-11-07 00:00:00+05:30,59.069409969766106,60.16461979149593,58.68752213664066,59.36482620239258,2697780,0.0,0.0
2005-11-08 00:00:00+05:30,59.66025359036099,60.51048444602272,59.01177149752721,59.393653869628906,2949990,0.0,0.0
2005-11-09 00:00:00+05:30,59.66025256822735,60.29432088300077,58.93971814347698,59.89082336425781,3168375,0.0,0.0
2005-11-10 00:00:00+05:30,60.2943236168624,61.07250215021486,59.24234396869702,59.67466354370117,6182880,0.0,0.0
2005-11-11 00:00:00+05:30,60.08534892752997,61.24540947621152,59.85477819409736,60.89234924316406,6373755,0.0,0.0
2005-11-14 00:00:00+05:30,61.02926172146232,61.74979612430008,60.2727038968274,61.468788146972656,3947495,0.0,0.0
2005-11-16 00:00:00+05:30,61.64891499914828,61.958744978341954,61.101312870949734,61.50481033325195,1813635,0.0,0.0
2005-11-17 00:00:00+05:30,61.5336498353464,63.262933803250995,60.964426898143856,62.80179214477539,3147430,0.0,0.0
2005-11-18 00:00:00+05:30,62.54238835825055,64.09873980964139,62.12447708531328,62.43430709838867,3248600,0.0,0.0
2005-11-21 00:00:00+05:30,62.470328544129835,62.97470590845046,61.75700104719129,62.419891357421875,2684470,0.0,0.0
2005-11-22 00:00:00+05:30,62.54238151230362,62.6864861781848,59.84037779772669,60.287105560302734,3224125,0.0,0.0
2005-11-23 00:00:00+05:30,60.813097477746474,61.62729927726448,60.23666782502751,61.396728515625,3162830,0.0,0.0
2005-11-24 00:00:00+05:30,61.67775508783409,62.72253346178177,61.67775508783409,62.19654083251953,3424175,0.0,0.0
2005-11-25 00:00:00+05:30,62.66488613905247,63.407035792059915,62.34784920097474,63.212493896484375,2523220,0.0,0.0
2005-11-28 00:00:00+05:30,63.407039845868894,64.848108933275,63.270136523447775,64.68959045410156,3923275,0.0,0.0
2005-11-29 00:00:00+05:30,64.77663200638959,65.13932310265331,63.398404733742105,64.12378692626953,2859125,0.6,0.0
2005-11-30 00:00:00+05:30,64.12378810344582,65.35693563968962,62.83985849993498,63.34037399291992,5393375,0.0,0.0
2005-12-01 00:00:00+05:30,63.543471923579425,63.83362587531247,62.41187759946949,63.0937385559082,3079935,0.0,0.0
2005-12-02 00:00:00+05:30,63.64502999767686,64.16005067387687,61.42536233012228,61.88960647583008,3372230,0.0,0.0
2005-12-05 00:00:00+05:30,62.66575873487558,62.67301410540782,61.65747806571551,61.74452590942383,2816035,0.0,0.0
2005-12-06 00:00:00+05:30,61.8896059689986,62.09271208930413,60.9321017345392,61.22225570678711,2473690,0.0,0.0
2005-12-07 00:00:00+05:30,61.65021434476039,62.658494877350485,61.08441727285809,62.23052215576172,2604135,0.0,0.0
2005-12-08 00:00:00+05:30,62.38287085817571,62.745561967816265,61.36733464433672,62.020179748535156,2124875,0.0,0.0
2005-12-09 00:00:00+05:30,62.0926959866629,63.108231859055984,61.802542089661266,62.65849304199219,2520030,0.0,0.0
2005-12-12 00:00:00+05:30,62.67303017331771,63.81913550529421,62.67303017331771,63.2823486328125,2111175,0.0,0.0
2005-12-13 00:00:00+05:30,63.25330717294456,64.84915086791322,63.10823298895894,64.29060363769531,2877775,0.0,0.0
2005-12-14 00:00:00+05:30,64.68956971908395,68.896787710827,64.55900073218915,66.59007263183594,14379745,0.0,0.0
2005-12-15 00:00:00+05:30,66.5828197697104,67.1631220955904,63.1517602002191,64.20356750488281,5587290,0.0,0.0
2005-12-16 00:00:00+05:30,64.68958134094949,67.46054097466897,63.9061672788357,67.04707336425781,12198025,0.0,0.0
2005-12-19 00:00:00+05:30,67.31547484371337,68.75172859591937,67.05433679163458,68.25121307373047,6295885,0.0,0.0
2005-12-20 00:00:00+05:30,68.47606467307199,68.47606467307199,66.24188669460382,67.0035400390625,4392795,0.0,0.0
2005-12-21 00:00:00+05:30,67.010794989803,67.60560807786611,65.50200445969426,65.92272186279297,5193350,0.0,0.0
2005-12-22 00:00:00+05:30,66.28541313541231,67.38799700711293,65.2843878474068,66.77142333984375,5706365,0.0,0.0
2005-12-23 00:00:00+05:30,66.88021706448842,67.44601966374726,65.58903801162221,65.958984375,3569980,0.0,0.0
2005-12-26 00:00:00+05:30,66.00976965219657,66.43049258918307,64.16004312407644,64.85641479492188,3119320,0.0,0.0
2005-12-27 00:00:00+05:30,64.55901534847315,66.73516193325315,64.00772333074535,66.58283233642578,2928355,0.0,0.0
2005-12-28 00:00:00+05:30,66.87297592676323,67.3879965410011,65.4294615985901,66.64085388183594,2290195,0.0,0.0
2005-12-29 00:00:00+05:30,66.73514832432765,67.31545617562084,65.7921494495327,66.14759063720703,2097375,0.0,0.0
2005-12-30 00:00:00+05:30,66.28541727011198,67.9973195454102,65.86469983930847,67.64188385009766,2569260,0.0,0.0
2006-01-02 00:00:00+05:30,67.7506845397526,68.69367788370081,67.4895465591575,68.47606658935547,4140820,0.0,0.0
2006-01-03 00:00:00+05:30,68.69368916827645,69.52062439792947,68.04084964377009,68.67918395996094,5132785,0.0,0.0
2006-01-04 00:00:00+05:30,69.46258482263922,70.46361003287454,68.3672564064905,70.27500915527344,6592535,0.0,0.0
2006-01-05 00:00:00+05:30,69.63667981402645,71.87810778911191,69.63667981402645,71.70401763916016,7397185,0.0,0.0
2006-01-06 00:00:00+05:30,71.74029111740633,71.74029111740633,70.21698980744493,70.9786376953125,3952320,0.0,0.0
2006-01-09 00:00:00+05:30,71.2325260413504,71.82733919237576,69.34653352840849,69.80352783203125,3500520,0.0,0.0
2006-01-10 00:00:00+05:30,69.81077089827156,71.3050617692197,68.28021424330389,68.802490234375,5265050,0.0,0.0
2006-01-12 00:00:00+05:30,67.89576457902464,69.20145459436651,67.61286599807163,68.06985473632812,3026705,0.0,0.0
2006-01-13 00:00:00+05:30,68.46156504653284,68.91130397002722,66.88023174458841,67.61286926269531,2306845,0.0,0.0
2006-01-16 00:00:00+05:30,67.75068601310534,67.75068601310534,66.2999218823503,66.66261291503906,1809015,0.0,0.0
2006-01-17 00:00:00+05:30,66.73515720112688,67.5548370309496,66.15484927264384,66.53205108642578,2287940,0.0,0.0
2006-01-18 00:00:00+05:30,66.15484132976765,68.62114142836455,64.2035673613318,64.61703491210938,3867875,0.0,0.0
2006-01-19 00:00:00+05:30,64.92169012884973,65.85017821951809,64.78386577550111,65.24085998535156,3197425,0.0,0.0
2006-01-20 00:00:00+05:30,65.57453622641927,66.15483852641108,64.87091477605394,65.20458984375,4377715,0.0,0.0
2006-01-23 00:00:00+05:30,65.28439718151513,65.647088276968,64.41394076611904,64.65331268310547,2324820,0.0,0.0
2006-01-24 00:00:00+05:30,64.70406719288596,65.980740963944,64.4574399883472,65.63256072998047,3559700,0.0,0.0
2006-01-25 00:00:00+05:30,65.74862815798232,66.73514818254937,64.13827913157945,64.88542175292969,7037170,0.0,0.0
2006-01-27 00:00:00+05:30,65.26988495828085,67.8957646652542,65.26988495828085,67.54032897949219,5132880,0.0,0.0
2006-01-30 00:00:00+05:30,67.89576958108634,68.33099777352261,65.58905407352472,66.22013854980469,2737130,0.0,0.0
2006-01-31 00:00:00+05:30,66.72790790695547,68.11339058362567,66.45226465964807,67.51132202148438,4167940,0.0,0.0
2006-02-01 00:00:00+05:30,67.66363414789501,67.9537880636311,65.28438200046527,65.61080169677734,2563575,0.0,0.0
2006-02-02 00:00:00+05:30,66.43049208096517,66.65535875436042,65.22635517415921,65.67609405517578,2994750,0.0,0.0
2006-02-03 00:00:00+05:30,65.9662661559653,66.0097873217081,65.0087617700305,65.19735717773438,2533400,0.0,0.0
2006-02-06 00:00:00+05:30,65.70512332700454,65.85019755844237,64.41394385083542,64.60979461669922,3780285,0.0,0.0
2006-02-07 00:00:00+05:30,64.84915403867635,65.7776421437231,64.30511752079185,64.66780853271484,3736595,0.0,0.0
2006-02-08 00:00:00+05:30,64.84915319331948,65.34241318447377,64.20356364325033,64.5227279663086,1927005,0.0,0.0
2006-02-10 00:00:00+05:30,64.71858558066182,65.77764268000432,64.57350585417441,65.21910095214844,5084200,0.0,0.0
2006-02-13 00:00:00+05:30,65.25535951577896,66.50301735444977,64.9942215712095,65.45846557617188,3249935,0.0,0.0
2006-02-14 00:00:00+05:30,65.71962538921319,66.00252400092826,64.32689291088866,64.65331268310547,2255535,0.0,0.0
2006-02-15 00:00:00+05:30,64.32689171637436,65.24087480952696,63.39840341473285,63.732078552246094,2306700,0.0,0.0
2006-02-16 00:00:00+05:30,63.83362487649243,64.55900697736166,63.137258723765115,63.572486877441406,1959260,0.0,0.0
2006-02-17 00:00:00+05:30,63.833630924288194,64.23984316830837,61.36733044082261,61.67924499511719,2613555,0.0,0.0
2006-02-20 00:00:00+05:30,62.17975471800798,62.94140260517356,60.49686846140836,62.52793502807617,3007650,0.0,0.0
2006-02-21 00:00:00+05:30,62.94141459453981,63.108254944971584,61.947644466622165,62.44815444946289,2003815,0.0,0.0
2006-02-22 00:00:00+05:30,62.527926524615076,62.79631985838837,61.94762424201065,62.15798568725586,2486080,0.0,0.0
2006-02-23 00:00:00+05:30,62.38285255980147,62.527926747413126,61.22224245623166,61.86057662963867,3558445,0.0,0.0
2006-02-24 00:00:00+05:30,62.2305390352418,64.50823867975579,62.09271464754462,64.2398452758789,2440510,0.0,0.0
2006-02-27 00:00:00+05:30,64.5590116728396,66.19837688962102,64.28336844678277,65.95174407958984,4682305,0.0,0.0
2006-02-28 00:00:00+05:30,65.9517379925746,66.44499803288487,63.4419166367749,64.1382827758789,4684365,0.0,0.0
2006-03-01 00:00:00+05:30,63.83363550717924,64.55901772885173,63.18804577262889,63.848140716552734,3072105,0.0,0.0
2006-03-02 00:00:00+05:30,64.12378387933573,65.96625522491495,63.848135117367924,65.12480926513672,4148600,0.0,0.0
2006-03-03 00:00:00+05:30,65.42221624151266,65.85744441377078,64.55900973367177,64.77662658691406,1771025,0.0,0.0
2006-03-06 00:00:00+05:30,65.13931447231316,65.63257451924862,64.87817647486344,65.34967041015625,1554280,0.0,0.0
2006-03-07 00:00:00+05:30,65.13932428577553,65.86470649147803,64.01497965324585,65.0450210571289,2503085,0.0,0.0
2006-03-08 00:00:00+05:30,65.27712588486334,65.86468907942799,64.19630823367613,64.827392578125,3083285,0.0,0.0
2006-03-09 00:00:00+05:30,64.92169129648104,65.41495129529818,63.87713940857986,65.20458984375,2271245,0.0,0.0
2006-03-10 00:00:00+05:30,65.56727996038278,67.51855935368694,64.885419094631,67.14861297607422,5332625,0.0,0.0
2006-03-13 00:00:00+05:30,67.59111434502199,68.02634256286206,58.45129963347261,66.54656219482422,3242325,0.0,0.0
2006-03-14 00:00:00+05:30,66.51753495085607,69.00559572265472,65.61080734501438,65.92272186279297,8093205,0.0,0.0
2006-03-16 00:00:00+05:30,66.29991988185793,67.0180465553301,66.00976595761665,66.55380249023438,2323330,0.0,0.0
2006-03-17 00:00:00+05:30,66.73514736873675,68.3309856356032,66.45224881719429,68.09161376953125,3765735,0.0,0.0
2006-03-20 00:00:00+05:30,68.53410170642327,68.75171301100836,67.32270942057255,67.59835815429688,1493950,0.0,0.0
2006-03-21 00:00:00+05:30,67.61286827295662,68.82425511258793,66.95277340659896,67.23567199707031,3264280,0.0,0.0
2006-03-22 00:00:00+05:30,67.02532142194289,67.31547543058534,65.16833908716772,66.4667739868164,1891390,0.0,0.0
2006-03-23 00:00:00+05:30,67.31546263896733,67.35898379501401,65.57454445215801,65.8719482421875,2447690,0.0,0.0
2006-03-24 00:00:00+05:30,66.28541263923282,68.04084148311246,66.00976944048405,67.59110260009766,1851895,0.0,0.0
2006-03-27 00:00:00+05:30,67.89577120548772,69.34653557113586,67.75069698261365,69.07089233398438,3549290,0.0,0.0
2006-03-28 00:00:00+05:30,69.12891631027877,69.63668156634286,68.33099157328344,68.52684783935547,1683355,0.0,0.0
2006-03-29 00:00:00+05:30,68.57761732823548,68.76621820437539,67.0615660177321,68.24394226074219,1503340,0.0,0.0
2006-03-30 00:00:00+05:30,68.37452151328635,69.92683883760027,67.46053847469099,69.13616943359375,4403775,0.0,0.0
2006-03-31 00:00:00+05:30,68.6356492184671,71.05842252626756,67.99730949437065,68.24394226074219,3407330,0.0,0.0
2006-04-03 00:00:00+05:30,68.89678064079888,68.89678064079888,67.3226975896998,67.67813873291016,1555260,0.0,0.0
2006-04-04 00:00:00+05:30,68.04083079423806,68.72994144996717,67.11233722669249,68.05533599853516,2624000,0.0,0.0
2006-04-05 00:00:00+05:30,68.72996024966064,69.11441191228272,67.7579508033502,68.13514709472656,4458970,0.0,0.0
2006-04-07 00:00:00+05:30,68.4760787172811,68.91130691728172,66.14034721839799,66.6045913696289,4272355,0.0,0.0
2006-04-10 00:00:00+05:30,67.42426255669777,67.42426255669777,64.92895194869519,65.92272186279297,1873580,0.0,0.0
2006-04-12 00:00:00+05:30,64.99423790592988,66.4377467987061,63.91342007907317,64.77662658691406,2183500,0.0,0.0
2006-04-13 00:00:00+05:30,65.2771346408949,65.2771346408949,63.26057325712419,63.62326431274414,3393030,0.0,0.0
2006-04-17 00:00:00+05:30,63.97869999766833,65.24811869233814,62.6730155179723,63.62326431274414,2105935,0.0,0.0
2006-04-18 00:00:00+05:30,64.32689265213656,65.99527389819951,63.25332457885463,64.52999877929688,3207985,0.0,0.0
2006-04-19 00:00:00+05:30,65.24811869233814,65.6470810672106,63.3983976292122,63.62326431274414,1927070,0.0,0.0
2006-04-20 00:00:00+05:30,63.703052575519266,64.55900363155385,63.253313703966874,64.33413696289062,1895960,0.0,0.0
2006-04-21 00:00:00+05:30,64.55901312895605,65.10304975644725,63.325865653666696,64.01497650146484,1764810,0.0,0.0
2006-04-24 00:00:00+05:30,64.5590091935466,64.5590091935466,63.12275014946201,63.47819137573242,1990615,0.0,0.0
2006-04-25 00:00:00+05:30,63.54346699833386,63.81186035137341,60.932092703596346,61.36006546020508,1625680,0.0,0.0
2006-04-26 00:00:00+05:30,62.09270986773969,62.36835862191502,61.077173768319405,61.737274169921875,2068225,0.0,0.0
2006-04-27 00:00:00+05:30,62.1942498645437,63.108232715524046,60.351778957937455,60.92483139038086,4548625,0.0,0.0
2006-04-28 00:00:00+05:30,59.481346690746626,61.512419279243645,55.20884552362511,60.69273376464844,2100715,0.0,0.0
2006-05-02 00:00:00+05:30,63.31134259282307,65.574536515166,63.31134259282307,65.3279037475586,3535305,0.0,0.0
2006-05-03 00:00:00+05:30,65.42945906664542,68.91129514004322,64.89267789619043,68.1859130859375,5832125,0.0,0.0
2006-05-04 00:00:00+05:30,68.54860553445735,69.04186556284682,66.88022456172726,67.62737274169922,3539690,0.0,0.0
2006-05-05 00:00:00+05:30,68.004565858187,68.004565858187,66.16209482309543,66.72064208984375,1614245,0.0,0.0
2006-05-08 00:00:00+05:30,67.38074356244543,67.46053603705532,66.38696808226626,66.9890365600586,1421080,0.0,0.0
2006-05-09 00:00:00+05:30,67.17037956061866,69.20145160010713,66.73515141907858,68.84601593017578,4928340,0.0,0.0
2006-05-10 00:00:00+05:30,69.201442089387,71.56618889686408,69.201442089387,70.6376953125,7357530,0.0,0.0
2006-05-11 00:00:00+05:30,70.79729350658435,70.79729350658435,67.6418824047368,68.62114715576172,2036035,0.0,0.0
2006-05-12 00:00:00+05:30,69.51336080487404,69.51336080487404,66.77141763502536,68.24394226074219,2748200,0.0,0.0
2006-05-15 00:00:00+05:30,68.04083753340566,69.20144769000981,66.778668799762,68.21492767333984,2969790,0.0,0.0
2006-05-16 00:00:00+05:30,68.18592281945635,68.18592281945635,65.10304864942775,65.96625518798828,2212575,0.0,0.0
2006-05-17 00:00:00+05:30,66.72791931565703,71.52269698330278,65.7196383147309,70.31130981445312,2218050,0.0,0.0
2006-05-18 00:00:00+05:30,70.4563534491894,70.4563534491894,64.55899963239416,65.06676483154297,4149600,0.0,0.0
2006-05-19 00:00:00+05:30,66.00977529688619,67.6636457045627,59.20569275860564,61.5704345703125,3184070,0.0,0.0
2006-05-22 00:00:00+05:30,62.38285677753183,62.38285677753183,58.75594649976835,59.98909378051758,2299140,0.0,0.0
2006-05-23 00:00:00+05:30,60.20670414734836,61.61394695499751,58.03055821431167,60.46784210205078,2254580,0.0,0.0
2006-05-24 00:00:00+05:30,60.93209774650586,63.97870042014062,59.62640772396163,60.58391189575195,3124180,0.0,0.0
2006-05-25 00:00:00+05:30,61.32381066343937,64.84916852984388,59.33626502354844,62.39737319946289,3608120,0.0,0.0
2006-05-26 00:00:00+05:30,64.12377971796418,64.63154498196351,60.96836864202249,62.136234283447266,1723105,0.0,0.0
2006-05-29 00:00:00+05:30,63.253319250314775,63.383888254522375,61.6574807848676,62.31758117675781,772645,0.0,0.0
2006-05-30 00:00:00+05:30,62.38286254290098,63.08648408729132,59.851280484638735,60.18495559692383,1651450,0.0,0.0
2006-05-31 00:00:00+05:30,59.85129093566278,60.04714170790175,58.03057994044757,58.74870681762695,2086395,0.0,0.0
2006-06-01 00:00:00+05:30,59.84402150288333,60.35178674436888,56.579802148180605,57.23990249633789,2670635,0.0,0.0
2006-06-02 00:00:00+05:30,57.160111636738534,59.76423071671531,54.48344991945306,59.33625793457031,1506470,0.0,0.0
2006-06-05 00:00:00+05:30,59.336254600746834,60.20671085728224,56.2896466344211,56.630577087402344,2211065,0.0,0.0
2006-06-06 00:00:00+05:30,56.28965069768115,57.68963839305453,54.548732524716506,56.7538948059082,1369075,0.0,0.0
2006-06-07 00:00:00+05:30,57.01504702672656,57.29069583950706,54.12077323212517,54.867916107177734,1449170,0.0,0.0
2006-06-08 00:00:00+05:30,54.40366292737194,54.40366292737194,52.23477178158421,52.77155303955078,1549445,0.0,0.0
2006-06-09 00:00:00+05:30,52.37258302526495,53.60573585973716,50.203692194453815,52.35082244873047,4262200,0.0,0.0
2006-06-12 00:00:00+05:30,52.78604920901462,52.8078153192089,47.88247054814478,49.75395202636719,1840875,0.0,0.0
2006-06-13 00:00:00+05:30,48.310448329887414,48.600602286202566,45.13327662051389,45.699073791503906,1426015,0.0,0.0
2006-06-14 00:00:00+05:30,46.424452793275805,47.87521694306567,43.52292449369607,44.58198165893555,1976400,0.0,0.0
2006-06-15 00:00:00+05:30,47.86071262581917,50.486592243819715,44.99545005621558,45.7353401184082,1957430,0.0,0.0
2006-06-16 00:00:00+05:30,46.43171084213748,48.38298497289528,46.43171084213748,47.68661880493164,2573085,0.0,0.0
2006-06-19 00:00:00+05:30,47.43999971046582,48.31045618674958,47.00477147232394,48.034812927246094,961170,0.0,0.0
2006-06-20 00:00:00+05:30,47.860711834281624,47.860711834281624,44.68353479785447,45.271095275878906,3272925,0.0,0.0
2006-06-21 00:00:00+05:30,45.466944902295936,46.627555018958844,43.66799783791203,45.95294952392578,2333665,0.0,0.0
2006-06-22 00:00:00+05:30,47.527850004080285,50.13049839008381,47.025066041403356,49.58334732055664,3084300,1.2,0.0
2006-06-23 00:00:00+05:30,49.612925804874074,49.612925804874074,47.18773445199953,47.98627471923828,3243965,0.0,0.0
2006-06-26 00:00:00+05:30,48.48905180705029,48.50383708052606,45.10265443190974,45.98252487182617,2047550,0.0,0.0
2006-06-27 00:00:00+05:30,45.989927564205765,46.988100092743906,45.420598547443824,46.42616653442383,2162015,0.0,0.0
2006-06-28 00:00:00+05:30,45.553681054743834,47.15815116508667,45.54628559752593,46.344825744628906,2239020,0.0,0.0
2006-06-29 00:00:00+05:30,46.581430261546735,47.32081804347605,46.174767545593724,46.60361099243164,2549840,0.0,0.0
2006-06-30 00:00:00+05:30,46.62580347747104,48.79960295745373,46.58143918666038,48.14154815673828,1612600,0.0,0.0
2006-07-03 00:00:00+05:30,48.355970285148224,48.725664238947395,47.39476374883755,47.76445770263672,1048490,0.0,0.0
2006-07-04 00:00:00+05:30,48.34117270878843,50.13049548591198,47.912332068678374,49.716434478759766,3497180,0.0,0.0
2006-07-05 00:00:00+05:30,49.982619352499896,51.298728870868736,49.27280766757339,49.93086242675781,2390005,0.0,0.0
2006-07-06 00:00:00+05:30,49.834739133861454,50.27837068818804,48.85135200036533,49.553768157958984,1965185,0.0,0.0
2006-07-07 00:00:00+05:30,49.975222260040596,50.24140233831919,48.067605887152865,48.2524528503418,1546815,0.0,0.0
2006-07-10 00:00:00+05:30,48.25244565676281,49.53897874925578,47.468690813750094,49.25061798095703,1334040,0.0,0.0
2006-07-11 00:00:00+05:30,49.391113156859696,49.686863799086545,48.28203132526328,49.14711380004883,2554370,0.0,0.0
2006-07-12 00:00:00+05:30,48.28202414365001,49.24322487007921,47.47608853253798,48.489051818847656,1391950,0.0,0.0
2006-07-13 00:00:00+05:30,48.208082518919745,48.858747396118346,47.483485630688364,47.81620788574219,1228360,0.0,0.0
2006-07-14 00:00:00+05:30,47.4834837480015,47.764449071327284,46.13779822498887,47.550025939941406,2677715,0.0,0.0
2006-07-17 00:00:00+05:30,47.320824364161645,47.55003280202936,45.553687780599034,45.76071548461914,1719730,0.0,0.0
2006-07-18 00:00:00+05:30,46.25611411592383,46.270902214331414,44.65903615494205,44.88824462890625,1135655,0.0,0.0
2006-07-19 00:00:00+05:30,45.39841879250909,45.842050410197814,44.52594083325237,44.873451232910156,1381165,0.0,0.0
2006-07-20 00:00:00+05:30,45.26532452451517,48.208084972424395,45.26532452451517,47.74966812133789,2523210,0.0,0.0
2006-07-21 00:00:00+05:30,47.66093488740778,47.897538747718436,46.13040243203677,46.63318634033203,768135,0.0,0.0
2006-07-24 00:00:00+05:30,46.293075103686995,49.98261900438659,44.73296624293607,48.770023345947266,4025845,0.0,0.0
2006-07-25 00:00:00+05:30,49.524207706936416,51.43921980262664,48.91790980949244,51.09910202026367,5143660,0.0,0.0
2006-07-26 00:00:00+05:30,51.173025130317164,51.905017418018325,50.1674573463063,51.439205169677734,2441810,0.0,0.0
2006-07-27 00:00:00+05:30,50.64806838617353,53.56864817536691,50.4262497718452,53.29507827758789,6558395,0.0,0.0
2006-07-28 00:00:00+05:30,56.932863497539444,56.932863497539444,52.200780208488695,54.64076232910156,3975615,0.0,0.0
2006-07-31 00:00:00+05:30,55.409717413833015,57.16945815257529,55.01044736902649,56.230438232421875,4605580,0.0,0.0
2006-08-01 00:00:00+05:30,56.69625292772035,56.69625292772035,53.73130646904023,54.56681823730469,2931585,0.0,0.0
2006-08-02 00:00:00+05:30,54.56683162470015,56.54839150761927,53.97531902281178,56.26002502441406,2467170,0.0,0.0
2006-08-03 00:00:00+05:30,56.28219948884164,58.322905687171655,56.28219948884164,56.85892105102539,3142205,0.0,0.0
2006-08-04 00:00:00+05:30,56.193479497814366,56.60753491002047,54.145377529772695,54.47809982299805,4440895,0.0,0.0
2006-08-07 00:00:00+05:30,54.81821784813807,55.897723493263264,53.38380353286393,54.27107238769531,4140120,0.0,0.0
2006-08-08 00:00:00+05:30,54.9660849064398,60.777673313702714,54.714695768734806,58.470787048339844,7637455,0.0,0.0
2006-08-09 00:00:00+05:30,58.91441840055616,59.712958554979195,56.577950313410476,58.75914764404297,11030075,0.0,0.0
2006-08-10 00:00:00+05:30,58.97358120113429,62.389549730409676,58.559520136159946,61.812828063964844,7354790,0.0,0.0
2006-08-11 00:00:00+05:30,62.06422432186906,63.12893909951526,60.186178312648565,60.592838287353516,5735120,0.0,0.0
2006-08-14 00:00:00+05:30,60.62980488246286,61.96070529485205,60.62980488246286,61.28046417236328,1699555,0.0,0.0
2006-08-16 00:00:00+05:30,61.36919687901533,63.72784613047556,61.36919687901533,63.29899978637695,3657340,0.0,0.0
2006-08-17 00:00:00+05:30,63.365540357300816,64.32674687741918,61.679736858948466,61.96809768676758,2590420,0.0,0.0
2006-08-18 00:00:00+05:30,62.25644338903612,62.25644338903612,60.334036456940865,61.228694915771484,2183295,0.0,0.0
2006-08-21 00:00:00+05:30,61.22131315720235,66.24914689966991,60.96991836748424,65.27315521240234,5280005,0.0,0.0
2006-08-22 00:00:00+05:30,65.80551786553495,66.50054424139569,64.06795756696467,64.67425537109375,5695235,0.0,0.0
2006-08-23 00:00:00+05:30,64.06796034649633,64.77037656966391,62.700093909175266,63.173301696777344,4598340,0.0,0.0
2006-08-24 00:00:00+05:30,61.4431356318939,66.54491345860326,61.4431356318939,65.87946319580078,5895765,0.0,0.0
2006-08-25 00:00:00+05:30,66.39702538858852,67.49871160938551,65.83508909215442,67.09944152832031,5895125,0.0,0.0
2006-08-28 00:00:00+05:30,67.72792855715373,68.17156015613412,66.54490907951211,67.76490020751953,3153195,0.0,0.0
2006-08-29 00:00:00+05:30,65.37666970344246,69.57639274751452,65.37666970344246,68.49688720703125,2877355,0.0,0.0
2006-08-30 00:00:00+05:30,68.54125459071646,70.2122727880679,68.06804679624061,69.76124572753906,4315380,0.0,0.0
2006-08-31 00:00:00+05:30,71.46922420605621,71.46922420605621,68.32682619893916,69.71687316894531,4170220,0.0,0.0
2006-09-01 00:00:00+05:30,69.90173943044859,70.36016200309552,68.78526201513192,69.93870544433594,3637235,0.0,0.0
2006-09-04 00:00:00+05:30,69.9460947094664,70.38972632440654,68.76307518926534,69.57640075683594,1992500,0.0,0.0
2006-09-05 00:00:00+05:30,69.5837966243918,70.98123932226227,69.5837966243918,70.20487976074219,2631715,0.0,0.0
2006-09-06 00:00:00+05:30,70.22707253651986,70.2418578139833,68.83701952948712,69.52465057373047,1993605,0.0,0.0
2006-09-07 00:00:00+05:30,69.19192095264937,69.28064389025019,67.89059667071137,68.62258911132812,2574070,0.0,0.0
2006-09-08 00:00:00+05:30,68.76306912899686,69.5024569690936,67.73532048254891,69.37676239013672,2119235,0.0,0.0
2006-09-11 00:00:00+05:30,69.50247091061323,69.79822723419407,67.72793861021083,68.37120819091797,1768745,0.0,0.0
2006-09-12 00:00:00+05:30,68.31944085679996,70.98123608164529,67.4321720211303,70.64851379394531,5286665,0.0,0.0
2006-09-13 00:00:00+05:30,70.98122395510005,73.93877495322921,70.98122395510005,73.37683868408203,6939805,0.0,0.0
2006-09-14 00:00:00+05:30,73.87962987273139,73.87962987273139,72.48218733944768,72.9110336303711,3188055,0.0,0.0
2006-09-15 00:00:00+05:30,72.90364740548245,73.93879161632746,72.46741124266553,73.46558380126953,3727465,0.0,0.0
2006-09-18 00:00:00+05:30,73.92399814846974,75.37319762663229,73.36945727279665,73.87963104248047,4420925,0.0,0.0
2006-09-19 00:00:00+05:30,74.38241599815314,74.38241599815314,70.41190688509937,71.66146850585938,2684230,0.0,0.0
2006-09-20 00:00:00+05:30,70.68549913528038,72.71142088968898,70.24186741665501,72.27518463134766,2390250,0.0,0.0
2006-09-21 00:00:00+05:30,72.75576887621914,73.63563662178878,72.60788791484643,73.13285827636719,1945780,0.0,0.0
2006-09-22 00:00:00+05:30,69.79820449609242,73.33247702676577,69.79820449609242,72.17163848876953,1361825,0.0,0.0
2006-09-25 00:00:00+05:30,72.44522916763724,73.86485258655033,72.25298673348794,73.21418762207031,2441740,0.0,0.0
2006-09-26 00:00:00+05:30,73.70959094840148,74.74472962743577,72.7705650367426,74.54509735107422,3936040,0.0,0.0
2006-09-27 00:00:00+05:30,74.82604732312328,75.62458754601369,74.39720666216203,74.99610900878906,3753785,0.0,0.0
2006-09-28 00:00:00+05:30,75.26968279318987,78.81874096626632,74.30847636487337,77.93887329101562,10870310,0.0,0.0
2006-09-29 00:00:00+05:30,77.78359005181024,78.36770705881135,76.78541770458794,77.82795715332031,4088565,0.0,0.0
2006-10-03 00:00:00+05:30,78.2272361839221,78.3751114963505,77.04421112016853,77.73184204101562,2360195,0.0,0.0
2006-10-04 00:00:00+05:30,77.63571421681831,77.93147044681284,76.35657091955133,77.19947814941406,2705620,0.0,0.0
2006-10-05 00:00:00+05:30,77.39912796815871,80.43061732278821,77.39912796815871,79.62468719482422,6718075,0.0,0.0
2006-10-06 00:00:00+05:30,79.85387832657912,79.96478761913778,78.72261595285886,79.1958236694336,2173725,0.0,0.0
2006-10-09 00:00:00+05:30,76.89633847863891,79.26237740616433,76.89633847863891,78.6634750366211,1886105,0.0,0.0
2006-10-10 00:00:00+05:30,79.21803008857098,79.26239156354761,77.65792095295451,77.9832534790039,1690005,0.0,0.0
2006-10-11 00:00:00+05:30,78.96662091597523,78.96662091597523,76.47488194808238,77.11075592041016,2862495,0.0,0.0
2006-10-12 00:00:00+05:30,77.44348485092915,78.36032988227832,76.18652771332204,78.1015396118164,2996495,0.0,0.0
2006-10-13 00:00:00+05:30,80.19400674837667,80.5784915952043,77.6357254255687,77.83535766601562,2007440,0.0,0.0
2006-10-16 00:00:00+05:30,66.54490344230976,78.67086475334692,66.54490344230976,77.70226287841797,2609015,0.0,0.0
2006-10-17 00:00:00+05:30,78.18287148338308,78.62650307540251,77.07378968279363,77.58396911621094,2553060,0.0,0.0
2006-10-18 00:00:00+05:30,78.21244157927939,78.36032252581482,77.04420748651529,77.36214447021484,1883515,0.0,0.0
2006-10-19 00:00:00+05:30,73.94618784064832,77.78360732933342,73.94618784064832,76.86676788330078,1062945,0.0,0.0
2006-10-20 00:00:00+05:30,77.63572110641196,77.63572110641196,75.64676606530165,76.0830078125,2786545,0.0,0.0
2006-10-23 00:00:00+05:30,76.15695039657822,76.89633826450616,73.27333658344288,73.94618225097656,2964770,0.0,0.0
2006-10-26 00:00:00+05:30,73.93879447862305,75.56544570071982,73.27334420009898,74.70036315917969,5860260,0.0,0.0
2006-10-27 00:00:00+05:30,75.2622924420767,77.93148312101016,74.70775153605587,77.47306060791016,4514005,0.0,0.0
2006-10-30 00:00:00+05:30,77.48784669087763,79.24758769209193,76.29003637780013,76.74845886230469,5528620,0.0,0.0
2006-10-31 00:00:00+05:30,77.47306397189864,78.33075665150567,76.1569544003683,76.76325225830078,6362670,0.0,0.0
2006-11-01 00:00:00+05:30,77.32518921908967,77.85754941849743,76.46749653313668,76.94070434570312,2407795,0.0,0.0
2006-11-02 00:00:00+05:30,77.33997056482188,78.04978224759873,76.78542965880106,77.47306060791016,2491325,0.0,0.0
2006-11-03 00:00:00+05:30,77.39911222990878,77.45826460555215,76.45269678393895,76.85196685791016,1992790,0.0,0.0
2006-11-06 00:00:00+05:30,76.9111170563477,77.58396266716196,75.71331242156911,76.28263854980469,2749550,0.0,0.0
2006-11-07 00:00:00+05:30,76.29002683372345,76.67450597440622,75.4175490795133,75.86857604980469,2665565,0.0,0.0
2006-11-08 00:00:00+05:30,76.0090790585546,76.112592914197,74.08666598843685,75.3953857421875,2922905,0.0,0.0
2006-11-09 00:00:00+05:30,75.60242460644196,76.89635363393607,75.32145919126164,76.35659790039062,2540820,0.0,0.0
2006-11-10 00:00:00+05:30,76.60058585843318,77.29561229453938,75.75768409770448,76.43791961669922,4316975,0.0,0.0
2006-11-13 00:00:00+05:30,76.30482853354874,77.0442164288005,75.86119692461408,76.83718872070312,2635395,0.0,0.0
2006-11-14 00:00:00+05:30,77.04422167825967,77.78360962389013,75.78726442712086,76.39356231689453,2767765,0.0,0.0
2006-11-15 00:00:00+05:30,76.74846609849058,81.85023808379647,76.4527098109599,80.8372802734375,9897810,0.0,0.0
2006-11-16 00:00:00+05:30,80.83727642385423,83.66913329329127,80.77812404094861,81.96114349365234,12406685,0.0,0.0
2006-11-17 00:00:00+05:30,81.30309233618891,82.05727114882687,77.36215349815387,78.98141479492188,6977580,0.0,0.0
2006-11-20 00:00:00+05:30,78.98881067086198,80.40843408428344,76.9554939468916,79.60989379882812,3330865,0.0,0.0
2006-11-21 00:00:00+05:30,80.14964136835937,80.88902919345294,79.11449728501209,79.75776672363281,2498880,0.0,0.0
2006-11-22 00:00:00+05:30,79.85389012954283,80.9851526704716,79.85389012954283,80.19400787353516,3190415,0.0,0.0
2006-11-23 00:00:00+05:30,80.65242980237834,80.65242980237834,78.81874541204856,80.01655578613281,2133350,0.0,0.0
2006-11-24 00:00:00+05:30,79.85389095630721,81.81326996447001,79.3363216972824,80.85945892333984,3531700,0.0,0.0
2006-11-27 00:00:00+05:30,81.03689861824692,81.48053015287631,80.17181627955745,80.90380859375,2162480,0.0,0.0
2006-11-28 00:00:00+05:30,80.29753996051062,80.44542095305867,77.70968182229197,79.3067626953125,2523020,0.0,0.0
2006-11-29 00:00:00+05:30,79.11450542430643,81.17000288696295,79.11450542430643,80.71158599853516,2871780,0.0,0.0
2006-11-30 00:00:00+05:30,81.16999860746581,81.51751180526314,80.16443066361548,80.59327697753906,3349200,0.0,0.0
2006-12-01 00:00:00+05:30,80.88902543551463,82.66355726151437,79.86866667399717,82.10901641845703,3302925,0.0,0.0
2006-12-04 00:00:00+05:30,82.23472367256599,86.0499623278849,82.1164189000813,85.28099822998047,4886720,0.0,0.0
2006-12-05 00:00:00+05:30,85.62110887762461,86.0943166149181,83.25506455007593,84.2310562133789,3270365,0.0,0.0
2006-12-06 00:00:00+05:30,84.58597215675618,85.54717298834058,81.2069698684097,81.94635772705078,2793425,0.0,0.0
2006-12-07 00:00:00+05:30,82.5156802008522,82.79665118484544,80.91860543107128,82.19035339355469,2498435,0.0,0.0
2006-12-08 00:00:00+05:30,82.07204050149664,83.73566294409454,80.97035433012334,81.99070739746094,2701105,0.0,0.0
2006-12-11 00:00:00+05:30,82.21992443284748,82.21992443284748,69.7982122745116,75.0700454711914,5402965,0.0,0.0
2006-12-12 00:00:00+05:30,75.41016391224964,75.41016391224964,68.91094414842405,71.93504333496094,6504310,0.0,0.0
2006-12-13 00:00:00+05:30,72.01637764438141,74.58944420073766,70.24184567798443,73.68000030517578,3834665,0.0,0.0
2006-12-14 00:00:00+05:30,75.26968216595778,76.74845780268714,73.19939401810409,74.10144805908203,3906580,0.0,0.0
2006-12-15 00:00:00+05:30,74.67816875295605,76.15694437182647,74.57465491092162,75.09222412109375,2820805,0.0,0.0
2006-12-18 00:00:00+05:30,76.4527052380569,76.89633682227678,73.23636920111069,75.51367950439453,3393435,0.0,0.0
2006-12-19 00:00:00+05:30,75.41755311336883,75.63937170248762,72.46739746814268,73.5542984008789,1857350,0.0,0.0
2006-12-20 00:00:00+05:30,74.5302911446023,75.34361658163397,72.20861394599937,73.74653625488281,3696690,0.0,0.0
2006-12-21 00:00:00+05:30,73.79090332879957,74.67816641592265,72.16424681429912,72.7040023803711,1852930,0.0,0.0
2006-12-22 00:00:00+05:30,72.90361671524126,73.6282190501215,72.31211001596652,73.42858123779297,1595560,0.0,0.0
2006-12-26 00:00:00+05:30,76.1569464837756,76.1569464837756,73.19939516401733,75.0700454711914,1287465,0.0,0.0
2006-12-27 00:00:00+05:30,75.12181446499353,77.48785928564958,75.12181446499353,76.26786804199219,2120175,0.0,0.0
2006-12-28 00:00:00+05:30,76.70408187173325,76.89632426189058,74.68555651886383,75.99427032470703,2900125,0.0,0.0
2006-12-29 00:00:00+05:30,76.29003208777002,77.01463460110065,74.67816648647803,74.97392272949219,1222290,0.0,0.0
2007-01-02 00:00:00+05:30,75.713311923817,75.83161103857287,74.45634927791316,75.65415954589844,907420,0.0,0.0
2007-01-03 00:00:00+05:30,75.16617611293215,77.04421640206785,75.16617611293215,76.24568176269531,1602795,0.0,0.0
2007-01-04 00:00:00+05:30,76.86675589169006,77.4065114739495,75.12180021241258,75.54325103759766,2054140,0.0,0.0
2007-01-05 00:00:00+05:30,75.40275775769999,76.12735452191636,74.56724607267378,75.6467514038086,1224370,0.0,0.0
2007-01-08 00:00:00+05:30,75.6467694487959,76.06822029943791,74.24932685766282,75.5358657836914,2439165,0.0,0.0
2007-01-09 00:00:00+05:30,75.41755514165277,75.99427671957477,72.95539242875698,73.36945343017578,3240810,0.0,0.0
2007-01-10 00:00:00+05:30,75.41756929603542,75.41756929603542,71.5801441120026,72.20123291015625,2784385,0.0,0.0
2007-01-11 00:00:00+05:30,71.72062859802453,73.3472797737118,70.98124067433355,71.82414245605469,4135215,0.0,0.0
2007-01-12 00:00:00+05:30,73.17721002635325,76.74105892647157,72.7557592143027,76.30481719970703,3807215,0.0,0.0
2007-01-15 00:00:00+05:30,77.63571267839357,78.81873193384818,76.08299955304186,76.78541564941406,1685980,0.0,0.0
2007-01-16 00:00:00+05:30,76.99984921460573,77.76881324521833,76.06082913978048,76.48966979980469,2559445,0.0,0.0
2007-01-17 00:00:00+05:30,76.95547680165771,78.44903754406866,76.43051218681245,77.65049743652344,2273795,0.0,0.0
2007-01-18 00:00:00+05:30,79.11450872958676,80.56370839947924,77.19210123446746,77.69488525390625,2904015,0.0,0.0
2007-01-19 00:00:00+05:30,77.9314980954752,78.18288731345626,76.31223653360861,76.68193054199219,1193675,0.0,0.0
2007-01-22 00:00:00+05:30,76.60057767985408,78.37510959126891,76.23088376668773,78.07935333251953,2493060,0.0,0.0
2007-01-23 00:00:00+05:30,77.93888728611311,78.31597108275385,74.3824273755914,76.31962585449219,3355020,0.0,0.0
2007-01-24 00:00:00+05:30,75.86119367878946,77.02942785716242,75.45453373844968,75.72810363769531,1425925,0.0,0.0
2007-01-25 00:00:00+05:30,76.15693681558695,76.6892968881329,75.13658377059437,75.86857604980469,2685900,0.0,0.0
2007-01-29 00:00:00+05:30,76.30483364550605,76.87416552199755,74.55987764452397,74.70036315917969,1154440,0.0,0.0
2007-01-31 00:00:00+05:30,74.97392827611125,77.04421084820893,73.12545867187322,74.99610900878906,5348330,0.0,0.0
2007-02-01 00:00:00+05:30,73.43599188773656,78.80394858950199,73.43599188773656,78.11631774902344,4102045,0.0,0.0
2007-02-02 00:00:00+05:30,78.68566033647286,79.10711122117998,76.1643504868621,76.5118637084961,3482545,0.0,0.0
2007-02-05 00:00:00+05:30,77.19209497919645,78.27160059558494,76.17173610535667,77.16991424560547,1384880,0.0,0.0
2007-02-06 00:00:00+05:30,77.7835756752935,78.36769257433396,76.61534751829248,76.97764587402344,2020655,0.0,0.0
2007-02-07 00:00:00+05:30,76.97766599049329,77.78359600237597,76.1569450632821,76.65972900390625,3197525,0.0,0.0
2007-02-08 00:00:00+05:30,76.5858017857981,77.70966893740169,75.71332381821922,76.36398315429688,1712855,0.0,0.0
2007-02-09 00:00:00+05:30,76.52664801418378,77.17730733849068,74.1606089793568,74.74472045898438,2493575,0.0,0.0
2007-02-12 00:00:00+05:30,75.41756427822904,75.41756427822904,71.72062485282565,72.68183135986328,2262715,0.0,0.0
2007-02-13 00:00:00+05:30,70.98124227724672,74.67818197918666,70.98124227724672,71.60232543945312,2758895,0.0,0.0
2007-02-14 00:00:00+05:30,70.55108699694338,71.37864434556991,64.45997140662449,68.82141876220703,4491465,0.8,0.0
2007-02-15 00:00:00+05:30,69.78317076131998,70.67783022414831,68.59029716561886,69.46258544921875,3256720,0.0,0.0
2007-02-19 00:00:00+05:30,70.23050687910624,70.6778395133484,69.3358529867634,69.69371795654297,2404675,0.0,0.0
2007-02-20 00:00:00+05:30,70.00685721687063,70.3796306784215,68.9481819512033,69.73100280761719,1792670,0.0,0.0
2007-02-21 00:00:00+05:30,70.23049675584714,70.23049675584714,68.64248433501525,69.55950927734375,1379930,0.0,0.0
2007-02-22 00:00:00+05:30,68.88852502727386,70.08139876220795,65.7572250739924,66.63697052001953,5129710,0.0,0.0
2007-02-23 00:00:00+05:30,69.18673985124784,69.18673985124784,64.41523957046002,64.82528686523438,2376115,0.0,0.0
2007-02-26 00:00:00+05:30,65.16079897433187,68.73196924085784,65.16079897433187,68.2100830078125,1231160,0.0,0.0
2007-02-27 00:00:00+05:30,68.5679311089499,69.63406312058021,65.6453894015682,66.9500961303711,2242860,0.0,0.0
2007-02-28 00:00:00+05:30,64.71345982493658,65.90633348086554,60.389286423115045,63.22236633300781,2457825,0.0,0.0
2007-03-01 00:00:00+05:30,63.818814919795216,67.0693999310361,61.880394074357376,66.09273529052734,2424980,0.0,0.0
2007-03-02 00:00:00+05:30,68.59030801683771,68.59030801683771,63.073260364825714,63.706974029541016,2919180,0.0,0.0
2007-03-05 00:00:00+05:30,56.71374429286531,62.62593058646777,56.71374429286531,61.52997589111328,2651455,0.0,0.0
2007-03-06 00:00:00+05:30,62.62593031789829,64.71346360372314,61.8803835283995,63.71442794799805,2089665,0.0,0.0
2007-03-07 00:00:00+05:30,64.71346808956845,65.30990214966909,61.880387817859734,63.528045654296875,3535090,0.0,0.0
2007-03-08 00:00:00+05:30,64.11703183772032,65.89143136877946,62.178611082566285,65.22044372558594,2266785,0.0,0.0
2007-03-09 00:00:00+05:30,65.16080658131557,65.8914394295745,63.39385820750471,64.21395874023438,3346420,0.0,0.0
2007-03-12 00:00:00+05:30,64.71345756659517,65.14587034123096,62.97633234398271,64.50469970703125,4493125,0.0,0.0
2007-03-13 00:00:00+05:30,64.71346687167471,65.65285177847015,63.6846086098451,65.48883056640625,2397295,0.0,0.0
2007-03-14 00:00:00+05:30,62.62592658544316,64.44506246358375,62.62592658544316,63.885902404785156,1683325,0.0,0.0
2007-03-15 00:00:00+05:30,64.1170246157457,65.26516736701475,62.19351251213638,62.864505767822266,2706220,0.0,0.0
2007-03-16 00:00:00+05:30,63.222373973077,63.32675007507965,61.507613974911685,62.342628479003906,2110730,0.0,0.0
2007-03-19 00:00:00+05:30,62.92415431435965,64.07229712835219,62.327714568261634,63.28947067260742,1547220,0.0,0.0
2007-03-20 00:00:00+05:30,63.81880432621875,65.43663950146167,63.19254775053915,65.00422668457031,2096680,0.0,0.0
2007-03-21 00:00:00+05:30,65.44409797510788,67.84475960985563,64.13939105953374,67.31542205810547,3123220,0.0,0.0
2007-03-22 00:00:00+05:30,68.2920900732661,72.89956981698151,68.2920900732661,72.01236724853516,6553005,0.0,0.0
2007-03-23 00:00:00+05:30,69.18674840998882,72.76536979722007,69.18674840998882,71.63214111328125,3731055,0.0,0.0
2007-03-26 00:00:00+05:30,71.57248467113325,73.80166775729332,70.08139124048465,70.8194808959961,4708345,0.0,0.0
2007-03-28 00:00:00+05:30,70.82695744660943,70.82695744660943,68.60522512079586,69.298583984375,2707550,0.0,0.0
2007-03-29 00:00:00+05:30,67.41980636466654,71.5725023683047,66.81591519611683,70.73748779296875,8833190,0.0,0.0
2007-03-30 00:00:00+05:30,70.82693943817921,71.5724861691074,69.85772641274448,70.70764923095703,3290275,0.0,0.0
2007-04-02 00:00:00+05:30,67.09920868495838,67.09920868495838,62.62592810596116,63.62495803833008,5397240,0.0,0.0
2007-04-03 00:00:00+05:30,64.41524125423277,64.56434833112642,62.62592789115707,63.729339599609375,4022670,0.0,0.0
2007-04-04 00:00:00+05:30,63.52058987065255,65.23534991507731,63.22237567864051,63.349117279052734,2103640,0.0,0.0
2007-04-05 00:00:00+05:30,63.595147207724914,66.27911467218561,63.22237379077007,65.64540100097656,3293375,0.0,0.0
2007-04-09 00:00:00+05:30,65.60812078856449,68.56794260241266,65.60812078856449,68.12806701660156,2921475,0.0,0.0
2007-04-10 00:00:00+05:30,69.64898787328084,69.64898787328084,66.8009990311103,67.25578308105469,1367335,0.0,0.0
2007-04-11 00:00:00+05:30,67.24832168402686,68.42628703869407,66.35366776467534,66.58478546142578,1202515,0.0,0.0
2007-04-12 00:00:00+05:30,65.60811258954625,66.19709519195266,64.16920716545727,65.84668731689453,1431370,0.0,0.0
2007-04-13 00:00:00+05:30,66.50277470590747,69.17183371221563,64.56435409295042,68.12806701660156,3226315,0.0,0.0
2007-04-16 00:00:00+05:30,68.292091883521,70.66293114824046,67.99387199908958,69.86519622802734,1288010,0.0,0.0
2007-04-17 00:00:00+05:30,70.17087782541101,71.57250398065983,68.85125659794753,69.91738891601562,2671150,0.0,0.0
2007-04-18 00:00:00+05:30,70.08140485429652,72.3180454347528,70.08140485429652,70.93132781982422,2314655,0.0,0.0
2007-04-19 00:00:00+05:30,70.82693808599852,72.4671385874989,68.88851776020626,71.69922637939453,2814590,0.0,0.0
2007-04-20 00:00:00+05:30,72.16894357650465,73.36181750172133,70.27525373169183,71.6768798828125,3749400,0.0,0.0
2007-04-23 00:00:00+05:30,71.57248524915241,72.91447162280204,70.11867141775703,70.63309478759766,1750740,0.0,0.0
2007-04-24 00:00:00+05:30,71.84089428319061,77.68597880501964,69.33585643438646,75.44188690185547,9554825,0.0,0.0
2007-04-25 00:00:00+05:30,75.30023236475652,76.64221897915884,75.15112526896564,75.77738189697266,3535375,0.0,0.0
2007-04-26 00:00:00+05:30,76.04577278824918,77.22373808481196,75.75500999439858,76.28434753417969,8119955,0.0,0.0
2007-04-27 00:00:00+05:30,76.04577378293669,76.64221349959976,74.1222616691725,74.81562042236328,3216895,0.0,0.0
2007-04-30 00:00:00+05:30,73.36180524271708,75.82210623583855,69.58188324653186,74.4801254272461,2698120,0.0,0.0
2007-05-03 00:00:00+05:30,71.01334011378536,77.611428845011,71.01334011378536,76.96280670166016,2407715,0.0,0.0
2007-05-04 00:00:00+05:30,77.43248843139234,77.67106317163797,75.61335248197537,75.96376037597656,2994670,0.0,0.0
2007-05-07 00:00:00+05:30,77.00006757289925,77.00006757289925,73.21268871072915,73.62274169921875,2547310,0.0,0.0
2007-05-08 00:00:00+05:30,74.55467820962005,75.74009486287915,73.22760584758011,74.27882385253906,2293870,0.0,0.0
2007-05-09 00:00:00+05:30,73.8091312323977,76.18742728117975,73.43635784233508,75.9488525390625,2166575,0.0,0.0
2007-05-10 00:00:00+05:30,76.79133049082688,77.22374905678616,75.16603802573118,75.56863403320312,1980135,0.0,0.0
2007-05-11 00:00:00+05:30,75.44933323042333,76.91806132377683,73.88368610161584,76.3290786743164,1811485,0.0,0.0
2007-05-14 00:00:00+05:30,77.38775423533312,80.35502708856116,76.94042163886476,79.89279174804688,4505890,0.0,0.0
2007-05-15 00:00:00+05:30,80.32521370840196,82.15180685103475,79.05778637520443,81.54045867919922,4925935,0.0,0.0
2007-05-16 00:00:00+05:30,81.26460635326461,83.32231724441084,79.93753387520175,83.0017318725586,6036830,0.0,0.0
2007-05-17 00:00:00+05:30,83.21048555472825,84.69412221445046,77.83509337313846,83.5981674194336,4395660,0.0,0.0
2007-05-18 00:00:00+05:30,82.0101547241211,84.2467953075062,80.89183443242852,82.0101547241211,3185140,0.0,0.0
2007-05-21 00:00:00+05:30,82.47985067515532,84.23189042310608,82.47985067515532,83.53107452392578,4249045,0.0,0.0
2007-05-22 00:00:00+05:30,83.94858223487543,84.09769503203898,82.23382772803167,82.64387512207031,3475695,0.0,0.0
2007-05-23 00:00:00+05:30,83.05391366500918,84.91778064273348,77.68597335632082,83.55342864990234,12630750,0.0,0.0
2007-05-24 00:00:00+05:30,82.6065854624602,83.42668578248107,79.05032413812359,79.9151611328125,7129495,0.0,0.0
2007-05-25 00:00:00+05:30,80.51906186971986,80.51906186971986,78.30478675821116,79.57221984863281,2859470,0.0,0.0
2007-05-28 00:00:00+05:30,79.03542973532035,81.11550630240947,79.03542973532035,80.16120147705078,3149240,0.0,0.0
2007-05-29 00:00:00+05:30,80.51159828777462,80.95147386275315,78.7446559913251,79.02796173095703,1845510,0.0,0.0
2007-05-30 00:00:00+05:30,79.32618308827068,79.76605298347494,77.2386497090777,78.2078628540039,2159125,0.0,0.0
2007-05-31 00:00:00+05:30,79.32618473315561,81.11549828269932,78.178041919599,79.90025329589844,4526950,0.0,0.0
2007-06-01 00:00:00+05:30,79.17707431842132,81.71193478200927,79.17707431842132,80.03445434570312,2589820,0.0,0.0
2007-06-04 00:00:00+05:30,80.5190571768237,81.71193096034764,79.02796352540103,79.52002716064453,1598930,0.0,0.0
2007-06-05 00:00:00+05:30,79.47528826160136,81.11549464515932,78.72974145673068,80.13882446289062,1992165,0.0,0.0
2007-06-06 00:00:00+05:30,79.10250850370039,80.1462750842724,75.60589813767898,76.01594543457031,4498405,0.0,0.0
2007-06-07 00:00:00+05:30,76.7703798282121,77.24566606465379,75.68400470970224,76.25736999511719,4103710,1.2,0.0
2007-06-08 00:00:00+05:30,76.64966837662894,76.64966837662894,74.23550785918106,75.38223266601562,2833980,0.0,0.0
2007-06-11 00:00:00+05:30,76.64213020917913,76.67985380935461,74.9974871484926,76.37808227539062,2842205,0.0,0.0
2007-06-12 00:00:00+05:30,76.93635455783017,76.93635455783017,73.9337369923192,74.44674682617188,3065935,0.0,0.0
2007-06-13 00:00:00+05:30,74.70326475276218,75.28417603307412,73.17932666810817,73.44337463378906,2926905,0.0,0.0
2007-06-14 00:00:00+05:30,76.95144048195007,76.95144048195007,73.22457475792497,73.82057189941406,2008060,0.0,0.0
2007-06-15 00:00:00+05:30,74.23551565356749,75.11064677459731,73.4810896931772,74.19779205322266,2355045,0.0,0.0
2007-06-18 00:00:00+05:30,75.44259143926267,76.1970173536553,73.59425025132592,73.80548858642578,1030810,0.0,0.0
2007-06-19 00:00:00+05:30,74.83904390014818,76.34789563810128,73.65459551608751,76.14420318603516,2645065,0.0,0.0
2007-06-20 00:00:00+05:30,77.7058621716662,78.09816107919869,76.49878196870571,77.59269714355469,4681260,0.0,0.0
2007-06-21 00:00:00+05:30,78.30941732397605,80.27092367817265,77.2984835397295,79.60702514648438,3808140,0.0,0.0
2007-06-22 00:00:00+05:30,80.3312873466486,80.3312873466486,77.63044073953533,78.05291748046875,2356180,0.0,0.0
2007-06-25 00:00:00+05:30,77.7058711822569,78.89786553906919,76.45352136934481,77.71341705322266,2229795,0.0,0.0
2007-06-26 00:00:00+05:30,78.74696952599469,79.38069024408325,77.13249863926764,79.14682006835938,3064890,0.0,0.0
2007-06-27 00:00:00+05:30,79.27508760471889,79.66738660276731,78.46030612129476,79.38070678710938,3177700,0.0,0.0
2007-06-28 00:00:00+05:30,79.26752323902218,80.42179385999721,76.98915972154491,77.41163635253906,2980245,0.0,0.0
2007-06-29 00:00:00+05:30,78.45274716583683,83.04720385685697,76.49878686166252,81.6666030883789,5104655,0.0,0.0
2007-07-02 00:00:00+05:30,82.98685225605072,83.28862377905352,79.21472260804842,79.712646484375,3206705,0.0,0.0
2007-07-03 00:00:00+05:30,80.42180493644662,82.48893042313082,80.19548060544784,81.92311096191406,4463450,0.0,0.0
2007-07-04 00:00:00+05:30,81.62887525235162,82.79069176037076,78.63380944128156,80.64057922363281,2550950,0.0,0.0
2007-07-05 00:00:00+05:30,82.57190769187201,82.57190769187201,79.21471493276096,79.82579803466797,3228690,0.0,0.0
2007-07-06 00:00:00+05:30,78.6488928937046,80.84427482503821,78.6488928937046,79.10154724121094,2141815,0.0,0.0
2007-07-09 00:00:00+05:30,79.96914807574474,82.36067687736953,79.21472215050186,82.08154296875,3062840,0.0,0.0
2007-07-10 00:00:00+05:30,82.53417895521089,82.65488408329159,80.87443883656016,81.28937530517578,1906510,0.0,0.0
2007-07-11 00:00:00+05:30,80.87445131500955,81.44781659034207,78.99593250212996,79.93896484375,1813370,0.0,0.0
2007-07-12 00:00:00+05:30,80.72358130063762,82.37577606818391,80.57269840427027,81.64398193359375,2820950,0.0,0.0
2007-07-13 00:00:00+05:30,81.7873063927613,84.1939208588441,81.7873063927613,83.47721862792969,4854285,0.0,0.0
2007-07-16 00:00:00+05:30,83.74127618294423,87.34743111926167,83.01702799854606,86.38931274414062,5486195,0.0,0.0
2007-07-17 00:00:00+05:30,86.38931332639227,89.02225816384794,86.00455449727683,86.56282806396484,7091710,0.0,0.0
2007-07-18 00:00:00+05:30,86.68353368099038,86.97021343971886,83.7488175048929,84.74465942382812,3645075,0.0,0.0
2007-07-19 00:00:00+05:30,84.97854141819312,88.10186449623697,84.97854141819312,87.57376861572266,3715100,0.0,0.0
2007-07-20 00:00:00+05:30,88.84873748259714,89.62580100997904,85.7178745398,86.38176727294922,4664630,0.0,0.0
2007-07-23 00:00:00+05:30,86.45720940456192,86.9098638060471,84.4957031609175,85.44628143310547,1852060,0.0,0.0
2007-07-24 00:00:00+05:30,86.00454993026436,89.15805032460656,84.6767587758538,85.1746826171875,3676280,0.0,0.0
2007-07-25 00:00:00+05:30,86.00455654351205,86.45721095310476,82.4587569532539,83.49986267089844,3844490,0.0,0.0
2007-07-26 00:00:00+05:30,83.28861885022432,83.49231130660465,77.90201849210871,79.17699432373047,7064185,0.0,0.0
2007-07-27 00:00:00+05:30,79.17700432916152,79.17700432916152,74.59763885903078,75.37470245361328,11045320,0.0,0.0
2007-07-30 00:00:00+05:30,76.9212529026991,77.7058564154555,74.74850869832042,76.0762939453125,5197955,0.0,0.0
2007-07-31 00:00:00+05:30,76.93635701192407,78.15852330522452,73.39055177325274,77.72095489501953,8545625,0.0,0.0
2007-08-01 00:00:00+05:30,77.25320117613929,77.25320117613929,73.17930080490976,73.46598052978516,3621545,0.0,0.0
2007-08-02 00:00:00+05:30,73.40563005417185,76.04612026107283,73.33772874154366,74.66551971435547,2760510,0.0,0.0
2007-08-03 00:00:00+05:30,76.87599895105814,76.87599895105814,75.00502022081906,75.26152801513672,1512405,0.0,0.0
2007-08-06 00:00:00+05:30,73.93374239636783,76.49879175311874,72.42489051072766,75.96315002441406,3475970,0.0,0.0
2007-08-07 00:00:00+05:30,76.19701903184593,77.70587089386268,75.6387454545274,76.02349853515625,2865400,0.0,0.0
2007-08-08 00:00:00+05:30,77.70586334059018,78.9129435617087,76.95143748291456,78.64134979248047,3235015,0.0,0.0
2007-08-09 00:00:00+05:30,79.27508334172298,80.24074767497268,76.80056704881723,77.29093933105469,2505320,0.0,0.0
2007-08-10 00:00:00+05:30,75.50294817330987,75.59347560085082,72.74174651705032,75.03520202636719,3363970,0.0,0.0
2007-08-13 00:00:00+05:30,75.44259995153091,76.8005690529839,75.15592014380799,75.66893005371094,2272790,0.0,0.0
2007-08-14 00:00:00+05:30,76.49878048581843,76.78546022977304,75.44258317027216,76.10647583007812,2070225,0.0,0.0
2007-08-16 00:00:00+05:30,74.98992684044607,74.98992684044607,72.42487792928803,72.81717681884766,5821670,0.0,0.0
2007-08-17 00:00:00+05:30,72.57577394671947,73.93374295640733,71.0970997782889,72.5984115600586,4144445,0.0,0.0
2007-08-20 00:00:00+05:30,74.83905360342827,75.35206349107928,73.70741465324046,74.00164031982422,1723215,0.0,0.0
2007-08-21 00:00:00+05:30,74.31095089408588,74.98238948230853,71.84398074213935,72.2513656616211,1211100,0.0,0.0
2007-08-22 00:00:00+05:30,73.16422461255169,73.16422461255169,67.45322091263824,69.3996353149414,6738280,0.0,0.0
2007-08-23 00:00:00+05:30,70.16914790387375,72.42487951892964,67.59655306650521,67.94358825683594,5749755,0.0,0.0
2007-08-24 00:00:00+05:30,67.9435924159239,69.70895195528463,66.85722307059147,67.97377014160156,8784215,0.0,0.0
2007-08-27 00:00:00+05:30,69.40718971401175,70.16161568916405,68.83382436126826,69.89756774902344,3144380,0.0,0.0
2007-08-28 00:00:00+05:30,70.46339084846684,71.27817232486308,69.40719327785843,70.67462921142578,2381715,0.0,0.0
2007-08-29 00:00:00+05:30,69.40717879992313,70.41810668487115,68.60748923387098,69.85228729248047,2101790,0.0,0.0
2007-08-30 00:00:00+05:30,70.91604530563795,71.66292544776098,69.81458401605654,70.67462921142578,3815340,0.0,0.0
2007-08-31 00:00:00+05:30,70.16160059434606,73.46598358250353,70.16160059434606,73.07368469238281,3179240,0.0,0.0
2007-09-03 00:00:00+05:30,73.93374474560336,74.38639917451582,72.9001790990057,74.00164031982422,2435235,0.0,0.0
2007-09-04 00:00:00+05:30,72.61348880976519,74.68815991861561,72.61348880976519,73.65459442138672,1214750,0.0,0.0
2007-09-05 00:00:00+05:30,74.08462270879679,74.51464525103208,73.19439989696423,73.61688232421875,1535560,0.0,0.0
2007-09-06 00:00:00+05:30,72.5757603474409,74.29585602267097,71.24797507100622,74.00917053222656,967640,0.0,0.0
2007-09-07 00:00:00+05:30,74.38640117931023,75.18609663961534,73.63197519218575,73.92620086669922,1385380,0.0,0.0
2007-09-10 00:00:00+05:30,73.93373738892066,74.65798555427786,73.02842862117735,74.43920135498047,1090035,0.0,0.0
2007-09-11 00:00:00+05:30,74.68816040374338,75.90278650309756,73.93373454107932,74.27322387695312,1981030,0.0,0.0
2007-09-12 00:00:00+05:30,75.21625662958947,75.41240896661617,73.20948681660506,73.5263442993164,1327230,0.0,0.0
2007-09-13 00:00:00+05:30,73.93374411650835,75.12573851529214,73.52635340720958,74.82396697998047,3050570,0.0,0.0
2007-09-14 00:00:00+05:30,73.93373809654142,76.10648261340839,73.93373809654142,74.12989044189453,2496780,0.0,0.0
2007-09-17 00:00:00+05:30,73.93374222775499,74.31095519830477,73.22458000126122,73.53389739990234,1073860,0.0,0.0
2007-09-18 00:00:00+05:30,73.53388975479736,74.67307441904762,72.6512128768754,74.27322387695312,1721490,0.0,0.0
2007-09-19 00:00:00+05:30,75.44259338083195,78.37730980288126,75.44259338083195,77.71341705322266,4456790,0.0,0.0
2007-09-20 00:00:00+05:30,78.15852164645715,78.7620646653662,76.67230171093915,77.12496185302734,2548585,0.0,0.0
2007-09-21 00:00:00+05:30,76.4082500669083,78.30940645455264,76.4082500669083,77.45690155029297,1890240,0.0,0.0
2007-09-24 00:00:00+05:30,81.11587263815423,81.84012658872246,78.36976274127746,81.38746643066406,3523370,0.0,0.0
2007-09-25 00:00:00+05:30,81.47799411875587,81.840121069619,79.36559937631493,79.75790405273438,1635305,0.0,0.0
2007-09-26 00:00:00+05:30,79.96915252852106,81.47800446302146,78.76207213208342,80.8518295288086,4416455,0.0,0.0
2007-09-27 00:00:00+05:30,79.96914608528799,82.14189062381449,79.24489790577915,80.53496551513672,3306275,0.0,0.0
2007-09-28 00:00:00+05:30,78.03026992450762,82.29277734824731,78.03026992450762,81.86275482177734,2988750,0.0,0.0
2007-10-01 00:00:00+05:30,77.74358990333258,82.98684751199247,77.74358990333258,81.42518615722656,1959755,0.0,0.0
2007-10-03 00:00:00+05:30,82.61717905493263,82.61717905493263,79.66737112546078,80.93480682373047,1451035,0.0,0.0
2007-10-04 00:00:00+05:30,79.98422086329728,81.10077358096933,79.06382622126051,80.75373840332031,2368035,0.0,0.0
2007-10-05 00:00:00+05:30,80.72356595059853,81.47799180060412,78.30940553290561,79.02610778808594,2042740,0.0,0.0
2007-10-08 00:00:00+05:30,78.76206053684194,80.72356661175958,75.53311879330155,76.27999877929688,1421615,0.0,0.0
2007-10-09 00:00:00+05:30,75.44258600661298,77.70586358681138,74.70324613119067,76.64212036132812,4915605,0.0,0.0
2007-10-10 00:00:00+05:30,76.99671110158188,79.06384236182691,75.81980845400679,76.56668853759766,5494425,0.0,0.0
2007-10-11 00:00:00+05:30,75.44258317717811,77.70586067249344,75.44258317717811,77.17776489257812,2066010,0.0,0.0
2007-10-12 00:00:00+05:30,76.951450453874,79.04875377080434,76.1215830217106,77.17023468017578,3490715,0.0,0.0
2007-10-15 00:00:00+05:30,76.95144265408922,79.57684734778641,76.95144265408922,79.35051727294922,3692615,0.0,0.0
2007-10-16 00:00:00+05:30,79.32034168212422,82.08154334392415,78.93558284686407,81.44782257080078,3273015,0.0,0.0
2007-10-17 00:00:00+05:30,79.96913727290843,79.96913727290843,73.93373068627383,78.04534912109375,3880125,0.0,0.0
2007-10-18 00:00:00+05:30,78.46030042699847,79.63720309154318,72.42489270184474,73.45091247558594,2674515,0.0,0.0
2007-10-19 00:00:00+05:30,71.08201053222066,74.53728259945436,70.62935613502012,71.18762969970703,2311415,0.0,0.0
2007-10-22 00:00:00+05:30,72.42488777520802,72.42488777520802,69.10541260101506,71.81380462646484,1616095,0.0,0.0
2007-10-23 00:00:00+05:30,73.17930606506438,79.51648423629427,72.72665171479346,77.53988647460938,5148445,0.0,0.0
2007-10-24 00:00:00+05:30,78.46029444819813,79.20717448564471,76.09139755705411,77.35883331298828,3498245,0.0,0.0
2007-10-25 00:00:00+05:30,77.10232856291191,80.42180384134502,76.21210572582048,78.95822143554688,6038120,0.0,0.0
2007-10-26 00:00:00+05:30,77.70586362133339,81.17622142801685,76.95898363116362,79.07891845703125,4228725,0.0,0.0
2007-10-29 00:00:00+05:30,81.47799852691327,82.98685035148574,79.13927934998853,81.33465576171875,7900530,0.0,0.0
2007-10-30 00:00:00+05:30,80.42934169878812,81.62887605792787,76.10647897210629,77.0796890258789,15676425,0.0,0.0
2007-10-31 00:00:00+05:30,77.102327188261,79.96914800393482,75.45767844247585,79.2071762084961,4899950,0.0,0.0
2007-11-01 00:00:00+05:30,79.20716641972271,82.6850699626196,79.20716641972271,80.91217041015625,9154135,0.0,0.0
2007-11-02 00:00:00+05:30,79.96915073864429,83.5903976027195,78.46029883791515,81.73450469970703,5360105,0.0,0.0
2007-11-05 00:00:00+05:30,81.04043522079479,86.30633095278743,81.04043522079479,84.03550720214844,6073020,0.0,0.0
2007-11-06 00:00:00+05:30,84.49568716870675,86.30631018777,81.02532973972582,82.83595275878906,4712500,0.0,0.0
2007-11-07 00:00:00+05:30,82.98685637508736,84.4806223223968,81.47800444099485,82.73035430908203,3137750,0.0,0.0
2007-11-08 00:00:00+05:30,82.23241469041174,82.68506903295798,79.9691372218683,80.30108642578125,1219760,0.0,0.0
2007-11-12 00:00:00+05:30,79.06384150431556,81.47800223105868,76.64967502175924,81.11587524414062,2218170,0.0,0.0
2007-11-13 00:00:00+05:30,80.72357208894596,83.04720526505089,79.97669205227398,82.78315734863281,2400820,0.0,0.0
2007-11-14 00:00:00+05:30,82.98684011871977,92.0324040800328,82.98684011871977,90.77251434326172,10150555,0.0,0.0
2007-11-15 00:00:00+05:30,90.68198826312192,93.54880890279057,88.2678277550524,89.52771759033203,4763710,0.0,0.0
2007-11-16 00:00:00+05:30,89.02225249528551,92.0324100993884,87.51340075807728,90.91586303710938,2431310,0.0,0.0
2007-11-19 00:00:00+05:30,93.24703645747046,95.434872633431,91.28553034502096,92.46243286132812,5449070,0.0,0.0
2007-11-20 00:00:00+05:30,90.54618201743277,93.54879923511723,87.37759595856815,88.85626983642578,3311160,0.0,0.0
2007-11-21 00:00:00+05:30,86.9249559757195,89.74650732282221,82.98685172736361,83.44705200195312,2749540,0.0,0.0
2007-11-22 00:00:00+05:30,83.44705110032284,89.62580119948734,81.47799899742014,86.56282806396484,3758920,0.0,0.0
2007-11-23 00:00:00+05:30,89.02226175484729,90.68199653608696,83.43950859532981,87.78500366210938,5229950,0.0,0.0
2007-11-26 00:00:00+05:30,88.26781407259625,92.03239700987712,88.26781407259625,90.46319580078125,2573960,0.0,0.0
2007-11-27 00:00:00+05:30,89.17314243345004,90.8328829293973,88.11695073835357,90.2972412109375,2406700,0.0,0.0
2007-11-28 00:00:00+05:30,90.83287635854353,91.81362654101603,87.52094723295868,87.91324615478516,2030095,0.0,0.0
2007-11-29 00:00:00+05:30,88.72048714553036,90.53111050682955,88.72048714553036,89.42964935302734,2231060,0.0,0.0
2007-11-30 00:00:00+05:30,89.7766882078679,93.54881796450101,89.7766882078679,91.20255279541016,3407855,0.0,0.0
2007-12-03 00:00:00+05:30,93.54882126339713,96.56652517511962,91.76082962360873,94.78607940673828,4225420,0.0,0.0
2007-12-04 00:00:00+05:30,95.73664209779987,99.88597854219624,95.20854054610398,97.15496063232422,5510730,0.0,0.0
2007-12-05 00:00:00+05:30,96.56651234257345,98.07536409792615,95.81208646489709,97.24549102783203,2257530,0.0,0.0
2007-12-06 00:00:00+05:30,96.56651718168261,99.2824550820678,93.56389950550697,94.97467803955078,1853770,0.0,0.0
2007-12-07 00:00:00+05:30,96.56652112975512,97.32094707608132,92.94527428506403,95.5631332397461,1731395,0.0,0.0
2007-12-10 00:00:00+05:30,96.56650878634339,99.13155207133067,93.54880538677016,98.46011352539062,2308360,0.0,0.0
2007-12-11 00:00:00+05:30,98.38468206445987,101.98328523432872,98.37713043819731,100.81393432617188,5080470,0.0,0.0
2007-12-12 00:00:00+05:30,100.33863761456912,103.35634100147345,98.07536007439087,101.01761627197266,4960720,0.0,0.0
2007-12-13 00:00:00+05:30,101.09306575028921,105.61962093313798,101.09306575028921,103.81654357910156,4937830,0.0,0.0
2007-12-14 00:00:00+05:30,104.26164566028008,105.16695433881718,101.71169422542343,102.57173919677734,2231705,0.0,0.0
2007-12-17 00:00:00+05:30,102.60192332928682,102.60192332928682,96.56651607462288,97.28321838378906,1398130,0.0,0.0
2007-12-18 00:00:00+05:30,101.04781357651781,101.04781357651781,94.51448208726686,95.81209564208984,1230160,0.0,0.0
2007-12-19 00:00:00+05:30,96.56651339849013,97.77359942062144,92.79438396886161,94.19761657714844,1351720,0.0,0.0
2007-12-20 00:00:00+05:30,93.77512895359072,95.66119344778352,92.83209670649433,93.78266906738281,1324265,0.0,0.0
2007-12-24 00:00:00+05:30,94.9067745757377,101.5457243820852,94.9067745757377,100.26319122314453,2540980,0.0,0.0
2007-12-26 00:00:00+05:30,100.33864687217665,101.69661582389972,98.6034649622875,100.8365707397461,2203485,0.0,0.0
2007-12-27 00:00:00+05:30,100.34618221302324,101.09306797884311,96.890910299217,99.63703155517578,2700565,0.0,0.0
2007-12-28 00:00:00+05:30,100.33863181686004,102.45102636796089,98.37712012406124,101.46273040771484,2821195,0.0,0.0
2007-12-31 00:00:00+05:30,99.58421256033766,103.19036721545625,99.43332969211669,100.26319122314453,2475815,0.0,0.0
2008-01-01 00:00:00+05:30,100.64040836688945,102.90368601992257,99.90107422348709,101.28921508789062,1696025,0.0,0.0
2008-01-02 00:00:00+05:30,101.54571649036326,108.6297742364871,101.54571649036326,107.33216094970703,6694835,0.0,0.0
2008-01-03 00:00:00+05:30,106.96250337909123,108.63732980112192,104.12586613402496,105.96666717529297,2991640,0.0,0.0
2008-01-04 00:00:00+05:30,106.82671659144269,107.80746109388491,105.01608744740271,105.5517349243164,1650965,0.0,0.0
2008-01-07 00:00:00+05:30,102.90367105417447,105.90629392555032,102.90367105417447,103.90705871582031,2348960,0.0,0.0
2008-01-08 00:00:00+05:30,105.46873666701397,105.74033043485585,101.54572452945067,102.95649719238281,2298640,0.0,0.0
2008-01-09 00:00:00+05:30,103.34126486242724,103.34126486242724,99.88599258139395,100.97991943359375,3734205,0.0,0.0
2008-01-10 00:00:00+05:30,101.8173157139957,102.60191351695165,96.26473535444805,98.16588592529297,2955285,0.0,0.0
2008-01-11 00:00:00+05:30,99.28244314437651,99.57666875557182,95.8120797457849,98.63363647460938,1855400,0.0,0.0
2008-01-14 00:00:00+05:30,99.4333303765127,101.53063334060728,98.22624439918665,100.32354736328125,2651440,0.0,0.0
2008-01-15 00:00:00+05:30,100.3386536752374,103.65812332751186,99.58422770775441,100.22549438476562,1743725,0.0,0.0
2008-01-16 00:00:00+05:30,100.22548071044244,100.29337627546214,95.51031330117709,97.38883209228516,3054080,0.0,0.0
2008-01-17 00:00:00+05:30,98.07536445708661,100.5649721648608,96.87583006997848,99.63703155517578,2054145,0.0,0.0
2008-01-18 00:00:00+05:30,98.09045936918235,99.88598519477098,94.4842987092147,96.84564971923828,5665460,0.0,0.0
2008-01-21 00:00:00+05:30,96.56651433808217,96.56651433808217,84.64658292215005,91.00639343261719,2808055,0.0,0.0
2008-01-22 00:00:00+05:30,89.02225842392237,102.60192496316475,73.48108564684088,86.00455474853516,1728905,0.0,0.0
2008-01-23 00:00:00+05:30,82.98683648166364,96.5665006332086,82.98683648166364,90.55372619628906,3031115,0.0,0.0
2008-01-24 00:00:00+05:30,91.43641928857795,95.81209193106187,88.72048712515927,93.41301727294922,3309515,0.0,0.0
2008-01-25 00:00:00+05:30,94.30322674762648,101.39482479439825,94.30322674762648,100.76866149902344,3057930,0.0,0.0
2008-01-28 00:00:00+05:30,98.85243226515833,104.11078210852634,92.7943927489039,103.27336883544922,2514945,0.0,0.0
2008-01-29 00:00:00+05:30,103.80899220194308,105.46872661992387,98.07535165441976,100.48197174072266,4016380,0.0,0.0
2008-01-30 00:00:00+05:30,100.64040315025034,101.84748910728288,98.22624274781008,101.20622253417969,3958680,0.0,0.0
2008-01-31 00:00:00+05:30,101.84750028889832,104.11077807309606,96.26474727004795,97.52464294433594,5643675,0.0,0.0
2008-02-01 00:00:00+05:30,98.07536793105257,99.94634095755896,93.85058400210826,97.90939331054688,1594430,0.0,0.0
2008-02-04 00:00:00+05:30,99.13157109359747,107.12849124163822,99.13157109359747,105.8610610961914,3727320,0.0,0.0
2008-02-05 00:00:00+05:30,106.3740379117641,107.7320066555157,103.65810042426088,104.83501434326172,2578430,0.0,0.0
2008-02-06 00:00:00+05:30,101.83995070514553,103.91462181443245,98.3846788944654,100.32354736328125,2704660,0.0,0.0
2008-02-07 00:00:00+05:30,101.39481867844648,101.96818962992695,93.85056674950415,95.18589782714844,3139435,0.0,0.0
2008-02-08 00:00:00+05:30,95.2085428360138,96.8682774536915,92.34927384348785,95.70646667480469,3542380,0.0,0.0
2008-02-11 00:00:00+05:30,95.05767529101979,96.41564438321693,89.4749217814956,91.9117202758789,2435335,0.0,0.0
2008-02-12 00:00:00+05:30,93.39791891236764,95.96296209830061,88.56959250834353,90.21424102783203,2240765,0.0,0.0
2008-02-13 00:00:00+05:30,90.16898072571247,93.08861102077618,89.93511053937593,90.88568878173828,1823505,0.0,0.0
2008-02-14 00:00:00+05:30,93.39793157228003,101.09307368476532,92.56805845230691,93.48091888427734,2261460,0.0,0.0
2008-02-15 00:00:00+05:30,92.03995635853707,94.28814798903267,90.83287611483354,93.71478271484375,1725840,0.0,0.0
2008-02-18 00:00:00+05:30,94.30324296625986,96.18930782558506,92.83211467831147,93.57899475097656,1695315,0.0,0.0
2008-02-19 00:00:00+05:30,95.04258086393817,95.2085497330789,92.94527195093775,94.02410125732422,2272560,0.0,0.0
2008-02-20 00:00:00+05:30,92.63594332302331,93.85056930379159,91.48167278677057,92.54541015625,2580465,0.0,0.0
2008-02-21 00:00:00+05:30,93.54881119681565,94.30323709356416,83.16790924592853,87.89816284179688,4859665,0.0,0.0
2008-02-22 00:00:00+05:30,86.75897649992207,88.33572383178273,85.40100760890256,87.33988189697266,2693685,0.0,0.0
2008-02-25 00:00:00+05:30,88.2678318446472,88.72048624140588,84.88046110599734,87.56621551513672,1674210,0.0,0.0
2008-02-26 00:00:00+05:30,87.51341370532091,89.16560844385926,87.51341370532091,88.37345886230469,1073040,0.0,0.0
2008-02-27 00:00:00+05:30,93.50355275901862,93.50355275901862,89.02226083770125,90.16144561767578,2956295,0.0,0.0
2008-02-28 00:00:00+05:30,89.92001666246807,90.38021687996444,86.15542762060022,86.82686614990234,4107730,0.0,0.0
2008-02-29 00:00:00+05:30,86.90985728823564,92.76420360839398,81.7797648631137,91.03656768798828,8414435,0.0,0.0
2008-03-03 00:00:00+05:30,88.87137692288478,88.87137692288478,81.47800050102234,82.25505828857422,5561185,0.0,0.0
2008-03-04 00:00:00+05:30,82.73035616553281,84.32973556784003,75.89525283676252,78.16607666015625,4905605,0.0,0.0
2008-03-05 00:00:00+05:30,79.21471335634986,80.8744479053008,75.7896193452921,78.7846908569336,5972835,0.0,0.0
2008-03-07 00:00:00+05:30,76.95143613480738,78.61117069029198,74.00917419025521,75.2313461303711,2752160,0.0,0.0
2008-03-10 00:00:00+05:30,75.23135163274316,79.35051635406427,72.87754075378274,77.11741638183594,3575240,0.0,0.0
2008-03-11 00:00:00+05:30,76.64966612351489,79.8031664443788,75.59346876974857,76.71756744384766,4980520,0.0,0.0
2008-03-12 00:00:00+05:30,78.76206088375996,79.6371918877663,73.48107986720649,74.53727722167969,4389375,0.0,0.0
2008-03-13 00:00:00+05:30,73.93373960385819,73.93373960385819,69.55806699844753,71.81380462646484,2662035,0.0,0.0
2008-03-14 00:00:00+05:30,71.82133740967289,73.63196057038152,70.01072000477662,71.1800765991211,3285370,0.0,0.0
2008-03-17 00:00:00+05:30,70.16160405793755,70.46337554913418,66.99301778990406,69.3091049194336,3320955,0.0,0.0
2008-03-18 00:00:00+05:30,69.2563122181547,70.23706260879032,68.04922595919723,69.53544616699219,4271460,0.0,0.0
2008-03-19 00:00:00+05:30,70.70480557124024,73.16423594044392,66.87986598524282,69.6335220336914,4244895,0.0,0.0
2008-03-24 00:00:00+05:30,69.85982978070345,73.76020988870104,68.95452109903009,73.13404083251953,2368730,0.0,0.0
2008-03-25 00:00:00+05:30,73.93374000450358,77.85675247792756,73.93374000450358,76.78546905517578,2798515,0.0,0.0
2008-03-26 00:00:00+05:30,76.951439611528,80.27091462828585,75.7443593570195,78.7469711303711,3540945,0.0,0.0
2008-03-27 00:00:00+05:30,77.7812984193971,80.27090584861664,77.25320266450181,78.9506607055664,2997545,0.0,0.0
2008-03-28 00:00:00+05:30,79.3656051689858,80.57269125608963,75.16345298842742,80.01441192626953,4162000,0.0,0.0
2008-03-31 00:00:00+05:30,78.61117735828529,79.21472038737137,75.4425908451156,76.98916625976562,3152280,0.0,0.0
2008-04-01 00:00:00+05:30,78.15851633477914,78.15851633477914,73.94881874130351,75.2313461303711,2367370,0.0,0.0
2008-04-02 00:00:00+05:30,84.08830666542815,84.08830666542815,75.5180283333896,76.14420318603516,1604230,0.0,0.0
2008-04-03 00:00:00+05:30,76.49878708724981,76.92126374760085,71.55729516084804,75.68400573730469,2468855,0.0,0.0
2008-04-04 00:00:00+05:30,76.95143891873126,76.95143891873126,73.48108105983336,74.14497375488281,3321220,0.0,0.0
2008-04-07 00:00:00+05:30,73.9337348288283,78.43011229710852,72.74174057978483,77.51725769042969,3074985,0.0,0.0
2008-04-08 00:00:00+05:30,77.40410271913615,78.30941732900192,75.89525079183989,77.69078826904297,2441800,0.0,0.0
2008-04-09 00:00:00+05:30,77.55497487514874,79.04873474230439,76.23472971948297,78.19623565673828,2378210,0.0,0.0
2008-04-10 00:00:00+05:30,78.15851845596015,78.76206145023207,75.46521834837964,76.52141571044922,2118865,0.0,0.0
2008-04-11 00:00:00+05:30,76.92127011377043,77.66815020179378,76.2271996126616,76.8156509399414,1233930,0.0,0.0
2008-04-15 00:00:00+05:30,76.95143923495752,78.89785937347206,75.78207682661105,78.38484954833984,1048870,0.0,0.0
2008-04-16 00:00:00+05:30,78.91294643396171,79.501397703437,78.46029205404324,78.80732727050781,1051125,0.0,0.0
2008-04-17 00:00:00+05:30,77.70586003254196,80.99515709244271,77.70586003254196,79.66736602783203,1730855,0.0,0.0
2008-04-21 00:00:00+05:30,79.21470920634566,81.62886947030945,78.61116626244866,81.37991333007812,1367095,0.0,0.0
2008-04-22 00:00:00+05:30,81.37991966757292,82.36821570325142,80.29354458628126,81.51571655273438,1285805,0.0,0.0
2008-04-23 00:00:00+05:30,79.99932040722406,82.23242030461518,79.99932040722406,81.93064880371094,2047600,0.0,0.0
2008-04-24 00:00:00+05:30,82.23243173061279,82.95667997992791,79.81827089956238,81.9683837890625,2155320,0.0,0.0
2008-04-25 00:00:00+05:30,82.23241847292051,84.7672898147526,81.55343404996326,83.99777221679688,1775815,0.0,0.0
2008-04-28 00:00:00+05:30,84.0430552523242,84.42026824200624,82.292787210432,83.51495361328125,594680,0.0,0.0
2008-04-29 00:00:00+05:30,82.99439740187081,87.51340706906834,82.3833084902805,85.25767517089844,3523815,0.0,0.0
2008-04-30 00:00:00+05:30,86.59300243231633,86.90985992362003,82.5568250860066,83.04720306396484,1887405,0.0,0.0
2008-05-02 00:00:00+05:30,85.25013239119626,85.5443580513734,81.1837769791963,81.73450469970703,3785035,0.0,0.0
2008-05-05 00:00:00+05:30,82.82086857111547,82.82086857111547,79.38068855030713,80.02949523925781,1757340,0.0,0.0
2008-05-06 00:00:00+05:30,79.96915280646981,81.24413453741437,78.7620724058367,80.91973114013672,2244530,0.0,0.0
2008-05-07 00:00:00+05:30,80.27091137067606,82.06644281665164,79.74280982363916,81.39500427246094,1280585,0.0,0.0
2008-05-08 00:00:00+05:30,79.2147268460995,81.32712186432082,78.61118376780387,80.2935562133789,2015465,0.0,0.0
2008-05-09 00:00:00+05:30,79.96915144235425,80.27092297631823,75.45768168691642,76.37808227539062,3481500,0.0,0.0
2008-05-12 00:00:00+05:30,76.34789770077178,79.21471838265981,75.14081742896046,78.0604476928711,1433345,0.0,0.0
2008-05-13 00:00:00+05:30,78.46029964038335,79.65983415094115,73.63197235750481,75.0125732421875,1653760,0.0,0.0
2008-05-14 00:00:00+05:30,75.06538082706449,77.08724257103101,74.23551344647062,76.71002960205078,2614835,0.0,0.0
2008-05-15 00:00:00+05:30,77.55499113307073,81.46291784329607,75.4425961388574,81.04798126220703,14680535,0.0,0.0
2008-05-16 00:00:00+05:30,84.48815409819395,86.72879992008095,81.4779963984349,86.28369140625,13559435,0.0,0.0
2008-05-20 00:00:00+05:30,83.19054118303836,85.99700644261009,83.19054118303836,85.46136474609375,1949690,0.0,0.0
2008-05-21 00:00:00+05:30,84.49569196162231,84.79746344121912,82.68506883985367,84.2240982055664,2359250,0.0,0.0
2008-05-22 00:00:00+05:30,83.7412753659274,83.7412753659274,80.34635879703845,81.0932388305664,3686335,0.0,0.0
2008-05-23 00:00:00+05:30,81.02535577369433,82.06646161015905,76.9816318423096,77.57762908935547,2495730,0.0,0.0
2008-05-26 00:00:00+05:30,77.2532056947958,77.2532056947958,74.83903959931989,75.56329345703125,2607415,0.0,0.0
2008-05-27 00:00:00+05:30,75.89525180636436,78.4603012682188,73.51880883794313,74.06199645996094,3708860,0.0,0.0
2008-05-28 00:00:00+05:30,74.70325296347163,78.46029662277374,73.94128691930125,76.8382797241211,2140595,0.0,0.0
2008-05-29 00:00:00+05:30,78.62664079540632,79.2769626917252,76.35826656279987,77.387939453125,3754550,2.6,0.0
2008-05-30 00:00:00+05:30,77.62020276251697,78.48729079599815,74.51570273997152,75.41376495361328,2310870,0.0,0.0
2008-06-02 00:00:00+05:30,75.87053107073628,77.24858671043542,73.5944132485041,74.27570343017578,2951695,0.0,0.0
2008-06-03 00:00:00+05:30,72.77377292486405,74.16731562010538,71.72087531214702,73.06796264648438,1434610,0.0,0.0
2008-06-04 00:00:00+05:30,73.39313684177318,74.22925666961211,71.38024024259708,72.09249877929688,2258090,0.0,0.0
2008-06-05 00:00:00+05:30,72.77378559650843,72.77378559650843,68.92606428533998,70.15702819824219,3550350,0.0,0.0
2008-06-06 00:00:00+05:30,71.68991927223269,71.68991927223269,67.58672002565157,69.49896240234375,5195225,0.0,0.0
2008-06-09 00:00:00+05:30,66.58026386210543,69.67702032080801,64.41253197837595,69.27444458007812,3595445,0.0,0.0
2008-06-10 00:00:00+05:30,68.12864734630949,69.80863643715283,67.39316999327697,69.30541229248047,2436585,0.0,0.0
2008-06-11 00:00:00+05:30,69.83185320884341,70.45120684040766,68.91057221279891,69.3441162109375,2093700,0.0,0.0
2008-06-12 00:00:00+05:30,68.43832391200444,71.651210153644,65.6899499917429,69.64605712890625,2868040,0.0,0.0
2008-06-13 00:00:00+05:30,65.1867237492567,71.68991375884059,65.1867237492567,67.56348419189453,3443840,0.0,0.0
2008-06-16 00:00:00+05:30,70.45121765136719,71.20992567112982,68.43832689978997,70.45121765136719,2286115,0.0,0.0
2008-06-17 00:00:00+05:30,70.4512157931061,73.2228144913407,69.22799546395075,72.95958709716797,4693585,0.0,0.0
2008-06-18 00:00:00+05:30,73.54796387930955,74.01247615407058,70.63701123402949,70.86927032470703,3023830,0.0,0.0
2008-06-19 00:00:00+05:30,68.2834852054026,70.37379959327912,66.81253044792024,67.36994171142578,4545225,0.0,0.0
2008-06-20 00:00:00+05:30,70.43573085359986,70.43573085359986,65.89123845623138,66.69639587402344,3282395,0.0,0.0
2008-06-23 00:00:00+05:30,65.65124826756825,66.42543748814525,63.72351285558309,65.20221710205078,2009035,0.0,0.0
2008-06-24 00:00:00+05:30,65.20220240149172,66.71961222291439,64.1338177377538,65.17123413085938,2662840,0.0,0.0
2008-06-25 00:00:00+05:30,63.173825545408306,66.50284083604734,60.92867611032108,65.44219970703125,4943420,0.0,0.0
2008-06-26 00:00:00+05:30,65.65125046955528,67.30801498463147,64.14157789483768,65.72866821289062,4317925,0.0,0.0
2008-06-27 00:00:00+05:30,64.63705011189197,64.63705011189197,61.31577796849748,62.2525520324707,3076530,0.0,0.0
2008-06-30 00:00:00+05:30,61.93513941657873,62.6938474733337,56.82549159603002,57.79322814941406,4009930,0.0,0.0
2008-07-01 00:00:00+05:30,58.8383723972899,58.8383723972899,53.41904862385531,54.33259201049805,2757960,0.0,0.0
2008-07-02 00:00:00+05:30,54.33259781591501,62.55448917420558,51.11196793698563,59.91450119018555,4367680,0.0,0.0
2008-07-03 00:00:00+05:30,57.61516738823513,61.687404837817,55.880984976978034,59.51967239379883,5356900,0.0,0.0
2008-07-04 00:00:00+05:30,60.35578751202878,60.78933156090847,57.69257485383715,60.146759033203125,3013485,0.0,0.0
2008-07-07 00:00:00+05:30,61.7648076390215,62.709319319506186,58.91579141392091,59.79836654663086,1914250,0.0,0.0
2008-07-08 00:00:00+05:30,57.59967519347117,61.12997590410571,56.9958085883989,58.00999450683594,3891260,0.0,0.0
2008-07-09 00:00:00+05:30,59.302886955760975,61.5790049179732,58.993210118373796,59.90675354003906,2234755,0.0,0.0
2008-07-10 00:00:00+05:30,58.993212559741906,61.60997574203129,58.83063354236923,61.34674835205078,2895005,0.0,0.0
2008-07-11 00:00:00+05:30,61.78030088546575,63.69254325915643,60.55708052469917,61.277076721191406,3716405,0.0,0.0
2008-07-14 00:00:00+05:30,61.277066788369275,63.3286690291787,59.937717082706136,62.732540130615234,1963625,0.0,0.0
2008-07-15 00:00:00+05:30,59.61256959992179,61.93513724667199,59.61256959992179,60.90546417236328,3203640,0.0,0.0
2008-07-16 00:00:00+05:30,61.16095020019862,62.38417062178544,59.81386257115482,60.69643783569336,2269575,0.0,0.0
2008-07-17 00:00:00+05:30,61.64866818899691,64.25768725575477,61.315766681408185,63.80091857910156,2706810,0.0,0.0
2008-07-18 00:00:00+05:30,65.01641974810644,68.90284741937593,63.32868684471633,68.29898071289062,2545025,0.0,0.0
2008-07-21 00:00:00+05:30,68.1286483593855,71.99959428889603,68.1286483593855,71.14798736572266,3930905,0.0,0.0
2008-07-22 00:00:00+05:30,71.99959082168328,74.15183570979246,71.53507851383003,72.79700469970703,3739650,0.0,0.0
2008-07-23 00:00:00+05:30,75.87053973338875,79.37761577805044,74.32216137148285,78.78923034667969,5297945,0.0,0.0
2008-07-24 00:00:00+05:30,79.27697118888103,80.20599581851934,73.64861268631527,74.63957977294922,4075775,0.0,0.0
2008-07-25 00:00:00+05:30,73.09120440551932,76.6447299593796,71.53508247673992,75.7002182006836,3193645,0.0,0.0
2008-07-28 00:00:00+05:30,76.18020939286554,77.26407532516166,74.0124775282733,76.03311157226562,3179350,0.0,0.0
2008-07-29 00:00:00+05:30,74.32216043246454,76.16472853347867,69.1505765327751,69.99444580078125,5245195,0.0,0.0
2008-07-30 00:00:00+05:30,73.52474901627215,73.78023286897655,71.07057067829255,71.99185180664062,6625180,0.0,0.0
2008-07-31 00:00:00+05:30,72.77379001051733,73.39314377750027,69.05767922181025,69.947998046875,4041720,0.0,0.0
2008-08-01 00:00:00+05:30,65.89123316236234,75.7156944912458,65.89123316236234,74.89505004882812,4297120,0.0,0.0
2008-08-04 00:00:00+05:30,75.6847411967082,77.41117988145132,73.6253949983673,76.14151000976562,3028225,0.0,0.0
2008-08-05 00:00:00+05:30,76.14151373997598,79.27698265504164,75.57635887896025,79.04472351074219,5535910,0.0,0.0
2008-08-06 00:00:00+05:30,79.74149749329774,84.06147518284769,76.02538650961263,76.79957580566406,8062525,0.0,0.0
2008-08-07 00:00:00+05:30,77.1092286926113,79.71050438980149,76.8305201602985,77.76728820800781,3260360,0.0,0.0
2008-08-08 00:00:00+05:30,78.47182110841783,78.47182110841783,74.63184322255637,77.39569854736328,3887090,0.0,0.0
2008-08-11 00:00:00+05:30,78.96729723828615,81.95566797885084,78.03827257459128,80.02019500732422,4487585,0.0,0.0
2008-08-12 00:00:00+05:30,80.82535592710505,80.82535592710505,76.36602435624955,77.10924530029297,3388395,0.0,0.0
2008-08-13 00:00:00+05:30,75.8705583696341,78.14667701083388,75.28217279373695,77.44990539550781,4001800,0.0,0.0
2008-08-14 00:00:00+05:30,77.57375186523642,77.57375186523642,71.05508052235304,72.13894653320312,3528510,0.0,0.0
2008-08-18 00:00:00+05:30,72.13893416539787,73.3776354340321,70.16474977314796,72.63441467285156,3525015,0.0,0.0
2008-08-19 00:00:00+05:30,71.47314939631777,72.43314238658294,70.3041220064963,70.97766876220703,5161130,0.0,0.0
2008-08-20 00:00:00+05:30,71.84477453380846,72.58799560609802,71.02412980071281,72.02283477783203,2178190,0.0,0.0
2008-08-21 00:00:00+05:30,72.15442605316561,72.27829915170571,68.60864425307459,69.1196060180664,2391665,0.0,0.0
2008-08-22 00:00:00+05:30,69.21251028267264,69.67702258525546,67.69510027738507,68.84864044189453,2581630,0.0,0.0
2008-08-25 00:00:00+05:30,70.14153176673952,71.99958680098705,69.21250720291283,69.90153503417969,1972655,0.0,0.0
2008-08-26 00:00:00+05:30,68.7480089448345,71.20993103843372,68.29897775453007,70.87702941894531,2032215,0.0,0.0
2008-08-27 00:00:00+05:30,71.6125033780278,71.91443670352646,70.60605502196884,71.31831359863281,3613260,0.0,0.0
2008-08-28 00:00:00+05:30,71.31830046344567,71.51958537230938,68.77121767118754,69.6383056640625,2629040,0.0,0.0
2008-08-29 00:00:00+05:30,71.39573667692086,74.94152501330603,71.39573667692086,74.43055725097656,3913270,0.0,0.0
2008-09-01 00:00:00+05:30,73.71829884333198,75.71570845853665,73.091207462096,75.29764556884766,2641125,0.0,0.0
2008-09-02 00:00:00+05:30,75.63829208067253,80.97245587338962,75.63829208067253,79.88859558105469,6787435,0.0,0.0
2008-09-04 00:00:00+05:30,78.96729304368152,81.11953792864047,77.76729750243877,80.48470306396484,4037940,0.0,0.0
2008-09-05 00:00:00+05:30,79.0137448344523,79.55568079764474,77.43439821817408,77.94536590576172,4796515,0.0,0.0
2008-09-08 00:00:00+05:30,80.53116046887251,81.522127636976,79.89632554155648,80.1440658569336,2057180,0.0,0.0
2008-09-09 00:00:00+05:30,79.74148515721396,79.74148515721396,76.80730747030765,77.31053161621094,3523585,0.0,0.0
2008-09-10 00:00:00+05:30,76.33505160024706,78.78149223246876,75.17376783582161,77.31053161621094,9237360,0.0,0.0
2008-09-11 00:00:00+05:30,76.79956139406083,78.64987299188115,75.18150890411025,77.72859191894531,3867405,0.0,0.0
2008-09-12 00:00:00+05:30,78.20859266737348,79.89632540888852,77.62021311095174,78.97504425048828,4954040,0.0,0.0
2008-09-15 00:00:00+05:30,80.03567503210519,80.03567503210519,72.50281764380283,75.15054321289062,5106895,0.0,0.0
2008-09-16 00:00:00+05:30,74.32216194450336,78.50278473520062,73.23829590149373,78.1543960571289,6376135,0.0,0.0
2008-09-17 00:00:00+05:30,78.85116645945332,79.71051691805117,75.59957428020368,76.7066650390625,6235405,0.0,0.0
2008-09-18 00:00:00+05:30,76.64473616049666,80.36084694303763,73.54797914391094,80.04342651367188,5004080,0.0,0.0
2008-09-19 00:00:00+05:30,80.51568032480982,82.06405879259462,79.97375022372319,81.08084106445312,5120120,0.0,0.0
2008-09-22 00:00:00+05:30,81.59953850692483,82.06405082081811,78.96729418607025,79.8653564453125,3586575,0.0,0.0
2008-09-23 00:00:00+05:30,78.8124766443865,79.89633698781753,76.83054793083573,77.27957916259766,4205035,0.0,0.0
2008-09-24 00:00:00+05:30,78.19310051664128,78.4253596134868,76.5053680118005,77.25633239746094,4133755,0.0,0.0
2008-09-25 00:00:00+05:30,77.41891770017924,77.64343327030112,75.25118564193635,76.10279846191406,4953890,0.0,0.0
2008-09-26 00:00:00+05:30,76.33504769201735,76.78407880885493,72.80474711901992,73.16087341308594,4166490,0.0,0.0
2008-09-29 00:00:00+05:30,72.61894655465868,74.16732489563994,69.85509145227093,71.20217895507812,2731675,0.0,0.0
2008-09-30 00:00:00+05:30,68.5931613260733,74.26796952897416,68.5931613260733,73.54022979736328,4337965,0.0,0.0
2008-10-01 00:00:00+05:30,75.71570802875883,77.6511810774838,72.50282158655638,76.49763488769531,4756445,0.0,0.0
2008-10-03 00:00:00+05:30,74.35312982301716,77.41891827803602,72.77378318135386,75.72344207763672,2702925,0.0,0.0
2008-10-06 00:00:00+05:30,75.11183195031093,76.29634636207,73.75700087979844,75.46796417236328,3553435,0.0,0.0
2008-10-07 00:00:00+05:30,76.83053390661985,78.6576208757486,73.54797338013206,76.91569519042969,4773030,0.0,0.0
2008-10-08 00:00:00+05:30,74.6318281031824,76.48988306678825,72.66538714147066,75.83181762695312,4006820,0.0,0.0
2008-10-10 00:00:00+05:30,73.70280344044053,77.72084694943705,70.64475871355981,71.30281829833984,12098765,0.0,0.0
2008-10-13 00:00:00+05:30,73.3931357396499,77.57375253584958,73.3931357396499,77.34149932861328,5982870,0.0,0.0
2008-10-14 00:00:00+05:30,79.01372848885576,80.51565705871475,75.18923879505033,76.1182632446289,6280555,0.0,0.0
2008-10-15 00:00:00+05:30,74.47698868747484,77.39568488767193,74.47698868747484,75.49118041992188,7388375,0.0,0.0
2008-10-16 00:00:00+05:30,74.94152997043031,78.95183096091276,71.2718682707708,77.27957916259766,6726655,0.0,0.0
2008-10-17 00:00:00+05:30,77.41892196280156,79.5092304931592,75.88602470903629,76.5440902709961,6000000,0.0,0.0
2008-10-20 00:00:00+05:30,77.10923035554646,79.32341157300804,74.82537495680094,77.41890716552734,3513150,0.0,0.0
2008-10-21 00:00:00+05:30,78.19310907611501,78.81246279777167,76.68344250114478,77.53504943847656,2272280,0.0,0.0
2008-10-22 00:00:00+05:30,77.4189151619895,77.4189151619895,72.77378025227014,73.10668182373047,2898795,0.0,0.0
2008-10-23 00:00:00+05:30,70.60605178342502,76.4589260778068,70.60605178342502,73.57894134521484,5725305,0.0,0.0
2008-10-24 00:00:00+05:30,70.48992661552899,73.8421612480439,62.87190207624202,65.0241470336914,3948105,0.0,0.0
2008-10-27 00:00:00+05:30,65.03963491604216,65.03963491604216,57.77773659946402,61.323524475097656,2621000,0.0,0.0
2008-10-29 00:00:00+05:30,66.88992903961042,66.88992903961042,60.47190168793453,62.12092208862305,5471465,0.0,0.0
2008-10-31 00:00:00+05:30,64.25769889697489,66.58026632698602,62.24480830561745,65.14027404785156,4280570,0.0,0.0
2008-11-03 00:00:00+05:30,68.50026430265218,71.07057225870813,68.30671699901364,70.07960510253906,4435885,0.0,0.0
2008-11-04 00:00:00+05:30,69.21251390679984,75.71570420326465,69.21251390679984,75.15828704833984,3863815,0.0,0.0
2008-11-05 00:00:00+05:30,76.64473046814895,79.27697491807102,74.64732092321444,76.62150573730469,5997485,0.0,0.0
2008-11-06 00:00:00+05:30,74.63184929069268,77.1092526744237,71.55831684154805,72.85121154785156,5329485,0.0,0.0
2008-11-07 00:00:00+05:30,73.16088338937148,77.26408873575207,72.02282425825936,76.76860809326172,3477320,0.0,0.0
2008-11-10 00:00:00+05:30,76.18794773369366,78.95954006143613,75.09633833103628,77.76728820800781,3660165,0.0,0.0
2008-11-11 00:00:00+05:30,76.95439964732579,78.19310105700907,74.56215219702393,75.41376495361328,3576595,0.0,0.0
2008-11-12 00:00:00+05:30,70.47443008015172,76.16471856196894,70.47443008015172,71.89894104003906,2706725,0.0,0.0
2008-11-14 00:00:00+05:30,73.5479748228358,75.09635324015866,71.84476092641862,72.88217163085938,2321720,0.0,0.0
2008-11-17 00:00:00+05:30,71.3802438174926,73.74152330431062,68.63187562674825,72.51830291748047,3763610,0.0,0.0
2008-11-18 00:00:00+05:30,71.31056358725642,72.29378121586224,69.09638212994845,70.04863739013672,3711370,0.0,0.0
2008-11-19 00:00:00+05:30,70.0486319600117,71.96861760916644,68.30670649512999,69.01895904541016,8217025,0.0,0.0
2008-11-20 00:00:00+05:30,68.12863282829146,68.12863282829146,64.25768778122944,67.12218475341797,4204645,0.0,0.0
2008-11-21 00:00:00+05:30,64.34285908899906,71.22539998454313,64.34285908899906,69.77766418457031,3669590,0.0,0.0
2008-11-24 00:00:00+05:30,70.97766766471118,71.34928108784567,66.61898449852255,67.96607208251953,4455260,0.0,0.0
2008-11-25 00:00:00+05:30,68.9028389292019,70.45121733210532,67.05252721025991,67.36994171142578,3657590,0.0,0.0
2008-11-26 00:00:00+05:30,66.58801254312014,69.52219022284915,64.96221645822033,69.30541229248047,5305110,0.0,0.0
2008-11-27 00:00:00+05:30,69.30541229248047,69.30541229248047,69.30541229248047,69.30541229248047,0,0.0,0.0
2008-11-28 00:00:00+05:30,63.723510914134025,71.99959532006714,63.723510914134025,68.96477508544922,5015445,0.0,0.0
2008-12-01 00:00:00+05:30,69.65380707361268,70.90025222622229,63.70028991031553,64.2035140991211,5337905,0.0,0.0
2008-12-02 00:00:00+05:30,60.55708166944513,64.08738261880313,60.55708166944513,63.68480682373047,8475275,0.0,0.0
2008-12-03 00:00:00+05:30,63.95576044974484,67.35445004258452,63.49898582055593,66.61897277832031,5260470,0.0,0.0
2008-12-04 00:00:00+05:30,63.83964040448988,70.28863782587608,63.83964040448988,69.87057495117188,4060915,0.0,0.0
2008-12-05 00:00:00+05:30,68.12863091194703,71.76731679119781,68.12863091194703,69.05765533447266,4801220,0.0,0.0
2008-12-08 00:00:00+05:30,70.91572719222681,72.44862435640815,69.0731590835677,69.65380096435547,4681840,0.0,0.0
2008-12-10 00:00:00+05:30,69.22800101297865,71.22541068677766,68.22155853636174,69.71574401855469,4111930,0.0,0.0
2008-12-11 00:00:00+05:30,68.13639057843237,71.33378972757859,68.13639057843237,70.59831237792969,2814810,0.0,0.0
2008-12-12 00:00:00+05:30,69.08864795800888,73.47056200791133,68.43833181430912,72.3866958618164,2718950,0.0,0.0
2008-12-15 00:00:00+05:30,74.63183569358378,75.56086031657583,72.61894507270466,73.11442565917969,3025755,0.0,0.0
2008-12-16 00:00:00+05:30,72.9441102298418,74.94151986176074,72.33250002906375,74.6163558959961,2559360,0.0,0.0
2008-12-17 00:00:00+05:30,69.67702362485784,75.87053683595632,69.67702362485784,74.66280364990234,3713410,0.0,0.0
2008-12-18 00:00:00+05:30,72.92861139379794,78.63438722914137,72.92861139379794,77.8834228515625,4995960,0.0,0.0
2008-12-19 00:00:00+05:30,76.2111898393968,81.52986607961068,76.2111898393968,80.77116394042969,4455505,0.0,0.0
2008-12-22 00:00:00+05:30,79.75696474357093,83.45759389358851,79.75696474357093,81.33631134033203,4666005,0.0,0.0
2008-12-23 00:00:00+05:30,81.37500411775001,81.37500411775001,77.18663890297674,78.0692138671875,3116020,0.0,0.0
2008-12-24 00:00:00+05:30,74.5621653938137,79.16859501335334,74.5621653938137,78.4873046875,3391575,0.0,0.0
2008-12-26 00:00:00+05:30,77.57376332397023,80.17503977161766,76.76861167233238,77.19441223144531,2527345,0.0,0.0
2008-12-29 00:00:00+05:30,74.80990053386807,79.5634217661308,74.80990053386807,79.31568145751953,3438350,0.0,0.0
2008-12-30 00:00:00+05:30,78.3479565768256,82.76083923100977,78.3479565768256,82.23439025878906,3482905,0.0,0.0
2008-12-31 00:00:00+05:30,82.30405747590956,83.30276231960988,80.60858703080478,81.55309295654297,3330345,0.0,0.0
2009-01-02 00:00:00+05:30,80.69374350758895,83.71307668448976,80.69374350758895,82.39695739746094,2973855,0.0,0.0
2009-01-05 00:00:00+05:30,84.80468828239057,84.80468828239057,82.55953835209003,82.96212005615234,3037185,0.0,0.0
2009-01-06 00:00:00+05:30,79.7801906854998,82.96210842155925,79.7801906854998,82.13372039794922,4110100,0.0,0.0
2009-01-07 00:00:00+05:30,79.9118129019706,82.83824723299698,74.4770012244116,75.6073226928711,6538860,0.0,0.0
2009-01-09 00:00:00+05:30,70.56734309877518,76.18021450745931,70.56734309877518,75.19699096679688,3834090,0.0,0.0
2009-01-12 00:00:00+05:30,73.70282305162574,75.25120173679936,72.03832069034085,73.30024719238281,3369980,0.0,0.0
2009-01-13 00:00:00+05:30,71.62024587037541,74.58538607219998,71.62024587037541,73.15313720703125,3071710,0.0,0.0
2009-01-14 00:00:00+05:30,74.16731966467134,74.94150878055895,72.17765387310394,73.84989929199219,2421175,0.0,0.0
2009-01-15 00:00:00+05:30,61.93512633708862,73.2382857122885,61.93512633708862,68.72476196289062,8321510,0.0,0.0
2009-01-16 00:00:00+05:30,69.52219185474709,76.27311665235214,68.90283813805921,70.51315307617188,2346000,0.0,0.0
2009-01-19 00:00:00+05:30,68.90283508838964,71.45766167340594,68.90283508838964,70.6137924194336,1502330,0.0,0.0
2009-01-20 00:00:00+05:30,69.67702979082577,70.29638352938223,67.50929761247319,68.22929382324219,3494310,0.0,0.0
2009-01-21 00:00:00+05:30,65.55059887771552,68.45380841010441,65.55059887771552,66.735107421875,5452225,0.0,0.0
2009-01-22 00:00:00+05:30,67.72608156853998,68.11317621285662,65.80608953382746,66.15447235107422,4261210,0.0,0.0
2009-01-23 00:00:00+05:30,63.82414801196735,66.42542372672484,61.95060599730233,62.957054138183594,5403815,0.0,0.0
2009-01-27 00:00:00+05:30,62.120944034572005,64.87706179296568,59.89902465769225,60.97514724731445,15673100,0.0,0.0
2009-01-28 00:00:00+05:30,58.84611996867516,62.32222765877791,58.84611996867516,61.2461051940918,8385360,0.0,0.0
2009-01-29 00:00:00+05:30,62.678356193502296,63.01900132764683,59.96095047929199,60.386756896972656,14428745,0.0,0.0
2009-01-30 00:00:00+05:30,58.10289204809072,62.63964046940911,58.10289204809072,62.02803039550781,14851485,0.0,0.0
2009-02-02 00:00:00+05:30,62.70933616660678,63.096430834301884,60.10805952716802,60.557090759277344,11013730,0.0,0.0
2009-02-03 00:00:00+05:30,61.191919485617795,62.42287756714177,60.85127432296425,61.58675765991211,5056330,0.0,0.0
2009-02-04 00:00:00+05:30,62.24482010046637,62.70933249317075,61.648691039442724,62.08224105834961,3139425,0.0,0.0
2009-02-05 00:00:00+05:30,61.93513293303617,62.36867697345717,60.58804544558911,61.41642761230469,2771750,0.0,0.0
2009-02-06 00:00:00+05:30,61.93514183824366,62.39191067413491,61.64095204088635,61.83449935913086,2190200,0.0,0.0
2009-02-09 00:00:00+05:30,62.043509654162875,62.941571782401965,61.935123660284866,62.67060089111328,4639825,0.0,0.0
2009-02-10 00:00:00+05:30,63.01899689997651,64.71446709263067,62.41513031848918,63.31318664550781,6243100,0.0,0.0
2009-02-11 00:00:00+05:30,62.70932261301779,63.452543505565906,62.10545600698461,62.94158172607422,3492650,0.0,0.0
2009-02-12 00:00:00+05:30,62.70932560567621,63.48351481068456,62.08997187903158,62.31448745727539,2801365,0.0,0.0
2009-02-13 00:00:00+05:30,60.38675764547788,63.870609048101606,60.38675764547788,63.25899887084961,2707125,0.0,0.0
2009-02-16 00:00:00+05:30,61.93512645392373,63.553178797367394,59.628040394613734,60.58029556274414,5079655,0.0,0.0
2009-02-17 00:00:00+05:30,58.838378893179694,60.386757285105475,56.90290590327247,57.1506462097168,5785970,0.0,0.0
2009-02-18 00:00:00+05:30,56.360975465409815,57.75451246520281,55.32355887807786,56.40742492675781,8245055,0.0,0.0
2009-02-19 00:00:00+05:30,54.19325513068137,58.21903743489356,54.19325513068137,58.033233642578125,4241145,0.0,0.0
2009-02-20 00:00:00+05:30,54.1932454243618,57.42935660168035,54.1932454243618,56.15194320678711,8680745,0.0,0.0
2009-02-24 00:00:00+05:30,54.50291538777814,55.431939971841445,52.37389530158832,53.6590461730957,8273760,0.0,0.0
2009-02-25 00:00:00+05:30,54.19324347154888,55.10678695490449,52.3739000506087,52.861637115478516,4704870,0.0,0.0
2009-02-26 00:00:00+05:30,51.870672871688264,53.17905442080077,49.85778226992671,50.198421478271484,13282990,0.0,0.0
2009-02-27 00:00:00+05:30,46.451350573521005,52.87712309882928,46.451350573521005,52.273250579833984,16823045,0.0,0.0
2009-03-02 00:00:00+05:30,52.33518622154678,52.33518622154678,49.702941886829294,50.35326385498047,5245335,0.0,0.0
2009-03-03 00:00:00+05:30,47.99973180486533,50.786811825119145,47.782959767575974,48.36360168457031,6992090,0.0,0.0
2009-03-04 00:00:00+05:30,47.39586610482192,49.36230452522605,47.10941396033082,47.38812255859375,10790370,0.0,0.0
2009-03-05 00:00:00+05:30,47.99973771915325,48.75844289644735,44.53136992868115,45.22039794921875,13872075,0.0,0.0
2009-03-06 00:00:00+05:30,45.4758705197519,48.75843075719044,44.28361855799389,48.13908004760742,18669860,0.0,0.0
2009-03-09 00:00:00+05:30,46.93134294783763,48.58810716811755,46.002315426631974,47.10166549682617,11411465,0.0,0.0
2009-03-12 00:00:00+05:30,46.45134940618965,49.64101085845537,46.45134940618965,48.982948303222656,7199595,0.0,0.0
2009-03-13 00:00:00+05:30,51.096494096263754,52.621647971162076,49.2384385841714,52.0797119140625,12758290,0.0,0.0
2009-03-16 00:00:00+05:30,53.26422007877656,54.100339937634025,52.195835187389065,52.97776794433594,10979050,0.0,0.0
2009-03-17 00:00:00+05:30,53.79841087242437,54.015182923589514,50.6629478639079,50.81778335571289,11240870,0.0,0.0
2009-03-18 00:00:00+05:30,51.40615308479218,54.00742871388098,51.25131173389786,52.660335540771484,14416465,0.0,0.0
2009-03-19 00:00:00+05:30,52.95454094390259,53.49647100573561,51.29003303028022,53.05518341064453,9113935,0.0,0.0
2009-03-20 00:00:00+05:30,52.64486026864141,53.852593408223605,51.127450299101284,51.49905776977539,3791230,0.0,0.0
2009-03-23 00:00:00+05:30,52.490035224639286,56.67065258571702,52.05648521401398,55.981624603271484,12573420,0.0,0.0
2009-03-24 00:00:00+05:30,56.51580780870327,59.14805209344122,55.62548910711029,56.80999755859375,15485140,0.0,0.0
2009-03-25 00:00:00+05:30,56.87193014984712,62.94157571966596,56.515803875314504,61.64093780517578,14265445,0.0,0.0
2009-03-26 00:00:00+05:30,63.080943742272595,66.42544112185759,60.88998671060357,64.15706634521484,30902915,0.0,0.0
2009-03-27 00:00:00+05:30,62.94931575235903,69.6537963981722,62.94931575235903,67.95057678222656,15427820,0.0,0.0
2009-03-30 00:00:00+05:30,67.92735913694808,67.92735913694808,60.38675794030069,61.230621337890625,14521590,0.0,0.0
2009-03-31 00:00:00+05:30,61.950610470087135,64.84608201698664,59.17901792352039,63.70802307128906,19676615,0.0,0.0
2009-04-01 00:00:00+05:30,63.831889375550865,65.01640366831406,60.74287649895002,62.82544708251953,20579895,0.0,0.0
2009-04-02 00:00:00+05:30,64.25770489265966,68.39187246866037,64.25770489265966,66.40220642089844,10343685,0.0,0.0
2009-04-06 00:00:00+05:30,68.97251714401932,70.52863918352276,67.19962896711961,69.71574401855469,16849810,0.0,0.0
2009-04-08 00:00:00+05:30,68.87186627978024,70.29637739144061,65.38801509443208,69.39057159423828,12281700,0.0,0.0
2009-04-09 00:00:00+05:30,70.60604660948341,72.58023126246007,68.74799741443991,70.38927459716797,9178615,0.0,0.0
2009-04-13 00:00:00+05:30,70.49764837456851,72.43312087250061,69.220241251208,69.98668670654297,7841755,0.0,0.0
2009-04-15 00:00:00+05:30,68.74800904072721,73.78797689917631,67.3776907350584,73.56346130371094,8488665,0.0,0.0
2009-04-16 00:00:00+05:30,74.15184099353158,78.88988104707374,73.54797435963398,75.08087158203125,16056845,0.0,0.0
2009-04-17 00:00:00+05:30,75.25116832684206,78.34792432229389,75.25116832684206,76.1801986694336,7766545,0.0,0.0
2009-04-20 00:00:00+05:30,78.3402144884026,79.40085001305019,73.8886261650487,75.1041030883789,8955855,0.0,0.0
2009-04-21 00:00:00+05:30,72.92861774405573,76.78408242503097,70.79185987902812,72.11572265625,13645515,0.0,0.0
2009-04-22 00:00:00+05:30,74.01247714205908,75.53763062160216,71.689909830656,73.00603485107422,9092150,0.0,0.0
2009-04-23 00:00:00+05:30,73.0060390160208,78.96729309273665,71.31830643718675,76.46665954589844,7432540,0.0,0.0
2009-04-24 00:00:00+05:30,76.7995667594247,80.77116116057468,76.7995667594247,80.27568054199219,8161570,0.0,0.0
2009-04-27 00:00:00+05:30,77.61245660749846,84.34016171874731,77.61245660749846,81.00340270996094,9083330,0.0,0.0
2009-04-28 00:00:00+05:30,78.36341898180756,82.0408170817342,72.07700157724338,73.06796264648438,10566540,0.0,0.0
2009-04-29 00:00:00+05:30,74.94151337225783,75.54537997459425,72.61894588229026,73.99700164794922,8006870,0.0,0.0
2009-04-30 00:00:00+05:30,73.85765075683594,73.85765075683594,73.85765075683594,73.85765075683594,0,0.0,0.0
2009-05-04 00:00:00+05:30,76.55181666482567,78.42535879011051,75.18150454628753,77.92987823486328,13046100,0.0,0.0
2009-05-05 00:00:00+05:30,78.95181159980062,80.51567107367624,76.24214959251344,78.0150375366211,9909085,0.0,0.0
2009-05-06 00:00:00+05:30,78.34793911790192,80.48470281212671,77.98407518126086,78.3634262084961,8660345,0.0,0.0
2009-05-07 00:00:00+05:30,78.96729632133048,82.06405303981403,78.71181247447286,81.25115203857422,5768500,0.0,0.0
2009-05-08 00:00:00+05:30,80.54664348950114,82.37373043802329,79.29245488384262,81.8705062866211,5908240,0.0,0.0
2009-05-11 00:00:00+05:30,81.47567077649657,82.791795976968,79.27697625607324,80.84857940673828,6045505,0.0,0.0
2009-05-12 00:00:00+05:30,80.84857766550172,85.70274130696505,79.75696806814886,85.1762924194336,11545920,0.0,0.0
2009-05-13 00:00:00+05:30,85.20725173671616,88.95433010847077,84.44080617004138,87.1349868774414,11483760,0.0,0.0
2009-05-14 00:00:00+05:30,85.93501451857874,88.49757927762572,83.69760785634341,87.05758666992188,12515130,0.0,0.0
2009-05-15 00:00:00+05:30,87.48337548582221,91.1994858336985,86.9569266183163,88.9930419921875,12327880,0.0,0.0
2009-05-18 00:00:00+05:30,95.99945854788528,105.28972872993869,95.99945854788528,101.84458923339844,165340,0.0,0.0
2009-05-19 00:00:00+05:30,108.38650152764953,112.25744801077987,102.96717645126705,106.74522399902344,15620715,0.0,0.0
2009-05-20 00:00:00+05:30,106.68327489421344,109.70260807077457,103.1452245542938,104.77102661132812,9329020,0.0,0.0
2009-05-21 00:00:00+05:30,106.68327441743497,107.92197005294403,102.67296820749468,103.54780578613281,9472975,0.0,0.0
2009-05-22 00:00:00+05:30,103.74135289299174,105.75424954007194,99.96330581338447,102.68071746826172,5685075,0.0,0.0
2009-05-25 00:00:00+05:30,103.97361465791958,103.97361465791958,98.75557505989794,99.53751373291016,6753655,0.0,0.0
2009-05-26 00:00:00+05:30,99.56073707788107,103.58651860508405,98.32202961726945,98.89492797851562,3398040,0.0,0.0
2009-05-27 00:00:00+05:30,102.34780435736782,103.12199351561294,100.64459057186636,101.99168395996094,3725615,0.0,0.0
2009-05-28 00:00:00+05:30,96.88204538928673,103.57104025195228,96.88204538928673,102.8587875366211,2985850,0.0,0.0
2009-05-29 00:00:00+05:30,103.75683310782506,104.67037063376476,102.50263865285828,103.86521911621094,3450105,0.0,0.0
2009-06-01 00:00:00+05:30,105.97101833103437,105.97101833103437,101.96846170341175,102.73490142822266,2611595,0.0,0.0
2009-06-02 00:00:00+05:30,104.36070827584986,104.42264483047313,98.05880855450843,100.07169342041016,5840890,0.0,0.0
2009-06-03 00:00:00+05:30,100.66008268961464,102.88200190451866,99.25105268091184,101.75942993164062,5249415,0.0,0.0
2009-06-04 00:00:00+05:30,103.77160979613215,106.19901038688462,99.54759722162939,105.66402435302734,4490620,4.0,0.0
2009-06-05 00:00:00+05:30,106.35871851174333,106.99751206534609,103.53207318081617,104.4822769165039,2376865,0.0,0.0
2009-06-08 00:00:00+05:30,103.80355413161999,105.37657819587086,95.07607045210509,96.84871673583984,5741425,0.0,0.0
2009-06-09 00:00:00+05:30,95.98634651501679,99.79514184370495,94.23765393694069,97.55138397216797,3874445,0.0,0.0
2009-06-10 00:00:00+05:30,97.7350393062648,101.96702667938733,97.7350393062648,101.00884246826172,2678220,0.0,0.0
2009-06-11 00:00:00+05:30,101.88717484832945,101.88717484832945,96.77684504978286,97.83883666992188,3247850,0.0,0.0
2009-06-12 00:00:00+05:30,98.05443982715839,100.92899866255017,94.25363093916972,94.7007827758789,3527545,0.0,0.0
2009-06-15 00:00:00+05:30,93.10378947014759,98.67724377159942,93.10378947014759,97.63920593261719,4180885,0.0,0.0
2009-06-16 00:00:00+05:30,96.61714516119085,101.38412428972936,95.5311999017723,100.74533081054688,3864975,0.0,0.0
2009-06-17 00:00:00+05:30,101.38412553939499,103.3244475062585,96.61714635209844,98.19017028808594,4145620,0.0,0.0
2009-06-18 00:00:00+05:30,98.80501083972716,102.20657512382314,97.7350386805532,98.56546783447266,5005095,0.0,0.0
2009-06-19 00:00:00+05:30,102.15867529395652,103.14081326288586,99.65940105298421,102.53396606445312,3223610,0.0,0.0
2009-06-22 00:00:00+05:30,103.30050571514127,105.36860123839406,103.00506871923676,103.59595489501953,3680910,0.0,0.0
2009-06-23 00:00:00+05:30,101.4080918812697,103.32446039756242,99.06053252922811,99.83506774902344,3674340,0.0,0.0
2009-06-24 00:00:00+05:30,100.2901936027276,100.897046805809,99.02857981726414,99.6034927368164,2213835,0.0,0.0
2009-06-25 00:00:00+05:30,102.20657891946774,103.43624646114418,99.97080756880966,100.8411636352539,2695135,0.0,0.0
2009-06-26 00:00:00+05:30,101.1126469262148,106.51841408336092,99.12441127662773,104.63397979736328,4335975,0.0,0.0
2009-06-29 00:00:00+05:30,104.68986497066076,110.17547901855417,104.60203071705094,108.60245513916016,6606820,0.0,0.0
2009-06-30 00:00:00+05:30,109.07359189343167,110.83026508946008,107.55645562742718,108.23517608642578,6952980,0.0,0.0
2009-07-01 00:00:00+05:30,104.16285741873467,110.35114537488914,104.16285741873467,109.21729278564453,3052875,0.0,0.0
2009-07-02 00:00:00+05:30,104.05108748976538,110.03177378758843,104.05108748976538,106.63020324707031,3508025,0.0,0.0
2009-07-03 00:00:00+05:30,103.82748894952668,111.72454202942752,103.82748894952668,110.902099609375,3293925,0.0,0.0
2009-07-06 00:00:00+05:30,107.00549094209642,113.70481219046363,100.76929470845454,102.42217254638672,5409510,0.0,0.0
2009-07-07 00:00:00+05:30,100.62555903707612,104.57808237566633,97.43160373736019,99.68334197998047,3843190,0.0,0.0
2009-07-08 00:00:00+05:30,98.23010518944638,102.73358834558115,95.67494305801046,99.40388488769531,6309020,0.0,0.0
2009-07-09 00:00:00+05:30,96.62513682076171,101.56777862781745,96.62513682076171,99.05254364013672,2664925,0.0,0.0
2009-07-10 00:00:00+05:30,99.0126173635679,101.07272005788663,97.09624290587574,98.35785675048828,2720090,0.0,0.0
2009-07-13 00:00:00+05:30,95.81865584444976,99.15633926671087,95.81865584444976,98.11830139160156,2227180,0.0,0.0
2009-07-14 00:00:00+05:30,100.529745437915,103.8035484395338,99.01261543463224,102.6856689453125,2636940,0.0,0.0
2009-07-15 00:00:00+05:30,103.79557948957881,106.9975156846577,102.36627749434786,105.85568237304688,2807295,0.0,0.0
2009-07-16 00:00:00+05:30,108.0195716550555,109.20133175250272,104.17884220037224,107.97964477539062,3443400,0.0,0.0
2009-07-17 00:00:00+05:30,103.80356872211969,111.46906790134318,103.80356872211969,110.37512969970703,4567890,0.0,0.0
2009-07-20 00:00:00+05:30,109.39297229714312,116.7390672700837,109.39297229714312,115.65312194824219,4092880,0.0,0.0
2009-07-21 00:00:00+05:30,114.34360453698271,116.57937582521994,112.26754077102716,113.05005645751953,2730840,0.0,0.0
2009-07-22 00:00:00+05:30,113.38540409878729,115.75691669444444,111.80439976300639,112.85041809082031,2472345,0.0,0.0
2009-07-23 00:00:00+05:30,111.78844801046081,118.6235111679503,111.78844801046081,117.77711486816406,4806475,0.0,0.0
2009-07-24 00:00:00+05:30,118.66343853453657,118.66343853453657,113.5930290340741,114.37555694580078,5415350,0.0,0.0
2009-07-27 00:00:00+05:30,114.6630104941552,117.45772163393222,114.39151500932832,116.10028076171875,3819595,0.0,0.0
2009-07-28 00:00:00+05:30,111.78844585028666,116.89876992985316,111.78844585028666,115.50940704345703,2702630,0.0,0.0
2009-07-29 00:00:00+05:30,115.78086508922442,120.09269932930367,114.9025226184074,119.3900375366211,10734200,0.0,0.0
2009-07-30 00:00:00+05:30,119.9330406548911,119.9330406548911,110.55079527321793,112.58694458007812,16715325,0.0,0.0
2009-07-31 00:00:00+05:30,114.18391731405528,116.36378868762901,109.56067175718309,110.23139953613281,17162865,0.0,0.0
2009-08-03 00:00:00+05:30,110.67056537257893,113.08998574210302,110.51085784690224,112.507080078125,5094565,0.0,0.0
2009-08-04 00:00:00+05:30,112.7466239913707,113.99226465686375,111.78843980129705,112.95423889160156,4600815,0.0,0.0
2009-08-05 00:00:00+05:30,111.78844670538773,114.58315787302243,111.78844670538773,113.40139770507812,5884985,0.0,0.0
2009-08-06 00:00:00+05:30,111.78844627694309,113.22572873729852,109.12149626848971,109.88005828857422,3550755,0.0,0.0
2009-08-07 00:00:00+05:30,108.27509013907233,110.35115378510659,105.08113482150645,106.03132629394531,6380620,0.0,0.0
2009-08-10 00:00:00+05:30,107.47660065494433,109.39296896022049,104.30659904685372,105.32067108154297,4425765,0.0,0.0
2009-08-11 00:00:00+05:30,103.8035546376094,109.16940089820984,103.8035546376094,108.13136291503906,2857880,0.0,0.0
2009-08-12 00:00:00+05:30,106.19901799708217,108.6104577570998,103.48416075646026,107.8998031616211,4820445,0.0,0.0
2009-08-13 00:00:00+05:30,109.07359594763363,112.41127392574975,108.47472923236619,112.04397583007812,3027325,0.0,0.0
2009-08-14 00:00:00+05:30,112.58693615206504,112.85841945693048,109.56864905121694,110.73443603515625,3378965,0.0,0.0
2009-08-17 00:00:00+05:30,110.19145135443021,110.19145135443021,105.57618719270879,106.6541519165039,2510725,0.0,0.0
2009-08-18 00:00:00+05:30,106.51840134737613,109.23327058543022,105.71991254512002,106.31079864501953,2590960,0.0,0.0
2009-08-19 00:00:00+05:30,108.27509204529379,108.27509204529379,104.13891350056133,105.8476791381836,2008125,0.0,0.0
2009-08-20 00:00:00+05:30,104.0510881308937,107.79600307608385,104.0510881308937,106.18305206298828,1376895,0.0,0.0
2009-08-21 00:00:00+05:30,103.96325526357646,107.96369256269357,103.96325526357646,107.5884017944336,2289810,0.0,0.0
2009-08-24 00:00:00+05:30,107.99561428744778,110.01579005319017,107.99561428744778,108.84201049804688,2488970,0.0,0.0
2009-08-25 00:00:00+05:30,106.39065913527577,109.20133112472337,106.39065913527577,107.26898956298828,2562240,0.0,0.0
2009-08-26 00:00:00+05:30,107.9556877974104,109.07357947412454,106.19901480139983,107.16519165039062,1856005,0.0,0.0
2009-08-27 00:00:00+05:30,106.99750990484802,108.37889225553985,104.77771179348024,105.75186920166016,5341205,0.0,0.0
2009-08-28 00:00:00+05:30,106.35871734083722,108.7541840024956,105.96746558384272,108.3389663696289,2683195,0.0,0.0
2009-08-31 00:00:00+05:30,106.11917146821177,109.23328553354737,106.11917146821177,108.98575592041016,2229980,0.0,0.0
2009-09-01 00:00:00+05:30,109.3929743107478,111.62874556557232,108.59448544716571,109.25723266601562,3235035,0.0,0.0
2009-09-02 00:00:00+05:30,108.67434538518768,110.1595352432415,107.7640685163143,108.42680358886719,2102895,0.0,0.0
2009-09-03 00:00:00+05:30,107.03743776856317,109.39297754906586,107.03743776856317,108.3389663696289,927940,0.0,0.0
2009-09-04 00:00:00+05:30,108.75418141285205,109.3610407504314,107.34884539103997,108.8100814819336,1280280,0.0,0.0
2009-09-07 00:00:00+05:30,107.04540924460967,110.1595229525523,107.04540924460967,109.6644515991211,1614065,0.0,0.0
2009-09-08 00:00:00+05:30,107.04542431016029,111.37323286096576,107.04542431016029,110.23139953613281,2451790,0.0,0.0
2009-09-09 00:00:00+05:30,108.8100902666777,112.42724415696232,108.8100902666777,111.95613861083984,2574440,0.0,0.0
2009-09-10 00:00:00+05:30,112.58693056067341,114.18390829912268,109.60057780354292,111.19755554199219,3689655,0.0,0.0
2009-09-11 00:00:00+05:30,108.77814008470672,113.40139766632493,108.77814008470672,112.82648468017578,3998235,0.0,0.0
2009-09-14 00:00:00+05:30,113.38541196573316,116.57936723237353,112.267532495998,115.74095153808594,4552795,0.0,0.0
2009-09-15 00:00:00+05:30,112.03597118957236,119.93302561166244,112.03597118957236,119.13453674316406,4752945,0.0,0.0
2009-09-16 00:00:00+05:30,114.25577650481623,125.31485290745212,114.25577650481623,123.74980926513672,5484770,0.0,0.0
2009-09-17 00:00:00+05:30,125.69810332978608,125.69810332978608,122.0490159105359,123.62203979492188,3499970,0.0,0.0
2009-09-18 00:00:00+05:30,123.59808290187672,124.08516158446999,121.37030438626117,122.22469329833984,1989810,0.0,0.0
2009-09-22 00:00:00+05:30,120.62770684504584,125.84183764704555,120.62770684504584,123.62203979492188,2055380,0.0,0.0
2009-09-23 00:00:00+05:30,124.48439915020752,126.46466014831864,123.78173729072272,124.7479019165039,3162140,0.0,0.0
2009-09-24 00:00:00+05:30,121.15472405920644,126.95974209348424,121.15472405920644,126.33692169189453,4481740,0.0,0.0
2009-09-25 00:00:00+05:30,122.16879427695739,128.04567271123398,121.63380820854027,125.88975524902344,2343965,0.0,0.0
2009-09-29 00:00:00+05:30,125.88977520694293,127.43884577383807,123.76579160111815,125.2270278930664,1323895,0.0,0.0
2009-09-30 00:00:00+05:30,123.76576596481785,130.137703278462,123.76576596481785,127.38291931152344,3048155,0.0,0.0
2009-10-01 00:00:00+05:30,127.75820116379705,130.47305806493912,126.97568559318083,129.3631591796875,4268825,0.0,0.0
2009-10-05 00:00:00+05:30,133.30770874023438,133.30770874023438,133.30770874023438,133.30770874023438,726000,0.0,0.0
2009-10-06 00:00:00+05:30,127.91790288297622,129.97002494022047,126.0334688341026,129.0118408203125,2475440,0.0,0.0
2009-10-07 00:00:00+05:30,130.15370041308222,134.76896562479135,128.71641784902627,132.1978302001953,4104625,0.0,0.0
2009-10-08 00:00:00+05:30,129.35518770140848,136.98873880398196,129.35518770140848,135.8389129638672,2802605,0.0,0.0
2009-10-09 00:00:00+05:30,134.78494823577304,137.11653469865462,130.79250315878912,131.37539672851562,2000255,0.0,0.0
2009-10-12 00:00:00+05:30,128.49284129231086,136.99675598110863,128.49284129231086,136.17430114746094,2343730,0.0,0.0
2009-10-13 00:00:00+05:30,135.90281677246094,135.90281677246094,135.90281677246094,135.90281677246094,0,0.0,0.0
2009-10-14 00:00:00+05:30,135.7431241774265,138.7773846840698,135.17619165079543,135.91879272460938,1885565,0.0,0.0
2009-10-15 00:00:00+05:30,135.7431085201591,138.45796581697297,135.7431085201591,136.932861328125,2316975,0.0,0.0
2009-10-16 00:00:00+05:30,136.54160818990837,139.34429997178628,135.10432566690397,138.32223510742188,2406500,0.0,0.0
2009-10-20 00:00:00+05:30,135.90280584339845,139.35228367625587,135.90280584339845,137.4838104248047,1285465,0.0,0.0
2009-10-21 00:00:00+05:30,135.9028114010689,138.729468993695,135.20014943836085,136.3579559326172,1960275,0.0,0.0
2009-10-22 00:00:00+05:30,135.2001283568218,137.71536318262952,134.6252154508134,135.68719482421875,2320885,0.0,0.0
2009-10-23 00:00:00+05:30,145.21319580078125,145.21319580078125,145.21319580078125,145.21319580078125,352800,0.0,0.0
2009-10-26 00:00:00+05:30,136.4138486434813,139.64773131235836,134.48150685577082,135.11231994628906,2420620,0.0,0.0
2009-10-27 00:00:00+05:30,132.7806907403072,137.97886037351216,131.9342946028623,133.32366943359375,5779500,0.0,0.0
2009-10-28 00:00:00+05:30,127.75820390546536,137.26021544734564,127.75820390546536,136.03054809570312,3352415,0.0,0.0
2009-10-29 00:00:00+05:30,134.14613234391777,135.72713692074424,130.66472032668096,133.87464904785156,6351210,0.0,0.0
2009-10-30 00:00:00+05:30,134.94461407596646,143.40860066082922,134.94461407596646,136.24615478515625,7602430,0.0,0.0
2009-11-03 00:00:00+05:30,133.55525398258973,141.33254054335296,132.309613201813,133.94651794433594,4320020,0.0,0.0
2009-11-04 00:00:00+05:30,135.7431446929932,142.45044814540933,134.78496022607328,136.61349487304688,3267175,0.0,0.0
2009-11-05 00:00:00+05:30,135.90281053262228,139.5758644053853,133.82674666956078,138.54580688476562,3335355,0.0,0.0
2009-11-06 00:00:00+05:30,138.61767270330864,144.01545307818947,137.9788791705245,141.9234161376953,4818235,0.0,0.0
2009-11-09 00:00:00+05:30,139.0967765599873,146.05960137426868,139.0967765599873,145.04551696777344,5841905,0.0,0.0
2009-11-10 00:00:00+05:30,143.72800258112724,147.64059333335732,143.50442666294117,144.40672302246094,4257560,0.0,0.0
2009-11-11 00:00:00+05:30,143.72800792718888,149.22161568461095,143.26488288401328,148.55886840820312,3899840,0.0,0.0
2009-11-12 00:00:00+05:30,145.50065229997807,148.5189394495576,144.68619018825808,145.21319580078125,3270310,0.0,0.0
2009-11-13 00:00:00+05:30,143.72798510396777,146.12345152236725,143.5682897795356,145.02952575683594,2090600,0.0,0.0
2009-11-16 00:00:00+05:30,142.13900402442786,148.82236437063443,142.13900402442786,147.60865783691406,1959275,0.0,0.0
2009-11-17 00:00:00+05:30,144.77401642572295,149.26951270478384,144.77401642572295,147.4649200439453,1972195,0.0,0.0
2009-11-18 00:00:00+05:30,144.77400708986977,148.51094113114442,144.77400708986977,145.82801818847656,1679020,0.0,0.0
2009-11-19 00:00:00+05:30,143.8876860819062,146.48277480380284,142.45040373759963,143.560302734375,2068905,0.0,0.0
2009-11-20 00:00:00+05:30,140.55001462220469,148.34326162454582,140.07889692803488,146.03562927246094,3304820,0.0,0.0
2009-11-23 00:00:00+05:30,146.4428767708776,148.5189530309214,145.8040953222258,147.12159729003906,1817345,0.0,0.0
2009-11-24 00:00:00+05:30,145.97974506838383,147.99992099021335,145.48467367029392,146.33106994628906,1593585,0.0,0.0
2009-11-25 00:00:00+05:30,147.08165936573317,149.7166752875896,146.28317043086602,149.19766235351562,3162135,0.0,0.0
2009-11-26 00:00:00+05:30,149.924282384984,151.3935113276926,145.4527515300577,146.17138671875,3083825,0.0,0.0
2009-11-27 00:00:00+05:30,143.7279932435187,146.12345979757737,139.7674831798603,145.2451171875,3655200,0.0,0.0
2009-11-30 00:00:00+05:30,148.51893260439803,159.64986961031394,143.11315944163937,144.2550048828125,1888340,0.0,0.0
2009-12-01 00:00:00+05:30,143.72799381229336,148.03982875307295,143.72799381229336,147.0337371826172,1942875,0.0,0.0
2009-12-02 00:00:00+05:30,143.90367570783246,149.3174296698059,143.90367570783246,146.62652587890625,2201895,0.0,0.0
2009-12-03 00:00:00+05:30,144.70214754428025,148.3592278678987,144.70214754428025,146.73829650878906,2099425,0.0,0.0
2009-12-04 00:00:00+05:30,145.37287413364155,147.71245273627105,145.32496675337825,147.12954711914062,1484680,0.0,0.0
2009-12-07 00:00:00+05:30,144.57438813186093,148.19953430631114,144.57438813186093,146.64247131347656,987430,0.0,0.0
2009-12-08 00:00:00+05:30,145.51660842108672,150.2755950136006,145.51660842108672,149.94821166992188,2066540,0.0,0.0
2009-12-09 00:00:00+05:30,148.518917890019,150.4033519592082,147.65654851761317,149.01397705078125,2301205,0.0,0.0
2009-12-10 00:00:00+05:30,146.92196865602628,149.71668001633114,146.92196865602628,148.61476135253906,1674415,0.0,0.0
2009-12-11 00:00:00+05:30,148.61474213988507,149.91628287543801,146.1234608053537,146.5147247314453,1419330,0.0,0.0
2009-12-14 00:00:00+05:30,146.5147276254456,147.5128387162354,145.6204118029961,146.02764892578125,1829880,0.0,0.0
2009-12-15 00:00:00+05:30,146.2831762761886,146.87406249783223,141.84357957036156,142.47438049316406,3028970,0.0,0.0
2009-12-16 00:00:00+05:30,142.6101056090094,143.40859441491878,140.8693936764613,142.2108612060547,2377980,0.0,0.0
2009-12-17 00:00:00+05:30,142.56219210570455,144.2070893503308,140.4701552441713,143.04129028320312,1905415,0.0,0.0
2009-12-18 00:00:00+05:30,139.19259453540272,144.17515760392527,139.19259453540272,141.7637176513672,1996185,0.0,0.0
2009-12-21 00:00:00+05:30,142.131011121883,142.131011121883,140.24657700391936,141.34849548339844,1075305,0.0,0.0
2009-12-22 00:00:00+05:30,142.1310265311085,142.91354225442998,141.38044500336233,142.00326538085938,763230,0.0,0.0
2009-12-23 00:00:00+05:30,142.92151056829525,144.9895935763815,142.29069761149913,144.48654174804688,1054725,0.0,0.0
2009-12-24 00:00:00+05:30,143.72798823404128,146.12345470460863,143.72798823404128,145.18922424316406,933445,0.0,0.0
2009-12-29 00:00:00+05:30,143.7279942005419,146.76225429268126,143.7279942005419,146.0196533203125,1153725,0.0,0.0
2009-12-30 00:00:00+05:30,143.9675695827975,147.4010747302293,143.9675695827975,146.227294921875,1155235,0.0,0.0
2009-12-31 00:00:00+05:30,143.72799382374347,147.4010474283839,143.72799382374347,144.71812438964844,1220880,0.0,0.0
2010-01-04 00:00:00+05:30,143.72800974452122,148.5029702122986,143.72800974452122,147.80030822753906,1832855,0.0,0.0
2010-01-05 00:00:00+05:30,148.51892561438015,150.52312823509666,148.19953494901367,150.08396911621094,1578660,0.0,0.0
2010-01-06 00:00:00+05:30,151.8725989717086,151.8725989717086,148.01589580193937,149.3733367919922,1799530,0.0,0.0
2010-01-07 00:00:00+05:30,143.72799757050305,150.11590857363652,143.72799757050305,147.32119750976562,873470,0.0,0.0
2010-01-08 00:00:00+05:30,151.71288223463915,151.71288223463915,145.3728787855033,147.5367889404297,406050,0.0,0.0
2010-01-11 00:00:00+05:30,146.13943916728167,153.36576601446708,146.13943916728167,151.6809539794922,2123740,0.0,0.0
2010-01-12 00:00:00+05:30,152.1121074421052,152.59120556747996,147.560723986931,147.8881072998047,1282760,0.0,0.0
2010-01-13 00:00:00+05:30,147.7204501040078,148.5189390234889,144.70216296308706,146.8820343017578,2398245,0.0,0.0
2010-01-14 00:00:00+05:30,144.61431627699793,149.26950773992274,144.61431627699793,147.4010467529297,745590,0.0,0.0
2010-01-15 00:00:00+05:30,145.64432781303128,149.26947317989914,144.21503846175747,145.08538818359375,1744785,0.0,0.0
2010-01-18 00:00:00+05:30,145.64437403976729,147.7124696010436,143.392641622497,146.8820343017578,1466775,0.0,0.0
2010-01-19 00:00:00+05:30,144.6861949055172,150.1159221873878,144.6861949055172,146.92994689941406,1197270,0.0,0.0
2010-01-20 00:00:00+05:30,144.61429763561125,148.97405156057755,144.61429763561125,148.27137756347656,1672810,0.0,0.0
2010-01-21 00:00:00+05:30,146.12349737888553,148.91820907738878,143.88772558328768,144.39077758789062,1235670,0.0,0.0
2010-01-22 00:00:00+05:30,142.9295124498661,145.94779950341913,141.34850784657016,143.6481475830078,2605130,0.0,0.0
2010-01-25 00:00:00+05:30,142.13101173339814,145.1652717240517,142.13101173339814,143.7998504638672,2293905,0.0,0.0
2010-01-27 00:00:00+05:30,142.13102190809664,143.5683043417148,135.7590840003586,137.4678497314453,3925665,0.0,0.0
2010-01-28 00:00:00+05:30,135.74309489335087,142.13100524127327,135.74309489335087,140.66976928710938,3966620,0.0,0.0
2010-01-29 00:00:00+05:30,140.1827081721939,143.88769615011387,136.86099145158332,143.5124053955078,2545225,0.0,0.0
2010-02-01 00:00:00+05:30,141.3325377735039,143.24092579054422,139.89525529155483,141.9952850341797,1824755,0.0,0.0
2010-02-02 00:00:00+05:30,143.72801313014625,144.78202440807516,137.97889504173534,138.7454376220703,2080580,0.0,0.0
2010-02-03 00:00:00+05:30,138.9370994051723,142.6500687398234,137.71541209201735,141.5880889892578,2828175,0.0,0.0
2010-02-04 00:00:00+05:30,142.94482329599276,143.0740419129811,139.79519652543678,141.20040893554688,1557995,2.0,0.0
2010-02-05 00:00:00+05:30,139.7144267694246,139.7144267694246,136.48403539903327,137.94578552246094,1569625,0.0,0.0
2010-02-08 00:00:00+05:30,137.61468413623604,143.64744173779346,137.049368042462,142.9206085205078,1366435,0.0,0.0
2010-02-09 00:00:00+05:30,141.32963089122285,144.07545879078026,140.52203300041586,143.47784423828125,1075170,0.0,0.0
2010-02-10 00:00:00+05:30,145.36760576987336,145.36760576987336,139.4075299899599,140.69161987304688,1373565,0.0,0.0
2010-02-11 00:00:00+05:30,142.8963393809475,143.34859212244848,140.52200016510443,142.85595703125,828285,0.0,0.0
2010-02-15 00:00:00+05:30,143.75240904252576,143.91392613865477,140.57047172462921,141.9110870361328,1408915,0.0,0.0
2010-02-16 00:00:00+05:30,137.29162299976977,144.28542275244592,137.29162299976977,143.45359802246094,1035165,0.0,0.0
2010-02-17 00:00:00+05:30,144.52768363975224,144.54382672052927,143.03362302939465,143.8573760986328,956210,0.0,0.0
2010-02-18 00:00:00+05:30,144.47926052189172,146.9747474180549,142.29874863926352,144.72154235839844,1130035,0.0,0.0
2010-02-19 00:00:00+05:30,144.5600159766159,144.6407806912638,141.74149502773167,143.00135803222656,926525,0.0,0.0
2010-02-22 00:00:00+05:30,145.35143418399682,145.8198423403164,141.55572736488125,142.7025146484375,1604015,0.0,0.0
2010-02-23 00:00:00+05:30,142.96903098584036,143.75240180172057,142.13720627585852,142.66213989257812,790470,0.0,0.0
2010-02-24 00:00:00+05:30,142.90443806910096,143.21132919754626,140.27167349638378,140.65931701660156,1565240,0.0,0.0
2010-02-25 00:00:00+05:30,141.3296067991716,143.00941160445453,140.36856350126303,141.68495178222656,1936760,0.0,0.0
2010-02-26 00:00:00+05:30,137.29160469371197,148.91293473927885,137.29160469371197,145.5290985107422,2901400,0.0,0.0
2010-03-02 00:00:00+05:30,146.33671521110304,149.40558923843122,146.33671521110304,148.4283905029297,1520535,0.0,0.0
2010-03-03 00:00:00+05:30,149.12294971092186,151.02080973571762,148.59801599664195,150.31011962890625,2060120,0.0,0.0
2010-03-04 00:00:00+05:30,150.21319663188987,150.9400297509227,148.93719057959436,150.390869140625,1288535,0.0,0.0
2010-03-05 00:00:00+05:30,150.53624330018144,152.15143909663388,148.937202912124,149.84979248046875,1246125,0.0,0.0
2010-03-08 00:00:00+05:30,150.23741700032846,151.3438220374725,146.82128177376296,149.7528533935547,2054815,0.0,0.0
2010-03-09 00:00:00+05:30,147.8792395695619,150.85927754250773,147.8792395695619,148.8321990966797,976820,0.0,0.0
2010-03-10 00:00:00+05:30,149.79323089221273,150.21318518293904,148.84834298030154,149.5509490966797,732000,0.0,0.0
2010-03-11 00:00:00+05:30,148.22650160626998,150.18089921635405,148.22650160626998,149.09063720703125,929315,0.0,0.0
2010-03-12 00:00:00+05:30,148.59800561597532,150.6654541572188,148.59800561597532,149.02603149414062,903325,0.0,0.0
2010-03-15 00:00:00+05:30,149.72863810051652,149.72863810051652,147.95192527565248,149.1148681640625,614740,0.0,0.0
2010-03-16 00:00:00+05:30,147.02319383128935,150.21320293438893,147.02319383128935,149.3006134033203,661125,0.0,0.0
2010-03-17 00:00:00+05:30,149.40556926977757,151.6506898113459,149.14713209980243,150.4877471923828,788495,0.0,0.0
2010-03-18 00:00:00+05:30,151.18232535287197,152.28065899660126,149.97092849536023,151.68304443359375,940895,0.0,0.0
2010-03-19 00:00:00+05:30,153.20131615515726,156.35095529704967,152.03837323033335,155.4141387939453,1489860,0.0,0.0
2010-03-22 00:00:00+05:30,153.08825522878993,154.89727895250775,152.31296814931508,153.5162811279297,1586310,0.0,0.0
2010-03-23 00:00:00+05:30,145.36761473999144,157.4331287350852,145.36761473999144,156.7789764404297,1430000,0.0,0.0
2010-03-25 00:00:00+05:30,152.67637019569742,163.23166728548404,152.67637019569742,161.9637451171875,2770405,0.0,0.0
2010-03-26 00:00:00+05:30,161.519555434529,164.34614765463326,160.79272236425928,161.82644653320312,2386800,0.0,0.0
2010-03-29 00:00:00+05:30,162.31101435128693,164.42692912278568,161.19653768479748,162.0929718017578,1156945,0.0,0.0
2010-03-30 00:00:00+05:30,161.53573521250874,163.97467199501511,161.53573521250874,162.76327514648438,1059235,0.0,0.0
2010-03-31 00:00:00+05:30,161.60032160837906,164.41075844802202,160.5585135655093,163.5789337158203,1587300,0.0,0.0
2010-04-01 00:00:00+05:30,163.81314247096464,165.39603965524543,163.33666270414773,164.0877227783203,1623495,0.0,0.0
2010-04-05 00:00:00+05:30,164.10389030664552,167.98036267922075,163.31244781752966,165.80792236328125,1533885,0.0,0.0
2010-04-06 00:00:00+05:30,165.6463790006063,168.59410593019433,164.27346525700315,167.31809997558594,1072540,0.0,0.0
2010-04-07 00:00:00+05:30,165.59792903393583,167.96418463975263,163.98273345657086,164.37844848632812,1235975,0.0,0.0
2010-04-08 00:00:00+05:30,162.3271613561799,165.23451842905854,162.20602661271192,162.6582794189453,1015445,0.0,0.0
2010-04-09 00:00:00+05:30,163.13475473242687,164.2653867172282,161.7618409443211,162.5452117919922,1238535,0.0,0.0
2010-04-12 00:00:00+05:30,161.51956112037362,163.86158982743322,159.30673869675726,159.86398315429688,690805,0.0,0.0
2010-04-13 00:00:00+05:30,159.85591189911898,162.58559643029608,158.32955253671338,161.51148986816406,1144210,0.0,0.0
2010-04-15 00:00:00+05:30,161.51956914208725,163.13476483350811,158.32956011612407,159.1290740966797,1221295,0.0,0.0
2010-04-16 00:00:00+05:30,158.3295603207194,161.35805224604698,155.7129388609689,160.77658081054688,2206640,0.0,0.0
2010-04-19 00:00:00+05:30,158.2972359403732,161.1642105152516,156.78703203971216,160.2677764892578,1619700,0.0,0.0
2010-04-20 00:00:00+05:30,161.03500285901794,162.81172794875425,159.19368078689573,160.23548889160156,1842540,0.0,0.0
2010-04-21 00:00:00+05:30,160.76042759384256,163.53856619620817,159.6944048295426,162.78750610351562,2388165,0.0,0.0
2010-04-22 00:00:00+05:30,162.79559003145707,165.7190905556184,160.85734763159294,165.2183837890625,2593995,0.0,0.0
2010-04-23 00:00:00+05:30,165.55754308804273,170.6534830523956,165.55754308804273,166.70433044433594,2635030,0.0,0.0
2010-04-26 00:00:00+05:30,169.55513231656514,169.55513231656514,165.3960091479986,166.34896850585938,697820,0.0,0.0
2010-04-27 00:00:00+05:30,162.58559374863617,166.5993434463443,162.58559374863617,165.42025756835938,744555,0.0,0.0
2010-04-28 00:00:00+05:30,163.13474313001072,166.36513408308025,162.20601066018864,164.7418670654297,1403635,0.0,0.0
2010-04-29 00:00:00+05:30,165.153720703125,167.81879543334247,164.4268877416849,166.5670166015625,1458660,0.0,0.0
2010-04-30 00:00:00+05:30,165.5575381135791,169.24018186774845,165.5575381135791,167.89956665039062,1030260,0.0,0.0
2010-05-03 00:00:00+05:30,161.51956706140336,167.9480512525518,161.51956706140336,166.34092712402344,487015,0.0,0.0
2010-05-04 00:00:00+05:30,166.5266713454952,171.03306874985864,165.6706196108714,167.9076690673828,2577275,0.0,0.0
2010-05-05 00:00:00+05:30,161.51956261211035,169.35325893420477,156.14095821961556,168.4083709716797,1037530,0.0,0.0
2010-05-06 00:00:00+05:30,184.9399045035719,184.9399045035719,165.6867750446418,168.6102752685547,3023450,0.0,0.0
2010-05-07 00:00:00+05:30,164.74995327790484,167.14044821815926,162.52098775805928,163.78890991210938,1106980,0.0,0.0
2010-05-10 00:00:00+05:30,177.1708254912038,177.1708254912038,162.9894087994617,164.1200408935547,3033940,0.0,0.0
2010-05-11 00:00:00+05:30,164.4269184177124,165.5575504182119,162.55328559063938,164.47537231445312,2033950,0.0,0.0
2010-05-12 00:00:00+05:30,164.58843389633822,165.46064099799034,163.3204994369196,164.8226318359375,1258285,0.0,0.0
2010-05-13 00:00:00+05:30,165.5575329975673,167.53614495172607,164.5076534944535,166.21168518066406,1862010,0.0,0.0
2010-05-14 00:00:00+05:30,166.04212317638243,166.18748487461053,161.29344386681996,163.14283752441406,1572435,0.0,0.0
2010-05-17 00:00:00+05:30,161.03498414625906,162.34330086239493,157.99842108541625,161.70529174804688,918390,0.0,0.0
2010-05-18 00:00:00+05:30,161.35803392349075,166.7689364177299,160.8734703412755,166.07440185546875,1139500,0.0,0.0
2010-05-19 00:00:00+05:30,164.74993238890102,167.1727255122672,161.52761309855725,162.71478271484375,1121275,0.0,0.0
2010-05-20 00:00:00+05:30,163.13475213465907,164.26538410145616,160.46967698667822,161.93142700195312,1322780,0.0,0.0
2010-05-21 00:00:00+05:30,159.74284518387188,161.01076730509763,158.50722155211298,159.93666076660156,995555,0.0,0.0
2010-05-24 00:00:00+05:30,161.1965406078837,163.37705240347336,158.28918333178706,158.72528076171875,708775,0.0,0.0
2010-05-25 00:00:00+05:30,158.28916216051002,159.25827701526728,150.7381181180552,151.79608154296875,1362895,0.0,0.0
2010-05-26 00:00:00+05:30,152.1514216356623,155.05877866481336,151.84454284917075,153.23361206054688,1168220,0.0,0.0
2010-05-27 00:00:00+05:30,145.36758931372054,161.4630059266007,145.36758931372054,159.58131408691406,2222575,0.0,0.0
2010-05-28 00:00:00+05:30,161.51954803579582,161.51954803579582,158.6929559451694,159.53285217285156,1403455,0.0,0.0
2010-05-31 00:00:00+05:30,160.55045646874285,162.31101388233643,158.0953520821045,161.92337036132812,1126045,0.0,0.0
2010-06-01 00:00:00+05:30,160.71196910009112,161.97181975050788,159.29867288941193,161.0269317626953,1457290,0.0,0.0
2010-06-02 00:00:00+05:30,161.0349938296355,161.51955743111458,159.09676406964786,159.8478240966797,1398135,0.0,0.0
2010-06-03 00:00:00+05:30,161.1965121730477,164.4269030997784,160.61504082039912,162.2948455810547,1458650,0.0,0.0
2010-06-04 00:00:00+05:30,162.48869726681392,164.55614594778547,161.84261647326878,164.0796661376953,1529735,0.0,0.0
2010-06-07 00:00:00+05:30,158.50723493036088,162.94902314628598,158.50723493036088,162.00413513183594,888755,0.0,0.0
2010-06-08 00:00:00+05:30,162.95708090517692,163.9261957875422,161.51955782635946,162.19793701171875,1474260,0.0,0.0
2010-06-09 00:00:00+05:30,162.81172439724654,165.5171696831205,161.56801686156084,164.7499542236328,2241950,0.0,0.0
2010-06-10 00:00:00+05:30,164.03115348896236,166.32472777781442,163.13471963566965,164.60455322265625,1356975,0.0,0.0
2010-06-11 00:00:00+05:30,167.01122400742616,167.89957417504567,165.2668098384422,167.15658569335938,1763550,0.0,0.0
2010-06-14 00:00:00+05:30,167.4957800019072,170.56465412868985,166.52666509949282,169.53900146484375,1282115,0.0,0.0
2010-06-15 00:00:00+05:30,169.03828803490038,171.37224510788408,167.74613899080907,169.75704956054688,1214365,0.0,0.0
2010-06-16 00:00:00+05:30,170.00741808579593,170.66965423438577,166.73665666862604,168.27108764648438,817365,0.0,0.0
2010-06-17 00:00:00+05:30,166.84969411908952,167.92378824401337,165.59791518671202,166.9869842529297,1216940,0.0,0.0
2010-06-18 00:00:00+05:30,165.31528400309648,168.2549398010542,165.31528400309648,167.4473419189453,890135,0.0,0.0
2010-06-21 00:00:00+05:30,169.595550894177,172.6159713320837,168.2064815867303,169.60362243652344,1073420,0.0,0.0
2010-06-22 00:00:00+05:30,169.4340301766309,169.56324878921367,168.2307049525134,168.9656219482422,761950,0.0,0.0
2010-06-23 00:00:00+05:30,169.25635333008162,170.37084226987483,167.98034729017928,169.63592529296875,1303265,0.0,0.0
2010-06-24 00:00:00+05:30,170.24160800417712,172.64824584647954,169.59552734019317,171.808349609375,2025870,0.0,0.0
2010-06-25 00:00:00+05:30,166.5831903351731,172.01831970936306,166.5831903351731,169.45016479492188,1221815,0.0,0.0
2010-06-28 00:00:00+05:30,168.78794546933236,171.93757205847368,168.77179006239794,169.6439971923828,1073325,0.0,0.0
2010-06-29 00:00:00+05:30,169.64401050981226,170.4031544967805,166.80934635705768,169.36135864257812,965000,0.0,0.0
2010-06-30 00:00:00+05:30,167.9803392253155,170.19316159176228,167.49577562528754,169.42593383789062,1249720,0.0,0.0
2010-07-01 00:00:00+05:30,168.7879392537662,169.2725028602355,162.37561078603974,164.80648803710938,2556910,0.0,0.0
2010-07-02 00:00:00+05:30,165.55756163623744,171.85682742162396,165.07299799006717,168.98178100585938,3599150,0.0,0.0
2010-07-05 00:00:00+05:30,166.6881905014406,177.3484919280505,165.51717608921965,173.5850830078125,2194990,0.0,0.0
2010-07-06 00:00:00+05:30,173.6335140460134,175.40215506773768,171.43684720805933,173.6254425048828,3186145,0.0,0.0
2010-07-07 00:00:00+05:30,172.8259360461778,173.21357955510354,170.4273694993259,171.4772491455078,1188800,0.0,0.0
2010-07-08 00:00:00+05:30,173.16808087951543,175.27550524625775,172.18788668806081,172.85768127441406,2160555,2.4,0.0
2010-07-09 00:00:00+05:30,174.44232907044855,175.03861187799285,171.37105071044297,172.79232788085938,993255,0.0,0.0
2010-07-12 00:00:00+05:30,173.16809850138415,173.98492915469257,171.89384467643848,172.49012756347656,1480575,0.0,0.0
2010-07-13 00:00:00+05:30,171.73046983117933,173.9849178001974,171.73046983117933,172.1470489501953,1864850,0.0,0.0
2010-07-14 00:00:00+05:30,174.47505480705146,175.19385739831506,170.74213226221187,171.99188232421875,3425220,0.0,0.0
2010-07-15 00:00:00+05:30,172.35125790384814,174.58937825176417,171.05250023134596,173.53565979003906,2070430,0.0,0.0
2010-07-16 00:00:00+05:30,173.16808031993776,175.21015673880495,172.79233277477425,174.60569763183594,1810930,0.0,0.0
2010-07-19 00:00:00+05:30,173.96857065173674,176.7621296949255,173.16808018603646,174.00941467285156,2094645,0.0,0.0
2010-07-20 00:00:00+05:30,174.80173605481113,176.43539713943554,172.514608043568,173.33961486816406,843140,0.0,0.0
2010-07-21 00:00:00+05:30,174.72005521883415,174.80174326197138,172.68615506147884,173.42947387695312,1155200,0.0,0.0
2010-07-22 00:00:00+05:30,173.3314520319028,175.91263973716534,170.2274932375608,172.9393768310547,7464120,0.0,0.0
2010-07-23 00:00:00+05:30,173.16807853186256,174.425992108804,171.04431409263182,171.64877319335938,4087670,0.0,0.0
2010-07-26 00:00:00+05:30,172.35124987010164,172.35124987010164,168.31610486944894,169.712890625,1040800,0.0,0.0
2010-07-27 00:00:00+05:30,170.8809710850356,172.84137214167407,168.4794869573653,171.71414184570312,1312400,0.0,0.0
2010-07-28 00:00:00+05:30,172.5146310188413,174.3116559584846,171.04433335409803,173.85423278808594,1624235,0.0,0.0
2010-07-29 00:00:00+05:30,174.79359156594646,174.79359156594646,171.5589367765936,172.62081909179688,1001250,0.0,0.0
2010-07-30 00:00:00+05:30,171.5344252513185,176.09234147508647,170.96264632658327,174.87525939941406,2231805,0.0,0.0
2010-08-02 00:00:00+05:30,176.10866925854333,184.59553806331294,175.47970625340602,182.7004852294922,3174015,0.0,0.0
2010-08-03 00:00:00+05:30,184.44035330030897,192.3472675825743,181.4997581336052,182.7086639404297,2161300,0.0,0.0
2010-08-04 00:00:00+05:30,183.46014724326574,183.52548271934123,178.75519527974186,179.22079467773438,1004040,0.0,0.0
2010-08-05 00:00:00+05:30,179.3759807050785,182.1041915521132,177.25221644417286,180.60939025878906,1870650,0.0,0.0
2010-08-06 00:00:00+05:30,181.33637917505615,181.33637917505615,178.90222766519548,179.77622985839844,887790,0.0,0.0
2010-08-09 00:00:00+05:30,179.70272097118087,182.80667955345208,178.92673444157433,181.57325744628906,1338005,0.0,0.0
2010-08-10 00:00:00+05:30,182.62699331711636,182.62699331711636,176.49259978737712,180.23367309570312,929805,0.0,0.0
2010-08-11 00:00:00+05:30,180.19281063852472,181.1730047313569,178.56731348041916,180.02127075195312,555785,0.0,0.0
2010-08-12 00:00:00+05:30,179.04929308121243,186.55596946559638,178.24063863737135,185.2000274658203,2378985,0.0,0.0
2010-08-13 00:00:00+05:30,185.25717419738365,188.65519233108392,184.79975107627885,186.08216857910156,1327725,0.0,0.0
2010-08-16 00:00:00+05:30,186.5640907062341,192.77200780761038,185.09380570250624,191.27720642089844,1775580,0.0,0.0
2010-08-17 00:00:00+05:30,191.17104133753762,196.6928245515992,190.10099517188155,194.16064453125,1748855,0.0,0.0
2010-08-18 00:00:00+05:30,192.37177852397653,195.54924919825032,191.41608817588272,193.3274688720703,882680,0.0,0.0
2010-08-19 00:00:00+05:30,193.91557000783143,195.87597083063767,192.6985004499825,194.83859252929688,717625,0.0,0.0
2010-08-20 00:00:00+05:30,188.254934159746,198.93090275745365,188.254934159746,195.3286895751953,822240,0.0,0.0
2010-08-23 00:00:00+05:30,193.9155659816526,197.67299146613362,192.93537182252342,196.16184997558594,845390,0.0,0.0
2010-08-24 00:00:00+05:30,196.85616621539654,197.34626954006012,193.0987406298965,194.054443359375,605200,0.0,0.0
2010-08-25 00:00:00+05:30,187.87101303382002,197.13386781555621,187.87101303382002,195.40219116210938,1095855,0.0,0.0
2010-08-26 00:00:00+05:30,196.03934295151794,200.205183974776,195.87597932516084,199.02894592285156,1920480,0.0,0.0
2010-08-27 00:00:00+05:30,198.48985239374736,199.30668306203438,192.12674697188405,194.97747802734375,1370440,0.0,0.0
2010-08-30 00:00:00+05:30,196.08020093847784,196.85618756682254,193.26213767562254,194.33218383789062,1299360,0.0,0.0
2010-08-31 00:00:00+05:30,192.772006932487,194.05443685955626,191.06483409970426,192.81285095214844,456675,0.0,0.0
2010-09-01 00:00:00+05:30,194.40568584406628,197.46063682288616,192.15940165889324,196.57028198242188,1378840,0.0,0.0
2010-09-02 00:00:00+05:30,197.67300559761597,199.63339405602093,196.0393443943299,198.0814208984375,1565620,0.0,0.0
2010-09-03 00:00:00+05:30,198.27746843256836,198.81656716719735,195.39405735202953,196.1700439453125,556290,0.0,0.0
2010-09-06 00:00:00+05:30,197.62399593703896,200.6789343822086,196.30073436298562,199.037109375,1012235,0.0,0.0
2010-09-07 00:00:00+05:30,198.53886154377858,200.1235150448801,196.79900822046758,199.06980895996094,564480,0.0,0.0
2010-09-08 00:00:00+05:30,197.67300484068085,202.70468431885755,196.3660708975182,200.80963134765625,1219380,0.0,0.0
2010-09-09 00:00:00+05:30,200.9403317550897,203.17845213235455,198.4326557785894,199.69874572753906,1466085,0.0,0.0
2010-09-13 00:00:00+05:30,200.92398878097924,206.62547537935097,200.21335014287263,203.5460205078125,1290480,0.0,0.0
2010-09-14 00:00:00+05:30,205.66161225783446,207.31161359811642,202.89255695793625,205.54725646972656,1674665,0.0,0.0
2010-09-15 00:00:00+05:30,205.02447847776665,210.72596498071886,204.69775122668696,208.0059051513672,1687950,0.0,0.0
2010-09-16 00:00:00+05:30,207.79354395990242,216.86853277927648,206.0863709304772,210.4809112548828,2588630,0.0,0.0
2010-09-17 00:00:00+05:30,212.11455885797793,214.41802707433663,208.45516135245265,210.0643310546875,1343815,0.0,0.0
2010-09-20 00:00:00+05:30,210.7423059389989,212.86607059679096,209.76209919611242,210.85667419433594,1015955,0.0,0.0
2010-09-21 00:00:00+05:30,211.13437264801712,213.6011919713854,207.31159913650754,207.70367431640625,1554600,0.0,0.0
2010-09-22 00:00:00+05:30,210.497250964698,211.86952035989182,206.65813725799865,207.55665588378906,1339375,0.0,0.0
2010-09-23 00:00:00+05:30,208.3816818826627,209.10866071236663,206.3641090419629,207.59751892089844,616430,0.0,0.0
2010-09-24 00:00:00+05:30,206.68263309587087,212.80068593929383,206.68263309587087,209.98263549804688,3034495,0.0,0.0
2010-09-27 00:00:00+05:30,212.34328350882868,214.1730010701167,210.2521990910931,212.60467529296875,992325,0.0,0.0
2010-09-28 00:00:00+05:30,212.37593492396925,213.52766894699502,210.93015387941648,212.629150390625,922450,0.0,0.0
2010-09-29 00:00:00+05:30,213.2826281756907,214.80194606958383,210.90567304181997,211.9430389404297,696740,0.0,0.0
2010-09-30 00:00:00+05:30,211.6489468436504,212.71901777233805,207.35243520301222,211.2650604248047,1905275,0.0,0.0
2010-10-01 00:00:00+05:30,211.64897771513145,214.40171794435946,211.64897771513145,213.6502227783203,1087570,0.0,0.0
2010-10-04 00:00:00+05:30,214.83463255893733,215.95368653665778,211.64897315109715,213.9442901611328,1278115,0.0,0.0
2010-10-05 00:00:00+05:30,214.00959702396437,215.58607395069396,212.85786299522263,213.58485412597656,727595,0.0,0.0
2010-10-06 00:00:00+05:30,214.84277901400466,217.60367047638928,211.65714460651935,215.06333923339844,2397370,0.0,0.0
2010-10-07 00:00:00+05:30,214.49971832109838,215.88831537008315,212.0737304671491,214.78561401367188,1676010,0.0,0.0
2010-10-08 00:00:00+05:30,212.70268153030742,216.46010724538831,212.70268153030742,214.01779174804688,1364440,0.0,0.0
2010-10-11 00:00:00+05:30,214.33634174982467,217.07272921083344,214.26282998807528,215.55343627929688,1039240,0.0,0.0
2010-10-12 00:00:00+05:30,215.6514619722148,217.11357084769836,213.02941770964767,213.59303283691406,1280325,0.0,0.0
2010-10-13 00:00:00+05:30,213.5276806332382,220.8219715839244,213.5276806332382,220.3482208251953,1962535,0.0,0.0
2010-10-14 00:00:00+05:30,221.36927745841112,222.17793180687596,216.00269422587084,216.876708984375,1153520,0.0,0.0
2010-10-15 00:00:00+05:30,217.75886118376656,218.8044033283526,212.13091145376796,213.21728515625,1250550,0.0,0.0
2010-10-18 00:00:00+05:30,213.8625887701871,214.2056436548126,209.30466016720567,212.449462890625,2089320,0.0,0.0
2010-10-19 00:00:00+05:30,215.15316422670534,216.32940222572554,211.5591147531171,212.39227294921875,1528680,0.0,0.0
2010-10-20 00:00:00+05:30,211.885844646336,214.30365615120232,210.84030251495946,211.79600524902344,836595,0.0,0.0
2010-10-21 00:00:00+05:30,211.64081671999568,216.27223233414455,211.07720160306025,215.44725036621094,1695965,0.0,0.0
2010-10-22 00:00:00+05:30,215.31657333789312,218.09379267859862,214.82646994184057,217.66087341308594,2465905,0.0,0.0
2010-10-25 00:00:00+05:30,218.25716317830336,221.34478208809426,218.0937870745858,220.6831512451172,1585280,0.0,0.0
2010-10-26 00:00:00+05:30,220.5442280803256,221.52443462064662,218.74719106563302,219.69471740722656,790560,0.0,0.0
2010-10-27 00:00:00+05:30,219.72744298502712,221.44279232100646,216.69700827900255,218.6655731201172,1225425,0.0,0.0
2010-10-28 00:00:00+05:30,218.91058688723507,221.18137481380847,212.38411878488316,214.06678771972656,5075835,0.0,0.0
2010-10-29 00:00:00+05:30,213.60940418606754,213.60940418606754,206.65816695701474,210.87301635742188,2198455,0.0,0.0
2010-11-01 00:00:00+05:30,212.86607879745154,215.5616100526952,211.0690413421598,214.1321563720703,1116340,0.0,0.0
2010-11-02 00:00:00+05:30,214.66307478778666,216.13338484548996,212.38413532903832,214.91629028320312,1012745,0.0,0.0
2010-11-03 00:00:00+05:30,215.30836491641733,217.4403056463311,215.30836491641733,216.8848419189453,788110,0.0,0.0
2010-11-04 00:00:00+05:30,217.60366527758433,225.26554023849278,216.4601074314095,223.78707885742188,2416075,0.0,0.0
2010-11-08 00:00:00+05:30,224.6284031029624,225.7392806948348,220.2583546388758,222.2841033935547,760570,0.0,0.0
2010-11-09 00:00:00+05:30,222.0145583072712,228.69625189733947,218.2081494556457,226.32742309570312,2458600,0.0,0.0
2010-11-10 00:00:00+05:30,224.88162643358484,225.42891389389285,221.7858315356977,223.33782958984375,669455,0.0,0.0
2010-11-11 00:00:00+05:30,223.13357656853506,224.78356504125955,219.26178343091757,220.44619750976562,1039145,0.0,0.0
2010-11-12 00:00:00+05:30,217.60365362295525,221.85118245575865,215.64326528769604,216.45191955566406,940555,0.0,0.0
2010-11-15 00:00:00+05:30,216.46011516555063,218.73090330112305,212.24526615817382,217.84056091308594,1997940,0.0,0.0
2010-11-16 00:00:00+05:30,218.73088152588232,218.73088152588232,212.4576289463628,215.61875915527344,1548500,0.0,0.0
2010-11-18 00:00:00+05:30,215.61877764554157,218.25714949625592,210.00715532956366,212.89874267578125,1531035,0.0,0.0
2010-11-19 00:00:00+05:30,212.3759491434587,212.8660524731741,208.3326402967658,210.09698486328125,1033045,0.0,0.0
2010-11-22 00:00:00+05:30,211.55095626788872,215.39824647187106,207.1809198884822,213.59303283691406,1150800,0.0,0.0
2010-11-23 00:00:00+05:30,213.6828734110264,214.00960064020634,208.15292718704984,213.2499542236328,1093060,0.0,0.0
2010-11-24 00:00:00+05:30,212.702679068931,216.44377710282154,204.24031372089829,206.78883361816406,1135980,0.0,0.0
2010-11-25 00:00:00+05:30,202.61483000438116,205.84130833673143,188.81856186084215,193.36013793945312,11155290,0.0,0.0
2010-11-26 00:00:00+05:30,192.60865466174153,199.40467865571506,183.9910894871121,188.10791015625,7737660,0.0,0.0
2010-11-29 00:00:00+05:30,187.87104568341286,195.87598838356232,184.60372314978827,192.14306640625,1648210,0.0,0.0
2010-11-30 00:00:00+05:30,193.58886929819212,200.12351467534629,188.36115798200754,199.07797241210938,1510695,0.0,0.0
2010-12-01 00:00:00+05:30,199.30666316532293,206.49477482143158,194.6833990530339,204.28115844726562,1552585,0.0,0.0
2010-12-02 00:00:00+05:30,206.8215055810332,209.53337669385004,205.84131135307345,207.63833618164062,1654355,0.0,0.0
2010-12-03 00:00:00+05:30,207.31161748479164,209.59874575367465,204.56706605490132,208.13661193847656,1184310,0.0,0.0
2010-12-06 00:00:00+05:30,210.5789065007004,210.5789065007004,196.7908152474743,200.466552734375,1676885,0.0,0.0
2010-12-07 00:00:00+05:30,200.7769794601502,201.2834104827842,193.42550349307766,195.5410919189453,2459395,0.0,0.0
2010-12-08 00:00:00+05:30,193.58883954091388,194.25047028943345,191.1546880019638,192.82919311523438,1296220,0.0,0.0
2010-12-09 00:00:00+05:30,192.76384436400784,195.71260312331867,188.70419556746464,191.4895782470703,1333470,0.0,0.0
2010-12-10 00:00:00+05:30,193.99726540462956,198.4898336561052,189.58638519780996,195.90048217773438,1338950,0.0,0.0
2010-12-13 00:00:00+05:30,197.9997397543845,201.9613732959817,194.40568996741615,200.50741577148438,1352520,0.0,0.0
2010-12-14 00:00:00+05:30,201.74082510423193,204.1586492482909,200.31954778773476,201.87152099609375,919110,0.0,0.0
2010-12-15 00:00:00+05:30,200.2133522570439,202.4106286024907,194.74875345623437,196.18637084960938,1351710,0.0,0.0
2010-12-16 00:00:00+05:30,197.34626578558195,199.40466979677953,193.78488409047105,197.92620849609375,1559125,0.0,0.0
2010-12-20 00:00:00+05:30,194.8140841302389,199.30665210808507,194.7487361912634,196.92967224121094,787880,0.0,0.0
2010-12-21 00:00:00+05:30,196.85615662368684,202.059363082115,196.85615662368684,198.62867736816406,1059150,0.0,0.0
2010-12-22 00:00:00+05:30,200.12349768296468,200.31954151461824,194.7487508209607,196.12103271484375,1229155,0.0,0.0
2010-12-23 00:00:00+05:30,196.8562052270961,197.50967230153236,194.47106099967434,196.5131378173828,602975,0.0,0.0
2010-12-24 00:00:00+05:30,196.03935084142722,199.306673355451,194.7324168502792,198.5633544921875,640475,0.0,0.0
2010-12-27 00:00:00+05:30,198.979937965377,200.61359915568764,196.07201057699356,197.29725646972656,725700,0.0,0.0
2010-12-28 00:00:00+05:30,196.3660507046531,199.77224491837745,196.0393234843836,198.78387451171875,621055,0.0,0.0
2010-12-29 00:00:00+05:30,199.14331134729287,200.7769726176335,198.16311707785775,199.9438018798828,966945,0.0,0.0
2010-12-30 00:00:00+05:30,200.12349617573426,202.5739879656412,197.68116820480918,198.64503479003906,1819455,0.0,0.0
2010-12-31 00:00:00+05:30,198.90642880656995,201.91237210564336,198.3264860198323,199.63340759277344,1244140,0.0,0.0
2011-01-03 00:00:00+05:30,201.75715283416326,202.08388007993545,199.30666109933537,199.75592041015625,1016990,0.0,0.0
2011-01-04 00:00:00+05:30,200.10715484667205,201.4304288805213,198.8165610162414,199.42918395996094,1242250,0.0,0.0
2011-01-05 00:00:00+05:30,198.81653584517082,199.89475807225534,194.56901979923921,196.93783569335938,1367540,0.0,0.0
2011-01-06 00:00:00+05:30,196.87250056708473,197.67299100773533,193.11507509131707,194.59353637695312,2199310,0.0,0.0
2011-01-07 00:00:00+05:30,194.73243167798668,194.73243167798668,189.8477876374617,190.92601013183594,2711630,0.0,0.0
2011-01-10 00:00:00+05:30,191.1219919246708,192.77199298159294,179.4739937848855,188.16506958007812,1598330,0.0,0.0
2011-01-11 00:00:00+05:30,189.83145496819594,194.40571200081297,187.07057560091175,191.82452392578125,959475,0.0,0.0
2011-01-12 00:00:00+05:30,194.03813923898997,195.54926858653073,188.3611682508661,194.7161102294922,1360925,0.0,0.0
2011-01-13 00:00:00+05:30,194.40571326007168,195.84333085433744,184.27701721861544,185.2000274658203,1170550,0.0,0.0
2011-01-14 00:00:00+05:30,185.74726864018902,187.83836539162164,181.0096612540569,182.81484985351562,1499500,0.0,0.0
2011-01-17 00:00:00+05:30,182.64333140150933,186.711144394421,179.70273618744898,185.25718688964844,743635,0.0,0.0
2011-01-18 00:00:00+05:30,187.38092041015625,188.85121787115648,184.3096420746129,187.38092041015625,544765,0.0,0.0
2011-01-19 00:00:00+05:30,186.58045076019684,188.22227583732334,185.42871658210916,186.46609497070312,725560,0.0,0.0
2011-01-20 00:00:00+05:30,185.4205527628047,187.05421402062677,181.6222953239069,186.46609497070312,872460,0.0,0.0
2011-01-21 00:00:00+05:30,188.19775097526744,190.5012190751416,182.31657359426123,183.84405517578125,2988050,0.0,0.0
2011-01-24 00:00:00+05:30,183.78689677219103,188.58986499626855,180.99333743691534,187.88739013671875,2185155,0.0,0.0
2011-01-25 00:00:00+05:30,188.68787481462945,189.4883653391176,184.76708531272504,185.8779754638672,1480735,0.0,0.0
2011-01-27 00:00:00+05:30,186.98071064529245,188.11610477187082,180.0294737044915,181.11585998535156,1159615,0.0,0.0
2011-01-28 00:00:00+05:30,181.0096581298734,181.3690531087249,177.77500360944768,178.68984985351562,938505,0.0,0.0
2011-01-31 00:00:00+05:30,174.81809555752406,183.41114484237,174.05843658766446,180.42971801757812,1298330,0.0,0.0
2011-02-01 00:00:00+05:30,181.49975000578837,186.07400617940897,178.2324277285866,179.8660888671875,924850,0.0,0.0
2011-02-02 00:00:00+05:30,181.64679313844923,182.47995137795724,175.63491941323772,176.42724609375,1834585,0.0,0.0
2011-02-03 00:00:00+05:30,176.51710084123624,178.83689679591126,175.1284788250197,177.24407958984375,1522040,0.0,0.0
2011-02-04 00:00:00+05:30,180.47871351744195,180.47871351744195,171.7059610962507,173.04556274414062,1715030,0.0,0.0
2011-02-07 00:00:00+05:30,175.29187114063754,175.29187114063754,165.81663014671494,166.93568420410156,1137115,0.0,0.0
2011-02-08 00:00:00+05:30,168.10370932236182,169.40246674823592,163.039363018515,164.15841674804688,898180,0.0,0.0
2011-02-09 00:00:00+05:30,164.15843628228922,165.78393356032439,161.73244855682918,162.45126342773438,1725680,0.0,0.0
2011-02-10 00:00:00+05:30,163.2027630318134,164.67306066457405,159.80474460584352,160.7440948486328,1417860,0.0,0.0
2011-02-11 00:00:00+05:30,161.34855219898483,169.6475543320702,158.51414893594063,168.9123992919922,1213425,0.0,0.0
2011-02-14 00:00:00+05:30,170.7339294025855,173.9849115845707,167.629970740702,173.23342895507812,1132850,0.0,0.0
2011-02-15 00:00:00+05:30,173.57649642771264,180.51139246609125,170.24382620063912,178.8777313232422,3199800,0.0,0.0
2011-02-16 00:00:00+05:30,178.5591601207127,181.7447942249606,176.7294552334413,180.16014099121094,1345260,0.0,0.0
2011-02-17 00:00:00+05:30,180.19283390569785,182.3165859704204,179.37600331222478,180.91163635253906,1742295,0.0,0.0
2011-02-18 00:00:00+05:30,180.84629821199334,184.11362076298758,177.61981968565578,178.89407348632812,1545070,0.0,0.0
2011-02-21 00:00:00+05:30,179.70272774992821,180.6829219539769,173.65818643842337,176.18218994140625,1584180,0.0,0.0
2011-02-22 00:00:00+05:30,175.6839271518886,177.0888767826615,173.17625122427043,174.695556640625,686110,0.0,0.0
2011-02-23 00:00:00+05:30,173.98494764044122,176.10871255022994,172.0245588497501,172.92306518554688,436330,0.0,0.0
2011-02-24 00:00:00+05:30,173.82156613008462,177.08888875484618,165.35920003339828,169.54954528808594,1904720,0.0,0.0
2011-02-25 00:00:00+05:30,170.22748705088628,175.6185738379619,167.6136317004857,173.42947387695312,754985,0.0,0.0
2011-02-28 00:00:00+05:30,175.4551974712191,177.5299414994425,171.27301675050842,173.4947967529297,1472835,0.0,0.0
2011-03-01 00:00:00+05:30,173.9849275083731,180.69111259267092,172.35126621721466,178.6980438232422,1799525,0.0,0.0
2011-03-03 00:00:00+05:30,179.21263199979808,182.80669418519543,175.4552186479665,177.84036254882812,1585835,0.0,0.0
2011-03-04 00:00:00+05:30,180.5195650158606,181.16485571440424,175.61858135027163,176.66412353515625,1286800,0.0,0.0
2011-03-07 00:00:00+05:30,177.25223796042098,179.45767805978613,171.66511971833714,174.24630737304688,1636215,0.0,0.0
2011-03-08 00:00:00+05:30,173.49480893762927,178.19976102088134,173.49480893762927,177.35025024414062,1184675,0.0,0.0
2011-03-09 00:00:00+05:30,178.39580918746125,179.49037173229155,174.80992312823366,175.80645751953125,884240,0.0,0.0
2011-03-10 00:00:00+05:30,175.6185670573268,176.10867036953638,172.64530437407282,175.1284637451172,1360685,0.0,0.0
2011-03-11 00:00:00+05:30,173.9849160770152,176.23936402370475,173.9849160770152,175.05496215820312,840070,0.0,0.0
2011-03-14 00:00:00+05:30,175.4552426270836,177.8812308830318,175.04682726364246,176.5988006591797,1088955,0.0,0.0
2011-03-15 00:00:00+05:30,174.8017253951495,177.2522168726516,169.55767512895633,176.14132690429688,838355,0.0,0.0
2011-03-16 00:00:00+05:30,177.25222669794803,179.70271831128372,176.79480359100722,179.17178344726562,914895,0.0,0.0
2011-03-17 00:00:00+05:30,177.2522559128935,181.49977291665428,177.2522559128935,179.3515167236328,1211385,0.0,0.0
2011-03-18 00:00:00+05:30,179.70272507502244,180.66657916323362,176.7621300428021,177.9138641357422,831010,0.0,0.0
2011-03-21 00:00:00+05:30,179.6863920777327,180.91163797895743,176.2393659451795,177.40744018554688,387845,0.0,0.0
2011-03-22 00:00:00+05:30,178.06907760334983,179.37601159882118,177.2522469721418,178.48565673828125,459440,0.0,0.0
2011-03-23 00:00:00+05:30,177.66064827348322,182.13687628953153,177.21956525151685,181.39356994628906,1987715,0.0,0.0
2011-03-24 00:00:00+05:30,182.31659029244005,185.2571854841915,180.8136249561431,183.49282836914062,1147485,0.0,0.0
2011-03-25 00:00:00+05:30,184.44033277098447,187.34008359186527,183.8767177214462,186.71112060546875,2059405,0.0,0.0
2011-03-28 00:00:00+05:30,187.54431368590298,189.45569432854705,187.02970641140416,188.1569366455078,1880255,0.0,0.0
2011-03-29 00:00:00+05:30,187.95271831593098,192.55964221191613,187.95271831593098,191.3343963623047,1380805,0.0,0.0
2011-03-30 00:00:00+05:30,191.59578636184511,200.94033055760096,191.59578636184511,198.9064178466797,1741975,0.0,0.0
2011-03-31 00:00:00+05:30,199.30668348694357,200.72797333977795,193.13960943545933,198.11410522460938,2811900,0.0,0.0
2011-04-01 00:00:00+05:30,198.48984051815975,198.84107170186263,192.28192282505748,192.69033813476562,1400540,0.0,0.0
2011-04-04 00:00:00+05:30,193.58886404812492,196.006688256194,191.63663929319767,195.10816955566406,1435040,0.0,0.0
2011-04-05 00:00:00+05:30,195.0836504970161,196.36606803680255,192.2410835454713,195.70443725585938,1040230,0.0,0.0
2011-04-06 00:00:00+05:30,195.24700264828107,197.3462631151698,194.40566819061414,195.74526977539062,1570475,0.0,0.0
2011-04-07 00:00:00+05:30,195.71260277641338,197.6566509902404,194.55269243901847,195.94947814941406,635935,0.0,0.0
2011-04-08 00:00:00+05:30,197.33810396704789,197.35444406911554,193.58885446058989,194.1933135986328,1183005,0.0,0.0
2011-04-11 00:00:00+05:30,194.4056863984496,196.54577862163205,192.8782171366068,194.22598266601562,944730,0.0,0.0
2011-04-13 00:00:00+05:30,193.58883896174717,196.69279752225725,193.09873564972375,195.55740356445312,1824125,0.0,0.0
2011-04-15 00:00:00+05:30,195.2470112095391,198.3999777254031,192.61681576275816,194.6670684814453,2099285,0.0,0.0
2011-04-18 00:00:00+05:30,193.36830839278375,197.6730092324753,192.44529827136975,194.2178192138672,1134730,0.0,0.0
2011-04-19 00:00:00+05:30,193.3519968810019,194.7406065523774,192.28193821429394,193.4418487548828,435495,0.0,0.0
2011-04-20 00:00:00+05:30,195.87599270270417,197.9589133565883,193.27846474999603,197.05223083496094,770050,0.0,0.0
2011-04-21 00:00:00+05:30,197.6730144075995,199.61707531458444,195.4267301529677,196.24356079101562,1210910,0.0,0.0
2011-04-25 00:00:00+05:30,196.52944917378588,200.61360221177938,196.52944917378588,198.48983764648438,1301215,0.0,0.0
2011-04-26 00:00:00+05:30,197.836365839183,201.75715515273401,194.7324071132949,199.60888671875,958645,0.0,0.0
2011-04-27 00:00:00+05:30,199.79675787418373,201.5774424937345,196.90517074223993,199.49452209472656,703165,0.0,0.0
2011-04-28 00:00:00+05:30,199.9601175229043,200.1234811371861,195.26334194519484,196.30072021484375,1178165,0.0,0.0
2011-04-29 00:00:00+05:30,195.99033797018652,195.99033797018652,191.62846551718312,193.60519409179688,1891320,0.0,0.0
2011-05-02 00:00:00+05:30,193.58884439153584,193.58884439153584,186.40890919123285,188.2386016845703,1160830,0.0,0.0
2011-05-03 00:00:00+05:30,187.54430544346263,189.8314210877268,176.92550794366724,178.31411743164062,3973690,0.0,0.0
2011-05-04 00:00:00+05:30,179.37598938165382,184.50568411317832,173.984902897872,182.46360778808594,5241185,0.0,0.0
2011-05-05 00:00:00+05:30,182.96186753017275,182.96186753017275,171.89381180183443,174.22177124023438,2244595,0.0,0.0
2011-05-06 00:00:00+05:30,174.80175761165472,180.19284484129108,174.80175761165472,179.6864013671875,1038820,0.0,0.0
2011-05-09 00:00:00+05:30,180.89530799836498,182.44728113428033,175.26734573017384,176.1985321044922,1133125,0.0,0.0
2011-05-10 00:00:00+05:30,176.68046517411688,178.0690747320101,175.45521924706176,177.6688232421875,563905,0.0,0.0
2011-05-11 00:00:00+05:30,178.39579837071696,178.55917446208326,174.9651123374043,176.42724609375,592870,0.0,0.0
2011-05-12 00:00:00+05:30,176.4109084425023,177.25224297657374,174.47502387860823,175.30001831054688,822170,0.0,0.0
2011-05-13 00:00:00+05:30,176.42725634905992,180.01314239930235,174.02577224699456,176.9500274658203,745870,0.0,0.0
2011-05-16 00:00:00+05:30,177.74233893497333,177.74233893497333,172.67797937526413,173.2579345703125,773900,0.0,0.0
2011-05-17 00:00:00+05:30,174.79360255652037,174.79360255652037,172.18791068033926,172.97206115722656,896115,0.0,0.0
2011-05-18 00:00:00+05:30,173.16809169993462,173.4948189628866,170.57057630708175,172.39210510253906,1481245,0.0,0.0
2011-05-19 00:00:00+05:30,173.16807336119916,173.4948005895503,168.59381738121445,169.23912048339844,1065565,0.0,0.0
2011-05-20 00:00:00+05:30,169.90078251579487,171.3384000347128,167.79335785238922,168.84707641601562,1124565,0.0,0.0
2011-05-23 00:00:00+05:30,168.92059079514436,169.00226638661468,164.50969754878557,168.31613159179688,1430750,0.0,0.0
2011-05-24 00:00:00+05:30,166.184186839965,172.8250237567572,166.184186839965,171.42823791503906,946705,0.0,0.0
2011-05-25 00:00:00+05:30,172.1388836797586,172.86586240907593,170.71759396075635,171.73863220214844,774585,0.0,0.0
2011-05-26 00:00:00+05:30,171.86114966783182,182.15321999858136,170.66858399647356,176.7703094482422,3439070,0.0,0.0
2011-05-27 00:00:00+05:30,174.4750226628417,176.48441897656252,172.26957005258555,175.86363220214844,1275265,0.0,0.0
2011-05-30 00:00:00+05:30,175.78194186001056,177.74234276976168,173.5193176180092,174.87525939941406,1029135,0.0,0.0
2011-05-31 00:00:00+05:30,175.61859986177447,180.19285675068983,175.47974013894077,179.6374053955078,908795,0.0,0.0
2011-06-01 00:00:00+05:30,179.79260867578066,181.05052248927953,178.66537830379318,180.06216430664062,547630,0.0,0.0
2011-06-02 00:00:00+05:30,178.722538930099,178.722538930099,175.6349202392126,177.2277374267578,914215,0.0,0.0
2011-06-03 00:00:00+05:30,178.06905913834774,179.04925330138616,175.6349075996359,176.4762420654297,721040,0.0,0.0
2011-06-06 00:00:00+05:30,176.4353978247135,178.04455499642611,174.06659422834562,176.8601531982422,338565,0.0,0.0
2011-06-07 00:00:00+05:30,175.65123212551302,179.00024229240967,175.45520077468439,178.59999084472656,196120,0.0,0.0
2011-06-08 00:00:00+05:30,178.86956376187402,180.28268969330742,177.2604064606018,178.61634826660156,844715,0.0,0.0
2011-06-09 00:00:00+05:30,178.39578039575733,179.52301050060788,177.44826646607086,178.15890502929688,430945,0.0,0.0
2011-06-10 00:00:00+05:30,178.39581264849835,178.64086434131448,176.16586841795,178.18344116210938,1145480,0.0,0.0
2011-06-13 00:00:00+05:30,178.06906927712154,178.06906927712154,176.11684465837115,177.3829345703125,297495,0.0,0.0
2011-06-14 00:00:00+05:30,177.41560279119224,179.18812368717988,177.28490690463244,177.97105407714844,462670,0.0,0.0
2011-06-15 00:00:00+05:30,178.542810520477,178.5673144381409,176.47623037185855,176.90098571777344,581580,0.0,0.0
2011-06-16 00:00:00+05:30,176.7592561389352,177.6847414323291,173.59927314823523,174.56643676757812,1989220,4.4,0.0
2011-06-17 00:00:00+05:30,174.5914581726451,176.25899841392086,173.424185092681,175.05838012695312,705575,0.0,0.0
2011-06-20 00:00:00+05:30,175.09173069106254,177.09277395288842,173.42419039876668,175.1501007080078,968890,0.0,0.0
2011-06-21 00:00:00+05:30,175.92549642252874,177.00940012978606,172.42366444104715,173.35748291015625,603905,0.0,0.0
2011-06-22 00:00:00+05:30,174.59145000386786,174.59145000386786,172.8071825380779,173.72433471679688,346140,0.0,0.0
2011-06-23 00:00:00+05:30,173.42417321945345,174.44137371477635,172.46534273529375,173.4741973876953,1243480,0.0,0.0
2011-06-24 00:00:00+05:30,175.08339886207463,179.09383125907883,174.75822901156948,177.08444213867188,1899355,0.0,0.0
2011-06-27 00:00:00+05:30,176.40907098399023,178.76029593974908,175.75873135437686,177.6847381591797,1209435,0.0,0.0
2011-06-28 00:00:00+05:30,179.26058364404798,180.50290575724532,177.86818900939855,179.04380798339844,1132085,0.0,0.0
2011-06-29 00:00:00+05:30,180.5445719629078,181.35332997817167,178.1433227246673,180.9698028564453,658340,0.0,0.0
2011-06-30 00:00:00+05:30,181.26161883001546,183.26267474954258,179.80252112137632,181.63682556152344,1435360,0.0,0.0
2011-07-01 00:00:00+05:30,182.42889370162922,183.7295729741253,180.4278379019785,182.0120086669922,749245,0.0,0.0
2011-07-04 00:00:00+05:30,183.42941288826995,188.74052409030108,182.42889136243457,187.7650146484375,566345,0.0,0.0
2011-07-05 00:00:00+05:30,188.0985431099453,190.88333224182819,185.0969656057874,189.18243408203125,682625,0.0,0.0
2011-07-06 00:00:00+05:30,189.18243974074872,189.18243974074872,186.46435366347,187.89010620117188,602770,0.0,0.0
2011-07-07 00:00:00+05:30,187.03963253328044,191.43360415778145,186.59773543474864,190.75823974609375,844995,0.0,0.0
2011-07-08 00:00:00+05:30,190.85833371553724,195.0521966758684,190.0245635409613,192.29241943359375,753485,0.0,0.0
2011-07-11 00:00:00+05:30,191.4336223067099,191.68374316180217,187.63161991911826,188.22360229492188,554080,0.0,0.0
2011-07-12 00:00:00+05:30,187.3898527108278,188.41538649600463,184.3215844772724,186.63111877441406,1180785,0.0,0.0
2011-07-13 00:00:00+05:30,188.2653067518881,190.68323515366535,187.18140298745158,189.6493682861328,745825,0.0,0.0
2011-07-14 00:00:00+05:30,189.2658179665959,193.4346685826002,187.44820520473277,191.4169464111328,1353830,0.0,0.0
2011-07-15 00:00:00+05:30,191.50029000426233,192.35908482005786,189.48256810448416,190.11624145507812,569730,0.0,0.0
2011-07-18 00:00:00+05:30,188.76555111309426,193.20121428250675,188.76555111309426,191.83383178710938,341170,0.0,0.0
2011-07-19 00:00:00+05:30,190.44141993410577,195.0771793706983,190.44141993410577,193.40130615234375,759650,0.0,0.0
2011-07-20 00:00:00+05:30,193.87657135298795,195.0688692793523,190.6498849537623,193.45968627929688,1085625,0.0,0.0
2011-07-21 00:00:00+05:30,193.10117666287724,193.10117666287724,189.43258027764668,190.3330535888672,419525,0.0,0.0
2011-07-22 00:00:00+05:30,190.26631019274373,195.92761557966932,190.26631019274373,195.05215454101562,813205,0.0,0.0
2011-07-25 00:00:00+05:30,195.25227236198631,200.1048203624912,194.10167829608085,199.60455322265625,1012790,0.0,0.0
2011-07-26 00:00:00+05:30,198.64572997396064,200.43833063296043,192.13398740891674,194.3768310546875,2975375,0.0,0.0
2011-07-27 00:00:00+05:30,192.80102499534846,194.10170446750843,186.2642569798333,187.7733917236328,1167275,0.0,0.0
2011-07-28 00:00:00+05:30,184.2965535914672,190.5998667912074,180.51124260080147,183.48780822753906,5336155,0.0,0.0
2011-07-29 00:00:00+05:30,183.59617214131438,188.91562941180015,182.59565057304974,187.4148406982422,1688725,0.0,0.0
2011-08-01 00:00:00+05:30,189.43257022904928,190.90834691545942,184.12145859347027,186.23089599609375,1337490,0.0,0.0
2011-08-02 00:00:00+05:30,185.2637274035412,185.53053996202655,181.76189526852053,182.5122833251953,802795,0.0,0.0
2011-08-03 00:00:00+05:30,179.84421966707842,183.5961853599479,178.10997622014003,182.40390014648438,1281040,0.0,0.0
2011-08-04 00:00:00+05:30,181.9286530554961,184.02142437631616,178.92708800254806,179.66079711914062,818945,0.0,0.0
2011-08-05 00:00:00+05:30,175.2584954008018,181.71188139899422,173.66599124813175,179.35231018066406,1988085,0.0,0.0
2011-08-08 00:00:00+05:30,173.4658773422085,186.73116310660703,173.4658773422085,183.72125244140625,1603580,0.0,0.0
2011-08-09 00:00:00+05:30,176.9260218783641,187.43153077373825,176.9260218783641,185.77232360839844,2446930,0.0,0.0
2011-08-10 00:00:00+05:30,187.93179070242897,188.7322156612081,185.57223232358552,187.5482635498047,1103365,0.0,0.0
2011-08-11 00:00:00+05:30,187.26476836694803,189.18242940698644,183.8463058895959,185.32208251953125,548360,0.0,0.0
2011-08-12 00:00:00+05:30,186.23091968328464,187.2647993518611,180.42787326591616,180.97816467285156,1695555,0.0,0.0
2011-08-16 00:00:00+05:30,181.7618998917708,182.1704518614722,176.9677213395796,178.13499450683594,1144465,0.0,0.0
2011-08-17 00:00:00+05:30,179.09383378022326,179.95261603139846,171.58990230386465,173.98281860351562,2396040,0.0,0.0
2011-08-18 00:00:00+05:30,174.73321793515407,174.73321793515407,165.32827885826026,168.68003845214844,2980365,0.0,0.0
2011-08-19 00:00:00+05:30,165.08648944764602,170.76446212489492,163.42728227164608,165.35330200195312,1893810,0.0,0.0
2011-08-22 00:00:00+05:30,166.70401609028468,166.70401609028468,158.91660546318312,163.43563842773438,1858130,0.0,0.0
2011-08-23 00:00:00+05:30,165.58677438767478,166.92079913533763,161.9765477297594,165.73684692382812,1112355,0.0,0.0
2011-08-24 00:00:00+05:30,166.23709704823315,167.5878006239094,162.001543147577,162.5268096923828,1073970,0.0,0.0
2011-08-25 00:00:00+05:30,163.14378291180265,168.42154881470435,156.41526527525787,160.21725463867188,2808415,0.0,0.0
2011-08-26 00:00:00+05:30,161.70970329672176,161.7513943448832,150.17866164741565,151.6127471923828,2282905,0.0,0.0
2011-08-29 00:00:00+05:30,152.9801159991621,157.58252996025092,152.95510391695404,154.2557830810547,2451285,0.0,0.0
2011-08-30 00:00:00+05:30,156.4819743200781,156.71544166463795,151.7628449800086,155.00621032714844,2380030,0.0,0.0
2011-09-02 00:00:00+05:30,155.24798471799681,156.53199775218647,150.92906185575552,151.75448608398438,1698595,0.0,0.0
2011-09-05 00:00:00+05:30,151.24589489937833,155.58150970755156,149.24485169739253,155.0478973388672,2229580,0.0,0.0
2011-09-06 00:00:00+05:30,153.58046186510109,156.49865744291586,151.49603645237627,155.94003295898438,1927470,0.0,0.0
2011-09-07 00:00:00+05:30,155.91499316190885,161.25111618119558,155.8149448310225,159.00828552246094,2102980,0.0,0.0
2011-09-08 00:00:00+05:30,159.25009651213966,161.25113975634744,158.54138680522465,160.4590606689453,1956315,0.0,0.0
2011-09-09 00:00:00+05:30,160.70087525130646,162.75194284845773,157.8076915976935,161.18446350097656,3490100,0.0,0.0
2011-09-12 00:00:00+05:30,158.08281197972062,158.74981786469357,155.0979135718762,156.9322052001953,1888555,0.0,0.0
2011-09-13 00:00:00+05:30,157.58254678870492,160.50074209960687,155.08956964306995,158.7248077392578,1754190,0.0,0.0
2011-09-14 00:00:00+05:30,159.41682581166552,161.25111731732417,157.03224303761303,159.81703186035156,1836755,0.0,0.0
2011-09-15 00:00:00+05:30,160.917630273878,162.56849151961885,158.41631995874,161.91815185546875,1311360,0.0,0.0
2011-09-16 00:00:00+05:30,162.63521804826905,164.73632257745956,160.50076830790204,163.51901245117188,1806315,0.0,0.0
2011-09-19 00:00:00+05:30,162.58519523411698,163.3355833539602,161.29284883009893,162.94371032714844,619275,0.0,0.0
2011-09-20 00:00:00+05:30,163.08543365236034,168.238126668969,162.2516635676802,167.2709503173828,803810,0.0,0.0
2011-09-21 00:00:00+05:30,168.4715814390872,168.9218244097535,165.58674406778263,166.7123260498047,1142470,0.0,0.0
2011-09-22 00:00:00+05:30,165.0864841445854,165.55339337730155,158.79151717945618,160.0671844482422,1118060,0.0,0.0
2011-09-23 00:00:00+05:30,158.41635033167006,163.06045681389853,157.13234972154146,161.7764434814453,1825870,0.0,0.0
2011-09-26 00:00:00+05:30,161.75139849375682,164.25270877974276,155.95669887568715,162.36839294433594,1760525,0.0,0.0
2011-09-27 00:00:00+05:30,165.0864997362165,167.20427044814153,164.25272953552854,165.236572265625,1094290,0.0,0.0
2011-09-28 00:00:00+05:30,165.92027811076935,166.087029614657,159.75038341065536,161.25115966796875,1749115,0.0,0.0
2011-09-29 00:00:00+05:30,160.98435914425767,162.58519647518054,157.7576723930478,161.83480834960938,1838760,0.0,0.0
2011-09-30 00:00:00+05:30,160.0838532075719,160.0838532075719,156.9155244017077,158.9165802001953,2530665,0.0,0.0
2011-10-03 00:00:00+05:30,155.91501844828346,157.58255875254318,154.347526491136,155.82330322265625,1217320,0.0,0.0
2011-10-04 00:00:00+05:30,154.4142219494751,158.8832302514971,145.24275073223248,154.08071899414062,3583940,0.0,0.0
2011-10-05 00:00:00+05:30,153.41371313525866,155.0812534954245,150.30375392579987,151.57107543945312,1651910,0.0,0.0
2011-10-07 00:00:00+05:30,154.32251856216052,157.44082359517674,152.32147523206532,154.2474822998047,1641495,0.0,0.0
2011-10-10 00:00:00+05:30,154.08072104765492,156.35690991783815,151.746162162233,155.314697265625,954830,0.0,0.0
2011-10-11 00:00:00+05:30,157.41578125749467,159.91709130060428,156.59869020566202,159.1500244140625,1785395,0.0,0.0
2011-10-12 00:00:00+05:30,159.41686106044025,166.18708379358603,158.47470937755375,164.39447021484375,1765645,0.0,0.0
2011-10-13 00:00:00+05:30,166.83742411388235,167.02918769993624,162.4184394563129,163.5440216064453,1421835,0.0,0.0
2011-10-14 00:00:00+05:30,163.4189289946176,164.06093549220355,161.46791014059,162.16827392578125,637255,0.0,0.0
2011-10-17 00:00:00+05:30,163.41893343774385,164.0776061940847,160.97599324357768,161.71804809570312,708040,0.0,0.0
2011-10-18 00:00:00+05:30,160.08388635379197,161.75142683664396,159.50858285163613,160.98435974121094,605205,0.0,0.0
2011-10-19 00:00:00+05:30,161.95982314320773,164.24435753231592,161.7430475223822,163.368896484375,654925,0.0,0.0
2011-10-20 00:00:00+05:30,161.8014261452169,166.03697984729703,159.95045547597618,164.00257873535156,1893720,0.0,0.0
2011-10-21 00:00:00+05:30,165.2532260468018,166.42051178326128,162.7519158259451,163.79412841796875,1286095,0.0,0.0
2011-10-24 00:00:00+05:30,164.7362975349293,168.07137792784863,160.50074390924308,161.7847442626953,1695535,0.0,0.0
2011-10-25 00:00:00+05:30,160.91762404549445,163.06041923923954,153.5804448606138,154.97283935546875,4064990,0.0,0.0
2011-10-28 00:00:00+05:30,160.0838789478887,166.9207920668234,159.25010874503513,160.4840850830078,879630,0.0,0.0
2011-10-31 00:00:00+05:30,161.10105735893993,163.25218571182793,158.2162072577522,162.79360961914062,1839275,0.0,0.0
2011-11-01 00:00:00+05:30,162.79361879290946,171.92339922300246,161.59298776342342,168.86346435546875,12070160,0.0,0.0
2011-11-02 00:00:00+05:30,164.75297117343754,165.05312890799044,161.25112669621313,163.11044311523438,5570340,0.0,0.0
2011-11-03 00:00:00+05:30,163.08543747123704,166.03697804229756,162.5851703197858,164.71961975097656,2637490,0.0,0.0
2011-11-04 00:00:00+05:30,166.70398224046954,167.23759455207852,162.58515624664972,163.16879272460938,1564230,0.0,0.0
2011-11-08 00:00:00+05:30,164.65292183743793,164.65292183743793,161.01768355893475,163.1271209716797,1227680,0.0,0.0
2011-11-09 00:00:00+05:30,163.66907946356693,164.25271601152917,159.8504107321532,161.03436279296875,4325795,0.0,0.0
2011-11-11 00:00:00+05:30,160.33398037232368,160.86759268615486,158.10781590420044,159.10833740234375,1056095,0.0,0.0
2011-11-14 00:00:00+05:30,159.7503568928871,160.42570864103794,153.4720690323649,155.4814453125,825765,0.0,0.0
2011-11-15 00:00:00+05:30,155.58150686892708,156.24851277587103,152.33814166547165,153.09686279296875,1407250,0.0,0.0
2011-11-16 00:00:00+05:30,152.41316897751142,152.49653834982593,148.57782162604445,149.39491271972656,1720350,0.0,0.0
2011-11-17 00:00:00+05:30,148.41108190436825,149.1531368049972,142.10778180961947,145.5178985595703,1796930,0.0,0.0
2011-11-18 00:00:00+05:30,143.57520909077152,147.91081107884617,140.90714730751958,146.24327087402344,2254930,0.0,0.0
2011-11-21 00:00:00+05:30,146.07651104907828,146.07651104907828,143.4167825388299,144.64242553710938,825495,0.0,0.0
2011-11-22 00:00:00+05:30,144.90925376201838,148.41108582695387,144.64244120887298,147.45225524902344,1518825,0.0,0.0
2011-11-23 00:00:00+05:30,146.39336158506077,149.2115087077892,142.73311120742733,147.3105010986328,2905465,0.0,0.0
2011-11-24 00:00:00+05:30,147.04370389803375,148.86131671504486,143.75864747737924,147.5773162841797,4225710,0.0,0.0
2011-11-25 00:00:00+05:30,146.57678708747073,148.91134592727315,144.77584060628124,146.81024169921875,2158920,0.0,0.0
2011-11-28 00:00:00+05:30,149.74512166755449,156.0067308152771,146.8019141022526,153.60546875,2798075,0.0,0.0
2011-11-29 00:00:00+05:30,154.0807135259659,154.36419230017205,146.96030990913874,148.67788696289062,2462370,0.0,0.0
2011-11-30 00:00:00+05:30,145.60961152639132,148.36105543432598,145.60961152639132,147.08538818359375,1638720,0.0,0.0
2011-12-01 00:00:00+05:30,150.9123970736727,152.07967019415318,148.41941974639735,150.23704528808594,1953075,0.0,0.0
2011-12-02 00:00:00+05:30,150.8957130084346,153.58045381712327,148.44442681595166,152.8050537109375,1841650,0.0,0.0
2011-12-05 00:00:00+05:30,153.7472153930872,155.61486516769904,150.9124018831073,154.66436767578125,1354405,0.0,0.0
2011-12-07 00:00:00+05:30,155.41473594531075,157.3824338192294,152.09633462925464,153.5804443359375,1123235,0.0,0.0
2011-12-08 00:00:00+05:30,152.4131591391417,157.41577915866063,152.17135871369874,155.64817810058594,3710740,0.0,0.0
2011-12-09 00:00:00+05:30,152.60494723895098,157.39079240792702,150.45381875766165,154.5809783935547,2003400,0.0,0.0
2011-12-12 00:00:00+05:30,156.07344576855272,156.29022144050924,147.23547655990748,148.89468383789062,1156185,0.0,0.0
2011-12-13 00:00:00+05:30,148.24433494908664,149.24485658283098,144.44234510746438,148.28602600097656,2095665,0.0,0.0
2011-12-14 00:00:00+05:30,147.9108111606212,150.9123886198904,146.0765194787665,147.6606903076172,1177450,0.0,0.0
2011-12-15 00:00:00+05:30,147.41055987630313,147.6356813711303,144.3256129743434,144.83421325683594,1232665,0.0,0.0
2011-12-16 00:00:00+05:30,146.24329716980012,147.91083767446068,136.5715698761636,138.1807403564453,2091665,0.0,0.0
2011-12-19 00:00:00+05:30,137.5720813328511,137.5720813328511,130.46002263082352,133.24481201171875,1667895,0.0,0.0
2011-12-20 00:00:00+05:30,133.40321405291178,134.90400275547142,128.56734499902936,129.7512969970703,2442655,0.0,0.0
2011-12-21 00:00:00+05:30,133.40320733889467,133.40320733889467,129.76796943001696,131.76901245117188,2123315,0.0,0.0
2011-12-22 00:00:00+05:30,130.91857330893376,137.6887818625718,130.91857330893376,137.13015747070312,2331230,0.0,0.0
2011-12-23 00:00:00+05:30,137.61377029030268,140.30684440038817,134.57884735421015,136.20469665527344,1655095,0.0,0.0
2011-12-26 00:00:00+05:30,136.20466488969842,137.53870195101445,134.79559158329243,135.51263427734375,970890,0.0,0.0
2011-12-27 00:00:00+05:30,135.070769465999,135.9045396478879,133.9118294220664,134.79562377929688,1218825,0.0,0.0
2011-12-28 00:00:00+05:30,135.05409868257564,135.05409868257564,128.56736729225716,129.12599182128906,2064570,0.0,0.0
2011-12-29 00:00:00+05:30,127.56683297164784,131.40218075122783,125.53243176973095,130.2182159423828,2898255,0.0,0.0
2011-12-30 00:00:00+05:30,130.56841425663154,131.71067532316215,129.3177589964045,130.20155334472656,1092000,0.0,0.0
2012-01-02 00:00:00+05:30,130.88523529828595,130.88523529828595,126.1577600486923,127.77527618408203,1423160,0.0,0.0
2012-01-03 00:00:00+05:30,129.2343553893954,134.403727060507,128.71742203898057,133.75338745117188,1187425,0.0,0.0
2012-01-04 00:00:00+05:30,134.07022721322187,134.64553058599134,131.78569268547227,133.1697540283203,1419345,0.0,0.0
2012-01-05 00:00:00+05:30,134.07021847902848,139.3229720209289,133.41153305485045,137.87220764160156,2077365,0.0,0.0
2012-01-06 00:00:00+05:30,137.53874073010746,137.53874073010746,133.90350207150087,135.45431518554688,1883455,0.0,0.0
2012-01-09 00:00:00+05:30,136.1546664292593,139.18958923047447,133.65335600884052,137.5220489501953,1102715,0.0,0.0
2012-01-10 00:00:00+05:30,138.73934930175702,144.7591708646195,138.19740378759758,143.3751220703125,2177180,0.0,0.0
2012-01-11 00:00:00+05:30,144.45900210215095,148.07757398397894,143.4918384607651,146.81857299804688,1625570,0.0,0.0
2012-01-12 00:00:00+05:30,146.7268344689687,151.57938175843992,145.884731386704,150.55384826660156,2505625,0.0,0.0
2012-01-13 00:00:00+05:30,152.07967421475772,152.5882745283395,148.41109054855417,149.2198486328125,2292215,0.0,0.0
2012-01-16 00:00:00+05:30,149.04473014145503,149.04473014145503,144.2422192146895,147.7357177734375,2074365,0.0,0.0
2012-01-17 00:00:00+05:30,149.57836230216128,153.6721768599238,148.46945917991175,153.0135040283203,1506695,0.0,0.0
2012-01-18 00:00:00+05:30,152.91342133438138,153.39700948769854,149.25317134164757,150.40377807617188,825110,0.0,0.0
2012-01-19 00:00:00+05:30,151.57941825043147,152.88009766976248,151.05413897634662,152.03799438476562,1071670,0.0,0.0
2012-01-20 00:00:00+05:30,152.5799123852283,159.25007248950058,152.5799123852283,158.1745147705078,1662445,0.0,0.0
2012-01-23 00:00:00+05:30,158.08281463666628,162.08490090305523,157.0155899359863,160.2672882080078,1569675,0.0,0.0
2012-01-24 00:00:00+05:30,161.5513120246866,169.16363814682694,158.74984359779268,167.18760681152344,3961170,0.0,0.0
2012-01-25 00:00:00+05:30,167.58778152042447,169.5888245690532,164.58620422515995,166.9124298095703,2210870,0.0,0.0
2012-01-27 00:00:00+05:30,166.5122616423985,167.07088618126394,160.76758514890238,161.9431915283203,1419770,0.0,0.0
2012-01-30 00:00:00+05:30,160.91762769881092,163.00205292807013,158.79151142050213,159.29177856445312,1510025,0.0,0.0
2012-01-31 00:00:00+05:30,161.75139335858822,163.7941274828277,153.41369267000118,156.94053649902344,10491405,0.0,0.0
2012-02-01 00:00:00+05:30,156.7487975202792,160.8676243417562,155.68157268260788,159.38351440429688,3862510,0.0,0.0
2012-02-02 00:00:00+05:30,161.7347477009073,162.36842122601777,153.41372426240378,158.8832550048828,4045305,0.0,0.0
2012-02-03 00:00:00+05:30,157.8743711352066,161.14274835107565,156.7487764283086,160.55076599121094,2196335,0.0,0.0
2012-02-06 00:00:00+05:30,160.91761279612,163.66905638839347,160.80921862309395,162.51011657714844,2151240,0.0,0.0
2012-02-07 00:00:00+05:30,163.41892456276923,165.75348317241583,162.60183350220524,163.88583374023438,1823010,0.0,0.0
2012-02-08 00:00:00+05:30,164.26939684450895,166.2704400952277,162.59351071776732,163.53567504882812,2082205,0.0,0.0
2012-02-09 00:00:00+05:30,163.41895300047452,167.42105235311402,163.1104621093211,166.8457489013672,1398515,0.0,0.0
2012-02-10 00:00:00+05:30,166.42052335624288,170.75612549609718,166.11201975637164,168.02969360351562,3017920,0.0,0.0
2012-02-13 00:00:00+05:30,168.42157208556551,168.42157208556551,163.62739367223875,165.87857055664062,2343565,0.0,0.0
2012-02-14 00:00:00+05:30,165.41999338181188,170.3308990775191,165.10316937463017,169.38040161132812,2831565,0.0,0.0
2012-02-15 00:00:00+05:30,170.75612777956437,176.3924093645149,170.08910912090022,175.14175415039062,3401820,0.0,0.0
2012-02-16 00:00:00+05:30,174.29131224586317,177.392938322865,172.923929664134,176.20065307617188,1998070,0.0,0.0
2012-02-17 00:00:00+05:30,176.7592676943658,181.6451611687728,176.7592676943658,179.51071166992188,2697195,0.0,0.0
2012-02-21 00:00:00+05:30,179.71080367251696,181.93698105889914,177.75978467106967,178.7186279296875,1294670,0.0,0.0
2012-02-22 00:00:00+05:30,180.76135411830188,181.77020878072216,169.80561588328226,171.2230224609375,2349735,0.0,0.0
2012-02-23 00:00:00+05:30,169.25533496484314,172.84054903811958,165.2699147947868,167.2126007080078,5007370,0.0,0.0
2012-02-24 00:00:00+05:30,168.08805620935192,170.0890993480472,160.25060968443105,160.9509735107422,3546480,0.0,0.0
2012-02-27 00:00:00+05:30,160.41736333822053,161.4762549353069,148.11092115118413,151.56272888183594,2833265,0.0,0.0
2012-02-28 00:00:00+05:30,154.08070975158373,161.7347128015867,152.12134502014035,158.63308715820312,3359015,0.0,0.0
2012-02-29 00:00:00+05:30,159.75035971611302,163.72743401935858,157.7409706781444,158.96661376953125,2111590,0.0,0.0
2012-03-01 00:00:00+05:30,159.40018744097105,160.0421940842539,155.28970628861092,158.19122314453125,1544975,0.0,0.0
2012-03-02 00:00:00+05:30,160.08387101883733,162.41843001566,156.17348692556592,159.0333251953125,1968305,0.0,0.0
2012-03-05 00:00:00+05:30,160.50075758859415,160.50075758859415,154.28082652785815,156.92388916015625,2524965,0.0,0.0
2012-03-06 00:00:00+05:30,156.91553112484675,161.3845393939283,153.5137475717558,155.63153076171875,2156385,0.0,0.0
2012-03-07 00:00:00+05:30,155.623188351445,156.74878310629686,153.08019965444018,155.46478271484375,1138560,0.0,0.0
2012-03-09 00:00:00+05:30,157.41579547932773,160.08385722189493,157.09062565323865,159.7003173828125,1121265,0.0,0.0
2012-03-12 00:00:00+05:30,163.9025140546224,164.74461720504377,160.0088095404753,161.92648315429688,1752390,0.0,0.0
2012-03-13 00:00:00+05:30,163.71910843782914,164.52786650741302,162.10159229866133,162.8019561767578,1597035,0.0,0.0
2012-03-14 00:00:00+05:30,164.59454214368313,172.54036938956602,163.62736587040425,171.1813201904297,3922720,0.0,0.0
2012-03-15 00:00:00+05:30,171.42312879136887,172.59040178212618,165.08647126985983,166.20372009277344,2585460,0.0,0.0
2012-03-16 00:00:00+05:30,167.70451930924014,170.0891023312078,159.34180612907488,160.65916442871094,2724385,0.0,0.0
2012-03-19 00:00:00+05:30,161.0843814933077,161.75140012074425,154.33085128660804,154.65602111816406,2227910,0.0,0.0
2012-03-20 00:00:00+05:30,155.86499069300837,160.75088418110624,153.98066205020942,159.76702880859375,2396555,0.0,0.0
2012-03-21 00:00:00+05:30,158.941618098118,162.96872971109116,158.0995020495871,162.58518981933594,1526215,0.0,0.0
2012-03-22 00:00:00+05:30,163.66910186267427,164.71131467035516,156.09846650100124,157.624267578125,2118010,0.0,0.0
2012-03-23 00:00:00+05:30,158.08280566900146,160.17556390255223,155.42307718907122,158.65809631347656,1387375,0.0,0.0
2012-03-26 00:00:00+05:30,158.74984130604253,158.79153236058997,151.07915799528803,151.97129821777344,1710665,0.0,0.0
2012-03-27 00:00:00+05:30,154.56431316279594,156.5820353819463,150.44548662127562,154.29750061035156,2742515,0.0,0.0
2012-03-28 00:00:00+05:30,154.74772181937962,154.74772181937962,151.087471916383,152.1296844482422,1558880,0.0,0.0
2012-03-29 00:00:00+05:30,150.91237826563327,153.13854276088423,149.8201415413816,151.67111206054688,2087625,0.0,0.0
2012-03-30 00:00:00+05:30,153.74721510611928,156.01507099879956,152.45488151335786,154.2474822998047,2163920,0.0,0.0
2012-04-02 00:00:00+05:30,155.38139897442377,157.06561816717613,153.74720395294645,154.91448974609375,1457605,0.0,0.0
2012-04-03 00:00:00+05:30,154.91449591114372,156.7487876907195,154.34752559537793,155.28135681152344,1836725,0.0,0.0
2012-04-04 00:00:00+05:30,153.74721327718171,155.73159034025213,153.74721327718171,154.9645233154297,1056960,0.0,0.0
2012-04-09 00:00:00+05:30,153.91396998291367,154.41422442393187,150.9457376546537,151.95460510253906,1624210,0.0,0.0
2012-04-10 00:00:00+05:30,152.2881117108811,153.00515454360558,150.07862591823618,151.22923278808594,1526605,0.0,0.0
2012-04-11 00:00:00+05:30,150.912400531544,152.07967367877032,148.36939897259754,150.07029724121094,2697970,0.0,0.0
2012-04-12 00:00:00+05:30,151.19587716209315,153.9973453974883,150.09530717086093,152.17138671875,2609455,0.0,0.0
2012-04-13 00:00:00+05:30,153.413709476714,155.23132231923393,149.41161016329164,150.49551391601562,1709610,0.0,0.0
2012-04-16 00:00:00+05:30,149.24485372045206,154.55596539343887,149.06142327351262,154.03903198242188,1592795,0.0,0.0
2012-04-17 00:00:00+05:30,155.08125761070917,156.91554951110228,151.17087332678133,154.8978271484375,3152015,0.0,0.0
2012-04-18 00:00:00+05:30,156.24850883013497,156.35690301232106,153.1052047699566,154.1140594482422,955390,0.0,0.0
2012-04-19 00:00:00+05:30,154.4559232353931,155.0812508598279,152.74669185080674,153.6971893310547,840535,0.0,0.0
2012-04-20 00:00:00+05:30,153.34701637949777,154.2308107716149,149.24486844935635,151.11251831054688,1102610,0.0,0.0
2012-04-23 00:00:00+05:30,151.07915001301868,152.41318735411107,147.57731789555484,148.1276092529297,1643935,0.0,0.0
2012-04-24 00:00:00+05:30,148.4277704923482,149.57836468558776,145.567932169234,147.2521514892578,1160270,0.0,0.0
2012-04-25 00:00:00+05:30,146.92697537081315,148.98638863835484,144.2422344970703,145.90977478027344,1085515,0.0,0.0
2012-04-26 00:00:00+05:30,146.74355089157325,147.16043597933339,140.09006845317174,140.95718383789062,3892375,0.0,0.0
2012-04-27 00:00:00+05:30,141.74092259869616,143.39178389965417,137.922253863182,139.07286071777344,1562285,0.0,0.0
2012-04-30 00:00:00+05:30,139.2562867355112,143.74196125683926,139.2562867355112,141.76593017578125,1465495,0.0,0.0
2012-05-02 00:00:00+05:30,141.9076693994018,145.74301697330003,141.9076693994018,144.56739807128906,1536000,0.0,0.0
2012-05-03 00:00:00+05:30,143.07496341342798,143.95875774046687,140.0733857722366,140.70704650878906,1187570,0.0,0.0
2012-05-04 00:00:00+05:30,140.07337348837518,140.4735795646633,132.6027879711736,134.10357666015625,2903230,0.0,0.0
2012-05-07 00:00:00+05:30,133.06973351452436,134.06190939936653,127.70858433139348,132.63616943359375,4006200,0.0,0.0
2012-05-08 00:00:00+05:30,133.73673278055665,136.82169264742473,129.4011303566839,130.72682189941406,3745175,0.0,0.0
2012-05-09 00:00:00+05:30,130.7184780332168,132.90295167041415,126.38287596570771,127.97537994384766,8417075,0.0,0.0
2012-05-10 00:00:00+05:30,127.56681894054937,129.18433488948463,124.56524164125493,125.59912109375,4322965,0.0,0.0
2012-05-11 00:00:00+05:30,125.01549172418655,126.73305610690596,122.56420557707352,124.20673370361328,3243115,0.0,0.0
2012-05-14 00:00:00+05:30,125.11554885075451,126.06604632940264,120.26301310891603,120.70491027832031,2526385,0.0,0.0
2012-05-15 00:00:00+05:30,119.64601486229371,122.88104707048016,119.55429963817535,121.93054962158203,2251215,0.0,0.0
2012-05-16 00:00:00+05:30,120.57980116767665,120.92164988655614,117.89506102066281,118.28693389892578,2463740,0.0,0.0
2012-05-17 00:00:00+05:30,119.39589372121416,120.69657323713994,118.59548142940938,119.97953033447266,1922855,0.0,0.0
2012-05-18 00:00:00+05:30,118.39535730230787,122.3974564316391,117.80337491797447,120.33804321289062,4469525,0.0,0.0
2012-05-21 00:00:00+05:30,121.7137466668228,122.49749253864113,119.20410343079108,119.96283721923828,2233990,0.0,0.0
2012-05-22 00:00:00+05:30,121.2135053998627,122.04727552868867,119.72939558833828,120.0545654296875,3398625,0.0,0.0
2012-05-23 00:00:00+05:30,119.72940348189715,120.05457334468429,117.31146231549752,118.07852935791016,2139600,0.0,0.0
2012-05-24 00:00:00+05:30,119.04569794024458,121.59703249811444,118.00348527952502,120.8216323852539,1921675,0.0,0.0
2012-05-25 00:00:00+05:30,120.37974116526323,122.2307119596729,120.33805011231608,121.03841400146484,3151355,0.0,0.0
2012-05-28 00:00:00+05:30,121.6303899669963,125.73253745736996,121.3969353496653,124.94879150390625,3808000,0.0,0.0
2012-05-29 00:00:00+05:30,125.8992889379889,126.39955610216818,124.38182120301491,124.94879150390625,2426280,0.0,0.0
2012-05-30 00:00:00+05:30,124.23176318134736,124.89878190396703,121.39694951311868,121.95557403564453,2915380,0.0,0.0
2012-05-31 00:00:00+05:30,120.72991189049756,127.3667146996604,120.1295964063503,125.982666015625,5338965,0.0,0.0
2012-06-01 00:00:00+05:30,126.68303754333047,126.68303754333047,120.89667071623687,121.28854370117188,3489395,0.0,0.0
2012-06-04 00:00:00+05:30,120.0629105601858,124.04833115682828,118.92064944058319,123.3563003540039,2812350,0.0,0.0
2012-06-05 00:00:00+05:30,124.24842089190211,126.06603355970545,122.5225107194758,125.22393035888672,2322825,0.0,0.0
2012-06-06 00:00:00+05:30,125.39900297569434,128.71741673747525,125.39900297569434,128.2088165283203,2521200,0.0,0.0
2012-06-07 00:00:00+05:30,130.0681374707095,130.0681374707095,126.07438423209092,127.75859069824219,3086130,0.0,0.0
2012-06-08 00:00:00+05:30,128.2171681996549,131.33547303247565,125.71585783645862,130.40164184570312,3887075,0.0,0.0
2012-06-11 00:00:00+05:30,131.71901635086937,133.39490264245012,127.67523840014783,128.7257843017578,2627685,0.0,0.0
2012-06-12 00:00:00+05:30,128.16713812268685,134.22030434268729,127.77526516605577,133.69503784179688,4235495,0.0,0.0
2012-06-13 00:00:00+05:30,134.57048900701722,136.4047934042744,134.23698605605523,135.76278686523438,4065005,0.0,0.0
2012-06-14 00:00:00+05:30,136.38834876673536,137.09102130526585,131.45244651278932,131.87234497070312,4177130,4.4,0.0
2012-06-15 00:00:00+05:30,133.1663019981459,136.25124098659444,132.4036383420647,135.76278686523438,3236475,0.0,0.0
2012-06-18 00:00:00+05:30,138.1364766479194,139.14765618628175,129.3958335528572,130.2956085205078,4342490,0.0,0.0
2012-06-19 00:00:00+05:30,130.42413813505937,130.94686353231424,127.21924317623898,128.44464111328125,4389360,0.0,0.0
2012-06-20 00:00:00+05:30,129.51579098679585,130.68121083265746,128.72742066101486,129.2672882080078,2808080,0.0,0.0
2012-06-21 00:00:00+05:30,128.77028317103796,134.02323104671513,127.96477057957041,133.56906127929688,3286015,0.0,0.0
2012-06-22 00:00:00+05:30,130.62979609845206,134.35741619800683,130.28701786731835,133.68045043945312,2519095,0.0,0.0
2012-06-25 00:00:00+05:30,134.53737989517515,136.4397566314649,131.6238367710185,132.68641662597656,3288235,0.0,0.0
2012-06-26 00:00:00+05:30,132.6521460012513,134.36599798298414,131.7952200103849,133.85183715820312,1666125,0.0,0.0
2012-06-27 00:00:00+05:30,134.5373968440065,135.22294033477564,133.4919459626058,134.72592163085938,1633280,0.0,0.0
2012-06-28 00:00:00+05:30,135.22291806635363,135.60853213026655,134.06606279896243,135.03439331054688,1894930,0.0,0.0
2012-06-29 00:00:00+05:30,136.25124370549008,138.82202188861254,136.25124370549008,138.53067016601562,2577685,0.0,0.0
2012-07-02 00:00:00+05:30,140.3473522561117,140.43305009432441,138.573522070866,139.507568359375,2309380,0.0,0.0
2012-07-03 00:00:00+05:30,140.53586689265876,143.0209471135481,139.88460782648895,142.15545654296875,3350780,0.0,0.0
2012-07-04 00:00:00+05:30,143.10666482859153,145.4974829966911,142.24973869189338,145.02618408203125,2933230,0.0,0.0
2012-07-05 00:00:00+05:30,144.99189331078244,145.66887225124282,143.10665850843694,144.93191528320312,1842425,0.0,0.0
2012-07-06 00:00:00+05:30,145.16326391054662,145.16326391054662,142.28399193348793,144.11781311035156,1912970,0.0,0.0
2012-07-09 00:00:00+05:30,142.59247796643888,143.92929347995627,141.94121892830432,143.51795959472656,1200710,0.0,0.0
2012-07-10 00:00:00+05:30,143.74076073503,148.89088088607028,142.87525717412387,148.20533752441406,3575575,0.0,0.0
2012-07-11 00:00:00+05:30,146.7057521052362,149.79069143008545,146.7057521052362,147.90545654296875,2238990,0.0,0.0
2012-07-12 00:00:00+05:30,146.53434550932081,147.89685470660163,143.98070969905467,144.75193786621094,1486190,0.0,0.0
2012-07-13 00:00:00+05:30,145.33465033013422,147.39126743619212,142.24971159539473,144.46914672851562,1630205,0.0,0.0
2012-07-16 00:00:00+05:30,144.99186349192505,147.38269413839583,143.2265981834352,146.13157653808594,1871405,0.0,0.0
2012-07-17 00:00:00+05:30,147.39129495049016,148.24822108392326,146.1916035939459,146.88571166992188,2026195,0.0,0.0
2012-07-18 00:00:00+05:30,146.96280916675332,147.08277828386332,142.28398744815706,142.60105895996094,3420305,0.0,0.0
2012-07-19 00:00:00+05:30,143.96357230525246,144.46059096919424,140.01314280408815,141.1699981689453,3352765,0.0,0.0
2012-07-20 00:00:00+05:30,141.22139948143635,141.92407196262124,139.50754757771907,140.4330291748047,1750830,0.0,0.0
2012-07-23 00:00:00+05:30,139.17334783482053,139.85031358766219,136.9367705636983,138.0250701904297,1351690,0.0,0.0
2012-07-24 00:00:00+05:30,137.96508531965532,139.4732703649829,137.68229817197144,138.2650146484375,1384105,0.0,0.0
2012-07-25 00:00:00+05:30,138.6506342889247,138.65919884199064,134.70876932010054,135.7713623046875,1650955,0.0,0.0
2012-07-26 00:00:00+05:30,135.908480110333,136.25124530852042,128.31611459715907,129.55865478515625,4083940,0.0,0.0
2012-07-27 00:00:00+05:30,131.94947632116833,133.3377054851904,121.34074016662358,122.51472473144531,16913790,0.0,0.0
2012-07-30 00:00:00+05:30,123.39734840415534,125.45396564729651,121.74348744144112,125.21402740478516,4658415,0.0,0.0
2012-07-31 00:00:00+05:30,125.60821115970269,125.96811850062616,122.54041459584721,124.61417388916016,3996700,0.0,0.0
2012-08-01 00:00:00+05:30,124.81127751136181,126.39659597933036,124.29712971209266,125.30829620361328,3046160,0.0,0.0
2012-08-02 00:00:00+05:30,125.43685890403643,125.43685890403643,124.10862070470161,124.87128448486328,1640790,0.0,0.0
2012-08-03 00:00:00+05:30,124.08290026420596,127.39063548975582,122.55757287230698,126.91075897216797,9569910,0.0,0.0
2012-08-06 00:00:00+05:30,128.8816732591726,129.43010541056958,126.91075379598762,127.50202178955078,3749740,0.0,0.0
2012-08-07 00:00:00+05:30,127.5106115101813,129.72148250768217,126.37089818148968,128.9159698486328,3544125,0.0,0.0
2012-08-08 00:00:00+05:30,129.72147082160967,130.15849840387799,126.4822913689873,127.06499481201172,2100570,0.0,0.0
2012-08-09 00:00:00+05:30,128.19615251626405,128.23898836165125,124.4599541177902,125.4025650024414,1973620,0.0,0.0
2012-08-10 00:00:00+05:30,124.76843855365577,126.26805914648502,123.15741338972137,123.62014770507812,2483555,0.0,0.0
2012-08-13 00:00:00+05:30,123.62014274912585,125.10263417593167,122.55756285436718,123.25167083740234,2410230,0.0,0.0
2012-08-14 00:00:00+05:30,122.64325643209689,125.93386251804732,122.64325643209689,125.47111511230469,2677465,0.0,0.0
2012-08-16 00:00:00+05:30,125.9681322789667,126.82505834889164,124.43424036708888,124.99980163574219,2476830,0.0,0.0
2012-08-17 00:00:00+05:30,125.45397847062006,126.20807763882398,124.0829045269323,124.65704345703125,1691735,0.0,0.0
2012-08-21 00:00:00+05:30,124.33997808327032,125.41970022506854,123.21739394715404,123.36308288574219,2386295,0.0,0.0
2012-08-22 00:00:00+05:30,122.71180547874755,123.90293214322483,121.4007096925119,121.60637664794922,4746880,0.0,0.0
2012-08-23 00:00:00+05:30,122.54041795987604,123.5001708953528,121.94057237520306,122.84034729003906,2028085,0.0,0.0
2012-08-24 00:00:00+05:30,122.6604058931108,122.6604058931108,121.51212801549589,121.88059997558594,1521470,0.0,0.0
2012-08-27 00:00:00+05:30,122.19765483066328,122.49757109018113,115.71071862815725,116.37911987304688,5636165,0.0,0.0
2012-08-28 00:00:00+05:30,116.19917346425488,117.553105068371,114.82808660291397,115.8306884765625,4681115,0.0,0.0
2012-08-29 00:00:00+05:30,116.07063008512839,117.21034329312411,113.81692348006736,114.16826629638672,3941035,0.0,0.0
2012-08-30 00:00:00+05:30,114.14255841328915,117.15894206561403,112.97713834823104,116.43054962158203,4378730,0.0,0.0
2012-08-31 00:00:00+05:30,116.19917658022962,117.51883693224399,114.67384927080299,115.9506607055664,3412530,0.0,0.0
2012-09-03 00:00:00+05:30,116.37055980948355,117.39886845085664,114.15968903892181,114.69097900390625,1853885,0.0,0.0
2012-09-04 00:00:00+05:30,114.31392116343274,116.70475198383735,114.31392116343274,116.06205749511719,2814965,0.0,0.0
2012-09-05 00:00:00+05:30,114.82809148202013,115.83069339826974,114.22824585806573,114.63098907470703,1406205,0.0,0.0
2012-09-06 00:00:00+05:30,114.31393448246035,115.61646579254416,113.80835123058363,114.20252990722656,1708625,0.0,0.0
2012-09-07 00:00:00+05:30,116.19917610793723,117.2960403917037,114.87950268563297,117.09893798828125,3509475,0.0,0.0
2012-09-10 00:00:00+05:30,117.05610575598294,119.1555720009401,117.05610575598294,117.63880920410156,3564105,0.0,0.0
2012-09-11 00:00:00+05:30,116.62763979377559,118.25579404676667,116.54194195913237,117.40743255615234,1502995,0.0,0.0
2012-09-12 00:00:00+05:30,117.95586470116916,118.63284359815081,115.7021580973746,117.40743255615234,1518525,0.0,0.0
2012-09-13 00:00:00+05:30,118.08441328789247,118.68425891275393,116.57621505892197,116.87614440917969,1637300,0.0,0.0
2012-09-14 00:00:00+05:30,118.68424520049152,121.82059734539034,118.68424520049152,121.52066802978516,5354040,0.0,0.0
2012-09-17 00:00:00+05:30,122.91748588876081,130.25277145211734,122.91748588876081,128.15330505371094,7770815,0.0,0.0
2012-09-18 00:00:00+05:30,128.71027462042093,138.45353152896314,128.1875492697405,137.58802795410156,11488130,0.0,0.0
2012-09-20 00:00:00+05:30,135.73707720451108,140.14167645241128,132.90923178097609,136.31979370117188,8479985,0.0,0.0
2012-09-21 00:00:00+05:30,137.1081527861802,144.246347559689,137.1081527861802,143.49224853515625,8131320,0.0,0.0
2012-09-24 00:00:00+05:30,145.06043267181977,146.99708073043053,140.28736163675163,140.7415313720703,5233525,0.0,0.0
2012-09-25 00:00:00+05:30,142.24971589527382,144.80335171221094,138.4963758338281,141.144287109375,8513185,0.0,0.0
2012-09-26 00:00:00+05:30,141.90694418960933,143.10663530320758,139.4989712587438,142.83241271972656,3812000,0.0,0.0
2012-09-27 00:00:00+05:30,143.27801788005698,144.3063264168058,140.9214714903335,142.83241271972656,3919890,0.0,0.0
2012-09-28 00:00:00+05:30,144.8204966778585,145.65171595928072,142.59248380639934,144.01498413085938,2924285,0.0,0.0
2012-10-01 00:00:00+05:30,144.3063422389938,144.73480526592155,141.87267538420133,142.54107666015625,2597635,0.0,0.0
2012-10-03 00:00:00+05:30,143.4494148887622,144.0492735815631,141.05003242017372,141.8898162841797,2722660,0.0,0.0
2012-10-04 00:00:00+05:30,142.43823210050942,143.96355924166056,142.23256516578653,142.6953125,4050505,0.0,0.0
2012-10-05 00:00:00+05:30,143.96358233356074,144.13496493549363,133.56050018081652,140.3816375732422,4574880,0.0,0.0
2012-10-08 00:00:00+05:30,140.4501902945289,140.70727075381762,135.96847020589752,136.49119567871094,2977640,0.0,0.0
2012-10-09 00:00:00+05:30,137.27953861562634,138.65062540624453,134.8201652509446,135.75421142578125,4057455,0.0,0.0
2012-10-10 00:00:00+05:30,135.39431596958923,137.6223289309959,134.6487944899153,136.6025848388672,5318100,0.0,0.0
2012-10-11 00:00:00+05:30,137.27956209836057,141.39281009816546,135.55714530076415,140.7672576904297,5388890,0.0,0.0
2012-10-12 00:00:00+05:30,141.3585061917236,143.6722035716452,140.12453076892487,140.58726501464844,6238170,0.0,0.0
2012-10-15 00:00:00+05:30,140.53585810925514,141.61558011676206,138.70203706914828,140.57012939453125,1474665,0.0,0.0
2012-10-16 00:00:00+05:30,141.1357315493387,141.90697291475618,137.45094656075764,137.99081420898438,1426965,0.0,0.0
2012-10-17 00:00:00+05:30,139.50755761984638,140.8786313961224,138.56493377468834,139.38758850097656,2259810,0.0,0.0
2012-10-18 00:00:00+05:30,140.21021532876523,143.00380220599735,139.17334228436155,142.52392578125,3081790,0.0,0.0
2012-10-19 00:00:00+05:30,142.59250327538174,143.24377550476427,140.27880533182744,141.01576232910156,2092455,0.0,0.0
2012-10-22 00:00:00+05:30,139.37043177151412,141.34992856406544,139.23332048550273,140.58726501464844,1521725,0.0,0.0
2012-10-23 00:00:00+05:30,139.85031291118776,141.85551650300414,139.85031291118776,140.287353515625,1435920,0.0,0.0
2012-10-25 00:00:00+05:30,139.86745609707,140.95575572636196,136.89392197279804,137.7679901123047,2853620,0.0,0.0
2012-10-29 00:00:00+05:30,128.81313126242574,130.7669216278179,127.33921739721356,129.45582580566406,4662335,0.0,0.0
2012-10-30 00:00:00+05:30,129.39584345866712,131.79523919753495,124.25428676494525,124.91412353515625,9743785,0.0,0.0
2012-10-31 00:00:00+05:30,124.16858873342363,127.33922581689875,122.87463500804954,126.55084228515625,5017995,0.0,0.0
2012-11-01 00:00:00+05:30,126.48228149686094,129.22444205282193,125.55679985753916,128.82168579101562,3631415,0.0,0.0
2012-11-02 00:00:00+05:30,129.85856897423568,130.76692157855297,128.30753490257618,129.49009704589844,3275825,0.0,0.0
2012-11-05 00:00:00+05:30,129.65288242743785,130.20131444294373,128.62457403282065,129.4215087890625,1819495,0.0,0.0
2012-11-06 00:00:00+05:30,128.23041208671629,130.7497767361093,128.23041208671629,129.8242950439453,2116450,0.0,0.0
2012-11-07 00:00:00+05:30,129.22445590168658,134.2803145599572,129.22445590168658,132.94351196289062,4107960,0.0,0.0
2012-11-08 00:00:00+05:30,131.1439721058766,134.17749799607844,130.87832709175862,133.35484313964844,2501825,0.0,0.0
2012-11-09 00:00:00+05:30,133.33772071007874,134.6402391074915,130.595546435059,131.84666442871094,2329255,0.0,0.0
2012-11-12 00:00:00+05:30,132.23226048537532,132.99492416877752,131.13539615589028,132.29225158691406,1276970,0.0,0.0
2012-11-15 00:00:00+05:30,131.1096674653416,131.7095130020134,129.9356831238802,130.8097381591797,1152915,0.0,0.0
2012-11-16 00:00:00+05:30,130.0813700400503,131.7352309516821,126.88503970587779,127.32206726074219,1899200,0.0,0.0
2012-11-19 00:00:00+05:30,127.68198201413358,128.53034351461724,126.20806815556912,127.50202178955078,1529195,0.0,0.0
2012-11-20 00:00:00+05:30,127.27922563653499,127.99904038307054,124.7427318414134,125.18832397460938,2096755,0.0,0.0
2012-11-21 00:00:00+05:30,125.45394879143103,126.44798599150796,124.25425774006355,124.70842742919922,2616340,0.0,0.0
2012-11-22 00:00:00+05:30,124.93982906317183,126.73080148932475,124.93982906317183,125.75390625,1821350,0.0,0.0
2012-11-23 00:00:00+05:30,125.9681103357235,126.56795586504894,124.84553947177474,125.87384796142578,1441010,0.0,0.0
2012-11-26 00:00:00+05:30,125.50541374651456,127.51061786429155,125.45398719229871,126.84221649169922,1344325,0.0,0.0
2012-11-27 00:00:00+05:30,127.33064212285586,129.87571360719616,126.32804018594213,129.30157470703125,2569220,0.0,0.0
2012-11-29 00:00:00+05:30,129.48153847432104,132.30938413362134,129.3958406343676,131.4096221923828,1904545,0.0,0.0
2012-11-30 00:00:00+05:30,132.0094613489895,134.8630266803773,131.81237201758069,134.52024841308594,2471275,0.0,0.0
2012-12-03 00:00:00+05:30,134.8801518453358,135.79706897343405,133.17487741464072,134.20318603515625,1301350,0.0,0.0
2012-12-04 00:00:00+05:30,134.1946226747216,135.54855430711348,133.42338139574056,134.93157958984375,1694485,0.0,0.0
2012-12-05 00:00:00+05:30,136.25126149258398,140.70727497658137,136.07987887313325,139.54185485839844,3686260,0.0,0.0
2012-12-06 00:00:00+05:30,140.53587270721872,141.5641813557993,137.4595113147725,141.05003356933594,3165090,0.0,0.0
2012-12-07 00:00:00+05:30,142.0783294765731,142.5667704836934,140.02169928819316,140.7158203125,2424555,0.0,0.0
2012-12-10 00:00:00+05:30,140.878629775948,144.45202271789927,139.71320988790703,143.9121551513672,2745430,0.0,0.0
2012-12-11 00:00:00+05:30,144.63194556694643,146.00303217284844,140.27876063020605,142.18113708496094,3686680,0.0,0.0
2012-12-12 00:00:00+05:30,142.59246965785636,143.95499182535252,140.75008413685842,141.46133422851562,2071515,0.0,0.0
2012-12-13 00:00:00+05:30,143.41514777383347,144.73480816996152,139.83318999750733,140.49302673339844,2636980,0.0,0.0
2012-12-14 00:00:00+05:30,138.73632531398778,143.3551563019777,138.22217751807975,142.3182830810547,4538135,0.0,0.0
2012-12-17 00:00:00+05:30,143.10665181692917,144.22065830847916,142.92669159129676,143.52655029296875,1994640,0.0,0.0
2012-12-18 00:00:00+05:30,144.82048923191317,145.50603262447288,140.3558991656185,144.69195556640625,4372465,0.0,0.0
2012-12-19 00:00:00+05:30,145.67741589042217,147.73403300214352,144.43487584060497,145.8573760986328,4179230,0.0,0.0
2012-12-20 00:00:00+05:30,145.85736516811795,147.1170342285824,143.98069532959173,145.88307189941406,2842350,0.0,0.0
2012-12-21 00:00:00+05:30,145.33466396414346,145.48890437752357,141.90695974872173,142.54107666015625,2386865,0.0,0.0
2012-12-24 00:00:00+05:30,142.93526143010212,144.11781043532855,141.40993417465168,142.8495635986328,2025425,0.0,0.0
2012-12-26 00:00:00+05:30,143.10665495105596,145.40321056257923,142.26687105623895,144.3920440673828,2581825,0.0,0.0
2012-12-27 00:00:00+05:30,144.82048490083142,146.08016708773698,144.13494152877396,144.66624450683594,3942420,0.0,0.0
2012-12-28 00:00:00+05:30,145.16325692043512,145.84880032494323,143.79218318707174,144.42630004882812,1776980,0.0,0.0
2012-12-31 00:00:00+05:30,144.6662599737857,150.03061226303288,144.6662599737857,149.3279266357422,10739370,0.0,0.0
2013-01-01 00:00:00+05:30,150.76756433029158,153.5439962349878,149.97061634144686,152.95272827148438,11298970,0.0,0.0
2013-01-02 00:00:00+05:30,154.07532444412985,157.58871381508197,153.78397269117556,155.1893310546875,9276360,0.0,0.0
2013-01-03 00:00:00+05:30,155.7377147148681,156.45752931857606,152.87557232757948,153.69822692871094,2937485,0.0,0.0
2013-01-04 00:00:00+05:30,153.0298385465307,156.08905740521308,152.8070425055623,155.6348876953125,3445595,0.0,0.0
2013-01-07 00:00:00+05:30,156.3033032633134,156.75747301496725,154.37521968814596,154.7265625,2010250,0.0,0.0
2013-01-08 00:00:00+05:30,154.41807674249134,155.60920346867212,152.25005480977129,153.5782928466797,4681025,0.0,0.0
2013-01-09 00:00:00+05:30,153.62111293129178,155.3863782296958,151.5730605109611,152.19004821777344,3162925,0.0,0.0
2013-01-10 00:00:00+05:30,153.69824848865693,154.15241822439427,151.71017388450966,152.22433471679688,2586635,0.0,0.0
2013-01-11 00:00:00+05:30,152.37858769310876,153.12410912937335,150.34766418037458,150.947509765625,1746450,0.0,0.0
2013-01-14 00:00:00+05:30,151.00748484312044,155.78913298799958,149.5335712324845,155.1807098388672,3129360,0.0,0.0
2013-01-15 00:00:00+05:30,155.27499728535724,156.26903463921263,153.49258953640563,154.39236450195312,2621195,0.0,0.0
2013-01-16 00:00:00+05:30,153.38976464360758,154.38380201073988,150.8189864652231,151.32456970214844,1489375,0.0,0.0
2013-01-17 00:00:00+05:30,149.96206506218786,153.3554981163116,149.67071333108123,152.62710571289062,1998215,0.0,0.0
2013-01-18 00:00:00+05:30,152.7385006936346,155.1036118353808,152.37001570043168,153.26979064941406,2202420,0.0,0.0
2013-01-21 00:00:00+05:30,153.38975158892615,154.41806015763194,152.58423906948317,152.84988403320312,1115170,0.0,0.0
2013-01-22 00:00:00+05:30,152.8756106184651,155.41211762126113,150.6818819001845,151.16175842285156,2025795,0.0,0.0
2013-01-23 00:00:00+05:30,151.19600511157282,152.5328073989198,147.66547465261522,149.83349609375,2255055,0.0,0.0
2013-01-24 00:00:00+05:30,149.10513067067765,150.21055950684507,145.51460847794007,146.0458984375,2026230,0.0,0.0
2013-01-25 00:00:00+05:30,146.05446699798122,150.3048125618697,144.85476277340487,149.67926025390625,1968635,0.0,0.0
2013-01-28 00:00:00+05:30,150.8446758975417,151.5045125488202,148.95087684573596,149.54214477539062,1457665,0.0,0.0
2013-01-29 00:00:00+05:30,149.86777489566495,152.22432119563294,146.7142937596571,147.26272583007812,4901220,0.0,0.0
2013-01-30 00:00:00+05:30,148.16250674371963,148.61667649781893,142.58392294343258,142.87527465820312,4401250,0.0,0.0
2013-01-31 00:00:00+05:30,142.59250464650407,157.67440995988568,141.42708457160046,156.32046508789062,37322060,0.0,0.0
2013-02-01 00:00:00+05:30,156.30330174788116,156.98884518309143,153.10697133544312,154.22097778320312,10253135,0.0,0.0
2013-02-04 00:00:00+05:30,155.10361905749704,155.2750016567944,150.99037129609005,151.28172302246094,3651895,0.0,0.0
2013-02-05 00:00:00+05:30,150.82754297691292,152.24147874502998,149.38791355008823,150.83612060546875,3655510,0.0,0.0
2013-02-06 00:00:00+05:30,152.36146527639275,153.5268853113386,150.32197694632382,150.97323608398438,3352125,0.0,0.0
2013-02-07 00:00:00+05:30,150.99036384190228,152.53283331073706,149.61929003955743,150.3562469482422,2600025,0.0,0.0
2013-02-08 00:00:00+05:30,150.81896915824572,151.13602757965367,147.20274055624012,147.8282928466797,2950630,0.0,0.0
2013-02-11 00:00:00+05:30,148.3339030680504,149.61071450193302,146.79143357765668,147.21131896972656,1565025,0.0,0.0
2013-02-12 00:00:00+05:30,147.73402650543215,148.74520591177892,146.10587245322307,147.51123046875,2612620,0.0,0.0
2013-02-13 00:00:00+05:30,146.82568929904951,149.0879732865535,145.36891779755075,145.75453186035156,2711935,0.0,0.0
2013-02-14 00:00:00+05:30,145.86594303016687,147.39127024596237,144.47772711089638,145.703125,2057890,0.0,0.0
2013-02-15 00:00:00+05:30,144.99189326034178,146.48294937906277,143.62938390179676,144.9661865234375,2487225,0.0,0.0
2013-02-18 00:00:00+05:30,144.64910535360943,146.53433985947808,144.64910535360943,145.71168518066406,2104805,0.0,0.0
2013-02-19 00:00:00+05:30,145.7631481066166,147.8197657035339,144.70055493867108,147.5969696044922,1617335,0.0,0.0
2013-02-20 00:00:00+05:30,148.24817524741584,149.7049466087053,147.09989772180597,148.45384216308594,2531050,0.0,0.0
2013-02-21 00:00:00+05:30,147.5626569157866,147.8111727820779,143.83503660229653,144.30633544921875,1852615,0.0,0.0
2013-02-22 00:00:00+05:30,143.6550931909448,146.86000156371531,142.96954968479037,146.20016479492188,1984720,0.0,0.0
2013-02-25 00:00:00+05:30,147.2199088370231,147.31417123248474,143.1066608792549,144.7776641845703,1805905,0.0,0.0
2013-02-26 00:00:00+05:30,144.2892141544155,144.70053500199649,141.17856837267772,141.8126983642578,2072955,0.0,0.0
2013-02-27 00:00:00+05:30,142.33539779644514,144.10922761728693,141.41848080342064,143.40655517578125,2861475,0.0,0.0
2013-02-28 00:00:00+05:30,144.13494216502002,145.59171366479,132.82352224092344,135.47142028808594,6419030,0.0,0.0
2013-03-01 00:00:00+05:30,135.56568961277358,137.947942829639,133.87754435882647,135.16293334960938,3551225,0.0,0.0
2013-03-04 00:00:00+05:30,135.05155001302458,135.1543769542845,132.97777747615555,133.9803924560547,1555685,0.0,0.0
2013-03-05 00:00:00+05:30,135.0515351238929,136.13125711504625,133.47478143636997,135.32574462890625,1982770,0.0,0.0
2013-03-06 00:00:00+05:30,136.4226303565046,139.16479121819052,135.78851342090954,138.70205688476562,2997320,0.0,0.0
2013-03-07 00:00:00+05:30,138.7020543926145,139.73036306281364,137.2966961590231,138.9248504638672,3722690,0.0,0.0
2013-03-08 00:00:00+05:30,139.35329730168056,140.2445076344096,138.0164948782396,139.6189422607422,2513055,0.0,0.0
2013-03-11 00:00:00+05:30,140.19311183811394,140.90434897753155,138.13648140189713,139.507568359375,2581315,0.0,0.0
2013-03-12 00:00:00+05:30,140.3644875368059,140.3644875368059,137.27954857200214,138.136474609375,1747475,0.0,0.0
2013-03-13 00:00:00+05:30,137.10815887042043,137.96508486336057,134.58022980637764,135.2743377685547,1529710,0.0,0.0
2013-03-14 00:00:00+05:30,134.89727583540687,138.3078373125159,132.9691925285838,136.54257202148438,5407225,0.0,0.0
2013-03-15 00:00:00+05:30,137.91368286061157,139.11337412019654,136.25124420400522,136.59400939941406,3153335,0.0,0.0
2013-03-18 00:00:00+05:30,135.1886474394142,137.7422964545252,134.59737945502982,136.16554260253906,2045590,0.0,0.0
2013-03-19 00:00:00+05:30,137.02244516529964,137.52804138005166,131.4867112146481,131.95802307128906,4202750,0.0,0.0
2013-03-20 00:00:00+05:30,131.83806845312446,132.10371341723769,126.85931748046434,127.51058959960938,3396845,0.0,0.0
2013-03-21 00:00:00+05:30,127.76767260203516,129.27585766391016,121.56352361732422,123.07170867919922,5080375,0.0,0.0
2013-03-22 00:00:00+05:30,123.24309690659818,126.75648547049732,122.74607828449831,124.63987731933594,2783320,0.0,0.0
2013-03-25 00:00:00+05:30,126.82507077287732,127.59629908109886,123.01175200328338,124.10005187988281,2307635,0.0,0.0
2013-03-26 00:00:00+05:30,123.61156857136561,124.10002264030041,120.71515466950544,122.21477508544922,3046700,0.0,0.0
2013-03-28 00:00:00+05:30,122.25762405476208,123.91149794216474,120.65517670804925,123.03742980957031,3309780,0.0,0.0
2013-04-01 00:00:00+05:30,123.74012575452147,125.0683638476747,122.73752376922197,124.23714447021484,1918795,0.0,0.0
2013-04-02 00:00:00+05:30,123.66298630926507,127.93047403633548,123.66298630926507,127.38204193115234,2359735,0.0,0.0
2013-04-03 00:00:00+05:30,127.33921984561181,129.03592981120113,123.93722228527321,124.56277465820312,2547710,0.0,0.0
2013-04-04 00:00:00+05:30,123.7572501874332,124.25426883183891,121.84630888658154,122.85747528076172,2416915,0.0,0.0
2013-04-05 00:00:00+05:30,122.54040754270738,124.93980275307959,121.7691794387833,123.35448455810547,2644900,0.0,0.0
2013-04-08 00:00:00+05:30,123.65443472936124,124.3742494912455,120.48381088002462,120.93798065185547,1977710,0.0,0.0
2013-04-09 00:00:00+05:30,122.00913206687365,122.99459176894167,117.74163103240264,118.19580078125,3378290,0.0,0.0
2013-04-10 00:00:00+05:30,118.59855301260603,121.68349183877999,116.89327864328334,121.27217102050781,3691035,0.0,0.0
2013-04-11 00:00:00+05:30,121.68349247796094,122.44615609793048,119.28409705340573,121.61493682861328,3854555,0.0,0.0
2013-04-12 00:00:00+05:30,120.48379407694381,123.24309668833254,120.14101585076526,122.21477508544922,2098475,0.0,0.0
2013-04-15 00:00:00+05:30,122.00911676652363,127.42488178570012,121.35784469841154,125.87384796142578,2960185,0.0,0.0
2013-04-16 00:00:00+05:30,124.81126674063363,128.44463768993253,124.81126674063363,126.90216827392578,2864690,0.0,0.0
2013-04-17 00:00:00+05:30,128.53890613568666,130.6812212379481,126.65367146082734,128.11044311523438,3188690,0.0,0.0
2013-04-18 00:00:00+05:30,128.21326573042634,132.1379884344401,127.3135038783546,131.36676025390625,3618905,0.0,0.0
2013-04-22 00:00:00+05:30,132.1379979806151,135.04297684811797,131.0239914694112,133.92897033691406,3274740,0.0,0.0
2013-04-23 00:00:00+05:30,134.33172940088616,134.6230942095035,130.76692679762198,133.52622985839844,2083475,0.0,0.0
2013-04-25 00:00:00+05:30,134.1946143546364,136.491169715956,133.6804535338604,134.6573486328125,3444955,0.0,0.0
2013-04-26 00:00:00+05:30,134.54594710482638,134.54594710482638,131.90661344491843,132.3522186279297,1573130,0.0,0.0
2013-04-29 00:00:00+05:30,133.0120417330437,135.39429473356955,132.47217422173293,134.5030975341797,1753220,0.0,0.0
2013-04-30 00:00:00+05:30,134.70878845620223,134.8030508559323,129.0530836993639,131.60671997070312,2736430,0.0,0.0
2013-05-02 00:00:00+05:30,131.126828063213,133.68046403552913,130.01282158111948,131.71810913085938,3506505,0.0,0.0
2013-05-03 00:00:00+05:30,130.61267202862152,131.43532682175848,126.99644291156606,127.49346160888672,4819275,0.0,0.0
2013-05-06 00:00:00+05:30,127.18496781525236,128.02475171636968,124.50278498818516,126.63653564453125,3964980,0.0,0.0
2013-05-07 00:00:00+05:30,126.84220907290756,128.7959995978505,126.13095881789644,128.1875762939453,3154625,0.0,0.0
2013-05-08 00:00:00+05:30,128.5560305437953,129.05304914788164,126.4137157377259,128.33322143554688,3009525,0.0,0.0
2013-05-09 00:00:00+05:30,129.00162194629448,136.03698948657185,125.65961609625518,134.2460174560547,31890190,0.0,0.0
2013-05-10 00:00:00+05:30,133.6804590521362,133.93753947313635,131.13538772797594,132.12942504882812,6603325,0.0,0.0
2013-05-13 00:00:00+05:30,131.70095176305716,132.94349177934632,129.17302281771322,129.92710876464844,3549965,0.0,0.0
2013-05-14 00:00:00+05:30,130.29559207700208,132.48075584391006,129.5243508839246,131.2467803955078,3061535,0.0,0.0
2013-05-15 00:00:00+05:30,131.76095348791372,141.60703916329632,131.76095348791372,140.95578002929688,12328205,0.0,0.0
2013-05-16 00:00:00+05:30,139.9531750493175,143.05524330546,139.09624896082252,140.01315307617188,4909565,0.0,0.0
2013-05-17 00:00:00+05:30,140.3644768083444,143.93785654198706,138.82200744383786,142.9781036376953,6049780,0.0,0.0
2013-05-20 00:00:00+05:30,144.13496313158277,146.13160245446534,142.67819141990378,143.19235229492188,4922310,0.0,0.0
2013-05-21 00:00:00+05:30,143.10665831966054,143.78362418357332,139.67895392877048,140.48446655273438,3816505,0.0,0.0
2013-05-22 00:00:00+05:30,140.75012147346246,142.24974225019648,137.29671010223603,138.2393341064453,3174625,0.0,0.0
2013-05-23 00:00:00+05:30,137.94795360867008,137.94795360867008,131.46959468102014,132.25796508789062,3962160,0.0,0.0
2013-05-24 00:00:00+05:30,134.02322261744143,135.73707463595426,131.67525372049693,134.9744110107422,3336485,0.0,0.0
2013-05-27 00:00:00+05:30,134.537403146862,138.2393303250519,133.6804770121686,137.8451385498047,3437525,0.0,0.0
2013-05-28 00:00:00+05:30,137.98223316126894,139.50756045026915,137.38238755474978,138.90771484375,2769845,0.0,0.0
2013-05-29 00:00:00+05:30,138.83916555587163,138.90772121056656,136.61115254307578,137.46807861328125,2082190,0.0,0.0
2013-05-30 00:00:00+05:30,136.5940004560276,141.10143962689156,135.82277227902625,136.76539611816406,5054910,0.0,0.0
2013-05-31 00:00:00+05:30,136.0712794993497,136.88536969404987,129.48152926624292,130.26132202148438,3518570,0.0,0.0
2013-06-03 00:00:00+05:30,131.07541677104413,132.3093793221807,128.38466944760225,130.141357421875,3180915,0.0,0.0
2013-06-04 00:00:00+05:30,130.766918320207,132.82353557628807,129.39583143238386,130.26132202148438,2802615,0.0,0.0
2013-06-05 00:00:00+05:30,130.4241216131142,131.61524811162073,129.7471558937314,131.0753936767578,2017140,0.0,0.0
2013-06-06 00:00:00+05:30,130.59552353810255,133.42338209113095,129.75573967833418,132.81497192382812,3635640,0.0,0.0
2013-06-07 00:00:00+05:30,132.13799806045984,134.30601998269054,130.29561223071815,130.7583465576172,2724810,0.0,0.0
2013-06-10 00:00:00+05:30,131.96662332320912,132.4722065990824,128.71030143127166,129.90142822265625,2113750,0.0,0.0
2013-06-11 00:00:00+05:30,128.88165390609467,129.85854893769255,126.56795652343143,128.00759887695312,3727230,0.0,0.0
2013-06-12 00:00:00+05:30,127.26207149445659,130.57838390014555,126.82504395562823,129.2672882080078,3399280,0.0,0.0
2013-06-13 00:00:00+05:30,129.40059634842058,130.5737265220577,127.62311570386042,128.29855346679688,3802750,5.4,0.0
2013-06-14 00:00:00+05:30,129.59612009318116,132.42230780410125,129.59612009318116,131.75575256347656,2958445,0.0,0.0
2013-06-17 00:00:00+05:30,132.1112382084778,132.91999512413054,128.334091989575,131.89794921875,2888985,0.0,0.0
2013-06-18 00:00:00+05:30,131.53357238734662,132.77780345846196,128.33410168861917,128.89401245117188,2753475,0.0,0.0
2013-06-19 00:00:00+05:30,128.86737167017756,130.09383789183312,128.20969882241516,128.9651336669922,2022665,0.0,0.0
2013-06-20 00:00:00+05:30,127.08987050820161,127.62312014456477,121.75742838897636,122.299560546875,4357205,0.0,0.0
2013-06-21 00:00:00+05:30,122.3350992286669,123.4638032285318,117.24262100861351,118.55795288085938,4451115,0.0,0.0
2013-06-24 00:00:00+05:30,118.20246634139365,118.37132917737188,114.64750494766751,115.29629516601562,3916095,0.0,0.0
2013-06-25 00:00:00+05:30,115.71400124574518,118.55796790883562,113.75877501243943,114.95858001708984,4418065,0.0,0.0
2013-06-26 00:00:00+05:30,115.75843829814434,117.27819036475937,113.50103684511323,114.14093780517578,2260715,0.0,0.0
2013-06-27 00:00:00+05:30,115.60734347730579,116.25612011954617,112.53230275652453,113.00333404541016,3465475,0.0,0.0
2013-06-28 00:00:00+05:30,114.2031298335764,116.49608146067993,114.09648533593003,115.68732452392578,2471665,0.0,0.0
2013-07-01 00:00:00+05:30,115.85619682922488,119.37561471154129,115.7673173665156,118.86902618408203,3844490,0.0,0.0
2013-07-02 00:00:00+05:30,118.91346505072377,119.97995078996979,116.08726360256482,116.46942901611328,4137625,0.0,0.0
2013-07-03 00:00:00+05:30,114.82526420924586,115.35851390731622,109.67057363249549,110.53264617919922,5755755,0.0,0.0
2013-07-04 00:00:00+05:30,111.14587239413736,112.23013676839045,107.36872568938257,110.21269226074219,9490600,0.0,0.0
2013-07-05 00:00:00+05:30,111.99017678460605,112.65673206723869,109.86608782639412,111.12809753417969,3809000,0.0,0.0
2013-07-08 00:00:00+05:30,110.38155086986792,111.09254587569271,108.42632477467609,110.24824523925781,3161315,0.0,0.0
2013-07-09 00:00:00+05:30,112.31900936443807,112.8522590291327,110.38155502029427,112.36344909667969,3410360,0.0,0.0
2013-07-10 00:00:00+05:30,112.87002494133228,113.52769090464093,110.203803879726,110.56818389892578,3844150,0.0,0.0
2013-07-11 00:00:00+05:30,112.24791438123441,113.72321990816306,111.27029452420513,112.0079574584961,3947680,0.0,0.0
2013-07-12 00:00:00+05:30,112.61229048625871,113.02999954140148,111.31473037104873,112.60340118408203,2563595,0.0,0.0
2013-07-15 00:00:00+05:30,112.0345979713827,118.75347234505544,111.27028078510719,117.70476531982422,5417970,0.0,0.0
2013-07-16 00:00:00+05:30,113.04776548878617,114.63861824872446,110.55929667218867,111.2347412109375,6408650,0.0,0.0
2013-07-17 00:00:00+05:30,111.98129208672835,112.07016477195677,109.11065756804665,110.4704360961914,4818550,0.0,0.0
2013-07-18 00:00:00+05:30,111.09254207247362,113.93650843730867,109.49280675440973,113.20774841308594,5566680,0.0,0.0
2013-07-19 00:00:00+05:30,113.23440886738389,114.3630993241598,110.57707039475852,112.15902709960938,3388100,0.0,0.0
2013-07-22 00:00:00+05:30,111.98129825856857,115.1629907411841,111.31474291179137,114.70972442626953,4097220,0.0,0.0
2013-07-23 00:00:00+05:30,115.53626076710924,118.73573187433205,115.36739790851924,117.53592681884766,3934360,0.0,0.0
2013-07-24 00:00:00+05:30,114.53196368225582,114.64750426641785,111.01255951759654,112.2034683227539,4101365,0.0,0.0
2013-07-25 00:00:00+05:30,112.15902922721769,115.12741873545129,110.22157499697842,111.20808410644531,4954260,0.0,0.0
2013-07-26 00:00:00+05:30,111.6435545029129,112.18568660687393,103.64489211987491,105.56456756591797,23481690,0.0,0.0
2013-07-29 00:00:00+05:30,105.90229632896862,106.06226307201842,101.57412867085182,103.81375122070312,5595975,0.0,0.0
2013-07-30 00:00:00+05:30,104.17814298690735,105.31572952899916,99.84108581949404,100.58763122558594,7576935,0.0,0.0
2013-07-31 00:00:00+05:30,99.53892252631329,102.33845607847604,95.09522062781716,101.33417510986328,9049125,0.0,0.0
2013-08-01 00:00:00+05:30,103.09387864130592,103.44048682877661,95.62845848703226,96.71272277832031,6983485,0.0,0.0
2013-08-02 00:00:00+05:30,97.14821227586124,97.98363043300292,91.5580342701444,93.0955581665039,7254655,0.0,0.0
2013-08-05 00:00:00+05:30,92.25125372199841,96.5172034575882,89.97607374913288,95.47737884521484,6210650,0.0,0.0
2013-08-06 00:00:00+05:30,94.34868553361828,94.34868553361828,91.54026257283562,92.51787567138672,4296130,0.0,0.0
2013-08-07 00:00:00+05:30,93.05110803638209,96.66828083819551,92.4289925296527,94.68639373779297,5144295,0.0,0.0
2013-08-08 00:00:00+05:30,94.38422114526539,96.60607198936815,92.35789426033176,96.08171844482422,6146055,0.0,0.0
2013-08-12 00:00:00+05:30,95.66402239493331,97.74367859337183,92.4290076689637,95.10411834716797,5774565,0.0,0.0
2013-08-13 00:00:00+05:30,94.24203199717957,97.05044811048484,92.89114280400399,95.83287811279297,4755950,0.0,0.0
2013-08-14 00:00:00+05:30,95.98396060834826,98.09916026223758,94.42866495034261,95.58403015136719,7211360,0.0,0.0
2013-08-16 00:00:00+05:30,94.54420151005938,94.91747763206416,87.49648985199876,88.9184799194336,7470090,0.0,0.0
2013-08-19 00:00:00+05:30,87.45205044734764,87.45205044734764,84.11927418624866,85.24797821044922,5484925,0.0,0.0
2013-08-20 00:00:00+05:30,83.18608307516357,87.08765209098124,80.51986242031505,85.00800323486328,7453040,0.0,0.0
2013-08-21 00:00:00+05:30,89.94051885948276,92.92668691656043,84.48365376506658,85.19464874267578,9426985,0.0,0.0
2013-08-22 00:00:00+05:30,84.43032563670678,87.6920007997612,83.55047466809935,86.5988540649414,7472745,0.0,0.0
2013-08-23 00:00:00+05:30,87.27429626497742,88.04750278041718,84.96357280091733,85.72789001464844,6046685,0.0,0.0
2013-08-26 00:00:00+05:30,86.27890637579245,87.27429113098981,84.60807034148239,85.18575286865234,4747780,0.0,0.0
2013-08-27 00:00:00+05:30,83.71046141360203,84.05706963116528,81.14200217035066,81.58637237548828,5642460,0.0,0.0
2013-08-28 00:00:00+05:30,80.14661201151677,80.38656894346427,76.29836433366907,77.2315444946289,7826815,0.0,0.0
2013-08-29 00:00:00+05:30,77.87143084778113,78.92014471772495,74.8319337389452,75.65846252441406,12529700,0.0,0.0
2013-08-30 00:00:00+05:30,75.71179004385789,78.92014314206476,75.00968437726866,76.4050064086914,8906885,0.0,0.0
2013-09-02 00:00:00+05:30,75.89843043986644,79.38229113113283,75.89843043986644,77.98696899414062,5875005,0.0,0.0
2013-09-03 00:00:00+05:30,78.38690351749828,79.05345884258092,72.4234560227584,72.7789535522461,7538140,0.0,0.0
2013-09-04 00:00:00+05:30,72.77894036866957,74.63641106398083,71.13477222074296,73.3388442993164,9264645,0.0,0.0
2013-09-05 00:00:00+05:30,76.16504101027607,79.94218728589577,75.71178833919798,78.67129516601562,15885990,0.0,0.0
2013-09-06 00:00:00+05:30,79.80889359491988,80.34213649860493,77.1426722959433,79.53338623046875,9277880,0.0,0.0
2013-09-10 00:00:00+05:30,81.74634457072506,83.36385181949491,81.24864533841433,82.43067169189453,9980620,0.0,0.0
2013-09-11 00:00:00+05:30,82.29735187878069,88.85625974828436,80.27991434555767,88.34967803955078,15559105,0.0,0.0
2013-09-12 00:00:00+05:30,89.22953344356631,90.70483891434499,86.40333882933521,87.84309387207031,12202990,0.0,0.0
2013-09-13 00:00:00+05:30,87.55869628795051,92.606741746561,86.60774438478774,91.36251068115234,11284530,0.0,0.0
2013-09-16 00:00:00+05:30,93.4954823035126,94.52642436633525,89.24730450650715,90.31379699707031,8080475,0.0,0.0
2013-09-17 00:00:00+05:30,90.60708081717614,90.60708081717614,87.85198694090649,88.86515045166016,5167375,0.0,0.0
2013-09-18 00:00:00+05:30,88.86515570205891,91.2647589855279,88.16304993285233,90.50043487548828,5499120,0.0,0.0
2013-09-19 00:00:00+05:30,95.27296762289058,100.02773416013784,94.9707991432833,98.97013092041016,14100240,0.0,0.0
2013-09-20 00:00:00+05:30,99.18342748955668,99.89442252325146,88.87404018428936,91.63802337646484,15537970,0.0,0.0
2013-09-23 00:00:00+05:30,90.47377336428958,91.00701623599119,85.37239870289329,86.00341033935547,15055220,0.0,0.0
2013-09-24 00:00:00+05:30,84.41255736477402,86.74105263018161,82.71506012328791,85.9411849975586,13217215,0.0,0.0
2013-09-25 00:00:00+05:30,86.68773406920273,87.45205130838414,84.48365503005269,86.18115234375,7216525,0.0,0.0
2013-09-26 00:00:00+05:30,85.92342336847099,86.74106292079807,84.07484168277836,84.61697387695312,7333955,0.0,0.0
2013-09-27 00:00:00+05:30,85.3190685829308,85.6745660581364,83.36384264012544,84.90135955810547,8276840,0.0,0.0
2013-09-30 00:00:00+05:30,83.78154495034272,83.89708552869195,81.51526125765511,82.02184295654297,7724745,0.0,0.0
2013-10-01 00:00:00+05:30,82.51953857024367,83.18609382005266,81.24863962271915,82.1018295288086,8433045,0.0,0.0
2013-10-03 00:00:00+05:30,82.39512272041262,84.75917546920566,82.39512272041262,83.72823333740234,9854995,0.0,0.0
2013-10-04 00:00:00+05:30,83.1860975395337,85.59458313620087,82.88392906744048,83.59491729736328,7554235,0.0,0.0
2013-10-07 00:00:00+05:30,83.56824797402683,84.28812543562074,81.77299558047216,83.0794448852539,5196700,0.0,0.0
2013-10-08 00:00:00+05:30,86.0300709289438,86.0300709289438,82.51065308046573,83.12388610839844,5926720,0.0,0.0
2013-10-09 00:00:00+05:30,82.31513061290619,84.96357296082367,81.56858522063682,84.6791763305664,6520220,0.0,0.0
2013-10-10 00:00:00+05:30,84.43922675655631,85.49682321494294,83.79044328530895,84.261474609375,4843940,0.0,0.0
2013-10-11 00:00:00+05:30,85.7901021683962,88.10971495046599,84.57253226722547,86.45665740966797,14138340,0.0,0.0
2013-10-14 00:00:00+05:30,87.096546446287,89.14065177918522,86.22557799838205,86.5988540649414,10245855,0.0,0.0
2013-10-15 00:00:00+05:30,87.61202422956539,87.98529354454342,82.99057039929937,83.51493072509766,7903125,0.0,0.0
2013-10-17 00:00:00+05:30,83.98596263036634,84.34146012459443,81.84409514354132,82.41289520263672,6471410,0.0,0.0
2013-10-18 00:00:00+05:30,82.74172254371875,84.78582799460284,82.70617211720635,84.51920318603516,6588815,0.0,0.0
2013-10-21 00:00:00+05:30,85.1324405339211,87.25652946774187,84.54586863727559,86.05672454833984,7495285,0.0,0.0
2013-10-22 00:00:00+05:30,85.76344967709619,87.7720049048758,85.07023324127833,86.55442810058594,6971865,0.0,0.0
2013-10-23 00:00:00+05:30,87.09656135537442,89.22953972426937,86.1011696417431,88.11861419677734,13804165,0.0,0.0
2013-10-24 00:00:00+05:30,88.16304499837123,90.74928281793318,87.4876071761337,87.92308807373047,13917825,0.0,0.0
2013-10-25 00:00:00+05:30,87.76311542768431,88.66074513972686,86.76772372816428,88.27857971191406,8644740,0.0,0.0
2013-10-28 00:00:00+05:30,89.05177855420673,89.35395379297316,84.84804058095382,85.30130004882812,7359725,0.0,0.0
2013-10-29 00:00:00+05:30,84.7858327511905,89.76277747277895,84.07483774215603,89.40727996826172,11689220,0.0,0.0
2013-10-30 00:00:00+05:30,90.10049540371298,90.8114904051005,88.42966596516841,88.83848571777344,7357555,0.0,0.0
2013-10-31 00:00:00+05:30,88.42966974068396,97.70812168023662,87.86976573005795,96.76605224609375,18706430,0.0,0.0
2013-11-01 00:00:00+05:30,97.93917590328903,104.50696601391772,97.24595957147926,101.46747589111328,27922070,0.0,0.0
2013-11-05 00:00:00+05:30,102.38288106669434,106.47109191980664,101.12976075466158,103.6448974609375,15592155,0.0,0.0
2013-11-06 00:00:00+05:30,103.76932499254359,104.59585378789554,98.91680350325333,99.58335876464844,8756735,0.0,0.0
2013-11-07 00:00:00+05:30,100.2499051194615,101.31639073072273,96.51719191894688,96.97045135498047,15539720,0.0,0.0
2013-11-08 00:00:00+05:30,96.49942804147281,97.74366587741162,91.8335412421153,92.82892608642578,28140300,0.0,0.0
2013-11-11 00:00:00+05:30,91.7180095721204,94.73972838721089,90.45599979011392,92.0912857055664,14004340,0.0,0.0
2013-11-12 00:00:00+05:30,92.4290052038031,93.47771918791446,89.22954099516635,89.78055572509766,10645785,0.0,0.0
2013-11-13 00:00:00+05:30,88.87403024702515,92.42899145690616,88.34078742165308,89.77165985107422,14183670,0.0,0.0
2013-11-14 00:00:00+05:30,91.71800648230969,93.10444611579248,91.45138843088884,92.58008575439453,8262815,0.0,0.0
2013-11-18 00:00:00+05:30,93.33551630021502,95.09522532233255,92.2956916319667,94.18871307373047,7810090,0.0,0.0
2013-11-19 00:00:00+05:30,94.48197934914674,98.33022648468067,93.41549369881673,97.57479858398438,13217435,0.0,0.0
2013-11-20 00:00:00+05:30,97.51259881921762,98.36578879870638,94.66862544037053,95.6106948852539,9309300,0.0,0.0
2013-11-21 00:00:00+05:30,94.25092520553322,94.5619829995659,91.55803601006114,91.98463439941406,7986435,0.0,0.0
2013-11-22 00:00:00+05:30,93.31774244037274,93.50437711158735,91.36251626336636,91.8424301147461,6155755,0.0,0.0
2013-11-25 00:00:00+05:30,92.42899567293618,95.12187782736534,92.42899567293618,94.87303161621094,6652870,0.0,0.0
2013-11-26 00:00:00+05:30,94.20647520461357,96.33945335780929,93.22886219539281,93.52214813232422,7009715,0.0,0.0
2013-11-27 00:00:00+05:30,94.02874032005897,94.41978149895746,92.30458171399513,93.76211547851562,5654525,0.0,0.0
2013-11-28 00:00:00+05:30,95.05077733874363,95.45071456296873,93.9665198117585,94.60640716552734,5548210,0.0,0.0
2013-11-29 00:00:00+05:30,95.13077620445064,98.17915614299697,94.76638937439154,97.7436752319336,8993675,0.0,0.0
2013-12-02 00:00:00+05:30,98.11693377407165,100.07215978757166,98.11693377407165,98.81015014648438,5281720,0.0,0.0
2013-12-03 00:00:00+05:30,98.36577811169276,99.80553985971625,97.61923272290448,98.9256820678711,5885335,0.0,0.0
2013-12-04 00:00:00+05:30,98.09915692931112,101.74299777156533,97.77032734091455,101.10310363769531,10259560,0.0,0.0
2013-12-05 00:00:00+05:30,103.51159413037693,106.43555082212032,103.00501238016918,103.47604370117188,8984495,0.0,0.0
2013-12-06 00:00:00+05:30,103.17386743355,107.18208844489476,101.86742477094187,106.09782409667969,9682355,0.0,0.0
2013-12-09 00:00:00+05:30,110.64818076946915,112.3367889003745,108.0974933581223,108.6396255493164,8508110,0.0,0.0
2013-12-10 00:00:00+05:30,108.95956885738886,109.31506636427719,105.40460734960749,107.7242202758789,7356555,0.0,0.0
2013-12-11 00:00:00+05:30,106.70215734618641,107.17318861631635,105.08465028508249,105.96450805664062,5290020,0.0,0.0
2013-12-12 00:00:00+05:30,105.22686582998335,105.4046111996444,103.35162302368897,104.19593048095703,6540960,0.0,0.0
2013-12-13 00:00:00+05:30,102.42732859733017,102.76504750008007,100.09882636522549,100.4454345703125,5773915,0.0,0.0
2013-12-16 00:00:00+05:30,100.4098877509061,101.84964277870438,99.2722944069663,100.47209930419922,4413500,0.0,0.0
2013-12-17 00:00:00+05:30,101.35195913004304,102.2229209515773,99.83221381321987,100.56986999511719,4674040,0.0,0.0
2013-12-18 00:00:00+05:30,100.22323888750739,105.4045963728481,99.89440932183432,104.81803131103516,8683935,0.0,0.0
2013-12-19 00:00:00+05:30,105.58236622069207,106.15115955573467,100.76538791750738,103.07611846923828,9731495,0.0,0.0
2013-12-20 00:00:00+05:30,102.40066181867927,106.63106768436455,101.72521726991089,105.67122650146484,5757550,0.0,0.0
2013-12-23 00:00:00+05:30,106.11560820063117,111.89242096854898,105.7601106741875,110.97701263427734,9056740,0.0,0.0
2013-12-24 00:00:00+05:30,111.09254783377294,113.54547318849693,109.35950679978649,112.85225677490234,9048640,0.0,0.0
2013-12-26 00:00:00+05:30,112.39900088880279,114.629734438907,111.09255139945698,111.51914978027344,7958280,0.0,0.0
2013-12-27 00:00:00+05:30,111.80354453649389,113.49214586456587,111.44804702195991,112.88780212402344,5298375,0.0,0.0
2013-12-30 00:00:00+05:30,113.75876715332502,114.11425787623844,110.63040404005099,111.1369857788086,4308805,0.0,0.0
2013-12-31 00:00:00+05:30,111.98128560503338,112.28345407343018,110.61262463397243,111.35028076171875,3218550,0.0,0.0
2014-01-01 00:00:00+05:30,111.54580732748902,113.72321855281056,111.27029319808658,112.85225677490234,3214905,0.0,0.0
2014-01-02 00:00:00+05:30,113.2255293081614,116.34501003804776,107.83975782619797,108.6396255493164,13867755,0.0,0.0
2014-01-03 00:00:00+05:30,106.71106869856534,110.47044389606825,106.71106869856534,109.89276123046875,9172505,0.0,0.0
2014-01-06 00:00:00+05:30,109.75944011713287,110.00828634587056,107.53758910261601,108.43521881103516,4859305,0.0,0.0
2014-01-07 00:00:00+05:30,108.42632393208585,109.47503782822477,105.38683352787925,107.05766296386719,7800805,0.0,0.0
2014-01-08 00:00:00+05:30,107.78642733783472,109.42171308913179,106.52441768251298,108.48853302001953,6543575,0.0,0.0
2014-01-09 00:00:00+05:30,108.44409820919654,108.92401882817346,106.73771830653479,107.56424713134766,6852175,0.0,0.0
2014-01-10 00:00:00+05:30,107.85753945898934,109.24397236427725,105.09355617074385,105.79566192626953,5276465,0.0,0.0
2014-01-13 00:00:00+05:30,106.12449109276727,107.65311883719775,104.63140699633786,106.88880157470703,5798525,0.0,0.0
2014-01-14 00:00:00+05:30,107.07544235367239,108.07082722473285,106.1156011303919,106.73771667480469,4067750,0.0,0.0
2014-01-15 00:00:00+05:30,107.35983847108265,109.6705620568023,107.01323027225224,109.41282653808594,5563700,0.0,0.0
2014-01-16 00:00:00+05:30,110.30156865539597,110.61262643101999,108.95956878850266,109.66167449951172,4269565,0.0,0.0
2014-01-17 00:00:00+05:30,109.13732134873291,110.15048483923366,105.90230690879176,106.09782409667969,4661220,0.0,0.0
2014-01-20 00:00:00+05:30,106.1156036648689,107.18208941806314,104.88913759008938,106.77326965332031,4680295,0.0,0.0
2014-01-21 00:00:00+05:30,107.20874582875959,109.44837530471895,107.20874582875959,108.58629608154297,4859730,0.0,0.0
2014-01-22 00:00:00+05:30,108.2485812095285,110.2660188926615,107.00434331896648,109.81275939941406,5826925,0.0,0.0
2014-01-23 00:00:00+05:30,109.59057362432837,110.02606129068246,107.9019723339139,108.40855407714844,4087820,0.0,0.0
2014-01-24 00:00:00+05:30,107.71532595823908,108.24857558401851,103.16497977969948,103.41382598876953,6858510,0.0,0.0
2014-01-27 00:00:00+05:30,101.6719086796185,101.78744249694212,96.73939647748993,97.36151885986328,8200290,0.0,0.0
2014-01-28 00:00:00+05:30,97.40593972158368,100.07216073648405,94.14426430735438,97.3348388671875,10854440,0.0,0.0
2014-01-29 00:00:00+05:30,98.59684956748121,99.36116675641908,95.68178251225324,96.06393432617188,5188365,0.0,0.0
2014-01-30 00:00:00+05:30,94.20647462338154,94.56197211014593,91.57580407020602,92.00239562988281,11840875,0.0,0.0
2014-01-31 00:00:00+05:30,92.16237939914521,98.49910297162033,90.50043914324722,97.32596588134766,33373975,0.0,0.0
2014-02-03 00:00:00+05:30,97.32595811532398,98.55241736347867,96.19725406805301,97.69033813476562,8783790,0.0,0.0
2014-02-04 00:00:00+05:30,95.55736774767668,101.2097574070285,95.09522570898216,100.56986999511719,11517345,0.0,0.0
2014-02-05 00:00:00+05:30,100.60541823849928,101.13866794359814,98.84571590943837,99.69890594482422,5880415,0.0,0.0
2014-02-06 00:00:00+05:30,99.7166650811063,100.87203025439011,96.99712176561,97.79698944091797,6991065,0.0,0.0
2014-02-07 00:00:00+05:30,99.0856625726993,99.32562627120922,97.84142469080425,98.77460479736328,5157855,0.0,0.0
2014-02-10 00:00:00+05:30,99.19231667971162,99.61002575299257,98.18804246776575,99.1212158203125,3244125,0.0,0.0
2014-02-11 00:00:00+05:30,99.44699943111088,99.89043211425023,98.65967425934863,98.93116760253906,3406145,2.0,0.0
2014-02-12 00:00:00+05:30,99.82708699559102,100.76825519582324,98.64158030408478,99.35650634765625,4263310,0.0,0.0
2014-02-13 00:00:00+05:30,99.41080692181096,99.8994908316586,95.69138513938427,96.09862518310547,5548625,0.0,0.0
2014-02-14 00:00:00+05:30,96.6325477869714,97.69135941146823,94.84071379234024,97.13932800292969,5940150,0.0,0.0
2014-02-17 00:00:00+05:30,96.86784507710698,98.06240341834773,95.29320156009936,96.37010955810547,3787220,0.0,0.0
2014-02-18 00:00:00+05:30,95.95382525730518,99.41985685839144,95.95382525730518,98.27959442138672,5454330,0.0,0.0
2014-02-19 00:00:00+05:30,98.44248666784398,99.29315939117818,97.01263457247539,97.85425567626953,4017095,0.0,0.0
2014-02-20 00:00:00+05:30,96.83165328422676,97.19364215401245,95.49229653732877,96.14387512207031,4184905,0.0,0.0
2014-02-21 00:00:00+05:30,96.4696609235867,97.46512510120286,96.3248695235299,96.83164978027344,3418610,0.0,0.0
2014-02-24 00:00:00+05:30,96.46965682254125,98.3700896089029,95.78187871451107,97.58277130126953,5104190,0.0,0.0
2014-02-25 00:00:00+05:30,98.17100299700742,98.73207914582792,96.50585707704916,97.37462615966797,3420515,0.0,0.0
2014-02-26 00:00:00+05:30,97.79091496871828,98.63253613121195,97.01264133869776,98.28865051269531,4146175,0.0,0.0
2014-02-28 00:00:00+05:30,97.91760554056124,101.60987930364725,97.58277155758036,99.94474029541016,7138530,0.0,0.0
2014-03-03 00:00:00+05:30,98.91307044619192,100.70490440239492,97.37461968817134,97.70040893554688,5842065,0.0,0.0
2014-03-04 00:00:00+05:30,98.27959581461708,102.80443914774276,97.93571020687021,102.40625762939453,8195415,0.0,0.0
2014-03-05 00:00:00+05:30,103.3474150811118,107.98085696559157,101.78182321315789,107.12113952636719,13441100,0.0,0.0
2014-03-06 00:00:00+05:30,107.81796207349414,109.11206749114051,106.32476245246178,107.65506744384766,9489575,0.0,0.0
2014-03-07 00:00:00+05:30,108.41524556631374,112.98533304442289,107.43787778047758,111.70027923583984,13618125,0.0,0.0
2014-03-10 00:00:00+05:30,111.29304677135225,115.52830029742483,109.5917013034557,114.67762756347656,10966435,0.0,0.0
2014-03-11 00:00:00+05:30,115.65499077313201,116.87669010773556,112.35185397565886,113.29302215576172,8212040,0.0,0.0
2014-03-12 00:00:00+05:30,112.66859887100118,113.45592409567043,110.24328257093684,111.15730285644531,6814560,0.0,0.0
2014-03-13 00:00:00+05:30,111.51023607890728,114.52378328427537,110.78625841065863,111.53738403320312,5573510,0.0,0.0
2014-03-14 00:00:00+05:30,110.76815777032989,113.66405452203477,109.89938874481844,113.11203002929688,5994140,0.0,0.0
2014-03-18 00:00:00+05:30,113.65500339274291,116.54185544205299,113.65500339274291,115.10295867919922,7106120,0.0,0.0
2014-03-19 00:00:00+05:30,116.34276794518944,117.95361104456077,115.11201002343907,117.51018524169922,7860030,0.0,0.0
2014-03-20 00:00:00+05:30,116.94004724649588,116.94004724649588,114.06224673250279,114.49662780761719,4046080,0.0,0.0
2014-03-21 00:00:00+05:30,115.81789444230581,116.70476678461921,115.02151758691507,116.20703125,3533635,0.0,0.0
2014-03-24 00:00:00+05:30,117.01245106183558,120.23413729751537,116.75906094051643,119.8449935913086,7402975,0.0,0.0
2014-03-25 00:00:00+05:30,119.84499437150954,121.60969432545565,119.21151906408772,121.13910675048828,5558990,0.0,0.0
2014-03-26 00:00:00+05:30,121.98979258767788,123.41964489698759,121.26581481212862,122.99430847167969,5099290,0.0,0.0
2014-03-27 00:00:00+05:30,123.07574982338764,128.81324837605985,122.6413686904546,127.60059356689453,11806100,0.0,0.0
2014-03-28 00:00:00+05:30,128.68653349524206,137.83576668864688,128.50554253510666,135.79054260253906,12822835,0.0,0.0
2014-03-31 00:00:00+05:30,139.34706959460667,140.92172002504284,132.53265672890788,134.6412353515625,13573085,0.0,0.0
2014-04-01 00:00:00+05:30,135.56431056494463,135.7271982986024,130.3516821482783,133.0303955078125,10217545,0.0,0.0
2014-04-02 00:00:00+05:30,134.45118500439105,137.7362114730142,131.98061090402223,137.06654357910156,11327455,0.0,0.0
2014-04-03 00:00:00+05:30,137.55522662125276,137.71811434037943,132.57789934219426,134.23399353027344,11504025,0.0,0.0
2014-04-04 00:00:00+05:30,134.11634622830658,137.33803229424512,132.6684047268745,136.052978515625,9456830,0.0,0.0
2014-04-07 00:00:00+05:30,135.94440836121245,137.12087051207703,133.69103117552712,136.16160583496094,6086360,0.0,0.0
2014-04-09 00:00:00+05:30,137.19324949473784,142.2610655250632,135.9805810388831,141.61854553222656,11094530,0.0,0.0
2014-04-10 00:00:00+05:30,142.5778176116254,143.8447682340558,139.55522554902274,141.6366424560547,11373610,0.0,0.0
2014-04-11 00:00:00+05:30,140.09817857666718,143.3017749665042,139.0574702709212,141.07554626464844,6695345,0.0,0.0
2014-04-15 00:00:00+05:30,141.35609830110533,141.7814346650834,137.2475467660269,138.22491455078125,5105830,0.0,0.0
2014-04-16 00:00:00+05:30,137.9172222511994,141.48280108416697,137.1932583492319,138.30636596679688,5856775,0.0,0.0
2014-04-17 00:00:00+05:30,139.36516879937736,141.69094480298375,136.7407653000221,141.1027069091797,7465670,0.0,0.0
2014-04-21 00:00:00+05:30,141.69998279887054,146.02573153360234,141.5370812729158,145.7451934814453,7659830,0.0,0.0
2014-04-22 00:00:00+05:30,146.94883458670245,146.94883458670245,142.26108913624304,142.70452880859375,5387415,0.0,0.0
2014-04-23 00:00:00+05:30,142.51446135425383,146.36963670085655,142.29727771245715,145.70899963378906,7585490,0.0,0.0
2014-04-24 00:00:00+05:30,145.70899963378906,145.70899963378906,145.70899963378906,145.70899963378906,0,0.0,0.0
2014-04-25 00:00:00+05:30,145.5189663240988,147.80853597694275,142.62306931345893,143.31988525390625,8180245,0.0,0.0
2014-04-28 00:00:00+05:30,143.166033092623,144.68638755656937,140.8131229630582,144.04385375976562,6439495,0.0,0.0
2014-04-29 00:00:00+05:30,144.13435316288167,145.15695829360524,141.04840691477085,141.99862670898438,4706070,0.0,0.0
2014-04-30 00:00:00+05:30,142.44206010060276,146.0619347035022,140.2701408623534,141.7904815673828,9088240,0.0,0.0
2014-05-02 00:00:00+05:30,142.78596757374092,144.41491407753978,139.80862647660544,140.460205078125,5113030,0.0,0.0
2014-05-05 00:00:00+05:30,140.2701319119099,143.5280243701281,139.60045018196374,142.2882080078125,4838250,0.0,0.0
2014-05-06 00:00:00+05:30,143.31082449489247,144.14339392920155,141.21129076676337,142.1524658203125,2985170,0.0,0.0
2014-05-07 00:00:00+05:30,141.55521164132244,143.7090417067724,140.6321396405971,140.98507690429688,4546945,0.0,0.0
2014-05-08 00:00:00+05:30,141.5733059032621,142.84025656215076,140.65927867696067,141.31991577148438,3687710,0.0,0.0
2014-05-09 00:00:00+05:30,141.89002611997273,148.7587485500988,141.06651515725233,148.18861389160156,8750805,0.0,0.0
2014-05-12 00:00:00+05:30,149.31982095062907,153.03019778258928,148.55965063079262,151.1569061279297,6621520,0.0,0.0
2014-05-13 00:00:00+05:30,152.7587164549089,158.91250626116545,143.627585757368,144.84024047851562,30180715,0.0,0.0
2014-05-14 00:00:00+05:30,144.44205296548333,152.84016129248675,143.17510232470852,151.02117919921875,18977550,0.0,0.0
2014-05-15 00:00:00+05:30,152.03474407849856,155.69987013499343,150.5867886114031,154.7858428955078,14423030,0.0,0.0
2014-05-16 00:00:00+05:30,161.08441711823565,175.55487057095317,161.08441711823565,166.1431884765625,19791780,0.0,0.0
2014-05-19 00:00:00+05:30,168.68616026741478,185.50048038151678,168.68616026741478,183.50955200195312,16237230,0.0,0.0
2014-05-20 00:00:00+05:30,185.33758245114583,186.24255110197296,177.42815147177524,180.41455078125,8515310,0.0,0.0
2014-05-21 00:00:00+05:30,180.97562765556012,183.32855168068664,177.4281521870634,178.541259765625,7584305,0.0,0.0
2014-05-22 00:00:00+05:30,179.219994161151,182.58647880897982,177.57295831789898,178.29693603515625,5615990,0.0,0.0
2014-05-23 00:00:00+05:30,179.99826954313286,188.8850688367527,177.73584778513106,187.8443603515625,9679650,0.0,0.0
2014-05-26 00:00:00+05:30,190.13393142621092,193.29226338539166,178.64081776635695,185.12945556640625,12216785,0.0,0.0
2014-05-27 00:00:00+05:30,185.518568386848,186.2425460496149,178.82180607588606,180.0797119140625,4152605,0.0,0.0
2014-05-28 00:00:00+05:30,180.08876208154282,180.93943482539447,175.42817903860126,175.9530487060547,4128390,0.0,0.0
2014-05-29 00:00:00+05:30,176.92137290963257,182.20638656634273,172.7585115529744,173.8173370361328,8234625,0.0,0.0
2014-05-30 00:00:00+05:30,174.47794979330985,177.2652547535582,170.13409772787443,170.82186889648438,4958725,0.0,0.0
2014-06-02 00:00:00+05:30,171.5820642754064,177.71775071468508,170.12506417352895,177.05711364746094,5690550,0.0,0.0
2014-06-03 00:00:00+05:30,178.27882477419064,179.48243474062693,173.86257332545904,175.9530487060547,5922790,0.0,0.0
2014-06-04 00:00:00+05:30,176.01640122866044,181.62720405878005,176.01640122866044,180.47789001464844,6107245,0.0,0.0
2014-06-05 00:00:00+05:30,180.45074880026158,181.8987042079948,177.7539460073028,179.90777587890625,4486845,0.0,0.0
2014-06-06 00:00:00+05:30,180.99373208200154,185.5185753840516,180.43265593133964,184.78555297851562,6435100,0.0,0.0
2014-06-09 00:00:00+05:30,186.57739063226248,188.08868666703833,183.31951167764024,185.24708557128906,5195335,0.0,0.0
2014-06-10 00:00:00+05:30,185.33758878182172,185.63623010384262,178.93040885806488,180.91229248046875,5561585,0.0,0.0
2014-06-11 00:00:00+05:30,180.81273783085433,183.52764376282295,176.68608302365817,177.79014587402344,5242790,0.0,0.0
2014-06-12 00:00:00+05:30,178.27882299890317,180.4145495526604,175.61821297419348,177.27430725097656,4781495,0.0,0.0
2014-06-13 00:00:00+05:30,177.7358303322681,179.14759296996274,171.11146725585942,172.83090209960938,4950745,0.0,0.0
2014-06-16 00:00:00+05:30,171.56394967061993,172.66801247263075,166.93051483511564,171.33770751953125,5499645,0.0,0.0
2014-06-17 00:00:00+05:30,170.1341027892231,178.0978295113148,169.03908466883624,177.36480712890625,6654375,0.0,0.0
2014-06-18 00:00:00+05:30,177.934922911421,180.61363606129845,173.9349633295323,177.19285583496094,6944480,0.0,0.0
2014-06-19 00:00:00+05:30,177.55485015147914,179.54577846215543,174.12502497073797,175.08428955078125,3647470,0.0,0.0
2014-06-20 00:00:00+05:30,175.1114401072292,175.20194249899217,171.6635116354443,172.24269104003906,3402335,0.0,0.0
2014-06-23 00:00:00+05:30,172.84901818972696,174.6408523128944,169.78117491137877,172.69517517089844,4861930,0.0,0.0
2014-06-24 00:00:00+05:30,173.21098604596605,177.90777533083477,173.120497470402,175.998291015625,6583505,0.0,0.0
2014-06-25 00:00:00+05:30,176.1069112002785,177.1747676178176,174.20647144286582,174.76754760742188,3194235,0.0,0.0
2014-06-26 00:00:00+05:30,175.39198031054062,176.68609272302464,172.251737838812,173.05715942382812,2879250,0.0,0.0
2014-06-27 00:00:00+05:30,173.03001195741322,174.47796739487165,171.0390835874527,172.21554565429688,2985765,0.0,0.0
2014-06-30 00:00:00+05:30,172.5594050795261,180.35118523541726,172.5594050795261,179.58197021484375,5300275,0.0,0.0
2014-07-01 00:00:00+05:30,180.20640174601567,182.26067052583886,179.020895089351,180.36024475097656,6046310,0.0,0.0
2014-07-02 00:00:00+05:30,181.89869805538294,183.47334847237676,178.6408054025425,179.1837921142578,4645335,0.0,0.0
2014-07-03 00:00:00+05:30,180.08875050236438,181.71769673599005,178.30596126455254,179.35572814941406,3826565,0.0,0.0
2014-07-04 00:00:00+05:30,180.17925223859976,180.62267801121374,174.76753011471888,177.3828887939453,5043625,0.0,0.0
2014-07-07 00:00:00+05:30,178.1883097620926,178.2969153827734,174.83992874244265,175.53675842285156,2205075,0.0,0.0
2014-07-08 00:00:00+05:30,175.56392207614482,176.42363955137043,166.5142353711889,168.7133026123047,3954280,0.0,0.0
2014-07-09 00:00:00+05:30,168.32415554352852,171.0662092307493,164.93052337531222,167.2200927734375,4742730,0.0,0.0
2014-07-10 00:00:00+05:30,167.781194062719,174.1612262585678,162.70431902450892,165.42828369140625,9839440,0.0,0.0
2014-07-11 00:00:00+05:30,165.60927430801956,167.05722977081533,157.28356491876062,158.27902221679688,6246685,0.0,0.0
2014-07-14 00:00:00+05:30,157.5097816262798,164.30609058373798,156.1975799677226,162.91244506835938,5202885,0.0,0.0
2014-07-15 00:00:00+05:30,164.34232776110642,168.32418467068558,162.90341697815995,167.79930114746094,5345085,0.0,0.0
2014-07-16 00:00:00+05:30,169.2291273230411,170.13409591835148,166.24272819677185,168.81283569335938,4727270,0.0,0.0
2014-07-17 00:00:00+05:30,169.2291346405059,170.49608520523336,166.71332294145736,169.92596435546875,3181945,0.0,0.0
2014-07-18 00:00:00+05:30,168.3241641809541,169.12054098941957,166.51422693169656,168.14317321777344,3603885,0.0,0.0
2014-07-21 00:00:00+05:30,168.68613964670212,171.17480326911644,167.10244461425665,168.03456115722656,2870260,0.0,0.0
2014-07-22 00:00:00+05:30,168.95765677089094,169.58208739527123,164.88529754273418,166.59568786621094,3052820,0.0,0.0
2014-07-23 00:00:00+05:30,167.23821033188668,170.67709398522567,165.62736722946974,166.44183349609375,4086045,0.0,0.0
2014-07-24 00:00:00+05:30,167.41017739669687,169.22915964959606,166.51425334505709,168.0074462890625,3637935,0.0,0.0
2014-07-25 00:00:00+05:30,166.51423240917475,169.37393667116564,164.30610668304826,167.1839141845703,15437645,0.0,0.0
2014-07-28 00:00:00+05:30,168.88524714867154,171.9259424029104,168.5594578782629,170.09791564941406,6046565,0.0,0.0
2014-07-30 00:00:00+05:30,170.09792480880887,177.98923925604387,168.95765539661465,177.07522583007812,5869820,0.0,0.0
2014-07-31 00:00:00+05:30,176.17024495480013,177.2200119000123,172.30602496346563,173.16575622558594,4784535,0.0,0.0
2014-08-01 00:00:00+05:30,170.8580760685868,176.97565889169496,170.2064975656847,172.56846618652344,5380635,0.0,0.0
2014-08-04 00:00:00+05:30,173.4100982996957,175.9078207553948,173.4100982996957,175.12954711914062,3352435,0.0,0.0
2014-08-05 00:00:00+05:30,174.96664226424386,178.64081291637686,173.9349785155724,176.74038696289062,6089395,0.0,0.0
2014-08-06 00:00:00+05:30,175.98021227556927,176.28789830688237,171.54585754181642,171.8806915283203,4352050,0.0,0.0
2014-08-07 00:00:00+05:30,171.06622081444036,173.06620758350977,166.9848172215689,167.66354370117188,4540920,0.0,0.0
2014-08-08 00:00:00+05:30,165.9893284291994,166.42370946321134,162.57759315710214,163.68165588378906,4061060,0.0,0.0
2014-08-11 00:00:00+05:30,164.93054147247398,166.6952276318334,164.16131257311739,166.06175231933594,3905510,0.0,0.0
2014-08-12 00:00:00+05:30,166.96669784160838,167.23819116894933,164.9033706477759,166.36941528320312,3131065,0.0,0.0
2014-08-13 00:00:00+05:30,164.7495361745533,166.11603378761083,160.3966394236878,164.0889129638672,7146485,0.0,0.0
2014-08-14 00:00:00+05:30,164.66809206209123,165.41015913143735,162.35136085337118,164.76763916015625,3690220,0.0,0.0
2014-08-18 00:00:00+05:30,163.18395433235906,168.32416965935974,163.18395433235906,167.1205596923828,2697090,0.0,0.0
2014-08-19 00:00:00+05:30,167.6182979064559,170.04360731016843,166.03460273637126,169.68162536621094,4473790,0.0,0.0
2014-08-20 00:00:00+05:30,169.59111080416085,169.59111080416085,166.26083297084534,168.29701232910156,2983345,0.0,0.0
2014-08-21 00:00:00+05:30,167.96218338472835,175.70871265427732,167.46444787608843,174.77659606933594,7862030,0.0,0.0
2014-08-22 00:00:00+05:30,175.38291070146892,180.20639481114088,175.38291070146892,178.17926025390625,9116475,0.0,0.0
2014-08-25 00:00:00+05:30,177.8263320880394,180.26974457635905,173.9349642984136,174.4145965576172,4207760,0.0,0.0
2014-08-26 00:00:00+05:30,173.39200857317235,174.60466331798494,169.92597679253288,172.9304656982422,3447230,0.0,0.0
2014-08-27 00:00:00+05:30,173.7539721872333,175.67250121134197,172.89425477409355,174.08880615234375,2806625,0.0,0.0
2014-08-28 00:00:00+05:30,174.83995355481218,174.91235270929897,170.6227960148629,171.60922241210938,2418550,0.0,0.0
2014-09-01 00:00:00+05:30,172.29698855121623,177.51866176545923,172.0526431381687,176.77658081054688,2982120,0.0,0.0
2014-09-02 00:00:00+05:30,176.11596833419011,178.45983407386964,174.70421929884225,175.4734344482422,4104940,0.0,0.0
2014-09-03 00:00:00+05:30,175.99828422148508,176.98471046074678,173.57297507388284,173.9440155029297,3235050,0.0,0.0
2014-09-04 00:00:00+05:30,173.39200582525046,173.39200582525046,169.0843460407117,170.59564208984375,3682820,0.0,0.0
2014-09-05 00:00:00+05:30,170.51418997207264,172.83090748760247,168.89430217774884,169.34678649902344,3606840,0.0,0.0
2014-09-08 00:00:00+05:30,171.40107364416374,171.60922639641853,168.88526165442644,171.16578674316406,2989145,0.0,0.0
2014-09-09 00:00:00+05:30,171.22005678009512,173.3014873269682,169.60921377282443,172.1793212890625,4024210,0.0,0.0
2014-09-10 00:00:00+05:30,171.7630421427254,173.0842885589239,169.86260256918243,172.30601501464844,2993975,0.0,0.0
2014-09-11 00:00:00+05:30,172.3512629740042,176.11593557379365,172.3512629740042,174.7222900390625,5276010,0.0,0.0
2014-09-12 00:00:00+05:30,175.20192595921534,178.64079558194487,173.49153586268253,178.16116333007812,4550705,0.0,0.0
2014-09-15 00:00:00+05:30,177.01188700177917,182.77653332438075,175.6001242004746,180.93038940429688,6664750,0.0,0.0
2014-09-16 00:00:00+05:30,181.33762407627748,182.21544477907796,173.21099558661382,174.49606323242188,4574415,0.0,0.0
2014-09-17 00:00:00+05:30,175.5639141143643,176.37838035738406,172.30602152483436,175.1657257080078,3640000,0.0,0.0
2014-09-18 00:00:00+05:30,173.77207357229227,180.07064726401163,173.59108261493938,179.35572814941406,4748795,0.0,0.0
2014-09-19 00:00:00+05:30,179.90777322525207,180.74938745486574,175.9711540120421,177.05711364746094,3043365,0.0,0.0
2014-09-22 00:00:00+05:30,177.81728059865335,180.32403361371402,176.49602040089397,179.0570831298828,3943030,0.0,0.0
2014-09-23 00:00:00+05:30,179.708668276702,180.4507353565543,173.77207640298323,174.86708068847656,3436360,0.0,0.0
2014-09-24 00:00:00+05:30,174.13408229098135,174.7947056009335,165.21109001361637,167.79930114746094,5484255,0.0,0.0
2014-09-25 00:00:00+05:30,166.15225221396327,167.23821184888786,156.74056982425648,157.48265075683594,10997360,0.0,0.0
2014-09-26 00:00:00+05:30,156.92154655421254,164.5232909262565,151.5369862544677,161.98033142089844,12825130,0.0,0.0
2014-09-29 00:00:00+05:30,162.5323903308599,163.07536328662826,158.36952862633402,160.55050659179688,4792395,0.0,0.0
2014-09-30 00:00:00+05:30,160.17944201122972,162.35136112518015,158.65910139320943,160.59573364257812,4461695,0.0,0.0
2014-10-01 00:00:00+05:30,160.59574829854304,160.72244336160693,157.4645505846411,159.1387481689453,3298265,0.0,0.0
2014-10-07 00:00:00+05:30,157.7541461736588,160.2247067918365,156.8129710180594,158.5867156982422,4328175,0.0,0.0
2014-10-08 00:00:00+05:30,157.22925749562114,160.5233428140509,157.1025624375556,158.86724853515625,4537055,0.0,0.0
2014-10-09 00:00:00+05:30,160.3604653644428,164.34233628938165,160.3604653644428,163.77220153808594,3975250,0.0,0.0
2014-10-10 00:00:00+05:30,161.99844571574548,164.3966211107534,159.27449483767464,162.8762664794922,5281345,0.0,0.0
2014-10-13 00:00:00+05:30,161.26541038949742,167.05721802472138,160.72243748567143,166.5685272216797,4514425,0.0,0.0
2014-10-14 00:00:00+05:30,167.6001779036306,168.8309357222048,164.88527216931024,167.5096893310547,4059340,0.0,0.0
2014-10-15 00:00:00+05:30,167.5096893310547,167.5096893310547,167.5096893310547,167.5096893310547,0,0.0,0.0
2014-10-16 00:00:00+05:30,166.1522381999301,169.03003168019038,165.2472696123678,165.96218872070312,4244520,0.0,0.0
2014-10-17 00:00:00+05:30,166.53232324957514,168.3060539472454,166.15223810007436,166.47802734375,3735185,0.0,0.0
2014-10-20 00:00:00+05:30,169.59112898334843,173.71779785776505,168.35132628221365,172.9304656982422,6378450,0.0,0.0
2014-10-21 00:00:00+05:30,174.54128346338666,176.64986188595168,166.17032420113668,168.76759338378906,22074900,0.0,0.0
2014-10-22 00:00:00+05:30,169.9531191956984,170.55040183272348,166.54138343918052,168.8400115966797,5105380,0.0,0.0
2014-10-27 00:00:00+05:30,169.5911118173458,171.201954836803,167.49159182482663,168.7856903076172,4249160,0.0,0.0
2014-10-28 00:00:00+05:30,168.8671604846332,169.8716762674585,166.51423640327044,166.8038330078125,3104305,0.0,0.0
2014-10-29 00:00:00+05:30,167.68162441205695,168.05266484903956,162.75860686866818,163.76312255859375,4951525,0.0,0.0
2014-10-30 00:00:00+05:30,163.98031423384305,166.24273582594552,162.03463718812512,165.75405883789062,4914345,0.0,0.0
2014-10-31 00:00:00+05:30,166.51421668857637,169.22912239545533,165.97123002371077,168.47799682617188,4637305,0.0,0.0
2014-11-03 00:00:00+05:30,167.60019361894993,173.21099656757357,167.5458977085683,171.8806915283203,5107970,0.0,0.0
2014-11-05 00:00:00+05:30,171.74495437677908,173.8263850951446,170.87619217994595,171.91690063476562,3771380,0.0,0.0
2014-11-07 00:00:00+05:30,171.94403785445445,172.4870245501165,168.77664768345133,170.17935180664062,2872945,0.0,0.0
2014-11-10 00:00:00+05:30,169.77213280681985,172.48703889344026,166.5142399793848,166.97576904296875,3647905,0.0,0.0
2014-11-11 00:00:00+05:30,167.3015470884381,173.19290173828006,167.14770407757675,172.67706298828125,4710310,0.0,0.0
2014-11-12 00:00:00+05:30,172.84900542661848,175.8354046172004,171.54584841191183,172.6046600341797,6331815,0.0,0.0
2014-11-13 00:00:00+05:30,173.39200521521232,174.1159691147521,168.4961213252714,169.13864135742188,4371320,0.0,0.0
2014-11-14 00:00:00+05:30,170.13409689054623,172.65895321005098,168.93048699485865,169.88070678710938,4338800,0.0,0.0
2014-11-17 00:00:00+05:30,169.22914378942667,175.08429227550224,168.8671618395708,174.5413055419922,4804210,0.0,0.0
2014-11-18 00:00:00+05:30,175.56392306883112,180.26975742027105,175.56392306883112,177.998291015625,8742500,0.0,0.0
2014-11-19 00:00:00+05:30,179.18379556375723,179.18379556375723,173.301499244745,174.30601501464844,3255175,0.0,0.0
2014-11-20 00:00:00+05:30,174.11596886968007,174.87615305708886,171.05718411486902,172.40557861328125,4087590,0.0,0.0
2014-11-21 00:00:00+05:30,173.75399501017475,179.0571122852302,171.99835347619646,176.88519287109375,6730315,0.0,0.0
2014-11-24 00:00:00+05:30,178.2788326868053,179.8715726168251,176.3964961465675,178.52317810058594,4275500,0.0,0.0
2014-11-25 00:00:00+05:30,178.64079574848986,179.18378243086124,172.8671054823173,174.50509643554688,4122685,0.0,0.0
2014-11-26 00:00:00+05:30,173.03000908197805,176.4688928322492,172.45082967836487,175.44627380371094,3142505,0.0,0.0
2014-11-27 00:00:00+05:30,173.88972677364734,181.88060189509065,173.88972677364734,180.68605041503906,6862315,0.0,0.0
2014-11-28 00:00:00+05:30,182.6226830021832,196.0343117045162,182.26068724372558,194.07958984375,16714480,0.0,0.0
2014-12-01 00:00:00+05:30,195.47322971017346,198.45962903693515,192.2153370248469,195.427978515625,7160485,0.0,0.0
2014-12-02 00:00:00+05:30,193.75377998643458,202.31477508596092,192.41441653548782,198.30577087402344,12124580,0.0,0.0
2014-12-03 00:00:00+05:30,198.23338061032686,201.62701296336127,196.97547477048448,198.26052856445312,5735455,0.0,0.0
2014-12-04 00:00:00+05:30,198.74920930329517,200.60439778642396,195.00263966709377,198.2695770263672,5979545,0.0,0.0
2014-12-05 00:00:00+05:30,198.2786398118847,204.2695279489535,197.1564736973494,203.06591796875,8194960,0.0,0.0
2014-12-08 00:00:00+05:30,203.0749624096947,205.44598969617442,199.74468435876494,200.99354553222656,6307810,0.0,0.0
2014-12-09 00:00:00+05:30,200.4867560361632,201.6360701304762,195.518486802091,196.31484985351562,5332955,0.0,0.0
2014-12-10 00:00:00+05:30,196.7401830214769,201.8080130889039,196.32390516682582,200.80349731445312,7675565,0.0,0.0
2014-12-11 00:00:00+05:30,201.80801630687864,203.6179536728596,196.37820420893573,199.4188995361328,6975940,0.0,0.0
2014-12-12 00:00:00+05:30,200.72206221875294,204.34193705116064,197.0569361891948,198.3962860107422,4599130,0.0,0.0
2014-12-15 00:00:00+05:30,196.92119390994722,202.4143467179471,196.61349405846127,198.48678588867188,4887535,0.0,0.0
2014-12-16 00:00:00+05:30,197.28316375484803,200.17906064455022,190.58640133436637,193.9981231689453,7799065,0.0,0.0
2014-12-17 00:00:00+05:30,192.99361523950026,198.14288922512523,188.5954669134303,196.56825256347656,6300985,0.0,0.0
2014-12-18 00:00:00+05:30,201.80801270071385,206.1518650631919,200.04332656216133,204.52291870117188,5505357,0.0,5.0
2014-12-19 00:00:00+05:30,209.00251824488393,209.00251824488393,201.4460378944612,202.75823974609375,3976054,0.0,0.0
2014-12-22 00:00:00+05:30,204.52290184653546,204.52290184653546,199.81706792862562,202.12474060058594,3937257,0.0,0.0
2014-12-23 00:00:00+05:30,203.93469348331902,205.42788625196852,200.9030429424538,201.44602966308594,3163984,0.0,0.0
2014-12-24 00:00:00+05:30,201.808015164462,202.53199286850128,198.18814045299183,199.09310913085938,5343495,0.0,0.0
2014-12-26 00:00:00+05:30,200.58628577444833,202.9844608629296,198.233375686687,201.1292724609375,4406793,0.0,0.0
2014-12-29 00:00:00+05:30,202.93921063538295,203.16545278770778,198.23337662877125,198.64060974121094,2565746,0.0,0.0
2014-12-30 00:00:00+05:30,197.7356478541032,199.90756706676788,195.6089660264613,197.78089904785156,4675326,0.0,0.0
2014-12-31 00:00:00+05:30,198.5501355802593,199.90758868716736,197.96191142409,198.27865600585938,2838870,0.0,0.0
2015-01-01 00:00:00+05:30,197.50941654529336,200.81254673951335,197.4641653490589,198.7763671875,3181076,0.0,0.0
2015-01-02 00:00:00+05:30,199.09310034083748,200.90303761666328,198.23338289656533,198.912109375,4451061,0.0,0.0
2015-01-05 00:00:00+05:30,200.40531190426702,200.90304744120442,195.6994775187408,197.0569305419922,3754758,0.0,0.0
2015-01-06 00:00:00+05:30,194.56825522596083,194.83974857639328,187.37375738749014,188.00723266601562,4896890,0.0,0.0
2015-01-07 00:00:00+05:30,187.5094961017615,188.68595807452277,180.63174284567117,184.4778594970703,5008202,0.0,0.0
2015-01-08 00:00:00+05:30,187.0570349529128,189.22896820435696,186.1068150184514,186.92129516601562,3214977,0.0,0.0
2015-01-09 00:00:00+05:30,189.13845681504324,189.54568996510068,184.11587780773104,186.96653747558594,3126189,0.0,0.0
2015-01-12 00:00:00+05:30,186.87601512573585,191.8080912135563,185.33757127385493,189.0931854248047,3567207,0.0,0.0
2015-01-13 00:00:00+05:30,189.40993445594523,190.94837834436808,186.42353525563897,187.64524841308594,2410981,0.0,0.0
2015-01-14 00:00:00+05:30,187.23801208141705,188.41447411279194,182.1249446253631,183.75389099121094,2935769,0.0,0.0
2015-01-15 00:00:00+05:30,191.85335493947807,193.52755247541197,187.4642514374195,190.0886688232422,5358144,0.0,0.0
2015-01-16 00:00:00+05:30,189.3647087171254,189.3647087171254,185.06610720502817,185.5638427734375,4167303,0.0,0.0
2015-01-19 00:00:00+05:30,185.92581466077408,188.68597192794005,185.92581466077408,188.09774780273438,2727640,0.0,0.0
2015-01-20 00:00:00+05:30,188.05248331216697,190.76738919114322,187.69048757640158,189.36468505859375,2995884,0.0,0.0
2015-01-21 00:00:00+05:30,189.40991908141532,196.37817411069517,188.77644386215792,195.47320556640625,6336999,0.0,0.0
2015-01-22 00:00:00+05:30,196.37819711243196,198.18813441300736,190.67689185387428,192.57733154296875,3802533,0.0,0.0
2015-01-23 00:00:00+05:30,195.42799137516698,196.28770889325526,187.05703075573453,187.46426391601562,5986702,0.0,0.0
2015-01-27 00:00:00+05:30,189.09321152444824,189.13846272225155,183.34666843032406,185.20184326171875,4183250,0.0,0.0
2015-01-28 00:00:00+05:30,184.61357931850128,190.94835900099886,183.57287103700907,187.05699157714844,6508856,0.0,0.0
2015-01-29 00:00:00+05:30,186.4235382946545,187.6000002786474,179.4552825861625,180.17926025390625,8365165,0.0,0.0
2015-01-30 00:00:00+05:30,182.8036727620831,183.07516612694033,170.13411128352288,171.62730407714844,11653230,0.0,0.0
2015-02-02 00:00:00+05:30,171.9440516380326,175.1114420629437,170.08886305598222,173.572998046875,5198700,0.0,0.0
2015-02-03 00:00:00+05:30,174.65895507540006,176.106910485526,158.86725438602753,160.04371643066406,23151027,0.0,0.0
2015-02-04 00:00:00+05:30,160.17944085457486,162.71335567503627,156.9667995898144,160.2699432373047,6892060,0.0,0.0
2015-02-05 00:00:00+05:30,161.89886685729996,162.6228444536151,152.17045501776116,155.11160278320312,6474368,0.0,0.0
2015-02-06 00:00:00+05:30,154.38766093464028,158.95774168031068,152.30623022772716,154.2519073486328,6248611,0.0,0.0
2015-02-09 00:00:00+05:30,153.84466021550315,156.10708168926055,149.86280394518008,150.85826110839844,4991224,0.0,0.0
2015-02-10 00:00:00+05:30,149.77233211498663,156.4690955198998,148.6411211473508,150.4058074951172,7536862,0.0,0.0
2015-02-11 00:00:00+05:30,151.9894838830632,154.930632031891,150.81302186178692,152.7587127685547,4871847,0.0,0.0
2015-02-12 00:00:00+05:30,153.30168276078996,154.20665140473494,149.3198262509223,150.36053466796875,5723454,0.0,0.0
2015-02-13 00:00:00+05:30,150.9487720013359,153.52792434159713,150.9487720013359,151.71798706054688,7293616,0.0,0.0
2015-02-16 00:00:00+05:30,153.0302030206642,153.7994180818073,150.36053447742904,150.81301879882812,3955417,0.0,0.0
2015-02-18 00:00:00+05:30,152.89444002261024,154.65912600563885,151.31074499524937,151.98947143554688,6204480,0.0,0.0
2015-02-19 00:00:00+05:30,153.3921803945931,154.29714901049041,146.78590673679776,149.63656616210938,6211473,0.0,0.0
2015-02-20 00:00:00+05:30,150.40579181826342,153.75417317171693,148.18862131453923,151.31076049804688,7795303,0.0,0.0
2015-02-23 00:00:00+05:30,152.48722404964167,152.6682150256408,147.14791430967296,148.14337158203125,3782733,0.0,0.0
2015-02-24 00:00:00+05:30,148.4148544471401,148.776836373521,144.79497994842936,146.01669311523438,5656000,0.0,0.0
2015-02-25 00:00:00+05:30,148.05287801565132,148.18861779090074,144.38775218793273,144.93072509765625,5538181,0.0,0.0
2015-02-26 00:00:00+05:30,146.10719132440536,146.24294491229162,143.39228527139545,144.38775634765625,8905957,0.0,0.0
2015-02-27 00:00:00+05:30,145.97144503007098,150.81301898994124,144.84023422513974,150.36053466796875,6938775,0.0,0.0
2015-03-02 00:00:00+05:30,151.7632364817062,152.6682051116612,148.41485531261785,149.99855041503906,4472111,0.0,0.0
2015-03-03 00:00:00+05:30,151.03925754506542,154.4781410717027,149.31982268610946,153.1659393310547,4831921,0.0,0.0
2015-03-04 00:00:00+05:30,162.89435664246486,162.89435664246486,147.5551408203779,148.77684020996094,10791374,0.0,0.0
2015-03-05 00:00:00+05:30,149.13882494209972,149.50080685108642,146.69541253462768,147.7813720703125,5662205,0.0,0.0
2015-03-09 00:00:00+05:30,146.60492853697934,148.59585690351403,144.34250680029757,146.10719299316406,6243195,0.0,0.0
2015-03-10 00:00:00+05:30,146.42393039287316,148.5958496302896,145.8809436791562,147.8718719482422,4688547,0.0,0.0
2015-03-11 00:00:00+05:30,147.91712323984964,149.3198274106035,145.7452040010039,147.6456298828125,4486358,0.0,0.0
2015-03-12 00:00:00+05:30,149.13883528387842,151.220265926697,148.91259312289216,150.36053466796875,3243182,0.0,0.0
2015-03-13 00:00:00+05:30,152.3967026581707,153.211182661716,149.36506621413847,150.27003479003906,5387958,0.0,0.0
2015-03-16 00:00:00+05:30,150.22478561378196,152.44195589272232,149.00307249644501,151.5369873046875,2366022,0.0,0.0
2015-03-17 00:00:00+05:30,152.6229507456961,153.03019766769035,149.41032322312026,151.67274475097656,2220029,0.0,0.0
2015-03-18 00:00:00+05:30,152.3967171186239,154.29715683183184,151.12976651563588,152.532470703125,3562679,0.0,0.0
2015-03-19 00:00:00+05:30,153.66368689020177,153.8446778671237,145.56421984658965,146.55967712402344,3507227,0.0,0.0
2015-03-20 00:00:00+05:30,146.19769867531343,148.2338782841375,144.20677026398636,147.37416076660156,4609429,0.0,0.0
2015-03-23 00:00:00+05:30,147.6456249573011,148.7768357332802,145.6999479461072,147.6003875732422,2575948,0.0,0.0
2015-03-24 00:00:00+05:30,147.37414197462397,148.05286842435288,144.84022713389112,146.3334197998047,3666174,0.0,0.0
2015-03-25 00:00:00+05:30,147.0574063120164,147.0574063120164,140.08915043620758,140.72262573242188,4061249,0.0,0.0
2015-03-26 00:00:00+05:30,139.3651783192734,140.72263135485073,132.84940651024746,134.07110595703125,6682880,0.0,0.0
2015-03-27 00:00:00+05:30,134.47835101949104,135.5190594752765,129.04853895370368,132.8041534423828,7981634,0.0,0.0
2015-03-30 00:00:00+05:30,135.20230524570184,135.74529193693965,131.5371934103846,134.43309020996094,4043714,0.0,0.0
2015-03-31 00:00:00+05:30,135.6095496111422,135.65478699395462,129.86299350402467,130.67745971679688,4878263,0.0,0.0
2015-04-01 00:00:00+05:30,130.31548147028653,138.18870571403795,129.4105128489651,137.50997924804688,6851445,0.0,0.0
2015-04-06 00:00:00+05:30,137.91720702770377,138.32445393851583,133.93535077150042,134.52357482910156,4912327,0.0,0.0
2015-04-07 00:00:00+05:30,135.92630377454807,136.87652372579493,133.93537528210015,136.28829956054688,5130148,0.0,0.0
2015-04-08 00:00:00+05:30,137.28373433531638,139.59140703508052,135.56429951283133,138.27920532226562,5274757,0.0,0.0
2015-04-09 00:00:00+05:30,138.82219203425518,147.73613918710555,137.10275704040728,146.55967712402344,10677889,0.0,0.0
2015-04-10 00:00:00+05:30,146.96689831349826,149.77230655801463,144.2519924544406,148.05287170410156,6720817,0.0,0.0
2015-04-13 00:00:00+05:30,148.052886071318,151.0392717591034,147.32890834356863,149.86282348632812,3636655,0.0,0.0
2015-04-15 00:00:00+05:30,150.72252134346292,154.52338665763037,149.86280394518008,150.85826110839844,5842805,0.0,0.0
2015-04-16 00:00:00+05:30,151.2202741799398,151.8990006999418,144.9759819106854,146.55967712402344,5693105,0.0,0.0
2015-04-17 00:00:00+05:30,146.60491896624953,149.6365694189801,145.79045271770502,147.7361297607422,3221014,0.0,0.0
2015-04-20 00:00:00+05:30,147.6003755277336,151.12974733727,141.71807997269016,145.24745178222656,4771231,0.0,0.0
2015-04-21 00:00:00+05:30,144.79499542141335,147.37416180084801,142.26108023979324,145.33798217773438,4368756,0.0,0.0
2015-04-22 00:00:00+05:30,145.69995995041083,147.0121617969146,143.07555625740332,145.88095092773438,4121436,0.0,0.0
2015-04-23 00:00:00+05:30,147.05742001533508,147.4194019872666,144.34251379966736,144.7949981689453,3630930,0.0,0.0
2015-04-24 00:00:00+05:30,145.2474656469097,145.2474656469097,141.62759111365338,142.62306213378906,3857199,0.0,0.0
2015-04-27 00:00:00+05:30,143.03028429095374,146.51440497685135,139.95338288835552,144.4782257080078,5782192,0.0,0.0
2015-04-28 00:00:00+05:30,144.34251332727277,147.05741953405533,143.34704219462836,145.69996643066406,3453682,0.0,0.0
2015-04-29 00:00:00+05:30,145.69996690750122,146.15245127677917,143.34704266376502,144.7949981689453,3438582,0.0,0.0
2015-04-30 00:00:00+05:30,144.52348965079216,146.01669619827356,143.07554810597082,144.56874084472656,3793999,0.0,0.0
2015-05-04 00:00:00+05:30,145.65470029662356,151.12976334729774,145.29271836299455,150.81301879882812,4247243,0.0,0.0
2015-05-05 00:00:00+05:30,150.8130141378522,152.30622063755607,149.4103238318466,150.08905029296875,3014633,0.0,0.0
2015-05-06 00:00:00+05:30,149.7270750323296,151.08452814016346,143.6185360470772,144.7949981689453,4239348,0.0,0.0
2015-05-07 00:00:00+05:30,143.89002488077938,144.7949935907214,138.00772826615633,141.12986755371094,4699564,0.0,0.0
2015-05-08 00:00:00+05:30,142.98504460603888,144.8402330731155,128.77703977085483,131.8539276123047,24007184,0.0,0.0
2015-05-11 00:00:00+05:30,131.58243684055552,136.42402466561148,128.86753087706074,134.9308319091797,16920116,0.0,0.0
2015-05-12 00:00:00+05:30,134.38783448548324,134.38783448548324,128.2340453634603,129.18426513671875,9420744,0.0,0.0
2015-05-13 00:00:00+05:30,129.50100655689477,132.03490747982116,128.91276870721768,131.08470153808594,6265150,0.0,0.0
2015-05-14 00:00:00+05:30,131.2204690263819,137.46474789104295,128.73180495864017,136.28829956054688,7147050,0.0,0.0
2015-05-15 00:00:00+05:30,136.28829062393459,136.9670171433591,132.8494068304384,133.3923797607422,7265749,0.0,0.0
2015-05-18 00:00:00+05:30,133.7091213958432,135.33806776850224,132.35166838674834,134.38784790039062,4215926,0.0,0.0
2015-05-19 00:00:00+05:30,133.98061435238262,136.0167938598391,133.1208968776462,135.29281616210938,4561243,0.0,0.0
2015-05-20 00:00:00+05:30,135.29280942355246,136.6502623609125,134.52358056889162,136.15252685546875,3297364,0.0,0.0
2015-05-21 00:00:00+05:30,136.96702040380416,136.96702040380416,133.21139195501806,134.88558959960938,2773904,0.0,0.0
2015-05-22 00:00:00+05:30,135.02130990948382,139.13891972655108,134.8403189545113,135.65478515625,5053228,0.0,0.0
2015-05-25 00:00:00+05:30,134.84032874559833,137.87197924424134,133.52812696585946,136.7407684326172,2644474,0.0,0.0
2015-05-26 00:00:00+05:30,137.0122508030422,138.36970380495632,135.42855563414238,135.97154235839844,2246754,0.0,0.0
2015-05-27 00:00:00+05:30,135.11180883284118,139.27465592555058,134.56882217309786,138.68643188476562,3523690,0.0,0.0
2015-05-28 00:00:00+05:30,138.64117981638014,143.70900924611988,135.83578558208347,141.40133666992188,10042433,0.0,0.0
2015-05-29 00:00:00+05:30,140.27014463127952,141.85383981260043,138.550709672193,139.04843139648438,3279145,0.0,0.0
2015-06-01 00:00:00+05:30,139.18417995848006,141.0846058222248,138.68644444343062,139.22943115234375,2593483,0.0,0.0
2015-06-02 00:00:00+05:30,139.36517424481312,139.36517424481312,134.65933995413604,137.32899475097656,4215737,0.0,0.0
2015-06-03 00:00:00+05:30,136.74075353506132,137.46471732864617,134.02584788294538,135.6095428466797,2725092,0.0,0.0
2015-06-04 00:00:00+05:30,136.37875933283328,137.1027369431227,129.45575536711584,131.08470153808594,4081741,0.0,0.0
2015-06-05 00:00:00+05:30,130.3154844432023,133.03039036910235,129.54625557404037,130.0439910888672,2356297,0.0,0.0
2015-06-08 00:00:00+05:30,130.3154760637268,130.63222059153824,124.0711983591631,125.15715789794922,3844299,0.0,0.0
2015-06-09 00:00:00+05:30,123.34724552375991,126.37888260354724,122.08028096657314,123.30199432373047,4550384,0.0,0.0
2015-06-10 00:00:00+05:30,123.70923320945936,126.06215763218347,123.70923320945936,124.47846221923828,2636899,0.0,0.0
2015-06-11 00:00:00+05:30,126.24313809532751,126.24313809532751,119.45587260633141,119.86310577392578,3884771,0.0,0.0
2015-06-12 00:00:00+05:30,119.22960905395735,121.40152809767436,118.7771247691226,119.36534881591797,3774860,0.0,0.0
2015-06-15 00:00:00+05:30,119.45586710998288,120.54182677651018,117.64592972952859,118.0079116821289,2757526,0.0,0.0
2015-06-16 00:00:00+05:30,118.09841189003507,120.54182454670436,117.1934432165482,120.08934020996094,3190856,0.0,0.0
2015-06-17 00:00:00+05:30,120.49658112448668,121.71829443599677,119.54637500300882,119.86310577392578,2298938,0.0,0.0
2015-06-18 00:00:00+05:30,120.81330166660788,122.17075449432258,118.23413577046026,119.00336456298828,3308221,0.0,0.0
2015-06-19 00:00:00+05:30,120.3155718913086,121.80877835764574,119.00337019087284,121.08480072021484,2459195,0.0,0.0
2015-06-22 00:00:00+05:30,122.61576222529165,129.80662261980953,121.59513247049468,128.09010314941406,5652399,3.3,0.0
2015-06-23 00:00:00+05:30,130.13136709482558,134.39949602812348,130.13136709482558,132.8685302734375,6896968,0.0,0.0
2015-06-24 00:00:00+05:30,133.5180344363349,133.5180344363349,127.20864567457178,128.09010314941406,4147880,0.0,0.0
2015-06-25 00:00:00+05:30,127.30141043925852,129.85300582187378,125.35292791455358,128.22926330566406,5649031,0.0,0.0
2015-06-26 00:00:00+05:30,128.13648722877247,128.13648722877247,125.5384963567579,126.09519958496094,3411146,0.0,0.0
2015-06-29 00:00:00+05:30,122.19823686108063,128.69320783943022,120.24975406232365,127.62618255615234,5778838,0.0,0.0
2015-06-30 00:00:00+05:30,127.11585730042346,129.3890942526806,125.63128688046507,128.78599548339844,3406724,0.0,0.0
2015-07-01 00:00:00+05:30,128.8323827646213,132.63657121705435,127.5333801903492,130.64169311523438,4730525,0.0,0.0
2015-07-02 00:00:00+05:30,131.5695639681216,132.17266278125192,130.08499344022783,131.3376007080078,2833710,0.0,0.0
2015-07-03 00:00:00+05:30,131.66231289209108,132.6365612098115,130.17775683653167,132.03346252441406,2688959,0.0,0.0
2015-07-06 00:00:00+05:30,129.48188398904497,134.07475333037135,128.8323897456707,133.51803588867188,3079695,0.0,0.0
2015-07-07 00:00:00+05:30,133.981946145144,136.11601053599983,133.84277388052968,134.63145446777344,3577535,0.0,0.0
2015-07-08 00:00:00+05:30,132.9613338886123,133.61082813825738,129.5282807194202,132.1726531982422,2545136,0.0,0.0
2015-07-09 00:00:00+05:30,132.8685416452976,135.4665327767074,132.4510106429793,133.51803588867188,3487397,0.0,0.0
2015-07-10 00:00:00+05:30,134.49226804524815,135.79127053259606,133.51801971921498,134.63145446777344,2912877,0.0,0.0
2015-07-13 00:00:00+05:30,135.18816647880138,136.85830455237888,133.70361031399727,134.58506774902344,2673162,0.0,0.0
2015-07-14 00:00:00+05:30,134.63146460484174,136.67273820104492,133.74999300287743,134.26031494140625,2157420,0.0,0.0
2015-07-15 00:00:00+05:30,134.53868233157692,135.6057075972484,132.12625891625936,133.19329833984375,1824927,0.0,0.0
2015-07-16 00:00:00+05:30,133.61082458496094,134.72424529158647,132.96133035258876,133.61082458496094,2437394,0.0,0.0
2015-07-17 00:00:00+05:30,133.8427817077472,134.9562023635083,133.6108184812173,134.3531036376953,1773902,0.0,0.0
2015-07-20 00:00:00+05:30,134.35310658043895,134.6314652899541,130.03858197773462,131.10562133789062,3104291,0.0,0.0
2015-07-21 00:00:00+05:30,131.19838206146594,131.84789035672802,127.34779855166532,127.95089721679688,3168580,0.0,0.0
2015-07-22 00:00:00+05:30,127.57978464532397,129.9922080545098,125.81686964793556,129.01795959472656,4024846,0.0,0.0
2015-07-23 00:00:00+05:30,128.97156248914183,131.24479942805135,128.60042696528782,129.5746612548828,3350378,0.0,0.0
2015-07-24 00:00:00+05:30,128.73960961540826,131.01284673739485,128.50764635483995,128.97157287597656,3770415,0.0,0.0
2015-07-27 00:00:00+05:30,128.04370133191227,128.97155424011453,124.65704388013873,125.3993148803711,5645768,0.0,0.0
2015-07-28 00:00:00+05:30,124.37868100636224,133.79638204572674,122.61575204513217,131.61593627929688,23448427,0.0,0.0
2015-07-29 00:00:00+05:30,132.40460051748104,132.45099599214282,125.53849500487064,127.71894073486328,7448459,0.0,0.0
2015-07-30 00:00:00+05:30,128.9251567292958,143.81719850259884,127.62616834146922,140.19857788085938,17601728,0.0,0.0
2015-07-31 00:00:00+05:30,138.71400982180967,143.5852375914719,136.39437755054195,140.1057891845703,10309473,0.0,0.0
2015-08-03 00:00:00+05:30,140.10579443277112,147.29665474306236,139.781040239464,143.8636016845703,9160148,0.0,0.0
2015-08-04 00:00:00+05:30,144.65226367312056,148.9203927419743,142.10066815884997,147.66778564453125,9912356,0.0,0.0
2015-08-05 00:00:00+05:30,149.2451437475283,151.98230695479504,146.87911603490693,147.5286102294922,6021357,0.0,0.0
2015-08-06 00:00:00+05:30,147.06468784493038,151.14723503045764,145.25537748220606,150.26577758789062,5153544,0.0,0.0
2015-08-07 00:00:00+05:30,150.12660704186325,151.05445997270553,146.73993534954164,148.36367797851562,2952255,0.0,0.0
2015-08-10 00:00:00+05:30,148.2245129559678,150.59054087698837,146.73994253080235,147.6214141845703,2300821,0.0,0.0
2015-08-11 00:00:00+05:30,148.03894582554784,149.19876205082178,142.56460474750713,144.69866943359375,2801635,0.0,0.0
2015-08-12 00:00:00+05:30,142.47183196371927,147.06470151379781,141.0336569722225,141.6831512451172,4438186,0.0,0.0
2015-08-13 00:00:00+05:30,143.3068674416625,146.13682141816787,140.52330893845928,141.8223114013672,3240640,0.0,0.0
2015-08-14 00:00:00+05:30,143.8172084263393,155.13701167734607,141.49757603236608,154.25555419921875,8118172,0.0,0.0
2015-08-17 00:00:00+05:30,155.46176625713747,167.523854735396,155.46176625713747,160.7969207763672,11270555,0.0,0.0
2015-08-18 00:00:00+05:30,160.51855892638235,163.1165499949236,155.9720851748694,158.29171752929688,8272132,0.0,0.0
2015-08-19 00:00:00+05:30,157.5030148824056,158.1525090194108,154.4874932425363,155.8792724609375,3337718,0.0,0.0
2015-08-20 00:00:00+05:30,154.95143338569306,157.82778302188552,146.64715281127565,147.5286102294922,4320237,0.0,0.0
2015-08-21 00:00:00+05:30,143.81721216237,149.05957584576862,141.4975797081382,147.85337829589844,5226166,0.0,0.0
2015-08-24 00:00:00+05:30,141.49758293729323,142.84296695986845,129.66745715073264,132.3118438720703,8034728,0.0,0.0
2015-08-25 00:00:00+05:30,137.13665619104586,137.13665619104586,127.76533659736326,133.74998474121094,6205792,0.0,0.0
2015-08-26 00:00:00+05:30,133.61083699819315,134.8170487748985,129.62106611735882,132.1262664794922,4762592,0.0,0.0
2015-08-27 00:00:00+05:30,135.79127865514877,136.02324188198853,131.8479037988732,135.3737335205078,4916923,0.0,0.0
2015-08-28 00:00:00+05:30,137.69335337097627,139.03875129164098,131.29117455074717,132.9149169921875,4350664,0.0,0.0
2015-08-31 00:00:00+05:30,132.68295692881725,136.85829473426955,131.7551040831612,134.3994903564453,4882471,0.0,0.0
2015-09-01 00:00:00+05:30,132.68297659122962,133.33247084785583,123.86837325125282,125.0745849609375,8211414,0.0,0.0
2015-09-02 00:00:00+05:30,127.34781884714228,128.04370856761847,119.36827772251695,120.20335388183594,8014991,0.0,0.0
2015-09-03 00:00:00+05:30,122.29101974468983,123.63640366973868,120.6672771073762,121.36316680908203,5099507,0.0,0.0
2015-09-04 00:00:00+05:30,120.62089033837984,122.66216411252361,114.68262970592981,121.31678009033203,9345495,0.0,0.0
2015-09-07 00:00:00+05:30,120.71366677691663,122.94050805205335,118.30124359725889,118.6723861694336,4013604,0.0,0.0
2015-09-08 00:00:00+05:30,120.20334150271577,125.07456904438656,118.95073447169311,123.2652587890625,6070006,0.0,0.0
2015-09-09 00:00:00+05:30,125.2601443673862,127.95091217581711,123.4508340025508,125.86324310302734,5098850,0.0,0.0
2015-09-10 00:00:00+05:30,122.4765934499183,125.12098010802488,120.62088748855591,124.28590393066406,3922991,0.0,0.0
2015-09-11 00:00:00+05:30,125.26014533627875,126.93028343901155,123.17247624734077,124.79621887207031,3417864,0.0,0.0
2015-09-14 00:00:00+05:30,125.02817772630469,127.85813189046756,124.51785580196194,127.3014144897461,3010877,0.0,0.0
2015-09-15 00:00:00+05:30,126.976682730525,128.73959768429813,124.51786390162692,125.44571685791016,3458527,0.0,0.0
2015-09-16 00:00:00+05:30,127.11585825266856,127.486993781482,124.61065803839563,126.65193176269531,3301842,0.0,0.0
2015-09-18 00:00:00+05:30,128.50762063886913,132.49739075382416,127.8581264708325,128.55401611328125,7905173,0.0,0.0
2015-09-21 00:00:00+05:30,127.02304842905184,130.7344597977068,126.23438200795914,129.6674346923828,4789647,0.0,0.0
2015-09-22 00:00:00+05:30,131.1056216168875,131.70872035719364,124.2858969298586,124.79621887207031,4746097,0.0,0.0
2015-09-23 00:00:00+05:30,122.4765856036665,127.115850209866,122.10545009833535,125.86324310302734,4059340,0.0,0.0
2015-09-24 00:00:00+05:30,125.44571521655959,127.06945786880996,124.79622098724192,126.048828125,3171277,0.0,0.0
2015-09-28 00:00:00+05:30,126.6519233315191,127.99730723129717,124.47146331063219,125.1209716796875,3171286,0.0,0.0
2015-09-29 00:00:00+05:30,123.86836656502804,127.34781506404568,121.31677099908177,125.3065414428711,7166090,0.0,0.0
2015-09-30 00:00:00+05:30,126.37356932365246,126.97668223764299,122.4765897539722,123.63640594482422,3907543,0.0,0.0
2015-10-01 00:00:00+05:30,125.1209825845487,125.1209825845487,122.24463262434013,122.89412689208984,2458691,0.0,0.0
2015-10-05 00:00:00+05:30,124.51785561260425,126.83748784889686,123.91475689433283,126.2807846069336,3236750,0.0,0.0
2015-10-06 00:00:00+05:30,126.79108091763467,127.85812014467446,124.51784436302606,126.93026733398438,3489877,0.0,0.0
2015-10-07 00:00:00+05:30,127.11584534407059,129.76023173154616,126.32716472804134,128.92515563964844,3551845,0.0,0.0
2015-10-08 00:00:00+05:30,128.6004285856517,131.3839875233679,127.48699368423495,129.01795959472656,4193643,0.0,0.0
2015-10-09 00:00:00+05:30,130.82727867354672,131.6159594209145,127.11586651259505,128.18289184570312,3223252,0.0,0.0
2015-10-12 00:00:00+05:30,127.11586057627082,129.6674563177653,125.86325336728098,127.62618255615234,2638778,0.0,0.0
2015-10-13 00:00:00+05:30,127.48698925861156,128.83238735813345,125.44571560673036,126.79109954833984,2310932,0.0,0.0
2015-10-14 00:00:00+05:30,126.65191944980556,128.13648973655765,125.35293106733114,125.77046203613281,2413396,0.0,0.0
2015-10-15 00:00:00+05:30,126.234401084293,128.22927933324343,126.234401084293,127.44061279296875,2209698,0.0,0.0
2015-10-16 00:00:00+05:30,127.11584446508041,129.11072249242625,125.72406514611968,128.6931915283203,2750396,0.0,0.0
2015-10-19 00:00:00+05:30,128.64679835725943,128.9715525339989,127.1158467421428,127.3014144897461,1561020,0.0,0.0
2015-10-20 00:00:00+05:30,127.39420138906354,129.7138335550774,127.34780591416103,128.22926330566406,2856456,0.0,0.0
2015-10-21 00:00:00+05:30,128.27566406081394,128.78598598992576,124.98178341790509,125.9560317993164,2267463,0.0,0.0
2015-10-23 00:00:00+05:30,127.25501906270244,127.95090873491827,125.72406744699228,126.00242614746094,1391276,0.0,0.0
2015-10-26 00:00:00+05:30,127.11584251020207,127.16223798503621,124.05392522399454,124.56424713134766,1829042,0.0,0.0
2015-10-27 00:00:00+05:30,124.23951353110697,125.49212076942,123.86837798682122,124.65705871582031,1257623,0.0,0.0
2015-10-28 00:00:00+05:30,124.23950267409712,124.9817878557155,120.52809092391753,121.08480834960938,4038959,0.0,0.0
2015-10-29 00:00:00+05:30,121.08480756992219,122.33741469070695,118.90434751756716,119.5538558959961,4731563,0.0,0.0
2015-10-30 00:00:00+05:30,119.69302640679847,121.0848057836217,118.39403090597224,119.08992767333984,2623928,0.0,0.0
2015-11-02 00:00:00+05:30,119.27549559205593,120.76005176799532,117.93010461187265,120.11055755615234,3110192,0.0,0.0
2015-11-03 00:00:00+05:30,121.31676304500529,122.89411009622616,120.52808244043922,120.85283660888672,3101756,0.0,0.0
2015-11-04 00:00:00+05:30,122.38378861321858,123.12607374518831,121.08480025070504,121.64151763916016,2731214,0.0,0.0
2015-11-05 00:00:00+05:30,121.54872898767123,122.29101413368207,119.87859094862472,120.24974060058594,2037926,0.0,0.0
2015-11-06 00:00:00+05:30,121.54873065009792,125.677673248996,119.32188933952038,123.3116455078125,13582215,0.0,0.0
2015-11-09 00:00:00+05:30,119.69303755839519,126.3271808761797,119.46107430731304,125.49211883544922,5171021,0.0,0.0
2015-11-10 00:00:00+05:30,124.79622389178411,127.34781954756407,122.47659147743867,124.10033416748047,4403901,0.0,0.0
2015-11-13 00:00:00+05:30,123.63639335874197,127.85812669525683,122.75493597500856,126.97666931152344,2906613,0.0,0.0
2015-11-16 00:00:00+05:30,126.97667107051376,130.36332838679263,126.97667107051376,130.03857421875,4746650,0.0,0.0
2015-11-17 00:00:00+05:30,130.82725209858444,131.5231417374067,129.0643373433991,130.68807983398438,3534112,0.0,0.0
2015-11-18 00:00:00+05:30,130.31692603354276,132.079854890295,125.72405739568826,126.32715606689453,3956300,0.0,0.0
2015-11-19 00:00:00+05:30,127.85814003765479,129.52827818832966,127.02306388336109,129.11073303222656,2932388,0.0,0.0
2015-11-20 00:00:00+05:30,129.20352260357163,130.59530202120436,127.20864443479634,129.43548583984375,3098405,0.0,0.0
2015-11-23 00:00:00+05:30,130.27055174544404,131.2911956789045,128.04371027341924,128.78599548339844,3433671,0.0,0.0
2015-11-24 00:00:00+05:30,128.46124745700743,129.89942246589106,127.67258088678405,128.04371643066406,2256924,0.0,0.0
2015-11-26 00:00:00+05:30,128.73959142315388,130.36333401768013,127.39420753355733,129.85301208496094,3584105,0.0,0.0
2015-11-27 00:00:00+05:30,130.6416902865422,135.3737315504621,129.99219609242513,133.88917541503906,6935618,0.0,0.0
2015-11-30 00:00:00+05:30,134.49227076295534,135.69848232632717,133.6108133674606,133.98194885253906,3171552,0.0,0.0
2015-12-01 00:00:00+05:30,135.00259425936355,135.2809529553981,132.961320751629,133.4252471923828,2615148,0.0,0.0
2015-12-02 00:00:00+05:30,133.51803080402777,134.26031597872176,129.15712486982977,129.5282745361328,3734515,0.0,0.0
2015-12-03 00:00:00+05:30,128.87875451747465,129.1571132025787,126.2343824037631,126.51274108886719,3903844,0.0,0.0
2015-12-04 00:00:00+05:30,125.30654081428202,125.5848995243895,123.96115689965997,124.79621887207031,3366987,0.0,0.0
2015-12-07 00:00:00+05:30,125.35292910027815,125.95602780598205,123.40443239923103,124.23949432373047,2442243,0.0,0.0
2015-12-08 00:00:00+05:30,123.86835933188944,125.26013865022527,121.73429487885888,122.3837890625,3373870,0.0,0.0
2015-12-09 00:00:00+05:30,122.05905359915737,122.9405110353758,120.62087875168946,120.94563293457031,3016932,0.0,0.0
2015-12-10 00:00:00+05:30,121.36316831666358,122.24462578485806,118.8579681909852,119.73942565917969,2573019,0.0,0.0
2015-12-11 00:00:00+05:30,120.43531051575968,121.50233569879528,112.03823885103552,114.12590789794922,7896697,0.0,0.0
2015-12-14 00:00:00+05:30,113.1980546817747,116.07439727838928,111.94545467280855,115.70325469970703,5814037,0.0,0.0
2015-12-15 00:00:00+05:30,115.65686784245153,115.88883107234857,112.4557710224989,112.78052520751953,5102473,0.0,0.0
2015-12-16 00:00:00+05:30,113.47641052117875,114.172300184034,111.52791380201947,112.13101959228516,6913584,0.0,0.0
2015-12-17 00:00:00+05:30,113.89395054408483,114.82180350167411,112.73413434709822,113.6619873046875,6864105,0.0,0.0
2015-12-18 00:00:00+05:30,113.56919402073159,115.05375721415535,112.64134113997227,113.19805145263672,7206068,0.0,0.0
2015-12-21 00:00:00+05:30,114.12590499060131,114.49704756083344,113.24444758038628,113.7083740234375,3217352,0.0,0.0
2015-12-22 00:00:00+05:30,114.07951495085076,114.77540464858825,111.5743148705782,111.9454574584961,4260147,0.0,0.0
2015-12-23 00:00:00+05:30,112.73412884707335,112.87330819971278,111.57431270667136,112.5485610961914,3614772,0.0,0.0
2015-12-24 00:00:00+05:30,113.01248910772445,113.1052729844424,110.7856406717137,111.43513488769531,3296574,0.0,0.0
2015-12-28 00:00:00+05:30,111.80627554295384,112.54856070179234,111.52791683865043,111.75988006591797,3212031,0.0,0.0
2015-12-29 00:00:00+05:30,112.13101972780424,112.64134164609715,110.87841974894206,111.34234619140625,2931351,0.0,0.0
2015-12-30 00:00:00+05:30,111.38874790437322,111.9918466501822,108.74436137109208,109.30107879638672,5194005,0.0,0.0
2015-12-31 00:00:00+05:30,109.30107395376277,109.30107395376277,106.84226236417044,107.35257720947266,8169315,0.0,0.0
2016-01-01 00:00:00+05:30,107.63093815538754,109.39386010993077,107.16701169782121,109.1155014038086,4070369,0.0,0.0
2016-01-04 00:00:00+05:30,108.55879124692035,108.55879124692035,104.3834531220388,104.66181182861328,6341172,0.0,0.0
2016-01-05 00:00:00+05:30,104.84737754735382,105.17212464608984,102.24938659955386,102.62052917480469,7271156,0.0,0.0
2016-01-06 00:00:00+05:30,102.94528040656097,103.73396106524116,101.4143287254903,101.69268035888672,5910731,0.0,0.0
2016-01-07 00:00:00+05:30,100.30089428454224,100.62564137471888,96.96062535323622,97.470947265625,7497260,0.0,0.0
2016-01-08 00:00:00+05:30,98.35241066730198,99.04830036541969,97.33177385918724,97.51734161376953,3802305,0.0,0.0
2016-01-11 00:00:00+05:30,95.56885046527815,96.72866661170141,94.36263884141555,95.47606658935547,5427630,0.0,0.0
2016-01-12 00:00:00+05:30,95.56884649911093,96.032772938427,92.08939820424038,92.46054077148438,5896423,0.0,0.0
2016-01-13 00:00:00+05:30,93.52757938710701,93.89871490074972,88.70273984123403,90.9295883178711,8600712,0.0,0.0
2016-01-14 00:00:00+05:30,89.07388795337363,91.20795268383918,87.40374972266524,90.74402618408203,6363630,0.0,0.0
2016-01-15 00:00:00+05:30,91.67186947969131,91.67186947969131,84.66657724331927,85.54803466796875,7222691,0.0,0.0
2016-01-18 00:00:00+05:30,86.29031815961365,87.40373878815541,82.39333888076177,84.2954330444336,9931003,0.0,0.0
2016-01-19 00:00:00+05:30,84.71296606045752,86.66145558421343,84.43460738036869,85.77999114990234,6686327,0.0,0.0
2016-01-20 00:00:00+05:30,83.46036980466059,83.97069175742075,80.25927996703751,80.95516967773438,8017246,0.0,0.0
2016-01-21 00:00:00+05:30,82.25416678111226,83.83151399037627,81.04795509476473,82.20777130126953,11589718,0.0,0.0
2016-01-22 00:00:00+05:30,83.41398442162428,86.29032724741343,82.76448308744192,85.82640075683594,11244721,0.0,0.0
2016-01-25 00:00:00+05:30,87.21817468830164,87.45013791885563,84.9913262591921,85.2232894897461,5318999,0.0,0.0
2016-01-27 00:00:00+05:30,85.64082974401737,87.7748872723598,84.01708708858116,86.98621368408203,6478152,0.0,0.0
2016-01-28 00:00:00+05:30,87.12538784169617,87.17177623885195,84.52739691647666,84.80575561523438,7632697,0.0,0.0
2016-01-29 00:00:00+05:30,84.62018359304278,85.36246876168329,81.74384095273378,84.71297454833984,7763785,0.0,0.0
2016-02-01 00:00:00+05:30,85.17689651840888,85.17689651840888,82.9964366050914,83.55315399169922,5232221,0.0,0.0
2016-02-02 00:00:00+05:30,83.50676552543426,86.29032437628207,82.62530805424828,83.04283905029297,9705728,0.0,0.0
2016-02-03 00:00:00+05:30,81.7902305848513,83.5067569508272,80.81598225550945,82.81086730957031,5636876,0.0,0.0
2016-02-04 00:00:00+05:30,84.24905114226756,84.9913292588646,82.76448075116097,84.34183502197266,5823104,0.0,0.0
2016-02-05 00:00:00+05:30,84.75936230476897,88.60995331487133,84.06347261905009,87.86766815185547,6770437,0.0,0.0
2016-02-08 00:00:00+05:30,88.28520984873956,90.74402158872746,86.61507170260838,87.49653625488281,7567138,0.0,0.0
2016-02-09 00:00:00+05:30,85.362465013466,88.09962817959811,80.90876835509418,81.4190902709961,30890669,0.0,0.0
2016-02-10 00:00:00+05:30,80.07371076327115,80.39845787327474,73.4859492911261,74.18183898925781,26606824,0.0,0.0
2016-02-11 00:00:00+05:30,73.3003762316199,74.69215552715698,70.60960151112374,71.4910659790039,16421708,0.0,0.0
2016-02-12 00:00:00+05:30,71.53745429047275,71.58384976518484,67.26933253831557,68.33636474609375,12215510,0.0,0.0
2016-02-15 00:00:00+05:30,70.51682456022773,73.30038342444725,69.6353670848074,70.98075103759766,14695012,0.0,0.0
2016-02-16 00:00:00+05:30,71.81582149677861,72.37253186456088,66.9445933905101,67.26934051513672,10568003,0.0,0.0
2016-02-17 00:00:00+05:30,67.36211282853505,67.91882310071365,64.30020279207515,67.40850830078125,12451921,0.0,0.0
2016-02-18 00:00:00+05:30,68.61472564936433,69.49619023557393,66.20230929571058,67.22294616699219,7903275,0.0,0.0
2016-02-19 00:00:00+05:30,67.22294558519535,71.25911171230784,66.66623521285598,70.656005859375,16318164,0.0,0.0
2016-02-22 00:00:00+05:30,70.98074635773426,72.18695795095128,69.63536249364711,70.09928894042969,7213267,0.0,0.0
2016-02-23 00:00:00+05:30,68.84668977852463,69.49619112599396,67.17655862565341,67.45491027832031,7656415,0.0,0.0
2016-02-24 00:00:00+05:30,65.59919512035849,68.33636533602358,64.25381128956005,66.99097442626953,13589385,0.0,0.0
2016-02-25 00:00:00+05:30,67.03738233187472,67.91883989081488,65.97034991702928,66.57345581054688,5975910,0.0,0.0
2016-02-26 00:00:00+05:30,67.64048311997702,68.05801412607462,66.38788302272782,67.26934051513672,7290229,0.0,0.0
2016-02-29 00:00:00+05:30,67.82605337486667,70.0065065248489,65.41363697320642,65.8775634765625,18897468,0.0,0.0
2016-03-01 00:00:00+05:30,66.80540610701684,68.66111183221174,66.80540610701684,68.33636474609375,7025298,0.0,0.0
2016-03-02 00:00:00+05:30,71.53745689293943,73.62512590973118,71.25910527140735,72.97563171386719,14897378,0.0,0.0
2016-03-03 00:00:00+05:30,74.36741685119598,74.59938009335258,70.9807520999184,73.30038452148438,9360691,0.0,0.0
2016-03-04 00:00:00+05:30,72.8364567584302,78.35717899325101,71.90860380609351,77.01179504394531,20605169,0.0,0.0
2016-03-08 00:00:00+05:30,76.77982648603755,77.05818518403449,75.0169045829537,75.62001037597656,9177778,0.0,0.0
2016-03-09 00:00:00+05:30,74.22823643632906,77.0117953026914,73.81070543795721,76.73343658447266,8651489,0.0,0.0
2016-03-10 00:00:00+05:30,77.66128365403704,77.84685847843704,75.24886756848278,75.89836883544922,6709519,0.0,0.0
2016-03-11 00:00:00+05:30,75.80558382412616,76.87261614143596,74.6457676268234,75.94476318359375,6118213,0.0,0.0
2016-03-14 00:00:00+05:30,77.38293383975262,77.38293383975262,75.66640737803387,76.36229705810547,4796884,0.0,0.0
2016-03-15 00:00:00+05:30,76.7334284962676,78.35717099715923,76.1767181974673,77.29014587402344,7553332,0.0,0.0
2016-03-16 00:00:00+05:30,77.66128839572943,78.12521486662138,75.10969280582371,76.77983093261719,6788879,0.0,0.0
2016-03-17 00:00:00+05:30,78.86750005163096,78.86750005163096,76.36229994039691,76.77983093261719,6004065,0.0,0.0
2016-03-18 00:00:00+05:30,77.56850104181501,78.49635394202562,76.50146879078166,78.21800231933594,5210801,0.0,0.0
2016-03-21 00:00:00+05:30,79.23864332707463,81.18713310582314,78.96028461055789,80.16649627685547,9559481,0.0,0.0
2016-03-22 00:00:00+05:30,80.67681540099326,80.67681540099326,78.68193711706208,79.74896240234375,5653763,0.0,0.0
2016-03-23 00:00:00+05:30,79.60979347990838,79.74896577242174,78.12522295616802,78.58914947509766,5714949,0.0,0.0
2016-03-28 00:00:00+05:30,78.7747093836557,79.0994564694989,75.805575978483,76.22311401367188,6095882,0.0,0.0
2016-03-29 00:00:00+05:30,76.08394736229617,77.0581958613229,75.20248982809616,76.03755187988281,5203411,0.0,0.0
2016-03-30 00:00:00+05:30,76.54786854076575,79.9809216316176,76.36230078194639,79.37782287597656,8356521,0.0,0.0
2016-03-31 00:00:00+05:30,79.09947147750302,80.16650388683256,78.31079781111401,78.58914947509766,12485726,0.0,0.0
2016-04-01 00:00:00+05:30,78.40357111365917,81.74384018318365,78.17160788551226,81.32630920410156,10487538,0.0,0.0
2016-04-04 00:00:00+05:30,82.11498121464707,82.20776508836398,79.88813285066209,80.58402252197266,5271040,0.0,0.0
2016-04-05 00:00:00+05:30,80.53763699328246,81.09434733436936,76.17672398369696,76.82622528076172,10546767,0.0,0.0
2016-04-06 00:00:00+05:30,76.82622596610166,77.24375695590247,75.15608784898619,75.4808349609375,6204590,0.0,0.0
2016-04-07 00:00:00+05:30,75.99115114859276,76.59425692734263,74.46019250375252,75.15608215332031,7049389,0.0,0.0
2016-04-08 00:00:00+05:30,75.06330005893844,75.94475747100249,74.13544717088965,75.62001037597656,3862497,0.0,0.0
2016-04-11 00:00:00+05:30,75.99114957302366,77.38292884330265,74.4137954860009,77.05818176269531,6957616,0.0,0.0
2016-04-12 00:00:00+05:30,77.33654503556644,78.17161413949478,76.73343917834283,77.42932891845703,5233194,0.0,0.0
2016-04-13 00:00:00+05:30,78.77471950469827,79.60978860341083,78.07882976893055,78.4963607788086,5928217,0.0,0.0
2016-04-18 00:00:00+05:30,78.21799713311802,78.3107810011959,75.01690059226556,76.54785919189453,5067674,0.0,0.0
2016-04-20 00:00:00+05:30,77.29014941912534,78.72831716707827,76.1303332938621,78.21800231933594,6313954,0.0,0.0
2016-04-21 00:00:00+05:30,78.96028592305608,84.89854631615195,78.96028592305608,82.20777130126953,19246303,0.0,0.0
2016-04-22 00:00:00+05:30,81.55827470680471,84.66658063486894,81.27991599368296,83.59954833984375,11826755,0.0,0.0
2016-04-25 00:00:00+05:30,83.87790064996068,84.57379030068664,82.06858331069982,82.76447296142578,6476934,0.0,0.0
2016-04-26 00:00:00+05:30,82.30055169802247,84.15625754987376,81.46548972785422,83.64594268798828,7516256,0.0,0.0
2016-04-27 00:00:00+05:30,83.64594381834942,85.50164969527805,83.08923347106206,83.59954833984375,6923537,0.0,0.0
2016-04-28 00:00:00+05:30,83.87790480274077,84.57379448792011,81.55827251880964,81.83662414550781,6551956,0.0,0.0
2016-04-29 00:00:00+05:30,81.92941061681147,82.71808413440026,78.12520821616752,80.67680358886719,9480942,0.0,0.0
2016-05-02 00:00:00+05:30,80.53763862958948,80.53763862958948,77.66128883078142,78.07882690429688,6845550,0.0,0.0
2016-05-03 00:00:00+05:30,78.6355405858473,79.98092458434704,76.64065524958907,76.91901397705078,6894167,0.0,0.0
2016-05-04 00:00:00+05:30,76.73343010486604,77.70767845740686,75.1560830453726,75.38804626464844,6401120,0.0,0.0
2016-05-05 00:00:00+05:30,76.54786440640498,76.54786440640498,74.97051730476443,75.57361602783203,5438243,0.0,0.0
2016-05-06 00:00:00+05:30,75.62001652562843,76.54786948913308,74.32102096093067,74.87773132324219,8653694,0.0,0.0
2016-05-09 00:00:00+05:30,75.62001475538733,76.91901028967601,75.43444699861301,76.77983093261719,5731887,0.0,0.0
2016-05-10 00:00:00+05:30,76.73343344389059,77.19735990262986,75.43444502258545,76.5942611694336,5975377,0.0,0.0
2016-05-11 00:00:00+05:30,75.24886833019511,76.4086844483515,73.57873736742339,73.7643051147461,9023281,0.0,0.0
2016-05-12 00:00:00+05:30,74.59937812260989,74.69216200123012,72.60449287697213,73.62512969970703,9312004,0.0,0.0
2016-05-13 00:00:00+05:30,73.62512343443531,73.71790730515993,71.25910287565772,72.00138092041016,6032591,0.0,0.0
2016-05-16 00:00:00+05:30,71.39827782143279,71.44467329801384,68.38275589651661,69.54257202148438,8869168,0.0,0.0
2016-05-17 00:00:00+05:30,69.82093283443128,70.19207542143542,67.73326374635859,68.42915344238281,10832961,0.0,0.0
2016-05-18 00:00:00+05:30,67.64047476467292,71.58384941121267,66.89818964668322,70.70238494873047,53402234,0.0,0.0
2016-05-19 00:00:00+05:30,69.1250428863652,70.0528958110144,68.15079448390112,68.70751190185547,14829522,0.0,0.0
2016-05-20 00:00:00+05:30,68.89307528158291,69.26421784367211,67.45490050809558,68.0580062866211,7170774,0.0,0.0
2016-05-23 00:00:00+05:30,68.47555132433095,68.61472360525687,66.85180864326985,67.0373764038086,5762911,0.0,0.0
2016-05-24 00:00:00+05:30,66.85180407486042,67.45490279487592,65.92395117766017,66.66622924804688,5335725,0.0,0.0
2016-05-25 00:00:00+05:30,67.8260484919962,68.9394762672679,67.45490590023897,68.66111755371094,6753231,0.0,0.0
2016-05-26 00:00:00+05:30,68.84667833587991,69.6817473130014,67.73325775235487,69.17143249511719,7655312,0.0,0.0
2016-05-27 00:00:00+05:30,69.86732755844059,72.0941688985223,69.40340109943092,71.07353210449219,8606243,0.0,0.0
2016-05-30 00:00:00+05:30,72.37253425766285,73.2076033764272,70.88797086816878,71.6302490234375,8799323,0.0,0.0
2016-05-31 00:00:00+05:30,72.27974767178662,73.76431100579757,70.19207849237726,73.30038452148438,10240573,0.0,0.0
2016-06-01 00:00:00+05:30,73.30038548835388,73.99627522400282,70.74878979097447,71.16632080078125,8993217,0.0,0.0
2016-06-02 00:00:00+05:30,71.07353194264182,72.23334808752486,70.51682160888915,71.8622055053711,6057502,0.0,0.0
2016-06-03 00:00:00+05:30,72.41892793758007,73.06842219214992,70.00650452584868,70.656005859375,7616323,0.0,0.0
2016-06-06 00:00:00+05:30,70.9343572910981,72.1869644737612,70.56322176330087,71.4446792602539,5897442,0.0,0.0
2016-06-07 00:00:00+05:30,71.90860353982283,72.97563584685017,70.7951828327242,72.04778289794922,10613718,0.0,0.0
2016-06-08 00:00:00+05:30,72.14056791248602,75.52723264506923,71.81582079105065,74.87773132324219,17047951,0.0,0.0
2016-06-09 00:00:00+05:30,75.34165319750241,78.31078674651476,75.10968997081189,76.36229705810547,22320765,0.0,0.0
2016-06-10 00:00:00+05:30,76.36229872488397,78.82110331830782,76.03754453726403,78.12521362304688,18694884,0.0,0.0
2016-06-13 00:00:00+05:30,76.59426404697629,77.42932604091433,75.85197885352444,77.01179504394531,8970712,0.0,0.0
2016-06-14 00:00:00+05:30,78.40357858484154,84.2026598411168,78.40357858484154,83.41398620605469,28103102,0.0,0.0
2016-06-15 00:00:00+05:30,84.57379960389484,84.94494220756589,83.0428407880995,83.50676727294922,18835068,0.0,0.0
2016-06-16 00:00:00+05:30,83.04284646617727,86.2439365989332,82.20777732055842,85.919189453125,23936547,0.0,0.0
2016-06-17 00:00:00+05:30,86.84703414097835,88.09963419956361,86.33671926916165,87.77488708496094,15970335,0.0,0.0
2016-06-20 00:00:00+05:30,85.7336082266821,89.81616234775376,85.36246565586545,89.53780364990234,17693806,0.0,0.0
2016-06-21 00:00:00+05:30,90.0017318725586,91.76465380956483,89.63058929440635,90.0017318725586,12387930,0.0,0.0
2016-06-22 00:00:00+05:30,89.9089479977595,90.83680090366217,89.07387896665593,90.0017318725586,10891950,0.0,0.0
2016-06-23 00:00:00+05:30,90.92959264183526,92.50693988669265,90.92959264183526,92.08940887451172,11372569,0.0,0.0
2016-06-24 00:00:00+05:30,88.8883106430764,95.56884869085478,86.80064161827617,95.01213836669922,26994254,0.0,0.0
2016-06-27 00:00:00+05:30,96.26473895223808,97.37815960733222,95.47606539830008,96.82144927978516,15188902,0.0,0.0
2016-06-28 00:00:00+05:30,97.33176522495822,97.8884755182758,95.84720208312616,96.77505493164062,10418872,0.0,0.0
2016-06-29 00:00:00+05:30,97.61012169635804,97.79569652268196,96.54309653055755,96.86784362792969,6618702,0.0,0.0
2016-06-30 00:00:00+05:30,97.88848570208981,98.8163386471333,97.09981211459406,98.25962829589844,8714879,0.0,0.0
2016-07-01 00:00:00+05:30,98.44519057239499,99.00190089263505,97.28537445566329,97.6565170288086,7061717,0.0,0.0
2016-07-04 00:00:00+05:30,98.53798782093607,105.45049706229567,97.98127742513127,104.52264404296875,22334797,0.0,0.0
2016-07-05 00:00:00+05:30,104.84738619413653,108.04847612688822,104.4298551868929,105.72884368896484,17612794,0.0,0.0
2016-07-07 00:00:00+05:30,108.55878841948652,110.32171033097873,108.00207809979312,108.41960906982422,16287980,0.0,0.0
2016-07-08 00:00:00+05:30,109.39386010993077,110.13613819466332,105.77523232512225,109.1155014038086,15826201,0.0,0.0
2016-07-11 00:00:00+05:30,112.27020803614354,119.18270974893517,111.24957119706077,118.11568450927734,28664551,0.0,0.0
2016-07-12 00:00:00+05:30,119.18269959060697,119.97138020168012,115.42489967441583,117.14142608642578,27472799,0.0,0.0
2016-07-13 00:00:00+05:30,117.74454169185513,118.02289333165882,114.63623570083146,116.02801513671875,14121570,0.0,0.0
2016-07-14 00:00:00+05:30,115.23932700514116,124.19311595821651,115.14654313120872,123.35803985595703,32394959,0.0,0.0
2016-07-15 00:00:00+05:30,124.3322912012287,127.57977641917124,124.05393249382266,126.1416015625,28503057,0.0,0.0
2016-07-18 00:00:00+05:30,127.30141190750801,127.9045247723744,122.01265333957997,122.66214752197266,20155095,0.0,0.0
2016-07-19 00:00:00+05:30,122.47657732140118,124.74981399313286,119.46105553129092,121.68789672851562,33819095,0.0,0.0
2016-07-20 00:00:00+05:30,122.01265226656704,122.38378775098147,119.27548913475482,120.06415557861328,17487077,0.0,0.0
2016-07-21 00:00:00+05:30,119.69303105259173,119.87859881178844,113.66198685226735,114.72901916503906,16629689,0.0,0.0
2016-07-22 00:00:00+05:30,113.94033916221416,113.98672755992641,110.78563788059117,111.52791595458984,21835148,0.0,0.0
2016-07-25 00:00:00+05:30,110.83203079060922,121.96626606450039,110.55367915613563,120.80644989013672,32101748,0.0,0.0
2016-07-26 00:00:00+05:30,122.19822342568935,125.21374533408823,119.5074556936673,119.97138214111328,25554181,0.0,0.0
2016-07-27 00:00:00+05:30,120.620888500423,123.68280619393943,119.32189997973751,123.21887969970703,18362804,0.0,0.0
2016-07-28 00:00:00+05:30,123.63639965875691,126.74471255536879,119.22909835760048,119.6466293334961,64858706,0.0,0.0
2016-07-29 00:00:00+05:30,119.22910484470579,120.11056232131372,114.03312970695345,114.4506607055664,22168964,0.0,0.0
2016-08-01 00:00:00+05:30,116.44553745012342,116.90946389414782,111.34234656585507,113.43001556396484,18871095,0.0,0.0
2016-08-02 00:00:00+05:30,113.66198168771164,115.7032552619494,111.75988038706961,113.84754943847656,18591611,0.0,0.0
2016-08-03 00:00:00+05:30,113.75476483204305,115.42490289401775,112.0382383721532,112.82691192626953,12484041,0.0,0.0
2016-08-04 00:00:00+05:30,114.1258995925548,114.86818469790968,111.89905135544558,113.6155776977539,13542657,0.0,0.0
2016-08-05 00:00:00+05:30,114.96097105191286,116.16717552549964,113.2444446724915,114.58982849121094,10784130,0.0,0.0
2016-08-08 00:00:00+05:30,115.28572687425944,115.47129462919493,112.68773583142608,114.03312683105469,7678168,0.0,0.0
2016-08-09 00:00:00+05:30,114.12590941086408,116.77028882288559,113.24445196650892,114.86819458007812,15356570,0.0,0.0
2016-08-10 00:00:00+05:30,114.91457862841472,115.10015345317082,110.64645676440493,111.0639877319336,12995177,0.0,0.0
2016-08-11 00:00:00+05:30,110.41449525894657,110.41449525894657,106.33194107727839,107.86289978027344,12331905,0.0,0.0
2016-08-12 00:00:00+05:30,107.21340919231224,115.00736816290012,107.02783435842066,114.03312683105469,21812608,0.0,0.0
2016-08-16 00:00:00+05:30,114.86820384459946,114.86820384459946,112.36299650566538,113.75477600097656,10314844,0.0,0.0
2016-08-17 00:00:00+05:30,113.61558541915007,117.6053557434082,113.5228015444139,115.98161315917969,13020777,0.0,0.0
2016-08-18 00:00:00+05:30,116.95586403264558,118.85796536055628,116.63110984571739,117.46617889404297,10505709,0.0,0.0
2016-08-19 00:00:00+05:30,118.44042863154587,119.60023772195672,117.46618021769517,118.99713897705078,11746246,0.0,0.0
2016-08-22 00:00:00+05:30,118.76517423454334,120.06416266456884,117.23421549463497,118.25485229492188,7084937,0.0,0.0
2016-08-23 00:00:00+05:30,118.20846494954036,118.62599593734714,116.02801197518785,117.6981430053711,7811577,0.0,0.0
2016-08-24 00:00:00+05:30,118.76517351332626,118.76517351332626,116.58472057164623,117.23421478271484,7590313,0.0,0.0
2016-08-25 00:00:00+05:30,117.32699971005255,118.20846423749381,116.07439967522131,116.67750549316406,4990619,0.0,0.0
2016-08-26 00:00:00+05:30,116.67750742988767,116.90947066533475,113.47641761230025,113.98673248291016,7612957,0.0,0.0
2016-08-29 00:00:00+05:30,113.94033622156043,114.86818909932897,112.91969239285048,114.26508331298828,5588874,0.0,0.0
2016-08-30 00:00:00+05:30,114.96097474275595,118.39402761181746,114.58983217013844,117.88371276855469,8091845,0.0,0.0
2016-08-31 00:00:00+05:30,118.20846925994275,120.52809459551057,117.55896793650217,118.34764862060547,12256198,0.0,0.0
2016-09-01 00:00:00+05:30,118.06928488274455,118.85796553333833,115.98161579837382,116.67750549316406,6989295,0.0,0.0
2016-09-02 00:00:00+05:30,116.9558611451094,117.65175082170713,115.33211856638133,117.04864501953125,6841019,0.0,0.0
2016-09-06 00:00:00+05:30,118.16207151777255,123.59000984804607,118.11568311774401,123.12608337402344,16168091,0.0,0.0
2016-09-07 00:00:00+05:30,124.33230223233238,132.12626178373122,124.33230223233238,129.15713500976562,32963976,0.0,0.0
2016-09-08 00:00:00+05:30,129.89942040144953,133.33247368047662,129.62106166900662,132.3118438720703,15259938,0.0,0.0
2016-09-09 00:00:00+05:30,132.35820276967328,135.2809477282364,130.1313616032631,134.3994903564453,21172922,0.0,0.0
2016-09-12 00:00:00+05:30,129.62104672956622,132.35820994097165,125.95603062223275,127.3014144897461,16293600,0.0,0.0
2016-09-14 00:00:00+05:30,128.1364932467682,132.1262494556269,127.8581345406378,131.66232299804688,11923165,0.0,0.0
2016-09-15 00:00:00+05:30,132.26542178019378,132.86852044755645,127.34779902277766,128.7395782470703,11864416,0.0,0.0
2016-09-16 00:00:00+05:30,130.78086120325978,133.05409793808658,127.3478083631222,127.90452575683594,14310678,0.0,0.0
2016-09-19 00:00:00+05:30,128.69319941066584,130.13137429326116,127.7653464745285,128.4148406982422,6831658,0.0,0.0
2016-09-20 00:00:00+05:30,128.41485024947673,128.8787767520513,126.97668941782618,127.57978820800781,6289148,0.0,0.0
2016-09-21 00:00:00+05:30,128.0437008346642,128.8787627856386,125.4921053470169,125.9560317993164,8304597,0.0,0.0
2016-09-22 00:00:00+05:30,130.82725839276677,131.4303571122638,127.7189455266534,130.9664306640625,10960659,0.0,0.0
2016-09-23 00:00:00+05:30,131.19839099195124,131.6159361124444,128.9715497529073,129.24990844726562,8968324,0.0,0.0
2016-09-26 00:00:00+05:30,127.5797697735515,131.291181257873,127.5797697735515,130.03857421875,10127982,0.0,0.0
2016-09-27 00:00:00+05:30,130.92005053514652,131.66232153268376,128.7395905456235,129.6210479736328,8289234,0.0,0.0
2016-09-28 00:00:00+05:30,129.38909915899666,136.5799599723849,129.06435910088197,135.9304656982422,21069168,0.0,0.0
2016-09-29 00:00:00+05:30,137.32221377986997,139.68824124076733,122.33739679070361,126.74469757080078,34985624,0.0,0.0
2016-09-30 00:00:00+05:30,127.11585140954016,131.70872058144113,126.65192494454183,130.5489044189453,15959086,0.0,0.0
2016-10-03 00:00:00+05:30,132.8685345153534,133.8427829070914,131.75511384961507,133.00772094726562,12933258,0.0,0.0
2016-10-04 00:00:00+05:30,133.61080912951067,136.53353991605442,131.15200476355554,135.1881561279297,27243314,0.0,0.0
2016-10-05 00:00:00+05:30,136.57994314405755,137.22943733817462,133.14689026837175,133.88917541503906,14790271,0.0,0.0
2016-10-06 00:00:00+05:30,134.26032061820456,134.631470297333,130.36334101378773,131.70872497558594,12147845,0.0,0.0
2016-10-07 00:00:00+05:30,131.6623237672765,134.07474702395183,130.4561262968508,133.23968505859375,11947869,0.0,0.0
2016-10-10 00:00:00+05:30,134.44588181052583,135.5593166356023,132.9613256402771,134.02835083007812,7198394,0.0,0.0
2016-10-13 00:00:00+05:30,132.6829747858875,133.6108277564182,125.95604074954007,127.997314453125,11908050,0.0,0.0
2016-10-14 00:00:00+05:30,128.832378845823,131.0128246325255,128.32205692709297,128.92515563964844,11186258,0.0,0.0
2016-10-17 00:00:00+05:30,129.43548611053728,131.24479652566126,125.81686528028938,126.79109954833984,11933751,0.0,0.0
2016-10-18 00:00:00+05:30,129.4818769728014,131.10561957220756,127.394207916422,130.64169311523438,10742701,0.0,0.0
2016-10-19 00:00:00+05:30,131.7551103950153,131.98707361754174,129.6674413922774,130.73446655273438,7757181,0.0,0.0
2016-10-20 00:00:00+05:30,131.6623314831391,135.79128854802505,130.96644175192185,135.32736206054688,12951807,0.0,0.0
2016-10-21 00:00:00+05:30,135.83766944966254,137.27584438797243,132.68297500774833,136.9047088623047,11120267,0.0,0.0
2016-10-24 00:00:00+05:30,137.4614104012006,137.97173236093295,135.18817348011555,136.44078063964844,10264829,0.0,0.0
2016-10-25 00:00:00+05:30,137.04387676186835,137.73976646867325,135.42013411265683,135.74488830566406,5409087,0.0,0.0
2016-10-26 00:00:00+05:30,135.1881717658398,136.8583099047343,132.91493487358093,133.61082458496094,7700465,0.0,0.0
2016-10-27 00:00:00+05:30,133.61082319443497,134.30671289857264,130.96643665554686,131.56954956054688,7229997,0.0,0.0
2016-10-28 00:00:00+05:30,131.6623213239468,134.12114001260395,131.4303580981062,133.56442260742188,6544009,0.0,0.0
2016-11-01 00:00:00+05:30,134.2603210916336,135.18817405585764,132.96133260488506,133.51803588867188,4844200,0.0,0.0
2016-11-02 00:00:00+05:30,131.47676649871948,131.61595294265257,126.37357502859484,126.8375015258789,10367286,0.0,0.0
2016-11-03 00:00:00+05:30,126.88388576684386,128.27566513540157,122.9405108892637,123.54360961914062,8462202,0.0,0.0
2016-11-04 00:00:00+05:30,123.35804422124,123.49723065549779,119.41466926844198,122.1518325805664,10318429,0.0,0.0
2016-11-07 00:00:00+05:30,129.06433224319306,131.059210132488,126.46634152933865,130.31692504882812,18907953,0.0,0.0
2016-11-08 00:00:00+05:30,129.85301806666308,131.01283425903756,128.18287991806136,130.4561309814453,9438660,0.0,0.0
2016-11-09 00:00:00+05:30,119.69303275306655,134.0747537427761,117.88372229884692,131.94068908691406,18051951,0.0,0.0
2016-11-10 00:00:00+05:30,136.39438231359827,149.75545899952053,135.37373841543365,147.80697631835938,37273635,0.0,0.0
2016-11-11 00:00:00+05:30,146.0904480279126,152.49264204778265,143.2141123012285,144.46670532226562,27229891,0.0,0.0
2016-11-15 00:00:00+05:30,145.67289801299395,149.61627264073422,140.38413957913625,143.53883361816406,20356688,0.0,0.0
2016-11-16 00:00:00+05:30,147.06468444609519,147.57500637196998,137.0902657849247,138.06451416015625,17007653,0.0,0.0
2016-11-17 00:00:00+05:30,138.85316725509156,141.63672568312208,135.93043656882364,136.95108032226562,14077616,0.0,0.0
2016-11-18 00:00:00+05:30,137.9717354252126,141.26561633891774,135.69849845364018,138.94598388671875,15123798,0.0,0.0
2016-11-21 00:00:00+05:30,140.05941418425425,140.29137744529407,125.39933325495552,126.60554504394531,19917880,0.0,0.0
2016-11-22 00:00:00+05:30,128.73959134540104,129.71383973311075,124.14672226952584,127.48698425292969,17367369,0.0,0.0
2016-11-23 00:00:00+05:30,128.50764121315694,129.389098736466,126.09521773660386,127.57978820800781,9296620,0.0,0.0
2016-11-24 00:00:00+05:30,126.002424512544,129.0643418621467,125.26013937356282,127.90452575683594,11254248,0.0,0.0
2016-11-25 00:00:00+05:30,129.15713617707024,131.47676870236933,128.50764190156917,130.1777801513672,9294203,0.0,0.0
2016-11-28 00:00:00+05:30,124.98180054017543,129.71385666507786,123.91477521687081,127.20865631103516,11349555,0.0,0.0
2016-11-29 00:00:00+05:30,127.11584654883428,128.83238006685545,125.58489493604581,126.2807846069336,7979580,0.0,0.0
2016-11-30 00:00:00+05:30,126.93029873613023,128.60043704014126,125.63129598504884,128.18289184570312,9497325,0.0,0.0
2016-12-01 00:00:00+05:30,128.92514999131046,129.43547188768278,125.90962824482322,126.51274108886719,6752406,0.0,0.0
2016-12-02 00:00:00+05:30,125.63127906766108,127.81173908176707,123.31164677942576,124.33229064941406,11985518,0.0,0.0
2016-12-05 00:00:00+05:30,123.86836498552636,126.18799728862611,123.40443852490641,125.86324310302734,6543450,0.0,0.0
2016-12-06 00:00:00+05:30,127.06945276431803,127.06945276431803,124.10032629391513,124.3786849975586,8168652,0.0,0.0
2016-12-07 00:00:00+05:30,125.1673537010755,126.1879975799606,119.3682729299376,121.91986846923828,10675568,0.0,0.0
2016-12-08 00:00:00+05:30,122.94051310914493,124.61065121315347,122.66215439882482,123.49723052978516,5657612,0.0,0.0
2016-12-09 00:00:00+05:30,124.28590066255612,126.28079301331258,122.94051670752793,125.44571685791016,7767465,0.0,0.0
2016-12-12 00:00:00+05:30,125.26014514098841,125.30654061891934,120.94563469374143,121.40956115722656,7027428,0.0,0.0
2016-12-13 00:00:00+05:30,121.4095535649158,121.82708452435983,118.62598787911836,120.06415557861328,9389839,0.0,0.0
2016-12-14 00:00:00+05:30,120.38891882054001,120.71367301231524,117.55896452535335,117.93010711669922,5545921,0.0,0.0
2016-12-15 00:00:00+05:30,116.44554288728419,119.18270620325146,115.70325771060352,117.18782806396484,8959317,0.0,0.0
2016-12-16 00:00:00+05:30,117.37339341093204,118.16206697062933,115.61047146169602,116.21357727050781,5403339,0.0,0.0
2016-12-19 00:00:00+05:30,116.07439921350654,116.44554179837624,114.636231430701,115.37850952148438,5083897,0.0,0.0
2016-12-20 00:00:00+05:30,115.88883339534935,116.16718502943178,112.08463776457383,112.68773651123047,6513285,0.0,0.0
2016-12-21 00:00:00+05:30,112.91969392293474,113.52279971744763,111.20316749159477,111.85266876220703,6777947,0.0,0.0
2016-12-22 00:00:00+05:30,111.34235488990828,111.6671020092126,109.48664897507648,110.78564453125,6499471,0.0,0.0
2016-12-23 00:00:00+05:30,110.83202427311335,112.73412551879883,110.50727717917957,111.34234619140625,6720177,0.0,0.0
2016-12-26 00:00:00+05:30,110.87842386063402,110.87842386063402,105.77523280428684,106.74948120117188,6426119,0.0,0.0
2016-12-27 00:00:00+05:30,106.33194020197723,108.32682533921867,104.52262989084883,107.63093566894531,8762885,0.0,0.0
2016-12-28 00:00:00+05:30,108.37323033136262,108.92994070067296,105.40409656344686,105.72884368896484,8946526,0.0,0.0
2016-12-29 00:00:00+05:30,105.26490862934588,106.7030834553261,103.9195247564915,104.98655700683594,14396639,0.0,0.0
2016-12-30 00:00:00+05:30,104.84738382140092,107.7237265635419,104.42985282360617,107.12062072753906,9685951,0.0,0.0
2017-01-02 00:00:00+05:30,108.5587839246543,109.06910582596778,105.03294024765599,107.2597885131836,9784247,0.0,0.0
2017-01-03 00:00:00+05:30,107.12061958933647,110.08975325851131,106.05359436654163,109.53304290771484,10254310,0.0,0.0
2017-01-04 00:00:00+05:30,109.8577812930959,110.32170772838857,106.56390077093567,106.93504333496094,8678158,0.0,0.0
2017-01-05 00:00:00+05:30,108.23404284641839,109.48664285309911,107.81650479155422,109.16189575195312,6286481,0.0,0.0
2017-01-06 00:00:00+05:30,109.6258226891701,112.59494916841984,109.25468010952491,110.46089172363281,11922173,0.0,0.0
2017-01-09 00:00:00+05:30,111.11038970947266,112.22381040733794,110.73924711719884,111.11038970947266,6694500,0.0,0.0
2017-01-10 00:00:00+05:30,112.22381236787088,112.36299172727452,109.76500769388376,110.78564453125,6545625,0.0,0.0
2017-01-11 00:00:00+05:30,111.89905848353662,115.8888287907998,111.48152750952445,114.6826171875,15259256,0.0,0.0
2017-01-12 00:00:00+05:30,115.28572697109647,117.280612193631,115.05376373775422,116.90946960449219,16048380,0.0,0.0
2017-01-13 00:00:00+05:30,116.90947092069351,117.37339739260102,114.6826224397462,116.07440185546875,6583850,0.0,0.0
2017-01-16 00:00:00+05:30,115.37851390044092,119.83220385103994,115.05376678096334,119.4146728515625,8138804,0.0,0.0
2017-01-17 00:00:00+05:30,120.52808244043922,123.12607331428543,119.92498373664958,120.85283660888672,12895124,0.0,0.0
2017-01-18 00:00:00+05:30,121.40955939130758,122.2446213502699,120.1569522949522,120.94563293457031,7963577,0.0,0.0
2017-01-19 00:00:00+05:30,121.13120988775432,123.12608814010633,119.78582589259277,122.70855712890625,9142340,0.0,0.0
2017-01-20 00:00:00+05:30,122.29101998999874,123.40444068337911,117.79092758010911,118.71878051757812,7903538,0.0,0.0
2017-01-23 00:00:00+05:30,118.0228957244597,121.22398566031696,117.55896923642494,120.38892364501953,5153324,0.0,0.0
2017-01-24 00:00:00+05:30,120.99201554585622,122.24462265558682,120.62088003966821,121.91986846923828,5005743,0.0,0.0
2017-01-25 00:00:00+05:30,122.19823103658523,124.28590018011884,120.43531608965516,123.63640594482422,13157954,0.0,0.0
2017-01-27 00:00:00+05:30,124.51786740372603,128.6932058244331,124.33229963883275,127.44061279296875,11400945,0.0,0.0
2017-01-30 00:00:00+05:30,127.53337299412726,130.68808121828397,126.51274334112361,127.71894073486328,10399258,0.0,0.0
2017-01-31 00:00:00+05:30,127.95090783227998,128.41483427715107,124.6106459239551,125.77046203613281,8428944,0.0,0.0
2017-02-01 00:00:00+05:30,126.83750448704481,130.7344843236277,124.93540297219081,130.4097442626953,18070233,0.0,0.0
2017-02-02 00:00:00+05:30,130.45613786633533,133.9819679509012,129.24992613102492,132.3118438720703,12319698,0.0,0.0
2017-02-03 00:00:00+05:30,132.6365700635634,140.2913565370503,132.35821136021787,139.31710815429688,19284357,0.0,0.0
2017-02-06 00:00:00+05:30,141.49755557671423,144.09554631396713,137.83253975565356,138.43563842773438,18121892,0.0,0.0
2017-02-07 00:00:00+05:30,139.13154565434112,144.46670006443821,136.9974810587198,140.70889282226562,49440931,0.0,0.0
2017-02-08 00:00:00+05:30,140.98724531949821,141.49756724606635,135.65209114464653,139.08514404296875,19165911,0.0,0.0
2017-02-09 00:00:00+05:30,139.17793151783448,140.10578439462003,133.7036052079642,134.2139129638672,15635676,0.0,0.0
2017-02-10 00:00:00+05:30,134.81702220656288,136.67272791027906,134.0747370934942,134.63145446777344,9057524,0.0,0.0
2017-02-13 00:00:00+05:30,135.1881631874657,135.65208963228056,129.76023227787886,132.07986450195312,10159858,0.0,0.0
2017-02-14 00:00:00+05:30,132.59018712508947,134.30672082645117,131.43037088306485,133.6572265625,9227243,0.0,0.0
2017-02-15 00:00:00+05:30,133.33244158817092,134.26029436770992,128.7395731610349,129.7138214111328,9307895,0.0,0.0
2017-02-16 00:00:00+05:30,130.5489052962155,132.07987113574515,128.09010067836644,130.78086853027344,8738826,0.0,0.0
2017-02-17 00:00:00+05:30,131.8015008856378,133.33245243323856,129.43547327378215,130.13136291503906,7242602,0.0,0.0
2017-02-20 00:00:00+05:30,130.13139393115145,133.10052094327398,129.34271315325145,132.72938537597656,7037820,0.0,0.0
2017-02-21 00:00:00+05:30,133.3324562410675,134.6778400876713,132.77575300690972,133.4252471923828,8887995,0.0,0.0
2017-02-22 00:00:00+05:30,133.6108263771205,134.30671609783468,131.29119397473994,131.70872497558594,6822132,0.0,0.0
2017-02-23 00:00:00+05:30,131.94067543604703,133.14688700003376,129.52826646598479,130.03857421875,7758688,0.0,0.0
2017-02-27 00:00:00+05:30,129.8994154566896,131.05923166612436,128.64680828733503,129.5746612548828,4881818,0.0,0.0
2017-02-28 00:00:00+05:30,129.89940637480723,132.07986635926332,129.76023410257034,131.19839477539062,5188965,0.0,0.0
2017-03-01 00:00:00+05:30,131.75511658827796,134.12114440084707,131.75511658827796,132.35821533203125,6092933,0.0,0.0
2017-03-02 00:00:00+05:30,133.28606899609017,133.79639094401506,128.09010103353276,129.20352172851562,5912934,0.0,0.0
2017-03-03 00:00:00+05:30,128.97155465094335,130.2241617441712,128.09009721692573,129.85301208496094,6415383,0.0,0.0
2017-03-06 00:00:00+05:30,130.50252447684989,131.5695639681216,130.17778440743888,131.3376007080078,3898856,0.0,0.0
2017-03-07 00:00:00+05:30,132.590171849931,133.10049376921242,130.920047980154,131.2911834716797,4555750,0.0,0.0
2017-03-08 00:00:00+05:30,131.29118258045838,131.8478999718793,128.87875942818292,131.05921936035156,5724981,0.0,0.0
2017-03-09 00:00:00+05:30,130.73446743996186,132.07986546607492,130.22415967326972,130.9664306640625,3555545,0.0,0.0
2017-03-10 00:00:00+05:30,131.94067202902926,133.05409261399234,130.64168370622417,131.47674560546875,4159067,0.0,0.0
2017-03-14 00:00:00+05:30,134.53866781860972,135.46652070011737,132.77575300690972,133.4252471923828,5530287,0.0,0.0
2017-03-15 00:00:00+05:30,132.682979019479,136.11603228840036,132.54380673262384,134.90982055664062,6275582,0.0,0.0
2017-03-16 00:00:00+05:30,135.93045013943464,138.15729144101155,135.2345604629529,137.50779724121094,8592406,0.0,0.0
2017-03-17 00:00:00+05:30,138.06451526217356,138.2036875349268,133.74999075397054,134.3531036376953,7365829,0.0,0.0
2017-03-20 00:00:00+05:30,134.07474894194692,135.88405933138037,133.0541050515423,134.7242431640625,4685006,0.0,0.0
2017-03-21 00:00:00+05:30,134.86344050562863,135.32736701007468,131.2912007582288,132.54380798339844,7549120,0.0,0.0
2017-03-22 00:00:00+05:30,130.54889804333703,131.2447877068494,126.04882004737061,126.55912780761719,9415163,0.0,0.0
2017-03-23 00:00:00+05:30,126.69832235431767,127.48698886209186,125.58490165292847,126.048828125,8454835,0.0,0.0
2017-03-24 00:00:00+05:30,126.55912808621427,133.10049376921242,126.51274676820717,131.2911834716797,18367831,0.0,0.0
2017-03-27 00:00:00+05:30,131.1520161964442,137.60059117318363,131.05922524107334,136.6263427734375,16938800,0.0,0.0
2017-03-28 00:00:00+05:30,137.4150199626391,138.71400835767338,135.55931416521204,138.06451416015625,10298223,0.0,0.0
2017-03-29 00:00:00+05:30,138.25008841588865,140.24496657885902,136.1160238168126,138.1109161376953,12009076,0.0,0.0
2017-03-30 00:00:00+05:30,138.25008478488544,142.88934937498226,137.78615832587576,142.14706420898438,13801286,0.0,0.0
2017-03-31 00:00:00+05:30,141.49756724606635,141.77592594764096,138.71400854614373,139.08514404296875,11204474,0.0,0.0
2017-04-03 00:00:00+05:30,140.94087188563483,140.94087188563483,138.71403024059023,139.13156127929688,4498149,0.0,0.0
2017-04-05 00:00:00+05:30,139.82742488267834,141.4975628827123,137.83254687241444,140.29135131835938,8301745,0.0,0.0
2017-04-06 00:00:00+05:30,139.59546031418898,142.2398466351497,139.17792935769813,140.61610412597656,7704706,0.0,0.0
2017-04-07 00:00:00+05:30,139.96662039685586,141.54396754901404,138.06451905546854,138.66761779785156,6675203,0.0,0.0
2017-04-10 00:00:00+05:30,138.62122320604306,141.9614994443696,137.83255670387726,141.26560974121094,6333658,0.0,0.0
2017-04-11 00:00:00+05:30,141.4047875925369,148.36368489842775,141.2192198292957,146.83273315429688,16514618,0.0,0.0
2017-04-12 00:00:00+05:30,146.60074773830254,148.456453405876,143.44605376659194,147.34303283691406,8897267,0.0,0.0
2017-04-13 00:00:00+05:30,146.69356042108097,150.59054006883582,143.95638282950185,145.02342224121094,11314637,0.0,0.0
2017-04-17 00:00:00+05:30,145.02340075244726,147.76056378053596,142.88933640315565,147.34303283691406,7391840,0.0,0.0
2017-04-18 00:00:00+05:30,147.29666953180865,151.70397145480766,143.8172206452305,144.65228271484375,11678752,0.0,0.0
2017-04-19 00:00:00+05:30,145.3481539445688,147.0646875060694,138.574838969357,142.14706420898438,11838556,0.0,0.0
2017-04-20 00:00:00+05:30,142.98214981609792,146.46159848951453,141.12644385694242,143.67803955078125,8232953,0.0,0.0
2017-04-21 00:00:00+05:30,144.65226392664863,145.85847554890938,141.5439651531092,143.7244110107422,7156933,0.0,0.0
2017-04-24 00:00:00+05:30,144.23471854183683,145.6728932494485,143.0749025127807,143.95635986328125,7810199,0.0,0.0
2017-04-25 00:00:00+05:30,145.30175882313526,150.31215844134934,144.55947372764524,149.4770965576172,14159303,0.0,0.0
2017-04-26 00:00:00+05:30,150.2657744373764,157.36385762250646,149.38431701329026,155.09060668945312,23060379,0.0,0.0
2017-04-27 00:00:00+05:30,153.7916159159827,155.78649395851565,150.91526630506823,152.81736755371094,12027538,0.0,0.0
2017-04-28 00:00:00+05:30,153.37408810403645,158.384488130353,152.86376617445137,156.66796875,14727193,0.0,0.0
2017-05-02 00:00:00+05:30,157.73499675292607,161.6783716717492,157.59582447777947,158.38449096679688,12782804,0.0,0.0
2017-05-03 00:00:00+05:30,159.59071093047558,165.1578287536317,156.99271978142016,162.28147888183594,19280628,0.0,0.0
2017-05-04 00:00:00+05:30,165.62173172165825,167.38464645216987,162.74538225828587,166.50318908691406,15515354,0.0,0.0
2017-05-05 00:00:00+05:30,168.63727909007545,172.3950864901026,159.21957700763255,161.7247772216797,25487298,0.0,0.0
2017-05-08 00:00:00+05:30,161.8639317176596,164.5083180828324,159.59069499839268,163.3948974609375,11955725,0.0,0.0
2017-05-09 00:00:00+05:30,164.22998140994372,164.41554917882428,158.70925887774575,161.07528686523438,11702741,0.0,0.0
2017-05-10 00:00:00+05:30,161.44642263594238,162.79180665965927,158.47729585582957,159.72988891601562,6404722,0.0,0.0
2017-05-11 00:00:00+05:30,160.1474156434063,163.48767757698417,158.75563629827093,159.5906982421875,8622609,0.0,0.0
2017-05-12 00:00:00+05:30,159.59070612969438,161.49280749363658,155.04423237404825,156.94631958007812,8539232,0.0,0.0
2017-05-15 00:00:00+05:30,157.68860016135403,158.94120726047328,154.20915172814713,154.765869140625,7476618,0.0,0.0
2017-05-16 00:00:00+05:30,155.27618311338088,165.1578104938065,152.91015546854467,161.5855712890625,51532461,0.0,0.0
2017-05-17 00:00:00+05:30,160.51856390437135,160.61135486459102,152.44624589220808,153.1421356201172,26536944,0.0,0.0
2017-05-18 00:00:00+05:30,151.6111554719584,152.5390083552823,146.50796461367705,147.06468200683594,13905573,0.0,0.0
2017-05-19 00:00:00+05:30,147.99253199257865,150.54412737176102,142.98213218389404,144.0027618408203,16311602,0.0,0.0
2017-05-22 00:00:00+05:30,146.1368422281613,146.6007687114253,139.40990822083324,140.0594024658203,11857847,0.0,0.0
2017-05-23 00:00:00+05:30,140.98725761307128,143.21411326193004,135.04900419860707,138.94598388671875,18177361,0.0,0.0
2017-05-24 00:00:00+05:30,138.89958938774907,141.35840829920517,135.930462659533,136.81192016601562,12578488,0.0,0.0
2017-05-25 00:00:00+05:30,137.78614963637605,140.94084369552598,133.935565932598,139.82742309570312,18805386,0.0,0.0
2017-05-26 00:00:00+05:30,140.10579056128645,142.23985510340498,138.80680213977706,139.78103637695312,9285518,0.0,0.0
2017-05-29 00:00:00+05:30,139.59545873046767,140.89446121781555,132.72935328988217,134.63145446777344,8154328,0.0,0.0
2017-05-30 00:00:00+05:30,133.51802413583647,137.32222661745763,132.1262448120109,135.79127502441406,10767305,0.0,0.0
2017-05-31 00:00:00+05:30,136.25520355191603,140.6625048115113,134.5386700297511,139.64186096191406,16851657,0.0,0.0
2017-06-01 00:00:00+05:30,140.10579494477,141.31200660700281,138.48205228812532,140.94085693359375,9103808,0.0,0.0
2017-06-02 00:00:00+05:30,142.33261351964083,142.9357263329581,140.01298152513618,142.00787353515625,7997880,0.0,0.0
2017-06-05 00:00:00+05:30,142.37902694458467,143.58523856540796,141.775928213129,142.7037811279297,5133407,0.0,0.0
2017-06-06 00:00:00+05:30,142.98214912395238,143.35328465082173,138.2964887681844,138.71401977539062,6081488,0.0,0.0
2017-06-07 00:00:00+05:30,138.71401194462166,141.9614971740944,138.48204871394503,141.3583984375,7023536,0.0,0.0
2017-06-08 00:00:00+05:30,141.77593470941093,142.10067474972388,139.87383331533138,140.3841552734375,5183430,0.0,0.0
2017-06-09 00:00:00+05:30,140.10578066936495,141.72952316056617,138.8531736558453,141.1728057861328,4215439,0.0,0.0
2017-06-12 00:00:00+05:30,140.10579801105172,140.10579801105172,136.8583126266896,137.69337463378906,6329251,0.0,0.0
2017-06-13 00:00:00+05:30,138.06450765694984,139.64185467888328,136.8582961138557,138.0181121826172,4610203,0.0,0.0
2017-06-14 00:00:00+05:30,138.80680425678636,141.68313985054326,137.60059261389574,141.0336456298828,8829217,0.0,0.0
2017-06-15 00:00:00+05:30,137.8789595963161,139.82744237518617,136.11603042543783,136.81192016601562,12486764,0.0,0.0
2017-06-16 00:00:00+05:30,137.7861629698679,138.15729848641973,136.11602482955973,136.9974822998047,6445657,0.0,0.0
2017-06-19 00:00:00+05:30,137.78615892601337,138.25008538704373,136.2088117900926,136.6263427734375,3972793,0.0,0.0
2017-06-20 00:00:00+05:30,136.30159478134394,136.95110318263087,133.14690036614732,133.51803588867188,11058383,0.0,0.0
2017-06-21 00:00:00+05:30,133.7036018529758,136.06961530308018,133.14688447770948,135.65208435058594,6615254,0.0,0.0
2017-06-22 00:00:00+05:30,136.34798440261403,137.22944184917037,134.30671080061202,135.0489959716797,4476023,0.0,0.0
2017-06-23 00:00:00+05:30,135.2345695356514,135.97685473861313,131.84791187939877,133.51803588867188,6011716,0.0,0.0
2017-06-27 00:00:00+05:30,133.98195038439476,133.98195038439476,125.81685635602496,127.1158447265625,11185507,0.0,0.0
2017-06-28 00:00:00+05:30,124.70343484164253,128.27567447760168,123.07969212673619,126.65193176269531,10796349,0.0,0.0
2017-06-29 00:00:00+05:30,128.043707670125,129.66745033985484,125.0745810484872,128.09010314941406,9372758,0.0,0.0
2017-06-30 00:00:00+05:30,126.97667982623477,128.60042246259118,125.72407270073782,127.39421081542969,5476662,0.0,0.0
2017-07-03 00:00:00+05:30,127.57977908560788,129.89941143261893,126.74471710384881,129.20352172851562,4541871,0.0,0.0
2017-07-04 00:00:00+05:30,129.3426830080426,130.22415455128427,126.00242120711961,126.69831085205078,4799590,0.0,0.0
2017-07-05 00:00:00+05:30,126.55911568531073,127.67255036661072,125.49209063329334,126.74469757080078,6423645,0.0,0.0
2017-07-06 00:00:00+05:30,130.3169475850207,133.79639624334936,129.66745333371523,132.96133422851562,16877517,0.0,0.0
2017-07-07 00:00:00+05:30,133.2396834677953,134.35310412761652,132.17264412711975,133.79638671875,6501418,0.0,0.0
2017-07-10 00:00:00+05:30,138.99236138932844,143.1213037886005,138.25007626905332,142.19345092773438,6633454,0.0,0.0
2017-07-11 00:00:00+05:30,143.21409894278102,143.90998860886273,137.97172163021855,138.6212158203125,10977204,0.0,0.0
2017-07-12 00:00:00+05:30,139.03876613073376,141.86870621865896,137.6933680664797,141.3583984375,7270322,0.0,0.0
2017-07-13 00:00:00+05:30,142.7965614249951,143.7708098409997,140.1057935692798,141.26560974121094,5383408,0.0,0.0
2017-07-14 00:00:00+05:30,139.17793307901024,143.7244065630933,139.17793307901024,142.56459045410156,7808933,0.0,0.0
2017-07-17 00:00:00+05:30,142.2862585415277,142.88935730856107,140.56972488472078,141.86871337890625,7437053,0.0,0.0
2017-07-18 00:00:00+05:30,141.8687149142743,147.48222827230234,140.94086193469653,143.67803955078125,12397695,0.0,0.0
2017-07-19 00:00:00+05:30,145.3017727427184,147.38944180995335,144.4203011435563,146.87911987304688,6062912,0.0,0.0
2017-07-20 00:00:00+05:30,145.626516242926,147.2502588895038,144.65226782339684,145.44094848632812,5441983,0.0,0.0
2017-07-21 00:00:00+05:30,146.60076991076718,148.17811713518654,144.69866848224112,146.83273315429688,6926819,0.0,0.0
2017-07-24 00:00:00+05:30,147.06468302727936,151.61115652394864,146.60075658239836,149.6626739501953,8443748,0.0,0.0
2017-07-25 00:00:00+05:30,150.54413980553213,152.44624116778542,149.7090778210855,151.19363403320312,6869914,0.0,0.0
2017-07-26 00:00:00+05:30,150.77611327226617,151.8895340463864,146.69356571452087,147.4358367919922,8868577,0.0,0.0
2017-07-27 00:00:00+05:30,148.4100683210002,149.29152574321566,142.42541995574507,143.0285186767578,11133709,0.0,0.0
2017-07-28 00:00:00+05:30,142.8893722946509,147.94616867739174,141.96151922780254,147.38946533203125,7759390,0.0,0.0
2017-07-31 00:00:00+05:30,143.72442491747813,151.61117546580266,143.2141170906819,150.59054565429688,13159766,0.0,0.0
2017-08-01 00:00:00+05:30,151.98231728470753,152.3534528045782,145.67291434151787,146.1368408203125,11446128,0.0,0.0
2017-08-02 00:00:00+05:30,147.52861898980575,150.4977455970118,145.99766728609538,147.4822235107422,31565886,0.0,0.0
2017-08-03 00:00:00+05:30,146.46158759994756,146.46158759994756,137.5077985179977,138.5284423828125,19702626,0.0,0.0
2017-08-04 00:00:00+05:30,138.29648525902394,141.3584028306974,137.22944587000234,140.15219116210938,12895805,0.0,0.0
2017-08-07 00:00:00+05:30,140.38414916105623,141.96149628823198,140.1521859318271,141.12643432617188,5372108,0.0,0.0
2017-08-08 00:00:00+05:30,141.96149350317077,141.96149350317077,135.00259676281925,138.06451416015625,11529949,0.0,0.0
2017-08-09 00:00:00+05:30,137.7861536832689,139.45629171101206,135.93044790975688,137.6005859375,7478797,0.0,0.0
2017-08-10 00:00:00+05:30,136.85829381042092,137.6005789135172,130.03856977772037,132.82212829589844,8506146,0.0,0.0
2017-08-11 00:00:00+05:30,128.9715597275836,134.16754189775912,127.53338482709641,130.2241668701172,14050916,0.0,0.0
2017-08-14 00:00:00+05:30,131.29118320084007,133.42524766748903,130.22415804647133,132.8685302734375,5282514,0.0,0.0
2017-08-16 00:00:00+05:30,133.51803701945715,138.3428838006146,130.5489103403768,136.9047088623047,8003091,0.0,0.0
2017-08-17 00:00:00+05:30,137.41502643357836,139.2707323183915,135.00260312015635,135.74488830566406,8384523,0.0,0.0
2017-08-18 00:00:00+05:30,133.61082067707162,134.0747471377559,130.548903204973,131.894287109375,9195713,0.0,0.0
2017-08-21 00:00:00+05:30,132.68296945115156,133.51803142788904,126.93028409674002,127.67256927490234,9064019,0.0,0.0
2017-08-22 00:00:00+05:30,128.97156944827756,129.43549595708433,125.86325617610693,128.04371643066406,9256850,0.0,0.0
2017-08-23 00:00:00+05:30,128.97155778711715,132.77576047853515,128.27566808682695,132.35821533203125,9488136,0.0,0.0
2017-08-24 00:00:00+05:30,131.29118448065924,135.00259605608426,130.13136836333894,133.88917541503906,8742823,0.0,0.0
2017-08-28 00:00:00+05:30,133.8891684597523,135.42011999192047,133.56441430060835,134.3994903564453,5356187,0.0,0.0
2017-08-29 00:00:00+05:30,132.91493971804354,134.90981796687694,130.13138077106882,130.8272705078125,6956667,0.0,0.0
2017-08-30 00:00:00+05:30,131.98707668906764,133.0077205551004,131.10561925453675,132.2190399169922,4286281,0.0,0.0
2017-08-31 00:00:00+05:30,132.3118265661559,134.53866781860972,131.1983917820176,133.4252471923828,8964249,0.0,0.0
2017-09-01 00:00:00+05:30,133.70361080435742,135.28095792933317,133.5180288949034,134.02835083007812,5319966,0.0,0.0
2017-09-04 00:00:00+05:30,134.07474892257864,134.909810899762,131.38398107795473,132.35821533203125,4522734,0.0,0.0
2017-09-05 00:00:00+05:30,132.96132635083706,133.51802960843844,132.12625022756697,133.23968505859375,3193574,0.0,0.0
2017-09-06 00:00:00+05:30,131.9870952633645,132.31184949132566,128.3684740616645,128.97157287597656,12625243,0.0,0.0
2017-09-07 00:00:00+05:30,130.2705394923647,130.2705394923647,127.62616726280062,128.92515563964844,8834660,0.0,0.0
2017-09-08 00:00:00+05:30,129.34268640109215,129.71383604953846,127.20863609364947,127.90452575683594,4807096,0.0,0.0
2017-09-11 00:00:00+05:30,128.87878162588157,129.43549911318985,127.81175629277348,128.18289184570312,3593970,0.0,0.0
2017-09-12 00:00:00+05:30,129.34268674639122,131.7551099150425,128.0436983681399,131.2911834716797,7355454,0.0,0.0
2017-09-13 00:00:00+05:30,131.70871973780987,134.35310623452713,130.96643456698467,132.68296813964844,6517642,0.0,0.0
2017-09-14 00:00:00+05:30,132.68296091733004,135.28095179484603,132.68296091733004,134.7706298828125,6985935,0.0,0.0
2017-09-15 00:00:00+05:30,133.79638200089593,135.83765549824193,133.2396787695714,134.2139129638672,5237646,0.0,0.0
2017-09-18 00:00:00+05:30,135.46653312722637,136.6727448154212,134.0747536772891,134.3067169189453,4089953,0.0,0.0
2017-09-19 00:00:00+05:30,135.00260629459538,135.00260629459538,131.66232996022381,133.51803588867188,3878878,0.0,0.0
2017-09-20 00:00:00+05:30,133.6108184812173,135.88405526962788,132.45100234856784,134.3531036376953,9509565,0.0,0.0
2017-09-21 00:00:00+05:30,133.79639095062257,135.1881703588979,131.1520185696467,131.56954956054688,4955855,0.0,0.0
2017-09-22 00:00:00+05:30,131.47675434766697,131.47675434766697,127.16224398483658,127.76534271240234,4339014,0.0,0.0
2017-09-25 00:00:00+05:30,127.57976846878904,128.50762133038023,123.72918475635004,127.71894073486328,5005117,0.0,0.0
2017-09-26 00:00:00+05:30,127.5797802164794,128.2756699267511,125.72407432242153,126.79109954833984,4156603,0.0,0.0
2017-09-27 00:00:00+05:30,127.39421376867811,128.22927576642633,122.52298574668428,123.0796890258789,5049669,0.0,0.0
2017-09-28 00:00:00+05:30,123.21888157725067,124.23951138536593,120.80645810731777,121.31678009033203,6456704,0.0,0.0
2017-09-29 00:00:00+05:30,122.38379806376315,123.1724787319917,119.13631274879538,119.73942565917969,5696269,0.0,0.0
2017-10-03 00:00:00+05:30,121.4095567168805,121.54872898767123,118.95073805558907,120.24974060058594,6869737,0.0,0.0
2017-10-04 00:00:00+05:30,120.52809030058884,122.66215487748794,119.69302832428198,120.5744857788086,4823213,0.0,0.0
2017-10-05 00:00:00+05:30,120.99200617954617,123.68278794380086,120.62087070208872,122.80133056640625,5435195,0.0,0.0
2017-10-06 00:00:00+05:30,123.40442470358369,127.9508978452884,123.35802923113559,127.1622314453125,7521348,0.0,0.0
2017-10-09 00:00:00+05:30,127.115852103329,127.90453276129557,125.39931851030165,127.39421081542969,4262474,0.0,0.0
2017-10-10 00:00:00+05:30,127.57977116717039,127.85812986311741,126.3735595900076,127.1158447265625,2373107,0.0,0.0
2017-10-11 00:00:00+05:30,128.04369517132886,128.78598029375937,121.36315738527655,122.1982192993164,5753051,0.0,0.0
2017-10-12 00:00:00+05:30,122.47658283418201,124.61064733635995,120.57448155706882,124.14672088623047,5371109,0.0,0.0
2017-10-13 00:00:00+05:30,124.14672639657813,126.8838897422508,122.84772378381136,125.26014709472656,5481433,0.0,0.0
2017-10-16 00:00:00+05:30,125.67766364595992,126.51273969205212,122.47657419738317,124.19310760498047,4427314,0.0,0.0
2017-10-17 00:00:00+05:30,124.14672690339052,126.93028573908128,123.72919590961938,124.70343017578125,4220328,0.0,0.0
2017-10-18 00:00:00+05:30,123.4972202171356,124.19310985586948,120.99200619136492,121.4559326171875,6126357,0.0,0.0
2017-10-19 00:00:00+05:30,121.54873784317405,122.0126643234915,119.50746416135975,120.20335388183594,1148287,0.0,0.0
2017-10-23 00:00:00+05:30,120.24974810412395,122.38379856494063,119.69303067039898,121.54873657226562,4381410,0.0,0.0
2017-10-24 00:00:00+05:30,122.01265193232915,131.47674833808347,121.54872549912638,128.22926330566406,13692564,0.0,0.0
2017-10-25 00:00:00+05:30,141.03364493081588,191.64802493987202,141.03364493081588,187.47268676757812,166547247,0.0,0.0
2017-10-26 00:00:00+05:30,196.70482173434422,214.75155844395513,186.59123043097912,198.18939208984375,124669249,0.0,0.0
2017-10-27 00:00:00+05:30,198.56053491193975,198.56053491193975,181.16329178297306,182.4622802734375,39213574,0.0,0.0
2017-10-30 00:00:00+05:30,182.6014531460241,197.63266726105743,180.69935187366636,189.235595703125,46136900,0.0,0.0
2017-10-31 00:00:00+05:30,189.23561156243645,191.97277500916894,182.415900685789,182.92620849609375,27023668,0.0,0.0
2017-11-01 00:00:00+05:30,187.42627626464218,191.416046363244,183.94682806665995,184.5499267578125,28141909,0.0,0.0
2017-11-02 00:00:00+05:30,184.68912968648746,188.81807241885542,181.9055708793299,183.20455932617188,20686765,0.0,0.0
2017-11-03 00:00:00+05:30,184.87470050588246,196.70482563235674,184.73552822638305,192.80784606933594,96398855,0.0,0.0
2017-11-06 00:00:00+05:30,191.8799720986211,192.62225720976627,185.292211204335,186.68399047851562,21545767,0.0,0.0
2017-11-07 00:00:00+05:30,190.02427259097405,190.02427259097405,175.03944008932206,177.03433227539062,27782722,0.0,0.0
2017-11-08 00:00:00+05:30,178.93644271055166,180.792148565334,172.6270399727093,175.4105987548828,22869578,0.0,0.0
2017-11-09 00:00:00+05:30,177.5910408318645,182.36949180022393,176.75597887828144,178.42611694335938,21212153,0.0,0.0
2017-11-10 00:00:00+05:30,176.2920662165605,181.85918409708347,173.508507276299,176.38485717773438,26367774,0.0,0.0
2017-11-13 00:00:00+05:30,178.1477532215033,178.56528418653392,173.04456237401232,174.11158752441406,13730302,0.0,0.0
2017-11-14 00:00:00+05:30,174.71470667469964,176.24565832083465,169.98265114642658,170.77133178710938,14459551,0.0,0.0
2017-11-15 00:00:00+05:30,171.56000445306614,173.6012922653653,166.22485000110112,167.66302490234375,15478328,0.0,0.0
2017-11-16 00:00:00+05:30,169.24036155857536,177.26629755588837,167.10631123682344,175.92091369628906,22146185,0.0,0.0
2017-11-17 00:00:00+05:30,183.71487017753697,186.40563786545755,176.1064793957061,177.03433227539062,28196846,0.0,0.0
2017-11-20 00:00:00+05:30,176.94155307270918,176.94155307270918,173.04457355086728,173.74046325683594,13291834,0.0,0.0
2017-11-21 00:00:00+05:30,175.31779798708493,177.8693933946072,171.93114065481078,172.85899353027344,13806005,0.0,0.0
2017-11-22 00:00:00+05:30,173.50850052474266,179.02922270985655,170.26101522080364,175.54977416992188,23941016,0.0,0.0
2017-11-23 00:00:00+05:30,175.64256195059474,175.92092066033726,171.6063960541087,173.04457092285156,14256077,0.0,0.0
2017-11-24 00:00:00+05:30,173.50850868094702,175.54978242208142,171.69919818671224,172.67344665527344,11782239,0.0,0.0
2017-11-27 00:00:00+05:30,171.606391179649,173.18373827950268,169.65790858262207,172.44146728515625,10556535,0.0,0.0
2017-11-28 00:00:00+05:30,173.23013774614012,174.2971771014357,169.61151701266263,170.4465789794922,13720114,0.0,0.0
2017-11-29 00:00:00+05:30,170.81772490616072,171.37442815256415,167.47744879609334,168.4980926513672,9800911,0.0,0.0
2017-11-30 00:00:00+05:30,167.84857994851706,167.84857994851706,162.69900780251427,163.3948974609375,17254860,0.0,0.0
2017-12-01 00:00:00+05:30,164.32276760363467,165.15782961831496,157.82779677594812,159.1267852783203,13167162,0.0,0.0
2017-12-04 00:00:00+05:30,159.49792038368517,161.77117149369653,157.27107891181572,160.70413208007812,12795662,0.0,0.0
2017-12-05 00:00:00+05:30,159.96184127561148,164.97225564895163,158.33809862977122,163.25572204589844,17498518,0.0,0.0
2017-12-06 00:00:00+05:30,162.74539012817604,163.11653977638093,158.6164476275379,159.68348693847656,12381441,0.0,0.0
2017-12-07 00:00:00+05:30,159.68348335102348,163.11653611180083,159.63708787630128,161.35360717773438,11340699,0.0,0.0
2017-12-08 00:00:00+05:30,161.77115433634344,162.65261173555854,159.5906944180486,160.2401885986328,8766071,0.0,0.0
2017-12-11 00:00:00+05:30,161.49279654077912,162.65261264038554,159.4515230370541,160.47215270996094,7926307,0.0,0.0
2017-12-12 00:00:00+05:30,160.4257598962984,163.53407275798358,158.01335086383537,161.1680450439453,16854655,0.0,0.0
2017-12-13 00:00:00+05:30,160.51855802445425,161.1680522484621,154.44111845841994,155.6937255859375,11545396,0.0,0.0
2017-12-14 00:00:00+05:30,156.80714366815158,158.33809532482377,154.1627571798138,157.36386108398438,12678906,0.0,0.0
2017-12-15 00:00:00+05:30,159.68348515245393,161.40000447325153,158.43087811037867,159.2195587158203,8768732,0.0,0.0
2017-12-18 00:00:00+05:30,155.87929482626748,167.57024760140249,150.17300487525657,165.8537139892578,27671940,0.0,0.0
2017-12-19 00:00:00+05:30,167.8022108377511,167.94138311639531,163.62687258347609,165.8537139892578,13603472,0.0,0.0
2017-12-20 00:00:00+05:30,159.49790192280742,160.33297799653823,157.17826975896256,158.19891357421875,63640511,0.0,0.0
2017-12-21 00:00:00+05:30,158.6628505915661,162.28147134540188,158.19892412784807,160.98248291015625,18059283,0.0,0.0
2017-12-22 00:00:00+05:30,161.3536206863317,164.36914274289217,159.72987804049146,163.25572204589844,22577624,0.0,0.0
2017-12-26 00:00:00+05:30,163.20933349471252,163.20933349471252,160.1010345069197,161.7247772216797,9993708,0.0,0.0
2017-12-27 00:00:00+05:30,161.63197662681037,164.87946186277117,160.24019723997,161.53919982910156,14740959,0.0,0.0
2017-12-28 00:00:00+05:30,160.75051645818496,161.9103325942469,157.73499450442392,158.47727966308594,18945479,0.0,0.0
2017-12-29 00:00:00+05:30,159.40513097781744,161.1216503472761,158.33809164856422,159.0339813232422,9789074,0.0,0.0
2018-01-01 00:00:00+05:30,160.47216307419723,160.88969406543987,156.7143558371889,157.50303649902344,7869149,0.0,0.0
2018-01-02 00:00:00+05:30,158.19893248077292,158.5700680081785,153.466876637831,154.3947296142578,13729132,0.0,0.0
2018-01-03 00:00:00+05:30,155.87928008559575,157.08549163212604,154.2091421102393,154.58029174804688,8534233,0.0,0.0
2018-01-04 00:00:00+05:30,155.27618244270292,166.7351568175547,153.46685803170058,163.71963500976562,31613344,0.0,0.0
2018-01-05 00:00:00+05:30,167.38465582060002,167.47744677283546,162.7453913670589,163.30210876464844,15500426,0.0,0.0
2018-01-08 00:00:00+05:30,164.276365060651,165.29699479494616,162.46705466802172,163.0237579345703,7302294,0.0,0.0
2018-01-09 00:00:00+05:30,162.6526276928643,165.06503690855212,161.49281148592416,162.0495147705078,11152776,0.0,0.0
2018-01-10 00:00:00+05:30,161.86394837856062,162.2814793850094,157.73500547850009,158.33810424804688,9021131,0.0,0.0
2018-01-11 00:00:00+05:30,158.01336881533862,161.07528654854426,157.31747906496977,160.28660583496094,8683647,0.0,0.0
2018-01-12 00:00:00+05:30,160.98247906449433,162.28146746870883,159.0803777771067,161.63197326660156,11223630,0.0,0.0
2018-01-15 00:00:00+05:30,162.32788015783186,163.16295635586917,159.4515443412498,159.72988891601562,7104648,0.0,0.0
2018-01-16 00:00:00+05:30,159.82266010783002,160.4721542984566,153.18851761557525,153.60604858398438,11916843,0.0,0.0
2018-01-17 00:00:00+05:30,153.55965786588172,164.22996641849585,150.91527138750388,162.88458251953125,25299752,0.0,0.0
2018-01-18 00:00:00+05:30,167.6630099711235,169.56511117705853,156.4823801098091,158.19891357421875,32923946,0.0,0.0
2018-01-19 00:00:00+05:30,158.47728046975703,165.1578186158963,157.13189657665936,163.67324829101562,21519974,0.0,0.0
2018-01-22 00:00:00+05:30,163.39489971688388,164.50832035415144,159.77626494837486,163.30210876464844,11370450,0.0,0.0
2018-01-23 00:00:00+05:30,163.34849986552172,174.2507710393291,162.60621474125472,172.3950653076172,28176767,0.0,0.0
2018-01-24 00:00:00+05:30,171.88475549328183,182.18392869207653,168.96202442336255,180.6065673828125,50753260,0.0,0.0
2018-01-25 00:00:00+05:30,182.78702466424338,182.78702466424338,167.01352507392795,167.8485870361328,45808402,0.0,0.0
2018-01-29 00:00:00+05:30,168.59085319307832,169.19396601592595,160.14740109440456,161.39999389648438,18481283,0.0,0.0
2018-01-30 00:00:00+05:30,160.7969147760374,163.2093238869196,159.0339857233302,160.1938018798828,16914910,0.0,0.0
2018-01-31 00:00:00+05:30,159.12678214368214,162.5598352533919,156.6215819910784,158.98760986328125,15313331,0.0,0.0
2018-02-01 00:00:00+05:30,160.3329893640507,162.003127472013,154.02358659947762,155.46176147460938,15801115,0.0,0.0
2018-02-02 00:00:00+05:30,153.09575080687267,156.52880420550463,148.9204121485034,150.1730194091797,17622089,0.0,0.0
2018-02-05 00:00:00+05:30,146.60076733906942,154.20915876179302,145.58012342227795,151.8895263671875,20688955,0.0,0.0
2018-02-06 00:00:00+05:30,140.33774874170655,152.8173672031884,140.33774874170655,149.4307098388672,27530912,0.0,0.0
2018-02-07 00:00:00+05:30,152.1214767377719,153.00293414157167,144.37391368995023,145.25537109375,22887593,0.0,0.0
2018-02-08 00:00:00+05:30,145.67291812575542,149.8482565433726,145.3017825962435,147.85337829589844,16358889,0.0,0.0
2018-02-09 00:00:00+05:30,144.7450652464056,146.6007712111031,144.09557099034404,145.4873504638672,9608396,0.0,0.0
2018-02-12 00:00:00+05:30,145.71931159566873,152.12149141784076,145.20898963119697,149.9874267578125,15391679,0.0,0.0
2018-02-14 00:00:00+05:30,147.4822275377272,147.4822275377272,134.21392716426902,135.32736206054688,68396778,0.0,0.0
2018-02-15 00:00:00+05:30,127.67256958708059,129.62105225686975,116.21358017057007,118.99713897705078,177112217,0.0,0.0
2018-02-16 00:00:00+05:30,116.53832412812599,119.13630802982065,111.85267117807294,116.49193572998047,156691203,0.0,0.0
2018-02-19 00:00:00+05:30,113.1980548907759,114.58983425418707,105.3577006418086,108.09486389160156,130898125,0.0,0.0
2018-02-20 00:00:00+05:30,105.68244664092933,109.90417308516582,102.99167181729882,108.1412582397461,146638863,0.0,0.0
2018-02-21 00:00:00+05:30,109.62582414157802,110.87842417038955,107.21340796035656,108.83715057373047,67541786,0.0,0.0
2018-02-22 00:00:00+05:30,106.33194732666016,108.37322807694311,105.49687825058787,106.33194732666016,45302555,0.0,0.0
2018-02-23 00:00:00+05:30,106.14638002556423,108.51240082587333,104.19789022561665,105.2649154663086,45035931,0.0,0.0
2018-02-26 00:00:00+05:30,106.7030760220119,106.7030760220119,102.20299118817898,103.91951751708984,42608524,0.0,0.0
2018-02-27 00:00:00+05:30,99.09469493721853,99.09469493721853,89.1202760220913,91.25433349609375,202069429,0.0,0.0
2018-02-28 00:00:00+05:30,86.84702674322021,95.01213478633342,85.3624635750966,94.08428192138672,210781693,0.0,0.0
2018-03-01 00:00:00+05:30,93.43479017362571,96.26474453118524,91.67187521405097,93.7595443725586,122105493,0.0,0.0
2018-03-05 00:00:00+05:30,92.69250689603642,95.01213916531184,91.67187011334643,92.8780746459961,59237515,0.0,0.0
2018-03-06 00:00:00+05:30,93.71314333788551,94.64099624222101,89.81616397125876,90.7904052734375,43475662,0.0,0.0
2018-03-07 00:00:00+05:30,89.07388129908377,89.90895035205389,87.26457091677855,88.60995483398438,52573179,0.0,0.0
2018-03-08 00:00:00+05:30,89.21306023143607,90.4192647876021,87.49653373449776,89.67698669433594,34680221,0.0,0.0
2018-03-09 00:00:00+05:30,90.37288172694929,90.60484497210113,88.1460331577003,88.70274353027344,30239013,0.0,0.0
2018-03-12 00:00:00+05:30,89.25945037954183,89.35224133710503,84.66658113841052,87.77488708496094,45021305,0.0,0.0
2018-03-13 00:00:00+05:30,87.40373805656809,95.24409910335625,86.56867613162926,90.88318634033203,86099105,0.0,0.0
2018-03-14 00:00:00+05:30,87.21817962498415,93.11004459875296,86.56868537425301,92.13580322265625,83449240,0.0,0.0
2018-03-15 00:00:00+05:30,92.13580828736994,93.71315559954188,90.74402874876287,91.4399185180664,42911688,0.0,0.0
2018-03-16 00:00:00+05:30,91.30072313259863,94.8729552392639,90.55843801063585,91.71825408935547,55339873,0.0,0.0
2018-03-19 00:00:00+05:30,91.43991153724687,93.20282648839706,89.16666755036142,89.5842056274414,33530881,0.0,0.0
2018-03-20 00:00:00+05:30,89.07389043117936,90.46566996916654,88.37800066218577,89.86256408691406,27906714,0.0,0.0
2018-03-21 00:00:00+05:30,90.51206039020597,91.99662373191134,90.14091778504054,90.5584487915039,23276651,0.0,0.0
2018-03-22 00:00:00+05:30,90.60484246204317,91.06876893949453,88.79552495260907,89.5842056274414,16401398,0.0,0.0
2018-03-23 00:00:00+05:30,87.63570125586476,88.23880704070662,86.05835419916052,86.42949676513672,23075193,0.0,0.0
2018-03-26 00:00:00+05:30,86.66147228974242,89.49141971437648,86.33672515300825,88.88832092285156,26795299,0.0,0.0
2018-03-27 00:00:00+05:30,90.18729446011692,92.78528527952584,89.35223255576557,92.27496337890625,29403384,0.0,0.0
2018-03-28 00:00:00+05:30,90.88318961680635,91.99661735512493,87.72849538896013,88.42438507080078,30109801,0.0,0.0
2018-04-02 00:00:00+05:30,89.35224151611328,89.86255638895236,88.51717244906474,89.35224151611328,13543335,0.0,0.0
2018-04-03 00:00:00+05:30,90.51205732728226,91.76465738324086,87.82128237958402,88.56356048583984,25344799,0.0,0.0
2018-04-04 00:00:00+05:30,89.07388058235878,90.00173350509169,87.40374248985715,87.58931732177734,21491684,0.0,0.0
2018-04-05 00:00:00+05:30,88.98109509185683,91.02236865326034,88.28520541242983,90.0017318725586,25894057,0.0,0.0
2018-04-06 00:00:00+05:30,90.14090979919978,95.42966844765277,88.93469820901292,94.7801742553711,47882204,0.0,0.0
2018-04-09 00:00:00+05:30,96.40391703852953,97.93487572840651,93.99150093151876,97.6565170288086,50232626,0.0,0.0
2018-04-10 00:00:00+05:30,99.04830525542009,99.04830525542009,96.72867281384117,97.6101303100586,29470636,0.0,0.0
2018-04-11 00:00:00+05:30,96.03278026939975,96.63588610234181,93.99150661216407,94.82656860351562,24512955,0.0,0.0
2018-04-12 00:00:00+05:30,94.87296711486063,95.4760729670789,92.97086567608524,93.94511413574219,20289152,0.0,0.0
2018-04-13 00:00:00+05:30,94.17707624589214,95.56885569780188,93.5275819999168,93.99150848388672,15646434,0.0,0.0
2018-04-16 00:00:00+05:30,93.48118346258161,94.40903640017547,91.34711887453328,91.99662017822266,18763829,0.0,0.0
2018-04-17 00:00:00+05:30,92.59971982348678,93.11003465773209,90.55843924963852,90.88318634033203,17990215,0.0,0.0
2018-04-18 00:00:00+05:30,90.97597628223205,91.8574336727622,90.00172794199932,90.14090728759766,19430044,0.0,0.0
2018-04-19 00:00:00+05:30,90.79041450053907,90.79041450053907,88.88832010071346,89.16667175292969,15064019,0.0,0.0
2018-04-20 00:00:00+05:30,88.33159387437759,88.60995257793252,86.1047525617618,86.84703063964844,21889815,0.0,0.0
2018-04-23 00:00:00+05:30,87.12539872199072,88.51717823167442,86.52229285200313,87.31096649169922,15414423,0.0,0.0
2018-04-24 00:00:00+05:30,87.58931285946502,87.82127607833068,86.19753354627105,86.42949676513672,11744430,0.0,0.0
2018-04-25 00:00:00+05:30,86.38310911388048,87.03261043290591,85.36247227421912,85.64083099365234,12918338,0.0,0.0
2018-04-26 00:00:00+05:30,85.68721612054819,85.91917935156157,83.97068962684045,84.43461608886719,18724350,0.0,0.0
2018-04-27 00:00:00+05:30,84.66657575788517,87.77488150690407,84.52739640934135,86.66146087646484,25205308,0.0,0.0
2018-04-30 00:00:00+05:30,87.58931325801078,88.79551775422726,86.61506490275976,88.51716613769531,13703163,0.0,0.0
2018-05-02 00:00:00+05:30,88.9810941489411,89.07387802275697,85.87278836289647,86.10475158691406,10845584,0.0,0.0
2018-05-03 00:00:00+05:30,86.29032435327518,86.84703470750507,85.17690364481541,85.40886688232422,11643684,0.0,0.0
2018-05-04 00:00:00+05:30,86.05835934522047,86.42950193339,84.52740059336872,84.94493865966797,11462253,0.0,0.0
2018-05-07 00:00:00+05:30,85.8263963865627,87.82128161025781,85.45525379720797,87.03260803222656,13839790,0.0,0.0
2018-05-08 00:00:00+05:30,87.40373622221314,88.74912711107268,85.68720985403904,85.96556854248047,18546850,0.0,0.0
2018-05-09 00:00:00+05:30,86.47588910206386,86.75424780896914,86.01196264319236,86.29032135009766,6730710,0.0,0.0
2018-05-10 00:00:00+05:30,86.3831026976461,86.89342461905,84.48100851932088,84.80575561523438,11303169,0.0,0.0
2018-05-11 00:00:00+05:30,85.22328818656445,85.26968366354821,80.90877074844389,82.39334106445312,19914360,0.0,0.0
2018-05-14 00:00:00+05:30,82.57891057717691,84.2954370778776,81.65105764934347,82.85726928710938,15634508,0.0,0.0
2018-05-15 00:00:00+05:30,82.57891687980742,84.89854937643123,77.52212086875016,79.74896240234375,29556673,0.0,0.0
2018-05-16 00:00:00+05:30,73.4395561840972,74.22822970896382,68.80029182728697,70.14567565917969,98523673,0.0,0.0
2018-05-17 00:00:00+05:30,70.51682568474442,71.44467865428054,69.03226234927793,70.93435668945312,37034469,0.0,0.0
2018-05-18 00:00:00+05:30,70.88796871237886,71.44467908163932,69.12504664392375,69.35700988769531,25068232,0.0,0.0
2018-05-21 00:00:00+05:30,70.51682581658194,73.02202600743058,69.86733156827492,72.51171112060547,29693002,0.0,0.0
2018-05-22 00:00:00+05:30,72.41891966435547,77.52211047255858,71.07352874936491,75.6664047241211,47285396,0.0,0.0
2018-05-23 00:00:00+05:30,75.52722176841968,77.47571129538684,73.9498677102422,74.7385482788086,29450321,0.0,0.0
2018-05-24 00:00:00+05:30,74.8777317232841,76.54786989809787,74.27463295694902,76.17672729492188,19933989,0.0,0.0
2018-05-25 00:00:00+05:30,76.03754470567918,78.44996798442524,75.43444596494872,77.33654022216797,19102160,0.0,0.0
2018-05-28 00:00:00+05:30,77.66128770076008,83.13562142408799,77.56850382320323,82.30055236816406,34946952,0.0,0.0
2018-05-29 00:00:00+05:30,82.1149912299822,82.7644855041734,79.09946895317493,79.47061157226562,27758350,0.0,0.0
2018-05-30 00:00:00+05:30,78.49635838823343,80.72320689066369,78.2180067497773,79.88813781738281,18814541,0.0,0.0
2018-05-31 00:00:00+05:30,80.39845745985399,80.72320456818767,77.24375609542096,77.61489868164062,17359606,0.0,0.0
2018-06-01 00:00:00+05:30,77.93964914165399,78.72832274693899,76.13033868959099,76.96540069580078,20636225,0.0,0.0
2018-06-04 00:00:00+05:30,77.56850741349092,78.86750299627975,76.26951183070209,77.1973648071289,15456025,0.0,0.0
2018-06-05 00:00:00+05:30,77.19736475503922,77.75408220368479,75.20248652023275,76.68704986572266,14615089,0.0,0.0
2018-06-06 00:00:00+05:30,76.77983888285483,79.33143473696784,76.36230784740091,78.58914947509766,18167507,0.0,0.0
2018-06-07 00:00:00+05:30,78.96028486461657,80.5840275319575,78.26439515004188,79.88813781738281,17624425,0.0,0.0
2018-06-08 00:00:00+05:30,79.79535086865447,84.62018320587444,79.23864053419923,83.9242935180664,39225458,0.0,0.0
2018-06-11 00:00:00+05:30,85.36246795924937,87.86766799168844,84.5273989221177,84.99132537841797,37150478,0.0,0.0
2018-06-12 00:00:00+05:30,84.80575370485894,86.01195818807408,84.10986405259635,85.13050079345703,21847334,0.0,0.0
2018-06-13 00:00:00+05:30,85.5016481156729,86.47588943568807,84.34183196401959,84.71297454833984,19488548,0.0,0.0
2018-06-14 00:00:00+05:30,84.4346122595139,85.64082383766066,82.85726519174263,85.0841064453125,19136052,0.0,0.0
2018-06-15 00:00:00+05:30,85.45525331810595,86.42950172483053,83.13562099633893,83.36758422851562,21610044,0.0,0.0
2018-06-18 00:00:00+05:30,83.0428355157712,84.10986777897175,81.83662390016087,82.11498260498047,12204751,0.0,0.0
2018-06-19 00:00:00+05:30,81.92942293609129,83.18202307342665,80.21288921864127,80.53764343261719,16686961,0.0,0.0
2018-06-20 00:00:00+05:30,80.53763629952469,81.27991438826116,79.51699242420855,79.98091888427734,15014284,0.0,0.0
2018-06-21 00:00:00+05:30,80.02731396375854,80.30567266999748,77.19735973983455,77.3829345703125,17947960,0.0,0.0
2018-06-22 00:00:00+05:30,77.38293694778127,77.66128858361616,75.71279881694721,75.99115753173828,26172821,0.0,0.0
2018-06-25 00:00:00+05:30,75.99115323060224,76.4550796763581,73.76430487518292,74.04266357421875,18367654,0.0,0.0
2018-06-26 00:00:00+05:30,73.7643032040878,75.29526185619017,73.16119742247709,74.08905029296875,24559936,0.0,0.0
2018-06-27 00:00:00+05:30,74.08904999052251,74.46019255299522,69.82092821947526,71.21270751953125,23005577,0.0,0.0
2018-06-28 00:00:00+05:30,71.2127073272157,72.83644983956265,66.48065913559574,67.54769134521484,48215340,0.0,0.0
2018-06-29 00:00:00+05:30,68.24358952660006,70.84157362383597,68.24358952660006,70.656005859375,30436895,0.0,0.0
2018-07-02 00:00:00+05:30,71.25911102518114,73.9962744588475,69.03226247833992,72.51171112060547,27653723,0.0,0.0
2018-07-03 00:00:00+05:30,72.37252824680671,72.51170760153408,70.3776430395971,71.58385467529297,20767258,0.0,0.0
2018-07-04 00:00:00+05:30,71.35188902929345,71.58385225300444,70.14567743441395,70.60960388183594,15453638,0.0,0.0
2018-07-05 00:00:00+05:30,70.56321538721227,72.372525698082,69.72814636721246,70.09928894042969,20437925,0.0,0.0
2018-07-06 00:00:00+05:30,70.47042438974152,72.37252565191915,70.00649794325486,71.39827728271484,20777411,0.0,0.0
2018-07-09 00:00:00+05:30,72.3725184120426,72.92922867634422,71.86219654037565,72.18695068359375,16419039,0.0,0.0
2018-07-10 00:00:00+05:30,72.60449526678626,73.20760111610356,71.86221005547937,72.23335266113281,13975359,0.0,0.0
2018-07-11 00:00:00+05:30,72.372525698082,72.5580934452127,69.91371411434318,70.09928894042969,15332841,0.0,0.0
2018-07-12 00:00:00+05:30,70.60960388183594,72.09416709779515,70.28485678443171,70.60960388183594,15854520,0.0,0.0
2018-07-13 00:00:00+05:30,70.79517833710331,70.84156673422889,67.87244031787323,68.52193450927734,17764493,0.0,0.0
2018-07-16 00:00:00+05:30,69.77453449496002,69.96010932032961,68.19718741357528,68.52193450927734,19426203,0.0,0.0
2018-07-17 00:00:00+05:30,68.9394786485337,74.04266999433761,68.753903806767,73.02202606201172,38586630,0.0,0.0
2018-07-18 00:00:00+05:30,74.2282410572231,76.03755160141023,69.12504948453902,69.77454376220703,50685774,0.0,0.0
2018-07-19 00:00:00+05:30,70.09929570426938,71.35189581565382,68.84668851392846,69.8673324584961,22782507,0.0,0.0
2018-07-20 00:00:00+05:30,70.05289346416912,70.7023876580824,69.31060831773468,70.09928894042969,14332633,0.0,0.0
2018-07-23 00:00:00+05:30,70.09928839359763,74.04266316048798,69.54257099863676,73.25398254394531,28920645,0.0,0.0
2018-07-24 00:00:00+05:30,73.67151158366651,74.50658049506313,72.6508749492728,73.57872772216797,25963685,0.0,0.0
2018-07-25 00:00:00+05:30,73.85708809679019,74.64576163182434,72.7436674683838,73.53234100341797,17521847,0.0,0.0
2018-07-26 00:00:00+05:30,74.3210170522509,75.85197577730887,73.94987447057684,75.01690673828125,46087316,0.0,0.0
2018-07-27 00:00:00+05:30,75.24886956407614,78.35717539591204,75.0169063366413,76.08393859863281,59634047,0.0,0.0
2018-07-30 00:00:00+05:30,77.24375637540706,80.67680938273162,77.24375637540706,79.70256805419922,81035764,0.0,0.0
2018-07-31 00:00:00+05:30,79.79535040841468,80.9087710709032,78.21800329006327,78.96028137207031,37202427,0.0,0.0
2018-08-01 00:00:00+05:30,78.96028058548103,82.30054961862734,78.40357025978263,81.09434509277344,42891508,0.0,0.0
2018-08-02 00:00:00+05:30,79.88814085668945,80.44485123373774,78.35718201058928,79.00668334960938,38618382,0.0,0.0
2018-08-03 00:00:00+05:30,79.51699349445089,82.85726971506872,79.33142573950815,81.79023742675781,60845280,0.0,0.0
2018-08-06 00:00:00+05:30,83.04283208029393,84.15625269559831,81.83662051458451,83.55315399169922,49669291,0.0,0.0
2018-08-07 00:00:00+05:30,83.73872493338669,84.94493654517295,76.5478648975557,76.87261199951172,139034363,0.0,0.0
2018-08-08 00:00:00+05:30,77.42932606996862,77.5685054286626,74.27463169400511,74.64576721191406,60658357,0.0,0.0
2018-08-09 00:00:00+05:30,75.8055803665518,77.80046555071495,75.29526551038836,77.3829345703125,45391038,0.0,0.0
2018-08-10 00:00:00+05:30,77.89324570412387,78.6355308326515,76.64064574381966,77.2437515258789,51034567,0.0,0.0
2018-08-13 00:00:00+05:30,76.54787032193103,76.68704968376218,73.85709528270218,74.59938049316406,30972235,0.0,0.0
2018-08-14 00:00:00+05:30,75.15608910177775,75.94476269507923,73.76430967396705,74.13545227050781,20667786,0.0,0.0
2018-08-16 00:00:00+05:30,73.43955641020497,76.77982534160132,72.9756299730956,75.6664047241211,39893139,0.0,0.0
2018-08-17 00:00:00+05:30,76.54787141256165,77.84686700989946,76.36230364678048,77.42932891845703,25610532,0.0,0.0
2018-08-20 00:00:00+05:30,77.93964586922637,78.77471491933072,76.82622518839128,78.12521362304688,25753772,0.0,0.0
2018-08-21 00:00:00+05:30,78.17160902149209,78.77471483922952,77.24375609542096,77.61489868164062,16719748,0.0,0.0
2018-08-23 00:00:00+05:30,77.66128691169433,79.74895599081468,76.08393977238582,78.40357208251953,26998678,0.0,0.0
2018-08-24 00:00:00+05:30,79.05306197078531,81.5582689759802,78.91388970295974,79.60977935791016,62911086,0.0,0.0
2018-08-27 00:00:00+05:30,80.2592728690318,80.86237864742257,78.86749357072489,79.09945678710938,25336814,0.0,0.0
2018-08-28 00:00:00+05:30,79.33143032554506,79.60978905300676,76.54787136675401,76.91901397705078,24887374,0.0,0.0
2018-08-29 00:00:00+05:30,77.38293719406063,78.68193273562618,76.91901072056982,78.07882690429688,23031862,0.0,0.0
2018-08-30 00:00:00+05:30,78.03242846034456,79.70256653303329,77.56850200448169,78.96028137207031,40695329,0.0,0.0
2018-08-31 00:00:00+05:30,78.40357280688232,82.0685890591719,77.6148992299416,81.79023742675781,45793988,0.0,0.0
2018-09-03 00:00:00+05:30,81.9294116520107,82.85726452653424,79.7953472090243,80.1200942993164,30610408,0.0,0.0
2018-09-04 00:00:00+05:30,80.166492399939,80.58402337556576,76.87261175592928,77.15097045898438,25579702,0.0,0.0
2018-09-05 00:00:00+05:30,77.19736762547315,77.80047349796024,75.52723645430508,77.10458374023438,21704587,0.0,0.0
2018-09-06 00:00:00+05:30,77.93964117926521,78.58913535751017,76.8726089616151,77.2437515258789,25079939,0.0,0.0
2018-09-07 00:00:00+05:30,77.33654257883128,78.54275425496101,76.50147350143044,78.310791015625,19594125,0.0,0.0
2018-09-10 00:00:00+05:30,77.70768501928198,78.86750121359962,76.08394234723728,76.73343658447266,21243030,0.0,0.0
2018-09-11 00:00:00+05:30,77.75407691907594,78.40357112641058,75.52722851271214,75.80558013916016,27909748,0.0,0.0
2018-09-12 00:00:00+05:30,75.89837869663518,76.40869360238807,73.48595521868823,75.29527282714844,35789023,0.0,0.0
2018-09-14 00:00:00+05:30,76.73343432478386,77.29015174482682,76.13033558466408,76.82622528076172,20505103,0.0,0.0
2018-09-17 00:00:00+05:30,76.45508468833455,77.98604347548134,75.15608913927193,77.01179504394531,26030699,0.0,0.0
2018-09-18 00:00:00+05:30,76.26949510040004,76.64063762534907,72.92922653376843,73.57872772216797,37211584,0.0,0.0
2018-09-19 00:00:00+05:30,73.76430422424895,74.9241203284038,73.02201908600755,73.53234100341797,24270870,0.0,0.0
2018-09-21 00:00:00+05:30,73.81069634722503,74.55297437279353,62.53728291113149,67.59407806396484,50163352,0.0,0.0
2018-09-24 00:00:00+05:30,68.66111727416275,69.0322598644089,63.69710548161923,64.2074203491211,37491629,0.0,0.0
2018-09-25 00:00:00+05:30,64.16102773463945,64.62495417223053,59.05783692113741,62.119747161865234,58214340,0.0,0.0
2018-09-26 00:00:00+05:30,63.2331725680788,64.20741380434315,61.47025075332445,62.2125358581543,43152887,0.0,0.0
2018-09-27 00:00:00+05:30,62.81563885542936,62.81563885542936,56.83099044799804,57.990806579589844,47047470,0.0,0.0
2018-09-28 00:00:00+05:30,58.03720177846906,58.825878915959464,54.23300606885512,55.392822265625,68264539,0.0,0.0
2018-10-01 00:00:00+05:30,55.671174548291866,58.965051667836875,54.32578712214588,58.64030456542969,39640035,0.0,0.0
2018-10-03 00:00:00+05:30,59.19701398621173,61.56303816029066,58.17637721762173,59.98569107055664,42231670,0.0,0.0
2018-10-04 00:00:00+05:30,58.593911610992976,60.77436449383561,58.315552911499964,60.12487030029297,32208001,0.0,0.0
2018-10-05 00:00:00+05:30,60.310436605704396,61.563036565570215,58.45473086399042,59.243404388427734,31872123,0.0,0.0
2018-10-08 00:00:00+05:30,59.38258786398191,59.93929820941552,56.691812935604005,58.315555572509766,29733364,0.0,0.0
2018-10-09 00:00:00+05:30,58.872267424093444,59.28980193848689,57.06295355470714,58.12998580932617,24773210,0.0,0.0
2018-10-10 00:00:00+05:30,58.26916240855197,62.11974988571323,57.805235950618474,61.51665115356445,30162010,0.0,0.0
2018-10-11 00:00:00+05:30,59.38258718332971,61.23829303280876,58.54751813527293,59.660945892333984,27655306,0.0,0.0
2018-10-12 00:00:00+05:30,60.40322537639369,62.769253220573276,60.35683697646159,61.70222091674805,22188888,0.0,0.0
2018-10-15 00:00:00+05:30,62.166142171699434,63.047599564939794,60.635183523321686,62.67646408081055,21390663,0.0,0.0
2018-10-16 00:00:00+05:30,63.27956997902106,65.27445528840175,62.954822853995466,64.90331268310547,21972857,0.0,0.0
2018-10-17 00:00:00+05:30,65.87755917427235,66.01673853198108,61.33107832251021,61.70222091674805,24801387,0.0,0.0
2018-10-19 00:00:00+05:30,61.423860446430886,62.537288197333424,60.5424030043862,61.2382926940918,18158920,0.0,0.0
2018-10-22 00:00:00+05:30,62.07336199005123,62.58367685053775,60.68158260497813,60.95993423461914,16020570,0.0,0.0
2018-10-23 00:00:00+05:30,60.727970157886595,61.470255317835274,59.243406916945155,60.07847595214844,16070344,0.0,0.0
2018-10-24 00:00:00+05:30,61.05272674560547,61.563041619093646,59.939298961805804,61.05272674560547,17199693,0.0,0.0
2018-10-25 00:00:00+05:30,60.49600944145756,61.88778886491707,60.31044168324544,60.91354751586914,23250113,0.0,0.0
2018-10-26 00:00:00+05:30,61.238292570376984,62.39810871754322,60.54240288207725,61.377471923828125,20915568,0.0,0.0
2018-10-29 00:00:00+05:30,62.0269675463475,66.61984384102989,60.8671513727847,65.78477478027344,36931154,0.0,0.0
2018-10-30 00:00:00+05:30,65.8775524819245,69.82092710232138,65.64558926895997,67.31572723388672,43626784,0.0,0.0
2018-10-31 00:00:00+05:30,68.47554409127447,68.8930750478611,66.52704741665538,68.33636474609375,28632204,0.0,0.0
2018-11-01 00:00:00+05:30,69.0322598910419,69.58897023714786,67.91883211987385,68.9394760131836,21269555,0.0,0.0
2018-11-02 00:00:00+05:30,69.54257132601877,73.02201966612556,63.14039204338689,64.06824493408203,91979581,0.0,0.0
2018-11-05 00:00:00+05:30,63.74349235653475,65.83116141291414,62.537287815778015,65.32084655761719,33569269,0.0,0.0
2018-11-06 00:00:00+05:30,66.06311897624292,66.38787313144005,64.8569145389227,65.50640869140625,18682517,0.0,0.0
2018-11-07 00:00:00+05:30,65.87755697636382,66.06312472781345,65.50641439450861,65.83116149902344,2459502,0.0,0.0
2018-11-09 00:00:00+05:30,65.87756126435622,67.17655684592354,65.13527605233021,66.48066711425781,16410330,0.0,0.0
2018-11-12 00:00:00+05:30,66.80541472739361,66.89819860983481,64.67135003646374,65.41363525390625,15610896,0.0,0.0
2018-11-13 00:00:00+05:30,63.557920128958564,65.22805808801702,63.51152465494649,64.94969940185547,16257056,0.0,0.0
2018-11-14 00:00:00+05:30,65.41362851415843,66.85180332016549,65.04248594367702,65.64559173583984,19262384,0.0,0.0
2018-11-15 00:00:00+05:30,65.64558870883947,66.4342622103984,64.71773586489827,66.01673126220703,13633606,0.0,0.0
2018-11-16 00:00:00+05:30,66.24869986395979,68.80029539242565,65.50641469682367,67.91883087158203,29393571,0.0,0.0
2018-11-19 00:00:00+05:30,68.56832988525557,68.70750923434063,67.26933442538797,68.0116195678711,17064185,0.0,0.0
2018-11-20 00:00:00+05:30,67.08377493890265,68.93948094463765,65.55281606837995,66.15592193603516,22772511,0.0,0.0
2018-11-21 00:00:00+05:30,66.20231014392775,67.73326900994383,65.87756300967139,67.45491027832031,15213307,0.0,0.0
2018-11-22 00:00:00+05:30,67.73325773457834,68.1044002886411,66.24869459728279,66.52704620361328,12316028,0.0,0.0
2018-11-26 00:00:00+05:30,66.89819351764838,66.99097739302701,64.81052446632745,66.1095199584961,14534558,0.0,0.0
2018-11-27 00:00:00+05:30,66.10952541267707,67.87244750613976,65.5064195545245,67.22294616699219,18202285,0.0,0.0
2018-11-28 00:00:00+05:30,67.6868736448998,67.73326912656914,64.1146410040159,64.57856750488281,21486398,0.0,0.0
2018-11-29 00:00:00+05:30,65.04248518621463,65.27444840519469,63.88266909131439,64.62495422363281,17242452,0.0,0.0
2018-11-30 00:00:00+05:30,64.94969456772932,65.41362095749881,64.02184178819033,64.8569107055664,14026529,0.0,0.0
2018-12-03 00:00:00+05:30,64.94970579045977,66.8054116701872,64.43938384195226,66.29508972167969,15579155,0.0,0.0
2018-12-04 00:00:00+05:30,66.29508803444764,66.71262609413353,64.25381445028103,64.53217315673828,17168281,0.0,0.0
2018-12-05 00:00:00+05:30,64.48577048699993,65.04248075886645,63.465133808752114,63.97544860839844,15370028,0.0,0.0
2018-12-06 00:00:00+05:30,63.557922081834434,63.697101429191626,61.09911054170956,61.33107376098633,22242427,0.0,0.0
2018-12-07 00:00:00+05:30,61.60943527772597,62.16614561369924,59.800117837117845,61.2382926940918,21210644,0.0,0.0
2018-12-10 00:00:00+05:30,60.217660129260054,61.09911763323671,59.382591027149466,60.1712646484375,15452401,0.0,0.0
2018-12-11 00:00:00+05:30,58.91865982294029,64.16103018360727,58.779480470559484,63.743492126464844,33859505,0.0,0.0
2018-12-12 00:00:00+05:30,64.11463940245909,66.80541445606406,64.06825100090512,65.6919937133789,29040526,0.0,0.0
2018-12-13 00:00:00+05:30,66.43426424347466,67.26933324436828,65.83115846066505,66.20230102539062,18076633,0.0,0.0
2018-12-14 00:00:00+05:30,65.87754974307371,68.1043979107433,65.69198201199924,67.40850830078125,21183370,0.0,0.0
2018-12-17 00:00:00+05:30,67.54768966927922,67.96522061622679,66.7126206964287,67.59407806396484,11039826,0.0,0.0
2018-12-18 00:00:00+05:30,67.36212287891361,70.33125657178398,66.94459188222314,68.89308166503906,33486536,0.0,0.0
2018-12-19 00:00:00+05:30,69.49618309949301,71.67663598218915,69.35700374975585,71.39827728271484,29772662,0.0,0.0
2018-12-20 00:00:00+05:30,70.88796258187145,72.46530967152391,70.19207291073847,70.60960388183594,28834262,0.0,0.0
2018-12-21 00:00:00+05:30,72.1405712473046,73.11481973560328,70.23846975260973,70.8415756225586,40025985,0.0,0.0
2018-12-24 00:00:00+05:30,71.16632080078125,71.76942665413495,70.3776471828371,71.16632080078125,20719115,0.0,0.0
2018-12-26 00:00:00+05:30,71.4446818360945,72.65089358179306,69.31061707953758,72.14057159423828,22820304,0.0,0.0
2018-12-27 00:00:00+05:30,72.7900678756323,73.16121050599202,71.72304254691383,72.32614135742188,24709123,0.0,0.0
2018-12-28 00:00:00+05:30,72.37252336423148,73.30037622787547,72.2797394936582,72.79005432128906,18081826,0.0,0.0
2018-12-31 00:00:00+05:30,73.0220194601218,73.71790912617996,72.23334592104702,72.4653091430664,13924275,0.0,0.0
2019-01-01 00:00:00+05:30,72.9292358570312,74.22823132093879,72.4189210140732,74.04266357421875,18609031,0.0,0.0
2019-01-02 00:00:00+05:30,73.81070696542086,74.5993805780867,71.72303777244618,72.23335266113281,27192314,0.0,0.0
2019-01-03 00:00:00+05:30,72.46531590479667,73.25398951746249,71.49107452878233,72.23335266113281,18780736,0.0,0.0
2019-01-04 00:00:00+05:30,72.37252333252692,75.99115091494437,72.0477762461849,75.43444061279297,35324306,0.0,0.0
2019-01-07 00:00:00+05:30,76.5014629924256,76.91900101324698,74.22822639078979,74.7385482788086,21061552,0.0,0.0
2019-01-08 00:00:00+05:30,74.73855495267554,76.03754336734481,73.99626979090229,75.80558013916016,17598981,0.0,0.0
2019-01-09 00:00:00+05:30,76.08394300738075,76.22312236769771,74.04266931925306,74.87773132324219,18063915,0.0,0.0
2019-01-10 00:00:00+05:30,74.50658886298251,75.75918883128092,74.32101404018843,75.38804626464844,15125630,0.0,0.0
2019-01-11 00:00:00+05:30,75.38804729316372,75.66640599167462,74.55297827658676,74.83133697509766,12150994,0.0,0.0
2019-01-14 00:00:00+05:30,74.55297417292074,76.91900174316146,73.39315812455871,76.54785919189453,22990328,0.0,0.0
2019-01-15 00:00:00+05:30,76.87262101062619,77.38294300134623,75.62002085398949,76.03755187988281,14499042,0.0,0.0
2019-01-16 00:00:00+05:30,76.08393891558094,78.86749765639489,75.94475956274907,78.1716079711914,30560868,0.0,0.0
2019-01-17 00:00:00+05:30,78.21799559615515,78.91388521149833,76.96538862537324,78.44995880126953,22181000,0.0,0.0
2019-01-18 00:00:00+05:30,78.44996619022884,78.72831781521005,76.5478648975557,76.87261199951172,16185024,0.0,0.0
2019-01-21 00:00:00+05:30,76.87260576840809,77.52210699862908,73.90347953554318,74.46018981933594,20063465,0.0,0.0
2019-01-22 00:00:00+05:30,74.41380060706152,74.69215931185578,72.65088573988433,72.92923736572266,17346423,0.0,0.0
2019-01-23 00:00:00+05:30,72.92924523767655,73.67153047794592,71.72304057093469,72.14057159423828,12687561,0.0,0.0
2019-01-24 00:00:00+05:30,72.1405620480304,72.88284719007476,71.67663560399163,72.4653091430664,13272022,0.0,0.0
2019-01-25 00:00:00+05:30,72.69727471102608,74.64576442307555,70.42403789346102,71.07353210449219,19763289,0.0,0.0
2019-01-28 00:00:00+05:30,71.44467290298668,72.51170514784843,70.28485678443171,70.60960388183594,19106196,0.0,0.0
2019-01-29 00:00:00+05:30,70.65600538386587,72.83645845691208,70.09929501527311,71.72303771972656,17793292,0.0,0.0
2019-01-30 00:00:00+05:30,72.14056986589648,72.60449636021093,71.16632139625354,71.67664337158203,11238545,0.0,0.0
2019-01-31 00:00:00+05:30,72.09416760220041,72.18695855549866,70.00649857419512,71.90859985351562,16757529,0.0,0.0
2019-02-01 00:00:00+05:30,72.37252422797292,72.74366679365109,68.24358176706184,68.56832885742188,25916009,0.0,0.0
2019-02-04 00:00:00+05:30,68.70751321678918,68.75390161653581,65.92395438956946,67.87244415283203,22905988,0.0,0.0
2019-02-05 00:00:00+05:30,69.1250450981401,70.98075100681501,66.80541271229647,68.10440826416016,70132820,0.0,0.0
2019-02-06 00:00:00+05:30,68.75390686346155,70.19208186552794,67.54770219365571,69.77454376220703,27503709,0.0,0.0
2019-02-07 00:00:00+05:30,70.19207763671875,71.0735351145861,69.44979243928373,70.19207763671875,23866199,0.0,0.0
2019-02-08 00:00:00+05:30,69.5889776032256,69.5889776032256,65.55281831802989,66.0631332397461,31290303,0.0,0.0
2019-02-11 00:00:00+05:30,66.24869470023312,66.29508309521592,65.22805798419107,65.73837280273438,18322730,0.0,0.0
2019-02-12 00:00:00+05:30,66.06312167874908,67.03737002628425,65.73837458922257,66.20230102539062,13405209,0.0,0.0
2019-02-14 00:00:00+05:30,64.48578076214115,67.4085190038424,63.74349556207354,67.0373764038086,18981245,0.0,0.0
2019-02-15 00:00:00+05:30,66.80541962539402,67.91884045423446,64.39300311026841,64.99610900878906,22508284,0.0,0.0
2019-02-18 00:00:00+05:30,65.18167448734891,65.97034813652905,63.74349947846528,64.02185821533203,17183987,0.0,0.0
2019-02-19 00:00:00+05:30,64.30021391332495,66.34148762401993,64.11463907119861,64.90331268310547,18800655,0.0,0.0
2019-02-20 00:00:00+05:30,65.32085029808495,66.29509166614308,65.18167093723197,65.97034454345703,14646666,0.0,0.0
2019-02-21 00:00:00+05:30,70.51682362289954,70.51682362289954,67.40851768162875,67.87244415283203,47884317,0.0,0.0
2019-02-22 00:00:00+05:30,67.68686764172149,68.61472056116364,67.26933665955494,67.91883087158203,17255280,0.0,0.0
2019-02-25 00:00:00+05:30,68.10441307425357,68.42916021541673,67.64048656431854,68.19719696044922,10143437,0.0,0.0
2019-02-26 00:00:00+05:30,67.5476937477606,67.5476937477606,65.04248667794644,66.66622924804688,24903931,0.0,0.0
2019-02-27 00:00:00+05:30,67.2693369938777,68.28997379454533,65.8311621300124,66.34148406982422,24053517,0.0,0.0
2019-02-28 00:00:00+05:30,66.3878810432356,67.45490626677086,66.29509008557497,67.08377075195312,16139027,0.0,0.0
2019-03-01 00:00:00+05:30,67.7332619398529,71.44467355299552,67.45490323728485,71.11992645263672,37660508,0.0,0.0
2019-03-05 00:00:00+05:30,71.44467913665717,77.3365441172006,70.74878940480662,76.68704986572266,50845208,0.0,0.0
2019-03-06 00:00:00+05:30,76.73343739660302,77.75408132156984,75.52723278912022,76.45508575439453,27381377,0.0,0.0
2019-03-07 00:00:00+05:30,76.50146788270227,79.98091621719065,75.43444272329043,79.28502655029297,48792690,0.0,0.0
2019-03-08 00:00:00+05:30,79.19224181184687,79.65616825137609,77.5684992734946,77.75407409667969,26190794,0.0,0.0
2019-03-11 00:00:00+05:30,78.03243853038607,80.21289173853664,78.03243853038607,79.65618133544922,23446148,0.0,0.0
2019-03-12 00:00:00+05:30,80.49123984269868,81.04795017221723,78.63553402499957,79.23863983154297,28275260,0.0,0.0
2019-03-13 00:00:00+05:30,79.05306436041108,79.74895403639694,77.29014951107825,78.72831726074219,26167126,0.0,0.0
2019-03-14 00:00:00+05:30,78.91389515999786,79.56338938461636,77.66128803130255,78.357177734375,23309588,0.0,0.0
2019-03-15 00:00:00+05:30,79.14585380650449,81.00155957379458,78.96027898240206,79.84174346923828,47765635,0.0,0.0
2019-03-18 00:00:00+05:30,80.21288554883661,80.8159913885408,78.91389706818919,80.3984603881836,28960560,0.0,0.0
2019-03-19 00:00:00+05:30,81.32630850389492,85.31607174629717,81.18712915241389,83.97068786621094,76686943,0.0,0.0
2019-03-20 00:00:00+05:30,84.43462355320831,87.35736193814917,82.90366467738629,86.80065155029297,65416389,0.0,0.0
2019-03-22 00:00:00+05:30,89.02748589266452,89.02748589266452,84.06347412789584,84.94493865966797,69603817,0.0,0.0
2019-03-25 00:00:00+05:30,83.08922844130437,84.66657550962748,82.76447426933576,83.78511810302734,30226076,0.0,0.0
2019-03-26 00:00:00+05:30,84.62018904975189,86.38311112973764,84.1562625591744,85.82640075683594,24611358,0.0,0.0
2019-03-27 00:00:00+05:30,86.7542447491755,88.19241955253557,86.10475056124524,86.66146087646484,44404743,0.0,0.0
2019-03-28 00:00:00+05:30,87.12540295519281,88.88832516890606,86.61508094526421,88.47078704833984,43461013,0.0,0.0
2019-04-01 00:00:00+05:30,89.16666458574876,92.69250852873442,89.16666458574876,90.46566009521484,51690683,0.0,0.0
2019-04-02 00:00:00+05:30,90.6048409509244,92.59972618648558,89.120277663631,91.20794677734375,52878919,0.0,0.0
2019-04-03 00:00:00+05:30,92.22858016738148,92.59972274515088,87.12538919018081,87.63570404052734,52523325,0.0,0.0
2019-04-04 00:00:00+05:30,87.21817208508456,88.84191465049837,86.1511398405929,86.89342498779297,45741687,0.0,0.0
2019-04-05 00:00:00+05:30,87.49653785718282,87.91406886188362,85.36247319570758,86.38311004638672,30275193,0.0,0.0
2019-04-08 00:00:00+05:30,86.98621589236507,88.14603210426327,85.6408319181457,86.38311004638672,34248451,0.0,0.0
2019-04-09 00:00:00+05:30,86.47589068293075,87.82128168562679,84.99132740319385,87.54292297363281,35537791,0.0,0.0
2019-04-10 00:00:00+05:30,87.21818000974372,88.09963750804685,86.33672251144058,86.61507415771484,24772662,0.0,0.0
2019-04-11 00:00:00+05:30,86.66145649528082,86.80063583678842,85.3624611061355,86.01195526123047,20082380,0.0,0.0
2019-04-12 00:00:00+05:30,86.10475926673382,86.8470374024216,85.54804181627243,86.61507415771484,20151855,0.0,0.0
2019-04-15 00:00:00+05:30,87.03261397788027,87.63571276295694,86.29032874846142,87.0790023803711,17833602,0.0,0.0
2019-04-16 00:00:00+05:30,86.75424578258101,87.17177675423036,85.6872135363089,86.10475158691406,16776973,0.0,0.0
2019-04-18 00:00:00+05:30,85.87278617271302,86.1047493908144,83.22839982319279,83.55315399169922,24453025,0.0,0.0
2019-04-22 00:00:00+05:30,83.41398250774823,83.50676638794357,79.93453390825057,80.3984603881836,22607916,0.0,0.0
2019-04-23 00:00:00+05:30,80.3056614233392,82.57889791642278,80.25926595247832,80.90876007080078,26099019,0.0,0.0
2019-04-24 00:00:00+05:30,81.37269377990437,82.39333759897119,80.49123638593458,81.97579956054688,20354853,0.0,0.0
2019-04-25 00:00:00+05:30,81.6510576143732,82.71808989671588,79.84174723745531,80.49124145507812,20631056,0.0,0.0
2019-04-26 00:00:00+05:30,81.14073612654607,82.02220065991426,80.21288319392025,81.79023742675781,20387608,0.0,0.0
2019-04-30 00:00:00+05:30,81.79024141640954,81.79024141640954,77.56850753544735,78.77471923828125,26321705,0.0,0.0
2019-05-02 00:00:00+05:30,78.1716112705565,81.51188048472375,77.93964803236494,79.88813781738281,27331709,0.0,0.0
2019-05-03 00:00:00+05:30,80.6768137674934,81.465494463542,80.0737149937477,80.86238861083984,20112657,0.0,0.0
2019-05-06 00:00:00+05:30,80.12008946909488,81.233517098771,79.4241998551555,80.02730560302734,17151414,0.0,0.0
2019-05-07 00:00:00+05:30,80.4448529115113,80.86239101222316,77.38294223440768,77.89325714111328,16356567,0.0,0.0
2019-05-08 00:00:00+05:30,77.70768937121245,79.2386482492426,77.24376286750372,77.89325714111328,23380690,0.0,0.0
2019-05-09 00:00:00+05:30,78.03242861835952,79.19224476036533,76.82622407804705,78.1716079711914,22934344,0.0,0.0
2019-05-10 00:00:00+05:30,78.86748957979506,80.95515842161316,78.3107793044346,80.02730560302734,21821500,0.0,0.0
2019-05-13 00:00:00+05:30,79.93452801952711,79.98091641672923,73.34677390558494,74.04266357421875,34293332,0.0,0.0
2019-05-14 00:00:00+05:30,73.53234755328666,77.5685065394739,72.60449458731458,76.96540069580078,31711482,0.0,0.0
2019-05-15 00:00:00+05:30,76.96539578433614,77.4293222377172,75.99115447960943,76.36229705810547,21976945,0.0,0.0
2019-05-16 00:00:00+05:30,76.96539241061431,76.96539241061431,73.67151898336682,75.15608215332031,23116401,0.0,0.0
2019-05-17 00:00:00+05:30,74.78494569199059,77.38293676056796,73.62512951476072,76.77983093261719,26209661,0.0,0.0
2019-05-20 00:00:00+05:30,80.25927316868406,82.903652429549,79.37781577471428,81.97579956054688,34758878,0.0,0.0
2019-05-21 00:00:00+05:30,82.06859084059225,82.57891279619618,78.7747171056458,79.88813781738281,23867211,0.0,0.0
2019-05-22 00:00:00+05:30,79.42421375983224,79.51699764214331,76.68705029739509,78.4963607788086,31628934,0.0,0.0
2019-05-23 00:00:00+05:30,80.72321075195936,83.27480649411899,77.01179876336352,77.66129302978516,47589021,0.0,0.0
2019-05-24 00:00:00+05:30,78.31078732130607,82.4397299551211,77.9860402173469,81.83662414550781,32158634,0.0,0.0
2019-05-27 00:00:00+05:30,81.558267371099,84.62017754525603,81.3263041573467,82.81086730957031,34857012,0.0,0.0
2019-05-28 00:00:00+05:30,83.69233056482769,84.34183185629759,78.96028208791721,79.98091888427734,86522613,0.0,0.0
2019-05-29 00:00:00+05:30,78.86749640881834,79.23863898418041,75.43444351436975,75.85197448730469,51078577,0.0,0.0
2019-05-30 00:00:00+05:30,76.40868505532943,77.05818633403003,74.87772635141016,75.57361602783203,37358698,0.0,0.0
2019-05-31 00:00:00+05:30,76.26950470685533,76.9190059770622,73.85708860926523,74.83133697509766,35572365,0.0,0.0
2019-06-03 00:00:00+05:30,74.8777258740391,76.45508004457933,73.62512588025668,76.13033294677734,29457340,0.0,0.0
2019-06-04 00:00:00+05:30,75.99115927175738,77.846865202306,75.62001666985638,76.45508575439453,31249718,0.0,0.0
2019-06-06 00:00:00+05:30,75.15609107626537,76.40869117841184,73.48595288743246,73.81070709228516,35181677,0.0,0.0
2019-06-07 00:00:00+05:30,73.39317040107007,74.13545562776633,72.00139091023199,73.48595428466797,33275828,0.0,0.0
2019-06-10 00:00:00+05:30,74.59937084410137,74.87772245280387,71.16631103846007,71.76941680908203,29534574,0.0,0.0
2019-06-11 00:00:00+05:30,72.32613155797239,73.43955929819349,71.30549477198666,72.92923736572266,25936557,0.0,0.0
2019-06-12 00:00:00+05:30,72.79006453924893,74.13545562776633,72.51171288845525,73.48595428466797,23155948,0.0,0.0
2019-06-13 00:00:00+05:30,71.58384941121267,72.32612745024683,68.28996893369725,70.70238494873047,49608986,0.0,0.0
2019-06-14 00:00:00+05:30,70.88796043197597,72.18695586115268,70.70238561126182,71.21270751953125,22721581,0.0,0.0
2019-06-17 00:00:00+05:30,71.44467689236616,71.81581948681904,70.19207683017436,70.47042846679688,18921910,0.0,0.0
2019-06-18 00:00:00+05:30,70.00650024414062,71.7694222145226,69.1714382761835,70.00650024414062,26823879,0.0,0.0
2019-06-19 00:00:00+05:30,69.8209341677368,70.79518259235745,68.66111798554847,69.96011352539062,34490842,0.0,0.0
2019-06-20 00:00:00+05:30,70.33125211896015,71.67663598218915,69.58896697299917,71.39827728271484,22588627,0.0,0.0
2019-06-21 00:00:00+05:30,71.30549508664242,72.5117067074657,70.7487847535532,71.35189056396484,25095277,0.0,0.0
2019-06-24 00:00:00+05:30,71.44466792674947,72.00137820908893,70.79517377717933,71.30548858642578,17893572,0.0,0.0
2019-06-25 00:00:00+05:30,71.16631773499955,71.9549983979245,70.7951822218068,71.53746032714844,16276002,0.0,0.0
2019-06-26 00:00:00+05:30,71.5838606970753,73.71791835957758,71.11993419492829,73.20760345458984,21804139,0.0,0.0
2019-06-27 00:00:00+05:30,73.30038100022537,74.08905456987962,72.09416936737342,72.37252807617188,23598349,0.0,0.0
2019-06-28 00:00:00+05:30,72.83645863563989,75.80558532805793,72.37253214751479,73.81070709228516,47346971,0.0,0.0
2019-07-01 00:00:00+05:30,74.22823317657136,75.34165384263756,73.2075963861847,75.01690673828125,26338247,0.0,0.0
2019-07-02 00:00:00+05:30,75.06330043821265,75.2952636613969,73.9498727195548,74.552978515625,17961136,0.0,0.0
2019-07-03 00:00:00+05:30,74.5993727349017,75.71279335584349,74.22823016826923,75.38804626464844,20020055,0.0,0.0
2019-07-04 00:00:00+05:30,75.62001102240578,77.29014906675289,75.62001102240578,76.13033294677734,26764988,0.0,0.0
2019-07-05 00:00:00+05:30,76.54786302345991,77.38293203587062,75.01690434719957,75.89836883544922,40061878,0.0,0.0
2019-07-08 00:00:00+05:30,70.79517636990872,72.32612793267137,67.17654878374442,67.54769134521484,87010832,0.0,0.0
2019-07-09 00:00:00+05:30,66.61984204888755,69.26422143768299,65.87755688619313,68.9858627319336,43627267,0.0,0.0
2019-07-10 00:00:00+05:30,69.40339823200647,69.4961821041838,66.8054073373067,67.50129699707031,24105866,0.0,0.0
2019-07-11 00:00:00+05:30,67.77965322623318,69.44978410152073,67.50129454087421,69.17143249511719,20781285,0.0,0.0
2019-07-12 00:00:00+05:30,69.21782833720762,70.42403999826595,68.28997539145698,69.96011352539062,22566078,0.0,0.0
2019-07-15 00:00:00+05:30,69.58896985822933,69.8209330910901,67.45490528432786,68.15079498291016,21449333,0.0,0.0
2019-07-16 00:00:00+05:30,68.56833221707201,70.65600128747637,68.2899735094357,70.28485870361328,17846669,0.0,0.0
2019-07-17 00:00:00+05:30,70.33124958200177,70.65599666703714,69.03225416290478,69.91371154785156,18013838,0.0,0.0
2019-07-18 00:00:00+05:30,69.91371606417383,70.28485864774187,67.22294118200043,67.91883087158203,19957328,0.0,0.0
2019-07-19 00:00:00+05:30,68.24358099336352,68.47554420941309,67.08376491311571,67.54769134521484,16487819,0.0,0.0
2019-07-22 00:00:00+05:30,67.45490827807868,68.24358896797298,66.29509206230045,67.26934051513672,16500579,0.0,0.0
2019-07-23 00:00:00+05:30,67.54768744981955,67.73325518037551,63.093991126925125,63.46513366699219,35441004,0.0,0.0
2019-07-24 00:00:00+05:30,63.46513872811865,64.76413418246621,62.862032937283466,63.279563903808594,25494368,0.0,0.0
2019-07-25 00:00:00+05:30,63.465135996918285,64.02184628797919,60.86714520002682,61.28468322753906,25800387,0.0,0.0
2019-07-26 00:00:00+05:30,61.70222231921028,64.62496058170099,61.191900355664345,63.09400177001953,58777562,0.0,0.0
2019-07-29 00:00:00+05:30,63.882678571305846,65.2280696884154,62.76925778655568,64.30021667480469,37353477,0.0,0.0
2019-07-30 00:00:00+05:30,64.20741786633732,64.62495591882735,61.51665011875103,62.073360443115234,27726952,0.0,0.0
2019-07-31 00:00:00+05:30,62.16614672120141,64.48577906154475,61.79500413095525,64.2074203491211,27462579,0.0,0.0
2019-08-01 00:00:00+05:30,64.02185295952691,64.20742071623293,61.609436727567854,62.63007354736328,21663053,0.0,0.0
2019-08-02 00:00:00+05:30,62.63007342037422,63.92906895155098,61.88778823714288,62.76925277709961,29730137,0.0,0.0
2019-08-05 00:00:00+05:30,62.166140723383464,63.32595678165554,59.753724737968625,61.79499816894531,32274653,0.0,0.0
2019-08-06 00:00:00+05:30,61.88778370300175,63.41874235690478,61.3310733958431,63.04759979248047,26632468,0.0,0.0
2019-08-07 00:00:00+05:30,63.325965240456355,63.74349624562406,58.96505557094687,59.428985595703125,40538912,0.0,0.0
2019-08-08 00:00:00+05:30,59.939302476665006,62.07336721153944,59.5681598603012,61.84140396118164,27336537,0.0,0.0
2019-08-09 00:00:00+05:30,61.934183019135276,62.6764681940182,60.82076233576696,61.74861526489258,21976833,0.0,0.0
2019-08-13 00:00:00+05:30,61.88778523352263,62.67646585703718,60.35683362071391,60.63518524169922,17405138,0.0,0.0
2019-08-14 00:00:00+05:30,61.14550591020846,61.563036872594154,60.21765303472414,60.82075881958008,18151481,0.0,0.0
2019-08-16 00:00:00+05:30,60.82076579513973,63.5115337794851,60.26404834283445,63.18678665161133,25110812,0.0,0.0
2019-08-19 00:00:00+05:30,63.047606365113666,64.11463869446197,62.073364995761494,62.44450759887695,20209221,0.0,0.0
2019-08-20 00:00:00+05:30,62.63007521931893,62.862038460871965,59.93930020151248,60.86715316772461,17727108,0.0,0.0
2019-08-21 00:00:00+05:30,61.006332814066006,61.60943866071877,58.686700387675664,59.428985595703125,19166301,0.0,0.0
2019-08-22 00:00:00+05:30,59.47537156320299,59.66094639709456,56.69181276543415,57.016563415527344,18829140,0.0,0.0
2019-08-23 00:00:00+05:30,57.062954382337516,59.38258667430246,56.55263598600083,59.011444091796875,20845415,0.0,0.0
2019-08-26 00:00:00+05:30,63.09399367647933,63.09399367647933,58.825871990626226,61.006324768066406,31694402,0.0,0.0
2019-08-27 00:00:00+05:30,61.98057745052452,63.279565866199874,61.51665099379591,62.30532455444336,22567673,0.0,0.0
2019-08-28 00:00:00+05:30,62.44450629746585,63.04760505113333,60.217657804139385,60.91354751586914,17166214,0.0,0.0
2019-08-29 00:00:00+05:30,60.82075702094644,61.377467313982486,59.15061906288286,60.35683059692383,14663681,0.0,0.0
2019-08-30 00:00:00+05:30,60.542402284092546,61.145508090453234,58.77948034202127,60.217655181884766,25573307,0.0,0.0
2019-09-03 00:00:00+05:30,57.52687993606722,57.89802251273624,54.78971316669747,55.114463806152344,68369998,0.0,0.0
2019-09-04 00:00:00+05:30,55.57838821411133,55.99591917316756,54.4649640645132,55.57838821411133,34213414,0.0,0.0
2019-09-05 00:00:00+05:30,57.20213253299553,57.43409575731509,56.13510028533437,56.691810607910156,30641680,0.0,0.0
2019-09-06 00:00:00+05:30,56.92377994243633,57.155743191654864,56.41346150205122,56.87738800048828,19597727,0.0,0.0
2019-09-09 00:00:00+05:30,56.877379635834274,58.31555086158931,56.2742774002481,58.083587646484375,21700960,0.0,0.0
2019-09-11 00:00:00+05:30,58.08359543263927,60.310444011948675,58.08359543263927,60.1712646484375,24414845,0.0,0.0
2019-09-12 00:00:00+05:30,59.892906188964844,60.77436359269649,59.61454749359923,59.892906188964844,21906448,0.0,0.0
2019-09-13 00:00:00+05:30,59.89290807967698,60.49600680708176,58.26916195020421,60.217655181884766,21379499,0.0,0.0
2019-09-16 00:00:00+05:30,59.52176362146258,60.9135429403793,59.19701299002865,59.892906188964844,16196194,0.0,0.0
2019-09-17 00:00:00+05:30,60.03208305094464,60.3104417676084,57.66606227512759,57.89802551269531,16357780,0.0,0.0
2019-09-18 00:00:00+05:30,58.31555304090536,58.918658838508016,57.9908059434134,58.40834045410156,16492807,0.0,0.0
2019-09-19 00:00:00+05:30,58.36194878577757,58.45473265992279,56.64541879826769,57.48048782348633,18163200,0.0,0.0
2019-09-20 00:00:00+05:30,57.480489311414416,61.98057811350423,56.970170911449884,60.95993423461914,47299267,0.0,0.0
2019-09-23 00:00:00+05:30,62.166149271589674,63.09400224579251,60.217659441555014,62.02696990966797,33276056,0.0,0.0
2019-09-24 00:00:00+05:30,61.70221902924348,62.258929364092076,60.82076158897953,61.377471923828125,19184229,0.0,0.0
2019-09-25 00:00:00+05:30,60.774366590001094,60.8671504667137,58.12998716943347,58.733089447021484,18395852,0.0,0.0
2019-09-26 00:00:00+05:30,59.01144669737016,60.867152612878385,58.08359373961605,58.2691650390625,48382199,0.0,0.0
2019-09-27 00:00:00+05:30,58.361951050860945,59.1042326912651,57.85162910482241,58.315555572509766,22426450,0.0,0.0
2019-09-30 00:00:00+05:30,58.68669588476376,58.77947975890898,56.64541879826769,57.48048782348633,22597574,0.0,0.0
2019-10-01 00:00:00+05:30,58.40834472768839,58.40834472768839,52.284513048312334,54.464969635009766,34976291,0.0,0.0
2019-10-03 00:00:00+05:30,54.279396409584926,55.62478386609418,53.67629058924277,54.78971481323242,22655441,0.0,0.0
2019-10-04 00:00:00+05:30,55.300032491897085,55.62478313685386,53.53711407154683,53.76907730102539,25074289,0.0,0.0
2019-10-07 00:00:00+05:30,53.81546900053733,54.00104029119339,52.841224148940434,53.11957931518555,19987686,0.0,0.0
2019-10-09 00:00:00+05:30,53.11958127807955,54.55775263972146,52.33090768799538,54.23300552368164,26996456,0.0,0.0
2019-10-10 00:00:00+05:30,53.8618635815986,54.00104294129036,52.145337022617,52.37730026245117,22677919,0.0,0.0
2019-10-11 00:00:00+05:30,52.562867102114154,53.35154063483801,51.681406157642996,52.794830322265625,24739349,0.0,0.0
2019-10-14 00:00:00+05:30,53.07318978353455,54.186614038471554,52.65565524549841,53.16597366333008,17778101,0.0,0.0
2019-10-15 00:00:00+05:30,53.16596910342121,53.954646171952916,52.60925879343939,53.72268295288086,14261673,0.0,0.0
2019-10-16 00:00:00+05:30,53.95465324134517,54.55775556626714,52.93401282001229,53.21236801147461,15653116,0.0,0.0
2019-10-17 00:00:00+05:30,53.25875960228993,55.02167804575202,52.934008953075676,54.78971481323242,21574463,0.0,0.0
2019-10-18 00:00:00+05:30,54.65053720822503,56.32067171979262,54.27939463255316,55.90313720703125,16943401,0.0,0.0
2019-10-22 00:00:00+05:30,55.903135181945046,57.75884091412579,55.578388094604534,56.367061614990234,19791117,0.0,0.0
2019-10-23 00:00:00+05:30,56.36706956010317,57.48049386424778,55.53200044712514,56.87738800048828,16038768,0.0,0.0
2019-10-24 00:00:00+05:30,57.155735378141934,57.38769859564977,54.88249867814729,55.439208984375,17901412,0.0,0.0
2019-10-25 00:00:00+05:30,55.20724690662306,56.83098946270021,54.46496530316908,56.32067108154297,26581062,0.0,0.0
2019-10-27 00:00:00+05:30,56.59902713016417,56.97016970746461,56.3206719669278,56.552635192871094,2135895,0.0,0.0
2019-10-29 00:00:00+05:30,56.18149234858576,58.08359008438608,55.9495291237448,57.48048782348633,17171226,0.0,0.0
2019-10-30 00:00:00+05:30,57.434094502667485,59.52176347593843,57.38769902723475,59.10422897338867,23374034,0.0,0.0
2019-10-31 00:00:00+05:30,59.660943949816925,62.02696458349318,59.47536912353758,60.63518524169922,36722788,0.0,0.0
2019-11-01 00:00:00+05:30,60.8671497070023,62.862034886726505,60.40322325027369,62.30532455444336,29095991,0.0,0.0
2019-11-04 00:00:00+05:30,62.90842841309991,64.6249548339726,62.44450197075834,63.279563903808594,39302621,0.0,0.0
2019-11-05 00:00:00+05:30,64.02185082159448,64.53217275392869,59.614549496919494,60.07847595214844,80019705,0.0,0.0
2019-11-06 00:00:00+05:30,59.80011930107139,60.40322512937193,58.733090541087925,59.61455154418945,33999037,0.0,0.0
2019-11-07 00:00:00+05:30,59.61454878412761,59.93929588311379,57.294916535717974,57.48048782348633,30285269,0.0,0.0
2019-11-08 00:00:00+05:30,57.38770246487636,58.08359216431857,56.69181276543415,57.016563415527344,18136704,0.0,0.0
2019-11-11 00:00:00+05:30,56.8773811423686,57.66605821830204,56.69180985747379,57.2485237121582,15124948,0.0,0.0
2019-11-13 00:00:00+05:30,57.38770290379361,57.9908087303808,55.71756832025426,55.94953155517578,16397965,0.0,0.0
2019-11-14 00:00:00+05:30,56.04231897283124,56.55263738176297,54.60414408473533,55.94953155517578,18317596,0.0,0.0
2019-11-15 00:00:00+05:30,56.506244367999514,59.1970157182274,56.41345695210876,57.43409729003906,38997998,0.0,0.0
2019-11-18 00:00:00+05:30,57.75884615436343,58.547519746302456,57.34131161884591,57.89802551269531,18394808,0.0,0.0
2019-11-19 00:00:00+05:30,57.57327339287353,60.171260879694344,57.57327339287353,59.521766662597656,30508426,0.0,0.0
2019-11-20 00:00:00+05:30,59.846512883229316,60.54240256791803,58.82587609481039,59.28980255126953,21268472,0.0,0.0
2019-11-21 00:00:00+05:30,59.38258862401186,60.0784783344495,58.54751955569545,58.68669891357422,13725241,0.0,0.0
2019-11-22 00:00:00+05:30,58.64030771520366,60.03208361419011,58.64030771520366,59.05784225463867,14442645,0.0,0.0
2019-11-25 00:00:00+05:30,59.38259197300047,59.939302356956034,59.057844838939445,59.75373458862305,14112251,0.0,0.0
2019-11-26 00:00:00+05:30,60.078475866698305,60.63518619639004,58.269161985983224,58.64030456542969,19618525,0.0,0.0
2019-11-27 00:00:00+05:30,59.011441562001046,59.28980025668611,58.31555190424406,59.10422897338867,13339079,0.0,0.0
2019-11-28 00:00:00+05:30,59.66094270579696,62.6300690747977,59.42897948700141,62.119747161865234,45071597,0.0,0.0
2019-11-29 00:00:00+05:30,62.21254421610601,62.81564298097882,60.63518992617158,60.86715316772461,23394380,0.0,0.0
2019-12-02 00:00:00+05:30,60.91354089903915,61.609430535176784,60.403219000956035,61.006324768066406,12741871,0.0,0.0
2019-12-03 00:00:00+05:30,61.23829254882297,61.23829254882297,58.22277056725214,58.3619499206543,16420022,0.0,0.0
2019-12-04 00:00:00+05:30,58.26916234453241,59.336194612398316,57.01656232527937,59.1506233215332,26007180,0.0,0.0
2019-12-05 00:00:00+05:30,59.38258750490078,59.80011849171219,57.61966552255783,57.80523681640625,18691755,0.0,0.0
2019-12-06 00:00:00+05:30,58.03719962688527,58.17637898112918,55.578391504574164,55.856746673583984,22533285,0.0,0.0
2019-12-09 00:00:00+05:30,55.949529510248,57.34130886890829,55.253639830917855,56.413455963134766,18832854,0.0,0.0
2019-12-10 00:00:00+05:30,56.32067665432745,56.691815723038744,55.114468486928835,55.346431732177734,15190374,0.0,0.0
2019-12-11 00:00:00+05:30,55.578393695433235,56.13510405539799,54.279398136211285,55.25364303588867,14808042,0.0,0.0
2019-12-12 00:00:00+05:30,55.624782409018444,56.64541918957814,55.34642724518198,56.413455963134766,13593777,0.0,0.0
2019-12-13 00:00:00+05:30,56.830994623910485,59.9856961494372,56.691815262101464,59.80012130737305,29859768,0.0,0.0
2019-12-16 00:00:00+05:30,58.54751512349639,59.66094282328096,58.08358868499173,59.10422897338867,22898690,0.0,0.0
2019-12-17 00:00:00+05:30,59.19701233094077,60.91354226217992,59.15062039538897,60.03207778930664,18888141,0.0,0.0
2019-12-18 00:00:00+05:30,59.98569199157566,59.98569199157566,58.17637811086059,58.64030456542969,15891877,0.0,0.0
2019-12-19 00:00:00+05:30,58.36194988162908,59.28980279841505,58.0835911750109,59.011444091796875,15124580,0.0,0.0
2019-12-20 00:00:00+05:30,59.24340592306075,60.6351852653987,59.05783817566468,59.98569107055664,20145673,0.0,0.0
2019-12-23 00:00:00+05:30,59.47537325459553,60.03208361419011,58.68669965525685,59.05784225463867,13309646,0.0,0.0
2019-12-24 00:00:00+05:30,59.15062626515786,59.42898498504701,58.73309172480229,58.918663024902344,10561775,0.0,0.0
2019-12-26 00:00:00+05:30,58.82587893740185,59.150626056824535,58.08359373961605,58.2691650390625,16804192,0.0,0.0
2019-12-27 00:00:00+05:30,58.733087515809714,61.6558220098903,58.68669557897883,60.63518524169922,30080465,0.0,0.0
2019-12-30 00:00:00+05:30,60.542408222473135,60.58880370403468,59.10423678102269,59.75373458862305,12929929,0.0,0.0
2019-12-31 00:00:00+05:30,59.753731905259315,60.17126290473674,59.38258930630366,59.70733642578125,10660714,0.0,0.0
2020-01-01 00:00:00+05:30,59.84651004709943,60.35683195660267,59.336191677073984,60.03207778930664,8568946,0.0,0.0
2020-01-02 00:00:00+05:30,60.31043601705781,62.16614174065959,59.892905060829634,61.88778305053711,26059066,0.0,0.0
2020-01-03 00:00:00+05:30,61.748609868991664,61.748609868991664,59.93929256793021,60.35683059692383,14906983,0.0,0.0
2020-01-06 00:00:00+05:30,60.21765822624964,60.21765822624964,56.59903028409802,56.97017288208008,24078755,0.0,0.0
2020-01-07 00:00:00+05:30,57.619662346853644,58.54751522547917,56.59902559615671,57.387699127197266,20436567,0.0,0.0
2020-01-08 00:00:00+05:30,56.59902584477836,57.15573615860799,55.810352310273416,56.45984649658203,22182671,0.0,0.0
2020-01-09 00:00:00+05:30,57.80523249625401,58.45473020644338,57.34130606604414,58.083587646484375,18885640,0.0,0.0
2020-01-10 00:00:00+05:30,58.40834251001965,59.24340802131157,57.573273459249705,57.94441604614258,17939103,0.0,0.0
2020-01-13 00:00:00+05:30,58.22277004842191,58.77948037811365,58.083590696259996,58.64030456542969,13131132,0.0,0.0
2020-01-14 00:00:00+05:30,58.6403076379554,59.47537317624722,57.89802597964774,58.2691650390625,13837799,0.0,0.0
2020-01-15 00:00:00+05:30,58.31555619185212,59.10423331898363,57.43409872546703,58.82587814331055,13919689,0.0,0.0
2020-01-16 00:00:00+05:30,58.82587545719416,59.33619384587225,58.22276965454317,58.77947998046875,12146474,0.0,0.0
2020-01-17 00:00:00+05:30,58.3619517978279,59.28980474507808,56.87738495854074,58.68669891357422,18351080,0.0,0.0
2020-01-20 00:00:00+05:30,59.475371145759496,59.475371145759496,56.9237755990471,57.155738830566406,16226531,0.0,0.0
2020-01-21 00:00:00+05:30,57.10934729299508,57.805236992437294,56.83099212111381,57.016563415527344,13678963,0.0,0.0
2020-01-22 00:00:00+05:30,57.61966247936247,57.71244989112511,56.274278633843736,56.59902572631836,15241802,0.0,0.0
2020-01-23 00:00:00+05:30,56.64541891775915,57.851626981581035,56.59902698058868,57.34130859375,14136138,0.0,0.0
2020-01-24 00:00:00+05:30,57.2949170213081,58.269161866001554,57.20213314637652,57.851627349853516,10845058,0.0,0.0
2020-01-27 00:00:00+05:30,57.48048858996691,57.758843755592245,56.69181149130417,56.92377471923828,11436816,0.0,0.0
2020-01-28 00:00:00+05:30,57.06295811046254,57.34131329578866,55.903141888705164,56.13510513305664,12294470,0.0,0.0
2020-01-29 00:00:00+05:30,56.69181100475031,57.06295358205076,56.413455841513944,56.552635192871094,11064733,0.0,0.0
2020-01-30 00:00:00+05:30,56.69181128314815,56.83099063518877,55.34642739765257,55.62478256225586,13591961,0.0,0.0
2020-01-31 00:00:00+05:30,55.99592717585339,56.78460435012691,55.48560873336952,56.088714599609375,15449355,0.0,0.0
2020-02-03 00:00:00+05:30,54.55775556626714,54.882506239205085,52.98040476200963,53.21236801147461,18930405,0.0,0.0
2020-02-04 00:00:00+05:30,53.722685782026595,54.6969306455394,52.23811897809839,52.70204544067383,48174279,0.0,0.0
2020-02-05 00:00:00+05:30,52.19172453408066,53.165969350821264,52.05254518619864,52.794830322265625,23905101,0.0,0.0
2020-02-06 00:00:00+05:30,53.2123636567765,55.0216775624316,52.79483267349133,54.418575286865234,26534154,0.0,0.0
2020-02-07 00:00:00+05:30,54.5577507019043,55.11446457467068,53.95464843075486,54.5577507019043,14094876,0.0,0.0
2020-02-10 00:00:00+05:30,54.5113586858891,54.650538038750646,52.841224148940434,53.11957931518555,12866342,0.0,0.0
2020-02-11 00:00:00+05:30,53.58350630088175,53.815469531621495,52.65565337792276,52.841224670410156,10942526,0.0,0.0
2020-02-12 00:00:00+05:30,53.30514815728587,53.30514815728587,51.17108726146346,51.49583435058594,16371273,0.0,0.0
2020-02-13 00:00:00+05:30,51.86697974459303,52.14533491323841,51.0319106991789,51.403053283691406,12379436,0.0,0.0
2020-02-14 00:00:00+05:30,51.681410322973676,52.006157441568014,50.104059590919476,50.28963088989258,15654307,0.0,0.0
2020-02-17 00:00:00+05:30,50.19684323850357,50.42880647627757,47.9236063399008,48.201961517333984,18893364,0.0,0.0
2020-02-18 00:00:00+05:30,48.15557198152853,48.71228236418504,46.29986598670243,48.248355865478516,22621843,0.0,0.0
2020-02-19 00:00:00+05:30,48.71227874303773,49.2689890843098,47.969997108182284,48.897850036621094,13554123,0.0,0.0
2020-02-20 00:00:00+05:30,48.71227834515035,49.82570255807796,48.29474382286775,49.037025451660156,14961174,0.0,0.0
2020-02-24 00:00:00+05:30,48.109171313857786,48.109171313857786,46.48542874342605,46.71739196777344,20135592,0.0,0.0
2020-02-25 00:00:00+05:30,46.76378836579634,47.042143532603156,46.16068255481659,46.299861907958984,15899668,0.0,0.0
2020-02-26 00:00:00+05:30,45.88232856260463,46.485430849545914,45.46479403196646,45.603973388671875,18056503,0.0,0.0
2020-02-27 00:00:00+05:30,45.55757616942181,45.74314745811256,43.423515198173,43.56269454956055,26564325,0.0,0.0
2020-02-28 00:00:00+05:30,41.98534546551035,43.005982282029876,41.10388446607364,41.799774169921875,28222955,0.0,0.0
2020-03-02 00:00:00+05:30,42.95958745114135,43.23794260604732,39.06260466402429,39.66571044921875,24375256,0.0,0.0
2020-03-03 00:00:00+05:30,39.66570912050397,41.753378021583124,39.66570912050397,41.289451599121094,30389904,0.0,0.0
2020-03-04 00:00:00+05:30,41.5214162207104,41.706987503894055,39.94406562286606,41.24306106567383,24911682,0.0,0.0
2020-03-05 00:00:00+05:30,41.289457151624894,42.63484466558471,39.619322514061544,41.75338363647461,29076191,0.0,0.0
2020-03-06 00:00:00+05:30,38.645080442630096,40.08325194341628,37.995582608232915,39.29457473754883,23178204,0.0,0.0
2020-03-09 00:00:00+05:30,38.18114802549936,38.50589512279198,36.51100998377184,36.88215255737305,23193045,0.0,0.0
2020-03-11 00:00:00+05:30,36.88215336332773,37.71722240243955,35.165626886737634,35.67594528198242,29799814,0.0,0.0
2020-03-12 00:00:00+05:30,32.79960006419828,33.681061066464196,30.71193094595284,31.31503677368164,45668907,0.0,0.0
2020-03-13 00:00:00+05:30,28.94900987602027,35.397587946687196,26.026271957678112,34.701698303222656,46283310,0.0,0.0
2020-03-16 00:00:00+05:30,33.40270385321726,33.77384642293305,32.057316462344886,33.217132568359375,26750745,0.0,0.0
2020-03-17 00:00:00+05:30,33.86662845485414,34.51612614681537,32.42845726946135,32.753204345703125,28305181,0.0,0.0
2020-03-18 00:00:00+05:30,33.40270871532206,36.41823102989975,31.454218789386296,34.09859848022461,41726476,0.0,0.0
2020-03-19 00:00:00+05:30,32.4748514549737,36.55740562510442,31.825353717978647,34.51612854003906,38504085,0.0,0.0
2020-03-20 00:00:00+05:30,34.79448355664936,36.18626289891533,34.052201948669754,35.30480194091797,34438012,0.0,0.0
2020-03-23 00:00:00+05:30,33.35631528699985,34.7944866958667,32.196499063804296,32.84599685668945,18562456,0.0,0.0
2020-03-24 00:00:00+05:30,34.33055855260925,34.7944850195364,32.84599527423358,33.681060791015625,26934600,0.0,0.0
2020-03-25 00:00:00+05:30,33.40270425340979,33.727451351193444,30.758324915806007,31.825353622436523,24605185,0.0,0.0
2020-03-26 00:00:00+05:30,32.057316475030575,33.217132581504025,30.80471649583039,30.99028778076172,29576021,0.0,0.0
2020-03-27 00:00:00+05:30,32.010925058933935,33.356312472205005,30.85110893361024,31.036680221557617,30678500,0.0,0.0
2020-03-30 00:00:00+05:30,30.990289846313548,31.45421631982436,30.016041420358363,30.526363372802734,16722670,0.0,0.0
2020-03-31 00:00:00+05:30,31.268642391418826,31.268642391418826,29.876863087997908,30.01603889465332,18297010,0.0,0.0
2020-04-01 00:00:00+05:30,30.15522012180723,30.15522012180723,28.06755103645134,28.253122329711914,26645369,0.0,0.0
2020-04-03 00:00:00+05:30,28.29951481939145,28.485086116266686,27.13969863826885,27.510839462280273,20693435,0.0,0.0
2020-04-07 00:00:00+05:30,28.299513502314905,28.299513502314905,27.510838181909158,27.88197898864746,21958544,0.0,0.0
2020-04-08 00:00:00+05:30,27.742800780755804,29.320151385942214,27.278874340376145,28.29951286315918,29665371,0.0,0.0
2020-04-09 00:00:00+05:30,28.485086510946818,29.598508998408306,28.392300861223593,29.13458251953125,23013811,0.0,0.0
2020-04-13 00:00:00+05:30,29.45932896981455,29.45932896981455,28.11394158455737,29.08818817138672,16584216,0.0,0.0
2020-04-15 00:00:00+05:30,29.273758716691063,30.24800356809233,28.392299510599198,28.856225967407227,22095245,0.0,0.0
2020-04-16 00:00:00+05:30,28.85622723617539,29.22736806399256,28.3459070494051,28.809833526611328,19994392,0.0,0.0
2020-04-17 00:00:00+05:30,29.923256566347725,30.38718302474071,28.763440420365253,29.505722045898438,28207182,0.0,0.0
2020-04-20 00:00:00+05:30,29.784077424773024,31.454215518443146,29.134581440248983,30.47996711730957,41209050,0.0,0.0
2020-04-21 00:00:00+05:30,29.969648401903104,30.016040339688313,28.717048384312616,28.856225967407227,21855708,0.0,0.0
2020-04-22 00:00:00+05:30,28.763440322097825,28.995403550501837,28.02115869910057,28.856225967407227,18792906,0.0,0.0
2020-04-23 00:00:00+05:30,29.227367933533305,29.459331171101027,28.763441458397853,28.949012756347656,19387746,0.0,0.0
2020-04-24 00:00:00+05:30,28.485086606160184,28.85622743655458,27.9747664158462,28.021160125732422,14350195,0.0,0.0
2020-04-27 00:00:00+05:30,28.20672810213071,28.670654557000425,28.113942457208974,28.531476974487305,11950694,0.0,0.0
2020-04-28 00:00:00+05:30,28.577868774526284,29.088188934270057,28.485084899790117,28.995403289794922,11779908,0.0,0.0
2020-04-29 00:00:00+05:30,29.041793600552378,30.15521773241398,28.85622409173469,29.969646453857422,18718847,0.0,0.0
2020-04-30 00:00:00+05:30,30.340789010970536,31.268641864275583,29.784075175300863,29.969646453857422,31458387,0.0,0.0
2020-05-04 00:00:00+05:30,28.670655482352462,28.856226778185295,27.742802542666368,27.97476577758789,21840848,0.0,0.0
2020-05-05 00:00:00+05:30,28.29951365877142,28.53147688548266,26.954126235950632,27.093305587768555,19121106,0.0,0.0
2020-05-06 00:00:00+05:30,27.093307227005216,27.46444805825068,26.44380944502134,27.232484817504883,18005225,0.0,0.0
2020-05-07 00:00:00+05:30,27.046911745025746,28.067550291387636,26.81494851947709,27.557231903076172,14824828,0.0,0.0
2020-05-08 00:00:00+05:30,27.696409623269986,28.02115849461352,26.954126235950632,27.093305587768555,14357669,0.0,0.0
2020-05-11 00:00:00+05:30,27.278876275957803,27.371661924565153,26.62938027518443,26.722164154052734,16324765,0.0,0.0
2020-05-12 00:00:00+05:30,26.443807982233878,27.093305728289604,25.887095881291685,26.629379272460938,21778045,0.0,0.0
2020-05-13 00:00:00+05:30,28.1139446034332,28.763442397729182,27.32527098573837,28.392301559448242,38941451,0.0,0.0
2020-05-14 00:00:00+05:30,27.974765823330944,28.345906645864446,27.00052094296312,27.18609046936035,22669889,0.0,0.0
2020-05-15 00:00:00+05:30,27.18609062735045,27.464447573172507,26.536594626577077,26.722164154052734,18837162,0.0,0.0
2020-05-18 00:00:00+05:30,26.81494896323186,26.86134267095273,24.8200655444483,25.37677764892578,28519760,0.0,0.0
2020-05-19 00:00:00+05:30,25.608740112077342,25.74791769159765,24.58810157936352,24.68088722229004,25287021,0.0,0.0
2020-05-20 00:00:00+05:30,24.68088722229004,24.959242381330654,24.402530293510484,24.68088722229004,17209079,0.0,0.0
2020-05-21 00:00:00+05:30,24.680887844679496,25.655132695628573,24.402530908880482,25.05202865600586,26589981,0.0,0.0
2020-05-22 00:00:00+05:30,24.77367337036466,25.655132571792645,24.49531643590926,24.727279663085938,27654790,0.0,0.0
2020-05-26 00:00:00+05:30,24.86645788871017,25.098421121887462,24.541710778053176,24.77367401123047,17284784,0.0,0.0
2020-05-27 00:00:00+05:30,24.773675204633037,25.655134471325173,24.634495842230866,25.51595687866211,27037903,0.0,0.0
2020-05-28 00:00:00+05:30,25.60874181473016,25.887096992277822,24.680888863252537,24.820066452026367,41838377,0.0,0.0
2020-05-29 00:00:00+05:30,24.727280802930796,25.376778576860755,24.448925625383133,24.820066452026367,35142537,0.0,0.0
2020-06-01 00:00:00+05:30,25.423169293604236,27.92837284998123,25.052028484814045,27.093305587768555,72815551,0.0,0.0
2020-06-02 00:00:00+05:30,27.186089966871528,27.557232552284127,26.53659398187749,27.139698028564453,40249766,0.0,0.0
2020-06-03 00:00:00+05:30,27.650018018800026,29.3201544399741,27.46444848516231,28.06755256652832,86251403,0.0,0.0
2020-06-04 00:00:00+05:30,27.78919620854633,30.24800437122758,27.5572329739833,28.76344108581543,127139095,0.0,0.0
2020-06-05 00:00:00+05:30,29.2273676554362,31.639783887395257,29.13458200734415,31.31503677368164,96114143,0.0,0.0
2020-06-08 00:00:00+05:30,32.938779898276294,32.938779898276294,29.92325779491297,30.248004913330078,103763917,0.0,0.0
2020-06-09 00:00:00+05:30,30.619146253937206,31.083072712330193,29.227366878758243,29.505722045898438,63883963,0.0,0.0
2020-06-10 00:00:00+05:30,29.691295074566348,31.639784898043487,29.36654618074046,31.407821655273438,83659985,0.0,0.0
2020-06-11 00:00:00+05:30,32.010927334318566,32.66042511856269,30.201613342309273,30.433576583862305,97137720,0.0,0.0
2020-06-12 00:00:00+05:30,28.763439190319232,30.804716227850356,28.67065354866074,30.665536880493164,51625110,0.0,0.0
2020-06-15 00:00:00+05:30,30.619147954245403,31.68618028359371,29.73768692645482,31.222253799438477,50672408,0.0,0.0
2020-06-16 00:00:00+05:30,32.01092559741148,32.33567270217374,29.598507662209485,30.758325576782227,62031926,0.0,0.0
2020-06-17 00:00:00+05:30,30.526362347815475,31.454215263682475,30.155219765677483,30.758325576782227,48129227,0.0,0.0
2020-06-18 00:00:00+05:30,30.71193268402232,31.732573101056566,30.52636491681453,31.4542179107666,41940209,0.0,0.0
2020-06-19 00:00:00+05:30,32.010929107666016,32.15010847609939,31.454218712889258,32.010929107666016,47807176,0.0,0.0
2020-06-22 00:00:00+05:30,33.26352450470438,33.40270385321726,32.474850968405676,33.217132568359375,89826409,0.0,0.0
2020-06-23 00:00:00+05:30,33.4027052060074,35.165627174337885,33.30992132955969,34.74809265136719,83901309,0.0,0.0
2020-06-24 00:00:00+05:30,35.258409892043026,35.62955246459253,33.63466733122525,33.86663055419922,70619520,0.0,0.0
2020-06-25 00:00:00+05:30,33.68106199277442,34.88727014192757,32.98517226755396,34.423343658447266,57452358,0.0,0.0
2020-06-26 00:00:00+05:30,34.93366383278766,35.212019000724695,33.77384768348499,33.959415435791016,37644978,0.0,0.0
2020-06-29 00:00:00+05:30,33.58827578481003,33.77384707324106,32.61403094489456,32.799598693847656,29067559,0.0,0.0
2020-06-30 00:00:00+05:30,33.21713820548532,33.54188889396802,32.05732190264381,32.24289321899414,22906001,0.0,0.0
2020-07-01 00:00:00+05:30,32.47485024693876,33.91302147855049,32.01092381483963,33.77384567260742,39413754,0.0,0.0
2020-07-02 00:00:00+05:30,33.95941738219498,34.376951927770776,33.49549089588369,33.63467025756836,26984117,0.0,0.0
2020-07-03 00:00:00+05:30,33.86663017502934,33.91302211120915,33.21713245007842,33.3563117980957,19474324,0.0,0.0
2020-07-06 00:00:00+05:30,33.63467005232202,34.608914959735024,33.40270681058187,34.423343658447266,36388175,0.0,0.0
2020-07-07 00:00:00+05:30,34.60891163792665,34.65530357392629,33.49548747654619,34.14498519897461,33765918,0.0,0.0
2020-07-08 00:00:00+05:30,34.00581252591016,35.954302333345346,33.959417046155565,34.562522888183594,81536214,0.0,0.0
2020-07-09 00:00:00+05:30,35.072841443215324,35.25841274450308,34.19138041670711,34.423343658447266,38093561,0.0,0.0
2020-07-10 00:00:00+05:30,33.26352177337867,33.495484975534666,32.10370576259869,32.521240234375,101789230,0.0,0.0
2020-07-13 00:00:00+05:30,32.84599288654741,32.89238482197212,31.82535260981463,32.057315826416016,28822642,0.0,0.0
2020-07-14 00:00:00+05:30,31.918142217578062,31.964534156196677,30.99028928729356,31.129465103149414,22087745,0.0,0.0
2020-07-15 00:00:00+05:30,31.268644098666712,31.686178620385665,30.387183117144033,30.6191463470459,22966651,0.0,0.0
2020-07-16 00:00:00+05:30,30.619147221844898,31.036681755492946,29.923257512257514,30.851110458374023,17806805,0.0,0.0
2020-07-17 00:00:00+05:30,31.03668172584763,31.36142884088698,30.804718489540065,31.175857543945312,15740313,0.0,0.0
2020-07-20 00:00:00+05:30,31.454213586939087,32.242887107592686,31.17585489543519,32.057315826416016,19422869,0.0,0.0
2020-07-21 00:00:00+05:30,32.428464535344474,32.660427795912774,31.8253586420755,32.24289321899414,25336284,0.0,0.0
2020-07-22 00:00:00+05:30,32.33567149457895,32.5676347148829,31.45421408900624,31.778961181640625,26175681,0.0,0.0
2020-07-23 00:00:00+05:30,31.63978233535533,32.1964961965989,31.59339039845451,31.825353622436523,18325343,0.0,0.0
2020-07-24 00:00:00+05:30,31.63978350691028,31.732570923625552,30.758326054722435,31.129465103149414,20991861,0.0,0.0
2020-07-27 00:00:00+05:30,31.222249929505878,31.222249929505878,29.923254519087717,29.969646453857422,22869574,0.0,0.0
2020-07-28 00:00:00+05:30,30.01603991580206,30.294398617538278,29.45932959128547,29.784076690673828,24366835,0.0,0.0
2020-07-29 00:00:00+05:30,29.7840783091685,31.129465795917444,29.7840783091685,30.387184143066406,28066086,0.0,0.0
2020-07-30 00:00:00+05:30,30.433576413628728,30.711931594039722,29.366545862401146,29.459331512451172,26795059,0.0,0.0
2020-07-31 00:00:00+05:30,29.59850756814546,29.830472566114018,28.995403528696375,29.644901275634766,30715605,0.0,0.0
2020-08-03 00:00:00+05:30,29.691294304692033,30.943894367379986,29.5521167165866,30.526363372802734,36462460,0.0,0.0
2020-08-04 00:00:00+05:30,30.479967139365797,30.52636261715088,29.73768550801861,30.15522003173828,21120742,0.0,0.0
2020-08-05 00:00:00+05:30,30.294400392656634,30.758326870097143,30.108829093784802,30.248004913330078,17765292,0.0,0.0
2020-08-06 00:00:00+05:30,30.248002111890138,30.526360804156564,29.923255023549714,30.01603889465332,21224081,0.0,0.0
2020-08-07 00:00:00+05:30,30.155221401894302,30.572755944585396,29.923258160341266,30.433576583862305,18254674,0.0,0.0
2020-08-10 00:00:00+05:30,30.619146471608083,30.8975016407271,30.340791302489066,30.47996711730957,18269324,0.0,0.0
2020-08-11 00:00:00+05:30,30.43357517903607,30.711930348155086,30.155220009917052,30.47996711730957,16076250,0.0,0.0
2020-08-12 00:00:00+05:30,30.61914755734658,32.1964982909237,30.61914755734658,31.36142921447754,60046401,0.0,0.0
2020-08-13 00:00:00+05:30,31.54700016796141,31.825355343900743,30.526363343024485,30.851110458374023,24293216,0.0,0.0
2020-08-14 00:00:00+05:30,31.083072041356285,31.083072041356285,29.644900759278666,29.923255920410156,27201356,0.0,0.0
2020-08-17 00:00:00+05:30,30.201611466008046,30.24800340354088,29.552115491853506,30.108827590942383,21850726,0.0,0.0
2020-08-18 00:00:00+05:30,30.201611948190553,30.619146471608083,29.876864840798035,30.47996711730957,25200592,0.0,0.0
2020-08-19 00:00:00+05:30,31.778958766135084,32.10370583408558,31.26864042815106,31.732566833496094,64987250,0.0,0.0
2020-08-20 00:00:00+05:30,31.54699783312144,32.70681392992738,31.17585526635241,32.56763458251953,45593468,0.0,0.0
2020-08-21 00:00:00+05:30,32.70681835107926,34.05220591313279,32.70681835107926,33.07796096801758,68760804,0.0,0.0
2020-08-24 00:00:00+05:30,33.820236521030694,33.95941232250103,32.382065335637904,32.753204345703125,38104044,0.0,0.0
2020-08-25 00:00:00+05:30,32.753207154412046,33.07795779798006,32.56763586372717,32.660423278808594,24142450,0.0,0.0
2020-08-26 00:00:00+05:30,33.077960101328564,33.12435204236074,32.66042555308252,32.84599685668945,18538663,0.0,0.0
2020-08-27 00:00:00+05:30,32.845991752827686,33.820236521030694,32.614028544232795,32.753204345703125,44653828,0.0,0.0
2020-08-28 00:00:00+05:30,32.93877802013604,34.70169994968097,32.93877802013604,34.376949310302734,85959987,0.0,0.0
2020-08-31 00:00:00+05:30,35.443977997331565,35.81511699709462,32.196493167147636,32.521240234375,75996857,0.0,0.0
2020-09-01 00:00:00+05:30,32.660425357347506,33.17074378459955,31.361429779362116,32.19649887084961,42207150,0.0,0.0
2020-09-02 00:00:00+05:30,32.47485506068383,32.61403442673523,31.686181425001404,32.289283752441406,29193200,0.0,0.0
2020-09-03 00:00:00+05:30,32.382071730502766,32.52124755945777,31.91814522169601,32.010929107666016,13929020,0.0,0.0
2020-09-04 00:00:00+05:30,31.361429620998138,31.732572224113596,31.083074438400633,31.222253799438477,20522901,0.0,0.0
2020-09-07 00:00:00+05:30,31.40782115439607,31.593392453548343,31.083074035488195,31.36142921447754,16504375,0.0,0.0
2020-09-08 00:00:00+05:30,31.361429620998138,31.547000922555867,30.99029055736086,31.222253799438477,13245081,0.0,0.0
2020-09-09 00:00:00+05:30,30.61914725171366,30.897502427924525,30.201612717658307,30.526363372802734,14722712,0.0,0.0
2020-09-10 00:00:00+05:30,30.80471799334105,31.222252519864686,30.758326054722435,31.129465103149414,13592699,0.0,0.0
2020-09-11 00:00:00+05:30,30.8975036311809,31.40782206402075,30.8975036311809,31.268646240234375,11540634,0.0,0.0
2020-09-14 00:00:00+05:30,31.36142884088698,31.593392077194544,30.94389430763775,31.175857543945312,13826555,0.0,0.0
2020-09-15 00:00:00+05:30,31.500604850565225,31.500604850565225,30.6191439383829,30.897499084472656,23921967,0.0,0.0
2020-09-16 00:00:00+05:30,30.94389430763775,31.268644962155193,30.387183956290833,31.175857543945312,26126290,0.0,0.0
2020-09-17 00:00:00+05:30,30.851110458374023,31.12946563431336,30.619147221844898,30.851110458374023,14159296,0.0,0.0
2020-09-18 00:00:00+05:30,30.943894629490845,31.036682048665824,30.016041674609824,30.248004913330078,26475003,0.0,0.0
2020-09-21 00:00:00+05:30,30.201614340357153,30.2480062823052,28.20673075102561,28.43869400024414,28356034,0.0,0.0
2020-09-22 00:00:00+05:30,28.531476727743716,28.577868664933895,27.371660600599665,27.88197898864746,30887287,0.0,0.0
2020-09-23 00:00:00+05:30,28.299515370987752,28.299515370987752,26.814950276266806,27.232484817504883,37098972,0.0,0.0
2020-09-24 00:00:00+05:30,26.861342772148703,27.000520356357654,25.93348985110369,26.026273727416992,26290043,0.0,0.0
2020-09-25 00:00:00+05:30,26.211846591912604,27.139699568617477,25.655134451941862,26.95412826538086,31735862,0.0,0.0
2020-09-28 00:00:00+05:30,27.371661720739738,28.06755142550431,27.093306546729526,27.97476577758789,20887757,0.0,0.0
2020-09-29 00:00:00+05:30,28.02115928649748,28.206728811267322,26.629379886898047,27.000520706176758,30263021,0.0,0.0
2020-09-30 00:00:00+05:30,26.90773456280161,26.90773456280161,26.258236813734943,26.49020004272461,26580672,0.0,0.0
2020-10-01 00:00:00+05:30,25.794308104382125,26.90773221424648,25.70152423667579,25.97987937927246,62176969,0.0,0.0
2020-10-05 00:00:00+05:30,26.35102348791074,26.768558024286516,26.026274600700585,26.258237838745117,35375815,0.0,0.0
2020-10-06 00:00:00+05:30,26.397417838308165,26.536595430566386,26.072668943212914,26.30463218688965,25184933,0.0,0.0
2020-10-07 00:00:00+05:30,26.304629251949788,26.49019876434279,25.655131534227017,25.74791717529297,33248097,0.0,0.0
2020-10-08 00:00:00+05:30,26.02627476292791,26.629380601394217,25.74791958343505,25.7943115234375,31575254,0.0,0.0
2020-10-09 00:00:00+05:30,25.979879913592484,26.90773276764936,25.655131060724806,26.8149471282959,41073470,0.0,0.0
2020-10-12 00:00:00+05:30,27.186088693856668,27.603623198024884,26.211843877116067,26.397415161132812,33394203,0.0,0.0
2020-10-13 00:00:00+05:30,26.351024303172878,26.443809955209154,25.747920219545755,25.84070587158203,25015960,0.0,0.0
2020-10-14 00:00:00+05:30,25.79430974220008,26.304629895682034,25.51595458192916,26.11905860900879,32332343,0.0,0.0
2020-10-15 00:00:00+05:30,26.304630687070016,26.490200209587265,25.51595534958945,25.701526641845703,18354893,0.0,0.0
2020-10-16 00:00:00+05:30,25.794311557794067,25.933490917464948,25.37677878799865,25.46956443786621,17640916,0.0,0.0
2020-10-19 00:00:00+05:30,25.747917560914026,26.026272718541847,25.608739982100115,25.933488845825195,23518488,0.0,0.0
2020-10-20 00:00:00+05:30,25.88709604568239,25.88709604568239,25.283992003223034,25.37677764892578,19887927,0.0,0.0
2020-10-21 00:00:00+05:30,25.51595356840376,25.79430871761807,25.09841907484342,25.237598419189453,22428270,0.0,0.0
2020-10-22 00:00:00+05:30,25.237598419189453,25.423167928752697,25.191204714494482,25.237598419189453,11303327,0.0,0.0
2020-10-23 00:00:00+05:30,25.42317008972168,25.51595573725952,25.23760056438503,25.42317008972168,10787905,0.0,0.0
2020-10-26 00:00:00+05:30,25.56234489563862,26.211842588015966,25.469561027932286,25.97987937927246,32461849,0.0,0.0
2020-10-27 00:00:00+05:30,25.97988169138514,25.97988169138514,25.098420711817543,25.37677764892578,37298613,0.0,0.0
2020-10-28 00:00:00+05:30,25.469564333279692,25.655133862513733,25.00563785558599,25.14481544494629,29350576,0.0,0.0
2020-10-29 00:00:00+05:30,25.052028024257172,25.052028024257172,24.402530293510484,24.68088722229004,33996026,0.0,0.0
2020-10-30 00:00:00+05:30,24.866458391704626,25.23760098808692,24.588103214156963,24.820066452026367,25772525,0.0,0.0
2020-11-02 00:00:00+05:30,25.144813539561124,26.351021582266927,24.820064675836043,25.933488845825195,53642960,0.0,0.0
2020-11-03 00:00:00+05:30,26.02627476292791,26.304631712159836,25.33038504445669,25.7943115234375,72403902,0.0,0.0
2020-11-04 00:00:00+05:30,25.88709720766163,25.933490917464948,25.005637958267478,25.46956443786621,46812632,0.0,0.0
2020-11-05 00:00:00+05:30,25.701526641845703,26.119059394813764,25.423169703461326,25.701526641845703,34167763,0.0,0.0
2020-11-06 00:00:00+05:30,25.74791717529297,26.16545167522031,25.608739598563492,25.74791717529297,32382743,0.0,0.0
2020-11-09 00:00:00+05:30,25.93349033488692,26.814949564479697,25.84070468710372,26.53659439086914,48174136,0.0,0.0
2020-11-10 00:00:00+05:30,26.814949264018647,27.650016545232432,26.53659409352706,27.464447021484375,46493213,0.0,0.0
2020-11-11 00:00:00+05:30,27.65001642889827,28.113942890925014,26.76855721289086,27.139698028564453,49278768,0.0,0.0
2020-11-12 00:00:00+05:30,27.139698292188896,27.371661525455465,26.81494941166789,27.000520706176758,27200167,0.0,0.0
2020-11-13 00:00:00+05:30,27.046911367362586,27.41805216911031,26.30462976386714,27.371660232543945,33735974,0.0,0.0
2020-11-14 00:00:00+05:30,27.8355878387195,27.8355878387195,27.371661374740842,27.464447021484375,5257310,0.0,0.0
2020-11-17 00:00:00+05:30,27.464447893458523,28.021160021855877,27.278876594079716,27.6964111328125,30880948,0.0,0.0
2020-11-18 00:00:00+05:30,27.650015264989783,28.995402656129777,27.46444574983391,28.6242618560791,78369100,0.0,0.0
2020-11-19 00:00:00+05:30,28.62426185398848,28.62426185398848,27.603623326619466,27.835586547851562,29648439,0.0,0.0
2020-11-20 00:00:00+05:30,27.789196140858,28.02115937485602,27.418053550669953,27.65001678466797,23624084,0.0,0.0
2020-11-23 00:00:00+05:30,27.78919511426711,27.974764632766778,27.603623826028475,27.88197898864746,21909692,0.0,0.0
2020-11-24 00:00:00+05:30,28.113942337042236,28.392299270617677,27.650015884155472,28.206727981567383,30470938,0.0,0.0
2020-11-25 00:00:00+05:30,28.43869044683382,30.248002502821596,28.34590480479213,29.08818817138672,99621016,0.0,0.0
2020-11-26 00:00:00+05:30,29.134580228707065,29.876863598388763,28.6706537863081,29.73768424987793,48077667,0.0,0.0
2020-11-27 00:00:00+05:30,29.83047215911656,31.68617795963447,29.73768474540391,31.036680221557617,71951138,0.0,0.0
2020-12-01 00:00:00+05:30,31.45421634612845,32.15010605697662,30.897502453763053,31.964534759521484,58487858,0.0,0.0
2020-12-02 00:00:00+05:30,32.05731685884673,32.52124330699061,31.083072025640156,31.500606536865234,77155079,0.0,0.0
2020-12-03 00:00:00+05:30,31.871745177486993,33.44909578956227,31.686177432106966,33.217132568359375,90403528,0.0,0.0
2020-12-04 00:00:00+05:30,33.63467135394675,34.05220591313279,32.24289184964551,33.07796096801758,120208081,0.0,0.0
2020-12-07 00:00:00+05:30,33.031562680512884,33.77384785133808,32.84599492728459,33.17074203491211,82840809,0.0,0.0
2020-12-08 00:00:00+05:30,33.40270745799651,38.13475626542139,33.309923575293375,37.67082977294922,227310533,0.0,0.0
2020-12-09 00:00:00+05:30,39.15539491230568,39.572929444655905,36.325444143342274,36.55740737915039,216961308,0.0,0.0
2020-12-10 00:00:00+05:30,36.557407699908694,36.557407699908694,35.3511960315406,35.629554748535156,63379052,0.0,0.0
2020-12-11 00:00:00+05:30,35.81511921529733,38.41311007193261,35.81511921529733,37.578041076660156,116536838,0.0,0.0
2020-12-14 00:00:00+05:30,38.04196638627486,38.50589280561967,37.763611242563506,38.273929595947266,52117435,0.0,0.0
2020-12-15 00:00:00+05:30,38.27393562895434,38.320327570305906,36.83576421018625,37.67082977294922,56929480,0.0,0.0
2020-12-16 00:00:00+05:30,36.742976148863825,36.742976148863825,34.562523087964706,35.21202087402344,214696891,0.0,0.0
2020-12-17 00:00:00+05:30,35.397591073548966,35.58315882994951,34.09859554187672,34.33055877685547,66872650,0.0,0.0
2020-12-18 00:00:00+05:30,34.469734923435055,34.469734923435055,33.077955643180246,33.913021087646484,63979156,0.0,0.0
2020-12-21 00:00:00+05:30,33.402703848593426,34.19137738478296,30.619145194543975,31.639781951904297,73372682,0.0,0.0
2020-12-22 00:00:00+05:30,31.407818747509868,32.242887759961896,29.412937168062253,30.99028778076172,118459132,0.0,0.0
2020-12-23 00:00:00+05:30,29.784077213038632,30.38718302474071,29.412938170011035,29.505722045898438,178237037,0.0,0.0
2020-12-24 00:00:00+05:30,29.876864648381954,30.248003691657726,29.134581252613433,29.18097496032715,111190598,0.0,0.0
2020-12-28 00:00:00+05:30,29.552114997133504,30.526361596664312,29.227366130623235,30.062435150146484,145990073,0.0,0.0
2020-12-29 00:00:00+05:30,30.52636473628297,31.686180971863962,30.433577313749538,30.804719924926758,160162623,0.0,0.0
2020-12-30 00:00:00+05:30,31.26864515434869,31.26864515434869,30.016041546901832,30.387184143066406,92597922,0.0,0.0
2020-12-31 00:00:00+05:30,30.433573661216393,30.943892035729718,30.062434634060267,30.665536880493164,189388220,0.0,0.0
2021-01-01 00:00:00+05:30,30.897504249840672,32.4284631184928,30.711932941598246,32.289283752441406,227528491,0.0,0.0
2021-01-04 00:00:00+05:30,32.84599645035372,33.17074357303976,31.778964122422707,32.985172271728516,213599078,0.0,0.0
2021-01-05 00:00:00+05:30,32.47485621483862,33.124354047031076,32.1965010123214,33.03156661987305,142225084,0.0,0.0
2021-01-06 00:00:00+05:30,33.217133611385236,33.77384748343986,32.242888759637125,32.660423278808594,202327890,0.0,0.0
2021-01-07 00:00:00+05:30,33.217134502943075,33.40270579860874,32.799599972564856,32.89238739013672,94883129,0.0,0.0
2021-01-08 00:00:00+05:30,33.077960101328564,33.309923345967675,32.567638131539944,32.84599685668945,80655853,0.0,0.0
2021-01-11 00:00:00+05:30,33.21713414634689,33.21713414634689,32.05731798523507,32.3820686340332,76603154,0.0,0.0
2021-01-12 00:00:00+05:30,32.196496056682236,34.28416506344794,31.82535348413273,33.86663055419922,183664727,0.0,0.0
2021-01-13 00:00:00+05:30,34.33055801935907,34.5161293111431,32.70681541033533,33.959415435791016,227452083,0.0,0.0
2021-01-14 00:00:00+05:30,34.09859554187672,35.072840420891865,33.77384842869769,34.33055877685547,184172283,0.0,0.0
2021-01-15 00:00:00+05:30,34.330556615783166,34.794483056537,32.93877729352169,33.3563117980957,142841953,0.0,0.0
2021-01-18 00:00:00+05:30,33.40270579860874,33.91302420708076,32.5676367378523,32.89238739013672,113003034,0.0,0.0
2021-01-19 00:00:00+05:30,33.35631217155207,34.098593777173186,32.93877766230335,33.86663055419922,109008869,0.0,0.0
2021-01-20 00:00:00+05:30,34.09859314587185,34.60891151907097,33.68105864435337,34.28416442871094,132227405,0.0,0.0
2021-01-21 00:00:00+05:30,34.4233449905928,34.7017037230357,32.70681835107926,33.07796096801758,126279607,0.0,0.0
2021-01-22 00:00:00+05:30,33.217131909422946,33.44909512602433,31.732568738965192,32.057315826416016,133649890,0.0,0.0
2021-01-25 00:00:00+05:30,32.47484785334763,32.567631717137616,31.083068659632733,31.686174392700195,83484252,0.0,0.0
2021-01-27 00:00:00+05:30,31.63978117161922,31.778960516680463,30.66553637462384,30.943891525268555,69780206,0.0,0.0
2021-01-28 00:00:00+05:30,30.619147003200712,30.71193088135858,29.598508415812883,30.20161247253418,130283571,0.0,0.0
2021-01-29 00:00:00+05:30,30.619144439429352,31.918139861741707,30.155218008528905,30.943891525268555,125606644,0.0,0.0
2021-02-01 00:00:00+05:30,31.31503618680514,33.40270526592548,30.711930370379168,33.17074203491211,200145354,0.0,0.0
2021-02-02 00:00:00+05:30,33.4954884951251,34.19137817471478,32.985170104654934,33.58827590942383,199832087,0.0,0.0
2021-02-03 00:00:00+05:30,33.82024186043361,35.954303008528015,33.12435212478468,35.583160400390625,260980002,0.0,0.0
2021-02-04 00:00:00+05:30,35.722335344479404,38.041967509705344,35.258408911434216,37.578041076660156,384813812,0.0,0.0
2021-02-05 00:00:00+05:30,38.320324625436726,39.66571205811033,36.835761379403905,37.2532958984375,329090924,0.0,0.0
2021-02-08 00:00:00+05:30,37.99557826410417,38.22754149704806,35.02644817452682,35.2584114074707,208191094,0.0,0.0
2021-02-09 00:00:00+05:30,35.490372968966724,38.08836034768832,34.65530395390577,36.2326545715332,376625747,0.0,0.0
2021-02-10 00:00:00+05:30,36.000695858712476,37.06772822944193,35.86152003175537,36.60380172729492,213081321,0.0,0.0
2021-02-11 00:00:00+05:30,36.603797665588374,37.20689992776982,35.81512057576629,35.95429992675781,151510830,0.0,0.0
2021-02-12 00:00:00+05:30,36.18626174113208,36.789367519275395,35.62955143782886,36.00069046020508,158520381,0.0,0.0
2021-02-15 00:00:00+05:30,36.418227622170384,37.160509260713916,36.18626438890816,36.69658279418945,127928424,0.0,0.0
2021-02-16 00:00:00+05:30,37.11411874505538,37.7172245904538,36.27904965750036,36.65019226074219,187520683,0.0,0.0
2021-02-17 00:00:00+05:30,36.65019016311261,39.43374890967812,36.464618872112645,38.69146728515625,466579666,0.0,0.0
2021-02-18 00:00:00+05:30,38.96982287001628,41.1038838907168,38.78425157702536,40.639957427978516,365119300,0.0,0.0
2021-02-19 00:00:00+05:30,41.05748948463484,43.00597909523317,38.22753893991715,39.016212463378906,429882183,0.0,0.0
2021-02-22 00:00:00+05:30,39.480143100153626,39.75849828279653,37.29969004005969,38.08836364746094,207909169,0.0,0.0
2021-02-23 00:00:00+05:30,38.32032446434264,39.15539349889931,37.71722219669879,38.041969299316406,217940163,0.0,0.0
2021-02-24 00:00:00+05:30,38.4595050536846,39.062607340727865,38.27393375787203,38.78425216674805,76642692,0.0,0.0
2021-02-25 00:00:00+05:30,39.20178414021916,39.57292670763368,38.73785770068994,38.877037048339844,133293103,0.0,0.0
2021-02-26 00:00:00+05:30,38.04196942228206,38.69146716909466,37.438863613210785,37.90279006958008,191695436,0.0,0.0
2021-03-01 00:00:00+05:30,38.41311342811421,38.45950536757647,37.62443629934342,37.85639953613281,120923262,0.0,0.0
2021-03-02 00:00:00+05:30,38.181148651568506,38.64507510643822,37.76361413429017,38.041969299316406,115358594,0.0,0.0
2021-03-03 00:00:00+05:30,38.413111694004805,40.73274395718196,38.273932342423,40.40799331665039,238140740,0.0,0.0
2021-03-04 00:00:00+05:30,39.89766977984471,41.10387769320034,39.38735145567243,40.45438003540039,215065585,0.0,0.0
2021-03-05 00:00:00+05:30,40.454385700960955,40.454385700960955,38.320324703156324,38.69146728515625,129772294,0.0,0.0
2021-03-08 00:00:00+05:30,39.15539232334631,39.758494572883365,38.59867847052997,38.737857818603516,89990535,0.0,0.0
2021-03-09 00:00:00+05:30,38.923433069000765,39.29457213588457,37.81000878939294,38.59868240356445,77359752,0.0,0.0
2021-03-10 00:00:00+05:30,38.969823998141,39.20178723622517,38.3203262236097,38.505897521972656,48965330,0.0,0.0
2021-03-12 00:00:00+05:30,38.83064531433474,38.92343273486782,37.76361652429058,38.08836364746094,59205010,0.0,0.0
2021-03-15 00:00:00+05:30,38.0883627729222,38.13475471238446,36.882154649513,37.85639953613281,83777448,0.0,0.0
2021-03-16 00:00:00+05:30,38.04196722983293,38.41310978932972,36.74297181107191,36.92854309082031,99770550,0.0,0.0
2021-03-17 00:00:00+05:30,36.9749386964443,37.06772611526852,35.304804091867545,35.629554748535156,89295594,0.0,0.0
2021-03-18 00:00:00+05:30,36.186264884275545,36.27904876305937,34.005811877552745,34.98005676269531,126241327,0.0,0.0
2021-03-19 00:00:00+05:30,34.516129138481546,35.954300448527036,33.72745203721417,35.67594528198242,135987432,0.0,0.0
2021-03-22 00:00:00+05:30,35.675947358425645,35.768731239514814,34.79448633016581,35.21202087402344,94389245,0.0,0.0
2021-03-23 00:00:00+05:30,35.119230899764524,36.37183444025445,35.07283896259332,35.95429992675781,108051825,0.0,0.0
2021-03-24 00:00:00+05:30,35.86151754350647,36.232656595785635,34.09859554187672,34.33055877685547,118077858,0.0,0.0
2021-03-25 00:00:00+05:30,34.33056124834947,34.33056124834947,32.28928392568708,32.93878173828125,190748444,0.0,0.0
2021-03-26 00:00:00+05:30,33.58827744383719,33.77384874143415,33.12435096958386,33.402706146240234,100724564,0.0,0.0
2021-03-30 00:00:00+05:30,33.773848612215744,34.05220378780714,33.21713472155486,33.54188537597656,94886069,0.0,0.0
2021-03-31 00:00:00+05:30,33.49548786360892,34.93366267256159,33.17074076838096,34.00580978393555,117399302,0.0,0.0
2021-04-01 00:00:00+05:30,34.33055699272441,35.7223363302673,34.144985706489784,35.4439811706543,100007430,0.0,0.0
2021-04-05 00:00:00+05:30,35.76872761246797,35.76872761246797,33.58827477267274,34.28416442871094,103941329,0.0,0.0
2021-04-06 00:00:00+05:30,34.28416543589634,34.84087576129057,33.63466769661779,34.376949310302734,94329535,0.0,0.0
2021-04-07 00:00:00+05:30,34.376953431730776,35.351198387711165,34.19138212119205,34.887271881103516,96171649,0.0,0.0
2021-04-08 00:00:00+05:30,35.02644782018832,35.351194927233294,34.655305235441475,34.74809265136719,68360846,0.0,0.0
2021-04-09 00:00:00+05:30,34.6553057101845,36.18626446889031,34.51612989360637,35.119232177734375,130289882,0.0,0.0
2021-04-12 00:00:00+05:30,34.0985939385754,34.19137781241301,30.89750073848702,31.500606536865234,184407237,0.0,0.0
2021-04-13 00:00:00+05:30,31.54699783312144,32.75320586590405,31.222250741806914,32.56763458251953,147766538,0.0,0.0
2021-04-15 00:00:00+05:30,32.10371384686177,32.79960362856668,31.686182809421595,32.24289321899414,115658330,0.0,0.0
2021-04-16 00:00:00+05:30,32.47485506068383,32.84599767716868,32.01092855981692,32.289283752441406,100392762,0.0,0.0
2021-04-19 00:00:00+05:30,31.17585655733999,31.361427848408987,30.155219765677483,30.758325576782227,122301341,0.0,0.0
2021-04-20 00:00:00+05:30,31.547001427285362,31.732572731812102,30.990291053183388,31.268646240234375,117371947,0.0,0.0
2021-04-22 00:00:00+05:30,30.804720107104494,31.68618115925462,30.665540742220372,31.4542179107666,100459282,0.0,0.0
2021-04-23 00:00:00+05:30,31.08307440140668,32.19649866994972,30.990290520477334,31.547000885009766,122182836,0.0,0.0
2021-04-26 00:00:00+05:30,31.778963462066354,32.196497996470875,31.778963462066354,31.964534759521484,73069756,0.0,0.0
2021-04-27 00:00:00+05:30,31.91813703193225,32.75320240983086,31.87174156137333,32.4284553527832,97206393,0.0,0.0
2021-04-28 00:00:00+05:30,32.66042640883154,33.21713679476072,32.52124704261009,33.07796096801758,94894461,0.0,0.0
2021-04-29 00:00:00+05:30,33.217129840842986,33.58827238008361,32.38206443676795,32.521240234375,127130844,0.0,0.0
2021-04-30 00:00:00+05:30,32.05731910539107,33.12435142668971,32.01092716522117,32.33567428588867,95008214,0.0,0.0
2021-05-03 00:00:00+05:30,32.010929107666016,32.196500419084394,31.54700259885926,32.010929107666016,105720320,0.0,0.0
2021-05-04 00:00:00+05:30,32.28928099124489,36.37183526554811,32.196497114797175,34.74809265136719,426069700,0.0,0.0
2021-05-05 00:00:00+05:30,35.76872945020399,35.90790880435355,34.46973748254606,34.74809265136719,178293892,0.0,0.0
2021-05-06 00:00:00+05:30,34.79448240743438,35.026445623483944,33.58827439187221,33.77384567260742,114302420,0.0,0.0
2021-05-07 00:00:00+05:30,34.00581286240867,34.2841680462998,33.35631507367722,33.63467025756836,110980908,0.0,0.0
2021-05-10 00:00:00+05:30,33.913027710742924,34.05220708174075,32.47485621483862,33.03156661987305,175653730,0.0,0.0
2021-05-11 00:00:00+05:30,32.33566896475469,32.79959536906668,31.31503229105934,32.521240234375,231689524,0.0,0.0
2021-05-12 00:00:00+05:30,33.170743568841715,35.44398404579084,32.98517226755396,34.423343658447266,345869236,0.0,0.0
2021-05-14 00:00:00+05:30,35.07283807687869,35.629551927307844,33.86663004349895,34.14498519897461,185587845,0.0,0.0
2021-05-17 00:00:00+05:30,34.516131678960484,35.07284205302508,34.19138101119094,34.93366622924805,108033820,0.0,0.0
2021-05-18 00:00:00+05:30,35.583156843187076,35.583156843187076,34.51612814554851,34.655303955078125,91471489,0.0,0.0
2021-05-19 00:00:00+05:30,33.68105978424461,34.19137817471478,33.170741393774435,33.58827590942383,154514444,0.0,0.0
2021-05-20 00:00:00+05:30,33.86663401285807,35.165629609964476,33.35631557809422,34.79448699951172,339156585,0.0,0.0
2021-05-21 00:00:00+05:30,35.25841000407135,35.583157101475585,34.84087549349598,35.30480194091797,178307284,0.0,0.0
2021-05-24 00:00:00+05:30,36.37183279105289,37.20689824070402,35.95429829648843,36.92854309082031,277203783,0.0,0.0
2021-05-25 00:00:00+05:30,37.485261483150985,37.57804536455614,36.37183720889813,36.51101303100586,163516340,0.0,0.0
2021-05-26 00:00:00+05:30,36.650191386034535,37.346081095895954,36.232656852222064,36.41822814941406,155307751,0.0,0.0
2021-05-27 00:00:00+05:30,36.650189558318715,39.34096438472062,36.55740568408882,39.10900115966797,511815455,0.0,0.0
2021-05-28 00:00:00+05:30,39.71210444159358,39.71210444159358,38.04196988619291,39.201786041259766,335658662,0.0,0.0
2021-05-31 00:00:00+05:30,39.29456979335803,40.08324689999115,38.59868010252303,39.340965270996094,240394043,0.0,0.0
2021-06-01 00:00:00+05:30,39.480138385212186,39.57292579466407,38.13475103372072,38.64507293701172,172714836,0.0,0.0
2021-06-02 00:00:00+05:30,38.87703753646598,41.33584557315606,38.5986788376712,40.82552719116211,397167134,0.0,0.0
2021-06-03 00:00:00+05:30,41.28945416047724,41.75338061171856,40.26881738353752,40.54717254638672,265127956,0.0,0.0
2021-06-04 00:00:00+05:30,40.407993964096185,40.45438590220746,39.85128362780483,39.99045944213867,142152047,0.0,0.0
2021-06-07 00:00:00+05:30,39.89767586162778,39.990459738538036,38.830643579769784,39.06260681152344,157004801,0.0,0.0
2021-06-08 00:00:00+05:30,39.43375191620661,39.52653579904168,38.32032762479454,38.45950698852539,104992723,0.0,0.0
2021-06-09 00:00:00+05:30,38.552290816542,39.29457249660182,37.16051133912548,37.67082977294922,149730470,0.0,0.0
2021-06-10 00:00:00+05:30,38.134754614123175,39.758497267465025,38.04197073543773,39.43375015258789,208415707,0.0,0.0
2021-06-11 00:00:00+05:30,39.80488952631846,39.99045726867807,38.784249245951585,39.016212463378906,91371585,0.0,0.0
2021-06-14 00:00:00+05:30,38.784252717733594,40.593566683523406,37.48526070754772,39.944068908691406,192209398,0.0,0.0
2021-06-15 00:00:00+05:30,39.80489173155276,40.129638838151216,39.24817785519796,39.340965270996094,72824813,0.0,0.0
2021-06-16 00:00:00+05:30,39.24817619574344,39.804890048559784,38.59867847052997,38.737857818603516,70156923,0.0,0.0
2021-06-17 00:00:00+05:30,38.1347541809082,39.06260711513447,37.90279094735164,38.1347541809082,79183021,0.0,0.0
2021-06-18 00:00:00+05:30,38.50589943416585,38.69147074174423,36.093483054081716,37.39247512817383,117416542,0.0,0.0
2021-06-21 00:00:00+05:30,36.65019016311261,38.87703857615622,36.37183499635165,38.69146728515625,116450769,0.0,0.0
2021-06-22 00:00:00+05:30,39.01621361694871,39.66571135284408,38.08836071980616,38.3203239440918,137367867,0.0,0.0
2021-06-23 00:00:00+05:30,38.50589634821965,39.85128379599281,38.32032505551335,39.201786041259766,205772277,0.0,0.0
2021-06-24 00:00:00+05:30,39.52653682303773,39.71210813299363,38.41311604225902,38.55229187011719,109853745,0.0,0.0
2021-06-25 00:00:00+05:30,38.96982520299285,39.619322997605046,38.691470016581405,39.2481803894043,111022988,0.0,0.0
2021-06-28 00:00:00+05:30,39.85128450096671,40.5471742063172,39.52653384811631,40.2224235534668,165596285,0.0,0.0
2021-06-29 00:00:00+05:30,40.31520907198306,40.73274358341925,39.80489068666235,39.897674560546875,137925510,0.0,0.0
2021-06-30 00:00:00+05:30,40.129641429272404,40.315212733372775,39.10900456593769,39.2481803894043,88216025,0.0,0.0
2021-07-01 00:00:00+05:30,39.34097022102455,39.66571736848392,39.10900696155973,39.29457473754883,79292862,0.0,0.0
2021-07-02 00:00:00+05:30,39.48014133657561,39.61932069141901,38.87703905770294,39.06260681152344,82307112,0.0,0.0
2021-07-05 00:00:00+05:30,39.3409678111936,39.387359752349134,38.92343326183732,39.2481803894043,50276083,0.0,0.0
2021-07-06 00:00:00+05:30,39.15539718758169,39.75849951204154,38.50589938168176,38.83064651489258,60698228,0.0,0.0
2021-07-07 00:00:00+05:30,38.78425116091724,39.0162143897977,38.55228793203678,38.69146728515625,41710161,0.0,0.0
2021-07-08 00:00:00+05:30,38.78425337380728,39.20178791751073,37.94918782587858,38.08836364746094,60454510,0.0,0.0
2021-07-09 00:00:00+05:30,38.13475317449917,38.22754058915989,37.90278994706431,38.041969299316406,45122471,0.0,0.0
2021-07-12 00:00:00+05:30,38.13475216316888,38.4595027966521,37.856397005524606,37.94918441772461,38587491,0.0,0.0
2021-07-13 00:00:00+05:30,38.088360226807815,38.273931511729955,37.902788941885674,37.94918441772461,33738717,0.0,0.0
2021-07-14 00:00:00+05:30,38.04196982340201,38.13475369986301,37.624435300371516,37.763614654541016,27627264,0.0,0.0
2021-07-15 00:00:00+05:30,37.85640020309381,37.94918762313117,37.392473721341496,37.438865661621094,32145976,0.0,0.0
2021-07-16 00:00:00+05:30,37.48525909043009,38.227540712725364,37.39247167546945,37.90279006958008,41560170,0.0,0.0
2021-07-19 00:00:00+05:30,37.57804643575221,37.7636177433306,37.20690382059544,37.39247512817383,31864818,0.0,0.0
2021-07-20 00:00:00+05:30,37.25329513097425,37.48525835460553,36.6037973969111,36.88215255737305,48757312,0.0,0.0
2021-07-22 00:00:00+05:30,37.53165118911966,37.6708270029405,37.021332792820616,37.11411666870117,53618639,0.0,0.0
2021-07-23 00:00:00+05:30,37.20689913833532,37.3924704225607,36.83576010936241,37.16050720214844,42958166,0.0,0.0
2021-07-26 00:00:00+05:30,37.067726937871385,37.25329824015989,36.418229149600705,36.51101303100586,39507185,0.0,0.0
2021-07-27 00:00:00+05:30,36.6501903743353,37.11411683476993,36.232655852048545,36.325443267822266,41915784,0.0,0.0
2021-07-28 00:00:00+05:30,36.37183640173836,36.46462028108447,35.3511960315406,35.629554748535156,57230970,0.0,0.0
2021-07-29 00:00:00+05:30,35.81512219298195,36.835762554224516,35.49037507864182,36.55740737915039,63854550,0.0,0.0
2021-07-30 00:00:00+05:30,36.65019226074219,37.11411874505538,36.41822901858559,36.65019226074219,45647205,0.0,0.0
2021-08-02 00:00:00+05:30,36.882153670249515,37.995577885171514,36.74297431608001,37.763614654541016,64896737,0.0,0.0
2021-08-03 00:00:00+05:30,38.50589943416585,38.50589943416585,37.16051187857042,37.39247512817383,100994147,0.0,0.0
2021-08-04 00:00:00+05:30,37.57804420091487,37.71722355819097,36.46461996114029,36.55740737915039,79555428,0.0,0.0
2021-08-05 00:00:00+05:30,36.650190626861324,36.69658256532883,35.443982529315925,36.04708480834961,62226173,0.0,0.0
2021-08-06 00:00:00+05:30,36.18626438890816,36.92854602745169,35.95430115564592,36.69658279418945,62616916,0.0,0.0
2021-08-09 00:00:00+05:30,36.74297347710197,37.299687341590136,35.86151605241541,35.95429992675781,55639684,0.0,0.0
2021-08-10 00:00:00+05:30,36.093482596618124,36.23265842092922,34.608915694285336,34.79448699951172,64226181,0.0,0.0
2021-08-11 00:00:00+05:30,34.887266043230994,35.072837322717085,33.95941318527828,34.701698303222656,60555697,0.0,0.0
2021-08-12 00:00:00+05:30,34.74809074040425,35.212017176085276,34.70169880473171,35.072837829589844,32721153,0.0,0.0
2021-08-13 00:00:00+05:30,35.1192311712021,35.30480246079911,34.84087600654557,35.02644729614258,31382550,0.0,0.0
2021-08-16 00:00:00+05:30,34.933663943740605,35.165627174337885,34.655305235441475,34.74809265136719,19259890,0.0,0.0
2021-08-17 00:00:00+05:30,34.65530887635529,34.7017043589315,34.052206537126786,34.09859848022461,25157898,0.0,0.0
2021-08-18 00:00:00+05:30,34.05220184047397,34.33055700014715,33.49548798164972,33.86663055419922,32386126,0.0,0.0
2021-08-20 00:00:00+05:30,33.356317305708494,33.681064452065506,32.75321141735583,33.03156661987305,38801065,0.0,0.0
2021-08-23 00:00:00+05:30,33.124350842850426,34.098595727159356,32.892387606611244,33.54188537597656,54815488,0.0,0.0
2021-08-24 00:00:00+05:30,33.4954918891261,34.05220581289481,33.3099241206815,33.727455139160156,55044654,0.0,0.0
2021-08-25 00:00:00+05:30,33.82024002075195,34.2377745473248,33.63466872677757,33.82024002075195,45499400,0.0,0.0
2021-08-26 00:00:00+05:30,33.77384642293305,34.005809644135944,33.12434869566936,33.217132568359375,35509249,0.0,0.0
2021-08-27 00:00:00+05:30,33.21713472155486,33.634669254681,33.124350842850426,33.54188537597656,31396562,0.0,0.0
2021-08-30 00:00:00+05:30,33.54188808409393,34.23777784899647,33.54188808409393,34.09859848022461,31585995,0.0,0.0
2021-08-31 00:00:00+05:30,34.00580978393555,34.60891203785575,33.72745108576544,34.00580978393555,56641931,0.0,0.0
2021-09-01 00:00:00+05:30,33.95941428899641,34.748091367575746,33.91302235248654,34.655303955078125,41504907,0.0,0.0
2021-09-02 00:00:00+05:30,34.56252135899377,35.07283975841217,34.516129420769914,34.74809265136719,35910903,0.0,0.0
2021-09-03 00:00:00+05:30,34.79448355664936,35.76872838833996,34.79448355664936,35.30480194091797,53604232,0.0,0.0
2021-09-06 00:00:00+05:30,35.62955412362168,35.72233800134043,35.02644830001562,35.119232177734375,30264921,0.0,0.0
2021-09-07 00:00:00+05:30,35.026445387715,35.2120166672011,34.46973508873448,34.701698303222656,30962650,0.0,0.0
2021-09-08 00:00:00+05:30,34.655307502737514,35.58316048583065,34.562523620219494,34.93366622924805,47139154,0.0,0.0
2021-09-09 00:00:00+05:30,34.933664951561575,35.16562818885088,34.7480936538345,34.840877532958984,20050778,0.0,0.0
2021-09-13 00:00:00+05:30,35.07284319164224,35.07284319164224,34.6553086277997,34.887271881103516,21274965,0.0,0.0
2021-09-14 00:00:00+05:30,35.026445893917305,35.58315620094341,34.93366202257222,35.072837829589844,31674866,0.0,0.0
2021-09-15 00:00:00+05:30,35.21201831358485,36.13987121492053,35.02644702542212,35.95429992675781,57565856,0.0,0.0
2021-09-16 00:00:00+05:30,36.00069334799372,38.92343152347699,35.7223381740139,38.78425216674805,190657378,0.0,0.0
2021-09-17 00:00:00+05:30,39.619319304117695,39.66571124094837,36.51100998377184,36.88215255737305,135078081,0.0,0.0
2021-09-20 00:00:00+05:30,36.650187891369434,36.650187891369434,35.2584086043554,35.351192474365234,49454941,0.0,0.0
2021-09-21 00:00:00+05:30,35.443979883852826,35.67594309835516,34.65530283085822,35.351192474365234,45279748,0.0,0.0
2021-09-22 00:00:00+05:30,35.397586822509766,35.76872583021734,35.2584074824459,35.397586822509766,27417221,0.0,0.0
2021-09-23 00:00:00+05:30,35.72233963012695,36.1862661188299,35.62955574817765,35.72233963012695,31335371,0.0,0.0
2021-09-24 00:00:00+05:30,36.186263305895025,36.186263305895025,35.026447174295825,35.165626525878906,33176080,0.0,0.0
2021-09-27 00:00:00+05:30,35.39759263580016,35.86151912623278,35.3048052140267,35.583160400390625,33799535,0.0,0.0
2021-09-28 00:00:00+05:30,35.629553577170334,36.83576166640476,35.58315809954447,36.325443267822266,87295894,0.0,0.0
2021-09-29 00:00:00+05:30,36.00068688043664,38.04196368870147,35.72233175646358,36.789363861083984,103695312,0.0,0.0
2021-09-30 00:00:00+05:30,36.928546375649304,38.273933849151454,36.742975079394164,37.20690155029297,83665464,0.0,0.0
2021-10-01 00:00:00+05:30,37.06772745642234,38.227543687602775,36.51101354176878,37.67082977294922,97922965,0.0,0.0
2021-10-04 00:00:00+05:30,37.949186425645394,38.50589677038993,37.81000706972023,38.1347541809082,62912144,0.0,0.0
2021-10-05 00:00:00+05:30,38.08836364746094,38.73786143327983,37.81000846481804,38.08836364746094,62599441,0.0,0.0
2021-10-06 00:00:00+05:30,38.32032371153907,38.691466283934915,36.83576050091145,37.021331787109375,76749025,0.0,0.0
2021-10-07 00:00:00+05:30,37.53165016954525,37.624434042905264,36.97493631095148,37.021331787109375,35042174,0.0,0.0
2021-10-08 00:00:00+05:30,37.20690382059544,37.57804643575221,36.65019343733858,37.39247512817383,63181834,0.0,0.0
2021-10-11 00:00:00+05:30,37.57804248035478,37.94918505644575,37.392471192309294,37.53165054321289,42779749,0.0,0.0
2021-10-12 00:00:00+05:30,37.57803996693004,38.36671346402515,37.16050548162417,38.273929595947266,67999277,0.0,0.0
2021-10-13 00:00:00+05:30,38.50589892994292,39.06260930590984,38.32032762479454,38.45950698852539,82798525,0.0,0.0
2021-10-14 00:00:00+05:30,38.78425100224084,39.6193200385852,38.69146712685945,39.480140686035156,128521477,0.0,0.0
2021-10-18 00:00:00+05:30,39.851281878118634,44.72250949496779,39.6657105943431,42.68123245239258,405179433,0.0,0.0
2021-10-19 00:00:00+05:30,43.516305915198465,44.07301628404779,40.73274699199545,40.9647102355957,150882735,0.0,0.0
2021-10-20 00:00:00+05:30,40.73274460983114,41.28945494612249,39.57292845965916,39.99045944213867,115424264,0.0,0.0
2021-10-21 00:00:00+05:30,40.7327449476796,41.66059787551305,40.31521042225894,41.42863464355469,122750629,0.0,0.0
2021-10-22 00:00:00+05:30,41.93895673420154,42.913201686209,40.500785277478315,40.77914047241211,102347062,0.0,0.0
2021-10-25 00:00:00+05:30,41.057492923269535,42.3564884654467,40.0368560969004,41.66059875488281,153458794,0.0,0.0
2021-10-26 00:00:00+05:30,42.07812678166991,44.16579576610844,41.93895097306072,42.54205322265625,214146592,0.0,0.0
2021-10-27 00:00:00+05:30,42.86681083903971,43.70187644518013,42.44927626623028,42.9595947265625,111681059,0.0,0.0
2021-10-28 00:00:00+05:30,41.75338299543509,41.75338299543509,38.04197117361864,38.36671829223633,321343621,0.0,0.0
2021-10-29 00:00:00+05:30,38.505896471105885,39.990459738538036,37.67082742100153,39.06260681152344,146781564,0.0,0.0
2021-11-01 00:00:00+05:30,39.48014133657561,39.57292875296388,38.78425164131466,39.06260681152344,42645900,0.0,0.0
2021-11-02 00:00:00+05:30,39.29457004327708,39.38735745966536,38.78425164131466,39.06260681152344,52725424,0.0,0.0
2021-11-03 00:00:00+05:30,39.1553954280592,39.57292996590918,38.18115053272801,38.36671829223633,64044920,0.0,0.0
2021-11-04 00:00:00+05:30,38.69146576463259,39.016212856511906,38.55228641698268,38.877037048339844,13072027,0.0,0.0
2021-11-08 00:00:00+05:30,39.201785917037896,39.52653302363636,38.87703881043943,39.340965270996094,55791255,0.0,0.0
2021-11-09 00:00:00+05:30,39.526530985392654,40.12963676880748,39.43374711385706,39.80488967895508,55276093,0.0,0.0
2021-11-10 00:00:00+05:30,39.71210444159358,39.80489185768574,39.016214748553466,39.201786041259766,41151809,0.0,0.0
2021-11-11 00:00:00+05:30,39.34096849490714,39.38736043686893,38.64507874704542,38.83064651489258,35549697,0.0,0.0
2021-11-12 00:00:00+05:30,39.15539232334631,39.20178425954488,38.5522865343314,38.737857818603516,28798008,0.0,0.0
2021-11-15 00:00:00+05:30,39.01621695085217,39.06260889177786,38.459506580787355,38.59868240356445,29300908,0.0,0.0
2021-11-16 00:00:00+05:30,38.8306438815779,38.8306438815779,37.995578364461096,38.1347541809082,37098708,0.0,0.0
2021-11-17 00:00:00+05:30,37.94918352220587,38.41310995382463,37.57804096111975,37.717220306396484,37455760,0.0,0.0
2021-11-18 00:00:00+05:30,37.902787819307626,39.15539130082496,37.85639588432056,38.64507293701172,123654620,0.0,0.0
2021-11-22 00:00:00+05:30,38.64507434725491,38.784250157294935,36.51100986519561,37.021331787109375,66795201,0.0,0.0
2021-11-23 00:00:00+05:30,36.742971968414864,37.90278804746177,36.6037961626159,37.717220306396484,54899992,0.0,0.0
2021-11-24 00:00:00+05:30,37.81000570554216,38.18114828163313,37.29968731802552,37.53165054321289,40887058,0.0,0.0
2021-11-25 00:00:00+05:30,37.53165261119081,37.62443649058694,36.974938716379654,37.067726135253906,44234204,0.0,0.0
2021-11-26 00:00:00+05:30,36.88215585188432,36.88215585188432,35.49037638577548,35.72233963012695,55545650,0.0,0.0
2021-11-29 00:00:00+05:30,35.4439858127197,35.67594906602353,34.423345374495874,34.887271881103516,47437170,0.0,0.0
2021-11-30 00:00:00+05:30,35.02644408538336,35.722333702973756,34.37694640107013,34.608909606933594,52315588,0.0,0.0
2021-12-01 00:00:00+05:30,34.70170290015123,35.76873170445932,34.46973965493492,35.583160400390625,40315749,0.0,0.0
2021-12-02 00:00:00+05:30,35.536768326750135,35.815123512076255,35.21202120044936,35.72233963012695,32390148,0.0,0.0
2021-12-03 00:00:00+05:30,35.768731571101604,36.27905000077921,35.583160267724786,35.72233963012695,29288326,0.0,0.0
2021-12-06 00:00:00+05:30,35.72233787335848,36.09348046185991,35.11923205191316,35.2584114074707,40915598,0.0,0.0
2021-12-07 00:00:00+05:30,35.536768326750135,36.04708675642773,35.443984444800826,35.72233963012695,31500355,0.0,0.0
2021-12-08 00:00:00+05:30,35.95430266361853,36.603800451889214,35.76873136133002,36.51101303100586,41296620,0.0,0.0
2021-12-09 00:00:00+05:30,36.65019226074219,37.02133486398401,36.32544513751422,36.65019226074219,35479922,0.0,0.0
2021-12-10 00:00:00+05:30,36.650189077927294,38.08836034650734,36.41822585591509,37.81000518798828,52245056,0.0,0.0
2021-12-13 00:00:00+05:30,38.273933718663564,38.41311307524993,37.25329690195709,37.3460807800293,46056603,0.0,0.0
2021-12-14 00:00:00+05:30,37.206900421173124,37.531651064633905,36.696582026566716,37.2532958984375,40950927,0.0,0.0
2021-12-15 00:00:00+05:30,37.160507717835,37.5316502914362,36.78936868371169,36.88215255737305,30984077,0.0,0.0
2021-12-16 00:00:00+05:30,36.92854643275653,37.29968902584075,36.279048664598186,36.55740737915039,34881495,0.0,0.0
2021-12-17 00:00:00+05:30,36.41822757219013,36.557406927747685,35.165627530084365,35.2584114074707,47068060,0.0,0.0
2021-12-20 00:00:00+05:30,34.794488245127155,34.93366761389901,33.35631677222424,34.09859848022461,55096010,0.0,0.0
2021-12-21 00:00:00+05:30,34.237772492870626,34.88726667359069,33.959413798873086,34.28416442871094,60527831,0.0,0.0
2021-12-22 00:00:00+05:30,34.56252135899377,35.25841105078559,34.3305581283965,34.74809265136719,37841483,0.0,0.0
2021-12-23 00:00:00+05:30,35.02644817452682,35.49037464041459,34.88726881896927,35.2584114074707,35679028,0.0,0.0
2021-12-24 00:00:00+05:30,35.258411847777325,35.39759120507294,33.63466919689284,34.19137954711914,57414841,0.0,0.0
2021-12-27 00:00:00+05:30,34.14498834673943,34.655306768736445,33.634669924742425,34.562522888183594,42555204,0.0,0.0
2021-12-28 00:00:00+05:30,34.65530154021076,34.88726474607423,34.42333833434729,34.608909606933594,34060388,0.0,0.0
2021-12-29 00:00:00+05:30,34.70170124071562,34.79448511857393,34.330558650326275,34.4697380065918,32102072,0.0,0.0
2021-12-30 00:00:00+05:30,34.330558650326275,34.70170124071562,33.91302412100778,34.4697380065918,69851127,0.0,0.0
2021-12-31 00:00:00+05:30,34.56251767365642,34.88726474607423,34.37694640107013,34.608909606933594,31412356,0.0,0.0
2022-01-03 00:00:00+05:30,34.608913647332216,35.397590763028255,34.562521708639046,35.2584114074707,36560565,0.0,0.0
2022-01-04 00:00:00+05:30,35.35119715517432,35.86151912623278,35.16562939058385,35.583160400390625,40922358,0.0,0.0
2022-01-05 00:00:00+05:30,35.351194125098445,36.232655089262934,35.304802187927244,35.95429992675781,46559579,0.0,0.0
2022-01-06 00:00:00+05:30,35.44398015690185,36.27904561185669,35.44398015690185,36.00069046020508,43889477,0.0,0.0
2022-01-07 00:00:00+05:30,36.00068793809491,36.69657753821071,35.861512141758276,36.093475341796875,45764582,0.0,0.0
2022-01-10 00:00:00+05:30,36.13987363640149,37.810008262814215,36.09348169612189,37.438865661621094,77487214,0.0,0.0
2022-01-11 00:00:00+05:30,37.53165261119081,37.670828430285006,36.882154836983524,37.067726135253906,40117267,0.0,0.0
2022-01-12 00:00:00+05:30,37.16050860664145,37.53165118911966,36.97493731540235,37.11411666870117,27289110,0.0,0.0
2022-01-13 00:00:00+05:30,37.06772700318224,37.71722479259729,36.88215570056677,37.29969024658203,38374630,0.0,0.0
2022-01-14 00:00:00+05:30,37.06772460781391,37.438863649583126,36.92854525497671,37.2532958984375,28246979,0.0,0.0
2022-01-17 00:00:00+05:30,37.160508730824084,37.57804325263788,36.88215356277422,36.974937438964844,28509122,0.0,0.0
2022-01-18 00:00:00+05:30,37.114117990249596,37.29968928809647,36.18626504049335,36.279048919677734,44095230,0.0,0.0
2022-01-19 00:00:00+05:30,36.047084398684824,37.253296021999994,35.95430052280426,37.11411666870117,44886428,0.0,0.0
2022-01-20 00:00:00+05:30,37.021332792820616,37.53165118911966,36.882153439521794,37.11411666870117,38841491,0.0,0.0
2022-01-21 00:00:00+05:30,36.696580109073004,36.882151390000004,35.67594337319116,36.00069046020508,48283808,0.0,0.0
2022-01-24 00:00:00+05:30,36.00069304499553,36.23265627793942,34.608913647332216,35.2584114074707,51367085,0.0,0.0
2022-01-25 00:00:00+05:30,35.16562796430169,36.69658319694841,34.88726924974949,36.55740737915039,54401085,0.0,0.0
2022-01-27 00:00:00+05:30,36.18626336372298,38.45950369318578,36.00069207447497,38.181148529052734,120678533,0.0,0.0
2022-01-28 00:00:00+05:30,39.06260621050331,39.340964915907264,37.76361425635607,37.90279006958008,116265760,0.0,0.0
2022-01-31 00:00:00+05:30,38.134757307586,38.830647065311865,37.90279405501071,38.55229187011719,65358800,0.0,0.0
2022-02-01 00:00:00+05:30,38.784250392663076,38.96982167998717,37.39247104694925,38.3203239440918,83578352,0.0,0.0
2022-02-02 00:00:00+05:30,38.32032171780989,39.89767225920904,38.227537849277226,39.712100982666016,111715210,0.0,0.0
2022-02-03 00:00:00+05:30,39.80489375625499,40.22242476041157,39.294571792102396,39.52653503417969,85013403,0.0,0.0
2022-02-04 00:00:00+05:30,39.43375047430935,39.80489307103527,38.3667181633309,38.505897521972656,57040478,0.0,0.0
2022-02-07 00:00:00+05:30,38.50589599415629,39.89767536743904,38.320324703156324,38.69146728515625,94193766,0.0,0.0
2022-02-08 00:00:00+05:30,38.87703424979866,39.15538938558339,37.62443082955101,38.969818115234375,82898920,0.0,0.0
2022-02-09 00:00:00+05:30,39.06260889177786,39.155396313107474,38.32032721853205,38.59868240356445,36405347,0.0,0.0
2022-02-10 00:00:00+05:30,38.69146860436586,38.78425248329037,37.7636156572083,37.85639953613281,34712483,0.0,0.0
2022-02-11 00:00:00+05:30,37.67082610192823,37.81000545189816,36.74297320740312,36.88215255737305,38771131,0.0,0.0
2022-02-14 00:00:00+05:30,35.35119662540787,35.6295553470786,34.330559777542476,34.423343658447266,68821970,0.0,0.0
2022-02-15 00:00:00+05:30,34.70170179716162,35.768730567554314,34.14498790265062,35.629554748535156,53556498,0.0,0.0
2022-02-16 00:00:00+05:30,36.00069339879776,36.27904857317039,35.675946285276034,35.76873016357422,58312435,0.0,0.0
2022-02-17 00:00:00+05:30,35.72233645149334,35.95429967520434,35.165626130378115,35.30480194091797,37538172,0.0,0.0
2022-02-18 00:00:00+05:30,35.1192311712021,35.62955310246336,34.88726794407533,35.02644729614258,39630801,0.0,0.0
2022-02-21 00:00:00+05:30,34.84087894094875,35.07284218761216,34.51613181141127,34.79448699951172,34670090,0.0,0.0
2022-02-22 00:00:00+05:30,34.14498596476248,34.655304351159344,33.866630803044,34.51612854003906,37187228,0.0,0.0
2022-02-23 00:00:00+05:30,34.51612814554851,35.258409748140096,34.51612814554851,34.655303955078125,36877066,0.0,0.0
2022-02-24 00:00:00+05:30,33.35631349244818,33.77384801823109,29.45933048427105,29.691293716430664,189980575,0.0,0.0
2022-02-25 00:00:00+05:30,31.361423240522377,34.09858964805789,31.129460045637632,32.4284553527832,189336639,0.0,0.0
2022-02-28 00:00:00+05:30,31.686178937366112,32.614031866255566,31.593391520790348,32.3820686340332,94949907,0.0,0.0
2022-03-02 00:00:00+05:30,31.918141267886664,32.98516998227868,31.82535385393219,32.799598693847656,69515457,0.0,0.0
2022-03-03 00:00:00+05:30,33.3099197160576,33.44909552398761,32.33567136315835,32.56763458251953,52337879,0.0,0.0
2022-03-04 00:00:00+05:30,32.24288953077237,32.845995355052864,32.010926296738035,32.10371017456055,56689130,0.0,0.0
2022-03-07 00:00:00+05:30,31.500603630823576,32.196493238841136,30.943889820722983,31.732566833496094,62092259,0.0,0.0
2022-03-08 00:00:00+05:30,31.73257087591498,32.614031866255566,31.500607643692614,32.3820686340332,64860676,0.0,0.0
2022-03-09 00:00:00+05:30,32.79960336119563,33.17074599087087,32.335676843840794,33.03156661987305,69650320,0.0,0.0
2022-03-10 00:00:00+05:30,33.68105889083224,34.14498533158607,33.12434857771879,33.3563117980957,70426564,0.0,0.0
2022-03-11 00:00:00+05:30,33.21713571199256,33.82024155998851,33.031564409572404,33.63467025756836,42340369,0.0,0.0
2022-03-14 00:00:00+05:30,33.681058760022566,34.23777261045172,33.21713232107053,34.14498519897461,54669854,0.0,0.0
2022-03-15 00:00:00+05:30,34.237775215687485,34.51613039234387,33.30992226718081,33.402706146240234,50789501,0.0,0.0
2022-03-16 00:00:00+05:30,33.21713384890354,33.72745224732748,33.07795803450319,33.30992126464844,48492102,0.0,0.0
2022-03-17 00:00:00+05:30,33.68106132289662,33.77384874143415,33.30992226718081,33.402706146240234,39001545,0.0,0.0
2022-03-21 00:00:00+05:30,33.49548670570134,33.5882741150431,32.98516834249382,33.12434768676758,28291811,0.0,0.0
2022-03-22 00:00:00+05:30,33.124354047031076,33.263529878550465,32.428464270998816,33.03156661987305,46470194,0.0,0.0
2022-03-23 00:00:00+05:30,33.26352349156358,33.820237329180856,33.031560277425825,33.12434768676758,46357008,0.0,0.0
2022-03-24 00:00:00+05:30,33.17074357303976,33.40270681480927,32.93878033127025,32.985172271728516,27969611,0.0,0.0
2022-03-25 00:00:00+05:30,33.031564620818166,33.26352786545728,32.706817494114695,32.84599685668945,29182192,0.0,0.0
2022-03-28 00:00:00+05:30,32.845997717300705,33.26352873700843,32.28928379189322,33.07796096801758,49502255,0.0,0.0
2022-03-29 00:00:00+05:30,33.40270006340365,33.40270006340365,32.335667951142824,32.4284553527832,47346926,0.0,0.0
2022-03-30 00:00:00+05:30,32.84599084107994,32.93877470615131,32.42845636930363,32.521240234375,46240651,0.0,0.0
2022-03-31 00:00:00+05:30,32.61402763892394,32.753203436530995,32.42845636930363,32.521240234375,33939694,0.0,0.0
2022-04-01 00:00:00+05:30,32.56763888898989,33.82024256286076,32.47485500476758,33.727455139160156,53967690,0.0,0.0
2022-04-04 00:00:00+05:30,33.82023560846631,34.42333781085305,33.634664338702095,34.237770080566406,56228869,0.0,0.0
2022-04-05 00:00:00+05:30,34.330556364551256,34.79448280191006,34.05220121003154,34.28416442871094,40801381,0.0,0.0
2022-04-06 00:00:00+05:30,34.14499017842696,35.16563061665079,34.05220629289677,34.887271881103516,44241731,0.0,0.0
2022-04-07 00:00:00+05:30,34.98005588196446,35.722337511980136,34.60891329721762,34.74809265136719,61740174,0.0,0.0
2022-04-08 00:00:00+05:30,34.88726794407533,35.212018585739585,34.7944840690158,35.02644729614258,28343556,0.0,0.0
2022-04-11 00:00:00+05:30,34.933663943740605,35.25841105078559,34.70170071314333,34.74809265136719,28770137,0.0,0.0
2022-04-12 00:00:00+05:30,34.65530887635529,34.7017043589315,33.63467197028958,34.09859848022461,39061333,0.0,0.0
2022-04-13 00:00:00+05:30,34.191377530078455,34.46973622824857,33.959414307921946,34.00580978393555,22607254,0.0,0.0
2022-04-18 00:00:00+05:30,33.77384719854333,33.77384719854333,33.124349456364044,33.58827590942383,29188725,0.0,0.0
2022-04-19 00:00:00+05:30,33.77384539424886,33.95941313397686,32.660421258492065,33.12434768676758,31729898,0.0,0.0
2022-04-20 00:00:00+05:30,33.26352349156358,33.44909477076934,32.89238447262982,33.12434768676758,24765890,0.0,0.0
2022-04-21 00:00:00+05:30,33.40270373427552,33.541883082292806,33.21713245007842,33.3563117980957,19283074,0.0,0.0
2022-04-22 00:00:00+05:30,33.26352786545728,33.49549111009639,32.799601376179055,32.84599685668945,29066596,0.0,0.0
2022-04-25 00:00:00+05:30,32.56763638822867,32.7068157433533,32.28928121745744,32.3820686340332,38812926,0.0,0.0
2022-04-26 00:00:00+05:30,32.79960336119563,33.124354047031076,32.660427529676234,33.03156661987305,22211380,0.0,0.0
2022-04-27 00:00:00+05:30,32.706817494114695,33.031564620818166,32.52124619050777,32.84599685668945,23588728,0.0,0.0
2022-04-28 00:00:00+05:30,32.93877804504041,32.98516998227868,32.52124353094008,32.799598693847656,26935411,0.0,0.0
2022-04-29 00:00:00+05:30,33.031561021241906,33.217132304626425,32.474850710566194,32.56763458251953,25617648,0.0,0.0
2022-05-02 00:00:00+05:30,32.38206443676795,32.66041957145963,32.15010123461195,32.521240234375,20822885,0.0,0.0
2022-05-04 00:00:00+05:30,32.70681509856134,32.89238638857643,31.732570250329573,31.871746063232422,35664306,0.0,0.0
2022-05-05 00:00:00+05:30,32.15010374991808,32.521242778717685,31.686177309310185,31.778961181640625,26554780,0.0,0.0
2022-05-06 00:00:00+05:30,31.500609076068372,31.68618037818005,30.990290649869902,31.407821655273438,36331439,0.0,0.0
2022-05-09 00:00:00+05:30,31.31503589117705,31.40781976691527,30.71193008044467,31.083072662353516,32033408,0.0,0.0
2022-05-10 00:00:00+05:30,31.083070361691732,31.454212916129883,30.66553587281824,30.897499084472656,29295243,0.0,0.0
2022-05-11 00:00:00+05:30,30.99028802057905,31.175855767468523,30.06243512822013,30.711929321289062,36363537,0.0,0.0
2022-05-12 00:00:00+05:30,28.763441088970676,29.088189971342345,26.397416804063862,26.53659439086914,203441446,0.0,0.0
2022-05-13 00:00:00+05:30,27.325269826332075,27.83558823609826,26.861343355730437,27.18609046936035,63258378,0.0,0.0
2022-05-16 00:00:00+05:30,27.650013976430184,27.650013976430184,27.093303687167726,27.41805076599121,34445098,0.0,0.0
2022-05-17 00:00:00+05:30,27.51083718478668,27.928371683320705,27.27887396776531,27.789194107055664,32624448,0.0,0.0
2022-05-18 00:00:00+05:30,27.97476464722038,28.02115835417349,27.464446258908918,27.557231903076172,31734195,0.0,0.0
2022-05-19 00:00:00+05:30,27.186089462661872,27.232483169847505,26.67577107179273,27.093305587768555,30284209,0.0,0.0
2022-05-20 00:00:00+05:30,27.60362282554301,27.881977978073092,27.41805154403035,27.789194107055664,24793799,0.0,0.0
2022-05-23 00:00:00+05:30,27.92837506916229,28.62426480459122,27.74280376515226,28.392301559448242,42055819,0.0,0.0
2022-05-24 00:00:00+05:30,28.299514394061763,28.717048920886153,27.974765514280463,28.113943099975586,56809933,0.0,0.0
2022-05-25 00:00:00+05:30,28.16033696130702,28.577869720660033,27.603624845763974,27.65001678466797,40570359,0.0,0.0
2022-05-26 00:00:00+05:30,27.835589322176848,28.253123869905142,26.81495069308254,28.06755256652832,43717993,0.0,0.0
2022-05-27 00:00:00+05:30,28.485085561418124,28.53147749986376,27.928373451375418,28.253122329711914,30100376,0.0,0.0
2022-05-30 00:00:00+05:30,28.48508550656787,29.505722308318667,28.39229986011625,29.366544723510742,35988041,0.0,0.0
2022-05-31 00:00:00+05:30,29.273757685731173,29.59850654800762,28.99540252934503,29.08818817138672,22186702,0.0,0.0
2022-06-01 00:00:00+05:30,29.088190579539173,29.366545758969778,28.902619280092722,29.13458251953125,19112886,0.0,0.0
2022-06-02 00:00:00+05:30,29.041795958488137,29.830473071517645,28.99540401995182,29.691293716430664,28608162,0.0,0.0
2022-06-03 00:00:00+05:30,29.784076315529134,29.923255664644213,29.227365998024577,29.273757934570312,17378205,0.0,0.0
2022-06-06 00:00:00+05:30,29.22736689830187,29.273758836276595,28.717048501623946,29.18097496032715,17746776,0.0,0.0
2022-06-07 00:00:00+05:30,29.041795227163004,29.273758453481364,28.763440063476562,28.995403289794922,15036787,0.0,0.0
2022-06-08 00:00:00+05:30,29.041795993719933,29.459330520009374,28.85622646961053,28.902618408203125,20451354,0.0,0.0
2022-06-09 00:00:00+05:30,28.902617905192436,29.041795488287047,28.57786903147902,28.856225967407227,15900909,0.0,0.0
2022-06-10 00:00:00+05:30,28.577868652795093,28.763439940954903,28.438691071544717,28.670654296875,16223346,0.0,0.0
2022-06-13 00:00:00+05:30,28.067550921296903,28.345906090306723,27.742802044292773,27.928373336791992,21124501,0.0,0.0
2022-06-14 00:00:00+05:30,27.835587311245046,28.160336183824032,27.650016021274485,27.742801666259766,20714804,0.0,0.0
2022-06-15 00:00:00+05:30,27.83558604256438,28.021157324077034,27.696408466299335,27.789194107055664,11190067,0.0,0.0
2022-06-16 00:00:00+05:30,27.97476689370404,28.067552545322346,26.81495067282295,26.95412826538086,24073157,0.0,0.0
2022-06-17 00:00:00+05:30,26.90773632444126,27.186091509557077,26.443809836088825,26.95412826538086,25315923,0.0,0.0
2022-06-20 00:00:00+05:30,27.139696757721946,27.232482399730316,26.02627259309932,26.397415161132812,25688389,0.0,0.0
2022-06-21 00:00:00+05:30,26.62937948668983,27.835587573652507,26.49020013303037,27.60362434387207,24011383,0.0,0.0
2022-06-22 00:00:00+05:30,27.831206197331202,28.02085557780251,27.546729413652567,27.78379249572754,24515377,0.64,0.0
2022-06-23 00:00:00+05:30,27.831205214624383,28.068268288328767,27.214841584722524,27.736379623413086,20714754,0.0,0.0
2022-06-24 00:00:00+05:30,27.831205573729257,28.25791802671437,27.736379981294426,28.020854949951172,18924714,0.0,0.0
2022-06-27 00:00:00+05:30,28.25791802671437,28.400157319690486,27.97344305805763,28.020854949951172,15645270,0.0,0.0
2022-06-28 00:00:00+05:30,27.926031467482787,28.305332032666968,27.926031467482787,28.210506439208984,18553627,0.0,0.0
2022-06-29 00:00:00+05:30,27.926031467482787,28.35274392507208,27.78379217297193,28.210506439208984,17307144,0.0,0.0
2022-06-30 00:00:00+05:30,28.16309451397382,28.352743892020953,27.40449157584201,27.499317169189453,21893458,0.0,0.0
2022-07-01 00:00:00+05:30,27.54672874365815,28.06826859672681,27.262253775546327,27.9260311126709,17767070,0.0,0.0
2022-07-04 00:00:00+05:30,27.92603085384544,28.542394484806938,27.92603085384544,28.447568893432617,19169426,0.0,0.0
2022-07-05 00:00:00+05:30,28.494982349303843,28.68463354246522,28.068269877662473,28.163095474243164,15961683,0.0,0.0
2022-07-06 00:00:00+05:30,28.068267367095455,28.494979800569517,28.02085366872212,28.400156021118164,14801245,0.0,0.0
2022-07-07 00:00:00+05:30,28.54239578118875,29.490648120705664,28.447570185507498,29.395822525024414,32993224,0.0,0.0
2022-07-08 00:00:00+05:30,29.490648609486005,29.585474206738905,28.82687123736354,29.063934326171875,20754742,0.0,0.0
2022-07-11 00:00:00+05:30,28.921697316725908,29.53806099617246,28.921697316725908,29.443235397338867,20450726,0.0,0.0
2022-07-12 00:00:00+05:30,29.2061710357666,29.585473414622825,29.06393354801941,29.2061710357666,15414252,0.0,0.0
2022-07-13 00:00:00+05:30,29.2061710357666,29.44323411822785,29.06393354801941,29.2061710357666,14450589,0.0,0.0
2022-07-14 00:00:00+05:30,29.111344817626865,29.348407880282956,28.542393105522724,28.826868057250977,16034640,0.0,0.0
2022-07-15 00:00:00+05:30,28.82687172618019,28.96910922014754,28.49498303449113,28.732046127319336,12066316,0.0,0.0
2022-07-18 00:00:00+05:30,28.92169588661868,29.86994821077011,28.77945839972552,29.727710723876953,21452288,0.0,0.0
2022-07-19 00:00:00+05:30,29.538058917699498,30.107010662018368,29.490647025942817,29.964773178100586,25007755,0.0,0.0
2022-07-20 00:00:00+05:30,30.201835944873757,30.29666153606372,29.680296097652807,29.775121688842773,20054939,0.0,0.0
2022-07-21 00:00:00+05:30,29.727711367334653,30.391486923419443,29.680297664912146,30.20183753967285,21957903,0.0,0.0
2022-07-22 00:00:00+05:30,30.249248352819404,30.581137023329273,30.059598975847873,30.154422760009766,20272480,0.0,0.0
2022-07-25 00:00:00+05:30,29.964773178100586,30.154422553775053,29.7277101020217,29.964773178100586,21587323,0.0,0.0
2022-07-26 00:00:00+05:30,29.869947585939485,30.154422553775053,29.822535694182804,29.964773178100586,19540357,0.0,0.0
2022-07-27 00:00:00+05:30,29.869947177451273,30.4388971053417,29.869947177451273,30.3914852142334,22430650,0.0,0.0
2022-07-28 00:00:00+05:30,30.43889988760645,31.71904276831438,30.43889988760645,30.96044158935547,52325898,0.0,0.0
2022-07-29 00:00:00+05:30,30.533725561135224,30.91302432041847,29.680297022480715,29.727710723876953,49931761,0.0,0.0
2022-08-01 00:00:00+05:30,29.917358186999486,32.0035138899517,29.727708819506887,31.671627044677734,70456056,0.0,0.0
2022-08-02 00:00:00+05:30,31.529388784009505,32.80952793433683,31.244913819191815,32.43022918701172,64390245,0.0,0.0
2022-08-03 00:00:00+05:30,32.33540147935855,32.572464550665565,31.529388483832864,32.240577697753906,32209696,0.0,0.0
2022-08-04 00:00:00+05:30,32.33540073522566,32.43022813194345,31.292324692397216,31.671627044677734,36881278,0.0,0.0
2022-08-05 00:00:00+05:30,31.67162808048699,32.1457542276961,31.576800680667905,31.81386375427246,30539905,0.0,0.0
2022-08-08 00:00:00+05:30,31.719039663913424,32.003514626018955,31.52938848341127,31.62421226501465,19970390,0.0,0.0
2022-08-10 00:00:00+05:30,31.671628341319966,31.766452124624543,31.10267478960613,31.292325973510742,22044563,0.0,0.0
2022-08-11 00:00:00+05:30,31.481975868537475,32.0035138899517,31.43456397882624,31.671627044677734,21927939,0.0,0.0
2022-08-12 00:00:00+05:30,31.624211282028163,31.813862456635324,31.529387503372227,31.576799392700195,14138000,0.0,0.0
2022-08-16 00:00:00+05:30,31.67162808048699,31.86127564553429,31.52938878940608,31.81386375427246,17673451,0.0,0.0
2022-08-17 00:00:00+05:30,31.81386500318644,32.76211733483012,31.671629323817232,32.667293548583984,40936919,0.0,0.0
2022-08-18 00:00:00+05:30,32.52505198414926,32.90435433727857,32.28798891776727,32.382816314697266,26013767,0.0,0.0
2022-08-19 00:00:00+05:30,32.38281698702327,32.47764076862664,31.48197659260958,31.62421226501465,28981855,0.0,0.0
2022-08-22 00:00:00+05:30,31.339737132087766,31.481976421012938,30.675959812595927,30.72337532043457,24893422,0.0,0.0
2022-08-23 00:00:00+05:30,30.48631206208397,31.387148828726925,30.48631206208397,31.339736938476562,25441848,0.0,0.0
2022-08-24 00:00:00+05:30,31.33973760706335,31.86127564553429,31.2449138245397,31.81386375427246,20360378,0.0,0.0
2022-08-25 00:00:00+05:30,31.861277849956725,34.23190875002183,31.81386595541456,33.42589569091797,111083657,0.0,0.0
2022-08-26 00:00:00+05:30,33.66295654418782,34.611208841207194,33.61554465279594,33.85260772705078,62782884,0.0,0.0
2022-08-29 00:00:00+05:30,33.046593299989276,33.56813499184015,32.66729452635627,33.42589569091797,33867475,0.0,0.0
2022-08-30 00:00:00+05:30,33.805194968593604,34.42155677546994,33.710367570946616,33.994842529296875,33807116,0.0,0.0
2022-09-01 00:00:00+05:30,33.61554659546112,34.61121084141248,33.520719189901776,33.94743347167969,38437795,0.0,0.0
2022-09-02 00:00:00+05:30,34.23190875002183,34.27932426185968,33.283656389995784,33.42589569091797,24622506,0.0,0.0
2022-09-05 00:00:00+05:30,33.42589346993297,34.08967080130563,33.42589346993297,33.85260772705078,33308634,0.0,0.0
2022-09-06 00:00:00+05:30,33.900019709268804,35.559461233498745,33.80519592623099,35.274986267089844,92981035,0.0,0.0
2022-09-07 00:00:00+05:30,34.99051170733826,35.986175909988674,34.89568430590291,35.6542854309082,48254482,0.0,0.0
2022-09-08 00:00:00+05:30,35.98617594668604,36.507713994578054,35.79652476091745,36.365474700927734,51627315,0.0,0.0
2022-09-09 00:00:00+05:30,36.507712095211716,37.55078813672821,36.507712095211716,36.98183822631836,65772741,0.0,0.0
2022-09-12 00:00:00+05:30,37.36114385461447,38.21456879507279,37.02925336335654,38.02491760253906,61436082,0.0,0.0
2022-09-13 00:00:00+05:30,38.16715719205482,38.68869526252439,37.40855603343584,37.503379821777344,67593580,0.0,0.0
2022-09-14 00:00:00+05:30,36.79219027701329,38.30939619998747,36.69736648939424,38.02491760253906,65760110,0.0,0.0
2022-09-15 00:00:00+05:30,38.26198030477751,38.593870792703655,37.787854136850676,38.356807708740234,50606061,0.0,0.0
2022-09-16 00:00:00+05:30,38.30939091258145,38.499038461644666,36.88701259083652,37.598201751708984,59732960,0.0,0.0
2022-09-19 00:00:00+05:30,37.787853171197575,39.210231638629786,37.598205602709676,38.30939483642578,83681824,0.0,0.0
2022-09-20 00:00:00+05:30,38.68869105032725,39.49470763265829,38.07232925862203,38.54645538330078,85095486,0.0,0.0
2022-09-21 00:00:00+05:30,38.59387237215509,38.97317115164198,37.64561999749426,38.07233428955078,46208645,0.0,0.0
2022-09-22 00:00:00+05:30,37.930094401041664,39.067997956532054,37.78785510011949,38.40422058105469,76924094,0.0,0.0
2022-09-23 00:00:00+05:30,38.35680661307146,38.49904228900917,36.033587733133984,36.17582702636719,69527571,0.0,0.0
2022-09-26 00:00:00+05:30,35.89134636933724,35.89134636933724,33.94742997196873,34.137081146240234,65861997,0.0,0.0
2022-09-27 00:00:00+05:30,34.42155897837085,35.13274822840866,34.231907788234984,34.80086135864258,41297271,0.0,0.0
2022-09-28 00:00:00+05:30,34.42155933345156,34.42155933345156,32.76211773291179,33.046592712402344,85338288,0.0,0.0
2022-09-29 00:00:00+05:30,33.42589243144421,33.90001856522356,32.47764016388551,33.0940055847168,116839087,0.0,0.0
2022-09-30 00:00:00+05:30,33.75778228385157,34.8956858296962,33.18883231957708,34.65862274169922,90405745,0.0,0.0
2022-10-03 00:00:00+05:30,34.706035233358975,34.8482745355243,33.52071977296699,33.61554718017578,47921973,0.0,0.0
2022-10-04 00:00:00+05:30,34.46896959686146,34.753448180192564,34.27932203103466,34.56379699707031,38320151,0.0,0.0
2022-10-06 00:00:00+05:30,34.94309605382549,35.085335346743996,34.56379730153528,34.753448486328125,27448412,0.0,0.0
2022-10-07 00:00:00+05:30,34.61120919340962,34.990511562995316,34.23190682382393,34.753448486328125,28687877,0.0,0.0
2022-10-10 00:00:00+05:30,34.27932397128144,35.08533702355291,34.23190845984553,34.65862274169922,32747438,0.0,0.0
2022-10-11 00:00:00+05:30,34.848271915462036,34.89568380685392,33.75778032697158,33.85260772705078,35436582,0.0,0.0
2022-10-12 00:00:00+05:30,33.994844114061415,34.56379767458064,33.75778103483561,34.42155838012695,36192793,0.0,0.0
2022-10-13 00:00:00+05:30,34.51638536908562,34.56379726090423,33.615544955350174,34.042259216308594,30733961,0.0,0.0
2022-10-14 00:00:00+05:30,34.75344724129137,34.895682911818824,33.900018748945236,33.994842529296875,26022043,0.0,0.0
2022-10-17 00:00:00+05:30,33.99484499549936,35.322399720503654,33.6629581228961,34.99051284790039,42448068,0.0,0.0
2022-10-18 00:00:00+05:30,35.274985518674136,37.07666267923531,35.132746229839796,36.839599609375,93855098,0.0,0.0
2022-10-19 00:00:00+05:30,36.98184145865498,38.02491759133982,36.64995458479043,37.31372833251953,104078804,0.0,0.0
2022-10-20 00:00:00+05:30,37.076665830099955,38.641283671061196,36.60253965008693,38.40422058105469,121051376,0.0,0.0
2022-10-21 00:00:00+05:30,38.40421805352521,39.636945316969395,38.3093942706816,38.64128112792969,113842537,0.0,0.0
2022-10-24 00:00:00+05:30,39.2102304903968,39.44729356136001,38.78351985649934,38.973167419433594,17217018,0.0,0.0
2022-10-25 00:00:00+05:30,39.06799767698722,41.723103542602814,38.404220306259404,41.059326171875,169573666,0.0,0.0
2022-10-27 00:00:00+05:30,41.24897508843,41.343798871600164,40.34813467913163,40.77484893798828,96348564,0.0,0.0
2022-10-28 00:00:00+05:30,41.0593258753549,42.4817043949443,40.490375914437394,40.86967468261719,118353597,0.0,0.0
2022-10-31 00:00:00+05:30,41.34379945111427,41.48603874515873,39.58953411680862,40.442962646484375,82205500,0.0,0.0
2022-11-01 00:00:00+05:30,40.96450204357274,41.343800811344565,37.835270027300965,38.02491760253906,146126391,0.0,0.0
2022-11-02 00:00:00+05:30,37.88267991801273,37.930091809315286,36.9818395140824,37.218902587890625,64972626,0.0,0.0
2022-11-03 00:00:00+05:30,36.98183936207916,39.447293872632926,36.887015579863785,39.162818908691406,104226875,0.0,0.0
2022-11-04 00:00:00+05:30,39.58953573764519,39.96883812576245,39.21023334952793,39.63694763183594,61162545,0.0,0.0
2022-11-07 00:00:00+05:30,40.68002839317509,41.2963902674379,39.49471292271306,39.68436050415039,109584009,0.0,0.0
2022-11-09 00:00:00+05:30,40.3955481635371,43.61960756058558,39.9214219944003,42.62394332885742,299263769,0.0,0.0
2022-11-10 00:00:00+05:30,42.67135590104234,42.81359520096407,41.296389265216284,41.77051544189453,97489239,0.0,0.0
2022-11-11 00:00:00+05:30,42.718766815623844,42.86100611228375,41.81792637713412,42.43429183959961,76514774,0.0,0.0
2022-11-14 00:00:00+05:30,42.57653011412896,42.62394200611219,41.43862662005398,41.675689697265625,39354002,0.0,0.0
2022-11-15 00:00:00+05:30,41.91275277447726,42.00757655844372,41.34379921879203,41.675689697265625,38499635,0.0,0.0
2022-11-16 00:00:00+05:30,41.67569379733434,42.623946199470296,41.58086638674324,41.8653450012207,60764292,0.0,0.0
2022-11-17 00:00:00+05:30,41.86534031474873,42.434290245422815,41.106735584122696,42.00757598876953,71836182,0.0,0.0
2022-11-18 00:00:00+05:30,42.05498892190686,44.2833840430562,41.865341351847796,43.47736740112305,172405604,0.0,0.0
2022-11-21 00:00:00+05:30,43.42995312992224,45.32645766500439,43.19289006303697,45.13680648803711,172492290,0.0,0.0
2022-11-22 00:00:00+05:30,45.37387048499092,45.89541213666528,44.56785748797757,45.70576095581055,123475904,0.0,0.0
2022-11-23 00:00:00+05:30,46.037649563116716,48.26604469278247,45.80058648234135,47.744503021240234,252150630,0.0,0.0
2022-11-24 00:00:00+05:30,47.934152963609094,48.550518404525185,47.69708988899451,48.2186279296875,104180912,0.0,0.0
2022-11-25 00:00:00+05:30,48.834995976775325,52.77024467230752,48.59793288950943,50.826324462890625,374685764,0.0,0.0
2022-11-28 00:00:00+05:30,51.53751362435015,51.53751362435015,49.97289942181874,50.63667678833008,124868210,0.0,0.0
2022-11-29 00:00:00+05:30,50.684085483125884,51.30044729953598,49.45135823301028,49.78324508666992,110088137,0.0,0.0
2022-11-30 00:00:00+05:30,49.78324339546134,50.16254574444011,48.26604123413682,48.64533996582031,72720109,0.0,0.0
2022-12-01 00:00:00+05:30,49.07205592410666,50.82632121070728,48.64534167087273,50.49443435668945,106625627,0.0,0.0
2022-12-02 00:00:00+05:30,50.54184630068145,51.44268669905486,50.02030826497961,51.205623626708984,96833859,0.0,0.0
2022-12-05 00:00:00+05:30,51.4900992485826,52.485763441709956,51.01597309782716,52.29611587524414,99638073,0.0,0.0
2022-12-06 00:00:00+05:30,52.29611812987219,54.3822703892995,51.774576447719745,52.58059310913086,225788957,0.0,0.0
2022-12-07 00:00:00+05:30,52.91247998205004,53.434018046906864,51.25303838286292,52.58059310913086,111738442,0.0,0.0
2022-12-08 00:00:00+05:30,52.817656233028956,54.95122400495951,52.580593147258895,54.71416091918945,150791474,0.0,0.0
2022-12-09 00:00:00+05:30,55.47275909423828,56.326187604144735,52.153876071506076,53.33919143676758,242993671,0.0,0.0
2022-12-12 00:00:00+05:30,53.81332085754397,55.520174363927644,53.33919468258763,55.09346008300781,128901863,0.0,0.0
2022-12-13 00:00:00+05:30,55.757232381794864,56.989959601139034,55.37793364669413,56.80031204223633,148851940,0.0,0.0
2022-12-14 00:00:00+05:30,57.32185199507635,57.51150317766403,55.18828432987968,56.1839485168457,175015067,0.0,0.0
2022-12-15 00:00:00+05:30,56.18394949700996,58.791643355520975,55.85206263466313,56.231361389160156,229821550,0.0,0.0
2022-12-16 00:00:00+05:30,56.23136289738296,56.8951402571758,53.52884518208535,53.81332015991211,150603662,0.0,0.0
2022-12-19 00:00:00+05:30,54.09779223423535,54.33485530591675,52.72282569502418,53.149539947509766,85831831,0.0,0.0
2022-12-20 00:00:00+05:30,53.05471740956321,53.339192378791,51.490099652867144,52.6754150390625,88046715,0.0,0.0
2022-12-21 00:00:00+05:30,53.102130101053945,54.14520620969214,49.83065886244062,50.39961242675781,154435087,0.0,0.0
2022-12-22 00:00:00+05:30,51.11080237720758,52.34352969102816,49.8780714460914,50.968563079833984,193777944,0.0,0.0
2022-12-23 00:00:00+05:30,50.54184628998991,50.68408558028551,46.74883713325828,47.12813949584961,174132546,0.0,0.0
2022-12-26 00:00:00+05:30,47.1281406542555,51.158212982341716,46.60660260584462,50.73149871826172,169993660,0.0,0.0
2022-12-27 00:00:00+05:30,51.77457386361542,52.67541426738599,50.54184660349038,51.3952751159668,124352547,0.0,0.0
2022-12-28 00:00:00+05:30,51.34786606769358,52.95989216472167,50.63667680701802,52.05905532836914,125697410,0.0,0.0
2022-12-29 00:00:00+05:30,51.63233980486626,53.00730639918011,50.68408748013886,52.533180236816406,130252482,0.0,0.0
2022-12-30 00:00:00+05:30,53.10213245290977,54.33485980425033,52.912481256404526,53.528846740722656,115251538,0.0,0.0
2023-01-02 00:00:00+05:30,53.86072885489507,54.619329956483234,53.43401460484692,54.19261932373047,72924744,0.0,0.0
2023-01-03 00:00:00+05:30,54.477095987208784,55.283109004593236,54.192621017384596,54.808982849121094,78566820,0.0,0.0
2023-01-04 00:00:00+05:30,55.09345673043643,55.33051980348873,52.8176533995116,53.33919143676758,96809213,0.0,0.0
2023-01-05 00:00:00+05:30,53.76590826649025,54.19262254187819,52.58059284446575,53.81332015991211,82173647,0.0,0.0
2023-01-06 00:00:00+05:30,54.0503838302292,54.6193337920502,53.10213148233044,53.4814338684082,88223106,0.0,0.0
2023-01-09 00:00:00+05:30,54.0503826655876,54.76157191118743,53.81331958372098,54.145206451416016,56732510,0.0,0.0
2023-01-10 00:00:00+05:30,53.95556012561786,54.00297201962683,51.82199233955328,52.24870300292969,82014187,0.0,0.0
2023-01-11 00:00:00+05:30,52.438354115342186,53.67108144415144,51.77457674835392,53.4814338684082,75395366,0.0,0.0
2023-01-12 00:00:00+05:30,53.481433959013614,53.57625774704588,52.43835420418047,52.95989227294922,58123134,0.0,0.0
2023-01-13 00:00:00+05:30,53.1021318718028,54.42968661551613,52.81765688880584,53.86073303222656,98864358,0.0,0.0
2023-01-16 00:00:00+05:30,54.00296950667173,56.37360026976272,53.86073021396808,55.8520622253418,166603280,0.0,0.0
2023-01-17 00:00:00+05:30,56.136540437000804,56.37360352700731,53.81332143147786,54.761573791503906,116738590,0.0,0.0
2023-01-18 00:00:00+05:30,54.85639628437542,54.998635581936604,53.52884518208535,53.81332015991211,68557704,0.0,0.0
2023-01-19 00:00:00+05:30,53.76590604680903,54.38226787043842,53.29177989757314,54.24003219604492,59090340,0.0,0.0
2023-01-20 00:00:00+05:30,54.47709397240956,55.09345578135032,53.81331665583882,54.002967834472656,60893155,0.0,0.0
2023-01-23 00:00:00+05:30,54.287447315369825,54.52451040408323,53.671081837796706,53.86073303222656,48030932,0.0,0.0
2023-01-24 00:00:00+05:30,54.05038060368718,54.38226745872148,52.43835098503041,52.62800216674805,51548951,0.0,0.0
2023-01-25 00:00:00+05:30,52.58059176426266,52.67541554915834,50.39961215600223,50.92115020751953,83514024,0.0,0.0
2023-01-27 00:00:00+05:30,50.968564040545424,51.537514006172785,47.46002960638828,48.17121887207031,111244364,0.0,0.0
2023-01-30 00:00:00+05:30,48.45569188332826,50.49443580891632,46.559187252007455,48.076393127441406,148179904,0.0,0.0
2023-01-31 00:00:00+05:30,48.3608688705098,51.205625862892724,47.93415459819324,50.77891159057617,114490184,0.0,0.0
2023-02-01 00:00:00+05:30,51.442687471707345,51.584926764169424,45.8005855416739,47.69709014892578,159606635,0.0,0.0
2023-02-02 00:00:00+05:30,47.41261771213528,49.54618550918137,46.085062969277224,48.17121887207031,121217105,0.0,0.0
2023-02-03 00:00:00+05:30,48.59793441872518,49.59359869311309,46.65401776543533,49.11947250366211,114130816,0.0,0.0
2023-02-06 00:00:00+05:30,49.21429567376738,49.593594422286834,48.455690942137586,48.740169525146484,57728571,0.0,0.0
2023-02-07 00:00:00+05:30,48.88240302960822,49.403941046482565,48.07639005964744,48.64533996582031,54786770,0.0,0.0
2023-02-08 00:00:00+05:30,48.97723270851105,49.30911956636649,48.50310655883445,48.92981719970703,43092026,0.0,0.0
2023-02-09 00:00:00+05:30,48.882408435883306,48.882408435883306,47.744504880392924,48.360870361328125,48710526,0.0,0.0
2023-02-10 00:00:00+05:30,48.171216645062245,49.92548558968687,47.93415356746125,48.597930908203125,56528450,0.0,0.0
2023-02-13 00:00:00+05:30,48.74016784522616,48.929815404301614,47.222962051555335,47.602264404296875,53678758,0.0,0.0
2023-02-14 00:00:00+05:30,47.79192010075063,48.50310936643265,46.938491535013924,48.17121887207031,44481427,0.0,0.0
2023-02-15 00:00:00+05:30,47.839330348517095,48.4082802945629,47.649679160736646,48.26604461669922,26711967,0.0,0.0
2023-02-16 00:00:00+05:30,48.31345817212498,48.59793315493866,47.79192010075063,48.17121887207031,25514798,0.0,0.0
2023-02-17 00:00:00+05:30,47.934152494736914,47.934152494736914,46.93848831455394,47.12813949584961,37386646,0.0,0.0
2023-02-20 00:00:00+05:30,47.17555491129557,47.8867441813151,46.74884062582471,46.93849182128906,52556924,0.0,0.0
2023-02-21 00:00:00+05:30,47.12814143065033,47.412616405624966,46.274712888430855,46.511775970458984,51854291,0.0,0.0
2023-02-22 00:00:00+05:30,46.22730225163707,46.322126040106774,45.0419868092874,45.32646179199219,50161602,0.0,0.0
2023-02-23 00:00:00+05:30,45.516106956363345,46.08505684639981,44.80491778517016,45.753170013427734,59329147,0.0,0.0
2023-02-24 00:00:00+05:30,46.08505775148844,46.60659938110908,44.89974244288745,45.089393615722656,43992957,0.0,0.0
2023-02-27 00:00:00+05:30,45.04198903238813,45.800590229474444,44.75751403564274,45.610939025878906,60479465,0.0,0.0
2023-02-28 00:00:00+05:30,45.753171978077205,46.085058825300564,45.18422206360992,45.84799575805664,45553040,0.0,0.0
2023-03-01 00:00:00+05:30,45.84799827498542,48.31345648004629,45.70576259720792,47.55485534667969,54733648,0.0,0.0
2023-03-02 00:00:00+05:30,47.55485473864538,47.64967852261797,46.84366550696452,47.17555236816406,39689768,0.0,0.0
2023-03-03 00:00:00+05:30,47.55485824885134,49.21429991192976,47.55485824885134,49.11947250366211,75460112,0.0,0.0
2023-03-06 00:00:00+05:30,49.35652915718404,49.73583150616282,48.503104297924736,48.64533996582031,47324177,0.0,0.0
2023-03-08 00:00:00+05:30,48.36086910210767,48.97723456699394,48.0289822316585,48.83499526977539,37125655,0.0,0.0
2023-03-09 00:00:00+05:30,48.834994562745024,49.0720576431467,48.07639342891877,48.26604461669922,26784782,0.0,0.0
2023-03-10 00:00:00+05:30,47.83932902409331,47.83932902409331,46.7962493288261,47.31779098510742,32660079,0.0,0.0
2023-03-13 00:00:00+05:30,47.31779350337989,47.649680377498946,45.51611259940198,45.65835189819336,44252288,0.0,0.0
2023-03-14 00:00:00+05:30,45.70576379202527,46.322125646431466,45.136810214155375,45.65835189819336,57868867,0.0,0.0
2023-03-15 00:00:00+05:30,46.322124036786605,46.51177522281972,44.94716107696135,45.23163604736328,39104721,0.0,0.0
2023-03-16 00:00:00+05:30,45.23163829670132,45.94282756672085,44.37820972575961,45.51611328125,56323397,0.0,0.0
2023-03-17 00:00:00+05:30,45.99023847227542,46.227301557184056,45.04198613264088,45.46870040893555,43994185,0.0,0.0
2023-03-20 00:00:00+05:30,45.373872685765704,45.51611198262965,43.714431103065664,44.5678596496582,51001675,0.0,0.0
2023-03-21 00:00:00+05:30,44.947162049907234,45.563523896237534,44.42562037270275,45.279048919677734,40735601,0.0,0.0
2023-03-22 00:00:00+05:30,45.46870207211611,45.84800085146677,45.23163897853604,45.37387466430664,28630222,0.0,0.0
2023-03-23 00:00:00+05:30,45.184225804538684,45.42128889140972,44.2833853509696,44.425621032714844,30619961,0.0,0.0
2023-03-24 00:00:00+05:30,44.56785960773845,44.710098904468616,42.76617872986909,43.14548110961914,41476341,0.0,0.0
2023-03-27 00:00:00+05:30,43.145478277203964,43.61960441211829,42.671352142289635,43.19289016723633,42307425,0.0,0.0
2023-03-28 00:00:00+05:30,43.192892291872916,43.382543478626566,42.10240429830661,42.57653045654297,38272734,0.0,0.0
2023-03-29 00:00:00+05:30,42.57653212717767,44.23597374611874,42.29205352723696,43.904083251953125,49229088,0.0,0.0
2023-03-31 00:00:00+05:30,44.28338025064941,44.61526708712568,44.093729079536445,44.18855285644531,32435561,0.0,0.0
2023-04-03 00:00:00+05:30,44.42561978078111,44.99457334361563,44.18855670059062,44.89974594116211,20028650,0.0,0.0
2023-04-05 00:00:00+05:30,44.89974423040502,44.994571629245456,44.046319344613494,44.283382415771484,24882531,0.0,0.0
2023-04-06 00:00:00+05:30,44.28338496926075,45.326461095584094,44.04632188443312,44.757511138916016,33990957,0.0,0.0
2023-04-10 00:00:00+05:30,44.75751182195818,44.99457491040362,44.37820943352722,44.615272521972656,20735073,0.0,0.0
2023-04-11 00:00:00+05:30,45.184226402159155,45.61093707033433,44.71010022214614,44.80492401123047,36635159,0.0,0.0
2023-04-12 00:00:00+05:30,45.08939869886353,45.08939869886353,44.473036839282784,44.615272521972656,24089807,0.0,0.0
2023-04-13 00:00:00+05:30,44.662683456051845,45.46870010981613,44.378208479492045,45.279048919677734,32614533,0.0,0.0
2023-04-17 00:00:00+05:30,45.18422735688973,46.416954727511644,44.89974874903441,46.274715423583984,45304745,0.0,0.0
2023-04-18 00:00:00+05:30,46.32212575575871,46.93849122891525,46.08506266874399,46.55918884277344,35880230,0.0,0.0
2023-04-19 00:00:00+05:30,46.464361494704484,47.080726920634014,45.89541157638135,46.03764724731445,30538280,0.0,0.0
2023-04-20 00:00:00+05:30,46.085060119628906,46.3221231935309,45.8005851544056,46.085060119628906,23270861,0.0,0.0
2023-04-21 00:00:00+05:30,45.990233070492124,46.08505684639981,45.32645578725279,45.753170013427734,20293450,0.0,0.0
2023-04-24 00:00:00+05:30,45.99023445245578,46.79624742377658,45.753171388267866,46.70142364501953,31327255,0.0,0.0
2023-04-25 00:00:00+05:30,46.93849026535969,47.507440215597335,46.74883907618195,47.222965240478516,31449334,0.0,0.0
2023-04-26 00:00:00+05:30,47.12813924380899,47.88674034763924,46.74883688324616,47.64967727661133,30000936,0.0,0.0
2023-04-27 00:00:00+05:30,47.649680409365445,47.93415538984283,47.412617322751686,47.79191970825195,27678355,0.0,0.0
2023-04-28 00:00:00+05:30,47.98156304475539,49.783243790767976,47.88673926540539,49.546180725097656,58579598,0.0,0.0
2023-05-02 00:00:00+05:30,49.83066206265399,50.35220015046719,49.68842637541172,50.02031326293945,31570025,0.0,0.0
2023-05-03 00:00:00+05:30,49.26170802227809,50.20996032831888,49.11946872945378,49.830657958984375,30999962,0.0,0.0
2023-05-04 00:00:00+05:30,50.020310153129884,50.73149939701325,49.78324707183543,50.58926010131836,31540665,0.0,0.0
2023-05-05 00:00:00+05:30,50.589258769949005,51.06338492006022,49.49877079507047,49.64100646972656,41383424,0.0,0.0
2023-05-08 00:00:00+05:30,48.83499218975491,49.97289564384905,47.98156369486046,49.4039421081543,64119087,0.0,0.0
2023-05-09 00:00:00+05:30,49.73583302511607,49.830656806609085,47.46002609632991,47.64967727661133,51516931,0.0,0.0
2023-05-10 00:00:00+05:30,47.08072982049492,47.41261669040956,45.42128823633059,45.990238189697266,94616408,0.0,0.0
2023-05-11 00:00:00+05:30,46.27471316638061,46.70142744005341,45.89541440323468,45.990238189697266,44557782,0.0,0.0
2023-05-12 00:00:00+05:30,45.990235357003414,46.274710316164985,45.56352110961338,46.03764724731445,20165979,0.0,0.0
2023-05-15 00:00:00+05:30,45.990235972727135,46.55918589866745,45.75317290070277,46.41695022583008,22303027,0.0,0.0
2023-05-16 00:00:00+05:30,46.74883806712305,47.270376113132926,46.27471191306036,46.46436309814453,34288935,0.0,0.0
2023-05-17 00:00:00+05:30,46.606600846207776,46.93848769613096,45.99023541944145,46.748836517333984,31020370,0.0,0.0
2023-05-18 00:00:00+05:30,47.03331330764559,47.128140709382905,45.8479979156455,45.94282531738281,32314683,0.0,0.0
2023-05-19 00:00:00+05:30,46.32212129540075,47.0333104879645,45.84799516702491,46.70142364501953,46965076,0.0,0.0
2023-05-22 00:00:00+05:30,47.27037339482477,48.12380186997897,47.128137727162596,47.93415069580078,59690876,0.0,0.0
2023-05-23 00:00:00+05:30,48.12380285598703,48.31345403405098,47.69708860966699,47.981563568115234,30905073,0.0,0.0
2023-05-24 00:00:00+05:30,47.649677841563324,48.171215880549205,47.22296358519471,47.31779098510742,25931404,0.0,0.0
2023-05-25 00:00:00+05:30,47.46002920635506,47.46002920635506,46.79625184052091,47.08073043823242,27256728,0.0,0.0
2023-05-26 00:00:00+05:30,47.175553074297575,47.88674231662367,47.12814118160161,47.744503021240234,24170849,0.0,0.0
2023-05-29 00:00:00+05:30,48.028983189311305,48.692756943444664,47.69709269494896,48.17121887207031,33668195,0.0,0.0
2023-05-30 00:00:00+05:30,48.1712169449431,48.88240618217344,48.028981267874336,48.78758239746094,31271579,0.0,0.0
2023-05-31 00:00:00+05:30,48.74017090923938,49.26170896407359,48.266044747154545,49.1668815612793,36101259,0.0,0.0
2023-06-01 00:00:00+05:30,49.16688243982288,49.54618482318657,48.88240746094792,49.0246467590332,29135650,0.0,0.0
2023-06-02 00:00:00+05:30,49.1194674566772,49.783244777165145,49.1194674566772,49.59359359741211,25135897,0.0,0.0
2023-06-05 00:00:00+05:30,49.83065754404664,50.067720618582825,49.30911950352613,49.451358795166016,19034598,0.0,0.0
2023-06-06 00:00:00+05:30,49.64100802606356,49.64100802606356,48.88240688556116,49.35653305053711,18736434,0.0,0.0
2023-06-07 00:00:00+05:30,49.45135890351844,49.73583387012608,49.35653150311892,49.64100646972656,16129252,0.0,0.0
2023-06-08 00:00:00+05:30,49.73583730344615,49.92548850004156,49.072059924010055,49.26171112060547,31319973,0.0,0.0
2023-06-09 00:00:00+05:30,49.45135755140713,49.49876944166281,48.550517167367715,48.692752838134766,20964121,0.0,0.0
2023-06-12 00:00:00+05:30,48.74016865572077,49.16687928803157,48.313454406114595,48.88240432739258,17394733,0.0,0.0
2023-06-13 00:00:00+05:30,49.21430020139031,49.49877519327492,48.88240969644511,49.30912399291992,17963382,0.0,0.0
2023-06-14 00:00:00+05:30,49.49877490214119,49.59359869311309,48.977236817204265,49.11947250366211,16336696,0.0,0.0
2023-06-15 00:00:00+05:30,49.11947082291162,49.35653390952538,47.60226851550182,47.79191970825195,33888122,0.0,0.0
2023-06-16 00:00:00+05:30,48.07639133603287,49.73583282660494,47.88674015650841,48.88240432739258,96884339,0.0,0.0
2023-06-19 00:00:00+05:30,48.69275753081923,49.78324919827107,48.55052184634445,49.26171112060547,34057742,0.0,0.0
2023-06-20 00:00:00+05:30,49.16688273711214,49.5461851227693,48.78758396875062,49.214298248291016,23194150,0.0,0.0
2023-06-21 00:00:00+05:30,49.35653028025024,50.49443373578331,49.11946721106816,50.11513137817383,52583478,0.0,0.0
2023-06-22 00:00:00+05:30,50.39961438230239,50.447026276844554,48.12380727132161,48.360870361328125,53046985,0.0,0.0
2023-06-23 00:00:00+05:30,48.79309129613073,48.88914288828463,48.168772435101616,48.50494384765625,28505207,0.65,0.0
2023-06-26 00:00:00+05:30,48.55296680215526,48.60099076523683,47.736548437788066,48.312843322753906,23362169,0.0,0.0
2023-06-27 00:00:00+05:30,48.552966602889114,48.98518959683637,48.4088947142357,48.84111404418945,19597683,0.0,0.0
2023-06-28 00:00:00+05:30,48.88914053083611,49.08123637789378,48.312841997682824,48.40889358520508,38263938,0.0,0.0
2023-06-30 00:00:00+05:30,48.55296308747616,49.705556433219016,48.55296308747616,49.6095085144043,29580748,0.0,0.0
2023-07-03 00:00:00+05:30,49.945682959757455,51.86667076590197,49.945682959757455,51.72259521484375,68566621,0.0,0.0
2023-07-04 00:00:00+05:30,51.96271913908395,55.324447828850765,51.62654773570467,54.79617691040039,177088979,0.0,0.0
2023-07-05 00:00:00+05:30,55.08432521883558,56.765189590200144,54.55605429206257,56.284942626953125,141211050,0.0,0.0
2023-07-06 00:00:00+05:30,56.04481736408454,57.38951028403589,55.708645966093414,56.66913986206055,75478926,0.0,0.0
2023-07-07 00:00:00+05:30,56.57309126546344,58.59012695741649,55.27642232292786,58.013832092285156,101329144,0.0,0.0
2023-07-10 00:00:00+05:30,58.59012782761294,59.886793125413554,57.67765789094159,58.205928802490234,103004929,0.0,0.0
2023-07-11 00:00:00+05:30,58.35000274506748,58.686174134791514,57.77370788725674,58.06185531616211,41506545,0.0,0.0
2023-07-12 00:00:00+05:30,58.20592903409936,59.26247452539423,58.061857147100156,58.974327087402344,51755516,0.0,0.0
2023-07-13 00:00:00+05:30,59.35852049428168,59.74271950827436,55.85272006357019,56.76518630981445,98250294,0.0,0.0
2023-07-14 00:00:00+05:30,57.629632618262995,58.590126495234045,56.7651866633917,58.301979064941406,50708803,0.0,0.0
2023-07-17 00:00:00+05:30,58.39802646602409,60.17494232096322,58.01383111705942,59.88679122924805,60868223,0.0,0.0
2023-07-18 00:00:00+05:30,60.415068820395845,60.7512402256121,58.87827635542298,59.16642379760742,97038714,0.0,0.0
2023-07-19 00:00:00+05:30,59.40654563107616,61.95185590518096,59.16642215857546,61.615684509277344,104017013,0.0,0.0
2023-07-20 00:00:00+05:30,61.75976037140796,62.57617871645104,61.08741024820605,61.32753372192383,97828765,0.0,0.0
2023-07-21 00:00:00+05:30,61.27950835830764,61.75975895875167,59.83876754895561,60.126914978027344,56213660,0.0,0.0
2023-07-24 00:00:00+05:30,60.60716522046011,61.27951170096469,59.45457544130203,59.646671295166016,56162634,0.0,0.0
2023-07-25 00:00:00+05:30,59.98284334964074,60.511114249176146,58.1579035177984,58.301979064941406,61394039,0.0,0.0
2023-07-26 00:00:00+05:30,58.59012622268142,61.2314843720646,57.77370789665123,60.655189514160156,166000733,0.0,0.0
2023-07-27 00:00:00+05:30,61.27950747204031,61.37555905633729,59.59864321877278,59.934818267822266,95604140,0.0,0.0
2023-07-28 00:00:00+05:30,60.03086872078208,60.36704012002108,59.070374821249565,59.50259780883789,51987753,0.0,0.0
2023-07-31 00:00:00+05:30,59.550623100129606,60.03087006061452,59.26247565663736,59.40654754638672,37185529,0.0,0.0
2023-08-01 00:00:00+05:30,59.55062255736565,59.742722072607464,58.638152607962155,58.926300048828125,30729374,0.0,0.0
2023-08-02 00:00:00+05:30,58.830251693725586,58.97432724510353,56.23691741687695,57.14938735961914,74149795,0.0,0.0
2023-08-03 00:00:00+05:30,57.245432200668084,57.62963120764972,56.42901389082369,57.10136032104492,48284251,0.0,0.0
2023-08-04 00:00:00+05:30,57.341484352857876,58.2059266311462,56.90926138171706,57.581607818603516,42677862,0.0,0.0
2023-08-07 00:00:00+05:30,57.7256809957261,58.59012695741649,57.48555752458915,58.013832092285156,31910875,0.0,0.0
2023-08-08 00:00:00+05:30,58.06185794404945,59.88679418570919,57.917782391079214,59.694698333740234,63023357,0.0,0.0
2023-08-09 00:00:00+05:30,59.69469912929829,59.83877102019508,58.494081718523944,59.11840057373047,50984674,0.0,0.0
2023-08-10 00:00:00+05:30,59.11840104917872,59.64667198136924,58.3019826688837,58.83025360107422,54154278,0.0,0.0
2023-08-11 00:00:00+05:30,58.92629835973158,60.75123820622748,58.734202513989615,60.07889175415039,63803349,0.0,0.0
2023-08-14 00:00:00+05:30,60.07889073572705,60.12691469634847,58.157902998923674,59.88679122924805,39105535,0.0,0.0
2023-08-16 00:00:00+05:30,59.454573571875954,59.83876893151724,59.11839851019722,59.262474060058594,32860991,0.0,0.0
2023-08-17 00:00:00+05:30,59.11839939764284,61.3755622833913,59.11839939764284,60.75123977661133,86494044,0.0,0.0
2023-08-18 00:00:00+05:30,61.1354375070641,61.47160890265312,59.93482014568416,60.31901550292969,52249781,0.0,0.0
2023-08-21 00:00:00+05:30,60.51111370930648,60.5591376699279,59.694695386762376,59.88679122924805,22537361,0.0,0.0
2023-08-22 00:00:00+05:30,59.88678990858125,60.270988913066624,59.83876594901889,59.98284149169922,16228098,0.0,0.0
2023-08-23 00:00:00+05:30,60.030867886703426,61.183461282926814,59.93481996368206,60.847286224365234,35562766,0.0,0.0
2023-08-24 00:00:00+05:30,61.135436759893516,61.66370399565234,59.982843374256575,60.36703872680664,40679832,0.0,0.0
2023-08-25 00:00:00+05:30,59.98284732626786,60.03087129050154,58.73420593622415,59.070377349853516,44154787,0.0,0.0
2023-08-28 00:00:00+05:30,59.310498107910156,60.75123895263672,58.92629908371903,60.03086853027344,51611750,0.0,0.0
2023-08-29 00:00:00+05:30,60.22296552517338,60.607160869312494,60.03086602110718,60.46308898925781,22724327,0.0,0.0
2023-08-30 00:00:00+05:30,60.46308955416063,61.327531834545034,60.46308955416063,60.943336486816406,36758499,0.0,0.0
2023-08-31 00:00:00+05:30,61.03938694289536,61.23148645673479,60.12691700015317,60.51111602783203,47388258,0.0,0.0
2023-09-01 00:00:00+05:30,60.55914036363392,63.584693985281646,60.03086944531386,62.81630325317383,120297728,0.0,0.0
2023-09-04 00:00:00+05:30,63.440631623853065,65.12149612365855,63.104452861501834,64.73729705810547,78454936,0.0,0.0
2023-09-05 00:00:00+05:30,65.21753696380591,65.88987975939682,64.01691959454581,64.68926239013672,70525265,0.0,0.0
2023-09-06 00:00:00+05:30,64.68926281455121,64.83333836540504,62.91235056198564,63.10444641113281,57072136,0.0,0.0
2023-09-07 00:00:00+05:30,63.24852450326981,64.49716955685692,63.104448946627116,63.968894958496094,39914471,0.0,0.0
2023-09-08 00:00:00+05:30,64.35309044125292,64.64124153860251,63.63272002586576,64.20901489257812,38692009,0.0,0.0
2023-09-11 00:00:00+05:30,64.54519184674662,66.75433090873423,64.35309598395962,66.41815948486328,97021497,0.0,0.0
2023-09-12 00:00:00+05:30,66.75432515921013,67.04247625655971,63.63272002586576,64.20901489257812,106038890,0.0,0.0
2023-09-13 00:00:00+05:30,64.16099074162045,70.21209747066221,63.680743826871755,69.68383026123047,196952754,0.0,0.0
2023-09-14 00:00:00+05:30,70.11605593205636,71.26864570111452,69.01148646204985,70.78839874267578,110388816,0.0,0.0
2023-09-15 00:00:00+05:30,71.07655127503489,71.8929696551642,70.02000941086828,71.22062683105469,85659070,0.0,0.0
2023-09-18 00:00:00+05:30,71.22062596079492,75.92704765601428,70.88445455284791,73.86198425292969,196740035,0.0,0.0
2023-09-20 00:00:00+05:30,73.76593489395815,74.63037354675721,72.32519403531042,73.42975616455078,87014740,0.0,0.0
2023-09-21 00:00:00+05:30,73.81395291570962,75.20667343290367,71.60482139738122,72.03704071044922,82446210,0.0,0.0
2023-09-22 00:00:00+05:30,72.80544147863684,74.67840167630104,72.08507104446029,74.43827819824219,96312592,0.0,0.0
2023-09-25 00:00:00+05:30,74.82247698732148,77.36778731213028,73.52581167558476,77.03160858154297,132629554,0.0,0.0
2023-09-26 00:00:00+05:30,77.03160539616223,78.13617481159073,75.92704330872039,76.2151870727539,81418694,0.0,0.0
2023-09-27 00:00:00+05:30,76.64742136875488,78.66445723046161,76.35927024794502,78.28025817871094,87175092,0.0,0.0
2023-09-28 00:00:00+05:30,78.42432950177788,79.38482341526448,76.07111501694352,76.50334167480469,153076293,0.0,0.0
2023-09-29 00:00:00+05:30,77.03160858154297,77.80000664004686,76.35926577634228,77.03160858154297,50000692,0.0,0.0
2023-10-03 00:00:00+05:30,77.03160436771533,80.2012370256731,76.64741268746664,79.9130859375,67592455,0.0,0.0
2023-10-04 00:00:00+05:30,79.4328421814773,80.00914438083902,76.21518909897974,76.5993881225586,103799902,0.0,0.0
2023-10-05 00:00:00+05:30,77.51185367260052,77.84803239510556,73.237658810897,74.0540771484375,134330537,0.0,0.0
2023-10-06 00:00:00+05:30,74.39025360135611,75.15865169363612,73.04556793184702,73.71791076660156,66525708,0.0,0.0
2023-10-09 00:00:00+05:30,72.99753498262089,72.99753498262089,69.97197779077017,70.45222473144531,73864732,0.0,0.0
2023-10-10 00:00:00+05:30,71.12457848846003,72.61333968402103,71.07655086073764,72.27716827392578,45297302,0.0,0.0
2023-10-11 00:00:00+05:30,72.80543927335513,74.77444733700408,72.51728817721784,73.04556274414062,59870131,0.0,0.0
2023-10-12 00:00:00+05:30,73.66988208098797,74.15012904977665,72.373216730856,72.75741577148438,28874895,0.0,0.0
2023-10-13 00:00:00+05:30,72.1330856878613,72.75740814746322,71.6528387693962,72.22913360595703,33454518,0.0,0.0
2023-10-16 00:00:00+05:30,72.18112034646816,73.09358664929628,71.8449489363729,72.27716827392578,31664409,0.0,0.0
2023-10-17 00:00:00+05:30,72.75740755801208,73.18962684993444,72.27716064343774,72.80543518066406,25571754,0.0,0.0
2023-10-18 00:00:00+05:30,73.7179086779945,74.19815564006613,71.12457801400257,71.26864624023438,79079912,0.0,0.0
2023-10-19 00:00:00+05:30,70.98050541391225,72.1330952396588,70.50025843185328,71.07655334472656,40169623,0.0,0.0
2023-10-20 00:00:00+05:30,70.9804996666442,71.65284245589243,69.01148426843804,69.39568328857422,47312964,0.0,0.0
2023-10-23 00:00:00+05:30,69.6358133520426,70.78840319357107,66.37013236372862,66.89840698242188,64052095,0.0,0.0
2023-10-25 00:00:00+05:30,67.23457281538052,68.5792657372855,65.84185959539953,66.75432586669922,56157100,0.0,0.0
2023-10-26 00:00:00+05:30,66.61025291054581,67.52272654536748,64.68926504101032,67.09049987792969,96629399,0.0,0.0
2023-10-27 00:00:00+05:30,68.9634665072771,71.22062575760995,68.09902051217448,70.2601318359375,97582651,0.0,0.0
2023-10-30 00:00:00+05:30,70.6443308702039,70.74037879677373,69.49173376740471,70.2601318359375,45878932,0.0,0.0
2023-10-31 00:00:00+05:30,70.5002573952047,71.31667578710268,69.92396249080537,70.11605834960938,44305596,0.0,0.0
2023-11-01 00:00:00+05:30,70.2121077647243,71.4127252276231,69.77988840927571,70.02001190185547,39344724,0.0,0.0
2023-11-02 00:00:00+05:30,70.93247424672603,72.42124274805084,70.5963028416489,71.3166732788086,44074000,0.0,0.0
2023-11-03 00:00:00+05:30,71.89296870311273,72.42124329219388,71.55679729550977,71.79692077636719,33999204,0.0,0.0
2023-11-06 00:00:00+05:30,72.32519328662165,72.51728913459138,71.79691871272458,71.94099426269531,22781133,0.0,0.0
2023-11-07 00:00:00+05:30,72.22914315873291,73.71791173406866,71.60482794454765,73.14161682128906,45263683,0.0,0.0
2023-11-08 00:00:00+05:30,73.47777792987358,73.81394930447834,72.51728410072491,72.80543518066406,28074631,0.0,0.0
2023-11-09 00:00:00+05:30,72.9975357055664,73.52581027673564,72.61333668362396,72.9975357055664,25406922,0.0,0.0
2023-11-10 00:00:00+05:30,72.9014918540612,73.38173882631723,72.51729281065894,73.23766326904297,19806827,0.0,0.0
2023-11-13 00:00:00+05:30,73.28568857602092,76.31123854300486,73.09358539641134,75.97506713867188,61511606,0.0,0.0
2023-11-15 00:00:00+05:30,76.93555540871454,77.60790549604347,75.63889018541893,75.83098602294922,56335226,0.0,0.0
2023-11-16 00:00:00+05:30,76.07111560228216,77.12766477763678,75.97506767579185,76.45531463623047,36649274,0.0,0.0
2023-11-17 00:00:00+05:30,74.87049954816241,75.3027262171255,73.23766278448997,74.82247924804688,52680056,0.0,0.0
2023-11-20 00:00:00+05:30,75.11061594990217,76.35926088295643,74.72642427325762,75.30271911621094,29074574,0.0,0.0
2023-11-21 00:00:00+05:30,75.68692316810191,76.21519042270944,74.43827815178047,74.966552734375,23914987,0.0,0.0
2023-11-22 00:00:00+05:30,74.9185261588311,75.20667726755991,72.99753830860466,73.33370971679688,35533376,0.0,0.0
2023-11-23 00:00:00+05:30,73.7179060885855,74.10210511034487,73.28568676909796,73.52581024169922,15646955,0.0,0.0
2023-11-24 00:00:00+05:30,73.71790671706187,73.91000256558583,72.75741281846823,72.94950866699219,17112957,0.0,0.0
2023-11-28 00:00:00+05:30,72.94950280449761,76.45530671822227,72.6133314326032,75.44679260253906,43966316,0.0,0.0
2023-11-29 00:00:00+05:30,75.83099099912316,76.16716972884156,74.96655234552429,76.0230941772461,38404432,0.0,0.0
2023-11-30 00:00:00+05:30,76.02309311163631,76.69543590567503,74.19815324897674,74.5343246459961,57665048,0.0,0.0
2023-12-01 00:00:00+05:30,75.01457336345025,78.28025414298828,74.96655306444923,77.51185607910156,84958693,0.0,0.0
2023-12-04 00:00:00+05:30,79.8650732001255,81.2577864928039,79.04865481034895,80.44136810302734,98320541,0.0,0.0
2023-12-05 00:00:00+05:30,80.87358496661079,82.41038109784233,80.20124215518727,81.64198303222656,84479543,0.0,0.0
2023-12-06 00:00:00+05:30,82.12222348510755,83.08271732703864,81.49790102225505,82.0741958618164,74935960,0.0,0.0
2023-12-07 00:00:00+05:30,82.45839890620377,83.7550641907745,81.16173362163303,83.3708724975586,52407229,0.0,0.0
2023-12-08 00:00:00+05:30,83.70703977353075,84.61950599199236,81.2577775458906,83.13074493408203,64205639,0.0,0.0
2023-12-11 00:00:00+05:30,83.1787686328335,85.82012680570514,83.13074833557333,84.95568084716797,58983764,0.0,0.0
2023-12-12 00:00:00+05:30,85.48395217689601,86.3003704792803,84.28333487104072,84.66753387451172,50356234,0.0,0.0
2023-12-13 00:00:00+05:30,85.09975989553816,85.67605478227348,84.47543738158026,85.24383544921875,45083954,0.0,0.0
2023-12-14 00:00:00+05:30,86.20432076197537,87.1167869641945,85.72407384965238,86.34839630126953,46901038,0.0,0.0
2023-12-15 00:00:00+05:30,88.36544339950771,88.36544339950771,86.06025645392309,87.64507293701172,57382725,0.0,0.0
2023-12-18 00:00:00+05:30,87.59704382910192,88.5575377628771,86.82865307887407,87.74111938476562,35997452,0.0,0.0
2023-12-19 00:00:00+05:30,87.83715908934617,88.74963263780032,86.49247357033835,87.78913879394531,43084144,0.0,0.0
2023-12-20 00:00:00+05:30,88.3174092229361,88.55753269263195,82.79456941993173,83.41889190673828,75353864,0.0,0.0
2023-12-21 00:00:00+05:30,82.6505044078669,86.58852799810164,81.40185938579849,86.30037689208984,58814452,0.0,0.0
2023-12-22 00:00:00+05:30,86.87667272747194,86.87667272747194,84.81161664772638,85.72408294677734,32589619,0.0,0.0
2023-12-26 00:00:00+05:30,86.44445645607124,86.68457994622699,84.76359202498097,85.00371551513672,35937581,0.0,0.0
2023-12-27 00:00:00+05:30,85.6280296328556,88.50951123130511,85.53198171183794,88.17333984375,62043155,0.0,0.0
2023-12-28 00:00:00+05:30,89.13384210004311,93.84025662480147,89.13384210004311,91.7271728515625,178967353,0.0,0.0
2023-12-29 00:00:00+05:30,92.59161529887295,92.7356908523852,91.05482649337866,91.96729278564453,65556029,0.0,0.0
2024-01-01 00:00:00+05:30,92.44753377489168,95.32901534709609,91.96728684619094,93.9363021850586,55329198,0.0,0.0
2024-01-02 00:00:00+05:30,93.93630576121247,94.9928475789793,92.30346174467566,93.16790771484375,50741670,0.0,0.0
2024-01-03 00:00:00+05:30,92.20741385744888,94.08037402023358,91.05482411542552,92.63963317871094,73009456,0.0,0.0
2024-01-04 00:00:00+05:30,92.68765521685691,93.98432043045918,92.63962759384015,93.5521011352539,37426897,0.0,0.0
2024-01-05 00:00:00+05:30,94.03235780233325,94.03235780233325,91.87124644627957,93.40803527832031,42729858,0.0,0.0
2024-01-08 00:00:00+05:30,93.40803674396716,93.40803674396716,91.05482949497987,91.2469253540039,47101702,0.0,0.0
2024-01-09 00:00:00+05:30,92.2074121880365,92.92778259575555,90.86271929469696,91.19889068603516,33881561,0.0,0.0
2024-01-10 00:00:00+05:30,91.19889101674777,91.4390144868582,89.66210227363835,90.67062377929688,54772377,0.0,0.0
2024-01-11 00:00:00+05:30,91.43901652746268,92.15938695387018,90.47852262558604,91.05482482910156,28709414,0.0,0.0
2024-01-12 00:00:00+05:30,91.63111660511218,94.70469405595574,90.9587664997493,93.84024810791016,78525419,0.0,0.0
2024-01-15 00:00:00+05:30,94.4645711523339,95.66518849623237,93.93630391781062,94.32049560546875,46701350,0.0,0.0
2024-01-16 00:00:00+05:30,94.51260583105547,96.14544260942641,92.97581698176742,94.3685302734375,60660256,0.0,0.0
2024-01-17 00:00:00+05:30,93.21593239320144,96.001358735241,92.59160991626662,93.36000061035156,98759165,0.0,0.0
2024-01-18 00:00:00+05:30,93.45606044583084,95.08889716288765,90.57457871362213,94.60865020751953,60733225,0.0,0.0
2024-01-19 00:00:00+05:30,95.47309700965762,98.45062669281862,94.99285005018045,98.1624755859375,104194911,0.0,0.0
2024-01-23 00:00:00+05:30,102.43668145827324,102.48470175908642,94.27248286532674,94.8487777709961,83723415,0.0,0.0
2024-01-24 00:00:00+05:30,95.23297352991904,98.59470224625917,93.9363082049281,98.1624755859375,65088374,0.0,0.0
2024-01-25 00:00:00+05:30,98.69074822384775,101.8123533988113,96.67371249946868,100.37161254882812,111791532,0.0,0.0
2024-01-29 00:00:00+05:30,103.25309753417969,105.1740853952807,101.28408204535629,103.25309753417969,108149443,0.0,0.0
2024-01-30 00:00:00+05:30,103.7333425700801,106.56679668130877,102.67680073172298,104.9339599609375,75911884,0.0,0.0
2024-01-31 00:00:00+05:30,105.1740793391664,110.40876802804894,104.7418600265015,109.88050079345703,113135172,0.0,0.0
2024-02-01 00:00:00+05:30,110.45680109657863,114.92309930216814,109.20815606603117,114.15470123291016,134380980,0.0,0.0
2024-02-02 00:00:00+05:30,116.89209883251574,123.18333649298154,115.35531013523764,120.44593048095703,167566465,0.0,0.0
2024-02-05 00:00:00+05:30,120.9261769175864,121.79062284630356,116.02765975883784,116.84407806396484,92993076,0.0,0.0
2024-02-06 00:00:00+05:30,117.56445256822009,117.99667188372621,114.39481982788605,117.0842056274414,53028325,0.0,0.0
2024-02-07 00:00:00+05:30,118.81309244097713,120.78210786621355,117.99667409197188,119.00519561767578,65831369,0.0,0.0
2024-02-08 00:00:00+05:30,120.68606198823854,122.22285078795132,118.18877927270688,119.38939666748047,83500656,0.0,0.0
2024-02-09 00:00:00+05:30,119.58149049179791,119.67753841615378,113.14618429612483,119.00519561767578,69128606,0.0,0.0
2024-02-12 00:00:00+05:30,119.91766576363358,120.59001591181122,112.47383780186713,113.57840728759766,65062679,0.0,0.0
2024-02-13 00:00:00+05:30,113.62643365357353,118.62099910577996,111.12914359948324,117.27630615234375,76885208,0.0,0.0
2024-02-14 00:00:00+05:30,116.12371196757864,119.58148848218917,114.77901906523378,118.09272003173828,57158902,0.0,0.0
2024-02-15 00:00:00+05:30,119.96568829344389,124.19186287387332,118.71704330559423,123.7596435546875,102510609,0.0,0.0
2024-02-16 00:00:00+05:30,124.52802333272274,127.36149195010125,124.19185927464228,125.00827026367188,111266944,0.0,0.0
2024-02-19 00:00:00+05:30,125.72864192970718,126.11284827193016,123.13531140758894,123.37543487548828,44582022,0.0,0.0
2024-02-20 00:00:00+05:30,123.90371757124382,125.34445847323502,123.1353194923203,124.38396453857422,32539004,0.0,0.0
2024-02-21 00:00:00+05:30,124.81617748023024,125.96876721154965,122.17481929530206,123.2793960571289,54001521,0.0,0.0
2024-02-22 00:00:00+05:30,123.85568941329323,124.19186815137563,120.68606383926884,123.90371704101562,41873541,0.0,0.0
2024-02-23 00:00:00+05:30,124.38396352511307,125.63260856119322,121.98272870802596,122.89519500732422,48191136,0.0,0.0
2024-02-26 00:00:00+05:30,122.8471729401067,123.18334434406425,119.38939631885317,119.91766357421875,41091685,0.0,0.0
2024-02-27 00:00:00+05:30,119.91766133680781,120.7821073079892,117.75655007284776,118.52494812011719,37510230,0.0,0.0
2024-02-28 00:00:00+05:30,119.10125012131212,120.49396342137447,115.40334986943336,115.97964477539062,52883269,0.0,0.0
2024-02-29 00:00:00+05:30,115.97963677945502,120.59001036523676,114.01062138119708,117.03617858886719,356428226,0.0,0.0
2024-03-01 00:00:00+05:30,118.18877892758549,120.06173912676827,116.2197634747117,119.91766357421875,52161604,0.0,0.0
2024-03-04 00:00:00+05:30,121.45445079206468,121.69457426719963,119.82161409234175,121.07025909423828,43386707,0.0,0.0
2024-03-05 00:00:00+05:30,120.87814993618191,124.86420089178624,120.54197855322441,124.5760498046875,60554186,0.0,0.0
2024-03-06 00:00:00+05:30,124.48001562052224,125.53655011963812,120.6380326827164,125.20038604736328,82989654,0.0,0.0
2024-03-07 00:00:00+05:30,125.39248901790623,126.44902357702445,124.38396743185838,124.72014617919922,38719979,0.0,0.0
2024-03-11 00:00:00+05:30,125.24839615522744,127.6976584817053,123.03927195484891,123.80765533447266,55291160,0.0,0.0
2024-03-12 00:00:00+05:30,123.71161852261251,124.96026353663994,119.91766318182887,120.97420501708984,43724417,0.0,0.0
2024-03-13 00:00:00+05:30,121.31037818822112,121.83864541764737,112.28173438362103,114.10667419433594,69647674,0.0,0.0
2024-03-14 00:00:00+05:30,112.37778649166549,117.46840710154254,111.70544369171354,115.88359069824219,54520717,0.0,0.0
2024-03-15 00:00:00+05:30,115.8355660136273,116.45988853114424,110.36075356645082,113.09815979003906,61465003,0.0,0.0
2024-03-18 00:00:00+05:30,113.29025425887376,115.73951667149862,112.61791145006816,115.25926971435547,31528977,0.0,0.0
2024-03-19 00:00:00+05:30,115.73951215210975,115.93160799627127,111.36926208156154,111.94556427001953,33325451,0.0,0.0
2024-03-20 00:00:00+05:30,112.61790557066138,113.62642705920523,109.64037605741818,112.04161071777344,43979002,0.0,0.0
2024-03-21 00:00:00+05:30,113.86654948033228,116.74803104631636,113.72247393643576,116.26778411865234,38099730,0.0,0.0
2024-03-22 00:00:00+05:30,116.21976279823942,118.42890171650816,115.35531681596089,117.90062713623047,35001868,0.0,0.0
2024-03-26 00:00:00+05:30,117.94865291303068,119.67753752248699,117.32433041739917,119.05321502685547,30860596,0.0,0.0
2024-03-27 00:00:00+05:30,119.10124452050981,120.20581397964419,117.37235255595279,117.90062713623047,42673023,0.0,0.0
2024-03-28 00:00:00+05:30,118.04470225933039,120.1577859167948,118.04470225933039,119.48544311523438,29453142,0.0,0.0
2024-04-01 00:00:00+05:30,120.49395545689642,121.11827795041135,119.96568821468134,120.63803100585938,24639923,0.0,0.0
2024-04-02 00:00:00+05:30,120.54198271650048,121.98272354578137,120.01370814790278,121.69457244873047,29181379,0.0,0.0
2024-04-03 00:00:00+05:30,121.69457468315018,131.29951372137788,120.63803285454253,129.8107452392578,100643107,0.0,0.0
2024-04-04 00:00:00+05:30,131.63568591840232,131.923837006446,128.70617672590902,129.76272583007812,81127069,0.0,0.0
2024-04-05 00:00:00+05:30,129.76274319633828,132.0679228972456,128.99434507737746,131.15545654296875,44560290,0.0,0.0
2024-04-08 00:00:00+05:30,131.10741143185314,131.39556252004087,127.26543600527869,127.64962768554688,41839925,0.0,0.0
2024-04-09 00:00:00+05:30,128.22593579562206,129.42655317198555,126.06482451816775,127.26544189453125,25963967,0.0,0.0
2024-04-10 00:00:00+05:30,127.50557250852137,131.49161655882727,127.12138078896464,130.9153289794922,48720465,0.0,0.0
2024-04-12 00:00:00+05:30,130.2429686359242,132.83629903429122,129.2824748101607,129.52259826660156,40533614,0.0,0.0
2024-04-15 00:00:00+05:30,126.97728609954551,130.00285056973183,124.14383212725542,127.60161590576172,45918093,0.0,0.0
2024-04-16 00:00:00+05:30,127.16938152958993,127.26543677822694,123.1353102383804,123.47148895263672,45007324,0.0,0.0
2024-04-18 00:00:00+05:30,124.7201350403146,127.16938268714706,123.71161354433886,124.4319839477539,37211719,0.0,0.0
2024-04-19 00:00:00+05:30,122.94321850633528,124.23989112640878,120.30186029623823,123.18334197998047,35611955,0.0,0.0
2024-04-22 00:00:00+05:30,125.6326045763925,128.61012686155527,124.72013830603574,127.84174346923828,37568034,0.0,0.0
2024-04-23 00:00:00+05:30,129.66667185438672,129.66667185438672,127.26543719041659,127.60161590576172,28249840,0.0,0.0
2024-04-24 00:00:00+05:30,127.98581286839077,128.41803219453766,126.92926371027716,127.74568939208984,18644765,0.0,0.0
2024-04-25 00:00:00+05:30,127.69765865085547,131.58766180324088,127.3134669605347,130.53111267089844,59269785,0.0,0.0
2024-04-26 00:00:00+05:30,131.1554424575762,132.6442109051817,130.62716789152606,131.05938720703125,33021444,0.0,0.0
2024-04-29 00:00:00+05:30,132.0679127844305,133.3645854268854,129.52260978224743,131.82778930664062,51158461,0.0,0.0
2024-04-30 00:00:00+05:30,132.45211161502993,137.25458142929463,131.01137067075055,135.47767639160156,95390289,0.0,0.0
2024-05-02 00:00:00+05:30,135.5257008557275,136.8703865099265,131.9238485791505,132.59619140625,58420041,0.0,0.0
2024-05-03 00:00:00+05:30,133.65271960671993,133.79680248453246,128.94630538431866,130.43507385253906,61353686,0.0,0.0
2024-05-06 00:00:00+05:30,131.49160934287988,131.49160934287988,121.40643069822015,122.07877349853516,144404671,0.0,0.0
2024-05-07 00:00:00+05:30,122.84717104139432,122.89519133951062,115.9796382038896,117.4684066772461,86243645,0.0,0.0
2024-05-08 00:00:00+05:30,117.66049772872685,121.16630177971074,117.27629871952553,119.86963653564453,70886836,0.0,0.0
2024-05-09 00:00:00+05:30,120.97419780463751,121.64654789825424,115.93160507845158,117.32432556152344,82730547,0.0,0.0
2024-05-10 00:00:00+05:30,119.00519561767578,119.82161396668103,115.73951489366785,119.00519561767578,45163174,0.0,0.0
2024-05-13 00:00:00+05:30,119.00519922155136,119.1012471488159,114.29877750571848,118.23680114746094,41922266,0.0,0.0
2024-05-14 00:00:00+05:30,118.66902839935757,121.59853049935116,118.18878143267136,120.78211212158203,32083064,0.0,0.0
2024-05-15 00:00:00+05:30,121.74260383004189,122.70309774586076,119.10124556154,119.38939666748047,47253149,0.0,0.0
2024-05-16 00:00:00+05:30,120.30185846927706,121.2623523492713,117.56445237689087,120.205810546875,33690165,0.0,0.0
2024-05-17 00:00:00+05:30,120.34988668202953,120.97420184468434,119.67753656595906,120.15778350830078,20071553,0.0,0.0
2024-05-21 00:00:00+05:30,121.40642547607422,122.94321418782471,120.83013062516612,121.40642547607422,30284178,0.0,0.0
2024-05-22 00:00:00+05:30,121.98272804478773,121.98272804478773,118.62099931914398,120.87815856933594,30665828,0.0,0.0
2024-05-23 00:00:00+05:30,121.5024774899732,122.94321832977526,121.07025816922733,121.64655303955078,24483383,0.0,0.0
2024-05-24 00:00:00+05:30,121.64655569427315,122.31889850299206,120.34989037575123,121.45445251464844,23179947,0.0,0.0
2024-05-27 00:00:00+05:30,121.26235124153303,125.82469712982832,120.92617985220335,124.4319839477539,57820057,0.0,0.0
2024-05-28 00:00:00+05:30,124.96026214339881,126.35297536598932,121.83864964313459,123.13531494140625,44999618,0.0,0.0
2024-05-29 00:00:00+05:30,122.22284343743986,125.39247610021447,121.93469234882886,122.99124145507812,46255738,0.0,0.0
2024-05-30 00:00:00+05:30,122.94322209841458,124.8642099437023,121.98272817577072,122.41494750976562,26985052,0.0,0.0
2024-05-31 00:00:00+05:30,123.51951886595451,124.86420443595229,121.07025654005459,124.33592987060547,74303548,0.0,0.0
2024-06-03 00:00:00+05:30,129.66667398049015,133.12445781569264,127.40950749695887,131.58766174316406,95948403,0.0,0.0
2024-06-04 00:00:00+05:30,131.01136073845564,131.01136073845564,100.08346041050658,110.79296875,169672083,0.0,0.0
2024-06-05 00:00:00+05:30,114.29877247830349,117.75654900364641,106.08654681862562,117.03617858886719,104945370,0.0,0.0
2024-06-06 00:00:00+05:30,118.33284549121088,121.50247829086292,117.18025574296662,119.00519561767578,59619303,0.0,0.0
2024-06-07 00:00:00+05:30,119.10124170074636,120.63803045064249,118.1887754414918,120.15778350830078,28076164,0.0,0.0
2024-06-10 00:00:00+05:30,120.8781519597416,123.27939396046048,120.06173363660999,120.38829803466797,36182690,0.0,0.0
2024-06-11 00:00:00+05:30,121.21432742340454,122.29008323102937,120.44593669908988,121.15670013427734,22932643,0.0,0.0
2024-06-12 00:00:00+05:30,121.31038065503901,122.92401067560154,121.02222955822945,122.44376373291016,29332963,0.0,0.0
2024-06-13 00:00:00+05:30,123.23136741016347,123.71161434889679,120.83013271649689,121.56970977783203,23810879,0.0,0.0
2024-06-14 00:00:00+05:30,121.56971143600637,124.43198645421167,121.40642923332675,123.84608459472656,38637971,0.0,0.0
2024-06-18 00:00:00+05:30,123.9037102592962,124.76814888708795,123.26018111976705,123.54833221435547,20304777,0.0,0.0
2024-06-19 00:00:00+05:30,123.90371309906867,125.04670318501589,121.95391165456122,123.22175598144531,60954903,0.0,0.0
2024-06-20 00:00:00+05:30,123.23136795326347,124.72013640109269,122.75112101241363,123.41386413574219,22469105,0.0,0.0
2024-06-21 00:00:00+05:30,123.87061915440812,124.20104832626662,121.96581527962701,122.25736999511719,24071503,1.5,0.0
2024-06-24 00:00:00+05:30,122.16018388023241,123.11258955400142,119.43903858218957,121.54792785644531,29824639,0.0,0.0
2024-06-25 00:00:00+05:30,121.57708464148207,122.38371297159829,120.26510318060264,120.6343994140625,19684789,0.0,0.0
2024-06-26 00:00:00+05:30,120.6343991331071,122.45174113506201,119.5362234889891,120.85792541503906,36345676,0.0,0.0
2024-06-27 00:00:00+05:30,120.79961711814032,120.99398199488448,114.49237528852912,115.84323120117188,136068914,0.0,0.0
2024-06-28 00:00:00+05:30,116.76648176708933,121.47017995238947,116.76648176708933,119.78890228271484,121916127,0.0,0.0
2024-07-01 00:00:00+05:30,119.68200026093487,120.129045408038,118.33114435144758,119.01142883300781,44039186,0.0,0.0
2024-07-02 00:00:00+05:30,119.05029784238593,119.66255384776792,116.52351749353805,117.23295593261719,41519074,0.0,0.0
2024-07-03 00:00:00+05:30,117.93268143784714,119.00170303868636,116.95112180306054,118.21451568603516,37154088,0.0,0.0
2024-07-04 00:00:00+05:30,118.75874307132916,118.93367441772016,117.09689898788692,118.10761260986328,20117728,0.0,0.0
2024-07-05 00:00:00+05:30,119.50706879630508,120.45946706961158,118.67128648284726,119.34185791015625,33669963,0.0,0.0
2024-07-08 00:00:00+05:30,119.19607915625544,119.9152380869361,117.70916636916049,117.9424057006836,23249946,0.0,0.0
2024-07-09 00:00:00+05:30,118.51578590697294,120.64411609948299,118.21451813161109,118.94339752197266,30994243,0.0,0.0
2024-07-10 00:00:00+05:30,119.34185702257976,119.4876269713065,115.2018199442124,115.8626708984375,48724410,0.0,0.0
2024-07-11 00:00:00+05:30,117.00943682018082,117.20380168714924,115.71688895266217,116.03759765625,25511815,0.0,0.0
2024-07-12 00:00:00+05:30,116.42634074557076,116.42634074557076,114.19110758865574,114.42434692382812,26896471,0.0,0.0
2024-07-15 00:00:00+05:30,114.77420656442727,117.93268392390095,114.19110453481797,117.5245132446289,32712545,0.0,0.0
2024-07-16 00:00:00+05:30,117.99100341703635,118.71016236472592,115.84323221316349,116.48464965820312,29031539,0.0,0.0
2024-07-18 00:00:00+05:30,116.61097894571179,117.4953561419114,114.82279844702094,115.49336242675781,21826818,0.0,0.0
2024-07-19 00:00:00+05:30,115.98900845010284,116.41662007596643,112.92771344990032,113.22898864746094,32480581,0.0,0.0
2024-07-22 00:00:00+05:30,113.1220805212643,115.34759310343087,111.5282648805541,114.83251953125,20931256,0.0,0.0
2024-07-23 00:00:00+05:30,115.06576374073803,115.60027085655348,109.3513444508683,114.43406677246094,28867094,0.0,0.0
2024-07-24 00:00:00+05:30,114.20082514403556,115.77519988447376,112.50010656375359,113.26786041259766,39917998,0.0,0.0
2024-07-25 00:00:00+05:30,112.78193760707939,114.62842608146194,112.09192527792621,114.4049072265625,22543073,0.0,0.0
2024-07-26 00:00:00+05:30,113.94814261606253,116.91225504865209,113.73433681246007,116.57210540771484,24356026,0.0,0.0
2024-07-29 00:00:00+05:30,121.34384109460342,125.17288985181376,120.06101366844052,123.42357635498047,144104708,0.0,0.0
2024-07-30 00:00:00+05:30,123.42357849416507,124.10386296886621,121.38271765551694,121.97554016113281,33365327,0.0,0.0
2024-07-31 00:00:00+05:30,122.45173833865944,122.45173833865944,119.27382743941291,120.45946502685547,47960947,0.0,0.0
2024-08-01 00:00:00+05:30,120.99397882832106,122.16018288735451,118.4477574881597,119.48762512207031,23162046,0.0,0.0
2024-08-02 00:00:00+05:30,117.59254148982798,118.22423844355002,116.19309068952619,116.87338256835938,29241484,0.0,0.0
2024-08-05 00:00:00+05:30,114.64787219894076,114.64787219894076,110.01219503899571,110.73136138916016,51711021,0.0,0.0
2024-08-06 00:00:00+05:30,112.73334886786513,114.48266241956371,110.29403036370344,110.60501861572266,27461434,0.0,0.0
2024-08-07 00:00:00+05:30,112.73334979908428,112.97630960468575,110.81882534461748,112.66532135009766,28249277,0.0,0.0
2024-08-08 00:00:00+05:30,112.97630964864169,113.02490457559882,110.5953065186388,110.8091049194336,27941633,0.0,0.0
2024-08-09 00:00:00+05:30,112.49038897800992,113.20954792002573,110.64389298919842,112.0239028930664,22149553,0.0,0.0
2024-08-12 00:00:00+05:30,111.71291445810168,112.62644569007297,110.60501834954044,111.37277221679688,15808638,0.0,0.0
2024-08-13 00:00:00+05:30,112.07249524693079,112.72362572562733,110.40093065152594,111.08122253417969,17938540,0.0,0.0
2024-08-14 00:00:00+05:30,111.32417840239182,111.85868549002589,109.35133868542515,110.37177276611328,20442740,0.0,0.0
2024-08-16 00:00:00+05:30,108.84599104815015,110.35234478293798,108.7488086104804,109.85670471191406,27059803,0.0,0.0
2024-08-19 00:00:00+05:30,111.12008867186326,112.60700885069458,110.64388954806593,111.96559143066406,16314063,0.0,0.0
2024-08-20 00:00:00+05:30,112.2474252337205,114.57984074745997,111.73235165490588,114.04532623291016,24197410,0.0,0.0
2024-08-21 00:00:00+05:30,114.08420368873483,114.43406639571973,112.02390190477325,113.13180541992188,31985161,0.0,0.0
2024-08-22 00:00:00+05:30,113.35532068976566,114.65758903880553,113.26785872306574,114.05504608154297,18399460,0.0,0.0
2024-08-23 00:00:00+05:30,114.36603965643707,114.57984547107124,112.84025237828251,112.99574279785156,10286090,0.0,0.0
2024-08-26 00:00:00+05:30,113.04433777070663,113.54969090269299,112.54869769244772,112.88884735107422,11190669,0.0,0.0
2024-08-27 00:00:00+05:30,112.97630752565826,113.36504469037591,112.44179299735337,112.69447326660156,9861808,0.0,0.0
2024-08-28 00:00:00+05:30,112.78194097098682,113.06376781130173,111.28530772856624,111.51854705810547,14645860,0.0,0.0
2024-08-29 00:00:00+05:30,111.51854742613428,112.62644351328264,111.27558762782026,112.27658081054688,14852490,0.0,0.0
2024-08-30 00:00:00+05:30,112.56813356610613,114.23969813560667,112.56813356610613,113.28729248046875,26208535,0.0,0.0
2024-09-02 00:00:00+05:30,113.64687896771802,114.18138608156418,112.36405151412464,113.23870086669922,14419150,0.0,0.0
2024-09-03 00:00:00+05:30,113.30672380094317,113.89954628011371,112.05305781271105,112.33488464355469,10681101,0.0,0.0
2024-09-04 00:00:00+05:30,110.8382635881992,111.30474225147499,109.56514919588953,109.759521484375,26202729,0.0,0.0
2024-09-05 00:00:00+05:30,110.46895917637688,110.6730445169538,108.9917668669201,110.2065658569336,18290375,0.0,0.0
2024-09-06 00:00:00+05:30,109.72064842782194,109.94416729425376,106.65935342962091,106.90231323242188,29092655,0.0,0.0
2024-09-09 00:00:00+05:30,106.31920575436779,107.08695958172237,104.18115515027361,106.542724609375,27017545,0.0,0.0
2024-09-10 00:00:00+05:30,107.08696228752585,107.51456648751359,106.2900544515167,106.50385284423828,12498926,0.0,0.0
2024-09-11 00:00:00+05:30,106.63019652396193,107.37850943372763,103.84101539483696,104.433837890625,22838612,0.0,0.0
2024-09-12 00:00:00+05:30,105.63891477735233,106.3872350901434,103.98679115473047,105.65835571289062,20816903,0.0,0.0
2024-09-13 00:00:00+05:30,106.41639447766697,109.4290945735778,105.75554351218277,107.9810562133789,28921320,0.0,0.0
2024-09-16 00:00:00+05:30,108.16570544572572,109.04035479020786,107.15499179246639,107.68949890136719,12834170,0.0,0.0
2024-09-17 00:00:00+05:30,107.68949707111959,107.776966452808,104.78370000147521,104.98778533935547,18548760,0.0,0.0
2024-09-18 00:00:00+05:30,105.25019057526028,106.88288076273648,104.74483002831452,105.68751525878906,24775806,0.0,0.0
2024-09-19 00:00:00+05:30,106.75653196065763,107.04808667916609,102.62621546420648,104.22975158691406,21178477,0.0,0.0
2024-09-20 00:00:00+05:30,104.95863617029602,106.08597322888443,103.31622550942129,105.35709381103516,23196144,0.0,0.0
2024-09-23 00:00:00+05:30,105.53201308063815,108.74880581087119,105.45427158123053,108.36978912353516,35372759,0.0,0.0
2024-09-24 00:00:00+05:30,107.87414725615619,108.10738657955653,104.56989261404973,104.79341888427734,79101837,0.0,0.0
2024-09-25 00:00:00+05:30,104.45328255110341,104.45328255110341,100.70198257150146,102.09171295166016,71227249,0.0,0.0
2024-09-26 00:00:00+05:30,102.23748315261652,104.462995859959,101.6155066439189,104.26863098144531,34719895,0.0,0.0
2024-09-27 00:00:00+05:30,104.7642695841646,106.51357570977008,104.26862951203125,106.14427947998047,40191522,0.0,0.0
2024-09-30 00:00:00+05:30,105.82356997560527,106.1831531491158,103.80214265857171,104.19087982177734,30911908,0.0,0.0
2024-10-01 00:00:00+05:30,101.071275485249,103.18016474232553,100.93521859218244,102.24720001220703,120187762,0.0,0.0
2024-10-03 00:00:00+05:30,100.34239857102439,103.74383581072014,100.09943876818899,102.10142517089844,99417000,0.0,0.0
2024-10-04 00:00:00+05:30,101.26564259449067,104.37553251148036,101.21705508277591,102.86917877197266,79454589,0.0,0.0
2024-10-07 00:00:00+05:30,103.17045142694046,104.37552994013201,97.96139280276465,99.19562530517578,83307848,0.0,0.0
2024-10-08 00:00:00+05:30,99.19562722652842,100.39099270949657,98.30153693860207,99.60379791259766,28947367,0.0,0.0
2024-10-09 00:00:00+05:30,100.63394993163101,102.4512844506979,99.6718238061367,101.16845703125,43366313,0.0,0.0
2024-10-10 00:00:00+05:30,101.89733383577894,102.38325341288284,100.22576930421442,100.77000427246094,18521599,0.0,0.0
2024-10-11 00:00:00+05:30,101.07127313071477,102.34438006384168,100.39098868122964,101.95565032958984,16201817,0.0,0.0
2024-10-14 00:00:00+05:30,102.04311308933366,102.72339754411144,101.80987376405906,102.0528335571289,15757325,0.0,0.0
2024-10-15 00:00:00+05:30,102.23748003465185,102.54846827951636,101.55719556605592,102.023681640625,15017858,0.0,0.0
2024-10-16 00:00:00+05:30,101.71269624930277,102.37353980045323,101.53776489324976,102.09171295166016,14270009,0.0,0.0
2024-10-17 00:00:00+05:30,102.11114696376485,102.27635785234546,99.14703436490173,99.57464599609375,18076891,0.0,0.0
2024-10-18 00:00:00+05:30,99.85647853969527,101.18790092279399,99.53576982182888,100.36183166503906,18567809,0.0,0.0
2024-10-21 00:00:00+05:30,100.37155017783083,101.50860024861186,98.89435787406545,99.40943145751953,17438662,0.0,0.0
2024-10-22 00:00:00+05:30,99.40943438368035,100.22577576687212,91.74162355571629,92.27613067626953,51355704,0.0,0.0
2024-10-23 00:00:00+05:30,93.29656177722279,94.52108122662132,89.79794219348585,93.95741271972656,38207629,0.0,0.0
2024-10-24 00:00:00+05:30,93.47148988815614,97.7670171583095,93.42289496476326,95.9691162109375,55363485,0.0,0.0
2024-10-25 00:00:00+05:30,96.11490125504737,96.5716668791188,90.60457460473,93.02445220947266,39756124,0.0,0.0
2024-10-28 00:00:00+05:30,93.53952560464731,99.0790062330786,93.27713227574051,95.86222076416016,70816541,0.0,0.0
2024-10-29 00:00:00+05:30,99.55520537267091,99.72041624946691,94.55995271105033,98.4764633178711,94263912,0.0,0.0
2024-10-30 00:00:00+05:30,98.5444931951012,99.03041277948084,96.98955200799521,97.1450424194336,47768641,0.0,0.0
2024-10-31 00:00:00+05:30,97.18391960566551,97.61153122458472,93.87966485616396,95.14305877685547,93367752,0.0,0.0
2024-11-01 00:00:00+05:30,95.91080944666969,98.32096642071348,95.83306053407617,98.13632202148438,23647421,0.0,0.0
2024-11-04 00:00:00+05:30,97.95167185888012,101.05184121627035,96.35785619656812,100.73113250732422,132269383,0.0,0.0
2024-11-05 00:00:00+05:30,100.80888559070064,102.20832902613353,99.43858873100666,101.76128387451172,79179075,0.0,0.0
2024-11-06 00:00:00+05:30,102.78171643334741,104.22975477323877,102.24720190458983,103.96736145019531,59984748,0.0,0.0
2024-11-07 00:00:00+05:30,103.39396781952699,104.8614470297583,103.05382559584275,103.7049560546875,42209575,0.0,0.0
2024-11-08 00:00:00+05:30,103.9381961541699,103.9381961541699,101.1878969410744,101.83902740478516,31981183,0.0,0.0
2024-11-11 00:00:00+05:30,100.69225597252529,103.11213340513552,100.34239328172087,102.17916870117188,29852507,0.0,0.0
2024-11-12 00:00:00+05:30,102.52903579181059,103.34537716235634,100.43958002499271,100.80888366699219,26013763,0.0,0.0
2024-11-13 00:00:00+05:30,100.39099421052606,100.87691381964855,97.18392182449963,97.7281494140625,38963115,0.0,0.0
2024-11-14 00:00:00+05:30,98.25293987535034,99.59408269261134,96.50363379544336,96.68827819824219,25816807,0.0,0.0
2024-11-18 00:00:00+05:30,97.86420074638019,99.399708403381,95.17220952732205,97.69898986816406,32300511,0.0,0.0
2024-11-19 00:00:00+05:30,98.30153334519976,100.79915971086304,97.62124147874097,98.01969909667969,25456236,0.0,0.0
2024-11-21 00:00:00+05:30,97.23251161944461,97.48518446438035,92.14006904614,93.65614318847656,62222678,0.0,0.0
2024-11-22 00:00:00+05:30,94.36558364969251,97.42687857408129,94.31699613903069,97.00898742675781,38066845,0.0,0.0
2024-11-25 00:00:00+05:30,100.1966172392192,102.50959921594051,100.08971433704076,101.17817687988281,57404398,0.0,0.0
2024-11-26 00:00:00+05:30,101.52804030274292,102.48043854682741,101.17817760484203,102.15001678466797,22370887,0.0,0.0
2024-11-27 00:00:00+05:30,102.14030006749252,102.48044231001306,100.92550104810145,101.4405746459961,25139229,0.0,0.0
2024-11-28 00:00:00+05:30,101.9459351606525,104.22975583353664,101.37254616810284,103.29679107666016,30202813,0.0,0.0
2024-11-29 00:00:00+05:30,103.84101389784843,104.1228481470736,100.7602855064734,101.94593048095703,30163680,0.0,0.0
2024-12-02 00:00:00+05:30,101.79043344609784,102.48043837285756,101.13930297621049,102.0431137084961,14773753,0.0,0.0
2024-12-03 00:00:00+05:30,102.49016299419795,105.25019022763341,102.34438562865489,104.92948150634766,38169064,0.0,0.0
2024-12-04 00:00:00+05:30,105.68751360596137,107.38823221571248,104.78370284819756,106.91203308105469,48997721,0.0,0.0
2024-12-05 00:00:00+05:30,107.45625512348465,107.4854091118216,105.25018350297243,106.00821685791016,20568682,0.0,0.0
2024-12-06 00:00:00+05:30,106.61075928970277,108.00048966855799,104.16172772180246,106.99949645996094,51861042,0.0,0.0
2024-12-09 00:00:00+05:30,106.99949525199487,107.38823241786442,105.45427447120798,105.70694732666016,28843979,0.0,0.0
2024-12-10 00:00:00+05:30,105.93047264537148,107.91302550022289,105.55145595108831,107.35907745361328,28453790,0.0,0.0
2024-12-11 00:00:00+05:30,107.76724686987659,107.79640085916395,105.3473693699461,105.52230072021484,23295859,0.0,0.0
2024-12-12 00:00:00+05:30,105.93046955307612,106.04709292273752,104.21031748420096,104.78369903564453,18431604,0.0,0.0
2024-12-13 00:00:00+05:30,103.98678980965607,105.10440632322947,101.22677016247452,104.69623565673828,32663054,0.0,0.0
2024-12-16 00:00:00+05:30,104.95862883602226,105.83328555923131,104.61848661436994,105.13356018066406,12188756,0.0,0.0
2024-12-17 00:00:00+05:30,104.94891214639617,105.3279288376734,102.68453246671396,103.00523376464844,18985400,0.0,0.0
2024-12-18 00:00:00+05:30,102.63594040677029,102.97608265016339,99.82732565989672,100.12859344482422,23131600,0.0,0.0
2024-12-19 00:00:00+05:30,97.19363951384874,101.42113850943524,96.75630742941554,100.60478973388672,28868334,0.0,0.0
2024-12-20 00:00:00+05:30,100.1480275832407,100.97408937956338,97.66983477972839,97.9322280883789,31121919,0.0,0.0
2024-12-23 00:00:00+05:30,98.63195783626698,99.55520952035411,97.1839195116164,98.52505493164062,23843994,0.0,0.0
2024-12-24 00:00:00+05:30,98.56392704495354,99.33168088058046,97.93223010024334,98.7777328491211,15719911,0.0,0.0
2024-12-26 00:00:00+05:30,98.83604375630578,100.38127194115296,98.77773577691164,99.28309631347656,13150281,0.0,0.0
2024-12-27 00:00:00+05:30,99.37055373804222,100.29379797076864,98.3501196580441,98.58336639404297,12621977,0.0,0.0
2024-12-30 00:00:00+05:30,98.7777324045744,100.39098898181865,97.90307567080005,98.89435577392578,78383603,0.0,0.0
2024-12-31 00:00:00+05:30,98.15575522692957,100.13830800442675,98.15575522692957,99.88562774658203,17390282,0.0,0.0
2025-01-01 00:00:00+05:30,99.46773726748759,100.39098892493801,98.9040687710919,99.76901245117188,10563476,0.0,0.0
2025-01-02 00:00:00+05:30,99.76901164586438,102.93720196649276,98.59307973839314,102.50959777832031,30428278,0.0,0.0
2025-01-03 00:00:00+05:30,102.4804424481237,104.22975600422227,102.25692358039959,103.40369415283203,34674507,0.0,0.0
2025-01-06 00:00:00+05:30,103.37453622443722,103.37453622443722,98.42787094369804,98.87491607666016,44287969,0.0,0.0
2025-01-07 00:00:00+05:30,99.12759490793599,101.64465478828363,99.12759490793599,100.20633697509766,21097404,0.0,0.0
2025-01-08 00:00:00+05:30,100.33267457018431,100.54648037547867,98.22378533531644,99.09844207763672,23423194,0.0,0.0
2025-01-09 00:00:00+05:30,99.03041711180946,99.41915427922832,97.9128005359345,99.15675354003906,25169272,0.0,0.0
2025-01-10 00:00:00+05:30,98.86520783134283,99.01097778376611,95.55123250808235,95.86222076416016,32253243,0.0,0.0
2025-01-13 00:00:00+05:30,95.24024181870952,95.72616141982539,91.98458197414216,92.73289489746094,32108507,0.0,0.0
2025-01-14 00:00:00+05:30,92.76204434076809,96.38700764982622,92.76204434076809,95.6386947631836,26803252,0.0,0.0
2025-01-15 00:00:00+05:30,96.21207946311426,97.12561067107487,94.75432068337011,95.48320007324219,22113146,0.0,0.0
2025-01-16 00:00:00+05:30,96.69800254049242,99.03041815503136,96.53279165232607,97.3977279663086,22309415,0.0,0.0
2025-01-17 00:00:00+05:30,97.31997742613339,97.86420500845018,96.5327900424902,97.31025695800781,16236187,0.0,0.0
2025-01-20 00:00:00+05:30,97.96139683958032,99.85648036239171,96.64940795427796,98.15576171875,28247505,0.0,0.0
2025-01-21 00:00:00+05:30,98.78745141785899,98.98181628270521,96.67856223464582,97.49490356445312,21920285,0.0,0.0
2025-01-22 00:00:00+05:30,97.49491027556843,97.9516758953975,93.53952494586781,95.43460845947266,34811690,0.0,0.0
2025-01-23 00:00:00+05:30,95.13334107012115,97.18392242648353,94.47249010103927,96.62997436523438,18589650,0.0,0.0
2025-01-24 00:00:00+05:30,96.45503631855856,96.97983035300938,93.79219910482895,94.87094116210938,26893329,0.0,0.0
2025-01-27 00:00:00+05:30,94.26840426635796,94.46276914438819,91.994304052316,92.82036590576172,35584897,0.0,0.0
2025-01-28 00:00:00+05:30,94.75432343831385,97.32969884031544,93.05360481249797,96.9701156616211,41891053,0.0,0.0
2025-01-29 00:00:00+05:30,97.47547542527897,97.57265786306739,94.55995780435791,95.01671600341797,34295362,0.0,0.0
2025-01-30 00:00:00+05:30,95.51235712900571,95.76503740167966,93.29656489898206,93.80191802978516,31403759,0.0,0.0
2025-01-31 00:00:00+05:30,94.25867854901925,99.00125842011846,93.64642254422897,98.3501205444336,57911997,0.0,0.0
2025-02-01 00:00:00+05:30,99.11787810487968,99.11787810487968,95.10418487111221,96.5522232055664,29973719,0.0,0.0
2025-02-03 00:00:00+05:30,95.38602049711079,96.54250412182145,94.55023817850439,95.55123138427734,27155760,0.0,0.0
2025-02-04 00:00:00+05:30,96.55222082755053,97.89336363816786,95.93024434694766,96.26067352294922,21734744,0.0,0.0
2025-02-05 00:00:00+05:30,97.3782843378761,98.35012353252374,97.13532453921418,97.43659973144531,27382286,0.0,0.0
2025-02-06 00:00:00+05:30,97.96139229292848,98.16547763094796,96.60081595825416,96.91180419921875,22650204,0.0,0.0
2025-02-07 00:00:00+05:30,97.08673547403384,97.44631122498878,95.40545043180798,96.47447204589844,29397431,0.0,0.0
2025-02-10 00:00:00+05:30,96.45504277691653,97.02842435887587,95.09446638330043,95.54151153564453,17224807,0.0,0.0
2025-02-11 00:00:00+05:30,95.49292045645508,95.95939911341438,92.33444310314505,92.53852844238281,23377744,0.0,0.0
2025-02-12 00:00:00+05:30,92.71345964899287,93.59782945098878,89.31202250453487,92.9758529663086,28356228,0.0,0.0
2025-02-13 00:00:00+05:30,92.97585433306187,93.93798047796685,91.83880425040472,91.97486114501953,13174852,0.0,0.0
2025-02-14 00:00:00+05:30,92.6648683807097,92.80092527869354,88.44708971412118,89.65216827392578,21224323,0.0,0.0
2025-02-17 00:00:00+05:30,89.6327325943593,90.857244646739,87.62102574882726,90.55597686767578,19598957,0.0,0.0
2025-02-18 00:00:00+05:30,90.38104365398993,90.80865526543725,88.72892001537997,89.27314758300781,12784429,0.0,0.0
2025-02-19 00:00:00+05:30,88.43736600701352,90.95442594207789,88.03890838140713,90.24498748779297,14782674,0.0,0.0
2025-02-20 00:00:00+05:30,90.0409033004596,93.37431205072946,89.40920633798879,92.9564208984375,21619032,0.0,0.0
2025-02-21 00:00:00+05:30,92.84951385510196,93.57839322211073,91.16822885280223,91.59584045410156,12976716,0.0,0.0
2025-02-24 00:00:00+05:30,90.86696341405307,91.97485948711433,90.1672380174787,91.3431625366211,12552679,0.0,0.0
2025-02-25 00:00:00+05:30,91.35288119831961,92.1206350257955,90.05062028064401,90.49766540527344,17127179,0.0,0.0
2025-02-27 00:00:00+05:30,90.86696404934018,91.20710628212399,89.02046810981366,89.37033081054688,27169438,0.0,0.0
2025-02-28 00:00:00+05:30,88.719197955986,88.719197955986,84.5500070627992,84.92902374267578,39944640,0.0,0.0
2025-03-03 00:00:00+05:30,85.32748055900555,86.20212986465789,83.08252707474338,84.83184051513672,29508306,0.0,0.0
2025-03-04 00:00:00+05:30,84.06409247958399,86.05636584520708,83.05337880164477,84.6374740600586,19363016,0.0,0.0
2025-03-05 00:00:00+05:30,84.55000760473987,87.59186153093879,84.55000760473987,87.21284484863281,26622932,0.0,0.0
2025-03-06 00:00:00+05:30,87.96116417903512,89.40920244694033,87.95144371139239,88.42764282226562,25378584,0.0,0.0
2025-03-07 00:00:00+05:30,88.34990435844021,89.17596618737312,87.95144673139393,88.60257720947266,16424249,0.0,0.0
2025-03-10 00:00:00+05:30,88.43736546841254,88.91356459101614,85.79396170984276,86.10494995117188,20754269,0.0,0.0
2025-03-11 00:00:00+05:30,85.32748174897041,86.38678288103279,84.30704765875275,85.68705749511719,11731107,0.0,0.0
2025-03-12 00:00:00+05:30,86.04664313883815,86.48396781038298,83.28661597191936,84.45282745361328,20128306,0.0,0.0
2025-03-13 00:00:00+05:30,84.98733694156891,85.37607411301938,83.90859481270265,84.74437713623047,14771127,0.0,0.0
2025-03-17 00:00:00+05:30,84.93874645581222,85.47325356011862,84.18071307601963,85.00677490234375,15182408,0.0,0.0
2025-03-18 00:00:00+05:30,85.00677490234375,85.00677490234375,85.00677490234375,85.00677490234375,0,0.0,0.0
2025-03-19 00:00:00+05:30,86.97961001906678,88.75807756766248,86.59087284892176,88.45680236816406,20155513,0.0,0.0
2025-03-20 00:00:00+05:30,89.07878268041274,90.2158327400239,88.3499032963731,88.72891998291016,16000840,0.0,0.0
2025-03-21 00:00:00+05:30,88.7289244820049,90.79893936840377,88.43736974778764,90.51710510253906,22838586,0.0,0.0
2025-03-24 00:00:00+05:30,91.54724587515929,93.57839357443406,91.01273878606703,93.22853088378906,25103209,0.0,0.0
2025-03-25 00:00:00+05:30,93.7824856797375,93.8796681198127,90.87668845858298,91.1682357788086,20148506,0.0,0.0
2025-03-26 00:00:00+05:30,91.21682667468323,92.07204248991061,90.07977660551232,90.24498748779297,19904559,0.0,0.0
2025-03-27 00:00:00+05:30,90.07977950507833,94.03516482645928,89.33145915494029,93.69502258300781,62010832,0.0,0.0
2025-03-28 00:00:00+05:30,93.69501853642056,95.22080574647273,92.81064132709723,93.42289733886719,21712434,0.0,0.0
2025-04-01 00:00:00+05:30,92.32472191038649,94.46276513617764,92.28584745352099,93.52980041503906,13402932,0.0,0.0
2025-04-02 00:00:00+05:30,93.97684705661418,94.85150381377531,92.1011971163582,94.59882354736328,14393929,0.0,0.0
2025-04-03 00:00:00+05:30,93.8310788075482,97.08673868217208,93.64642698476514,96.21208190917969,25310675,0.0,0.0
2025-04-04 00:00:00+05:30,96.29953836225519,96.54249815113711,93.32571291899472,93.8893814086914,21189363,0.0,0.0
2025-04-07 00:00:00+05:30,88.41792988839217,92.60655428819376,87.54327316297511,92.2469711303711,28484870,0.0,0.0
2025-04-08 00:00:00+05:30,93.78248109695747,94.8223487254922,92.28584786639021,94.18093872070312,22062343,0.0,0.0
2025-04-09 00:00:00+05:30,93.97684778176477,94.3364309554125,91.88739943100856,93.06332397460938,17823534,0.0,0.0
2025-04-11 00:00:00+05:30,94.65714081893249,94.65714081893249,93.1993819995892,93.37431335449219,11396866,0.0,0.0
2025-04-15 00:00:00+05:30,95.62897564801976,95.62897564801976,93.47149150796758,93.86994171142578,23242204,0.0,0.0
2025-04-16 00:00:00+05:30,94.17121746772143,96.30926068525336,93.69501834841145,96.04686737060547,29347045,0.0,0.0
2025-04-17 00:00:00+05:30,95.99827265357553,97.2811000697764,95.67756394588918,96.697998046875,24865290,0.0,0.0
2025-04-21 00:00:00+05:30,97.28110065655821,99.9925328646763,97.09645625382812,99.41915130615234,28222350,0.0,0.0
2025-04-22 00:00:00+05:30,99.95366114684998,101.80015712656537,99.76901673905977,100.46873474121094,31806010,0.0,0.0
2025-04-23 00:00:00+05:30,101.26563730375666,101.49888404016235,98.56392563068437,100.1091537475586,34299231,0.0,0.0
2025-04-24 00:00:00+05:30,100.00225650764915,100.99352924257923,99.5649244130415,99.8078842163086,25468633,0.0,0.0
2025-04-25 00:00:00+05:30,100.47845084338557,100.47845084338557,95.75531190046257,96.49391174316406,31662135,0.0,0.0
2025-04-28 00:00:00+05:30,96.49391432714273,100.05084191664825,96.43560634823851,99.29280853271484,24194152,0.0,0.0
2025-04-29 00:00:00+05:30,100.40070384777421,101.99451951829764,99.3219617590664,99.73985290527344,22707240,0.0,0.0
2025-04-30 00:00:00+05:30,99.44830215882861,99.44830215882861,96.74659050381338,97.38800048828125,14741011,0.0,0.0
2025-05-02 00:00:00+05:30,97.38800297233853,98.79717422677345,96.3092608934259,96.697998046875,13300520,0.0,0.0
2025-05-05 00:00:00+05:30,96.60081481933594,97.73786486684345,96.40644253693436,96.60081481933594,11864456,0.0,0.0
2025-05-06 00:00:00+05:30,97.15476198498506,97.39772177491868,91.36260148271276,91.80964660644531,27001134,0.0,0.0
2025-05-07 00:00:00+05:30,91.54724553048324,94.16149523280887,90.19638969679055,91.59584045410156,89567019,0.0,0.0
2025-05-08 00:00:00+05:30,92.81064520994113,93.10219994081646,88.34018629530318,88.7872314453125,65955601,0.0,0.0
2025-05-09 00:00:00+05:30,87.46552628636219,89.7493468787083,86.93101177101661,89.38005065917969,35798578,0.0,0.0
2025-05-12 00:00:00+05:30,92.81064225674594,93.24796692459864,91.88739799592598,93.08275604248047,31855906,0.0,0.0
2025-05-13 00:00:00+05:30,93.08275667576468,95.54150864657987,92.71346045183313,94.92925262451172,26387953,0.0,0.0
2025-05-14 00:00:00+05:30,95.5803846940121,95.67756713197446,94.46276812108323,95.12361907958984,17627909,0.0,0.0
2025-05-15 00:00:00+05:30,95.58038537441911,95.69700874953098,94.99728332794936,95.55123138427734,14979089,0.0,0.0
2025-05-16 00:00:00+05:30,95.92052577411258,96.74659502316412,95.77475582620434,96.12461853027344,15230863,0.0,0.0
2025-05-19 00:00:00+05:30,96.26067681424132,100.00225629363858,96.21208188787399,98.06829833984375,39689793,0.0,0.0
2025-05-20 00:00:00+05:30,99.030414919572,99.37055715307949,97.37828384825126,97.66011810302734,30343187,0.0,0.0
2025-05-21 00:00:00+05:30,97.68927552173685,99.25393726534273,97.19364285603177,99.0304183959961,19338345,0.0,0.0
2025-05-22 00:00:00+05:30,98.92351268695383,99.35112430600532,96.48419422802453,97.54350280761719,18817135,0.0,0.0
2025-05-23 00:00:00+05:30,97.94195218498292,98.01970109951732,96.74659413583089,97.55321502685547,14814597,0.0,0.0
2025-05-26 00:00:00+05:30,98.15575678100608,98.6319559011979,97.37828247434862,98.11688232421875,13008222,0.0,0.0
2025-05-27 00:00:00+05:30,98.35012582976297,99.76901761188996,97.29082464183556,99.14703369140625,21239984,0.0,0.0
2025-05-28 00:00:00+05:30,99.41915192547468,99.71069923322786,98.84576294883429,99.40943145751953,13261838,0.0,0.0
2025-05-29 00:00:00+05:30,99.9050700591519,100.28408674387161,98.65139663486958,99.42886352539062,20854888,0.0,0.0
2025-05-30 00:00:00+05:30,99.8175988567298,103.25791035987714,98.25293722187776,102.84001922607422,60718136,0.0,0.0
2025-06-02 00:00:00+05:30,103.5008738702661,106.12483672087755,103.01495427463105,105.40567779541016,57785074,0.0,0.0
2025-06-03 00:00:00+05:30,106.12483888319483,106.89259274968671,104.95863479572688,106.35808563232422,48035394,0.0,0.0
2025-06-04 00:00:00+05:30,106.42611486964213,108.11711303337243,105.59033254875989,106.45526885986328,46696794,0.0,0.0
2025-06-05 00:00:00+05:30,107.01893443779933,107.19386578885207,105.44455227832468,105.94990539550781,19273632,0.0,0.0
2025-06-06 00:00:00+05:30,106.30948615659736,108.65162211403306,105.25018502084207,107.07723999023438,50759755,0.0,0.0
2025-06-09 00:00:00+05:30,108.07823316580563,109.71092326738089,107.64090850528586,109.04035186767578,30600259,0.0,0.0
2025-06-10 00:00:00+05:30,109.57486504872348,109.57486504872348,108.06851138822262,108.6224594116211,22892516,0.0,0.0
2025-06-11 00:00:00+05:30,108.6224602600344,108.72936316139754,106.63019441958696,107.19386291503906,23164768,0.0,0.0
2025-06-12 00:00:00+05:30,107.3882299316794,107.72837216348623,104.56989481255448,104.97806549072266,26281617,0.0,0.0
2025-06-13 00:00:00+05:30,102.2374760606827,104.37552664874676,102.2374760606827,103.60777282714844,16086387,0.0,0.0
2025-06-16 00:00:00+05:30,103.50087296161605,103.98679255298515,101.85846237013428,103.78270721435547,19801768,0.0,0.0
2025-06-17 00:00:00+05:30,104.22975304698411,105.36680311891506,102.72339933782992,102.89833068847656,16226787,0.0,0.0
2025-06-18 00:00:00+05:30,102.89832751037811,103.49114999067393,102.04311171948883,102.50959777832031,15465092,0.0,0.0
2025-06-19 00:00:00+05:30,102.12086262231723,102.89832951613204,99.66211068785685,100.08000183105469,22033703,0.0,0.0
2025-06-20 00:00:00+05:30,101.0,104.1500015258789,100.5199966430664,103.04000091552734,27593358,2.9,0.0
2025-06-23 00:00:00+05:30,102.08999633789062,104.30000305175781,102.08999633789062,103.91000366210938,13950918,0.0,0.0
2025-06-24 00:00:00+05:30,105.08000183105469,106.62000274658203,105.0,105.22000122070312,16440497,0.0,0.0
2025-06-25 00:00:00+05:30,105.62000274658203,106.25,105.13999938964844,105.94000244140625,12173043,0.0,0.0
2025-06-26 00:00:00+05:30,106.0,106.54000091552734,104.9000015258789,106.25,15388837,0.0,0.0
2025-06-27 00:00:00+05:30,107.0,108.48999786376953,106.12999725341797,106.33999633789062,34112048,0.0,0.0
2025-06-30 00:00:00+05:30,107.06999969482422,110.6500015258789,106.69999694824219,110.5,46860515,0.0,0.0
2025-07-01 00:00:00+05:30,110.6500015258789,113.48999786376953,109.30999755859375,113.06999969482422,45219119,0.0,0.0
2025-07-02 00:00:00+05:30,113.0999984741211,114.16999816894531,112.4000015258789,113.8499984741211,33831963,0.0,0.0
2025-07-03 00:00:00+05:30,113.01000213623047,114.05999755859375,109.91000366210938,110.2300033569336,47921007,0.0,0.0
2025-07-04 00:00:00+05:30,110.4000015258789,111.0999984741211,109.86000061035156,110.8499984741211,14099494,0.0,0.0
2025-07-07 00:00:00+05:30,110.8499984741211,112.75,110.62999725341797,112.51000213623047,19932784,0.0,0.0
2025-07-08 00:00:00+05:30,112.38999938964844,112.8499984741211,111.37999725341797,112.01000213623047,15179741,0.0,0.0
2025-07-09 00:00:00+05:30,111.80000305175781,112.69999694824219,110.80000305175781,111.0,13299578,0.0,0.0
2025-07-10 00:00:00+05:30,111.30000305175781,111.5,109.25,109.76000213623047,9936541,0.0,0.0
2025-07-11 00:00:00+05:30,109.73999786376953,111.0999984741211,108.6500015258789,110.20999908447266,23104885,0.0,0.0
2025-07-14 00:00:00+05:30,110.41999816894531,112.44999694824219,110.1500015258789,110.72000122070312,17983635,0.0,0.0
2025-07-15 00:00:00+05:30,110.83000183105469,113.12999725341797,110.75,112.23999786376953,20906645,0.0,0.0
2025-07-16 00:00:00+05:30,112.37000274658203,115.70999908447266,111.86000061035156,114.97000122070312,38340707,0.0,0.0
2025-07-17 00:00:00+05:30,115.0999984741211,115.5999984741211,113.0999984741211,113.79000091552734,22239170,0.0,0.0
2025-07-18 00:00:00+05:30,113.98999786376953,114.80999755859375,113.0999984741211,113.3499984741211,15854726,0.0,0.0
2025-07-21 00:00:00+05:30,113.5,113.80000305175781,111.66999816894531,112.5999984741211,11198845,0.0,0.0
2025-07-22 00:00:00+05:30,113.0999984741211,113.0999984741211,109.12000274658203,109.33000183105469,17927369,0.0,0.0
2025-07-23 00:00:00+05:30,109.5999984741211,110.25,108.18000030517578,109.91999816894531,15531241,0.0,0.0
2025-07-24 00:00:00+05:30,110.33999633789062,111.05000305175781,108.25,110.66999816894531,18292039,0.0,0.0
2025-07-25 00:00:00+05:30,110.5999984741211,111.3499984741211,108.05000305175781,108.41000366210938,13476837,0.0,0.0
2025-07-28 00:00:00+05:30,108.36000061035156,109.37999725341797,106.52999877929688,106.79000091552734,13900856,0.0,0.0
2025-07-29 00:00:00+05:30,106.25,109.5,106.25,109.29000091552734,13189443,0.0,0.0
2025-07-30 00:00:00+05:30,109.55000305175781,111.1500015258789,107.61000061035156,108.0999984741211,49635403,0.0,0.0
2025-07-31 00:00:00+05:30,107.19999694824219,107.44000244140625,103.91999816894531,105.37999725341797,42679661,0.0,0.0
2025-08-01 00:00:00+05:30,105.30000305175781,105.37999725341797,103.0,103.18000030517578,15311997,0.0,0.0
2025-08-04 00:00:00+05:30,103.12000274658203,104.94999694824219,103.0,104.66000366210938,14966403,0.0,0.0
2025-08-05 00:00:00+05:30,104.9000015258789,105.13999938964844,103.31999969482422,103.66000366210938,12126864,0.0,0.0
2025-08-06 00:00:00+05:30,103.80000305175781,104.80000305175781,102.8499984741211,103.83000183105469,15512043,0.0,0.0
2025-08-07 00:00:00+05:30,103.5,104.94000244140625,102.58999633789062,104.69000244140625,13506257,0.0,0.0
2025-08-08 00:00:00+05:30,104.69000244140625,104.87999725341797,103.5,103.94999694824219,8369676,0.0,0.0
2025-08-11 00:00:00+05:30,103.98999786376953,106.75,103.83999633789062,106.54000091552734,18974904,0.0,0.0
2025-08-12 00:00:00+05:30,106.86000061035156,107.25,106.06999969482422,106.6500015258789,12072884,0.0,0.0
2025-08-13 00:00:00+05:30,107.0,107.37999725341797,106.16000366210938,106.63999938964844,8965266,0.0,0.0
2025-08-14 00:00:00+05:30,106.6500015258789,107.1500015258789,105.87999725341797,106.27999877929688,6165564,0.0,0.0
2025-08-18 00:00:00+05:30,107.0,107.56999969482422,106.58999633789062,106.7699966430664,9504227,0.0,0.0
2025-08-19 00:00:00+05:30,106.87000274658203,108.05999755859375,106.29000091552734,107.9000015258789,8566550,0.0,0.0
2025-08-20 00:00:00+05:30,107.5,108.05000305175781,107.0,107.11000061035156,8595474,0.0,0.0
2025-08-21 00:00:00+05:30,107.5,108.0,107.05000305175781,107.16000366210938,5887988,0.0,0.0
2025-08-22 00:00:00+05:30,107.0999984741211,107.69000244140625,105.11000061035156,105.29000091552734,9660703,0.0,0.0
2025-08-25 00:00:00+05:30,105.58999633789062,106.37999725341797,105.0999984741211,105.22000122070312,5672554,0.0,0.0
2025-08-26 00:00:00+05:30,105.18000030517578,105.38999938964844,102.48999786376953,102.7699966430664,15307243,0.0,0.0
2025-08-27 00:00:00+05:30,102.7699966430664,102.7699966430664,102.7699966430664,102.7699966430664,0,0.0,0.0
2025-08-28 00:00:00+05:30,102.7699966430664,103.27999877929688,101.11000061035156,101.44999694824219,13540127,0.0,0.0
2025-08-29 00:00:00+05:30,101.01000213623047,102.41999816894531,100.5999984741211,100.87999725341797,15792366,0.0,0.0
2025-09-01 00:00:00+05:30,101.0,102.44999694824219,100.94999694824219,102.29000091552734,6263914,0.0,0.0
2025-09-02 00:00:00+05:30,102.51000213623047,103.94999694824219,101.91999816894531,102.86000061035156,7852890,0.0,0.0
2025-09-03 00:00:00+05:30,102.75,104.5,102.61000061035156,104.30000305175781,8068130,0.0,0.0
2025-09-04 00:00:00+05:30,104.80000305175781,105.19000244140625,103.18000030517578,103.41999816894531,6207983,0.0,0.0
2025-09-05 00:00:00+05:30,103.41999816894531,104.16000366210938,102.62000274658203,103.75,7493048,0.0,0.0
2025-09-08 00:00:00+05:30,103.80000305175781,104.9000015258789,103.80000305175781,104.20999908447266,7612044,0.0,0.0
2025-09-09 00:00:00+05:30,104.29000091552734,104.77999877929688,103.80000305175781,104.27999877929688,5973767,0.0,0.0
2025-09-10 00:00:00+05:30,104.5999984741211,106.87999725341797,104.5999984741211,106.26000213623047,13116266,0.0,0.0
2025-09-11 00:00:00+05:30,106.5,108.69000244140625,106.25,107.76000213623047,15257427,0.0,0.0
2025-09-12 00:00:00+05:30,108.0,108.2300033569336,107.05000305175781,107.30999755859375,8049228,0.0,0.0
2025-09-15 00:00:00+05:30,107.30999755859375,109.20999908447266,107.30999755859375,108.51000213623047,10490843,0.0,0.0
2025-09-16 00:00:00+05:30,108.68000030517578,109.19999694824219,108.08999633789062,108.44000244140625,7126933,0.0,0.0
2025-09-17 00:00:00+05:30,108.5999984741211,112.16000366210938,108.05999755859375,111.97000122070312,33492032,0.0,0.0
2025-09-18 00:00:00+05:30,112.5,113.20999908447266,111.12999725341797,111.86000061035156,15714147,0.0,0.0
2025-09-19 00:00:00+05:30,112.5,114.30000305175781,111.86000061035156,113.30000305175781,27593935,0.0,0.0
2025-09-22 00:00:00+05:30,113.29000091552734,115.0,112.69999694824219,113.04000091552734,16831733,0.0,0.0
2025-09-23 00:00:00+05:30,113.08999633789062,114.08999633789062,112.43000030517578,113.43000030517578,12673502,0.0,0.0
2025-09-24 00:00:00+05:30,114.19999694824219,114.48999786376953,110.61000061035156,111.01000213623047,16817280,0.0,0.0
2025-09-25 00:00:00+05:30,111.0199966430664,112.25,110.41999816894531,111.4000015258789,14583301,0.0,0.0
2025-09-26 00:00:00+05:30,111.11000061035156,111.33999633789062,107.30000305175781,107.79000091552734,18377053,0.0,0.0
2025-09-29 00:00:00+05:30,107.9000015258789,110.2300033569336,107.9000015258789,109.51000213623047,16244160,0.0,0.0
2025-09-30 00:00:00+05:30,110.04000091552734,113.69999694824219,109.8499984741211,112.83000183105469,37086442,0.0,0.0
2025-10-01 00:00:00+05:30,112.69999694824219,113.55999755859375,111.19999694824219,112.55000305175781,19565179,0.0,0.0
2025-10-02 00:00:00+05:30,112.55000305175781,112.55000305175781,112.55000305175781,112.55000305175781,0,0.0,0.0
2025-10-03 00:00:00+05:30,112.6500015258789,114.8499984741211,112.44000244140625,114.37000274658203,23883726,0.0,0.0
2025-10-06 00:00:00+05:30,114.80000305175781,115.5999984741211,113.62999725341797,114.54000091552734,18052323,0.0,0.0
