Date,Open,High,Low,Close,Volume,Dividends,Stock Splits
2007-08-21 00:00:00+05:30,91.58539125784446,94.53174301925824,81.00692302762194,81.85887908935547,68758562,0.0,0.0
2007-08-22 00:00:00+05:30,83.52729420991447,85.33770237783136,81.0424213776902,81.92987823486328,9035617,0.0,0.0
2007-08-23 00:00:00+05:30,83.0658376429719,87.50311004271492,82.00088921046002,82.67535400390625,10991874,0.0,0.0
2007-08-24 00:00:00+05:30,83.38530877934559,84.6277484556674,82.92382991171107,83.66929626464844,2850773,0.0,0.0
2007-08-27 00:00:00+05:30,85.65720153118443,88.63904803447436,84.16627509560888,88.28406524658203,5506981,0.0,0.0
2007-08-28 00:00:00+05:30,89.45549946125912,89.45549946125912,86.15416500675319,86.65113830566406,2921100,0.0,0.0
2007-08-29 00:00:00+05:30,84.0952870988775,86.68665658075763,83.77579874137247,86.01219177246094,1921540,0.0,0.0
2007-08-30 00:00:00+05:30,87.39660555419718,87.39660555419718,85.79918317483681,86.18966674804688,2327326,0.0,0.0
2007-08-31 00:00:00+05:30,86.61565642834995,89.59750302264305,85.76369389069058,88.53255462646484,5906885,0.0,0.0
2007-09-03 00:00:00+05:30,88.74553890463599,96.4131564818154,88.60354834500703,95.45470428466797,10284953,0.0,0.0
2007-09-04 00:00:00+05:30,97.76209816334355,97.76209816334355,93.39581467672818,94.14128112792969,3297286,0.0,0.0
2007-09-05 00:00:00+05:30,95.84518704582155,95.84518704582155,92.08237331961882,92.11787414550781,1704549,0.0,0.0
2007-09-06 00:00:00+05:30,92.29536439580723,94.99322972625112,90.87543326361748,94.28326416015625,2128126,0.0,0.0
2007-09-07 00:00:00+05:30,94.3542541039917,94.74473769039211,92.89882859657168,93.92827606201172,2144208,0.0,0.0
2007-09-10 00:00:00+05:30,93.00532430779982,95.49019727020715,92.65034154633297,95.17071533203125,1810524,0.0,0.0
2007-09-11 00:00:00+05:30,95.91617771761493,97.76208684999746,95.27721382522698,96.80363464355469,2779364,0.0,0.0
2007-09-12 00:00:00+05:30,97.97509913235515,99.32402884186155,97.12313648818768,98.40107727050781,3316154,0.0,0.0
2007-09-13 00:00:00+05:30,98.08157770265298,100.85043846872738,98.04608324310875,98.75604248046875,2373553,0.0,0.0
2007-09-14 00:00:00+05:30,99.21751088417194,100.21146389973319,95.91617626399673,96.51964569091797,1229361,0.0,0.0
2007-09-17 00:00:00+05:30,96.55515513089419,97.47810658152942,95.2772208835851,96.05818176269531,483285,0.0,0.0
2007-09-18 00:00:00+05:30,99.39501591412555,99.39501591412555,95.31271992401047,97.47811126708984,815666,0.0,0.0
2007-09-19 00:00:00+05:30,99.25301622118785,100.10497234877555,98.68504122422202,99.35951232910156,1679631,0.0,0.0
2007-09-20 00:00:00+05:30,99.74998234792837,101.16991336971006,97.97507493856182,99.96297454833984,1478604,0.0,0.0
2007-09-21 00:00:00+05:30,100.10496937180733,103.29980793918213,99.39500383064386,102.48335266113281,2769416,0.0,0.0
2007-09-24 00:00:00+05:30,102.87382679469042,107.20461519199075,100.28245774165362,105.28770446777344,3146805,0.0,0.0
2007-09-25 00:00:00+05:30,105.1102344000031,106.06868677251752,100.8149523227857,102.27037811279297,1061055,0.0,0.0
2007-09-26 00:00:00+05:30,103.65481003872088,104.89724996744008,101.56041384888192,102.55436706542969,629669,0.0,0.0
2007-09-27 00:00:00+05:30,102.94482943358187,104.22276363990414,100.5664524135816,101.169921875,1670373,0.0,0.0
2007-09-28 00:00:00+05:30,101.52490373526247,106.42365466546102,101.52490373526247,105.60719299316406,1608415,0.0,0.0
2007-10-01 00:00:00+05:30,105.96217841961658,106.49465260598637,103.01582634932593,103.72579193115234,1091725,0.0,0.0
2007-10-03 00:00:00+05:30,105.42970620301573,105.42970620301573,99.39501138046599,100.637451171875,1322027,0.0,0.0
2007-10-04 00:00:00+05:30,100.81494538458975,101.56040545952561,97.97508929282166,98.89804077148438,1083382,0.0,0.0
2007-10-05 00:00:00+05:30,99.21751153143761,99.2530123553131,94.42525690844839,95.59669494628906,604416,0.0,0.0
2007-10-08 00:00:00+05:30,96.76814154761469,96.76814154761469,87.82259539687405,88.53255462646484,971117,0.0,0.0
2007-10-09 00:00:00+05:30,86.97061709744304,93.04081803483345,86.61564073091104,92.40184783935547,3378701,0.0,0.0
2007-10-10 00:00:00+05:30,93.57329327381764,95.45470319057102,90.16546893889668,92.08236694335938,1941636,0.0,0.0
2007-10-11 00:00:00+05:30,92.89884890075047,94.07029354812452,91.0174449401466,91.69190979003906,793287,0.0,0.0
2007-10-12 00:00:00+05:30,91.69189898798233,93.71529966714866,87.53860788432092,88.53255462646484,1700448,0.0,0.0
2007-10-15 00:00:00+05:30,89.45549744669347,92.82782710111783,89.45549744669347,92.36634826660156,793452,0.0,0.0
2007-10-16 00:00:00+05:30,91.58539919950903,94.24777008311474,91.58539919950903,92.89883422851562,1225923,0.0,0.0
2007-10-17 00:00:00+05:30,82.28486151337061,90.73344004032478,82.28486151337061,90.20096588134766,1143945,0.0,0.0
2007-10-18 00:00:00+05:30,90.8754381064583,93.60880440801512,86.61565721860329,87.75159454345703,1038773,0.0,0.0
2007-10-19 00:00:00+05:30,89.45550109593198,89.45550109593198,84.66324028926118,87.07711791992188,1248642,0.0,0.0
2007-10-22 00:00:00+05:30,85.97668005965939,87.7870883848948,84.48575368362407,86.8286361694336,328671,0.0,0.0
2007-10-23 00:00:00+05:30,87.3256085302039,91.58539539936082,87.3256085302039,90.98192596435547,764098,0.0,0.0
2007-10-24 00:00:00+05:30,92.29536115306838,93.5732953064231,89.63299674161414,91.3014144897461,926191,0.0,0.0
2007-10-25 00:00:00+05:30,91.9048796247023,92.22436155612297,88.10656543089185,88.92302703857422,1225910,0.0,0.0
2007-10-26 00:00:00+05:30,89.63299246603147,95.13521241176626,88.81653085908204,92.29535675048828,3232231,0.0,0.0
2007-10-29 00:00:00+05:30,93.71530198414676,94.56725817500838,91.65640042705942,92.33087158203125,790725,0.0,0.0
2007-10-30 00:00:00+05:30,92.29536164259078,96.91013131668554,91.97587969452282,93.89278411865234,3019568,0.0,0.0
2007-10-31 00:00:00+05:30,92.40184838891945,96.69712931203506,90.91092216917691,91.47889709472656,2984219,0.0,0.0
2007-11-01 00:00:00+05:30,92.75685274506924,94.42527072193619,87.14812929532866,88.60356140136719,2114443,0.0,0.0
2007-11-02 00:00:00+05:30,86.6511502931615,90.09447577575283,85.9056902416667,89.63300323486328,1205560,0.0,0.0
2007-11-05 00:00:00+05:30,89.52650651558145,93.25381948351381,89.52650651558145,90.69794464111328,1212086,0.0,0.0
2007-11-06 00:00:00+05:30,90.52044739971222,93.00532679647158,90.2364662772284,91.44340515136719,1800257,0.0,0.0
2007-11-07 00:00:00+05:30,92.29536793196898,92.57935544285971,89.45551192664563,89.77499389648438,410513,0.0,0.0
2007-11-08 00:00:00+05:30,88.03557685751483,90.62694606447242,88.03557685751483,89.56200408935547,453620,0.0,0.0
2007-11-12 00:00:00+05:30,86.54466068805003,88.81654820799402,86.54466068805003,87.96459197998047,275733,0.0,0.0
2007-11-13 00:00:00+05:30,88.10657046640353,93.18281904387756,88.03557518512588,90.80443572998047,1113312,0.0,0.0
2007-11-14 00:00:00+05:30,92.75683938458697,94.74473906529488,91.7628863603026,94.07027435302734,2220706,0.0,0.0
2007-11-15 00:00:00+05:30,92.68585025604685,99.82098781220515,92.68585025604685,95.91618347167969,2129111,0.0,0.0
2007-11-16 00:00:00+05:30,95.13521309518119,99.11101232310308,95.13521309518119,96.73263549804688,1047129,0.0,0.0
2007-11-19 00:00:00+05:30,99.32401323394261,101.63139498367273,98.4720570915149,100.06947326660156,2156959,0.0,0.0
2007-11-20 00:00:00+05:30,99.39499158356296,101.52488794461549,95.27720214077084,96.27114868164062,1137362,0.0,0.0
2007-11-21 00:00:00+05:30,95.84518953058851,97.26512071718084,88.74554633334945,89.77499389648438,1037917,0.0,0.0
2007-11-22 00:00:00+05:30,90.16547480489984,92.11787375981281,86.33166581083236,89.52650451660156,2023403,0.0,0.0
2007-11-23 00:00:00+05:30,90.87542325227383,90.87542325227383,86.61564306070787,87.29010772705078,1528769,0.0,0.0
2007-11-26 00:00:00+05:30,89.4555031513208,89.66848898769958,87.8225862676408,88.1065673828125,1028266,0.0,0.0
2007-11-27 00:00:00+05:30,88.03557430370326,88.85203594987397,86.89963071105139,87.6095962524414,3327691,0.0,0.0
2007-11-28 00:00:00+05:30,88.7455410718404,93.0053280112036,88.21306690843738,89.42000579833984,3081368,0.0,0.0
2007-11-29 00:00:00+05:30,93.64429108364295,96.41315798238851,91.94037887013266,93.89278411865234,4162457,0.0,0.0
2007-11-30 00:00:00+05:30,94.99323337267376,97.72659326562885,94.99323337267376,96.05818176269531,1960983,0.0,0.0
2007-12-03 00:00:00+05:30,96.91014045980066,98.89804035240067,95.52571006374241,95.9871826171875,1443131,0.0,0.0
2007-12-04 00:00:00+05:30,96.55514555460772,97.26511107754145,94.78023174727343,95.17071533203125,716065,0.0,0.0
2007-12-05 00:00:00+05:30,96.20016789785359,97.83308486653293,95.20621483943167,97.0521240234375,1283640,0.0,0.0
2007-12-06 00:00:00+05:30,98.68504792124348,100.81494475261405,96.62615274520778,97.83309173583984,2362984,0.0,0.0
2007-12-07 00:00:00+05:30,98.93353343581796,101.48940832952184,97.65559917289673,100.14047241210938,3471440,0.0,0.0
2007-12-10 00:00:00+05:30,102.23485709049633,102.90932815858126,99.78548494926828,100.67293548583984,1589904,0.0,0.0
2007-12-11 00:00:00+05:30,100.67293777595248,102.94482495583576,100.67293777595248,102.16386413574219,2162856,0.0,0.0
2007-12-12 00:00:00+05:30,101.1699270709037,104.36476593472108,99.60800528256085,103.51280975341797,2024033,0.0,0.0
2007-12-13 00:00:00+05:30,103.51280948930575,103.51280948930575,100.24696897882802,100.92144012451172,1009254,0.0,0.0
2007-12-14 00:00:00+05:30,100.81493169647531,102.16386108735972,100.2469567345214,101.45389556884766,1119888,0.0,0.0
2007-12-17 00:00:00+05:30,100.81493354096294,101.13441548299427,93.78628624124812,94.99322509765625,722291,0.0,0.0
2007-12-18 00:00:00+05:30,95.4902091499369,96.4841622792718,93.36031868402138,95.8451919555664,598519,0.0,0.0
2007-12-19 00:00:00+05:30,97.26512842576629,97.76210183331588,92.50836748869865,93.60881042480469,709088,0.0,0.0
2007-12-20 00:00:00+05:30,95.06421630733342,95.06421630733342,92.65033869786038,92.934326171875,569111,0.0,0.0
2007-12-24 00:00:00+05:30,95.13522029232567,95.703195292346,93.36031274494955,94.28326416015625,773113,0.0,0.0
2007-12-26 00:00:00+05:30,95.13522001474021,96.20016836077522,94.49625610140805,95.80968475341797,688306,0.0,0.0
2007-12-27 00:00:00+05:30,96.3421625888102,96.4841595277294,91.62090287072975,93.46681213378906,2120371,0.0,0.0
2007-12-28 00:00:00+05:30,93.04081558274088,96.44863955451636,93.04081558274088,95.66767883300781,458298,0.0,0.0
2007-12-31 00:00:00+05:30,96.2001675031839,97.72658835793773,95.84518472433679,96.44865417480469,465543,0.0,0.0
2008-01-01 00:00:00+05:30,96.55515166233978,101.87988068544453,96.200168878418,100.56645202636719,1211639,0.0,0.0
2008-01-02 00:00:00+05:30,102.23485623577295,106.45914851840946,99.46599581138163,104.82622528076172,3200934,0.0,0.0
2008-01-03 00:00:00+05:30,104.22275932197815,105.71368568484928,101.56039491047595,102.48335266113281,1750943,0.0,0.0
2008-01-04 00:00:00+05:30,104.29375355082259,104.29375355082259,100.81492774089733,101.24090576171875,1062789,0.0,0.0
2008-01-07 00:00:00+05:30,99.74998208469161,103.51279546176681,99.4659946075126,101.34740447998047,986824,0.0,0.0
2008-01-08 00:00:00+05:30,102.1638549481301,102.73182987595325,96.23565723408501,98.50753784179688,962972,0.0,0.0
2008-01-09 00:00:00+05:30,97.97508094014867,99.39500568104907,96.34215761792873,97.69109344482422,800737,0.0,0.0
2008-01-10 00:00:00+05:30,98.61403765059315,99.0400156785729,94.42525264748214,94.92222595214844,444981,0.0,0.0
2008-01-11 00:00:00+05:30,97.26511107754145,97.26511107754145,93.50229762670915,95.17071533203125,352718,0.0,0.0
2008-01-14 00:00:00+05:30,95.84519114635519,97.40711293079325,93.82179044492271,96.62615203857422,302530,0.0,0.0
2008-01-15 00:00:00+05:30,97.44260995828964,98.15257553586835,95.8451874087375,96.6971435546875,538205,0.0,0.0
2008-01-16 00:00:00+05:30,95.06422454091556,97.26511651139387,93.07632478636076,95.52570343017578,610097,0.0,0.0
2008-01-17 00:00:00+05:30,95.7386825071361,99.43050062439256,95.66768722946975,96.73263549804688,1056892,0.0,0.0
2008-01-18 00:00:00+05:30,95.2417285590772,97.86859894182199,90.52046203613281,90.52046203613281,987055,0.0,0.0
2008-01-21 00:00:00+05:30,91.44338878816764,91.44338878816764,70.99642049942057,76.85362243652344,1264056,0.0,0.0
2008-01-22 00:00:00+05:30,70.9964311934363,75.25621795654297,70.9964311934363,75.25621795654297,2571854,0.0,0.0
2008-01-23 00:00:00+05:30,77.31511264872587,78.06057262374169,70.9964309851448,74.93672943115234,1474194,0.0,0.0
2008-01-24 00:00:00+05:30,78.45107085040544,80.22597861321111,70.99644423732556,72.52286529541016,1323347,0.0,0.0
2008-01-25 00:00:00+05:30,75.96617816576382,77.6700967153922,72.41635687517413,76.74713897705078,1752765,0.0,0.0
2008-01-28 00:00:00+05:30,75.85969793198527,80.86494536874754,71.35142388250938,80.2259750366211,1233261,0.0,0.0
2008-01-29 00:00:00+05:30,81.2554215678755,83.59830426429545,76.07268279430271,78.41556549072266,1438006,0.0,0.0
2008-01-30 00:00:00+05:30,78.23806783316468,78.7705419990362,74.19127308754643,74.72374725341797,587557,0.0,0.0
2008-01-31 00:00:00+05:30,76.10817959718669,77.74109659599962,70.99643638149091,75.89518737792969,2545071,0.0,0.0
2008-02-01 00:00:00+05:30,75.43371182083665,77.67009819394437,74.54625488933013,77.0311279296875,542112,0.0,0.0
2008-02-04 00:00:00+05:30,79.51601259979928,82.28486694717624,78.16707670107269,81.21992492675781,1062488,0.0,0.0
2008-02-05 00:00:00+05:30,82.35584806162377,82.35584806162377,79.51599276898219,81.32640075683594,375990,0.0,0.0
2008-02-06 00:00:00+05:30,77.91858160011846,82.07187222431095,76.67614194800834,81.39740753173828,687861,0.0,0.0
2008-02-07 00:00:00+05:30,80.93594245954226,82.99483771088667,75.96618937242592,76.53416442871094,631263,0.0,0.0
2008-02-08 00:00:00+05:30,77.10212858043178,78.09608168651536,73.80079365959399,75.3982162475586,463485,0.0,0.0
2008-02-11 00:00:00+05:30,72.77134650447553,75.89519004424977,70.99643887571,71.88389587402344,376020,0.0,0.0
2008-02-12 00:00:00+05:30,72.48735700536088,73.76529111493747,70.35746045487258,70.96092987060547,639663,0.0,0.0
2008-02-13 00:00:00+05:30,72.41635685593094,73.12632238743238,70.64144939503812,71.24491882324219,201821,0.0,0.0
2008-02-14 00:00:00+05:30,73.26832405365809,74.8657402350011,73.0553318332864,74.51075744628906,254307,0.0,0.0
2008-02-15 00:00:00+05:30,73.83629448647106,75.85969515765397,72.48736495092334,75.3982162475586,404101,0.0,0.0
2008-02-18 00:00:00+05:30,76.32117903836773,76.99565027420418,74.6172664523567,74.86575317382812,278165,0.0,0.0
2008-02-19 00:00:00+05:30,75.93069542888922,76.6761555315002,73.90729462485693,75.14973449707031,375054,0.0,0.0
2008-02-20 00:00:00+05:30,75.82418737263615,75.82418737263615,72.41635665175406,72.7713394165039,507804,0.0,0.0
2008-02-21 00:00:00+05:30,74.40426677286952,74.40426677286952,72.16788013485844,72.87784576416016,211662,0.0,0.0
2008-02-22 00:00:00+05:30,72.41635234449133,72.948826459945,71.70639322508013,72.09687042236328,188590,0.0,0.0
2008-02-25 00:00:00+05:30,73.12632440024039,73.83628995128369,71.3514168904931,72.27436828613281,140571,0.0,0.0
2008-02-26 00:00:00+05:30,73.12632470714055,73.48130748415201,72.48736080280871,72.73584747314453,179811,0.0,0.0
2008-02-27 00:00:00+05:30,73.83628792935984,74.40425653392474,72.52285296946889,73.09082794189453,1064048,0.0,0.0
2008-02-28 00:00:00+05:30,72.80684193806485,73.76529415166954,70.9254383353027,71.5289077758789,1227086,0.0,0.0
2008-02-29 00:00:00+05:30,71.52891151268692,73.83629329005312,68.54705861061443,73.44581604003906,1107472,0.0,0.0
2008-03-03 00:00:00+05:30,71.06743358129216,71.70640388842892,68.54705954739343,68.83104705810547,383540,0.0,0.0
2008-03-04 00:00:00+05:30,69.50551776724218,69.57651305902533,63.93229502826882,65.49421691894531,550673,0.0,0.0
2008-03-05 00:00:00+05:30,64.9617344019119,65.24572190072305,61.94438712660906,62.44136047363281,907542,0.0,0.0
2008-03-07 00:00:00+05:30,61.76690306434718,61.76690306434718,56.79715626873763,57.258628845214844,837839,0.0,0.0
2008-03-10 00:00:00+05:30,56.44216774062027,58.82054477737684,53.815297658122105,56.158180236816406,1541890,0.0,0.0
2008-03-11 00:00:00+05:30,56.05167725607683,59.424006958835214,54.13477298413242,58.82053756713867,719828,0.0,0.0
2008-03-12 00:00:00+05:30,60.70195213937205,61.76689408774181,57.72009940107063,58.11057662963867,1427538,0.0,0.0
2008-03-13 00:00:00+05:30,58.21707201084866,58.21707201084866,54.48975931825504,55.235225677490234,683330,0.0,0.0
2008-03-14 00:00:00+05:30,55.76769727828046,57.968589314860196,55.0222372358812,57.22312927246094,548987,0.0,0.0
2008-03-17 00:00:00+05:30,55.94518375317455,56.797146199654414,51.15292921897638,53.708797454833984,703984,0.0,0.0
2008-03-18 00:00:00+05:30,52.89233549639623,56.97463378930672,52.11137474831181,54.028282165527344,720324,0.0,0.0
2008-03-19 00:00:00+05:30,57.79108927217793,57.86208454637537,55.16422591971094,56.01618194580078,712687,0.0,0.0
2008-03-24 00:00:00+05:30,56.22917275275245,56.726146084048345,53.3538193178523,55.83869552612305,439523,0.0,0.0
2008-03-25 00:00:00+05:30,56.79714280759952,63.506301301934975,54.56075027496075,62.760841369628906,1070553,0.0,0.0
2008-03-26 00:00:00+05:30,62.47687354177239,65.21024022175006,60.52447422852745,64.1807861328125,793287,0.0,0.0
2008-03-27 00:00:00+05:30,64.53576193678168,64.92624557750823,60.488966791030016,63.04484176635742,2705919,0.0,0.0
2008-03-28 00:00:00+05:30,62.405878245122764,64.78425570612774,61.34092969179155,64.1807861328125,506525,0.0,0.0
2008-03-31 00:00:00+05:30,64.14529445405394,64.14529445405394,59.14004622461418,61.69591522216797,671173,0.0,0.0
2008-04-01 00:00:00+05:30,61.837888174857206,63.18681744951244,61.05692107749669,61.94437789916992,311661,0.0,0.0
2008-04-02 00:00:00+05:30,63.18683198871032,64.96173967260036,62.831849178359995,64.64225769042969,657585,0.0,0.0
2008-04-03 00:00:00+05:30,65.31672955766227,66.73666095286188,62.9028512801127,63.2933349609375,526923,0.0,0.0
2008-04-04 00:00:00+05:30,62.831839588558196,63.89678785706985,61.127927453228,61.55390548706055,167777,0.0,0.0
2008-04-07 00:00:00+05:30,62.47686507198778,63.18683067796088,61.411916663028144,62.37036895751953,111964,0.0,0.0
2008-04-08 00:00:00+05:30,64.89074574240169,64.89074574240169,61.97989427803273,62.47686767578125,161697,0.0,0.0
2008-04-09 00:00:00+05:30,62.47686636800968,65.13923107777552,61.83790240366835,64.64225769042969,319055,0.0,0.0
2008-04-10 00:00:00+05:30,65.06823008402333,65.63620507792778,63.25782173069224,63.75479507446289,198004,0.0,0.0
2008-04-11 00:00:00+05:30,64.14528093678521,65.63620738844149,63.54181146443163,65.31671905517578,819780,0.0,0.0
2008-04-15 00:00:00+05:30,65.95569401303172,65.95569401303172,64.28727604765595,64.46476745605469,132699,0.0,0.0
2008-04-16 00:00:00+05:30,65.10372790823149,67.304613396547,64.89073570336963,66.8076400756836,613599,0.0,0.0
2008-04-17 00:00:00+05:30,67.80160538035312,69.57651314866578,67.4821170151246,68.08558654785156,441030,0.0,0.0
2008-04-21 00:00:00+05:30,68.51156458843823,69.22153024209433,64.6067662290534,67.94359588623047,378375,0.0,0.0
2008-04-22 00:00:00+05:30,68.0145850761129,69.43451625603633,67.80159921984115,68.36956787109375,292684,0.0,0.0
2008-04-23 00:00:00+05:30,69.2215142315498,70.21546719034501,66.73664138635233,67.3401107788086,487770,0.0,0.0
2008-04-24 00:00:00+05:30,66.91412511061064,69.75398037594289,66.73663375853614,68.72453308105469,1453074,0.0,0.0
2008-04-25 00:00:00+05:30,66.73664251712096,68.36955934979618,66.52365031953438,67.1626205444336,725808,0.0,0.0
2008-04-28 00:00:00+05:30,67.4820998368442,67.90807784751651,66.31066189946038,67.05612182617188,1080015,0.0,0.0
2008-04-29 00:00:00+05:30,67.09163134244834,67.19812745088396,65.03273629604463,66.73664855957031,1500052,0.0,0.0
2008-04-30 00:00:00+05:30,66.80764452283174,67.7660967727895,65.6007055959014,65.8136978149414,345122,0.0,0.0
2008-05-02 00:00:00+05:30,67.44661032240847,67.44661032240847,66.02667927095793,66.8076400756836,409529,0.0,0.0
2008-05-05 00:00:00+05:30,67.44661596456073,70.4994577919835,66.843146490784,67.62410736083984,816509,0.0,0.0
2008-05-06 00:00:00+05:30,67.87259070740373,68.33406958862871,66.02668155036474,66.4526596069336,141642,0.0,0.0
2008-05-07 00:00:00+05:30,67.0206425420764,67.3046237015583,65.74270185296112,66.91414642333984,520385,0.0,0.0
2008-05-08 00:00:00+05:30,65.8136911859203,67.62409939396417,65.67169426490909,67.1626205444336,203738,0.0,0.0
2008-05-09 00:00:00+05:30,67.16261376334921,68.01456973195663,64.713235577708,65.13921356201172,143912,0.0,0.0
2008-05-12 00:00:00+05:30,64.10979341837005,64.67776855016844,63.293337922220836,64.28728485107422,129318,0.0,0.0
2008-05-13 00:00:00+05:30,65.17472389963726,66.38166275941863,64.60675529356517,66.02667999267578,1022568,0.0,0.0
2008-05-14 00:00:00+05:30,64.60675736241343,65.95568682494327,64.00328154533736,65.3877182006836,107308,0.0,0.0
2008-05-15 00:00:00+05:30,65.3522170274507,67.09163008377638,65.31671620268449,66.77214813232422,420860,0.0,0.0
2008-05-16 00:00:00+05:30,67.51762458704184,67.76611131734681,65.77821110704444,66.13319396972656,177629,0.0,0.0
2008-05-20 00:00:00+05:30,65.45872907777553,66.48817683240868,65.45872907777553,66.13319396972656,569629,0.0,0.0
2008-05-21 00:00:00+05:30,65.45871211924188,66.02668073167088,64.96173241952305,65.24571990966797,109034,0.0,0.0
2008-05-22 00:00:00+05:30,64.1097728699554,65.28121722390509,63.68379484157202,63.932281494140625,111847,0.0,0.0
2008-05-23 00:00:00+05:30,64.60675280383752,65.316711942103,62.26387045433802,62.5478515625,202318,0.0,0.0
2008-05-26 00:00:00+05:30,62.12188241237165,62.76085273279438,60.34697476120405,60.45346450805664,151613,0.0,0.0
2008-05-27 00:00:00+05:30,61.056920655133965,62.086374381869696,60.24046547913051,61.411903381347656,1243857,0.0,0.0
2008-05-28 00:00:00+05:30,61.58940491757525,62.7608493811475,60.48896210526157,61.37641906738281,121876,0.0,0.0
2008-05-29 00:00:00+05:30,61.41190115827102,62.29935794167981,57.6135937667132,58.785037994384766,517991,0.0,0.0
2008-05-30 00:00:00+05:30,59.63700191128052,59.92098939341004,58.64304890775754,59.069026947021484,155898,0.0,0.0
2008-06-02 00:00:00+05:30,61.76688924013932,61.76688924013932,55.02222983573623,55.44820785522461,282784,0.0,0.0
2008-06-03 00:00:00+05:30,55.44821817089326,56.58416189014838,54.02829329772053,55.69670486450195,160983,0.0,0.0
2008-06-04 00:00:00+05:30,56.229176833497526,56.229176833497526,53.4603161183877,54.13478088378906,104653,0.0,0.0
2008-06-05 00:00:00+05:30,54.95123866511352,55.23522615527202,53.744299791765975,54.06378173828125,135966,0.0,0.0
2008-06-06 00:00:00+05:30,54.52526172908338,55.23522728507106,53.60231032701599,53.8152961730957,175564,0.0,0.0
2008-06-09 00:00:00+05:30,52.5373683895097,53.42482544254305,51.15293793392238,52.998844146728516,123480,0.0,0.0
2008-06-10 00:00:00+05:30,51.89838869845077,53.60230720722086,51.82739342055631,52.11137771606445,88720,0.0,0.0
2008-06-11 00:00:00+05:30,52.53735653106046,53.38931256252884,52.00488241942764,52.32436752319336,231694,0.0,0.0
2008-06-12 00:00:00+05:30,49.768501802104026,53.566809914445436,49.768501802104026,52.501861572265625,263151,0.0,0.0
2008-06-13 00:00:00+05:30,52.679352962628926,53.81529658738185,52.040385867679355,52.501861572265625,93002,0.0,0.0
2008-06-16 00:00:00+05:30,53.53131405246708,54.02829381227919,52.96334537136104,53.24732971191406,86604,0.0,0.0
2008-06-17 00:00:00+05:30,52.679348845358746,56.44216220625317,52.35986691481903,55.590206146240234,367796,0.0,0.0
2008-06-18 00:00:00+05:30,56.76164627075195,57.15212986085679,55.73219879554577,56.76164627075195,395438,0.0,0.0
2008-06-19 00:00:00+05:30,57.43612035364205,57.43612035364205,54.41877271526283,55.057743072509766,160050,0.0,0.0
2008-06-20 00:00:00+05:30,55.37722499706465,55.945193694450055,52.253381241790464,52.53736877441406,116099,0.0,0.0
2008-06-23 00:00:00+05:30,50.54946020631597,52.46636470331311,49.058536962819744,49.733001708984375,220942,0.0,0.0
2008-06-24 00:00:00+05:30,49.73300367298449,50.72695360254412,47.03514139785446,47.7096061706543,282040,0.0,0.0
2008-06-25 00:00:00+05:30,46.14767551731856,48.242071086958084,44.15977604074854,47.3546142578125,351351,0.0,0.0
2008-06-26 00:00:00+05:30,48.810037028960984,49.6974938106895,45.544203713631816,45.863685607910156,1249751,0.0,0.0
2008-06-27 00:00:00+05:30,44.01778239033252,46.1121779637325,44.01778239033252,45.0472297668457,273182,0.0,0.0
2008-06-30 00:00:00+05:30,44.763248014105116,45.97018682478596,42.95283979808385,43.30781936645508,201862,0.0,0.0
2008-07-01 00:00:00+05:30,43.30782182929159,44.017787374269,38.79955144404852,39.43851852416992,254832,0.0,0.0
2008-07-02 00:00:00+05:30,38.33806745084164,40.82294334277833,36.95363737000278,40.00648498535156,431603,0.0,0.0
2008-07-03 00:00:00+05:30,40.00649423655925,40.71645666705046,38.01859115296392,39.509517669677734,274212,0.0,0.0
2008-07-04 00:00:00+05:30,38.05408725159885,40.32597120433186,38.05408725159885,39.757999420166016,410531,0.0,0.0
2008-07-07 00:00:00+05:30,42.526869430376905,44.01779280114,39.79350620272527,40.18398666381836,413385,0.0,0.0
2008-07-08 00:00:00+05:30,39.75800537130782,43.591814692305,38.33807729031771,41.31992721557617,690020,0.0,0.0
2008-07-09 00:00:00+05:30,42.52687224411503,44.19528713339368,41.603917497574976,43.02384567260742,562468,0.0,0.0
2008-07-10 00:00:00+05:30,42.597865630415455,43.52082033561384,42.42037421849535,42.988346099853516,207609,0.0,0.0
2008-07-11 00:00:00+05:30,41.88789358063526,43.5918089642852,40.467965686225504,40.82294845581055,321616,0.0,0.0
2008-07-14 00:00:00+05:30,40.82294612738891,41.142428054648796,39.61600732678436,40.254974365234375,239027,0.0,0.0
2008-07-15 00:00:00+05:30,39.40302473787289,40.0419918804942,39.11903721853181,39.509517669677734,159905,0.0,0.0
2008-07-16 00:00:00+05:30,39.58050565262583,40.3969672320984,38.8350457157807,39.1190299987793,119658,0.0,0.0
2008-07-17 00:00:00+05:30,40.82294920668216,40.82294920668216,39.50951420863118,40.041988372802734,148229,0.0,0.0
2008-07-18 00:00:00+05:30,40.467968708155475,41.31992487163474,40.041990626415846,40.609962463378906,276925,0.0,0.0
2008-07-21 00:00:00+05:30,41.10693171253972,41.31992073207161,39.7579991328842,41.14242935180664,219796,0.0,0.0
2008-07-22 00:00:00+05:30,42.2822122639319,43.71613058900428,41.58363472484265,42.17190933227539,570708,1.70123,0.0
2008-07-23 00:00:00+05:30,44.120573621886564,45.88539762204012,43.752901542969894,45.297122955322266,997263,0.0,0.0
2008-07-24 00:00:00+05:30,45.95893046078469,47.20901288389012,44.19410647053608,44.63531494140625,481885,0.0,0.0
2008-07-25 00:00:00+05:30,42.649884696431414,45.73832394043292,42.649884696431414,44.598541259765625,284279,0.0,0.0
2008-07-28 00:00:00+05:30,44.48824397200178,45.5177237743167,44.26764139277315,44.74561309814453,240550,0.0,0.0
2008-07-29 00:00:00+05:30,44.34117604013086,44.70884811764158,42.28221636336369,42.87049102783203,350257,0.0,0.0
2008-07-30 00:00:00+05:30,43.12785701630813,44.304406259401716,43.017557379748986,43.82643127441406,329278,0.0,0.0
2008-07-31 00:00:00+05:30,43.4219871290911,44.12056459566603,42.35574095656151,42.94401550292969,580257,0.0,0.0
2008-08-01 00:00:00+05:30,42.64988966265813,43.752902629044065,41.62040979478322,43.45876693725586,331959,0.0,0.0
2008-08-04 00:00:00+05:30,43.38523439161788,45.958935938603766,42.833729508348654,45.517730712890625,534151,0.0,0.0
2008-08-05 00:00:00+05:30,45.885394671927656,47.650215260871455,45.40741968096885,47.319313049316406,589888,0.0,0.0
2008-08-06 00:00:00+05:30,47.31931760960734,49.19444131494279,46.326604283784064,46.54720687866211,491909,0.0,0.0
2008-08-07 00:00:00+05:30,46.03245918366413,47.31931133039047,46.03245918366413,46.40013122558594,152358,0.0,0.0
2008-08-08 00:00:00+05:30,45.958935791956705,47.356087867419866,45.591263672454126,46.87811279296875,222364,0.0,0.0
2008-08-11 00:00:00+05:30,47.42961403120248,48.091421770809156,47.31931439014,47.50314712524414,250054,0.0,0.0
2008-08-12 00:00:00+05:30,47.797293091725194,48.38556782338044,46.54721052361195,46.87811279296875,180222,0.0,0.0
2008-08-13 00:00:00+05:30,46.69428052954683,47.61345754037352,46.32660840611838,46.841346740722656,158401,0.0,0.0
2008-08-14 00:00:00+05:30,46.36337223024568,46.98841348419014,45.00298677272222,45.37065887451172,149815,0.0,0.0
2008-08-18 00:00:00+05:30,45.591257748478526,45.591257748478526,44.230872402180665,45.00298309326172,128367,0.0,0.0
2008-08-19 00:00:00+05:30,45.51772339103189,45.51772339103189,43.60582999015775,44.45147705078125,185447,0.0,0.0
2008-08-20 00:00:00+05:30,45.22359605221219,45.29713246207543,43.97351335972918,44.41471862792969,241430,0.0,0.0
2008-08-21 00:00:00+05:30,44.85591508287594,44.85591508287594,43.385230045251696,43.49553298950195,121379,0.0,0.0
2008-08-22 00:00:00+05:30,43.495534334793504,44.12057557755957,43.421997937104194,43.71613693237305,76280,0.0,0.0
2008-08-25 00:00:00+05:30,44.41470639627532,44.8191449970356,43.38522662140769,43.78966522216797,83070,0.0,0.0
2008-08-26 00:00:00+05:30,43.38522662140769,43.97350124958117,42.79695199323421,43.78966522216797,111251,0.0,0.0
2008-08-27 00:00:00+05:30,44.120576215645514,44.120576215645514,43.12786286330854,43.31169891357422,113476,0.0,0.0
2008-08-28 00:00:00+05:30,43.38522822984505,43.38522822984505,40.95859653531991,41.546871185302734,461979,0.0,0.0
2008-08-29 00:00:00+05:30,42.53958718491444,43.752903110152694,42.09838199350855,43.385231018066406,265263,0.0,0.0
2008-09-01 00:00:00+05:30,43.38522430348857,44.047035285915406,42.50281405724432,43.67936325073242,142140,0.0,0.0
2008-09-02 00:00:00+05:30,44.0470392010787,45.66479366148458,44.0470392010787,45.07651901245117,595837,0.0,0.0
2008-09-04 00:00:00+05:30,44.4882417282589,44.78237738648117,43.38522559000191,44.26763916015625,567827,0.0,0.0
2008-09-05 00:00:00+05:30,43.71613166145538,44.34117282885932,43.385226156111734,43.86320114135742,266019,0.0,0.0
2008-09-08 00:00:00+05:30,45.22358308836973,45.7383246188771,43.42199267820963,43.82643127441406,356522,0.0,0.0
2008-09-09 00:00:00+05:30,44.12057421293586,44.12057421293586,43.31169694758091,43.49553298950195,119405,0.0,0.0
2008-09-10 00:00:00+05:30,43.05432695610117,44.2676428301265,42.83372436970966,43.238162994384766,246986,0.0,0.0
2008-09-11 00:00:00+05:30,43.16461804559983,43.49552350847673,42.76017950108067,42.94401550292969,164934,0.0,0.0
2008-09-12 00:00:00+05:30,43.53229801689013,43.53229801689013,41.98807663782132,42.24544906616211,211809,0.0,0.0
2008-09-15 00:00:00+05:30,41.179200181339,41.54687225930068,37.759855132685864,39.70851516723633,406549,0.0,0.0
2008-09-16 00:00:00+05:30,38.49520083194047,41.69394342160788,38.27459823586798,40.6276969909668,307644,0.0,0.0
2008-09-17 00:00:00+05:30,40.81152958735495,41.54687041285388,38.49519757778639,39.157005310058594,249949,0.0,0.0
2008-09-18 00:00:00+05:30,38.20105962603605,40.44385511070996,35.66412519053137,39.04670333862305,273885,0.0,0.0
2008-09-19 00:00:00+05:30,39.855588635445784,40.590929567010065,38.93640834880998,39.34084701538086,470817,0.0,0.0
2008-09-22 00:00:00+05:30,40.07618786454051,41.473339803740224,39.08347455780008,39.3040771484375,915400,0.0,0.0
2008-09-23 00:00:00+05:30,38.936402061605385,39.451143598553095,37.98045867515709,38.2010612487793,345928,0.0,0.0
2008-09-24 00:00:00+05:30,38.20106674050903,39.23054666465715,38.20106674050903,38.71580505371094,399652,0.0,0.0
2008-09-25 00:00:00+05:30,38.973174393277105,39.34084317428927,37.57602247264994,37.94369125366211,844934,0.0,0.0
2008-09-26 00:00:00+05:30,38.23782549358503,38.60549752674328,37.42894833973434,37.686317443847656,321125,0.0,0.0
2008-09-29 00:00:00+05:30,38.237834005233836,38.237834005233836,35.29646038296888,35.884735107421875,380967,0.0,0.0
2008-09-30 00:00:00+05:30,33.163962517351436,36.693607047478004,33.163962517351436,36.03179931640625,350737,0.0,0.0
2008-10-01 00:00:00+05:30,36.03180334004431,37.134819646080594,35.847967289038266,36.69361114501953,204125,0.0,0.0
2008-10-03 00:00:00+05:30,36.031802782149136,36.91421317512003,35.44352808758713,35.737667083740234,182011,0.0,0.0
2008-10-06 00:00:00+05:30,35.29644887277734,35.73765724554707,33.56839511263327,33.788997650146484,260506,0.0,0.0
2008-10-07 00:00:00+05:30,33.825768427126704,35.517059156903635,33.23749382082304,34.11990737915039,259783,0.0,0.0
2008-10-08 00:00:00+05:30,33.82578029243813,35.22293256028049,31.619750569410453,32.35509490966797,284996,0.0,0.0
2008-10-10 00:00:00+05:30,30.884394210864304,31.730037804146207,27.20767927953201,30.296119689941406,332045,0.0,0.0
2008-10-13 00:00:00+05:30,33.09042475347451,33.09042475347451,30.001982515592065,31.362367630004883,602701,0.0,0.0
2008-10-14 00:00:00+05:30,32.94336006093073,34.30374537234506,31.987413358498184,32.17124938964844,369176,0.0,0.0
2008-10-15 00:00:00+05:30,31.325602095210186,31.730040658619515,30.88439698926247,31.104999542236328,197786,0.0,0.0
2008-10-16 00:00:00+05:30,29.41371063758269,32.28155059058097,29.119574982214097,31.472673416137695,353914,0.0,0.0
2008-10-17 00:00:00+05:30,31.840349197343688,32.72275956480563,30.185824811736392,30.44319725036621,205625,0.0,0.0
2008-10-20 00:00:00+05:30,30.36965800980965,31.73004328033754,29.891686321830782,30.3328914642334,228471,0.0,0.0
2008-10-21 00:00:00+05:30,31.546211599577056,31.546211599577056,30.44319859165237,30.663801193237305,134080,0.0,0.0
2008-10-22 00:00:00+05:30,30.44319636742483,30.884401538359562,29.891688254884404,30.149057388305664,198013,0.0,0.0
2008-10-23 00:00:00+05:30,29.046044620648274,30.259360496260953,28.053331331715714,29.597549438476562,278464,0.0,0.0
2008-10-24 00:00:00+05:30,30.149057503808628,30.149057503808628,26.47234333494143,26.840015411376953,363466,0.0,0.0
2008-10-27 00:00:00+05:30,26.509111626817234,27.317988878773754,24.450150299827534,25.773767471313477,374165,0.0,0.0
2008-10-29 00:00:00+05:30,28.9725085632384,29.046044958148915,24.33984924251061,25.075193405151367,594583,0.0,0.0
2008-10-31 00:00:00+05:30,25.736997541479735,26.729710701878716,24.781052573348145,26.10466957092285,344281,0.0,0.0
2008-11-03 00:00:00+05:30,29.41370944578143,29.41370944578143,26.876778391135087,28.053327560424805,275635,0.0,0.0
2008-11-04 00:00:00+05:30,28.310697796031963,29.707849578376816,27.02384894549442,29.340177536010742,376120,0.0,0.0
2008-11-05 00:00:00+05:30,29.41371271271322,32.355085962630916,28.67837187354176,28.825441360473633,309217,0.0,0.0
2008-11-06 00:00:00+05:30,28.200398173832365,28.31069780794236,26.803244742027868,27.24445152282715,543537,0.0,0.0
2008-11-07 00:00:00+05:30,27.94302890709557,28.23716789328012,26.84001595326373,27.979795455932617,229162,0.0,0.0
2008-11-10 00:00:00+05:30,28.237167788569327,30.8844021656932,27.869495706074108,29.744619369506836,730032,0.0,0.0
2008-11-11 00:00:00+05:30,29.229875635532593,29.376941802880893,28.16362613579667,28.678367614746094,355856,0.0,0.0
2008-11-12 00:00:00+05:30,29.560779399022913,29.560779399022913,27.94302508927207,28.200397491455078,142588,0.0,0.0
2008-11-14 00:00:00+05:30,29.046044152745356,29.046044152745356,27.83272829667799,28.090097427368164,157667,0.0,0.0
2008-11-17 00:00:00+05:30,27.501822012244794,27.943027166291177,27.134151600163452,27.465055465698242,176747,0.0,0.0
2008-11-18 00:00:00+05:30,26.84001478113226,27.759194950637312,26.472342713330242,26.54587745666504,189721,0.0,0.0
2008-11-19 00:00:00+05:30,27.207682948045793,27.207682948045793,25.442860796191137,25.700231552124023,184405,0.0,0.0
2008-11-20 00:00:00+05:30,25.36933065511827,26.031140112509036,24.817824148019405,25.957605361938477,274114,0.0,0.0
2008-11-21 00:00:00+05:30,25.737000813608333,26.435576769042125,25.03842485817454,26.14143943786621,148444,0.0,0.0
2008-11-24 00:00:00+05:30,25.810535724490755,26.58264478102645,25.44286364594003,25.58993148803711,117489,0.0,0.0
2008-11-25 00:00:00+05:30,26.95031317938007,26.95031317938007,24.744284307063797,25.222257614135742,145755,0.0,0.0
2008-11-26 00:00:00+05:30,25.0016575740113,25.810534798712276,24.928122831164313,25.51639747619629,109734,0.0,0.0
2008-11-27 00:00:00+05:30,25.51639747619629,25.51639747619629,25.51639747619629,25.51639747619629,0,0.0,0.0
2008-11-28 00:00:00+05:30,25.736997350119882,25.736997350119882,24.266310892154063,24.523681640625,339871,0.0,0.0
2008-12-01 00:00:00+05:30,25.00165877524681,25.516398702163112,24.633986692218578,24.707521438598633,132434,0.0,0.0
2008-12-02 00:00:00+05:30,24.26631388990865,26.178205697015095,23.751573978249834,24.781055450439453,129332,0.0,0.0
2008-12-03 00:00:00+05:30,24.339848634109046,25.14872587369747,24.303082086444842,24.781055450439453,164458,0.0,0.0
2008-12-04 00:00:00+05:30,25.222262211885024,25.737002156074183,24.928124865366634,25.663467407226562,179356,0.0,0.0
2008-12-05 00:00:00+05:30,25.773768706061947,26.362043399098724,25.553166108391178,25.663467407226562,170764,0.0,0.0
2008-12-08 00:00:00+05:30,26.472344991488335,26.766482341268443,24.817823841738342,24.964893341064453,291708,0.0,0.0
2008-12-10 00:00:00+05:30,24.633984935271176,25.369327400009436,24.633984935271176,25.038423538208008,232421,0.0,0.0
2008-12-11 00:00:00+05:30,25.111960367669944,27.060618803270373,25.111960367669944,25.884069442749023,424651,0.0,0.0
2008-12-12 00:00:00+05:30,26.472343429718837,26.472343429718837,25.001658416455353,25.773767471313477,462045,0.0,0.0
2008-12-15 00:00:00+05:30,26.803244742027868,27.906259220718276,26.54587563136083,27.24445152282715,844460,0.0,0.0
2008-12-16 00:00:00+05:30,27.943030180441898,29.597551335457194,27.575359728700786,28.384235382080078,858101,0.0,0.0
2008-12-17 00:00:00+05:30,29.413715875538696,31.178540015258967,27.943030741310622,28.163633346557617,1251487,0.0,0.0
2008-12-18 00:00:00+05:30,28.310700013457335,29.854921393247942,28.310700013457335,29.671085357666016,633439,0.0,0.0
2008-12-19 00:00:00+05:30,30.075521011602408,31.031464345100357,29.63431588879664,29.928451538085938,787212,0.0,0.0
2008-12-22 00:00:00+05:30,30.14905757545771,31.06823776873095,29.41371342083912,29.634319305419922,490896,0.0,0.0
2008-12-23 00:00:00+05:30,29.41371624463699,29.781388357243824,28.310703204560845,28.494539260864258,278660,0.0,0.0
2008-12-24 00:00:00+05:30,28.67836915652014,28.67836915652014,27.979791633085746,28.200397491455078,403866,0.0,0.0
2008-12-26 00:00:00+05:30,28.604838433199088,29.891687359502875,28.05333033717865,28.310699462890625,337710,0.0,0.0
2008-12-29 00:00:00+05:30,28.494535839312906,29.229879976228318,28.126863770855202,28.825441360473633,280705,0.0,0.0
2008-12-30 00:00:00+05:30,29.340180303640427,30.553496179253106,28.82544203396815,29.597549438476562,9904457,0.0,0.0
2008-12-31 00:00:00+05:30,30.443196050424888,31.987414132616774,29.965221038769325,31.252073287963867,1028164,0.0,0.0
2009-01-02 00:00:00+05:30,32.35508511926092,34.00960608644978,32.20801563616257,33.23749542236328,789535,0.0,0.0
2009-01-05 00:00:00+05:30,34.11990961101455,34.9287868353747,33.899307031438504,34.59788131713867,1028963,0.0,0.0
2009-01-06 00:00:00+05:30,34.928790992124746,35.737668312746486,33.34780290222874,33.89931106567383,494584,0.0,0.0
2009-01-07 00:00:00+05:30,34.37728216728538,34.48758511694997,29.781387489153307,30.663801193237305,682195,0.0,0.0
2009-01-09 00:00:00+05:30,30.149060222463778,32.13448697605385,28.898977688053527,30.259363174438477,329412,0.0,0.0
2009-01-12 00:00:00+05:30,30.149061183557162,30.77410247068739,28.825445504132368,29.11958122253418,257035,0.0,0.0
2009-01-13 00:00:00+05:30,28.751899203372457,30.075517724885547,28.751899203372457,29.15633773803711,176867,0.0,0.0
2009-01-14 00:00:00+05:30,29.707850510066617,30.00198617453785,29.193112272805998,29.413711547851562,327954,0.0,0.0
2009-01-15 00:00:00+05:30,28.678370508696954,29.340178221778075,28.200398821095668,28.60483741760254,282366,0.0,0.0
2009-01-16 00:00:00+05:30,29.26664988968902,29.26664988968902,28.347469612823353,28.862211227416992,272144,0.0,0.0
2009-01-19 00:00:00+05:30,29.340183835771647,29.52401989642694,28.71514254864142,29.11958122253418,214940,0.0,0.0
2009-01-20 00:00:00+05:30,28.494534483217123,29.04604255965662,28.457767937669914,28.60483741760254,181686,0.0,0.0
2009-01-21 00:00:00+05:30,28.090094562270412,28.604836068892787,27.86949200164472,28.200397491455078,287042,0.0,0.0
2009-01-22 00:00:00+05:30,28.347467115053917,28.641606096831307,26.87678209939908,27.869495391845703,298056,0.0,0.0
2009-01-23 00:00:00+05:30,27.86949682317415,27.90626337334858,26.87678347974351,27.207687377929688,193289,0.0,0.0
2009-01-27 00:00:00+05:30,27.575356983735325,28.531302041750017,27.575356983735325,28.310699462890625,242653,0.0,0.0
2009-01-28 00:00:00+05:30,29.413706844753364,29.78137883986144,29.04603814738858,29.19310760498047,467952,0.0,0.0
2009-01-29 00:00:00+05:30,29.450477703349055,30.25935480152894,28.310695138552525,28.53129768371582,661488,0.0,0.0
2009-01-30 00:00:00+05:30,28.531304814930238,28.75190741523172,28.053333063901064,28.568071365356445,245110,0.0,0.0
2009-02-02 00:00:00+05:30,28.23716896464513,28.82544366159026,27.575359518363832,27.722427368164062,223035,0.0,0.0
2009-02-03 00:00:00+05:30,28.604838903524453,28.604838903524453,27.31798830719011,27.57535743713379,286152,0.0,0.0
2009-02-04 00:00:00+05:30,27.759193740537434,28.20039888356893,27.28121875413348,27.354753494262695,220198,0.0,0.0
2009-02-05 00:00:00+05:30,27.575354173283944,27.86949146474229,27.060614325449787,27.170915603637695,148896,0.0,0.0
2009-02-06 00:00:00+05:30,27.685656578584236,27.869492599338834,27.354752730549073,27.612123489379883,231404,0.0,0.0
2009-02-09 00:00:00+05:30,27.759196241716758,28.126865028875102,27.648893297148387,27.83272933959961,189513,0.0,0.0
2009-02-10 00:00:00+05:30,27.943027991724428,28.457769551813197,27.685658860552035,27.906261444091797,256570,0.0,0.0
2009-02-11 00:00:00+05:30,27.2812204611775,29.781385293292484,27.2812204611775,28.78867530822754,1627222,0.0,0.0
2009-02-12 00:00:00+05:30,28.825440417716806,30.075522771392997,28.568067999567592,28.715137481689453,1056847,0.0,0.0
2009-02-13 00:00:00+05:30,29.266650037789738,29.266650037789738,28.310703204560845,28.494539260864258,355098,0.0,0.0
2009-02-16 00:00:00+05:30,29.4137128963864,29.781384967140024,27.244453614879163,27.391521453857422,501756,0.0,0.0
2009-02-17 00:00:00+05:30,26.545878748078277,27.207686523671406,26.104673564349525,26.251741409301758,381057,0.0,0.0
2009-02-18 00:00:00+05:30,25.736998257123112,26.25173812333326,25.553162237289804,26.03113555908203,426118,0.0,0.0
2009-02-19 00:00:00+05:30,26.104674621934052,26.472345073646178,25.884070372260236,25.994373321533203,210505,0.0,0.0
2009-02-20 00:00:00+05:30,25.773764801541034,26.25173812333326,25.47962749958211,26.03113555908203,277181,0.0,0.0
2009-02-24 00:00:00+05:30,25.516398707265495,25.58993180478821,25.07519352664102,25.406097412109375,246461,0.0,0.0
2009-02-25 00:00:00+05:30,25.73700129757773,25.73700129757773,25.25902791931986,25.406097412109375,369693,0.0,0.0
2009-02-26 00:00:00+05:30,25.148728461491192,25.516400571454504,24.156015083687972,24.376619338989258,952582,0.0,0.0
2009-02-27 00:00:00+05:30,24.633984104706563,24.707518843362653,24.229545515405867,24.597217559814453,337936,0.0,0.0
2009-03-02 00:00:00+05:30,24.266314158325443,24.30308235526834,23.71480769290205,23.861875534057617,215388,0.0,0.0
2009-03-03 00:00:00+05:30,23.898643522724473,23.898643522724473,22.832395500368893,23.016231536865234,292138,0.0,0.0
2009-03-04 00:00:00+05:30,23.383901633753876,23.530969461199486,23.0897643299908,23.20006561279297,125737,0.0,0.0
2009-03-05 00:00:00+05:30,23.898641582010026,23.898641582010026,22.61179107990769,22.832393646240234,177877,0.0,0.0
2009-03-06 00:00:00+05:30,22.832392577218023,23.05299678209365,21.986748896246034,22.24411964416504,307140,0.0,0.0
2009-03-09 00:00:00+05:30,22.28088764547579,22.648558046588686,21.98675033526234,22.0970516204834,182781,0.0,0.0
2009-03-12 00:00:00+05:30,22.24412110002607,23.08976483634481,21.98675033526234,22.0970516204834,237612,0.0,0.0
2009-03-13 00:00:00+05:30,22.354423284031988,22.795630124070936,22.20735543660039,22.391191482543945,598385,0.0,0.0
2009-03-16 00:00:00+05:30,22.685327660495016,23.200067573361576,22.57502636837161,23.016231536865234,400395,0.0,0.0
2009-03-17 00:00:00+05:30,23.163299560546875,23.604504701134548,22.83239405623423,23.163299560546875,549384,0.0,0.0
2009-03-18 00:00:00+05:30,23.89864295837188,23.89864295837188,23.08976573598674,23.236833572387695,384767,0.0,0.0
2009-03-19 00:00:00+05:30,23.530970703202264,23.530970703202264,22.83239477600197,23.089765548706055,658418,0.0,0.0
2009-03-20 00:00:00+05:30,23.16329851099555,24.1560100323371,22.97946249445651,23.604503631591797,727814,0.0,0.0
2009-03-23 00:00:00+05:30,24.045713424682617,24.48692027988474,23.64127641812822,24.045713424682617,692088,0.0,0.0
2009-03-24 00:00:00+05:30,24.450147088015804,25.07518986786175,23.420667384191116,23.641271591186523,771285,0.0,0.0
2009-03-25 00:00:00+05:30,23.71480507671702,24.082477112352876,23.457435970869383,23.935407638549805,400221,0.0,0.0
2009-03-26 00:00:00+05:30,24.33985060417043,24.92812530764445,23.530973299111682,23.898645401000977,1272388,0.0,0.0
2009-03-27 00:00:00+05:30,24.560452066685585,25.99437220822792,24.37661767313897,25.737001419067383,1102669,0.0,0.0
2009-03-30 00:00:00+05:30,25.66346578535628,26.251740441215496,24.560451217838253,24.781055450439453,518155,0.0,0.0
2009-03-31 00:00:00+05:30,24.339849957273604,25.332563286892977,24.156013911214895,25.001659393310547,428303,0.0,0.0
2009-04-01 00:00:00+05:30,25.14872662416374,25.66346655118297,24.744287992300624,25.406097412109375,268225,0.0,0.0
2009-04-02 00:00:00+05:30,26.10467189908278,28.310699325871898,25.77376638352326,27.097383499145508,1117098,0.0,0.0
2009-04-06 00:00:00+05:30,27.428291195881023,28.60484056949534,27.31798989821369,27.795963287353516,674924,0.0,0.0
2009-04-08 00:00:00+05:30,27.207685248582916,29.48724910505113,26.65617879476833,28.825441360473633,840774,0.0,0.0
2009-04-09 00:00:00+05:30,29.193110086712995,32.50215172850369,28.200396934627072,31.031463623046875,1618299,0.0,0.0
2009-04-13 00:00:00+05:30,31.693273357458807,34.487576691900195,31.693273357458807,32.943355560302734,2173834,0.0,0.0
2009-04-15 00:00:00+05:30,31.472678580504716,36.69361122864452,31.472678580504716,35.333229064941406,2987558,0.0,0.0
2009-04-16 00:00:00+05:30,37.502480995040855,38.01722249507858,31.61973842554023,32.42861557006836,1486872,0.0,0.0
2009-04-17 00:00:00+05:30,32.722759854008515,35.55383032200463,32.722759854008515,33.71547317504883,1304904,0.0,0.0
2009-04-20 00:00:00+05:30,33.89931474184752,35.0758610012776,32.722765184672774,33.20073699951172,739243,0.0,0.0
2009-04-21 00:00:00+05:30,31.803583709796143,33.678707646542136,31.73005060167673,32.61246109008789,758243,0.0,0.0
2009-04-22 00:00:00+05:30,32.79628768913358,33.605164835885006,31.69327489708327,32.097713470458984,827989,0.0,0.0
2009-04-23 00:00:00+05:30,32.06094878985622,32.94335907476727,31.252071596106493,32.281551361083984,380926,0.0,0.0
2009-04-24 00:00:00+05:30,32.4286204997767,33.64193640101379,32.355087401911696,33.38456726074219,592256,0.0,0.0
2009-04-27 00:00:00+05:30,33.49486803211213,34.89201988510758,33.163962517700824,34.26697540283203,838706,0.0,0.0
2009-04-28 00:00:00+05:30,34.81848829041911,35.6641321684621,31.80358159210699,32.13448715209961,922866,0.0,0.0
2009-04-29 00:00:00+05:30,32.1712491508232,32.943359816373686,30.95793333288498,31.325605392456055,1219092,0.0,0.0
2009-04-30 00:00:00+05:30,31.435914993286133,31.435914993286133,31.435914993286133,31.435914993286133,0,0.0,0.0
2009-05-04 00:00:00+05:30,32.64921928668632,34.1934405438647,32.208014155419264,33.752235412597656,975428,0.0,0.0
2009-05-05 00:00:00+05:30,33.23750009160343,34.119913816412094,32.72276177506401,33.531639099121094,465625,0.0,0.0
2009-05-06 00:00:00+05:30,33.20073338159184,36.362709559716926,33.20073338159184,33.86254119873047,1278643,0.0,0.0
2009-05-07 00:00:00+05:30,34.78171597040889,35.25968765757815,33.7890027528126,34.37727737426758,758274,0.0,0.0
2009-05-08 00:00:00+05:30,34.56111864194798,35.92150411652023,34.19344653555069,35.62736511230469,909324,0.0,0.0
2009-05-11 00:00:00+05:30,35.70088821544141,36.65683476478559,34.92878096555076,35.51705551147461,724012,0.0,0.0
2009-05-12 00:00:00+05:30,35.29645248537904,36.3627020398577,34.41404224501125,35.59059143066406,306024,0.0,0.0
2009-05-13 00:00:00+05:30,35.88473300964114,38.053995723139884,35.88473300964114,36.436241149902344,928295,0.0,0.0
2009-05-14 00:00:00+05:30,34.928785952606155,36.39947087852528,34.928785952606155,36.068565368652344,451900,0.0,0.0
2009-05-15 00:00:00+05:30,36.031799490951585,39.59821388264513,36.031799490951585,38.82610321044922,1721366,0.0,0.0
2009-05-18 00:00:00+05:30,42.57635426886093,46.62074073707442,42.57635426886093,45.77509689331055,6689,0.0,0.0
2009-05-19 00:00:00+05:30,49.26796606288812,53.9006263655626,40.55415350012373,52.90791320800781,3744308,0.0,0.0
2009-05-20 00:00:00+05:30,53.68002353814796,56.62139315498782,51.841666703187144,54.34183120727539,1111894,0.0,0.0
2009-05-21 00:00:00+05:30,55.81252486508053,56.62140213262501,50.113617443334306,51.474002838134766,1072439,0.0,0.0
2009-05-22 00:00:00+05:30,52.57701628638772,53.38589021301505,50.15038461327395,52.7976188659668,661426,0.0,0.0
2009-05-25 00:00:00+05:30,53.68002837467581,54.41537249401148,52.650548586252185,53.900630950927734,360874,0.0,0.0
2009-05-26 00:00:00+05:30,54.96688130488443,55.51839273245594,49.856248535500754,50.7386589050293,935010,0.0,0.0
2009-05-27 00:00:00+05:30,51.47400631005994,55.11395425952481,51.47400631005994,54.599212646484375,839126,0.0,0.0
2009-05-28 00:00:00+05:30,54.41537208662362,55.33455222891165,52.94468385896277,53.569725036621094,736020,0.0,0.0
2009-05-29 00:00:00+05:30,54.81981242204408,57.172911164019844,54.41537707962016,55.959598541259766,1200547,0.0,0.0
2009-06-01 00:00:00+05:30,58.3862272814886,58.3862272814886,55.59192349822849,56.18019485473633,823854,0.0,0.0
2009-06-02 00:00:00+05:30,56.91553925575585,57.65088340134989,53.349124766466396,55.51839065551758,845153,0.0,0.0
2009-06-03 00:00:00+05:30,56.47433970989782,56.69493901824539,53.01822781746585,53.606502532958984,823357,0.0,0.0
2009-06-04 00:00:00+05:30,53.68003088969511,57.35674506314732,52.31964552428482,56.474334716796875,1054158,0.0,0.0
2009-06-05 00:00:00+05:30,58.82742328492286,60.15103857751831,56.87876029237984,57.35673522949219,2630849,0.0,0.0
2009-06-08 00:00:00+05:30,58.68036220977191,60.812861633985165,56.03313109731771,57.319976806640625,2602359,0.0,0.0
2009-06-09 00:00:00+05:30,56.98907051474966,59.5627683459036,55.00364402382118,58.45975875854492,1190865,0.0,0.0
2009-06-10 00:00:00+05:30,58.827442659117956,60.26136134721402,57.3567541193316,57.68765640258789,688373,0.0,0.0
2009-06-11 00:00:00+05:30,58.45976598586778,58.68036529241689,55.555158983473575,57.13615036010742,797320,0.0,0.0
2009-06-12 00:00:00+05:30,56.98906321563452,57.87147341069816,55.886047174061524,57.35673522949219,1282363,0.0,0.0
2009-06-15 00:00:00+05:30,58.23914542455582,60.224571661192456,56.69492428545101,57.35673522949219,962672,0.0,0.0
2009-06-16 00:00:00+05:30,56.584639841048585,58.82743563929874,56.03313170443962,58.34946060180664,466470,0.0,0.0
2009-06-17 00:00:00+05:30,58.45975195214326,61.29081857724598,58.20238285854183,59.04802322387695,1661194,0.0,0.0
2009-06-18 00:00:00+05:30,59.195108183972295,61.40113415182422,58.09209190230215,59.67307662963867,1659116,0.0,0.0
2009-06-19 00:00:00+05:30,60.66580005214989,64.41604811887048,58.12886482063737,62.577693939208984,1198024,0.0,0.0
2009-06-22 00:00:00+05:30,65.0778385582333,66.14408482950957,61.40112477623374,62.32030487060547,2430400,0.0,0.0
2009-06-23 00:00:00+05:30,59.59953696749594,63.68069280300931,58.827429612636045,63.12918472290039,1348458,0.0,0.0
2009-06-24 00:00:00+05:30,63.90130009780156,65.44552159681912,63.46009489743775,64.82048034667969,1976902,0.0,0.0
2009-06-25 00:00:00+05:30,65.07784923321026,66.73237367447754,63.974832939032055,65.55582427978516,1189738,0.0,0.0
2009-06-26 00:00:00+05:30,66.18086543645369,69.71050702019258,65.81319333889948,68.35012817382812,1409817,0.0,0.0
2009-06-29 00:00:00+05:30,68.27659039087837,71.69593571754386,68.27659039087837,70.5193862915039,860987,0.0,0.0
2009-06-30 00:00:00+05:30,71.25471833890693,73.05630872154244,68.42365150647255,69.23252868652344,918898,0.0,0.0
2009-07-01 00:00:00+05:30,69.12223588924313,69.85758008720094,66.76913709397347,67.61478424072266,444968,0.0,0.0
2009-07-02 00:00:00+05:30,68.16629310689349,71.84300753990517,67.65154820561035,70.66645812988281,1022501,0.0,0.0
2009-07-03 00:00:00+05:30,63.53362403017762,71.87976565864763,61.621730551018516,71.43856048583984,536535,0.0,0.0
2009-07-06 00:00:00+05:30,72.72541661506993,72.98278576324817,62.577683910746494,63.79099655151367,698761,0.0,0.0
2009-07-07 00:00:00+05:30,65.33520876244125,67.57800427306907,60.51871553985138,66.1073226928711,750663,0.0,0.0
2009-07-08 00:00:00+05:30,63.239484208690584,66.84266523493662,62.945351827722874,65.26168060302734,739774,0.0,0.0
2009-07-09 00:00:00+05:30,67.17358185528168,68.01922244197051,64.41604099741272,67.72509002685547,484400,0.0,0.0
2009-07-10 00:00:00+05:30,68.46042732949785,69.48991056389471,67.06327857798284,68.38689422607422,442444,0.0,0.0
2009-07-13 00:00:00+05:30,68.20304340029614,68.38687941678958,64.82046861140152,66.25438690185547,512859,0.0,0.0
2009-07-14 00:00:00+05:30,66.91620205207191,69.41636675586014,66.91620205207191,68.68102264404297,366244,0.0,0.0
2009-07-15 00:00:00+05:30,68.68102697987038,70.59292047219516,68.386887997477,70.04141235351562,295079,0.0,0.0
2009-07-16 00:00:00+05:30,70.22525376442569,71.25473038831238,68.01922112097374,68.4604263305664,161547,0.0,0.0
2009-07-17 00:00:00+05:30,69.1589946619785,69.63696303771684,68.38688073957637,68.90161895751953,150829,0.0,0.0
2009-07-20 00:00:00+05:30,69.12224064089186,70.55615928728565,68.7913383672591,69.89434814453125,229997,0.0,0.0
2009-07-21 00:00:00+05:30,70.15171731241105,70.15171731241105,68.46042949813746,69.89434814453125,116458,0.0,0.0
2009-07-22 00:00:00+05:30,70.15170663763841,72.57833833116618,69.6002051306671,70.5929183959961,421271,0.0,0.0
2009-07-23 00:00:00+05:30,71.32826097007512,73.46076043581843,70.99735872344614,72.54158020019531,551513,0.0,0.0
2009-07-24 00:00:00+05:30,73.09309232543332,77.06393928787308,73.05632247580894,76.62273406982422,783674,0.0,0.0
2009-07-27 00:00:00+05:30,76.06041751067822,79.47170468590201,74.97330541930566,77.14752960205078,1832615,1.70123,0.0
2009-07-28 00:00:00+05:30,77.97225803685815,78.68450316339641,75.34819385903128,75.76054382324219,623675,0.0,0.0
2009-07-29 00:00:00+05:30,74.97331709740426,77.18503103106929,73.8487154244441,75.68556213378906,1217292,0.0,0.0
2009-07-30 00:00:00+05:30,75.68556261124401,76.84764697923212,74.37352731784698,76.51026916503906,1017548,0.0,0.0
2009-07-31 00:00:00+05:30,77.22250563941883,77.22250563941883,74.97330925337725,75.94795989990234,342639,0.0,0.0
2009-08-03 00:00:00+05:30,77.22251663710428,78.04722321686346,75.72305440771571,77.40995025634766,366605,0.0,0.0
2009-08-04 00:00:00+05:30,78.72198634391701,78.72198634391701,75.34818788982894,76.09791564941406,177102,0.0,0.0
2009-08-05 00:00:00+05:30,76.54776708173702,77.2225227850863,75.34819316798837,76.28535461425781,186189,0.0,0.0
2009-08-06 00:00:00+05:30,75.72305105782792,77.07256902194429,74.44849846862233,74.86085510253906,132776,0.0,0.0
2009-08-07 00:00:00+05:30,73.51134297056996,74.22358805886981,68.9754532604144,71.5620346069336,137472,0.0,0.0
2009-08-10 00:00:00+05:30,72.04936786203506,74.22359267720702,68.37567394698772,71.97439575195312,232693,0.0,0.0
2009-08-11 00:00:00+05:30,71.9743881978514,76.28534795841621,63.0900495075794,75.49813079833984,438817,0.0,0.0
2009-08-12 00:00:00+05:30,74.97332282312176,75.57310639310441,72.79909141110761,74.82337188720703,525830,0.0,0.0
2009-08-13 00:00:00+05:30,75.34818972487146,77.5973865075213,74.82337153845423,76.96011352539062,416335,0.0,0.0
2009-08-14 00:00:00+05:30,76.84765537975431,77.9722571827436,74.3735354479133,77.07257843017578,558993,0.0,0.0
2009-08-17 00:00:00+05:30,75.04828719574009,77.22251165916097,71.71197167809794,72.38673400878906,224136,0.0,0.0
2009-08-18 00:00:00+05:30,72.349246200308,74.37352651266781,71.97438570223973,73.51133728027344,146800,0.0,0.0
2009-08-19 00:00:00+05:30,72.72411150193015,74.74839176081868,71.82443288121482,72.64913940429688,79312,0.0,0.0
2009-08-20 00:00:00+05:30,75.64807918430068,75.64807918430068,72.79909207080854,74.2985610961914,164609,0.0,0.0
2009-08-21 00:00:00+05:30,74.59845851357932,74.59845851357932,72.42423374033628,73.02401733398438,151845,0.0,0.0
2009-08-24 00:00:00+05:30,74.22358605024291,75.34818777474074,73.54882367063252,75.01080322265625,255742,0.0,0.0
2009-08-25 00:00:00+05:30,74.41101967099256,76.69770580940296,73.66128518799401,75.01080322265625,154420,0.0,0.0
2009-08-26 00:00:00+05:30,74.97331757036608,77.222514205917,74.97331757036608,76.51026916503906,219541,0.0,0.0
2009-08-27 00:00:00+05:30,75.72305202373582,77.222514205917,75.72305202373582,76.51026916503906,133526,0.0,0.0
2009-08-28 00:00:00+05:30,77.18503151798349,77.222514205917,75.72305202373582,76.51026916503906,81622,0.0,0.0
2009-08-31 00:00:00+05:30,75.04829107497058,76.99759934529246,75.04829107497058,76.54776000976562,96594,0.0,0.0
2009-09-01 00:00:00+05:30,76.47278594970703,77.22252046383335,75.94797447964214,76.47278594970703,167963,0.0,0.0
2009-09-02 00:00:00+05:30,75.72305816013956,76.77268110026932,74.97332364601324,76.47278594970703,191911,0.0,0.0
2009-09-03 00:00:00+05:30,76.58523786527476,77.74732218166929,75.79802075892195,76.3978042602539,419866,0.0,0.0
2009-09-04 00:00:00+05:30,77.14755176492363,77.14755176492363,75.72306150481128,76.58525085449219,66675,0.0,0.0
2009-09-07 00:00:00+05:30,76.47279040585612,78.08472105006834,76.47279040585612,77.97225952148438,224518,0.0,0.0
2009-09-08 00:00:00+05:30,77.97224779999533,79.39673786605263,76.47277890978071,76.73519134521484,645076,0.0,0.0
2009-09-09 00:00:00+05:30,77.97225987749778,78.34712715811645,76.17290231017557,77.70985412597656,99214,0.0,0.0
2009-09-10 00:00:00+05:30,77.37246548024625,86.18182517339262,77.37246548024625,83.78268432617188,1404522,0.0,0.0
2009-09-11 00:00:00+05:30,84.71984169029044,100.53920974099596,83.82016307430231,91.99225616455078,8582028,0.0,0.0
2009-09-14 00:00:00+05:30,90.71771625041139,95.51600475659987,90.71771625041139,91.6548843383789,2755141,0.0,0.0
2009-09-15 00:00:00+05:30,92.66701083546357,95.55348698443223,91.46744384254131,93.56669616699219,1508249,0.0,0.0
2009-09-16 00:00:00+05:30,95.47851293690209,95.47851293690209,90.71770757478821,91.35498046875,712680,0.0,0.0
2009-09-17 00:00:00+05:30,91.69235622276435,96.19075579038945,89.96797117882889,93.97904205322266,1880341,0.0,0.0
2009-09-18 00:00:00+05:30,92.21717602063593,95.14113499789285,91.54242039484328,93.19183349609375,518768,0.0,0.0
2009-09-22 00:00:00+05:30,94.09152118938839,95.96585077118011,93.26681455950589,94.87873840332031,478611,0.0,0.0
2009-09-23 00:00:00+05:30,95.21611455125567,104.13793575157742,93.71664563880441,101.85124969482422,2767800,0.0,0.0
2009-09-24 00:00:00+05:30,104.96264192851775,106.94943285067625,98.96477974954338,105.33750915527344,2165445,0.0,0.0
2009-09-25 00:00:00+05:30,105.26255793252807,107.96159443102385,101.21399646022476,102.56351470947266,1187706,0.0,0.0
2009-09-29 00:00:00+05:30,103.46318185277946,105.33751130016483,102.71344738400192,104.0629653930664,427471,0.0,0.0
2009-09-30 00:00:00+05:30,104.96262701078243,122.58135054146015,98.96476568424964,120.33216094970703,4755831,0.0,0.0
2009-10-01 00:00:00+05:30,119.95730686392419,121.53174109483825,109.46103831048202,110.58563995361328,3530650,0.0,0.0
2009-10-05 00:00:00+05:30,109.46104290170148,114.25933806734074,105.82483883919701,106.98692321777344,2091489,0.0,0.0
2009-10-06 00:00:00+05:30,107.9615793718108,109.64848199148977,102.93836765203781,105.3000259399414,1301796,0.0,0.0
2009-10-07 00:00:00+05:30,105.71237340876824,108.82376592368291,102.78841450195965,103.61312103271484,1475320,0.0,0.0
2009-10-08 00:00:00+05:30,104.73772801977503,105.2625394593982,101.32644021310755,101.92622375488281,726147,0.0,0.0
2009-10-09 00:00:00+05:30,103.01333139689777,104.81269539010732,99.41461685959496,99.86445617675781,1034020,0.0,0.0
2009-10-12 00:00:00+05:30,95.96583800479007,103.46317550825866,95.96583800479007,102.22611236572266,944201,0.0,0.0
2009-10-13 00:00:00+05:30,102.56351470947266,102.56351470947266,102.56351470947266,102.56351470947266,0,0.0,0.0
2009-10-14 00:00:00+05:30,103.46317254712531,107.02440422895688,102.56348723077646,105.0750961303711,1075421,0.0,0.0
2009-10-15 00:00:00+05:30,106.34965141449071,106.34965141449071,101.58884561051882,102.18862915039062,696971,0.0,0.0
2009-10-16 00:00:00+05:30,103.05083130514691,106.83698656185705,102.37606889839338,105.89981842041016,1927400,0.0,0.0
2009-10-20 00:00:00+05:30,106.64953995590142,110.54814953553519,105.82483343669446,108.14900207519531,1293969,0.0,0.0
2009-10-21 00:00:00+05:30,102.22611624470801,108.44890143080178,102.22611624470801,105.59991455078125,412609,0.0,0.0
2009-10-22 00:00:00+05:30,104.96264176844188,107.77413924026348,103.46317958826423,104.25039672851562,516126,0.0,0.0
2009-10-23 00:00:00+05:30,105.71236645710856,107.58669569035524,103.9130093172625,105.52493286132812,448745,0.0,0.0
2009-10-26 00:00:00+05:30,106.38714027923359,106.38714027923359,101.40141147066537,102.1511459350586,468260,0.0,0.0
2009-10-27 00:00:00+05:30,101.21398677087859,102.30109915019312,96.22826424765816,97.05297088623047,363879,0.0,0.0
2009-10-28 00:00:00+05:30,95.9658327208881,100.46423228546307,90.00546052672573,98.8148193359375,674075,0.0,0.0
2009-10-29 00:00:00+05:30,95.96584219146335,100.76413732708777,93.71664554948836,97.540283203125,530783,0.0,0.0
2009-10-30 00:00:00+05:30,100.614186351514,103.46317305590058,99.33964055278288,99.97691345214844,919828,0.0,0.0
2009-11-03 00:00:00+05:30,100.76414078587456,106.76200991128536,93.8291102834646,95.77841186523438,745259,0.0,0.0
2009-11-04 00:00:00+05:30,97.46531073551837,100.27680820854111,96.34070905648596,98.58991241455078,317711,0.0,0.0
2009-11-05 00:00:00+05:30,101.15854083032772,101.15854083032772,98.21217589236127,100.3275146484375,263303,0.850615,0.0
2009-11-06 00:00:00+05:30,101.2718585062686,105.54031247110326,101.2718585062686,102.74504089355469,1357936,0.0,0.0
2009-11-09 00:00:00+05:30,103.65163359145679,119.59223321505888,102.74506068253194,118.53455352783203,5244730,0.0,0.0
2009-11-10 00:00:00+05:30,119.40333071498088,120.68764318776348,110.03540364573281,113.54837799072266,2026436,0.0,0.0
2009-11-11 00:00:00+05:30,108.29779229876026,122.16081819646617,108.29779229876026,117.81681823730469,2117877,0.0,0.0
2009-11-12 00:00:00+05:30,117.81683972887089,120.12104835180332,114.8326913616081,116.79694366455078,1198425,0.0,0.0
2009-11-13 00:00:00+05:30,116.91026274686273,119.2900111098291,113.9638979506842,115.05933380126953,849434,0.0,0.0
2009-11-16 00:00:00+05:30,116.34363912849514,121.63199560172725,114.4549403880551,115.13488006591797,1171500,0.0,0.0
2009-11-17 00:00:00+05:30,114.83268106999967,117.40131950919155,111.39526017618384,114.5304946899414,725833,0.0,0.0
2009-11-18 00:00:00+05:30,109.05330069096654,117.02359997569559,109.05330069096654,115.58818054199219,601823,0.0,0.0
2009-11-19 00:00:00+05:30,118.62996331119979,118.62996331119979,113.5729844554353,114.33342742919922,478797,0.850615,0.0
2009-11-20 00:00:00+05:30,115.85431633365006,121.17746471713865,112.58439323971662,119.99877166748047,1012557,0.0,0.0
2009-11-23 00:00:00+05:30,120.83524857138083,120.83524857138083,116.34860074897983,117.41323852539062,454245,0.0,0.0
2009-11-24 00:00:00+05:30,117.86949791818637,119.92270936316545,116.72882337749444,117.48927307128906,476155,0.0,0.0
2009-11-25 00:00:00+05:30,108.0977483286478,120.49304778226232,108.0977483286478,117.90752410888672,484277,0.0,0.0
2009-11-26 00:00:00+05:30,117.90752687390095,118.02159570232286,112.54637378607072,113.76309204101562,350970,0.0,0.0
2009-11-27 00:00:00+05:30,111.02548342586441,116.38665059751919,102.66054899562342,113.64903259277344,777238,0.0,0.0
2009-11-30 00:00:00+05:30,115.62619908860928,117.33720434856896,113.30682442882619,114.18134307861328,340581,0.0,0.0
2009-12-01 00:00:00+05:30,114.75167754520776,117.64137585099807,114.37145264798968,116.15850830078125,422896,0.0,0.0
2009-12-02 00:00:00+05:30,117.86951681676962,118.6299666324908,113.57298763514574,114.14331817626953,555404,0.0,0.0
2009-12-03 00:00:00+05:30,115.28399727827498,117.56534681208292,113.30682904644155,113.91519165039062,524559,0.0,0.0
2009-12-04 00:00:00+05:30,114.06727000723949,115.20793786463844,112.54637725715195,113.53495788574219,404129,0.0,0.0
2009-12-07 00:00:00+05:30,114.06728048435545,114.4094801909396,109.9608567226758,112.01406860351562,300138,0.0,0.0
2009-12-08 00:00:00+05:30,111.36767123770306,117.03301909897213,111.36767123770306,115.7402572631836,469473,0.0,0.0
2009-12-09 00:00:00+05:30,115.5121224010406,116.46267778277885,112.54637378607072,113.76309204101562,349324,0.0,0.0
2009-12-10 00:00:00+05:30,114.0672840013871,116.31060841520143,112.96463440558024,115.3980712890625,403098,0.0,0.0
2009-12-11 00:00:00+05:30,115.7782896661796,116.65280834121855,113.87716507725463,114.40947723388672,258215,0.0,0.0
2009-12-14 00:00:00+05:30,113.30682661727582,115.13190756932805,112.39428955158331,113.15473937988281,191891,0.0,0.0
2009-12-15 00:00:00+05:30,113.9532116259225,113.9532116259225,108.85820714556725,109.35250091552734,156199,0.0,0.0
2009-12-16 00:00:00+05:30,109.8848076671974,112.1281319009052,107.22324012619968,110.5692138671875,278359,0.0,0.0
2009-12-17 00:00:00+05:30,110.26500821440894,112.39426314090977,109.69467097720353,111.10150146484375,173734,0.0,0.0
2009-12-18 00:00:00+05:30,111.10151961391456,111.40570088758032,107.6034588390918,108.24983978271484,241770,0.0,0.0
2009-12-21 00:00:00+05:30,106.46279266446638,109.3905231629512,103.95331230319394,104.59969329833984,323731,0.0,0.0
2009-12-22 00:00:00+05:30,104.10539218476391,110.56920850009703,104.10539218476391,109.96084594726562,531469,0.0,0.0
2009-12-23 00:00:00+05:30,110.26502722368133,111.0254770043872,108.78215287957158,109.96084594726562,213887,0.0,0.0
2009-12-24 00:00:00+05:30,110.30305726610696,112.54638148905508,109.88480714015598,111.06350708007812,253316,0.0,0.0
2009-12-29 00:00:00+05:30,111.67186733707975,114.82773555631421,111.67186733707975,113.91519165039062,239654,0.0,0.0
2009-12-30 00:00:00+05:30,114.06727156759723,114.9037649788214,111.9760414498703,113.87715911865234,178417,0.0,0.0
2009-12-31 00:00:00+05:30,114.90378028095792,130.41693908293547,112.66045581292357,124.14323425292969,2156282,0.0,0.0
2010-01-04 00:00:00+05:30,125.47397555586157,126.76673724874182,121.78580971276098,122.35614013671875,1300300,0.0,0.0
2010-01-05 00:00:00+05:30,123.76300545893685,125.35994200832452,118.93415012683278,119.4284439086914,539489,0.0,0.0
2010-01-06 00:00:00+05:30,120.15084522064845,125.24584172403884,120.15084522064845,123.07857513427734,995361,0.0,0.0
2010-01-07 00:00:00+05:30,123.5728678186201,123.72496868378506,120.60711920923455,121.36756896972656,315543,0.0,0.0
2010-01-08 00:00:00+05:30,121.67177163471983,122.81244641210805,120.30295917358701,121.025390625,210860,0.0,0.0
2010-01-11 00:00:00+05:30,122.01397762132278,123.80103360033164,120.53110980041656,121.1014404296875,193301,0.0,0.0
2010-01-12 00:00:00+05:30,121.67176600137454,122.35616537958616,118.02160415446608,118.62996673583984,177839,0.0,0.0
2010-01-13 00:00:00+05:30,117.14707088026596,118.55390150085461,114.82771696351075,115.85430908203125,360419,0.0,0.0
2010-01-14 00:00:00+05:30,116.72884778951658,118.40183473747753,116.04444837850272,116.95698547363281,161735,0.0,0.0
2010-01-15 00:00:00+05:30,117.79346655622322,122.69835775806258,116.728828751101,118.09764099121094,401230,0.0,0.0
2010-01-18 00:00:00+05:30,117.48928884331974,121.55769388713976,117.10906394538017,120.64515686035156,346797,0.0,0.0
2010-01-19 00:00:00+05:30,121.5957023723399,122.05197766920644,118.32577942968302,118.97216033935547,234860,0.0,0.0
2010-01-20 00:00:00+05:30,120.37901370111034,121.44363807294022,117.86952637741383,120.30296325683594,243796,0.0,0.0
2010-01-21 00:00:00+05:30,119.39041813061321,120.15086795705034,116.38665086512063,117.67941284179688,205144,0.0,0.0
2010-01-22 00:00:00+05:30,112.92660534602962,118.62997242159376,111.17757477691906,116.95698547363281,262057,0.0,0.0
2010-01-25 00:00:00+05:30,115.51213073730469,117.48929207619439,113.68704981284183,115.51213073730469,454816,0.0,0.0
2010-01-27 00:00:00+05:30,114.06726299496943,118.24972973676051,111.10151447085087,112.58438873291016,355630,0.0,0.0
2010-01-28 00:00:00+05:30,113.68703234613733,120.45502239866774,113.30680749615253,117.03301239013672,398052,0.0,0.0
2010-01-29 00:00:00+05:30,114.21935477930927,117.0330160284,111.78591839202358,114.0672607421875,590122,0.0,0.0
2010-02-01 00:00:00+05:30,114.25740018493592,115.28400619037845,112.54639472297694,112.9266128540039,351488,0.0,0.0
2010-02-02 00:00:00+05:30,115.43607666701945,117.86951327595975,110.34107260367584,111.67185974121094,599320,0.0,0.0
2010-02-03 00:00:00+05:30,112.9265973730631,113.45891632486182,111.40570459544851,112.0901107788086,190587,0.0,0.0
2010-02-04 00:00:00+05:30,111.78591839202358,114.52352921222028,111.78591839202358,114.0672607421875,316273,0.0,0.0
2010-02-05 00:00:00+05:30,111.78593409494879,114.10530198536868,107.98369176345169,113.11671447753906,257510,0.0,0.0
2010-02-08 00:00:00+05:30,111.78593885370199,116.95698700771062,110.64526405949391,114.63761901855469,365202,0.0,0.0
2010-02-09 00:00:00+05:30,112.81254041113878,121.25351173342894,112.81254041113878,120.2269058227539,899725,0.0,0.0
2010-02-10 00:00:00+05:30,121.13942818290084,123.57285070996826,120.34094649600073,121.89986419677734,833943,0.0,0.0
2010-02-11 00:00:00+05:30,121.67175692560038,123.45881249666803,119.46645807911969,120.94932556152344,172767,0.0,0.0
2010-02-15 00:00:00+05:30,120.91130716594039,121.70977532118343,120.30294462994576,120.94932556152344,101655,0.0,0.0
2010-02-16 00:00:00+05:30,121.36759087570204,127.4511900576839,120.94934752434148,124.97972106933594,755165,0.0,0.0
2010-02-17 00:00:00+05:30,126.23445119213359,126.9949010081184,124.63751476336597,125.81620788574219,331346,0.0,0.0
2010-02-18 00:00:00+05:30,125.47400522626525,125.47400522626525,123.19265570830854,123.30672454833984,71174,0.0,0.0
2010-02-19 00:00:00+05:30,123.53485209996285,124.25728348048511,117.22312986417239,120.37899780273438,150924,0.0,0.0
2010-02-22 00:00:00+05:30,120.94931648398797,124.63749617739889,118.85808662254139,120.15084838867188,132902,0.0,0.0
2010-02-23 00:00:00+05:30,119.39042550742082,121.21549974710251,118.74404447914458,119.4284439086914,64023,0.0,0.0
2010-02-24 00:00:00+05:30,118.36380895511077,119.35239643040155,113.19276119143711,113.80111694335938,428484,0.0,0.0
2010-02-25 00:00:00+05:30,115.77828901785462,115.77828901785462,111.7859342241355,112.24220275878906,464523,0.0,0.0
2010-02-26 00:00:00+05:30,111.70989047603894,116.42466987578858,110.26503443408305,113.11671447753906,456015,0.0,0.0
2010-03-02 00:00:00+05:30,116.34861004516505,119.88470283539655,115.96838516063836,117.29917907714844,163060,0.0,0.0
2010-03-03 00:00:00+05:30,117.4892767449045,122.43219990912321,117.4892767449045,119.96073150634766,470354,0.0,0.0
2010-03-04 00:00:00+05:30,121.55767930423194,123.04054667936745,119.5044678299426,120.98733520507812,395900,0.0,0.0
2010-03-05 00:00:00+05:30,121.70978433597601,122.73639022342225,120.72119684692875,121.747802734375,262326,0.0,0.0
2010-03-08 00:00:00+05:30,124.14321941215157,125.85422465530608,122.2420948967943,123.23068237304688,300402,0.0,0.0
2010-03-09 00:00:00+05:30,123.30670215790033,124.14320228579051,121.74778436277043,123.34473419189453,141516,0.0,0.0
2010-03-10 00:00:00+05:30,121.70975822113317,123.95307514801402,119.08621646784337,121.0633773803711,308515,0.0,0.0
2010-03-11 00:00:00+05:30,120.75922423384087,123.1166103877642,118.0596315835092,118.8961181640625,274748,0.0,0.0
2010-03-12 00:00:00+05:30,119.3904259539519,120.45505032419214,116.80490183117686,117.1470947265625,145095,0.0,0.0
2010-03-15 00:00:00+05:30,118.28775363957624,119.99877245183377,114.2954059671978,114.94178009033203,249528,0.0,0.0
2010-03-16 00:00:00+05:30,114.82772230197824,117.86950768794689,114.82772230197824,116.46267700195312,101471,0.0,0.0
2010-03-17 00:00:00+05:30,116.34860776355816,117.94555770378724,114.06726532180207,114.67562103271484,330585,0.0,0.0
2010-03-18 00:00:00+05:30,114.9798249878937,117.03303687917762,112.92660627594233,115.13191223144531,384401,0.0,0.0
2010-03-19 00:00:00+05:30,115.58816329496858,115.96838818942574,114.2573829850354,114.8657455444336,284374,0.0,0.0
2010-03-22 00:00:00+05:30,113.38286160663712,115.62618556616945,112.54636827362505,113.61099243164062,116019,0.0,0.0
2010-03-23 00:00:00+05:30,116.34862289845812,116.34862289845812,111.4057124948902,112.05209350585938,187138,0.0,0.0
2010-03-25 00:00:00+05:30,112.54637119799801,113.5729769888545,109.27644138931929,110.30304718017578,559094,0.0,0.0
2010-03-26 00:00:00+05:30,111.78591821811706,112.16614307933057,107.7555387816536,108.21180725097656,549835,0.0,0.0
2010-03-29 00:00:00+05:30,110.26503084967744,111.785930461103,107.9836882532061,108.85820007324219,371078,0.0,0.0
2010-03-30 00:00:00+05:30,109.54260707291917,112.01406213910268,109.50458185408542,110.15096282958984,286362,0.0,0.0
2010-03-31 00:00:00+05:30,110.94943866152911,112.24220062188,109.50458264541116,111.4437255859375,235136,0.0,0.0
2010-04-01 00:00:00+05:30,112.24220725994097,112.54638856879741,109.73272680837722,110.18899536132812,199260,0.0,0.0
2010-04-05 00:00:00+05:30,111.0254792934365,113.76309719628665,111.0254792934365,113.00264739990234,507073,0.0,0.0
2010-04-06 00:00:00+05:30,113.72507311936256,115.77828486193619,113.15473576635134,114.25738525390625,423995,0.0,0.0
2010-04-07 00:00:00+05:30,115.43607259021078,123.87705680824067,115.43607259021078,122.66033172607422,2459061,0.0,0.0
2010-04-08 00:00:00+05:30,124.25728546182732,126.61467162322622,121.67176163543274,123.80101013183594,1982752,0.0,0.0
2010-04-09 00:00:00+05:30,122.05196942698745,124.71352967453028,120.94931329491129,123.07857513427734,926902,0.0,0.0
2010-04-12 00:00:00+05:30,124.14320678625313,124.14320678625313,117.86950334430384,118.09764099121094,359067,0.0,0.0
2010-04-13 00:00:00+05:30,117.71743540824804,118.6299725040121,116.38665498553686,117.37522888183594,329854,0.0,0.0
2010-04-15 00:00:00+05:30,117.86951675533138,119.35239798761498,115.01783676853046,117.26115417480469,239701,0.0,0.0
2010-04-16 00:00:00+05:30,116.72884652648612,116.72884652648612,113.49694150759223,113.91519165039062,234191,0.0,0.0
2010-04-19 00:00:00+05:30,112.54638001553955,117.6794093719736,111.17756764004582,114.25738525390625,702331,0.0,0.0
2010-04-20 00:00:00+05:30,115.58817301027025,118.59195402135268,115.20794808385482,116.95698547363281,322299,0.0,0.0
2010-04-21 00:00:00+05:30,117.10904788503825,118.6299472682203,115.96837334765172,116.65278625488281,184063,0.0,0.0
2010-04-22 00:00:00+05:30,116.34859853059713,118.47786040148847,115.62618087042463,117.48927307128906,346130,0.0,0.0
2010-04-23 00:00:00+05:30,118.24971883047824,120.98732945224926,117.1470627187659,118.21170043945312,678733,0.0,0.0
2010-04-26 00:00:00+05:30,119.01019530184524,120.5310949813579,118.3257959025984,119.77064514160156,289759,0.0,0.0
2010-04-27 00:00:00+05:30,119.39041612247114,121.17747182040675,118.4778790743623,119.5425033569336,269293,0.0,0.0
2010-04-28 00:00:00+05:30,116.8809128165191,120.53107414459619,116.8809128165191,117.41323852539062,380895,0.0,0.0
2010-04-29 00:00:00+05:30,119.39039420067175,120.1508438746886,118.3257701135808,119.08621978759766,146046,0.0,0.0
2010-04-30 00:00:00+05:30,119.84666954025485,124.33330352203402,119.84666954025485,122.69834899902344,893441,0.0,0.0
2010-05-03 00:00:00+05:30,123.19263939651383,123.19263939651383,110.68327120700496,112.58438873291016,2332753,0.0,0.0
2010-05-04 00:00:00+05:30,114.21936835152482,117.48929163853353,110.64525695412715,111.06350708007812,1931306,0.0,0.0
2010-05-05 00:00:00+05:30,110.30305846016876,113.57298860324245,107.22324077264587,112.73648834228516,1564531,0.0,0.0
2010-05-06 00:00:00+05:30,110.30306097582603,116.88093299003621,110.30306097582603,112.62242889404297,1040852,0.0,0.0
2010-05-07 00:00:00+05:30,110.3030540086584,113.15473390616795,109.54260421714469,112.12812805175781,528311,0.0,0.0
2010-05-10 00:00:00+05:30,114.14330338435319,114.4474914560222,112.16614230450043,112.77449798583984,551566,0.0,0.0
2010-05-11 00:00:00+05:30,113.53497304541122,113.91519798886905,111.40571745444801,111.74791717529297,243994,0.0,0.0
2010-05-12 00:00:00+05:30,113.15472979481395,113.2687986235298,109.42853140831761,111.02547454833984,437257,0.0,0.0
2010-05-13 00:00:00+05:30,112.31824435530983,112.54638202886224,110.26503257600666,110.5692138671875,213203,0.0,0.0
2010-05-14 00:00:00+05:30,110.26502135157226,110.72128983156406,108.74412869182169,108.97225952148438,192641,0.0,0.0
2010-05-17 00:00:00+05:30,108.74413299560547,109.88480083039619,106.88103378662504,108.74413299560547,194267,0.0,0.0
2010-05-18 00:00:00+05:30,110.26503412474504,115.28399480672107,108.74414128881327,113.15473937988281,828291,0.0,0.0
2010-05-19 00:00:00+05:30,111.02548426451591,115.01783905362123,110.64525934929948,113.11671447753906,359911,0.0,0.0
2010-05-20 00:00:00+05:30,114.06726622405685,115.1699156480163,110.45513668398281,112.39427947998047,256788,0.0,0.0
2010-05-21 00:00:00+05:30,110.3030534874516,112.54637763355011,108.78215391161078,110.7973403930664,150783,0.0,0.0
2010-05-24 00:00:00+05:30,111.78591935286082,116.2725673041914,110.45513232510466,111.32965087890625,379940,0.0,0.0
2010-05-25 00:00:00+05:30,111.78591838283185,112.09009963638411,106.99508921688215,107.75553894042969,222963,0.0,0.0
2010-05-26 00:00:00+05:30,109.12435827926447,110.87339559494087,108.74414018962517,109.65667724609375,141199,0.0,0.0
2010-05-27 00:00:00+05:30,108.74413928573998,109.88480718651084,108.43995799588977,109.2384262084961,97657,0.0,0.0
2010-05-28 00:00:00+05:30,113.30681686033572,113.30681686033572,106.4627826363199,107.90763854980469,708410,0.0,0.0
2010-05-31 00:00:00+05:30,109.12435173916639,111.78592595179651,107.7175278401477,110.4931640625,424095,0.0,0.0
2010-06-01 00:00:00+05:30,110.56920743502154,111.78592570829734,108.7441334354412,109.12435150146484,222323,0.0,0.0
2010-06-02 00:00:00+05:30,109.65667048596819,111.40570087315307,108.43995221212943,110.94943237304688,247083,0.0,0.0
2010-06-03 00:00:00+05:30,111.7859342241355,113.87716443957541,110.75932831599816,112.24220275878906,782268,0.0,0.0
2010-06-04 00:00:00+05:30,111.10152563444724,114.97981832701487,111.10152563444724,113.7250747680664,636055,0.0,0.0
2010-06-07 00:00:00+05:30,112.47032885771203,113.26880387507663,108.74413711912275,112.0901107788086,546618,0.0,0.0
2010-06-08 00:00:00+05:30,112.85053707873068,116.69080390442576,112.09009421264521,114.4474868774414,896050,0.0,0.0
2010-06-09 00:00:00+05:30,114.82771906546793,115.58815515952675,112.2041633859672,113.07868194580078,295293,0.0,0.0
2010-06-10 00:00:00+05:30,113.07868369436994,114.82772084108298,111.51976580511105,112.96461486816406,322961,0.0,0.0
2010-06-11 00:00:00+05:30,114.06726498600018,114.78968952204066,110.34106665821264,111.13954162597656,287835,0.0,0.0
2010-06-14 00:00:00+05:30,114.82772998486098,116.34861595893803,109.2764504810107,110.64525604248047,1453561,0.0,0.0
2010-06-15 00:00:00+05:30,113.15473165019871,113.15473165019871,108.7441338604204,110.03689575195312,1052084,0.0,0.0
2010-06-16 00:00:00+05:30,111.02547793977567,112.31823984960045,110.07491570588486,110.37909698486328,384334,0.0,0.0
2010-06-17 00:00:00+05:30,110.26503156055065,111.02548137116601,108.85820077504563,109.73271942138672,163003,0.0,0.0
2010-06-18 00:00:00+05:30,109.96085670722117,111.02548786851968,108.97227598796842,109.35250091552734,212251,0.0,0.0
2010-06-21 00:00:00+05:30,110.64525792049017,111.40570774110301,109.42853957164303,109.65667724609375,271880,0.0,0.0
2010-06-22 00:00:00+05:30,109.58062619065196,110.15095669673468,108.89622003441933,109.20040130615234,178820,0.0,0.0
2010-06-23 00:00:00+05:30,109.88480809987732,111.55779497695873,107.71753429593126,109.65667724609375,243082,0.0,0.0
2010-06-24 00:00:00+05:30,109.92282248005836,111.40569675576538,109.31445995528979,109.8467788696289,990201,0.0,0.0
2010-06-25 00:00:00+05:30,109.84678776046533,109.84678776046533,107.98368846114808,108.40193176269531,303244,0.0,0.0
2010-06-28 00:00:00+05:30,108.28786449755584,109.50457594524372,108.28786449755584,108.74413299560547,144115,0.0,0.0
2010-06-29 00:00:00+05:30,109.50457035161234,109.50457035161234,107.22322797789806,107.71752166748047,173689,0.0,0.0
2010-06-30 00:00:00+05:30,107.22324258697493,107.83159836263127,106.61488681131861,107.26126098632812,242920,0.0,0.0
2010-07-01 00:00:00+05:30,107.22323503370184,107.26125343037684,105.43617941130678,106.3867416381836,292210,0.0,0.0
2010-07-02 00:00:00+05:30,107.9836910943123,108.28787238873399,105.01794223053568,106.4627914428711,468439,0.0,0.0
2010-07-05 00:00:00+05:30,106.23464965820312,107.07114301630446,105.17001864758939,106.23464965820312,149320,0.0,0.0
2010-07-06 00:00:00+05:30,107.79357498514683,109.35249298264766,106.234656987646,107.56543731689453,792025,0.0,0.0
2010-07-07 00:00:00+05:30,108.32588270483734,108.36390792155298,106.04454021856606,106.50080871582031,234995,0.0,0.0
2010-07-08 00:00:00+05:30,108.5334054899739,111.75488761262156,108.14989456686601,110.87281799316406,719421,1.020738,0.0
2010-07-09 00:00:00+05:30,111.9850080040262,113.51905184831685,109.72229608554308,110.25920867919922,536913,0.0,0.0
2010-07-12 00:00:00+05:30,110.83448028564453,111.75490388326465,110.25921381722837,110.83448028564453,381755,0.0,0.0
2010-07-13 00:00:00+05:30,111.2179835129621,111.86995075580366,109.87569518021203,110.6043701171875,565963,0.0,0.0
2010-07-14 00:00:00+05:30,111.44810139225736,112.67533515763787,108.6484767298505,110.06745910644531,680761,0.0,0.0
2010-07-15 00:00:00+05:30,111.96249848847168,112.54261606744618,108.9845699082238,111.07299041748047,414313,1.020738,0.0
2010-07-16 00:00:00+05:30,111.92383043595834,112.15587330971891,109.75806225938176,110.33817291259766,275325,0.0,0.0
2010-07-19 00:00:00+05:30,111.38239203014753,115.71393566476834,108.6751833289353,114.43767547607422,1554669,0.0,0.0
2010-07-20 00:00:00+05:30,116.02332069728942,119.8907644892781,115.67525290667547,117.60897827148438,1873940,0.0,0.0
2010-07-21 00:00:00+05:30,119.11726556099734,119.81341496615732,117.802335184927,118.88521575927734,1021917,0.0,0.0
2010-07-22 00:00:00+05:30,118.8852135042722,119.50400833870252,116.95150219396999,117.9183578491211,349848,0.0,0.0
2010-07-23 00:00:00+05:30,118.8078738069015,124.87975567710953,115.86861566306268,122.0178451538086,2083215,0.0,0.0
2010-07-26 00:00:00+05:30,122.82999394585765,123.37143411482278,118.42110417677857,118.84651947021484,898936,0.0,0.0
2010-07-27 00:00:00+05:30,118.84654481759996,122.32725020006134,116.91281960512141,119.46533966064453,569406,0.0,0.0
2010-07-28 00:00:00+05:30,119.46534882338919,120.66425438450231,117.4542827733212,117.95703887939453,402678,0.0,0.0
2010-07-29 00:00:00+05:30,118.30511141516398,119.23329679609634,116.37138609019739,116.99018096923828,383913,0.0,0.0
2010-07-30 00:00:00+05:30,117.64764129039878,131.02899500616763,117.06753065470815,129.01792907714844,6956599,0.0,0.0
2010-08-02 00:00:00+05:30,129.79142511812086,133.62019156466926,126.46541477040567,132.49862670898438,3232413,0.0,0.0
2010-08-03 00:00:00+05:30,133.62019046704188,138.841241885473,130.2555098028845,135.20584106445312,2181440,0.0,0.0
2010-08-04 00:00:00+05:30,134.5870480893445,137.87437423715863,133.4268128827175,136.32740783691406,1636079,0.0,0.0
2010-08-05 00:00:00+05:30,137.37160471204717,139.8854404764698,134.97377996921892,137.71966552734375,1458324,0.0,0.0
2010-08-06 00:00:00+05:30,138.4545047741164,138.53184546608605,134.587053917873,135.1284942626953,640162,0.0,0.0
2010-08-09 00:00:00+05:30,133.4268074996537,136.7528177328492,133.4268074996537,135.66993713378906,300136,0.0,0.0
2010-08-10 00:00:00+05:30,136.13402379980283,137.9130538320255,135.36053368798932,136.36607360839844,374449,0.0,0.0
2010-08-11 00:00:00+05:30,136.1340435815942,140.77498492685584,135.36055335738394,137.8743896484375,846415,0.0,0.0
2010-08-12 00:00:00+05:30,135.20582411709205,143.8688958013363,135.20582411709205,142.74734497070312,1273560,0.0,0.0
2010-08-13 00:00:00+05:30,143.09543159473188,149.12864381628293,143.09543159473188,144.4877166748047,1947641,0.0,0.0
2010-08-16 00:00:00+05:30,145.72527722829884,149.12862806431772,144.25565161166733,146.1893768310547,1097154,0.0,0.0
2010-08-17 00:00:00+05:30,146.88551167239896,150.55958263440897,146.15070580515123,148.74188232421875,1307000,0.0,0.0
2010-08-18 00:00:00+05:30,150.05682071372982,151.75849621474003,145.49324839874336,146.69215393066406,1883853,0.0,0.0
2010-08-19 00:00:00+05:30,147.34962517410065,149.05130074468283,144.29433489095317,145.2225341796875,777354,0.0,0.0
2010-08-20 00:00:00+05:30,145.41588473532707,147.19491468764917,142.3219244270302,143.3661346435547,568114,0.0,0.0
2010-08-23 00:00:00+05:30,144.41034910846204,144.9904736209628,142.05120846655964,143.7528839111328,392314,0.0,0.0
2010-08-24 00:00:00+05:30,144.64238869038093,144.64238869038093,134.74174108778925,135.90196228027344,1097810,0.0,0.0
2010-08-25 00:00:00+05:30,136.13402251550013,140.96832873109858,134.66439686702208,136.09535217285156,2165397,0.0,0.0
2010-08-26 00:00:00+05:30,137.2168944355642,141.78048021355443,135.74726888000984,140.852294921875,1054274,0.0,0.0
2010-08-27 00:00:00+05:30,142.05121118621972,143.44349616762028,137.3329298120804,139.18930053710938,939790,0.0,0.0
2010-08-30 00:00:00+05:30,140.58158160834742,141.8191713074493,137.0235355051298,138.37713623046875,462173,0.0,0.0
2010-08-31 00:00:00+05:30,137.37158417689423,139.2279544984967,135.86327461855805,138.76385498046875,473415,0.0,0.0
2010-09-01 00:00:00+05:30,140.27219597567037,141.78049199678108,139.26665604475804,141.31640625,383627,0.0,0.0
2010-09-02 00:00:00+05:30,142.2832544249375,147.31092606264818,141.587118904014,142.9407196044922,1542993,0.0,0.0
2010-09-03 00:00:00+05:30,143.67552933136128,144.60371458633972,139.22796862509713,140.19482421875,555426,0.0,0.0
2010-09-06 00:00:00+05:30,141.0843425109358,142.66999293760128,140.6202429347135,141.5871124267578,402172,0.0,0.0
2010-09-07 00:00:00+05:30,143.0954355651176,143.0954355651176,138.45450829487027,139.07330322265625,437421,0.0,0.0
2010-09-08 00:00:00+05:30,139.92411154244394,140.65893126789172,137.44894610572015,138.5705108642578,553979,0.0,0.0
2010-09-09 00:00:00+05:30,139.8854400063255,142.6313255552216,138.45448478364685,141.70314025878906,1187108,0.0,0.0
2010-09-13 00:00:00+05:30,142.94072214447186,153.69221500712203,142.36061151260353,148.58718872070312,3898987,0.0,0.0
2010-09-14 00:00:00+05:30,148.20042411201842,153.46014494763887,148.20042411201842,150.3275146484375,2410028,0.0,0.0
2010-09-15 00:00:00+05:30,150.83030632377407,157.48231287862743,149.0512901886291,154.81378173828125,3068170,0.0,0.0
2010-09-16 00:00:00+05:30,156.2447370400595,160.65361397301157,153.22813119108918,154.81378173828125,3935253,0.0,0.0
2010-09-17 00:00:00+05:30,156.24474084046747,158.10111158110135,154.96848075306,157.32762145996094,1502256,0.0,0.0
2010-09-20 00:00:00+05:30,159.648098651283,159.648098651283,157.40496887888594,158.2558135986328,785162,0.0,0.0
2010-09-21 00:00:00+05:30,158.60388483273832,159.30002040608156,151.25574240495038,152.338623046875,990235,0.0,0.0
2010-09-22 00:00:00+05:30,153.92425452949803,154.54304933735077,148.89658313824233,151.37173461914062,744076,0.0,0.0
2010-09-23 00:00:00+05:30,152.8026882468344,152.88004280024708,147.07888142723908,147.69766235351562,648484,0.0,0.0
2010-09-24 00:00:00+05:30,147.92972817448904,157.327620607704,147.34961752440512,154.9298095703125,1745253,0.0,0.0
2010-09-27 00:00:00+05:30,156.7088446786823,157.63703015615027,151.64248796292267,153.18946838378906,784481,0.0,0.0
2010-09-28 00:00:00+05:30,154.07897253264463,157.7917141779224,151.13972104267614,151.87452697753906,1080835,0.0,0.0
2010-09-29 00:00:00+05:30,152.29993967224388,154.54305532799796,150.90765476941928,151.60379028320312,583179,0.0,0.0
2010-09-30 00:00:00+05:30,152.57067001251517,152.57067001251517,147.96839961980615,150.5209197998047,608424,0.0,0.0
2010-10-01 00:00:00+05:30,150.83030597920623,156.6314817334023,150.83030597920623,155.23919677734375,1224037,0.0,0.0
2010-10-04 00:00:00+05:30,156.82483088883038,159.95746130528244,153.61485979558054,154.5430450439453,1537509,0.0,0.0
2010-10-05 00:00:00+05:30,154.697750942884,156.24473108861164,152.49330562274778,152.8800506591797,838546,0.0,0.0
2010-10-06 00:00:00+05:30,154.00161966176137,156.47677131267284,153.22812956763005,154.96847534179688,1101647,0.0,0.0
2010-10-07 00:00:00+05:30,155.81929284545797,156.20603785957562,151.79716134894167,152.53196716308594,610654,0.0,0.0
2010-10-08 00:00:00+05:30,153.2281262724017,153.92426179204634,149.205980644468,150.17283630371094,549079,0.0,0.0
2010-10-11 00:00:00+05:30,151.06237457365552,152.68669566171002,149.32202856856014,149.82479858398438,525304,0.0,0.0
2010-10-12 00:00:00+05:30,149.82477060091148,150.67560133328794,147.96838615023665,148.66453552246094,456673,0.0,0.0
2010-10-13 00:00:00+05:30,149.3606871471449,152.6093429425395,148.8966013908074,151.06236267089844,744551,0.0,0.0
2010-10-14 00:00:00+05:30,152.3772794286953,153.49884418738876,150.44355426297733,152.6093292236328,1476524,0.0,0.0
2010-10-15 00:00:00+05:30,153.15079426855488,153.92428445996134,151.44911862251251,152.37730407714844,629488,0.0,0.0
2010-10-18 00:00:00+05:30,152.37729862567144,152.37729862567144,148.1231166003934,151.71983337402344,265332,0.0,0.0
2010-10-19 00:00:00+05:30,153.07341593497208,157.48230656646564,151.60379034955983,155.00714111328125,1437176,0.0,0.0
2010-10-20 00:00:00+05:30,155.47125487693984,163.97963256175777,154.69776473511473,162.39398193359375,3567650,0.0,0.0
2010-10-21 00:00:00+05:30,163.74757003036723,174.53773308311187,163.59287478906478,173.1454620361328,5389357,0.0,0.0
2010-10-22 00:00:00+05:30,173.9963037175347,177.43832508468213,169.2393519039315,176.16207885742188,2735840,0.0,0.0
2010-10-25 00:00:00+05:30,177.7477173772903,187.57102471390633,175.6979672838315,184.6317596435547,4360139,0.0,0.0
2010-10-26 00:00:00+05:30,186.95222665102466,192.7533882585042,182.54333605919643,184.67044067382812,8614783,0.0,0.0
2010-10-27 00:00:00+05:30,185.63729303642634,187.8030679534298,183.31682288433475,184.97982788085938,2344875,0.0,0.0
2010-10-28 00:00:00+05:30,185.63729019829424,186.41078023716585,178.28914870427013,181.0350341796875,1525982,0.0,0.0
2010-10-29 00:00:00+05:30,183.78092813833703,183.78092813833703,172.5266655910972,175.0018310546875,1635246,0.0,0.0
2010-11-01 00:00:00+05:30,177.12893446416706,184.78648119889547,175.1178684518913,182.81407165527344,1535550,0.0,0.0
2010-11-02 00:00:00+05:30,183.3168252975052,184.47706038882427,178.67589880748574,180.41624450683594,1511728,0.0,0.0
2010-11-03 00:00:00+05:30,181.88589789718023,183.2781829948052,179.48808666679275,180.3002471923828,889977,0.0,0.0
2010-11-04 00:00:00+05:30,181.76987972508422,187.95780138826888,180.60965828849643,185.48263549804688,2200849,0.0,0.0
2010-11-08 00:00:00+05:30,192.9080898709701,192.9080898709701,183.54888198329152,188.15113830566406,958892,0.0,0.0
2010-11-09 00:00:00+05:30,188.73363956919408,188.73363956919408,184.85022475402033,187.52978515625,825459,0.850615,0.0
2010-11-10 00:00:00+05:30,187.91812835579114,191.762713522765,186.40360620451088,187.1026153564453,954429,0.0,0.0
2010-11-11 00:00:00+05:30,187.33560160594482,189.89865809052043,182.13184263496424,183.37452697753906,966508,0.0,0.0
2010-11-12 00:00:00+05:30,183.3745551784034,183.56871897669964,172.8505178513615,176.88926696777344,1633031,0.0,0.0
2010-11-15 00:00:00+05:30,178.55911797512945,182.5201931011499,172.42334149327058,181.39401245117188,925476,0.0,0.0
2010-11-16 00:00:00+05:30,180.9668422593073,185.1220812079686,171.06414044067319,173.627197265625,1643733,0.0,0.0
2010-11-18 00:00:00+05:30,174.36503535903998,176.07373525460238,163.99634606935055,174.20970153808594,1248220,0.0,0.0
2010-11-19 00:00:00+05:30,174.7533732115611,174.7533732115611,166.2487178168063,168.30691528320312,895740,0.0,0.0
2010-11-22 00:00:00+05:30,169.78261462730475,173.39417799202457,164.81184906363035,172.3456573486328,1109316,0.0,0.0
2010-11-23 00:00:00+05:30,170.17097506603133,170.7146504331226,163.18082737691125,167.53025817871094,1348173,0.0,0.0
2010-11-24 00:00:00+05:30,167.72439892132442,172.26799290130475,148.65686405796419,153.9771270751953,5181264,0.0,0.0
2010-11-25 00:00:00+05:30,153.00626979784462,165.9768577814275,152.38492067827858,162.52061462402344,9454243,0.0,0.0
2010-11-26 00:00:00+05:30,164.15166292246516,164.15166292246516,142.90941330626163,146.32681274414062,5095144,0.0,0.0
2010-11-29 00:00:00+05:30,147.41420297528774,149.89957215254776,142.1327551591391,144.074462890625,2687041,0.0,0.0
2010-11-30 00:00:00+05:30,142.21043157675632,149.6665810390703,139.80272230630985,146.5986785888672,4733071,0.0,0.0
2010-12-01 00:00:00+05:30,147.56952674863805,158.13239379587736,146.79284370898412,154.98683166503906,3238827,0.0,0.0
2010-12-02 00:00:00+05:30,156.8897103497207,159.72459092429014,153.20047285275817,154.40432739257812,1755348,0.0,0.0
2010-12-03 00:00:00+05:30,154.55965876607831,155.33634179866235,149.666566806826,151.4529266357422,1239546,0.0,0.0
2010-12-06 00:00:00+05:30,152.88979240593378,154.24899471081065,147.6471887804202,149.27822875976562,1187135,0.0,0.0
2010-12-07 00:00:00+05:30,149.12288511440877,149.86072421114073,143.41426646148994,144.92880249023438,946108,0.0,0.0
2010-12-08 00:00:00+05:30,143.68610709821755,144.54046398837804,136.85130770706803,137.62799072265625,979384,0.0,0.0
2010-12-09 00:00:00+05:30,136.6959705302062,139.1813533324863,124.26907045133892,126.3661117553711,1884679,0.0,0.0
2010-12-10 00:00:00+05:30,125.822439950046,137.47267257960422,122.01671224531137,130.87088012695312,2465897,0.0,0.0
2010-12-13 00:00:00+05:30,132.03589306477906,136.15230200535314,129.31750244155185,135.4532928466797,1333204,0.0,0.0
2010-12-14 00:00:00+05:30,135.91930307443067,142.63759922299545,135.1814638961699,141.8609161376953,1527581,0.0,0.0
2010-12-15 00:00:00+05:30,143.29777103289152,144.6958033005545,136.03579988711792,138.5600128173828,1712938,0.0,0.0
2010-12-16 00:00:00+05:30,138.28819453470652,142.2881141709988,137.86102297977388,140.65707397460938,1251128,0.0,0.0
2010-12-20 00:00:00+05:30,139.84154641567972,140.30756183300966,136.6959841463063,137.27850341796875,617055,0.0,0.0
2010-12-21 00:00:00+05:30,138.2493355707057,140.81237829545697,137.86099407513333,138.75418090820312,719597,0.0,0.0
2010-12-22 00:00:00+05:30,139.33669784772297,140.57939631058125,137.89983558709366,138.71536254882812,552412,0.0,0.0
2010-12-23 00:00:00+05:30,139.22018672485206,140.7735527560285,137.0066554562125,137.62799072265625,703138,0.0,0.0
2010-12-24 00:00:00+05:30,137.47265027901022,138.17165938632965,134.83193372632263,136.3852996826172,650503,0.0,0.0
2010-12-27 00:00:00+05:30,136.6959750602805,137.55033195775243,133.93875451110648,134.40476989746094,429244,0.0,0.0
2010-12-28 00:00:00+05:30,134.59892072045295,135.41443363547887,132.96789489040114,134.13291931152344,344966,0.0,0.0
2010-12-29 00:00:00+05:30,134.40475726677064,135.8416193296228,132.81256140057573,133.7057342529297,575577,0.0,0.0
2010-12-30 00:00:00+05:30,133.78345407686402,135.10381275763285,133.23977861214004,134.28829956054688,689979,0.0,0.0
2010-12-31 00:00:00+05:30,134.83193816329126,142.05507895172948,134.83193816329126,141.12306213378906,1015445,0.0,0.0
2011-01-03 00:00:00+05:30,143.0647766628161,143.91911964929264,141.08422515341292,141.62791442871094,780142,0.0,0.0
2011-01-04 00:00:00+05:30,142.90941684817642,142.90941684817642,136.6183070324381,137.12313842773438,755840,0.0,0.0
2011-01-05 00:00:00+05:30,137.08433236597347,137.08433236597347,132.26889985979918,133.0844268798828,631584,0.0,0.0
2011-01-06 00:00:00+05:30,134.3659183663741,134.9872675353983,131.72520181368742,133.7445831298828,648401,0.0,0.0
2011-01-07 00:00:00+05:30,134.1717416192732,134.1717416192732,129.70582189286316,130.4048309326172,1016941,0.0,0.0
2011-01-10 00:00:00+05:30,130.0941905229023,131.76406050662393,126.21077519623204,127.06513214111328,550833,0.0,0.0
2011-01-11 00:00:00+05:30,128.1524823515034,129.5116846767166,122.8710486741978,125.58943939208984,1077710,0.0,0.0
2011-01-12 00:00:00+05:30,127.37580615832512,132.23006859292977,125.62827614027869,130.87088012695312,1222161,0.0,0.0
2011-01-13 00:00:00+05:30,130.94853943837282,133.51159645602397,128.73500792817327,130.71554565429688,818896,0.0,0.0
2011-01-14 00:00:00+05:30,129.70586350865761,138.24936425110107,128.6185126684928,131.6864013671875,1320894,0.0,0.0
2011-01-17 00:00:00+05:30,132.96790220459394,133.58925138321098,127.76412895717577,128.9291534423828,437469,0.0,0.0
2011-01-18 00:00:00+05:30,131.06504479815217,133.97759949155088,129.08450704933966,129.7058563232422,736527,0.0,0.0
2011-01-19 00:00:00+05:30,130.40486405463713,132.9679210722883,129.04567559529795,130.71554565429688,664245,0.0,0.0
2011-01-20 00:00:00+05:30,128.15250772680736,134.98730888197238,128.15250772680736,134.28829956054688,853691,0.0,0.0
2011-01-21 00:00:00+05:30,134.24943077153978,138.09400182682182,133.0844062842503,134.79310607910156,628198,0.0,0.0
2011-01-24 00:00:00+05:30,135.22027359197068,139.49201598796225,135.14259972207535,138.13282775878906,788449,0.0,0.0
2011-01-25 00:00:00+05:30,138.44350098154987,143.22010282655876,136.8124750404704,139.64736938476562,1848339,0.0,0.0
2011-01-27 00:00:00+05:30,139.88034602974182,141.35605190930718,133.58923678896272,134.36590576171875,1002054,0.0,0.0
2011-01-28 00:00:00+05:30,133.74458688907126,134.2882622025488,128.19130204597943,129.8223419189453,786490,0.0,0.0
2011-01-31 00:00:00+05:30,128.15246370509877,135.41443395476477,127.3757807558526,133.7057342529297,1151977,0.0,0.0
2011-02-01 00:00:00+05:30,134.05526700957554,147.56953296312273,130.21069555415875,131.25921630859375,686071,0.0,0.0
2011-02-02 00:00:00+05:30,133.2785636626624,133.2785636626624,127.91945685161573,129.1621551513672,626418,0.0,0.0
2011-02-03 00:00:00+05:30,129.51169058769145,132.50190518805968,128.42432589138616,131.45338439941406,462985,0.0,0.0
2011-02-04 00:00:00+05:30,131.64755077876856,133.8222521186298,126.599111079385,127.5311279296875,578352,0.0,0.0
2011-02-07 00:00:00+05:30,128.1524705931741,129.51167279367692,119.37596394098935,120.3468246459961,1201229,0.0,0.0
2011-02-08 00:00:00+05:30,121.1623369781836,121.58950844125317,116.502246022674,116.89059448242188,803501,0.0,0.0
2011-02-09 00:00:00+05:30,116.26925479689297,117.04593784725287,109.27911430992087,110.59947967529297,1123577,0.0,0.0
2011-02-10 00:00:00+05:30,110.98781005451943,114.94889206893127,106.521889649399,113.93920135498047,916286,0.0,0.0
2011-02-11 00:00:00+05:30,113.51201542233242,120.46331782355603,110.32761683442547,119.80313873291016,910203,0.0,0.0
2011-02-14 00:00:00+05:30,121.16236639889836,123.76425364376179,120.42451320235796,122.6769027709961,663611,0.0,0.0
2011-02-15 00:00:00+05:30,120.46333523221007,125.39525717534445,119.29831068049629,123.49239349365234,759948,0.0,0.0
2011-02-16 00:00:00+05:30,123.49240498422441,124.65742964434,121.31768949883494,122.21087646484375,523206,0.0,0.0
2011-02-17 00:00:00+05:30,122.63803551595977,125.23992226556823,121.66718869757672,124.73507690429688,572559,0.0,0.0
2011-02-18 00:00:00+05:30,125.51175811604575,128.54081630731403,119.06530022526799,120.96817779541016,1085246,0.0,0.0
2011-02-21 00:00:00+05:30,120.30799691423682,123.33705506244102,118.48279324470523,122.71570587158203,402902,0.0,0.0
2011-02-22 00:00:00+05:30,121.24000614281542,122.52152048227002,119.29829875079444,120.73516082763672,348220,0.0,0.0
2011-02-23 00:00:00+05:30,119.99731213992605,121.08466274541829,117.35659556514034,118.94879150390625,362049,0.0,0.0
2011-02-24 00:00:00+05:30,118.83229505157776,118.87113895599839,111.60916095754403,112.85185241699219,947863,0.0,0.0
2011-02-25 00:00:00+05:30,114.1722060528365,115.60906821094616,111.6091563301652,114.05570220947266,458324,0.0,0.0
2011-02-28 00:00:00+05:30,115.33721415165851,120.38564627715631,114.98770961642745,119.53130340576172,766705,0.0,0.0
2011-03-01 00:00:00+05:30,120.34683605199804,126.7544643687066,120.34683605199804,125.1622543334961,863977,0.0,0.0
2011-03-03 00:00:00+05:30,122.94872780668626,127.68648632935127,122.13320080369942,125.20110321044922,837146,0.0,0.0
2011-03-04 00:00:00+05:30,126.21077229411776,127.14278916458076,122.32737098927761,122.6380386352539,550392,0.0,0.0
2011-03-07 00:00:00+05:30,121.90018420732783,121.93901417507226,118.71577853897386,119.33712768554688,465191,0.0,0.0
2011-03-08 00:00:00+05:30,119.22064129792658,121.51186051575552,119.22064129792658,120.38566589355469,508562,0.0,0.0
2011-03-09 00:00:00+05:30,121.1623449482346,123.10405254336672,118.09445670069964,120.42449188232422,1553374,0.0,0.0
2011-03-10 00:00:00+05:30,120.38567611564895,121.16235924535012,118.36630833794723,120.69635772705078,763534,0.0,0.0
2011-03-11 00:00:00+05:30,119.60897590081287,122.09435877433351,118.90996675694362,120.5409927368164,901986,0.0,0.0
2011-03-14 00:00:00+05:30,119.60898282980261,121.35651275697757,119.60898282980261,120.38566589355469,640845,0.0,0.0
2011-03-15 00:00:00+05:30,118.36629000897818,124.50206627794535,116.57991630077754,123.53121948242188,2108099,0.0,0.0
2011-03-16 00:00:00+05:30,124.92925662683814,135.49212368082155,124.6574189560391,132.96791076660156,3680380,0.0,0.0
2011-03-17 00:00:00+05:30,135.13621968734563,141.8930250986992,127.83155916370534,130.707763671875,6554488,0.0,0.0
2011-03-18 00:00:00+05:30,132.39696408991227,133.85790168046952,129.29248912564495,130.1142578125,1755847,0.0,0.0
2011-03-21 00:00:00+05:30,131.48387871413934,131.48387871413934,121.80519873577971,125.32057189941406,1135774,0.0,0.0
2011-03-22 00:00:00+05:30,126.00539057064587,126.46193184082938,122.71828785231112,123.03787231445312,925156,0.0,0.0
2011-03-23 00:00:00+05:30,123.26614130084924,124.8640357251195,121.07474880629206,121.85086059570312,1363909,0.0,0.0
2011-03-24 00:00:00+05:30,121.43997624454036,123.58572575871676,120.61820754221485,121.85086059570312,919426,0.0,0.0
2011-03-25 00:00:00+05:30,122.80960597223601,123.95095918759137,120.84648401483855,123.44876098632812,1031022,0.0,0.0
2011-03-28 00:00:00+05:30,123.35744773644954,127.19239133844358,122.26173762228022,125.95972442626953,1151519,0.0,0.0
2011-03-29 00:00:00+05:30,126.00538199028422,128.2880881857604,125.45752693035678,126.32496643066406,838302,0.0,0.0
2011-03-30 00:00:00+05:30,126.9184715759657,130.57080169325968,124.31618079438026,130.068603515625,1065035,0.0,0.0
2011-03-31 00:00:00+05:30,131.30127646640983,133.67528279094867,127.10109106775248,128.28810119628906,1595505,0.0,0.0
2011-04-01 00:00:00+05:30,128.74463319694638,130.8903826565755,127.51196624226017,129.885986328125,513870,0.0,0.0
2011-04-04 00:00:00+05:30,130.98169776923913,134.0861870063449,129.8403445054212,133.264404296875,827276,0.0,0.0
2011-04-05 00:00:00+05:30,135.95798484287306,137.60153620391708,133.35570795937608,134.63401794433594,2172449,0.0,0.0
2011-04-06 00:00:00+05:30,135.09054431419645,136.23189736506419,130.66210283634913,131.48387145996094,1578735,0.0,0.0
2011-04-07 00:00:00+05:30,132.2600217842362,134.67968513051622,130.61647029783137,133.264404296875,965288,0.0,0.0
2011-04-08 00:00:00+05:30,133.67526993732267,134.9535937730342,130.98167939899668,131.62083435058594,1143983,0.0,0.0
2011-04-11 00:00:00+05:30,131.94041178557083,132.35129609459037,129.20116448206417,130.52513122558594,576902,0.0,0.0
2011-04-13 00:00:00+05:30,129.65772238303882,133.03612503890696,128.83595365925854,132.442626953125,750289,0.0,0.0
2011-04-15 00:00:00+05:30,132.57956760228748,134.0405050804111,130.8447165379815,131.48387145996094,744168,0.0,0.0
2011-04-18 00:00:00+05:30,132.25999662655562,132.6708809368672,127.83154123228151,128.10546875,683954,0.0,0.0
2011-04-19 00:00:00+05:30,127.83153862729395,130.47947206870367,126.7358425112807,128.151123046875,601962,0.0,0.0
2011-04-20 00:00:00+05:30,127.87720452982995,132.3056462128315,125.09230017019135,131.62083435058594,974015,0.0,0.0
2011-04-21 00:00:00+05:30,131.48388330419579,134.04051715495078,130.1142595197771,130.57080078125,1783145,0.0,0.0
2011-04-25 00:00:00+05:30,129.7033828766384,132.30565986211508,127.92287463762077,131.164306640625,824752,0.0,0.0
2011-04-26 00:00:00+05:30,132.26004281702527,132.48831350608984,127.83158587615779,128.6077117919922,1671268,0.0,0.0
2011-04-27 00:00:00+05:30,129.61206800346957,129.84033864593167,127.37501849384792,127.6946029663086,736663,0.0,0.0
2011-04-28 00:00:00+05:30,128.28810453040694,128.65333199520205,126.05105496033383,126.55325317382812,897544,0.0,0.0
2011-04-29 00:00:00+05:30,126.91847063751031,127.557625616804,121.25736178407053,122.9465560913086,822366,0.0,0.0
2011-05-02 00:00:00+05:30,124.54445566863473,124.54445566863473,119.6594723298941,122.26174926757812,747928,0.0,0.0
2011-05-03 00:00:00+05:30,122.35306375793286,125.54885273668484,119.93340053274864,120.57255554199219,1020636,0.0,0.0
2011-05-04 00:00:00+05:30,132.39697108038467,132.39697108038467,117.14849512866789,118.28984832763672,749373,0.0,0.0
2011-05-05 00:00:00+05:30,120.61820735164973,120.61820735164973,115.04839836569394,116.41802215576172,510085,0.0,0.0
2011-05-06 00:00:00+05:30,118.42681181886273,121.16605965090676,114.82013829317843,118.79205322265625,2665012,0.0,0.0
2011-05-09 00:00:00+05:30,119.15726967702865,120.2986228348546,116.73759958918428,117.14849090576172,774627,0.0,0.0
2011-05-10 00:00:00+05:30,116.96588064497337,119.0659593714325,115.96148426337929,117.33110809326172,510444,0.0,0.0
2011-05-11 00:00:00+05:30,116.96587721581894,117.69633209098048,116.32671526751892,116.78325653076172,429111,0.0,0.0
2011-05-12 00:00:00+05:30,117.0571814132523,117.42242279679702,115.09405948213585,115.50494384765625,466775,0.0,0.0
2011-05-13 00:00:00+05:30,114.22662099537831,118.10722864231398,114.22662099537831,116.32671356201172,530221,0.0,0.0
2011-05-16 00:00:00+05:30,115.04840172493812,116.18975491665377,114.50055358616801,115.27667236328125,401091,0.0,0.0
2011-05-17 00:00:00+05:30,115.50493684746357,115.87017124260612,111.89826374031426,112.35480499267578,529462,0.0,0.0
2011-05-18 00:00:00+05:30,112.4917720965442,113.17658403779653,110.2547225416268,110.61995697021484,343141,0.0,0.0
2011-05-19 00:00:00+05:30,111.39607151726894,111.39607151726894,108.79378763327466,109.47859954833984,390442,0.0,0.0
2011-05-20 00:00:00+05:30,109.25032468333501,112.5374203552241,108.74812651187598,110.75691223144531,488057,0.0,0.0
2011-05-23 00:00:00+05:30,110.93952673162563,110.93952673162563,106.23715033699061,106.51107788085938,523237,0.0,0.0
2011-05-24 00:00:00+05:30,106.73935626718537,107.51547507618034,104.7762273035388,105.7806167602539,598795,0.0,0.0
2011-05-25 00:00:00+05:30,107.19589587825654,107.19589587825654,103.1783311482568,103.63487243652344,530485,0.0,0.0
2011-05-26 00:00:00+05:30,104.54796200999888,104.54796200999888,101.3521727782522,101.7174072265625,908067,0.0,0.0
2011-05-27 00:00:00+05:30,101.90000921955655,106.55672874140471,101.35216109338623,106.00888061523438,1001065,0.0,0.0
2011-05-30 00:00:00+05:30,106.7850060648784,109.20467632051896,106.05454417297476,108.20028686523438,685807,0.0,0.0
2011-05-31 00:00:00+05:30,108.65682144690139,110.11775210671559,108.65682144690139,109.75251770019531,558065,0.0,0.0
2011-06-01 00:00:00+05:30,110.25471578588953,112.03522393754,109.93513829280698,110.84822082519531,732904,0.0,0.0
2011-06-02 00:00:00+05:30,109.9351305564934,109.9351305564934,107.83503809328045,108.42854309082031,443407,0.0,0.0
2011-06-03 00:00:00+05:30,108.42854221907321,110.57428460868161,108.38288530952707,108.56550598144531,488519,0.0,0.0
2011-06-06 00:00:00+05:30,109.11336775957527,109.11336775957527,104.13707051018521,107.74374389648438,475650,0.0,0.0
2011-06-07 00:00:00+05:30,106.37410838664078,109.25031957747278,106.00887400321878,108.65681457519531,429680,0.0,0.0
2011-06-08 00:00:00+05:30,106.96762505275305,110.39168470894701,106.96762505275305,108.10897827148438,521537,0.0,0.0
2011-06-09 00:00:00+05:30,108.1089731961257,110.16340889339313,108.1089731961257,108.79378509521484,613889,0.0,0.0
2011-06-10 00:00:00+05:30,109.52425296215681,109.52425296215681,106.19150710972148,106.6480484008789,357053,0.0,0.0
2011-06-13 00:00:00+05:30,106.73935455337869,107.28720270585728,105.41538063809926,107.01327514648438,434962,0.0,0.0
2011-06-14 00:00:00+05:30,107.65243859783826,109.56991064079878,107.28720416911547,108.93075561523438,722282,0.0,0.0
2011-06-15 00:00:00+05:30,109.3416375486208,109.47860132711259,106.92196734948975,107.51547241210938,349013,0.0,0.0
2011-06-16 00:00:00+05:30,106.83065534313764,109.93513731901209,105.09579715371366,106.87631225585938,766247,0.0,0.0
2011-06-17 00:00:00+05:30,107.01328018667454,107.92636280589964,105.46104252049889,105.73497009277344,422032,0.0,0.0
2011-06-20 00:00:00+05:30,106.00887545428614,107.28719233062778,102.58481612458525,104.27401733398438,592741,0.0,0.0
2011-06-21 00:00:00+05:30,105.64365050160264,106.55673307107635,104.27402664739205,104.7305679321289,354422,0.0,0.0
2011-06-22 00:00:00+05:30,104.91318436194267,105.82626689430724,103.17832615719661,103.5892105102539,319610,0.0,0.0
2011-06-23 00:00:00+05:30,102.95005296912079,103.58920793940688,102.26524108684282,102.9043960571289,433449,0.0,0.0
2011-06-24 00:00:00+05:30,103.22398218576828,106.83065537119506,103.22398218576828,106.51107788085938,644671,0.0,0.0
2011-06-27 00:00:00+05:30,103.68052034904068,109.56989966978497,103.68052034904068,108.97639465332031,553568,0.0,0.0
2011-06-28 00:00:00+05:30,109.43293833574901,110.39167776568878,108.15462141791825,108.70247650146484,451909,0.0,0.0
2011-06-29 00:00:00+05:30,109.20466941704765,110.30037263503823,108.93074883725016,109.15901947021484,418502,0.0,0.0
2011-06-30 00:00:00+05:30,109.15902120392028,114.59185956825924,109.15902120392028,113.35919952392578,3107391,0.0,0.0
2011-07-01 00:00:00+05:30,114.50055446688603,117.69633646200423,113.3592012663913,115.13970947265625,1124849,0.0,0.0
2011-07-04 00:00:00+05:30,116.41802473570877,117.19415047362708,115.18536469058407,116.73760223388672,685107,0.0,0.0
2011-07-05 00:00:00+05:30,117.87896219974613,119.1116152766788,115.2310144582155,118.56377410888672,1535118,0.0,0.0
2011-07-06 00:00:00+05:30,116.92021285785191,119.84207397004356,116.92021285785191,117.74198150634766,892735,0.0,0.0
2011-07-07 00:00:00+05:30,118.2442009257234,118.97466981833533,116.1897650023035,118.60942840576172,596350,0.0,0.0
2011-07-08 00:00:00+05:30,118.97465520425301,121.34866139796495,117.78764514113026,118.24418640136719,944986,0.0,0.0
2011-07-11 00:00:00+05:30,117.78764426175813,118.24418551858665,114.27227797743187,115.23101043701172,436270,0.0,0.0
2011-07-12 00:00:00+05:30,114.91144395457394,115.55060595510099,112.1265462009941,113.13093566894531,486085,0.0,0.0
2011-07-13 00:00:00+05:30,114.13531403875405,115.5049378072191,113.31353838442166,114.63751220703125,406172,0.0,0.0
2011-07-14 00:00:00+05:30,114.27227955478698,118.97465595828324,113.67877451946411,117.14849090576172,692441,0.0,0.0
2011-07-15 00:00:00+05:30,117.14848743159152,118.51811118036493,116.0071343076137,116.96587371826172,279841,0.0,0.0
2011-07-18 00:00:00+05:30,117.7876401667804,119.38553451012821,116.50932329884887,117.46805572509766,452725,0.0,0.0
2011-07-19 00:00:00+05:30,116.92022955319943,119.47686361613542,116.92022955319943,118.92900848388672,600457,0.0,0.0
2011-07-20 00:00:00+05:30,119.79642820054329,119.79642820054329,116.87456681663424,117.33110809326172,378753,0.0,0.0
2011-07-21 00:00:00+05:30,117.33110532722624,117.56207206999638,115.57575667246414,115.94530487060547,340171,1.5,0.0
2011-07-22 00:00:00+05:30,117.70064193615043,117.74683105102915,115.9914896176497,117.23870849609375,379249,0.0,0.0
2011-07-25 00:00:00+05:30,115.99150418104297,118.53213842034579,115.99150418104297,118.11639404296875,414749,0.0,0.0
2011-07-26 00:00:00+05:30,117.7930426050915,118.6707134364562,112.89654468130466,113.8204116821289,754605,0.0,0.0
2011-07-27 00:00:00+05:30,114.46712294916763,114.65189353013582,111.69552194336961,112.15745544433594,666427,0.0,0.0
2011-07-28 00:00:00+05:30,112.20364681159663,112.20364681159663,108.04624521966936,109.38585662841797,731881,0.0,0.0
2011-07-29 00:00:00+05:30,109.01629578309827,111.60312596008139,104.48934649765042,107.35333251953125,2094997,0.0,0.0
2011-08-01 00:00:00+05:30,108.13863343843109,109.38585245875754,105.13606573649352,106.42947387695312,301070,0.0,0.0
2011-08-02 00:00:00+05:30,110.81784120117551,110.81784120117551,101.71775287680505,102.31826782226562,578025,0.0,0.0
2011-08-03 00:00:00+05:30,100.51672979314473,102.27207140844499,97.9298994413144,101.48678588867188,902716,0.0,0.0
2011-08-04 00:00:00+05:30,102.17969054682602,104.21220221089372,101.02485677697368,101.85633850097656,517507,0.0,0.0
2011-08-05 00:00:00+05:30,97.09841029422401,100.70149263300382,96.26692867011404,98.9461441040039,753373,0.0,0.0
2011-08-08 00:00:00+05:30,97.00603458196369,101.6253695620572,93.4029518877816,99.59286499023438,1369530,0.0,0.0
2011-08-09 00:00:00+05:30,96.95983807155463,103.14975115222586,94.46540001050008,100.4243392944336,1013049,0.0,0.0
2011-08-10 00:00:00+05:30,102.08730451605294,103.93503853444302,100.70150400226036,102.78020477294922,630624,0.0,0.0
2011-08-11 00:00:00+05:30,101.57918124766644,103.93504508910468,100.47054358613453,102.91879272460938,553239,0.0,0.0
2011-08-12 00:00:00+05:30,103.38071678841408,104.85890255123333,100.23956763708208,101.44059753417969,1049012,0.0,0.0
2011-08-16 00:00:00+05:30,101.85633766580372,103.14975288714216,98.89996605864093,99.40808868408203,584806,0.0,0.0
2011-08-17 00:00:00+05:30,98.85376407262831,101.02485000470124,95.15829625682912,95.80500030517578,565463,0.0,0.0
2011-08-18 00:00:00+05:30,95.80500295062207,96.54409935360863,91.69379771144169,92.15573120117188,670485,0.0,0.0
2011-08-19 00:00:00+05:30,91.41663623053124,92.20192881421332,88.73742758695398,90.30799865722656,745746,0.0,0.0
2011-08-22 00:00:00+05:30,90.53896036027646,93.86487994339387,89.66128958436542,93.40294647216797,744024,0.0,0.0
2011-08-23 00:00:00+05:30,93.44914429271287,96.03596754823619,92.47908116655069,94.92733001708984,493433,0.0,0.0
2011-08-24 00:00:00+05:30,94.7887454498656,96.49789785779994,91.83237409822486,92.71004486083984,513832,0.0,0.0
2011-08-25 00:00:00+05:30,93.3105625267098,94.04965891069601,88.32167955616671,89.01457977294922,1057204,0.0,0.0
2011-08-26 00:00:00+05:30,88.69122521622063,90.49276290900698,87.767358286885,88.46025848388672,556869,0.0,0.0
2011-08-29 00:00:00+05:30,88.69122988351593,94.18823558291975,88.69122988351593,89.66129302978516,1165057,0.0,0.0
2011-08-30 00:00:00+05:30,90.5389539642418,92.38668771861408,90.5389539642418,91.60140228271484,908359,0.0,0.0
2011-09-02 00:00:00+05:30,92.3866958618164,93.12579224812914,90.67754339808191,92.3866958618164,521700,0.0,0.0
2011-09-05 00:00:00+05:30,91.46282733213219,92.2943089903152,90.53896038938339,91.739990234375,309489,0.0,0.0
2011-09-06 00:00:00+05:30,91.92475808636125,93.77249191724287,90.12322042066974,92.89482116699219,519105,0.0,0.0
2011-09-07 00:00:00+05:30,93.35675882619323,96.63648229448354,93.35675882619323,94.97352600097656,835320,0.0,0.0
2011-09-08 00:00:00+05:30,96.0821659706657,98.29944813354405,94.69636549993494,97.19080352783203,817309,0.0,0.0
2011-09-09 00:00:00+05:30,97.0060337781007,98.66899717657216,93.54153257173996,94.6039810180664,644994,0.0,0.0
2011-09-12 00:00:00+05:30,93.26436735325578,93.26436735325578,90.53896262428978,91.46282958984375,459318,0.0,0.0
2011-09-13 00:00:00+05:30,92.3866958618164,94.65016709101269,91.60141035670007,92.3866958618164,490781,0.0,0.0
2011-09-14 00:00:00+05:30,93.35675593988614,93.5415265061592,91.6475964834065,92.71004486083984,514028,0.0,0.0
2011-09-15 00:00:00+05:30,92.94101988522225,95.80500620925349,92.10953816571745,95.20449829101562,584032,0.0,0.0
2011-09-16 00:00:00+05:30,95.52784248091386,97.92989510200879,93.68010861106464,96.91364288330078,1012808,0.0,0.0
2011-09-19 00:00:00+05:30,97.88369961187672,98.02228106278159,95.15829495444429,95.98977661132812,361112,0.0,0.0
2011-09-20 00:00:00+05:30,95.98977862848831,98.11466840901635,95.52784514812845,97.42176818847656,479167,0.0,0.0
2011-09-21 00:00:00+05:30,97.83751697032264,99.22331747401404,97.23700200901385,97.79132080078125,375130,0.0,0.0
2011-09-22 00:00:00+05:30,97.00602513705432,97.00602513705432,91.50901986537262,92.9872055053711,384583,0.0,0.0
2011-09-23 00:00:00+05:30,91.87857190608712,94.00346886194252,89.15316702877105,92.57147216796875,581926,0.0,0.0
2011-09-26 00:00:00+05:30,91.64760575839352,95.98978499070375,90.6313534439536,95.06591796875,583643,0.0,0.0
2011-09-27 00:00:00+05:30,95.71261211568157,97.46796068464006,95.62022683279855,97.00602722167969,604703,0.0,0.0
2011-09-28 00:00:00+05:30,96.22074800722469,97.65273760648083,92.98721355603597,93.77249908447266,445963,0.0,0.0
2011-09-29 00:00:00+05:30,93.49532915820217,96.45170752100898,92.57146224142726,95.43545532226562,559096,0.0,0.0
2011-09-30 00:00:00+05:30,91.13946974341204,96.45170433964917,91.13946974341204,94.8811264038086,340988,0.0,0.0
2011-10-03 00:00:00+05:30,94.14205032402805,94.14205032402805,91.55521986025154,92.57147216796875,291546,0.0,0.0
2011-10-04 00:00:00+05:30,92.38669225411822,94.04965553411044,88.2292911026829,89.38412475585938,470017,0.0,0.0
2011-10-05 00:00:00+05:30,89.19936062236889,91.27806134796846,87.95213454817254,88.64503479003906,553394,0.0,0.0
2011-10-07 00:00:00+05:30,84.67241814149261,92.38670674499001,84.67241814149261,92.01715850830078,334079,0.0,0.0
2011-10-10 00:00:00+05:30,92.29430598567637,94.23442509257927,91.739987247782,93.7262954711914,475229,0.0,0.0
2011-10-11 00:00:00+05:30,94.46539145591983,96.82125489355398,93.4029431007408,93.81868743896484,481276,0.0,0.0
2011-10-12 00:00:00+05:30,94.14204335345443,97.05222564758743,94.14204335345443,96.72886657714844,373017,0.0,0.0
2011-10-13 00:00:00+05:30,98.29944396459133,98.57659981785568,95.62022842509693,95.98977661132812,437183,0.0,0.0
2011-10-14 00:00:00+05:30,95.62022588620252,96.63647808494588,94.280621676297,95.43545532226562,180583,0.0,0.0
2011-10-17 00:00:00+05:30,95.71262245488981,96.95984152990269,95.57404099132259,95.85120391845703,206040,0.0,0.0
2011-10-18 00:00:00+05:30,95.34307557373218,95.34307557373218,93.58773383905178,94.04966735839844,156680,0.0,0.0
2011-10-19 00:00:00+05:30,94.37301168972925,96.08216416174346,94.37301168972925,95.71261596679688,192223,0.0,0.0
2011-10-20 00:00:00+05:30,95.15830498541197,95.85120526443195,93.77250442737198,94.04966735839844,141040,0.0,0.0
2011-10-21 00:00:00+05:30,94.23442717644694,94.92732737627375,93.31056024334451,93.49533081054688,199420,0.0,0.0
2011-10-24 00:00:00+05:30,94.74256607959158,95.71262222514152,91.87857266789726,92.52528381347656,259258,0.0,0.0
2011-10-25 00:00:00+05:30,93.4953399590265,94.69636990899805,91.78618737525622,92.52528381347656,628407,0.0,0.0
2011-10-28 00:00:00+05:30,95.15829745205966,97.74512777502903,95.15829745205966,96.54409790039062,449317,0.0,0.0
2011-10-31 00:00:00+05:30,96.82126197663322,100.93246720348982,95.43546151159674,99.8238296508789,854149,0.0,0.0
2011-11-01 00:00:00+05:30,99.63904881857408,101.486782712469,92.52527614649684,94.188232421875,2623590,0.0,0.0
2011-11-02 00:00:00+05:30,92.98720804536083,94.55777900915788,91.97095583063654,93.5415267944336,947931,0.0,0.0
2011-11-03 00:00:00+05:30,94.14204657870208,95.62023233553258,93.31056488781441,94.69636535644531,459898,0.0,0.0
2011-11-04 00:00:00+05:30,95.6202300514717,96.08216352998122,94.65016692718349,94.97352600097656,360965,0.0,0.0
2011-11-08 00:00:00+05:30,94.65017357974321,95.98978499070375,94.65017357974321,95.06591796875,207120,0.0,0.0
2011-11-09 00:00:00+05:30,95.15830361286515,95.66643329623577,92.15573578042039,92.47908782958984,309119,0.0,0.0
2011-11-11 00:00:00+05:30,92.38669920418708,93.17198473771352,90.0770317240824,90.35419464111328,471258,0.0,0.0
2011-11-14 00:00:00+05:30,92.29431461733354,92.3866999075319,88.04452783129624,88.55265045166016,252572,0.0,0.0
2011-11-15 00:00:00+05:30,88.22929494753637,89.52271010516748,85.0881458643024,85.55007934570312,453745,0.0,0.0
2011-11-16 00:00:00+05:30,85.31911125620705,88.22929355273408,83.3327959078762,87.39781188964844,636262,0.0,0.0
2011-11-17 00:00:00+05:30,86.84349643255628,87.67497812725799,84.99576246590614,85.36531066894531,186658,0.0,0.0
2011-11-18 00:00:00+05:30,85.8734318873254,85.91962805516039,83.8871235442415,84.67240905761719,265333,0.0,0.0
2011-11-21 00:00:00+05:30,83.19422989538049,84.99576780664638,81.76223316182832,82.2703628540039,281058,0.0,0.0
2011-11-22 00:00:00+05:30,82.31654745190417,85.45769662962101,81.76222866725902,83.56376647949219,334701,0.0,0.0
2011-11-23 00:00:00+05:30,82.87086705126562,84.53383047009568,79.7297248912135,80.0992660522461,410090,0.0,0.0
2011-11-24 00:00:00+05:30,80.37643111482222,84.25666979749867,77.8357967979744,83.24041748046875,930521,0.0,0.0
2011-11-25 00:00:00+05:30,82.77847449071469,84.71859360992183,81.34648499611797,81.76222229003906,245774,0.0,0.0
2011-11-28 00:00:00+05:30,82.31655418509403,84.99577008666559,82.31655418509403,84.48764038085938,216463,0.0,0.0
2011-11-29 00:00:00+05:30,84.99575390583337,86.01200607543325,82.31653851431005,82.87085723876953,347495,0.0,0.0
2011-11-30 00:00:00+05:30,82.50131576340753,83.84091992908232,80.83835254870196,82.96324920654297,207228,0.0,0.0
2011-12-01 00:00:00+05:30,84.25666672243507,86.84349711550676,82.96325857444498,83.56376647949219,368101,0.0,0.0
2011-12-02 00:00:00+05:30,83.65616171296308,86.10440368393184,83.42519495732104,85.78105163574219,260863,0.0,0.0
2011-12-05 00:00:00+05:30,87.90594060171104,87.90594060171104,85.22672507054315,85.82723999023438,259778,0.0,0.0
2011-12-07 00:00:00+05:30,85.82724302137353,87.21304347796661,85.04195750567992,85.50389099121094,214240,0.0,0.0
2011-12-08 00:00:00+05:30,85.08814566838136,85.68866060252867,82.59370769397933,83.0556411743164,261867,0.0,0.0
2011-12-09 00:00:00+05:30,83.14803218774712,84.07189921205543,80.46881640754384,83.24041748046875,293162,0.0,0.0
2011-12-12 00:00:00+05:30,83.42518790066724,84.53382541455471,78.15914208833823,79.82210540771484,236483,0.0,0.0
2011-12-13 00:00:00+05:30,79.45256232939455,79.91449583130964,77.23528011049298,79.26779174804688,299252,0.0,0.0
2011-12-14 00:00:00+05:30,79.40636520693552,81.20791007191394,78.66727584186772,79.36017608642578,222284,0.0,0.0
2011-12-15 00:00:00+05:30,77.60483321673543,79.12921527891629,77.18909585820717,77.88199615478516,200319,0.0,0.0
2011-12-16 00:00:00+05:30,78.25153013794518,79.72972294008491,75.29515863075703,76.12664031982422,400947,0.0,0.0
2011-12-19 00:00:00+05:30,75.75709071949444,75.75709071949444,72.0616228795191,72.89310455322266,342081,0.0,0.0
2011-12-20 00:00:00+05:30,72.98548718554626,73.72458354608384,69.52098621154882,69.79814910888672,215921,0.0,0.0
2011-12-21 00:00:00+05:30,70.7220235851808,72.01543178138078,69.84434568227822,71.46111297607422,275265,0.0,0.0
2011-12-22 00:00:00+05:30,71.23014735953696,71.96924381080233,70.26009119686557,71.3225326538086,665534,0.0,0.0
2011-12-23 00:00:00+05:30,71.69207969251785,72.06162791203235,67.71945571623856,68.08899688720703,437813,0.0,0.0
2011-12-26 00:00:00+05:30,68.366160389484,68.92047919914897,65.3173963635075,67.2113265991211,595261,0.0,0.0
2011-12-27 00:00:00+05:30,67.90422170286145,67.90422170286145,64.76307262254377,65.22500610351562,370130,0.0,0.0
2011-12-28 00:00:00+05:30,64.02397709128658,66.05648139161049,62.63817678237167,62.96152877807617,431378,0.0,0.0
2011-12-29 00:00:00+05:30,62.961538666165154,63.746824221503466,60.97522316839462,61.437156677246094,609308,0.0,0.0
2011-12-30 00:00:00+05:30,62.36101820758399,62.96153312595868,60.42089905083489,60.79044723510742,419177,0.0,0.0
2012-01-02 00:00:00+05:30,61.06761445628041,61.76051478758892,58.29601313104638,59.95897674560547,535881,0.0,0.0
2012-01-03 00:00:00+05:30,60.23612622219474,63.60824221782245,60.23612622219474,63.1925048828125,592649,0.0,0.0
2012-01-04 00:00:00+05:30,62.91534705060389,64.57831062227746,62.26864291081222,63.88541030883789,483095,0.0,0.0
2012-01-05 00:00:00+05:30,64.20875323238194,66.24125770952836,64.07017177972526,64.48591613769531,449424,0.0,0.0
2012-01-06 00:00:00+05:30,64.48591424868708,65.59455174037389,61.80669875380783,64.67068481445312,539941,0.0,0.0
2012-01-09 00:00:00+05:30,63.28488914088199,66.37984216361012,63.28488914088199,65.82552337646484,295705,0.0,0.0
2012-01-10 00:00:00+05:30,65.77932026725261,69.61336930069314,65.68693498723316,69.15143585205078,493494,0.0,0.0
2012-01-11 00:00:00+05:30,69.38240727074832,71.1377559040642,68.87428467198946,70.35247039794922,408020,0.0,0.0
2012-01-12 00:00:00+05:30,71.1377488972327,72.38496776039729,69.84433387121041,71.091552734375,552541,0.0,0.0
2012-01-13 00:00:00+05:30,71.507310290898,73.26265907624365,70.95299147672205,71.3225326538086,508707,0.0,0.0
2012-01-16 00:00:00+05:30,70.72201331877577,71.59968404572471,69.6595649845173,70.9529800415039,287317,0.0,0.0
2012-01-17 00:00:00+05:30,71.1377607412065,73.0316909569817,71.1377607412065,71.50730895996094,601723,0.0,0.0
2012-01-18 00:00:00+05:30,72.33879583388564,76.12664948623656,68.87429425273301,69.24383544921875,508215,0.0,0.0
2012-01-19 00:00:00+05:30,69.7981516317825,71.045370617794,69.75195546437463,70.35247039794922,344200,0.0,0.0
2012-01-20 00:00:00+05:30,70.67582335977222,75.06419147688226,70.21388987376064,72.80072021484375,1683999,0.0,0.0
2012-01-23 00:00:00+05:30,72.89311046427466,75.47993393290089,72.89311046427466,73.90936279296875,707067,0.0,0.0
2012-01-24 00:00:00+05:30,74.55606508614916,79.9144965778388,72.98549398438458,78.34392547607422,2474805,0.0,0.0
2012-01-25 00:00:00+05:30,78.5286973908823,79.45256441901033,77.78960094896145,78.15914916992188,760646,0.0,0.0
2012-01-27 00:00:00+05:30,77.78959482418635,80.3764251186888,77.65102041971467,79.72972106933594,1154302,0.0,0.0
2012-01-30 00:00:00+05:30,79.91449225903618,80.0992628321244,76.81953934426238,77.92817687988281,1280924,0.0,0.0
2012-01-31 00:00:00+05:30,78.3439161430267,79.72971649662827,74.04793363715282,78.48249053955078,4673936,0.0,0.0
2012-02-01 00:00:00+05:30,77.97436574914033,79.77590333803863,76.6809507129479,78.75965118408203,1036558,0.0,0.0
2012-02-02 00:00:00+05:30,79.36018028595304,80.19166203313165,76.35761240064696,78.89824676513672,881592,0.0,0.0
2012-02-03 00:00:00+05:30,78.11295425699268,80.09926258138258,78.06675808959245,79.6373291015625,1080392,0.0,0.0
2012-02-06 00:00:00+05:30,80.00687219804354,83.60995452080377,80.00687219804354,82.77847290039062,1205424,0.0,0.0
2012-02-07 00:00:00+05:30,83.3327954165245,92.710046295134,83.3327954165245,91.739990234375,4371646,0.0,0.0
2012-02-08 00:00:00+05:30,92.66385708254313,92.66385708254313,89.61509335516573,90.86231231689453,1619525,0.0,0.0
2012-02-09 00:00:00+05:30,92.57146947761129,92.57146947761129,89.75367939031219,92.06334686279297,974950,0.0,0.0
2012-02-10 00:00:00+05:30,91.46282915940935,95.89739339261712,91.18566625162929,93.21817779541016,1406381,0.0,0.0
2012-02-13 00:00:00+05:30,93.31056326568654,94.1420449421196,92.24811484849684,93.17198181152344,659191,0.0,0.0
2012-02-14 00:00:00+05:30,92.94101041784626,96.68267425020271,92.01714350107136,95.43545532226562,1258334,0.0,0.0
2012-02-15 00:00:00+05:30,97.14460645888656,101.53297425711379,96.54409156099908,98.9461441040039,2081364,0.0,0.0
2012-02-16 00:00:00+05:30,97.88369446612455,100.23955786202329,96.17454212426911,99.13092041015625,1247917,0.0,0.0
2012-02-17 00:00:00+05:30,99.50047057020053,101.81013801192799,97.92989952924414,99.8238296508789,1943862,0.0,0.0
2012-02-21 00:00:00+05:30,100.7015011284972,102.54923509415771,99.31570065425183,101.44059753417969,1482591,0.0,0.0
2012-02-22 00:00:00+05:30,101.9949156685037,102.22588241274916,96.6364843825908,97.28319549560547,2077529,0.0,0.0
2012-02-23 00:00:00+05:30,98.85377331822794,98.85377331822794,93.079604315995,96.49790954589844,1228592,0.0,0.0
2012-02-24 00:00:00+05:30,96.12836704517706,97.46797141583407,94.78875562597398,96.68268585205078,572898,0.0,0.0
2012-02-27 00:00:00+05:30,96.77506990946908,96.77506990946908,91.23186781441596,92.57147216796875,958404,0.0,0.0
2012-02-28 00:00:00+05:30,93.35676147387211,96.63648503517824,92.34050215349275,95.48165130615234,753936,0.0,0.0
2012-02-29 00:00:00+05:30,96.86744760193858,98.53041091941078,92.47907962096265,94.28062438964844,1156399,0.0,0.0
2012-03-01 00:00:00+05:30,95.15830135487245,96.72887244131121,89.75368079442624,95.25068664550781,1010319,0.0,0.0
2012-03-02 00:00:00+05:30,95.66642779644899,97.37558028541206,94.3730126255825,95.62023162841797,581157,0.0,0.0
2012-03-05 00:00:00+05:30,94.83494095080265,95.38925969428071,93.07959238933444,93.6339111328125,333809,0.0,0.0
2012-03-06 00:00:00+05:30,92.43289221281148,95.98977860084915,90.53896212446317,92.34049987792969,674439,0.0,0.0
2012-03-07 00:00:00+05:30,92.1095369353589,93.35676302222916,89.66129502805555,91.97096252441406,560561,0.0,0.0
2012-03-09 00:00:00+05:30,92.84863588871691,95.52785166735427,92.84863588871691,95.01972198486328,589120,0.0,0.0
2012-03-12 00:00:00+05:30,97.00604097343171,99.7776421441012,95.29688832789479,96.35933685302734,666097,0.0,0.0
2012-03-13 00:00:00+05:30,98.29944356974202,98.76137703853918,97.37557663214774,97.74512481689453,513575,0.0,0.0
2012-03-14 00:00:00+05:30,98.85376439251344,103.01116569874064,97.51416012436954,101.7177505493164,1464961,0.0,0.0
2012-03-15 00:00:00+05:30,102.54923116541445,103.42690194606064,96.0821625333613,96.72886657714844,1302681,0.0,0.0
2012-03-16 00:00:00+05:30,96.72886917570601,98.85376603131132,94.1420458825187,95.62023162841797,727810,0.0,0.0
2012-03-19 00:00:00+05:30,96.12835799363724,96.12835799363724,92.52527551540867,93.44914245605469,438784,0.0,0.0
2012-03-20 00:00:00+05:30,93.44915292601728,96.82126904689333,92.52528588186198,95.66643524169922,440440,0.0,0.0
2012-03-21 00:00:00+05:30,95.158298809568,97.74512916944055,93.40295014026489,97.23699951171875,393994,0.0,0.0
2012-03-22 00:00:00+05:30,97.92990367927182,97.92990367927182,91.55521986025154,92.57147216796875,426245,0.0,0.0
2012-03-23 00:00:00+05:30,93.3105663090796,94.37301476092185,91.97096198841707,92.8486328125,565686,0.0,0.0
2012-03-26 00:00:00+05:30,93.54154475432495,94.69637864018081,90.40039517508767,90.72374725341797,559751,0.0,0.0
2012-03-27 00:00:00+05:30,91.46283473095724,92.75624996514462,88.13691487772253,90.90851593017578,683153,0.0,0.0
2012-03-28 00:00:00+05:30,90.67754479353023,90.86231536867912,87.76736241938875,87.99832916259766,346068,0.0,0.0
2012-03-29 00:00:00+05:30,86.84349571663417,87.99832943627025,85.45769525307085,86.28917694091797,699017,0.0,0.0
2012-03-30 00:00:00+05:30,86.7511092379068,93.95726732038693,86.2891757563935,93.17198181152344,831390,0.0,0.0
2012-04-02 00:00:00+05:30,94.04966431405519,94.78875369195819,92.47908616998774,94.37301635742188,779715,0.0,0.0
2012-04-03 00:00:00+05:30,95.11209899983913,95.57403247152081,93.402946564326,94.28062438964844,357031,0.0,0.0
2012-04-04 00:00:00+05:30,94.0496583301814,94.0496583301814,92.84862847575347,93.35675811767578,246580,0.0,0.0
2012-04-09 00:00:00+05:30,91.73999861898281,92.84863623218753,90.3541980782039,90.81613159179688,337209,0.0,0.0
2012-04-10 00:00:00+05:30,92.29430971545807,94.0496583301814,89.93844617352077,93.35675811767578,494968,0.0,0.0
2012-04-11 00:00:00+05:30,92.57146687584704,94.69636371022644,91.50902550720289,93.17198181152344,452745,0.0,0.0
2012-04-12 00:00:00+05:30,94.23442801313901,96.45171008198076,94.23442801313901,95.98977661132812,767689,0.0,0.0
2012-04-13 00:00:00+05:30,96.77506075575482,98.29944259741612,91.55521120026998,92.71004486083984,840920,0.0,0.0
2012-04-16 00:00:00+05:30,92.71004925610481,96.45171331315682,92.71004925610481,95.62023162841797,436832,0.0,0.0
2012-04-17 00:00:00+05:30,96.45171679103805,97.6527396691493,93.8648863560285,96.08216857910156,922659,0.0,0.0
2012-04-18 00:00:00+05:30,97.4217738594894,97.4217738594894,94.32682077062732,95.11210632324219,403802,0.0,0.0
2012-04-19 00:00:00+05:30,95.75881842329635,95.80500754535716,93.3567655712079,95.01972198486328,219770,0.0,0.0
2012-04-20 00:00:00+05:30,93.91107610993461,95.57403237722062,93.07959445201892,93.40294647216797,228940,0.0,0.0
2012-04-23 00:00:00+05:30,92.66386277332161,94.65017118135327,91.46283285579686,91.97096252441406,318864,0.0,0.0
2012-04-24 00:00:00+05:30,92.38669464316506,92.89482428312064,91.00089422351758,91.64759826660156,226202,0.0,0.0
2012-04-25 00:00:00+05:30,91.46283336410353,92.84863386962026,89.4303287754307,90.21561431884766,338728,0.0,0.0
2012-04-26 00:00:00+05:30,90.4003828583914,90.4003828583914,86.42775906142957,87.90594482421875,771161,0.0,0.0
2012-04-27 00:00:00+05:30,87.90594343908116,90.53896288889605,86.88969118371082,87.21304321289062,291670,0.0,0.0
2012-04-30 00:00:00+05:30,88.69123441329995,91.00090197614631,88.32168619353534,89.98464965820312,243911,0.0,0.0
2012-05-02 00:00:00+05:30,91.09329550660118,92.29432556730994,89.79988014473328,90.72374725341797,311270,0.0,0.0
2012-05-03 00:00:00+05:30,89.70748923847864,90.07703746857177,87.76736984117251,88.0445327758789,197821,0.0,0.0
2012-05-04 00:00:00+05:30,87.76736262921901,87.99832937298011,84.99576170408578,85.4114990234375,310856,0.0,0.0
2012-05-07 00:00:00+05:30,83.24041024890577,85.36530703963153,78.85204226468358,81.48506164550781,1024088,0.0,0.0
2012-05-08 00:00:00+05:30,81.7622306242431,82.03939354747247,70.7682117633645,71.55349731445312,5531821,0.0,0.0
2012-05-09 00:00:00+05:30,71.0453735575224,72.10782201495569,67.62706143571728,71.69207763671875,2944673,0.0,0.0
2012-05-10 00:00:00+05:30,72.06161671886787,73.30883559852391,70.62962023388266,70.9991683959961,1020290,0.0,0.0
2012-05-11 00:00:00+05:30,71.2763465611508,72.98549924774957,69.29003093140783,71.87686157226562,792475,0.0,0.0
2012-05-14 00:00:00+05:30,72.24639773518263,72.43117536726314,69.33622227751052,69.89054107666016,575959,0.0,0.0
2012-05-15 00:00:00+05:30,68.59712305013461,70.58343846062206,68.45854159385955,70.16769409179688,462684,0.0,0.0
2012-05-16 00:00:00+05:30,69.2900180596329,69.61337006753548,68.41234731696227,69.1052474975586,661530,0.0,0.0
2012-05-17 00:00:00+05:30,69.33621327987794,71.04536562568993,68.64331310872078,69.1976318359375,383109,0.0,0.0
2012-05-18 00:00:00+05:30,67.90421695042545,70.12149891361774,66.5184166044984,69.15143585205078,660935,0.0,0.0
2012-05-21 00:00:00+05:30,69.33621582645455,70.5372386047777,69.33621582645455,69.751953125,458577,0.0,0.0
2012-05-22 00:00:00+05:30,70.30627954123723,70.67582776277796,65.68694439334324,66.37984466552734,726476,0.0,0.0
2012-05-23 00:00:00+05:30,65.68693695212167,68.7818897408955,63.93158838506412,67.25751495361328,988950,0.0,0.0
2012-05-24 00:00:00+05:30,67.99660426645832,69.29001937109447,66.5646147619162,68.92047119140625,544940,0.0,0.0
2012-05-25 00:00:00+05:30,68.92047213708072,69.2900203218396,68.04280136575557,68.82808685302734,320528,0.0,0.0
2012-05-28 00:00:00+05:30,68.96666746541828,70.537238420879,68.82808601674932,69.79814910888672,317001,0.0,0.0
2012-05-29 00:00:00+05:30,70.62962553370834,70.62962553370834,68.36615432480527,68.73570251464844,391325,0.0,0.0
2012-05-30 00:00:00+05:30,68.68950445811252,68.68950445811252,66.9803520567191,67.25751495361328,301700,0.0,0.0
2012-05-31 00:00:00+05:30,66.33364592408634,71.69206968948684,66.05648303598588,70.86058807373047,1661179,0.0,0.0
2012-06-01 00:00:00+05:30,70.86058898289986,71.50730004725017,67.71944713636593,69.1052474975586,447303,0.0,0.0
2012-06-04 00:00:00+05:30,67.44228459828427,69.98291860712375,66.79558057908866,69.01285552978516,619337,0.0,0.0
2012-06-05 00:00:00+05:30,70.30626703270792,70.30626703270792,67.6270517138924,68.55091857910156,389185,0.0,0.0
2012-06-06 00:00:00+05:30,69.29002780358768,71.92304745041478,69.10525721552989,71.36872863769531,648168,0.0,0.0
2012-06-07 00:00:00+05:30,72.06162176310524,73.30884073006528,72.06162176310524,73.03168487548828,537124,0.0,0.0
2012-06-08 00:00:00+05:30,72.29259772565538,74.41749479132321,71.13776389617207,73.6322021484375,502572,0.0,0.0
2012-06-11 00:00:00+05:30,75.66471353010148,76.12664705953,73.03169382206815,73.72459411621094,746774,0.0,0.0
2012-06-12 00:00:00+05:30,72.93929903696507,75.98806304860724,71.23014644497309,75.66471099853516,511676,0.0,0.0
2012-06-13 00:00:00+05:30,76.35760778000977,76.6347636466003,74.41748851969312,75.20277404785156,437327,0.0,0.0
2012-06-14 00:00:00+05:30,75.11038870652676,76.08044481173468,73.95555497517516,74.3250961303711,583423,0.0,0.0
2012-06-15 00:00:00+05:30,74.87941760153015,76.21902183250145,74.37128796989535,74.83322143554688,778544,0.0,0.0
2012-06-18 00:00:00+05:30,74.87942090189587,76.26522135993062,72.10781998582638,72.80072021484375,665670,0.0,0.0
2012-06-19 00:00:00+05:30,72.20021075893163,72.98549633510646,71.36872901122752,72.15401458740234,363771,0.0,0.0
2012-06-20 00:00:00+05:30,72.15401554476165,73.44743083073543,71.78446731326254,72.06163024902344,369651,0.0,0.0
2012-06-21 00:00:00+05:30,72.53571218090993,74.81134381378439,72.25125551403804,74.38465881347656,736279,2.0,0.0
2012-06-22 00:00:00+05:30,73.48389573752308,74.62170800371631,73.0098060876036,74.19503021240234,365504,0.0,0.0
2012-06-25 00:00:00+05:30,74.9061658696831,76.32843484189227,73.7683535855294,74.05280303955078,456364,0.0,0.0
2012-06-26 00:00:00+05:30,74.05280163040162,75.2854376098074,73.38907901628093,74.81134796142578,318492,0.0,0.0
2012-06-27 00:00:00+05:30,75.38025552708615,75.85434518448922,73.48389689747393,74.05280303955078,189638,0.0,0.0
2012-06-28 00:00:00+05:30,74.33725549371253,74.81134512411371,72.77275826658189,73.38907623291016,548210,0.0,0.0
2012-06-29 00:00:00+05:30,73.76834718925592,78.22478668882404,73.76834718925592,77.70328521728516,951254,0.0,0.0
2012-07-02 00:00:00+05:30,77.98774811436402,79.59965004499867,77.46624660114068,78.46183776855469,1119542,0.0,0.0
2012-07-03 00:00:00+05:30,78.69887836281475,79.36260094936961,77.03956466239396,77.79811096191406,549970,0.0,0.0
2012-07-04 00:00:00+05:30,78.22479595101146,78.55665727490586,76.61289395836191,77.56107330322266,776772,0.0,0.0
2012-07-05 00:00:00+05:30,77.60847560149234,80.21596872162456,77.32402614698928,79.55224609375,1066648,0.0,0.0
2012-07-06 00:00:00+05:30,79.64706165401428,80.12115130671674,78.6514704897255,79.07815551757812,653647,0.0,0.0
2012-07-09 00:00:00+05:30,79.07815244326218,79.07815244326218,76.51806407777684,76.80252075195312,371863,0.0,0.0
2012-07-10 00:00:00+05:30,77.08698066501537,78.84111093871402,76.89734046291869,78.46183776855469,357737,0.0,0.0
2012-07-11 00:00:00+05:30,78.69888495168729,79.36260759381071,77.5610726411802,78.17738342285156,329134,0.0,0.0
2012-07-12 00:00:00+05:30,77.60847682683202,77.60847682683202,75.71211816406748,76.2336196899414,374690,0.0,0.0
2012-07-13 00:00:00+05:30,75.8543472290039,77.41884458740897,75.6647142545451,75.8543472290039,355218,0.0,0.0
2012-07-16 00:00:00+05:30,76.04397441697922,76.61288776513332,75.09579514876734,75.33283996582031,328855,0.0,0.0
2012-07-17 00:00:00+05:30,75.85434445909634,76.32843411196569,74.00539770651947,74.43207550048828,262743,0.0,0.0
2012-07-18 00:00:00+05:30,74.9061623360263,74.9061623360263,73.10462027607463,74.47948455810547,312214,0.0,0.0
2012-07-19 00:00:00+05:30,75.09580023652725,75.85434659610195,72.7727637656353,73.05722045898438,577105,0.0,0.0
2012-07-20 00:00:00+05:30,73.81575772155813,73.81575772155813,71.58753779334043,72.10903930664062,542872,0.0,0.0
2012-07-23 00:00:00+05:30,70.82898664453407,71.35048812243103,69.88080740038217,70.5919418334961,547714,0.0,0.0
2012-07-24 00:00:00+05:30,71.06603151877061,72.39348390857049,70.16526412963867,72.0616226196289,382941,0.0,0.0
2012-07-25 00:00:00+05:30,71.49272109595415,71.91939888990177,70.30749696383964,71.25567626953125,368804,0.0,0.0
2012-07-26 00:00:00+05:30,71.25567367171378,71.49271848949458,67.98445084591856,69.21708679199219,676824,0.0,0.0
2012-07-27 00:00:00+05:30,70.07044399390954,72.82016510765256,64.23914049480679,65.13990783691406,4034949,0.0,0.0
2012-07-30 00:00:00+05:30,65.13991104177732,69.21708467661607,65.13991104177732,68.88522338867188,1080485,0.0,0.0
2012-07-31 00:00:00+05:30,69.1222650816923,69.26449340840612,66.18291101041739,68.07926940917969,1033235,0.0,0.0
2012-08-01 00:00:00+05:30,68.03185486563324,69.21707881799618,67.17849217312533,68.36371612548828,522488,0.0,0.0
2012-08-02 00:00:00+05:30,68.316328197238,68.36373282649353,66.60960239527542,67.36814880371094,728424,0.0,0.0
2012-08-03 00:00:00+05:30,66.4673720455677,67.60519162408893,66.23032720429674,67.27332305908203,425731,0.0,0.0
2012-08-06 00:00:00+05:30,68.45854250773307,68.64818270799097,67.55777506711841,67.84223175048828,381698,0.0,0.0
2012-08-07 00:00:00+05:30,68.69558457667993,68.69558457667993,67.74740531553027,68.12667846679688,287756,0.0,0.0
2012-08-08 00:00:00+05:30,68.26889965610583,68.742989237051,67.88962654454309,68.36371612548828,443464,0.0,0.0
2012-08-09 00:00:00+05:30,69.16967457835906,69.16967457835906,65.70882604382182,66.6570053100586,460886,0.0,0.0
2012-08-10 00:00:00+05:30,66.46736862056014,66.98887013809748,65.42437281951955,66.2303237915039,280041,0.0,0.0
2012-08-13 00:00:00+05:30,65.75623204845269,66.7518231925352,65.51918722691246,65.8984603881836,352340,0.0,0.0
2012-08-14 00:00:00+05:30,66.32513427734375,67.08368055532833,65.70882356476889,66.32513427734375,796571,0.0,0.0
2012-08-16 00:00:00+05:30,68.26890459340834,68.26890459340834,66.23031780110404,66.32513427734375,532247,0.0,0.0
2012-08-17 00:00:00+05:30,66.51477671991762,66.84663801502947,65.51918560054838,65.80364227294922,560953,0.0,0.0
2012-08-21 00:00:00+05:30,65.99328645612631,66.84664938443674,65.23474725743309,65.37696838378906,656207,0.0,0.0
2012-08-22 00:00:00+05:30,64.38136957153661,64.57100251923326,63.433190364986835,63.90727996826172,771794,0.0,0.0
2012-08-23 00:00:00+05:30,64.38137211782835,64.61841692884094,62.62724196314183,63.006507873535156,626753,0.0,0.0
2012-08-24 00:00:00+05:30,62.57983305254056,63.243555660999405,61.773882103973705,62.105743408203125,445401,0.0,0.0
2012-08-27 00:00:00+05:30,61.963509136152865,63.05391666054793,61.5368313907098,61.77387619018555,361476,0.0,0.0
2012-08-28 00:00:00+05:30,61.963516017937586,62.058332501451744,60.683475405411485,61.11015319824219,336610,0.0,0.0
2012-08-29 00:00:00+05:30,60.77828767792523,61.44201748460604,60.01974501131632,60.44642639160156,363516,0.0,0.0
2012-08-30 00:00:00+05:30,60.49383866751957,61.868699377080304,59.49825112508489,61.2997932434082,397959,0.0,0.0
2012-08-31 00:00:00+05:30,61.34719217378858,63.48059540256221,60.825697947175,62.24796676635742,524806,0.0,0.0
2012-09-03 00:00:00+05:30,63.24355055064287,63.29096240485908,61.67906063797412,62.674644470214844,429978,0.0,0.0
2012-09-04 00:00:00+05:30,62.864294108632954,63.812473463308955,61.72647454260112,63.622833251953125,385517,0.0,0.0
2012-09-05 00:00:00+05:30,63.338371565871746,63.480592654406415,62.10573574899603,62.532413482666016,256843,0.0,0.0
2012-09-06 00:00:00+05:30,62.485012848247706,62.485012848247706,60.4464260522286,60.63606262207031,680384,0.0,0.0
2012-09-07 00:00:00+05:30,61.442016159140245,62.43759999663388,60.067151953982375,60.16197204589844,1553986,0.0,0.0
2012-09-10 00:00:00+05:30,60.96792703898793,61.15755999030576,60.114564289990945,60.399017333984375,446717,0.0,0.0
2012-09-11 00:00:00+05:30,60.20938445079939,60.304200932261594,59.73529480945451,59.97233963012695,512956,0.0,0.0
2012-09-12 00:00:00+05:30,59.97233499487943,60.636061164866405,59.687881955461194,59.9249267578125,718906,0.0,0.0
2012-09-13 00:00:00+05:30,60.588654501688325,60.588654501688325,58.97674908042428,59.166385650634766,943316,0.0,0.0
2012-09-14 00:00:00+05:30,59.87752029589907,60.96792786584838,59.78270020193749,60.44642639160156,1621419,0.0,0.0
2012-09-17 00:00:00+05:30,61.15756201936378,64.00209978770629,60.9679290617544,63.67023849487305,2198431,0.0,0.0
2012-09-18 00:00:00+05:30,63.52801158391132,69.07485890972966,63.52801158391132,67.98445129394531,3062805,0.0,0.0
2012-09-20 00:00:00+05:30,67.32072572401003,70.82898600192956,65.47177910830202,68.64817810058594,2664406,0.0,0.0
2012-09-21 00:00:00+05:30,69.1696776629981,72.86757841303705,68.93263283586784,72.10903930664062,2378873,0.0,0.0
2012-09-24 00:00:00+05:30,72.77275520398439,75.66470472133913,71.87198783774384,72.58312225341797,2172012,0.0,0.0
2012-09-25 00:00:00+05:30,73.72093560241908,74.66911483846305,71.49271584452244,72.4408950805664,1239808,0.0,0.0
2012-09-26 00:00:00+05:30,72.53571345138128,73.76834938403783,71.35048937537833,73.38907623291016,839177,0.0,0.0
2012-09-27 00:00:00+05:30,73.43648249043542,74.66911845053396,72.77275988671087,73.48389434814453,1086836,0.0,0.0
2012-09-28 00:00:00+05:30,74.8113510301658,75.75953036582307,74.00540004166396,74.14762115478516,1095253,0.0,0.0
2012-10-01 00:00:00+05:30,74.71652807622291,75.75952380836124,74.05279825829226,75.47506713867188,1030465,0.0,0.0
2012-10-03 00:00:00+05:30,75.90175745857441,76.56548008895167,75.00098276416627,75.75952911376953,1193008,0.0,0.0
2012-10-04 00:00:00+05:30,76.32843853532005,77.18180140674542,75.66471587645277,75.94916534423828,1042803,0.0,0.0
2012-10-05 00:00:00+05:30,75.94915685249595,76.80251962850832,72.25125631246475,73.15203094482422,1277295,0.0,0.0
2012-10-08 00:00:00+05:30,73.19943315442067,73.24684500920503,71.30307470758041,71.96680450439453,710783,0.0,0.0
2012-10-09 00:00:00+05:30,72.8675758877427,73.24684904481387,71.11344567457658,71.77716827392578,654376,0.0,0.0
2012-10-10 00:00:00+05:30,71.16086028674502,71.77717105255621,69.50154649010305,70.02304077148438,587889,0.0,0.0
2012-10-11 00:00:00+05:30,70.11785294271706,71.96680682851715,68.74299591797109,71.6823501586914,1014028,0.0,0.0
2012-10-12 00:00:00+05:30,71.68235226017505,73.7683510206398,71.11344613787878,72.01421356201172,1035304,0.0,0.0
2012-10-15 00:00:00+05:30,73.00980581651686,73.00980581651686,70.26008441038671,71.63494873046875,544232,0.0,0.0
2012-10-16 00:00:00+05:30,72.58312779747962,72.77276076253062,70.30749604669793,70.78158569335938,590664,0.0,0.0
2012-10-17 00:00:00+05:30,71.540121077648,71.6823494110775,69.6911744451652,70.5919418334961,434917,0.0,0.0
2012-10-18 00:00:00+05:30,70.68677484130112,73.29426810563567,70.26008978489841,73.00981140136719,987554,0.0,0.0
2012-10-19 00:00:00+05:30,72.8675725603413,73.4364786529528,70.63935281109336,71.58753204345703,827533,0.0,0.0
2012-10-22 00:00:00+05:30,71.3030729494528,71.77716254947318,70.11784894940183,70.40230560302734,676107,0.0,0.0
2012-10-23 00:00:00+05:30,70.02303509851923,71.01862618945952,68.41113329169858,68.64817810058594,1043137,0.0,0.0
2012-10-25 00:00:00+05:30,68.88522283008864,68.9326274513914,66.84663602919996,67.17849731445312,1718838,0.0,0.0
2012-10-29 00:00:00+05:30,67.41555343296648,68.07928334885622,66.65701425856565,67.36814880371094,432338,0.0,0.0
2012-10-30 00:00:00+05:30,67.74741281592154,68.64818755415969,65.23474328292143,65.56660461425781,914535,0.0,0.0
2012-10-31 00:00:00+05:30,65.37695773202971,66.65700553295673,64.57100679984012,66.04068756103516,579979,0.0,0.0
2012-11-01 00:00:00+05:30,66.08808994677554,67.32072584888972,65.23473442042484,66.56217956542969,402945,0.0,0.0
2012-11-02 00:00:00+05:30,67.32072978098181,67.98445239225117,66.98886847534713,67.60518646240234,471322,0.0,0.0
2012-11-05 00:00:00+05:30,68.03185859999846,68.03185859999846,66.08808831781374,66.46736145019531,513825,0.0,0.0
2012-11-06 00:00:00+05:30,66.75181318726189,69.88080002217606,65.42436093879854,69.12226104736328,3292220,0.0,0.0
2012-11-07 00:00:00+05:30,69.21708368740303,71.30307509669771,68.74299407310576,70.73416900634766,1347296,0.0,0.0
2012-11-08 00:00:00+05:30,70.02303738520811,72.44089740843079,68.26890718896506,72.15644073486328,1060436,0.0,0.0
2012-11-09 00:00:00+05:30,71.3504869517408,72.96238874673818,70.497124199199,70.73416900634766,667334,0.0,0.0
2012-11-12 00:00:00+05:30,70.26007776166978,71.96680322714892,70.26007776166978,70.63935089111328,412765,0.0,0.0
2012-11-15 00:00:00+05:30,71.11344004936925,74.43206725167315,70.2126727023572,72.725341796875,867220,0.0,0.0
2012-11-16 00:00:00+05:30,73.05721575668004,73.76835021024655,70.26008256556484,70.686767578125,636683,0.0,0.0
2012-11-19 00:00:00+05:30,71.11344343864836,71.30307639420468,69.45412975841323,69.73858642578125,279915,0.0,0.0
2012-11-20 00:00:00+05:30,70.40231301196124,70.40231301196124,69.02745592082945,69.5489501953125,280323,0.0,0.0
2012-11-21 00:00:00+05:30,69.92821685304139,70.44971831301636,68.74299283858306,69.4067153930664,263949,0.0,0.0
2012-11-22 00:00:00+05:30,70.73417967988424,70.87640803244186,69.59636732749229,69.83341217041016,365313,0.0,0.0
2012-11-23 00:00:00+05:30,70.40231834660614,70.40231834660614,69.31191062237704,69.83341217041016,317094,0.0,0.0
2012-11-26 00:00:00+05:30,70.3074930053679,70.40230948379188,69.73858690079045,69.97563171386719,231207,0.0,0.0
2012-11-27 00:00:00+05:30,69.9756283401121,71.30307344211447,69.69117168452117,70.63935089111328,357395,0.0,0.0
2012-11-29 00:00:00+05:30,70.82898317209751,71.58752942384423,70.5919383726808,71.01862335205078,308143,0.0,0.0
2012-11-30 00:00:00+05:30,71.06602819572305,73.53129990466108,71.06602819572305,72.725341796875,794718,0.0,0.0
2012-12-03 00:00:00+05:30,73.53130328092799,74.81134381378439,73.00980180300738,74.38465881347656,956352,0.0,0.0
2012-12-04 00:00:00+05:30,73.57871106369703,75.47506963355538,73.57871106369703,74.3372573852539,727549,0.0,0.0
2012-12-05 00:00:00+05:30,74.3372573852539,76.28102057893841,73.67352754538318,74.3372573852539,1140054,0.0,0.0
2012-12-06 00:00:00+05:30,74.9061631196104,76.04397536199096,73.00980455962026,75.80693054199219,718948,0.0,0.0
2012-12-07 00:00:00+05:30,76.612881330698,78.27219491070913,75.85433508622253,76.66028594970703,1448428,0.0,0.0
2012-12-10 00:00:00+05:30,77.03956018151885,78.98333043971199,76.32842577984329,78.60405731201172,1500563,0.0,0.0
2012-12-11 00:00:00+05:30,78.8885055960582,79.64705184053366,75.85433508622253,76.66028594970703,1439207,0.0,0.0
2012-12-12 00:00:00+05:30,76.80251958986857,78.08256013622632,76.13879700554489,76.94474792480469,626071,0.0,0.0
2012-12-13 00:00:00+05:30,76.13880300961885,78.03516166755173,75.00098347443861,75.38025665283203,529221,0.0,0.0
2012-12-14 00:00:00+05:30,75.66470920972054,76.84993330615079,74.43207325581956,76.42324829101562,554504,0.0,0.0
2012-12-17 00:00:00+05:30,76.47066107603021,79.3626035659773,76.4232492179844,78.36701965332031,1063606,0.0,0.0
2012-12-18 00:00:00+05:30,79.41000702308477,80.02632494230936,76.84992610819259,78.74628448486328,1630874,0.0,0.0
2012-12-19 00:00:00+05:30,79.26778151364843,80.07373240555451,78.46183062174234,78.6988754272461,729829,0.0,0.0
2012-12-20 00:00:00+05:30,78.60406353512478,78.7462918735268,77.13438276169349,77.89292907714844,477776,0.0,0.0
2012-12-21 00:00:00+05:30,77.7507030741194,78.03515975946759,76.42325059921788,77.60847473144531,646752,0.0,0.0
2012-12-24 00:00:00+05:30,81.35377514417519,82.30195430793465,77.94032436741477,78.65145874023438,707045,0.0,0.0
2012-12-26 00:00:00+05:30,78.60406586487565,79.74187813774797,78.41442566337426,79.07815551757812,440124,0.0,0.0
2012-12-27 00:00:00+05:30,79.45742478421658,79.78928607800307,78.17737699755871,79.50482940673828,605833,0.0,0.0
2012-12-28 00:00:00+05:30,79.50482940673828,80.31078032994364,78.88851144168702,79.50482940673828,433158,0.0,0.0
2012-12-31 00:00:00+05:30,79.50482940673828,80.12114737178955,79.1729681129518,79.50482940673828,394040,0.0,0.0
2013-01-01 00:00:00+05:30,79.83669024016267,84.9568596551688,79.83669024016267,84.53018188476562,2057339,0.0,0.0
2013-01-02 00:00:00+05:30,85.4783604463141,86.28431135834911,84.53018120061796,84.90945434570312,1561351,0.0,0.0
2013-01-03 00:00:00+05:30,85.33613841305055,87.89621967182842,83.39236792225076,85.90504455566406,1299608,0.0,0.0
2013-01-04 00:00:00+05:30,89.03403038556165,90.64593216922076,84.8620403622851,86.90062713623047,1055597,0.0,0.0
2013-01-07 00:00:00+05:30,87.32731075483521,89.93480379017197,87.04286130958242,89.12885284423828,1247033,0.0,0.0
2013-01-08 00:00:00+05:30,89.22367071645952,90.36149021730412,88.6547645830542,89.8399887084961,793895,0.0,0.0
2013-01-09 00:00:00+05:30,90.02962216878089,90.40889533780947,88.03844707392335,88.60735321044922,579235,0.0,0.0
2013-01-10 00:00:00+05:30,89.60293468858453,90.02961243634545,87.04285373395254,87.65916442871094,935226,0.0,0.0
2013-01-11 00:00:00+05:30,88.08584597232539,88.46511908554972,84.00867266472157,85.14649200439453,595100,0.0,0.0
2013-01-14 00:00:00+05:30,85.38353707742412,87.23248356369358,83.15531024264688,86.85321044921875,893570,0.0,0.0
2013-01-15 00:00:00+05:30,87.09027008531174,88.41772259521021,86.142090754532,86.61618041992188,693665,0.0,0.0
2013-01-16 00:00:00+05:30,86.61617383366526,86.94803512739674,84.3879540225726,84.76722717285156,358578,0.0,0.0
2013-01-17 00:00:00+05:30,84.8146373399649,85.76281666063096,83.62941318913234,84.43537139892578,402399,0.0,0.0
2013-01-18 00:00:00+05:30,85.05167586712045,85.24131605762028,83.34495755682354,83.67681884765625,405993,0.0,0.0
2013-01-21 00:00:00+05:30,83.86645180412249,84.57758624192127,83.43977403505666,83.67681884765625,223834,0.0,0.0
2013-01-22 00:00:00+05:30,83.43977769577715,85.05167959855929,81.82787579299502,82.39678192138672,304244,0.0,0.0
2013-01-23 00:00:00+05:30,82.633825799349,83.20273192123443,79.17296997633134,80.45301055908203,456652,0.0,0.0
2013-01-24 00:00:00+05:30,79.64705762019805,80.50042039864977,76.89733632697973,77.79811096191406,448267,0.0,0.0
2013-01-25 00:00:00+05:30,77.18178411063586,80.50041112935087,76.09137664339436,79.41000366210938,449806,0.0,0.0
2013-01-28 00:00:00+05:30,79.36260064640763,82.01750545055943,79.36260064640763,80.73746490478516,466787,0.0,0.0
2013-01-29 00:00:00+05:30,81.11674526262424,82.91828021766591,79.36260770002957,80.50042724609375,984148,0.0,0.0
2013-01-30 00:00:00+05:30,81.06932797383745,81.06932797383745,78.0825618122051,78.50924682617188,1270906,0.0,0.0
2013-01-31 00:00:00+05:30,77.65587888524003,81.1641390749259,77.65587888524003,79.69446563720703,933058,0.0,0.0
2013-02-01 00:00:00+05:30,80.54783055688539,80.64265427636755,77.94033741987688,78.31961059570312,278824,0.0,0.0
2013-02-04 00:00:00+05:30,78.74629306363384,79.93151717817358,75.85434333054332,76.28102111816406,382774,0.0,0.0
2013-02-05 00:00:00+05:30,75.14320325247849,75.85433766811708,74.43206883683989,74.90615844726562,459172,0.0,0.0
2013-02-06 00:00:00+05:30,74.9061623360263,76.28101938402342,74.14761602635178,74.47948455810547,283896,0.0,0.0
2013-02-07 00:00:00+05:30,74.38466177234696,75.28543643058323,73.15203304628226,73.48389434814453,285114,0.0,0.0
2013-02-08 00:00:00+05:30,73.38907880797225,73.91057307929145,72.15644283206521,72.4883041381836,242036,0.0,0.0
2013-02-11 00:00:00+05:30,72.58312118938794,73.9579781459232,72.53570933542468,72.96238708496094,191216,0.0,0.0
2013-02-12 00:00:00+05:30,72.39348417644783,73.48389175903375,72.15643936432193,72.91498565673828,181730,0.0,0.0
2013-02-13 00:00:00+05:30,73.19942974236756,74.05279245047446,72.2038459446037,72.63052368164062,185310,0.0,0.0
2013-02-14 00:00:00+05:30,72.8201776398384,72.8201776398384,70.7341787103332,71.0660400390625,240029,0.0,0.0
2013-02-15 00:00:00+05:30,70.8289873832478,71.96680682851715,70.35489775622732,71.6823501586914,183937,0.0,0.0
2013-02-18 00:00:00+05:30,72.53571599650076,73.53130714888984,72.0616263494648,72.4883041381836,186587,0.0,0.0
2013-02-19 00:00:00+05:30,72.72534756472298,73.6261222172087,72.34608164160666,73.2468490600586,241668,0.0,0.0
2013-02-20 00:00:00+05:30,73.9579781459232,73.9579781459232,72.63052580931793,72.96238708496094,221003,0.0,0.0
2013-02-21 00:00:00+05:30,72.06162723256232,72.44090040164576,70.82899124154962,71.25567626953125,166466,0.0,0.0
2013-02-22 00:00:00+05:30,71.44530010756968,71.68234490370232,70.26007612690651,70.5445327758789,223796,0.0,0.0
2013-02-25 00:00:00+05:30,76.23361038215603,76.23361038215603,69.97562900591163,70.26007843017578,243300,0.0,0.0
2013-02-26 00:00:00+05:30,70.16525899430496,70.16525899430496,68.64817376015361,68.83780670166016,174036,0.0,0.0
2013-02-27 00:00:00+05:30,69.64377195565515,70.59195132732661,67.84223693670698,69.83341217041016,206699,0.0,0.0
2013-02-28 00:00:00+05:30,70.92381644754468,71.77717205334594,66.4673692768638,67.32073211669922,395761,0.0,0.0
2013-03-01 00:00:00+05:30,67.65259369695059,68.26891170778605,66.37255304923643,66.70441436767578,350453,0.0,0.0
2013-03-04 00:00:00+05:30,66.84664037216326,68.26890931625184,65.70882811050598,66.9888687133789,303966,0.0,0.0
2013-03-05 00:00:00+05:30,66.98885923436042,68.83780570643346,66.56217427109002,68.36371612548828,326616,0.0,0.0
2013-03-06 00:00:00+05:30,69.26450074578555,70.11785632840034,69.16967702857595,69.5489501953125,185333,0.0,0.0
2013-03-07 00:00:00+05:30,69.73858642578125,70.16526419279973,69.35931328063508,69.73858642578125,190880,0.0,0.0
2013-03-08 00:00:00+05:30,71.1134439230221,71.1134439230221,69.35931375306095,69.97563171386719,274075,0.0,0.0
2013-03-11 00:00:00+05:30,70.59195296762321,70.7341813234857,69.40672872549365,69.92823028564453,233656,0.0,0.0
2013-03-12 00:00:00+05:30,70.02303084081096,70.82898169521593,69.54894125186297,70.30748748779297,195479,0.0,0.0
2013-03-13 00:00:00+05:30,69.69117831343723,70.16526796182796,68.41113770958906,68.69558715820312,132711,0.0,0.0
2013-03-14 00:00:00+05:30,68.69558576442962,69.78599338041167,67.27331684811404,69.45413208007812,302148,0.0,0.0
2013-03-15 00:00:00+05:30,70.1652663097404,72.06162485865231,69.69117667251243,70.07044982910156,487302,0.0,0.0
2013-03-18 00:00:00+05:30,69.21708014870987,69.97562638641854,68.36371743979588,69.69116973876953,152725,0.0,0.0
2013-03-19 00:00:00+05:30,70.02303770261342,71.87199162111585,67.5577730453106,67.74740600585938,343499,0.0,0.0
2013-03-20 00:00:00+05:30,69.45413345368124,69.45413345368124,65.18732662034928,65.5191879272461,322680,0.0,0.0
2013-03-21 00:00:00+05:30,66.18292243589117,66.79923323465904,63.101339505914076,63.43320083618164,452777,0.0,0.0
2013-03-22 00:00:00+05:30,63.43319809627632,64.14433258786231,61.631655937451676,63.717647552490234,256320,0.0,0.0
2013-03-25 00:00:00+05:30,64.4761935355968,65.13991616367313,62.81687973137189,63.053924560546875,167193,0.0,0.0
2013-03-26 00:00:00+05:30,62.57983250168671,63.00651028422105,61.726469702584225,62.29537582397461,175275,0.0,0.0
2013-03-28 00:00:00+05:30,62.29537391041817,63.43319335228183,61.63165132818957,63.243553161621094,195168,0.0,0.0
2013-04-01 00:00:00+05:30,63.24355837626476,65.42437372746045,62.72206408552436,64.99769592285156,210484,0.0,0.0
2013-04-02 00:00:00+05:30,64.47619257710504,67.74740827747692,64.47619257710504,67.22591400146484,179062,0.0,0.0
2013-04-03 00:00:00+05:30,67.27331578959704,68.12667857276585,65.42436912109267,65.80364227294922,210919,0.0,0.0
2013-04-04 00:00:00+05:30,65.80364006894933,65.80364006894933,63.71764142062274,64.0020980834961,160238,0.0,0.0
2013-04-05 00:00:00+05:30,63.52800941467285,64.95027828216553,63.52800941467285,64.47618865966797,114299,0.0,0.0
2013-04-08 00:00:00+05:30,64.4761909913638,64.99769248858394,63.71764467432246,64.19173431396484,104899,0.0,0.0
2013-04-09 00:00:00+05:30,63.5280098305954,65.28213999851408,63.101332061167525,63.243553161621094,99864,0.0,0.0
2013-04-10 00:00:00+05:30,63.290967519046696,63.81246902143142,61.5842419058184,62.105743408203125,343741,0.0,0.0
2013-04-11 00:00:00+05:30,62.10574349120608,63.433195943931764,61.29979254156209,61.6790657043457,239188,0.0,0.0
2013-04-12 00:00:00+05:30,61.67906507898808,62.959105660624914,61.299791920049884,62.29537582397461,232886,0.0,0.0
2013-04-15 00:00:00+05:30,61.63165132818957,64.00209945619686,61.63165132818957,63.243553161621094,271496,0.0,0.0
2013-04-16 00:00:00+05:30,63.24355066287425,64.66581948348491,63.14873418830687,64.14432525634766,200527,0.0,0.0
2013-04-17 00:00:00+05:30,64.47618865966797,65.47177976052626,64.04951089303358,64.47618865966797,279071,0.0,0.0
2013-04-18 00:00:00+05:30,63.81247379755084,65.61400879364396,63.81247379755084,65.32955932617188,199491,0.0,0.0
2013-04-22 00:00:00+05:30,65.70882337082227,67.98444772999238,65.70882337082227,66.94145202636719,370030,0.0,0.0
2013-04-23 00:00:00+05:30,66.46736416928435,67.32072694354444,65.47178029434224,66.18291473388672,196892,0.0,0.0
2013-04-25 00:00:00+05:30,66.18291520709629,67.22591094574558,65.89845853563118,66.41996002197266,208411,0.0,0.0
2013-04-26 00:00:00+05:30,66.37254564994234,66.79922340693577,65.42436642637173,66.08808898925781,242387,0.0,0.0
2013-04-29 00:00:00+05:30,66.13550180225434,67.32072584888972,66.04068532533022,66.56217956542969,191096,0.0,0.0
2013-04-30 00:00:00+05:30,66.65700948240176,68.5533681335764,66.65700948240176,67.32073211669922,351596,0.0,0.0
2013-05-02 00:00:00+05:30,66.84664129182643,68.17409377137872,66.84664129182643,67.46295928955078,226996,0.0,0.0
2013-05-03 00:00:00+05:30,67.55776800084976,67.8896292740473,65.42436480082293,65.99327087402344,345419,0.0,0.0
2013-05-06 00:00:00+05:30,65.5191839694907,66.27773025432028,64.80804954022553,65.70882415771484,274259,0.0,0.0
2013-05-07 00:00:00+05:30,65.5191830086575,66.65700241921586,64.95027692039504,65.23473358154297,416139,0.0,0.0
2013-05-08 00:00:00+05:30,65.2347375480481,65.8036436709021,64.61841956744217,65.04509735107422,227704,0.0,0.0
2013-05-09 00:00:00+05:30,64.61842048937848,66.37255074071928,64.61842048937848,65.5191879272461,507269,0.0,0.0
2013-05-10 00:00:00+05:30,65.89845333568344,72.4408911568241,65.89845333568344,68.45853424072266,9300782,0.0,0.0
2013-05-13 00:00:00+05:30,68.50595844168609,68.74300328058466,65.51919202475726,65.94587707519531,871316,0.0,0.0
2013-05-14 00:00:00+05:30,65.80365108473845,66.56219025599411,65.28214952684704,65.66142272949219,496066,0.0,0.0
2013-05-15 00:00:00+05:30,65.70882337082227,68.26890439190537,65.70882337082227,66.94145202636719,1012632,0.0,0.0
2013-05-16 00:00:00+05:30,67.32072955216647,68.55336552208729,66.60959508506612,66.75182342529297,676315,0.0,0.0
2013-05-17 00:00:00+05:30,66.65700231062688,67.17849654317068,65.89845603815704,66.08808898925781,445504,0.0,0.0
2013-05-20 00:00:00+05:30,66.2777349421186,67.65259204232763,66.2777349421186,66.6095962524414,681806,0.0,0.0
2013-05-21 00:00:00+05:30,66.37255489159898,67.08368940829469,65.4243755360047,65.94587707519531,445657,0.0,0.0
2013-05-22 00:00:00+05:30,66.18291377722495,66.70440801826598,65.18732268264031,65.70882415771484,405678,0.0,0.0
2013-05-23 00:00:00+05:30,65.42436769033336,65.75622897818776,63.05391958561113,63.19614791870117,368708,0.0,0.0
2013-05-24 00:00:00+05:30,63.0539270859544,64.76065281798496,62.8168822472854,63.622833251953125,242007,0.0,0.0
2013-05-27 00:00:00+05:30,63.24355611787994,64.38137561292987,63.24355611787994,63.812469482421875,141446,0.0,0.0
2013-05-28 00:00:00+05:30,63.71763912395864,64.85545850040661,63.71763912395864,64.28655242919922,191040,0.0,0.0
2013-05-29 00:00:00+05:30,64.28655866078698,64.33396328479671,63.43319585423896,63.57542419433594,125151,0.0,0.0
2013-05-30 00:00:00+05:30,63.101334785941205,63.71764553860909,62.72206162227596,62.9591064453125,210585,0.0,0.0
2013-05-31 00:00:00+05:30,62.627239408571285,63.338373812601844,61.6790602031972,62.010921478271484,276742,0.0,0.0
2013-06-03 00:00:00+05:30,61.631658836055365,62.34279336108678,60.967936172973175,61.536842346191406,178710,0.0,0.0
2013-06-04 00:00:00+05:30,61.20497737700217,62.67465096763136,61.20497737700217,61.347198486328125,185904,0.0,0.0
2013-06-05 00:00:00+05:30,61.15756915270109,62.10574851940964,60.825707821159995,61.536842346191406,170373,0.0,0.0
2013-06-06 00:00:00+05:30,61.15756089319759,62.342784941515376,60.96792793908015,61.916107177734375,256006,0.0,0.0
2013-06-07 00:00:00+05:30,61.821285717594165,63.670239640711586,61.44201979554996,62.05833053588867,284676,0.0,0.0
2013-06-10 00:00:00+05:30,61.868692663169206,62.48501058861278,61.5368313907098,61.77387619018555,131287,0.0,0.0
2013-06-11 00:00:00+05:30,61.299791287333356,61.5368361049688,60.25679191952727,60.778289794921875,154934,0.0,0.0
2013-06-12 00:00:00+05:30,60.304196422165056,61.2049710137725,59.92492690766453,60.35160827636719,170967,0.0,0.0
2013-06-13 00:00:00+05:30,59.73529168626618,60.351609634597835,59.35601854621335,59.59306335449219,170857,0.0,0.0
2013-06-14 00:00:00+05:30,60.20938468429114,61.63165361384132,60.06715634452935,60.82570266723633,230576,0.0,0.0
2013-06-17 00:00:00+05:30,60.825696992282566,62.01092098966129,60.825696992282566,61.77387619018555,228030,0.0,0.0
2013-06-18 00:00:00+05:30,61.77388499348935,62.342791146498456,61.29979532697605,61.631656646728516,174583,0.0,0.0
2013-06-19 00:00:00+05:30,61.6316507227778,64.85546159200673,61.6316507227778,63.19614791870117,354829,0.0,0.0
2013-06-20 00:00:00+05:30,63.93499637837104,63.93499637837104,62.50655583372478,62.703582763671875,203625,2.5,0.0
2013-06-21 00:00:00+05:30,61.17662884297144,62.9006079590066,60.2407574720762,60.63480758666992,338253,0.0,0.0
2013-06-24 00:00:00+05:30,60.585549826071286,60.88108834192031,59.10785348885003,59.50190734863281,272693,0.0,0.0
2013-06-25 00:00:00+05:30,59.74818964822214,60.733320532723894,58.91082614160998,59.55116271972656,247130,0.0,0.0
2013-06-26 00:00:00+05:30,59.25562286376953,60.092982593438514,58.9108248072183,59.25562286376953,198749,0.0,0.0
2013-06-27 00:00:00+05:30,59.6496760643656,60.53629538975864,58.71380094488989,59.797447204589844,193170,0.0,0.0
2013-06-28 00:00:00+05:30,60.09298429634791,61.324397908977986,60.09298429634791,60.88108825683594,220491,0.0,0.0
2013-07-01 00:00:00+05:30,60.191496264713344,63.2454005402545,60.191496264713344,62.21101760864258,250265,0.0,0.0
2013-07-02 00:00:00+05:30,62.45730099971136,63.63945508159264,61.07811622688162,61.669193267822266,269352,0.0,0.0
2013-07-03 00:00:00+05:30,61.570682221315316,61.570682221315316,60.09298584800375,60.24075698852539,145750,0.0,0.0
2013-07-04 00:00:00+05:30,60.19149865089824,61.324400729820375,59.157111920303755,60.092987060546875,289908,0.0,0.0
2013-07-05 00:00:00+05:30,60.29001206275984,61.964735350776316,60.29001206275984,60.78257751464844,180225,0.0,0.0
2013-07-08 00:00:00+05:30,60.5362941082794,60.5362941082794,59.107853562262825,59.945213317871094,133960,0.0,0.0
2013-07-09 00:00:00+05:30,60.19149642598705,61.915475499245,59.89595790788092,61.275142669677734,187457,0.0,0.0
2013-07-10 00:00:00+05:30,61.324398170673206,62.26027327186103,61.0781154470962,61.76770782470703,241372,0.0,0.0
2013-07-11 00:00:00+05:30,62.358785354877995,63.39317205054653,61.91547569731257,62.16175842285156,219115,0.0,0.0
2013-07-12 00:00:00+05:30,62.55581368272911,62.94986755557459,62.06324822066038,62.45730209350586,117422,0.0,0.0
2013-07-15 00:00:00+05:30,62.06324750095576,63.34392069386438,61.86622056681781,62.999122619628906,152623,0.0,0.0
2013-07-16 00:00:00+05:30,61.81696663413586,62.358787900847766,59.895960544906096,60.043731689453125,212659,0.0,0.0
2013-07-17 00:00:00+05:30,60.09298352958742,60.88108748001959,59.206364236616196,59.60041809082031,142644,0.0,0.0
2013-07-18 00:00:00+05:30,59.748190651524766,61.96473517887435,59.69893110009163,61.71845245361328,217217,0.0,0.0
2013-07-19 00:00:00+05:30,61.8662199038,62.506556493391855,61.57068138474845,62.16175842285156,184909,0.0,0.0
2013-07-22 00:00:00+05:30,61.86621759104695,63.048375381036585,61.81696179937571,62.900604248046875,108263,0.0,0.0
2013-07-23 00:00:00+05:30,62.211020835202774,64.37830591323069,62.211020835202774,63.63945770263672,303063,0.0,0.0
2013-07-24 00:00:00+05:30,62.45730130437165,62.90060720825144,59.846702885201196,61.17662811279297,551867,0.0,0.0
2013-07-25 00:00:00+05:30,57.13759458753552,57.38387732282662,54.674767234624504,55.95543670654297,1351043,0.0,0.0
2013-07-26 00:00:00+05:30,56.15246055282998,57.13759143972173,53.19706789215471,54.034427642822266,554783,0.0,0.0
2013-07-29 00:00:00+05:30,53.19707025799558,55.75840917463449,52.21193932729196,55.11807632446289,371419,0.0,0.0
2013-07-30 00:00:00+05:30,56.103209799604535,56.595775287295574,54.13294784884039,54.822540283203125,284487,0.0,0.0
2013-07-31 00:00:00+05:30,54.18220332016566,56.05395366532559,52.31045297500574,55.31510543823242,390894,0.0,0.0
2013-08-01 00:00:00+05:30,55.16733368681096,57.23610719687582,55.16733368681096,56.7435417175293,592188,0.0,0.0
2013-08-02 00:00:00+05:30,56.201718705782504,57.531647713722684,55.21658777751997,56.497257232666016,724008,0.0,0.0
2013-08-05 00:00:00+05:30,55.80766904458893,56.54651724681397,52.90153203090849,54.625511169433594,255332,0.0,0.0
2013-08-06 00:00:00+05:30,54.08368711632657,54.6255083517482,53.19706781619948,53.591121673583984,250793,0.0,0.0
2013-08-07 00:00:00+05:30,53.19706884747562,54.97030372412958,52.31044953016056,54.37922668457031,179032,0.0,0.0
2013-08-08 00:00:00+05:30,54.18220418744383,56.30023730887086,54.18220418744383,55.6599006652832,183742,0.0,0.0
2013-08-12 00:00:00+05:30,55.16733354346686,56.743541570089654,54.77327965782298,55.85692596435547,195622,0.0,0.0
2013-08-13 00:00:00+05:30,56.989824087399356,57.137595233434986,55.21658912485354,56.79280090332031,168651,0.0,0.0
2013-08-14 00:00:00+05:30,56.349492204567575,57.08834043166074,55.16733428962322,55.31510543823242,208936,0.0,0.0
2013-08-16 00:00:00+05:30,55.01956000534309,55.01956000534309,52.21193840559139,52.95078659057617,209911,0.0,0.0
2013-08-19 00:00:00+05:30,51.86714480623499,53.29558164390745,50.68498694231964,52.408966064453125,200473,0.0,0.0
2013-08-20 00:00:00+05:30,51.07903756093119,51.81788576340161,49.69985650443885,50.980525970458984,353599,0.0,0.0
2013-08-21 00:00:00+05:30,53.29558272334762,53.93591934201412,51.27606503382638,51.37458038330078,313112,0.0,0.0
2013-08-22 00:00:00+05:30,51.2268063499814,51.965654518490744,50.58646976741618,51.7193717956543,206631,0.0,0.0
2013-08-23 00:00:00+05:30,53.68963232695367,53.68963232695367,51.42383208126459,51.86714172363281,122775,0.0,0.0
2013-08-26 00:00:00+05:30,53.5911229376033,53.5911229376033,51.71937270784326,52.06416702270508,148241,0.0,0.0
2013-08-27 00:00:00+05:30,51.325320938323955,52.11342870388375,49.65060133145023,49.99539566040039,155630,0.0,0.0
2013-08-28 00:00:00+05:30,49.25654723743212,49.55208576926145,48.02513355649632,49.1087760925293,202807,0.0,0.0
2013-08-29 00:00:00+05:30,50.24167687258956,51.226807791659944,49.207290159160905,50.6357307434082,173168,0.0,0.0
2013-08-30 00:00:00+05:30,50.684985990960755,51.52234575994639,49.55208394306143,50.241676330566406,144529,0.0,0.0
2013-09-02 00:00:00+05:30,50.98052714565342,51.22680988548749,49.650601853739964,50.38945007324219,157146,0.0,0.0
2013-09-03 00:00:00+05:30,50.586473923542066,51.0297836126647,49.25654861415057,49.404319763183594,86900,0.0,0.0
2013-09-04 00:00:00+05:30,49.45357307375531,50.241677060361816,48.91175181783685,49.69985580444336,92883,0.0,0.0
2013-09-05 00:00:00+05:30,50.53721568803606,52.55673333217657,50.53721568803606,51.96565628051758,422251,0.0,0.0
2013-09-06 00:00:00+05:30,53.64037596847833,53.64037596847833,51.57159891193967,52.852272033691406,268447,0.0,0.0
2013-09-10 00:00:00+05:30,54.18219673121283,54.97030065934437,53.738887097271345,54.28070831298828,271806,0.0,0.0
2013-09-11 00:00:00+05:30,54.28071345969797,57.82718710951821,53.59112480593343,56.398746490478516,643183,0.0,0.0
2013-09-12 00:00:00+05:30,56.79279932521426,58.467518891208634,56.15246272082141,57.43313217163086,384833,0.0,0.0
2013-09-13 00:00:00+05:30,57.33462274835259,58.36900950700809,56.448003379232794,57.63016128540039,284154,0.0,0.0
2013-09-16 00:00:00+05:30,58.86157245196871,59.55116484735271,57.23610493127615,57.925697326660156,239508,0.0,0.0
2013-09-17 00:00:00+05:30,57.18684865474252,58.812316161730706,56.59577161109746,57.531646728515625,120491,0.0,0.0
2013-09-18 00:00:00+05:30,57.23610405018009,60.14224097014784,56.152461558384196,59.40339279174805,470693,0.0,0.0
2013-09-19 00:00:00+05:30,61.07811737060547,62.457302169261254,60.5855519079393,61.07811737060547,813730,0.0,0.0
2013-09-20 00:00:00+05:30,61.52142907366919,61.52142907366919,56.053953008811135,56.300235748291016,1374550,0.0,0.0
2013-09-23 00:00:00+05:30,54.921048357632806,56.0539504099045,54.1822001734494,54.32997131347656,295323,0.0,0.0
2013-09-24 00:00:00+05:30,54.18220042000684,54.7732774668528,51.76862892242948,52.01491165161133,447014,0.0,0.0
2013-09-25 00:00:00+05:30,52.211937839545094,52.90153022298337,50.53721455347388,50.7342414855957,525586,0.0,0.0
2013-09-26 00:00:00+05:30,50.78349565082067,51.473088012148004,50.78349565082067,50.93126678466797,332019,0.0,0.0
2013-09-27 00:00:00+05:30,51.02978443559582,51.52234992968068,48.96101086363002,49.30580520629883,563750,0.0,0.0
2013-09-30 00:00:00+05:30,49.25654355205049,49.9461359133744,49.010260834290236,49.55208206176758,194374,0.0,0.0
2013-10-01 00:00:00+05:30,49.355057841955656,50.684986845562705,49.256546252640874,50.143165588378906,191088,0.0,0.0
2013-10-03 00:00:00+05:30,49.30580133613034,51.32531895176462,49.30580133613034,50.68498611450195,281747,0.0,0.0
2013-10-04 00:00:00+05:30,50.29093551635742,52.113430074683194,50.044652772635814,50.29093551635742,337615,0.0,0.0
2013-10-07 00:00:00+05:30,49.847623669521134,50.487960278685215,49.55208514143628,50.09390640258789,209187,0.0,0.0
2013-10-08 00:00:00+05:30,51.52234280383946,52.11342356977725,50.43870036991745,50.58646774291992,298721,0.0,0.0
2013-10-09 00:00:00+05:30,50.24167603427924,50.980524211253936,49.45357206376813,50.7342414855957,166357,0.0,0.0
2013-10-10 00:00:00+05:30,50.38944597397708,51.37457685317135,50.38944597397708,50.88201141357422,183036,0.0,0.0
2013-10-11 00:00:00+05:30,51.42383327984578,52.40896417119158,50.83275249025263,51.7193717956543,408950,0.0,0.0
2013-10-14 00:00:00+05:30,52.11342753796835,53.39409699138654,51.522346727022544,52.408966064453125,498408,0.0,0.0
2013-10-15 00:00:00+05:30,53.09855698027017,53.2955801537671,51.32531835498863,51.67011642456055,246889,0.0,0.0
2013-10-17 00:00:00+05:30,51.71937331401043,51.96565604407715,50.73424239374357,51.079036712646484,150826,0.0,0.0
2013-10-18 00:00:00+05:30,51.079036410456425,51.91639994251505,51.079036410456425,51.57160186767578,142724,0.0,0.0
2013-10-21 00:00:00+05:30,51.71937234458498,52.50747631443105,51.71937234458498,52.113426208496094,187744,0.0,0.0
2013-10-22 00:00:00+05:30,51.71937081215867,53.59112097331293,51.71937081215867,52.75375747680664,291284,0.0,0.0
2013-10-23 00:00:00+05:30,53.147813224874774,54.428482653358564,52.80301515237549,53.44335174560547,693182,0.0,0.0
2013-10-24 00:00:00+05:30,54.03442550695957,55.41361019728232,53.39409271057655,53.83740234375,727446,0.0,0.0
2013-10-25 00:00:00+05:30,54.08368864407665,54.182200232217475,52.50747692799006,52.95078659057617,290668,0.0,0.0
2013-10-28 00:00:00+05:30,53.09855954035146,53.73889240104163,51.22680923807734,51.37458038330078,232813,0.0,0.0
2013-10-29 00:00:00+05:30,50.78349600490536,52.60599038383311,50.73424021260484,52.261192321777344,311107,0.0,0.0
2013-10-30 00:00:00+05:30,52.70450281959796,52.70450281959796,51.867143063037794,52.162681579589844,170724,0.0,0.0
2013-10-31 00:00:00+05:30,52.26119479132911,53.98517390914471,50.980525341118486,53.78814697265625,2816140,0.0,0.0
2013-11-01 00:00:00+05:30,54.0344326227206,57.13759670561255,53.98517682543174,55.70915603637695,2365121,0.0,0.0
2013-11-05 00:00:00+05:30,58.02421226202055,67.48146752088047,56.64502748103106,62.999122619628906,5268653,0.0,0.0
2013-11-06 00:00:00+05:30,63.49168326434577,65.01863916009248,61.86621954012913,62.21101760864258,2267889,0.0,0.0
2013-11-07 00:00:00+05:30,62.55581230490707,62.851350824043685,58.31975017601253,58.9600830078125,1229239,0.0,0.0
2013-11-08 00:00:00+05:30,58.76306215472909,59.551166156213974,56.15246365696058,57.777931213378906,720547,0.0,0.0
2013-11-11 00:00:00+05:30,56.94056884514575,57.43313432608642,53.68963742253263,55.36436080932617,3629034,0.0,0.0
2013-11-12 00:00:00+05:30,54.18219770746924,54.57625155762307,53.14781104828549,53.24632263183594,952017,0.0,0.0
2013-11-13 00:00:00+05:30,52.95078374655239,53.24632225307748,51.67011437962632,51.91639709472656,741518,0.0,0.0
2013-11-14 00:00:00+05:30,52.556733448707384,53.049298912174095,52.21193912747119,52.408966064453125,459209,0.0,0.0
2013-11-18 00:00:00+05:30,53.04929726046191,54.674764742482935,51.91639898454749,52.60599136352539,1134851,0.0,0.0
2013-11-19 00:00:00+05:30,53.04929848374283,53.39409656017066,52.31045029450978,52.458221435546875,835600,0.0,0.0
2013-11-20 00:00:00+05:30,52.70450281959796,53.09855668031812,51.91639885613378,52.162681579589844,583815,0.0,0.0
2013-11-21 00:00:00+05:30,52.605995848411645,52.605995848411645,51.423837920519254,51.62086486816406,283877,0.0,0.0
2013-11-22 00:00:00+05:30,51.76862745613099,53.0985564108297,51.02977928951263,51.27606201171875,336286,0.0,0.0
2013-11-25 00:00:00+05:30,51.32531632370038,52.11342401840196,51.32531632370038,51.91639709472656,246380,0.0,0.0
2013-11-26 00:00:00+05:30,51.473090214868144,52.35970953994152,50.83275361809557,51.1282958984375,194815,0.0,0.0
2013-11-27 00:00:00+05:30,50.88201099271088,51.42383222019092,50.73423985886358,50.93126678466797,187493,0.0,0.0
2013-11-28 00:00:00+05:30,50.93126678466797,51.620859145995304,50.73423985886358,50.93126678466797,167868,0.0,0.0
2013-11-29 00:00:00+05:30,50.53721640632816,52.064168609796866,50.53721640632816,51.42383575439453,280517,0.0,0.0
2013-12-02 00:00:00+05:30,51.22680474085068,52.40896252492705,51.22680474085068,51.91639709472656,239489,0.0,0.0
2013-12-03 00:00:00+05:30,51.47308907281785,51.91639872551868,51.47308907281785,51.7193717956543,148960,0.0,0.0
2013-12-04 00:00:00+05:30,51.71937508227958,51.91640202466449,51.22680960530549,51.325321197509766,134737,0.0,0.0
2013-12-05 00:00:00+05:30,51.81788429552488,53.049297931425905,51.71937270784326,52.06416702270508,333886,0.0,0.0
2013-12-06 00:00:00+05:30,52.01490960229868,52.75375776073467,51.719371090519495,52.261192321777344,350178,0.0,0.0
2013-12-09 00:00:00+05:30,53.78814371265955,53.98517063720658,52.70450126461488,52.80301284790039,423082,0.0,0.0
2013-12-10 00:00:00+05:30,52.65524646492438,52.803013842636375,51.4238328607773,51.76862716674805,233404,0.0,0.0
2013-12-11 00:00:00+05:30,51.71937166328499,51.71937166328499,51.02977928951263,51.27606201171875,180316,0.0,0.0
2013-12-12 00:00:00+05:30,50.98052433692375,51.67011672206191,50.931268543265915,51.17755126953125,164735,0.0,0.0
2013-12-13 00:00:00+05:30,50.5864706453308,51.71937269323012,50.09390519110956,50.241676330566406,243946,0.0,0.0
2013-12-16 00:00:00+05:30,50.2416779712118,50.58647229723548,49.84762409177648,50.04465103149414,170689,0.0,0.0
2013-12-17 00:00:00+05:30,50.04465043577603,50.58647169506767,48.862492569518466,49.20729064941406,321097,0.0,0.0
2013-12-18 00:00:00+05:30,49.0595224592564,49.94614185179974,48.76398391440078,49.30580520629883,1066571,0.0,0.0
2013-12-19 00:00:00+05:30,49.74911270980645,49.94613965035144,48.76398176505781,49.1087760925293,319706,0.0,0.0
2013-12-20 00:00:00+05:30,49.01026413452319,49.30580266414114,48.517698665834516,49.15803527832031,442060,0.0,0.0
2013-12-23 00:00:00+05:30,49.256546613351425,50.635731421715775,49.256546613351425,50.09390640258789,341783,0.0,0.0
2013-12-24 00:00:00+05:30,50.04465024108787,51.079036960798085,49.99539444643048,50.143165588378906,445179,0.0,0.0
2013-12-26 00:00:00+05:30,50.389446753699886,51.96565468161041,50.24167561634371,50.78349685668945,897644,0.0,0.0
2013-12-27 00:00:00+05:30,50.43870212806519,51.965654250171696,50.43870212806519,50.8327522277832,604479,0.0,0.0
2013-12-30 00:00:00+05:30,51.81788564973431,51.81788564973431,50.34018924803493,50.53721618652344,384561,0.0,0.0
2013-12-31 00:00:00+05:30,50.98052714565342,50.98052714565342,50.241678926151195,50.38945007324219,272330,0.0,0.0
2014-01-01 00:00:00+05:30,50.68498581700059,51.52234558311225,50.43870309073525,51.17755126953125,288575,0.0,0.0
2014-01-02 00:00:00+05:30,51.22680429985854,52.50747365575981,50.389444578916624,50.58646774291992,1168225,0.0,0.0
2014-01-03 00:00:00+05:30,50.34018913565465,50.73424301175197,49.50282934641818,50.09390640258789,454821,0.0,0.0
2014-01-06 00:00:00+05:30,50.58647169506767,50.58647169506767,49.059519506890766,49.20729064941406,835693,0.0,0.0
2014-01-07 00:00:00+05:30,49.305799913523956,49.99539228281315,48.46844016665742,48.566951751708984,567141,0.0,0.0
2014-01-08 00:00:00+05:30,48.61621234265331,49.749114472444106,48.61621234265331,49.35506057739258,422265,0.0,0.0
2014-01-09 00:00:00+05:30,49.40431624451711,49.847622144090266,47.48331023378755,48.91175079345703,417157,0.0,0.0
2014-01-10 00:00:00+05:30,48.96100865481377,49.60134151345035,48.4684431829504,48.665470123291016,234057,0.0,0.0
2014-01-13 00:00:00+05:30,48.41918738735933,49.256547186336526,48.41918738735933,48.665470123291016,180683,0.0,0.0
2014-01-14 00:00:00+05:30,48.76398459873312,49.305805898234844,48.17290750072697,48.320674896240234,263597,0.0,0.0
2014-01-15 00:00:00+05:30,48.46844604973004,48.76398459873312,48.12364794424601,48.320674896240234,312272,0.0,0.0
2014-01-16 00:00:00+05:30,48.369930267333984,48.665472571702104,48.27141867119562,48.369930267333984,184469,0.0,0.0
2014-01-17 00:00:00+05:30,49.207292044706676,49.207292044706676,47.53256866651902,47.68033981323242,443159,0.0,0.0
2014-01-20 00:00:00+05:30,47.28628455294998,47.680338427415066,46.54743635681014,47.384796142578125,287204,0.0,0.0
2014-01-21 00:00:00+05:30,47.38479882404307,48.222162415172996,47.38479882404307,47.97587966918945,167041,0.0,0.0
2014-01-22 00:00:00+05:30,47.384795474157976,48.17290321197093,47.384795474157976,47.92662048339844,122232,0.0,0.0
2014-01-23 00:00:00+05:30,47.33554034776405,47.828105811857284,47.33554034776405,47.384796142578125,240754,0.0,0.0
2014-01-24 00:00:00+05:30,47.28628625136959,47.6310805854286,47.040003510477035,47.187774658203125,201304,0.0,0.0
2014-01-27 00:00:00+05:30,46.350405405392934,46.74445924573092,44.577170639823855,45.11899185180664,352652,0.0,0.0
2014-01-28 00:00:00+05:30,45.02048042193936,46.301149770375844,44.97122463122564,45.56230163574219,246385,0.0,0.0
2014-01-29 00:00:00+05:30,45.660814060046526,46.448921757917944,45.365275552332754,45.46379089355469,149473,0.0,0.0
2014-01-30 00:00:00+05:30,45.31602454734112,45.31602454734112,43.64130114943106,43.98609924316406,288304,0.0,0.0
2014-01-31 00:00:00+05:30,44.28163671579254,45.21751186485137,44.035353979617916,45.020484924316406,199419,0.0,0.0
2014-02-03 00:00:00+05:30,44.33088902953006,47.18777004795685,44.33088902953006,44.527915954589844,166603,0.0,0.0
2014-02-04 00:00:00+05:30,44.03535143031404,45.51304776181467,44.03535143031404,44.872711181640625,186313,0.0,0.0
2014-02-05 00:00:00+05:30,44.57717266693572,45.316020832686036,44.47866108135945,44.872711181640625,199785,0.0,0.0
2014-02-06 00:00:00+05:30,45.168253849994,47.778852445571474,45.02048645804099,46.64595031738281,2322111,0.0,0.0
2014-02-07 00:00:00+05:30,47.18777402399199,47.18777402399199,45.90710078218206,46.35041046142578,406121,0.0,0.0
2014-02-10 00:00:00+05:30,46.005613472858954,46.793717435974884,45.61155961231293,45.75933074951172,174010,0.0,0.0
2014-02-11 00:00:00+05:30,45.75932855657302,46.301149770375844,45.316018924197635,45.56230163574219,172553,0.0,0.0
2014-02-12 00:00:00+05:30,45.80858584650227,46.30115128571197,44.72494338343135,44.921966552734375,156893,0.0,0.0
2014-02-13 00:00:00+05:30,44.92196684006534,45.71007455422263,44.133862883884134,44.42940139770508,161162,0.0,0.0
2014-02-14 00:00:00+05:30,44.47865880796155,44.57717038850269,43.838322260516456,44.23237609863281,131841,0.0,0.0
2014-02-17 00:00:00+05:30,44.0846075099832,44.774199887432914,43.98609592376587,44.38014602661133,138330,0.0,0.0
2014-02-18 00:00:00+05:30,44.03534954081789,44.823453465539885,44.03534954081789,44.1831169128418,236002,0.0,0.0
2014-02-19 00:00:00+05:30,43.9368379377536,44.33089181261177,43.690555205461315,43.73981475830078,226567,0.0,0.0
2014-02-20 00:00:00+05:30,43.34576166890511,43.838327142415395,43.34576166890511,43.641300201416016,94108,0.0,0.0
2014-02-21 00:00:00+05:30,43.49353412424179,44.23238235676248,43.49353412424179,43.93684005737305,119948,0.0,0.0
2014-02-24 00:00:00+05:30,43.542786855843595,44.23237924257399,43.247248335238055,43.395015716552734,314798,0.0,0.0
2014-02-25 00:00:00+05:30,43.54278606631594,43.838324581562716,43.24724755106917,43.4935302734375,144460,0.0,0.0
2014-02-26 00:00:00+05:30,43.148732207336174,43.64129765207283,43.148732207336174,43.4935302734375,118381,0.0,0.0
2014-02-28 00:00:00+05:30,43.64129709124798,43.78906822596045,42.95170472588324,43.0994758605957,250057,0.0,0.0
2014-03-03 00:00:00+05:30,42.853192723125176,43.54278508175918,42.853192723125176,43.14873123168945,113846,0.0,0.0
2014-03-04 00:00:00+05:30,43.00096469677462,43.2965032111147,42.6069108390038,43.05022048950195,517671,0.0,0.0
2014-03-05 00:00:00+05:30,43.39501422855855,44.23237772586701,43.34575843647595,44.03535079956055,518654,0.0,0.0
2014-03-06 00:00:00+05:30,44.52791729306157,46.30115215594952,44.33089036207932,44.823455810546875,492128,0.0,0.0
2014-03-07 00:00:00+05:30,45.316018924197635,46.25189397966212,45.316018924197635,45.56230163574219,819649,0.0,0.0
2014-03-10 00:00:00+05:30,45.61156224867837,46.7937201406695,45.46379486091469,46.35041046142578,448750,0.0,0.0
2014-03-11 00:00:00+05:30,46.596688116110194,46.74445924573092,44.921964931637646,45.11899185180664,460053,0.0,0.0
2014-03-12 00:00:00+05:30,45.11899505716003,45.16825085120753,44.13386414430511,44.28163528442383,333798,0.0,0.0
2014-03-13 00:00:00+05:30,44.77419767486525,45.7100727295871,44.13386112216716,44.1831169128418,430636,0.0,0.0
2014-03-14 00:00:00+05:30,44.183120242463005,44.330891383598825,43.345760463963295,43.78907012939453,241242,0.0,0.0
2014-03-18 00:00:00+05:30,43.93683559496313,44.72494330265614,43.83832401048953,44.478660583496094,258572,0.0,0.0
2014-03-19 00:00:00+05:30,45.66081778358463,45.710077337200616,44.823457983781445,45.020484924316406,362307,0.0,0.0
2014-03-20 00:00:00+05:30,44.6264265448654,44.97122459553973,43.8383226201434,44.1831169128418,226238,0.0,0.0
2014-03-21 00:00:00+05:30,43.73981361663448,44.67568496853669,43.73981361663448,44.33089065551758,177314,0.0,0.0
2014-03-24 00:00:00+05:30,44.232375937246516,45.31601835114884,44.232375937246516,45.16824722290039,300687,0.0,0.0
2014-03-25 00:00:00+05:30,45.168247642354906,45.61155727324116,44.921964931637646,45.11899185180664,269789,0.0,0.0
2014-03-26 00:00:00+05:30,45.06973824293717,46.202640270267025,45.06973824293717,45.31602096557617,442239,0.0,0.0
2014-03-27 00:00:00+05:30,45.41453388603675,46.20264162802255,45.16825115616025,45.6115608215332,801637,0.0,0.0
2014-03-28 00:00:00+05:30,46.00561854474352,48.66547300172427,46.00561854474352,48.320674896240234,1387844,0.0,0.0
2014-03-31 00:00:00+05:30,49.30580303307429,51.423836067474404,48.665470173773464,49.1087760925293,1244778,0.0,0.0
2014-04-01 00:00:00+05:30,49.256548090795775,49.6506019787127,47.581824704113444,49.0102653503418,634367,0.0,0.0
2014-04-02 00:00:00+05:30,49.45357491027743,50.63573281307626,48.36992860022168,50.38945007324219,719267,0.0,0.0
2014-04-03 00:00:00+05:30,51.07903940968357,51.12829896467886,49.01026587107982,49.404319763183594,522779,0.0,0.0
2014-04-04 00:00:00+05:30,49.74910941052792,49.84762099527914,48.71472273873592,49.50282669067383,394189,0.0,0.0
2014-04-07 00:00:00+05:30,50.734241228796954,50.734241228796954,48.86249102007807,49.84762191772461,397549,0.0,0.0
2014-04-09 00:00:00+05:30,50.241676573364124,51.57160180299799,49.699855322697594,51.1282958984375,1057405,0.0,0.0
2014-04-10 00:00:00+05:30,51.22680988548749,52.11342925208071,49.749113446483044,50.38945007324219,1604439,0.0,0.0
2014-04-11 00:00:00+05:30,50.192423922059355,50.783501003800644,49.650602637467095,50.29093551635742,491135,0.0,0.0
2014-04-15 00:00:00+05:30,50.4387041142995,50.93126957682591,49.8968828571157,50.143165588378906,416316,0.0,0.0
2014-04-16 00:00:00+05:30,49.94613916331271,50.38944883572203,48.51769855576104,48.714725494384766,337983,0.0,0.0
2014-04-17 00:00:00+05:30,48.71472476587747,49.55208454503561,47.877361228743105,49.25654602050781,420829,0.0,0.0
2014-04-21 00:00:00+05:30,49.305801631216625,50.537215277140994,49.158034248491425,50.192420959472656,512945,0.0,0.0
2014-04-22 00:00:00+05:30,49.99539566040039,50.73424387213044,49.79836871901044,49.99539566040039,317916,0.0,0.0
2014-04-23 00:00:00+05:30,50.19242041222074,50.53721472612976,49.65059916551678,49.79836654663086,384257,0.0,0.0
2014-04-24 00:00:00+05:30,49.79836654663086,49.79836654663086,49.79836654663086,49.79836654663086,0,0.0,0.0
2014-04-25 00:00:00+05:30,50.38944911549412,51.07903776754148,49.65060091003513,50.04465103149414,693168,0.0,0.0
2014-04-28 00:00:00+05:30,50.044651560733364,50.58647283220464,49.69985723106337,50.43870544433594,403660,0.0,0.0
2014-04-29 00:00:00+05:30,50.6357292713388,51.02977937272549,49.74910996676054,49.896881103515625,458654,0.0,0.0
2014-04-30 00:00:00+05:30,50.093906131373835,56.3494897721868,49.99539454187099,52.408966064453125,6915953,0.0,0.0
2014-05-02 00:00:00+05:30,54.08368711632657,55.06881800181175,53.00004088750722,53.591121673583984,1538099,0.0,0.0
2014-05-05 00:00:00+05:30,53.59112153859535,53.93591584445623,52.80301382581147,53.14781188964844,798997,0.0,0.0
2014-05-06 00:00:00+05:30,53.59112196396623,54.37922592502947,52.901529588794844,53.09855651855469,603928,0.0,0.0
2014-05-07 00:00:00+05:30,53.09855654672886,53.443350855509436,51.32531793592553,51.7193717956543,602313,0.0,0.0
2014-05-08 00:00:00+05:30,51.91640341064305,52.90153439089063,51.276066770291536,51.62086486816406,487658,0.0,0.0
2014-05-09 00:00:00+05:30,51.522342711381256,53.44334862077385,51.22680420793069,52.901527404785156,808136,0.0,0.0
2014-05-12 00:00:00+05:30,52.753759534399705,53.59112306356629,52.31044987283812,52.507476806640625,1074474,0.0,0.0
2014-05-13 00:00:00+05:30,52.901529507066435,56.74353772055522,52.80301416335065,54.47773742675781,1999005,0.0,0.0
2014-05-14 00:00:00+05:30,54.4777394192835,62.35878682194227,54.4777394192835,61.07811737060547,4967252,0.0,0.0
2014-05-15 00:00:00+05:30,61.71845275148337,64.82161660793996,60.68406229401373,61.225887298583984,2828335,0.0,0.0
2014-05-16 00:00:00+05:30,63.0483805875136,66.9889043742332,60.684064812291304,61.3736572265625,4558680,0.0,0.0
2014-05-19 00:00:00+05:30,62.309529783114186,66.89038999763241,61.57068160386777,66.25005340576172,2829647,0.0,0.0
2014-05-20 00:00:00+05:30,66.98890667817632,68.17106084846885,63.294665501071016,66.10228729248047,2227536,0.0,0.0
2014-05-21 00:00:00+05:30,66.0037739539883,66.98890490852544,64.32905433765626,65.85600280761719,1508030,0.0,0.0
2014-05-22 00:00:00+05:30,66.79188384697878,69.64875769318002,66.151547202986,67.87552642822266,2170907,0.0,0.0
2014-05-23 00:00:00+05:30,68.76213796289431,74.67292320270923,68.07254184201132,73.39225006103516,3322579,0.0,0.0
2014-05-26 00:00:00+05:30,74.91920626479673,84.32720163843219,73.44150994806269,77.48054504394531,8866354,0.0,0.0
2014-05-27 00:00:00+05:30,78.5149345789629,78.81047687362008,71.02794077915954,76.24913787841797,2074444,0.0,0.0
2014-05-28 00:00:00+05:30,75.85508659558418,78.76122002370913,75.85508659558418,76.84021759033203,1324523,0.0,0.0
2014-05-29 00:00:00+05:30,76.88946859113098,79.74634214525936,74.86994727022432,76.49541473388672,2139850,0.0,0.0
2014-05-30 00:00:00+05:30,77.03723933231186,77.72683552522227,73.44151728195102,73.83556365966797,1032739,0.0,0.0
2014-06-02 00:00:00+05:30,73.98333014539449,82.75099678403646,73.98333014539449,82.15991973876953,4341674,0.0,0.0
2014-06-03 00:00:00+05:30,82.75100256890119,83.34207965548846,77.82534765408563,81.47032928466797,3818544,0.0,0.0
2014-06-04 00:00:00+05:30,80.82999562484054,83.73612885519879,80.38668219780033,83.3913345336914,2309111,0.0,0.0
2014-06-05 00:00:00+05:30,83.73612824223653,85.4601073531061,83.2928223343939,84.37646484375,2342800,0.0,0.0
2014-06-06 00:00:00+05:30,84.96754189285765,86.19895554347877,83.73612824223653,84.37646484375,2141727,0.0,0.0
2014-06-09 00:00:00+05:30,84.77051793122965,87.67665111344024,84.62274679133112,84.91828155517578,2411417,0.0,0.0
2014-06-10 00:00:00+05:30,85.01679827590087,85.01679827590087,81.76586335307253,82.45545196533203,1299829,0.0,0.0
2014-06-11 00:00:00+05:30,81.81512219165194,83.736124391909,79.15526431904355,79.79560089111328,1399272,0.0,0.0
2014-06-12 00:00:00+05:30,80.28817820104753,82.06141704499797,77.52980833622534,79.30304718017578,1608711,0.0,0.0
2014-06-13 00:00:00+05:30,80.18965160740571,81.37180560501834,73.98332433005992,75.55953216552734,1450117,0.0,0.0
2014-06-16 00:00:00+05:30,75.65806168805317,78.41642390125075,72.50563806674512,76.59393310546875,1527227,0.0,0.0
2014-06-17 00:00:00+05:30,75.41177762945726,78.36717049515588,73.98333323479797,78.12088775634766,954181,0.0,0.0
2014-06-18 00:00:00+05:30,77.43129206876267,79.30304239875618,76.0028551810047,76.69244384765625,1567648,0.0,0.0
2014-06-19 00:00:00+05:30,76.98797990350472,78.07162237012037,75.36251244560515,75.60879516601562,669012,0.0,0.0
2014-06-20 00:00:00+05:30,75.60878999447615,76.19986697984199,72.40711484813026,72.9981918334961,1205955,0.0,0.0
2014-06-23 00:00:00+05:30,72.65340281705588,74.67292413902949,71.71753148206452,73.73704528808594,1047610,0.0,0.0
2014-06-24 00:00:00+05:30,74.37738121341572,75.46102367492405,73.63853305566654,74.27886962890625,1428962,0.0,0.0
2014-06-25 00:00:00+05:30,74.82068861583964,74.91920771829497,73.342992270437,73.63853454589844,640622,0.0,0.0
2014-06-26 00:00:00+05:30,73.78630476115718,74.27887020346671,72.99819704708106,73.29373931884766,599421,0.0,0.0
2014-06-27 00:00:00+05:30,73.14596818296437,74.27887020346671,71.71753140664761,73.29373931884766,726904,0.0,0.0
2014-06-30 00:00:00+05:30,73.04746310795595,77.03723903667553,73.04746310795595,76.59393310546875,2182621,0.0,0.0
2014-07-01 00:00:00+05:30,76.93872705288594,77.43129253659961,73.39225707333802,74.82069396972656,1174285,0.0,0.0
2014-07-02 00:00:00+05:30,75.51029015649739,76.34764997562009,74.57441122786972,74.82069396972656,1059731,0.0,0.0
2014-07-03 00:00:00+05:30,74.18035987156792,76.59392757328405,73.88481759480777,74.96846008300781,1948510,0.0,0.0
2014-07-04 00:00:00+05:30,76.74170018843346,80.23891044564776,76.44615790598607,77.52980041503906,7372313,0.0,0.0
2014-07-07 00:00:00+05:30,78.41641796589703,78.61344865503897,77.13575230825968,77.28351593017578,940049,0.0,0.0
2014-07-08 00:00:00+05:30,76.88947270682887,77.5790613569541,71.91455846422411,72.35786437988281,1027345,0.0,0.0
2014-07-09 00:00:00+05:30,73.1459688266823,73.78630541051038,67.08741232976665,69.55023956298828,1403115,0.0,0.0
2014-07-10 00:00:00+05:30,69.55024007146595,73.3429925351654,67.72774940874828,71.32347869873047,2058983,0.0,0.0
2014-07-11 00:00:00+05:30,70.6831355913201,71.914549103364,65.60971041850888,67.03815460205078,1286583,0.0,0.0
2014-07-14 00:00:00+05:30,66.44708012605602,68.46660159680326,65.31418553685673,67.18592834472656,672110,0.0,0.0
2014-07-15 00:00:00+05:30,67.875520808444,69.69801147818124,67.38295535630138,69.0084228515625,1030859,0.0,0.0
2014-07-16 00:00:00+05:30,69.45173057313521,70.43686150325061,69.25470739349315,69.69801330566406,1021624,0.0,0.0
2014-07-17 00:00:00+05:30,69.25470396539687,70.73240028742424,69.25470396539687,69.64875030517578,984930,0.0,0.0
2014-07-18 00:00:00+05:30,69.10694192407503,69.3532246768223,67.97403975824695,68.12181091308594,766989,0.0,0.0
2014-07-21 00:00:00+05:30,67.826265172309,69.40247320696592,67.826265172309,68.07254791259766,509772,0.0,0.0
2014-07-22 00:00:00+05:30,67.87552314788094,68.61437135156044,67.67849245066151,68.26957702636719,941457,0.0,0.0
2014-07-23 00:00:00+05:30,67.97403542258523,69.94429731889204,66.98890447443182,67.72775268554688,661392,0.0,0.0
2014-07-24 00:00:00+05:30,68.1218133774986,68.9591732639415,67.13668233087085,67.8262710571289,603361,0.0,0.0
2014-07-25 00:00:00+05:30,67.3336992394229,68.1218070094337,65.36343733034862,65.85600280761719,635468,0.0,0.0
2014-07-28 00:00:00+05:30,70.33834513833109,73.88481474279484,70.33834513833109,70.7323989868164,4436919,0.0,0.0
2014-07-30 00:00:00+05:30,70.19057731528768,71.52050254017634,69.10693481782108,70.78165435791016,1197640,0.0,0.0
2014-07-31 00:00:00+05:30,70.04280493499607,70.83091265516809,68.61436814763054,69.10693359375,678626,0.0,0.0
2014-08-01 00:00:00+05:30,68.02329502521818,70.8801687641523,67.03816407635739,68.17105865478516,1599112,0.0,0.0
2014-08-04 00:00:00+05:30,69.50098652601496,70.83091170959287,68.36808451187373,68.76213836669922,1235857,0.0,0.0
2014-08-05 00:00:00+05:30,68.61436965100621,69.40246987249367,67.67849077330233,68.46659851074219,1133769,0.0,0.0
2014-08-06 00:00:00+05:30,67.82625632087479,68.46659286525095,66.59484278013286,66.84112548828125,563708,0.0,0.0
2014-08-07 00:00:00+05:30,66.2993179981645,67.23518942331668,66.00377569761491,66.10228729248047,584492,0.0,0.0
2014-08-08 00:00:00+05:30,65.41270172923939,65.41270172923939,63.73797447291617,63.93500518798828,1541030,0.0,0.0
2014-08-11 00:00:00+05:30,63.83649273369497,65.21567014096699,63.83649273369497,64.03351593017578,454801,0.0,0.0
2014-08-12 00:00:00+05:30,64.27978515625,64.67383898223726,63.88573133026274,64.27978515625,389761,0.0,0.0
2014-08-13 00:00:00+05:30,63.688713820202864,64.03350813002021,60.97960386085585,61.76770782470703,638517,0.0,0.0
2014-08-14 00:00:00+05:30,61.52142494196545,62.999121279604445,61.52142494196545,62.703582763671875,654409,0.0,0.0
2014-08-18 00:00:00+05:30,62.94986532222326,65.9052579897835,62.94986532222326,65.46194458007812,846276,0.0,0.0
2014-08-19 00:00:00+05:30,65.4126994575108,66.59485364307514,65.4126994575108,66.00377655029297,641520,0.0,0.0
2014-08-20 00:00:00+05:30,65.46194458007812,65.95451002467149,64.77235596402829,65.46194458007812,484716,0.0,0.0
2014-08-21 00:00:00+05:30,65.11715375243124,67.08741563611117,64.82161897945082,65.95451354980469,1045941,0.0,0.0
2014-08-22 00:00:00+05:30,65.7082308143447,67.8755233959642,65.51120763235775,65.95451354980469,1008520,0.0,0.0
2014-08-25 00:00:00+05:30,65.5604601245541,66.49633141212175,64.27978703171769,64.96937561035156,451165,0.0,0.0
2014-08-26 00:00:00+05:30,64.32905382528327,64.37830586304621,62.80209785153163,63.19615173339844,405120,0.0,0.0
2014-08-27 00:00:00+05:30,62.55581511485896,63.68871720674378,61.57068416816826,63.19615173339844,678784,0.0,0.0
2014-08-28 00:00:00+05:30,62.654326229469774,63.93499945680142,62.21102031321407,63.24540328979492,615595,0.0,0.0
2014-09-01 00:00:00+05:30,62.851345552528294,64.32904554022491,62.851345552528294,64.1812744140625,486298,0.0,0.0
2014-09-02 00:00:00+05:30,64.08276315717124,65.31417668812418,64.08276315717124,65.0678939819336,537553,0.0,0.0
2014-09-03 00:00:00+05:30,65.06789882160244,65.41269313272429,64.32905064807609,64.47681427001953,361053,0.0,0.0
2014-09-04 00:00:00+05:30,63.83648479238555,63.83648479238555,62.45730004073204,62.703582763671875,284688,0.0,0.0
2014-09-05 00:00:00+05:30,62.60506788014341,63.83648526187523,60.240755977318194,61.275142669677734,489737,0.0,0.0
2014-09-08 00:00:00+05:30,61.81696537351764,62.45730197619477,61.07811718180229,62.01399230957031,361563,0.0,0.0
2014-09-09 00:00:00+05:30,61.86621941094738,62.45730020231786,61.52142510113003,61.76770782470703,315449,0.0,0.0
2014-09-10 00:00:00+05:30,61.61993706794893,64.67384511395105,61.17662741117713,63.09763717651367,563988,0.0,0.0
2014-09-11 00:00:00+05:30,63.19614879217953,65.36343376765015,63.19614879217953,64.92012786865234,917890,0.0,0.0
2014-09-12 00:00:00+05:30,65.46194217376208,66.34856144462935,65.16640742744096,65.75748443603516,649960,0.0,0.0
2014-09-15 00:00:00+05:30,65.5112052933801,67.777009385096,64.27979166004589,66.693359375,978701,0.0,0.0
2014-09-16 00:00:00+05:30,66.20080242711241,67.72775853501034,63.54095164375515,63.885746002197266,577666,0.0,0.0
2014-09-17 00:00:00+05:30,64.62458881417584,65.4126965805248,62.80209805994065,64.08277130126953,401690,0.0,0.0
2014-09-18 00:00:00+05:30,63.49168869080213,66.39782959303005,63.44243665134581,66.10228729248047,548233,0.0,0.0
2014-09-19 00:00:00+05:30,65.46194329217143,67.38295299786272,65.06789695701103,66.54559326171875,530054,0.0,0.0
2014-09-22 00:00:00+05:30,65.90525999577333,66.84113136260541,65.21566384278171,66.5948486328125,344305,0.0,0.0
2014-09-23 00:00:00+05:30,66.10227833249533,66.54559172322979,64.13201663843614,64.42755889892578,455427,0.0,0.0
2014-09-24 00:00:00+05:30,63.78722524141669,64.4275618242507,62.30952890377769,62.703582763671875,264785,0.0,0.0
2014-09-25 00:00:00+05:30,62.309529098330636,64.37830247429424,60.09298458495128,60.38852310180664,466547,0.0,0.0
2014-09-26 00:00:00+05:30,59.79744536693865,61.37365327700274,59.10785299704458,60.93034362792969,877088,0.0,0.0
2014-09-29 00:00:00+05:30,60.733321721054814,61.76770841842564,60.24075626916621,60.78257751464844,368946,0.0,0.0
2014-09-30 00:00:00+05:30,60.191496041047195,61.127371140711574,59.698930594695,59.945213317871094,293897,0.0,0.0
2014-10-01 00:00:00+05:30,59.60042308112135,60.339271301135255,58.76306326829615,59.00934600830078,283042,0.0,0.0
2014-10-07 00:00:00+05:30,58.41826278650927,59.50190905296304,57.433131866811046,57.925697326660156,311030,0.0,0.0
2014-10-08 00:00:00+05:30,57.38387326615081,58.61528685555319,57.285361682189034,58.27049255371094,383171,0.0,0.0
2014-10-09 00:00:00+05:30,58.56603397726166,60.19149774135481,58.56603397726166,59.748191833496094,427961,0.0,0.0
2014-10-10 00:00:00+05:30,59.10785739704714,59.3541401362015,57.87644370127532,58.12272644042969,317073,0.0,0.0
2014-10-13 00:00:00+05:30,57.63015991808279,59.84670453031674,57.334621388046855,59.15711212158203,417184,0.0,0.0
2014-10-14 00:00:00+05:30,59.64967518312978,61.86621970589,59.20636552698251,61.275142669677734,829422,0.0,0.0
2014-10-15 00:00:00+05:30,61.275142669677734,61.275142669677734,61.275142669677734,61.275142669677734,0,0.0,0.0
2014-10-16 00:00:00+05:30,59.74819231503745,61.570683029520765,59.74819231503745,60.142242431640625,441185,0.0,0.0
2014-10-17 00:00:00+05:30,59.797448531516494,60.88109105728666,59.206367715479445,60.092987060546875,535511,0.0,0.0
2014-10-20 00:00:00+05:30,60.782575748573564,61.47216811277631,60.388521895321695,60.536293029785156,261421,0.0,0.0
2014-10-21 00:00:00+05:30,60.19149546546663,61.669191790392745,60.19149546546663,60.93034362792969,436452,0.0,0.0
2014-10-22 00:00:00+05:30,61.7677115361397,62.06325007059488,61.07811911709337,61.32440185546875,353187,0.0,0.0
2014-10-27 00:00:00+05:30,62.1617552993968,63.1468861520527,61.22588399575447,61.61993408203125,452404,0.0,0.0
2014-10-28 00:00:00+05:30,61.176631506934214,63.78723007094331,61.176631506934214,63.4916877746582,902514,0.0,0.0
2014-10-29 00:00:00+05:30,63.688716407679216,64.03351073150449,62.85135285871223,63.73796844482422,506766,0.0,0.0
2014-10-30 00:00:00+05:30,63.29465692165137,64.77235319219577,62.90060307964915,64.42755889892578,432198,0.0,0.0
2014-10-31 00:00:00+05:30,65.1664125804109,66.44707828097371,64.77235870487137,66.05303192138672,726241,0.0,0.0
2014-11-03 00:00:00+05:30,66.49633668309492,68.86065237946212,66.20079440256688,68.46659851074219,703039,0.0,0.0
2014-11-05 00:00:00+05:30,69.7472721861751,70.83091469566502,68.56511057186134,70.23983764648438,815249,0.0,0.0
2014-11-07 00:00:00+05:30,70.58462961337308,71.42198936480449,69.45172758922367,70.97868347167969,754381,0.0,0.0
2014-11-10 00:00:00+05:30,72.50563968914105,73.68780139206609,70.4368661039635,71.86530303955078,1437227,0.0,0.0
2014-11-11 00:00:00+05:30,71.7667924545358,72.85043506052156,71.27422695036472,72.65341186523438,896043,0.0,0.0
2014-11-12 00:00:00+05:30,72.94894676195416,73.88481811840636,72.5056333436723,73.54002380371094,1080191,0.0,0.0
2014-11-13 00:00:00+05:30,73.98333635336995,74.37739025526395,72.45638781796616,72.75192260742188,509257,0.0,0.0
2014-11-14 00:00:00+05:30,72.40712085350638,73.44151130065167,71.3727304063611,73.19522857666016,429521,0.0,0.0
2014-11-17 00:00:00+05:30,72.16084208334647,76.6924429498951,72.16084208334647,76.34764862060547,1047095,0.0,0.0
2014-11-18 00:00:00+05:30,76.34764966912984,77.33278063260248,74.96846481707757,77.13575744628906,907900,0.0,0.0
2014-11-19 00:00:00+05:30,76.84020611317699,77.2342599554093,74.91920396672832,75.46102142333984,664346,0.0,0.0
2014-11-20 00:00:00+05:30,75.36252159098439,75.65806389772241,74.0325962425694,74.52516174316406,395136,0.0,0.0
2014-11-21 00:00:00+05:30,73.93408075273031,76.84021404683864,73.93408075273031,75.90434265136719,730939,0.0,0.0
2014-11-24 00:00:00+05:30,75.60879752510473,76.54466888548403,73.78630684039366,74.86994934082031,1087154,0.0,0.0
2014-11-25 00:00:00+05:30,74.67291787323329,74.67291787323329,72.40711401996927,73.0967025756836,490552,0.0,0.0
2014-11-26 00:00:00+05:30,72.65340331795501,73.29373990123591,71.96381469962311,72.30860900878906,420328,0.0,0.0
2014-11-27 00:00:00+05:30,71.963816969781,74.86995018779469,70.92942649370022,74.77143859863281,595342,0.0,0.0
2014-11-28 00:00:00+05:30,74.08184862315065,77.33278394838102,74.08184862315065,76.74170684814453,1327040,0.0,0.0
2014-12-01 00:00:00+05:30,76.64318960505327,78.07162645173233,76.54467049897673,77.87460327148438,1047957,0.0,0.0
2014-12-02 00:00:00+05:30,78.12088454934816,79.5493213694149,76.34764589634247,78.95824432373047,1485600,0.0,0.0
2014-12-03 00:00:00+05:30,79.54932644367217,79.54932644367217,77.72683563824611,78.81047821044922,891445,0.0,0.0
2014-12-04 00:00:00+05:30,78.81047824593527,80.68222860746681,78.41642435151502,79.2537841796875,1014090,0.0,0.0
2014-12-05 00:00:00+05:30,78.61345024438964,80.38668138680335,78.31790796267781,79.84486389160156,600201,0.0,0.0
2014-12-08 00:00:00+05:30,79.05675597570445,79.74634461023305,77.87460188338329,79.40155029296875,536509,0.0,0.0
2014-12-09 00:00:00+05:30,78.95824831064525,79.79560812730917,77.43129230923537,78.02236938476562,855224,0.0,0.0
2014-12-10 00:00:00+05:30,77.67757112812053,79.1552675003078,76.9387229420269,78.95824432373047,1158031,0.0,0.0
2014-12-11 00:00:00+05:30,78.41642066132148,82.25843279820039,77.18500699667776,81.07627868652344,1234352,0.0,0.0
2014-12-12 00:00:00+05:30,80.78072827121024,81.9628822639204,79.30303202234664,79.746337890625,684147,0.0,0.0
2014-12-15 00:00:00+05:30,78.90898830380647,80.2881731494414,77.82534575221928,79.89411926269531,589306,0.0,0.0
2014-12-16 00:00:00+05:30,78.90898452765288,79.69709226343052,77.52979974801819,78.07162475585938,778867,0.0,0.0
2014-12-17 00:00:00+05:30,77.82533681917918,78.21939066069451,64.96937627494668,77.77607727050781,959792,0.0,0.0
2014-12-18 00:00:00+05:30,78.41641763780711,80.04188511565393,78.41641763780711,79.15526580810547,398138,0.0,0.0
2014-12-19 00:00:00+05:30,79.50005815406753,86.9870587742568,78.66269841826933,83.98240661621094,1975160,0.0,0.0
2014-12-22 00:00:00+05:30,83.98241214907078,86.69152221839565,82.65248689095635,86.05118560791016,1147811,0.0,0.0
2014-12-23 00:00:00+05:30,86.0511866700451,88.56327358989783,85.3123384602005,86.83929443359375,1561247,0.0,0.0
2014-12-24 00:00:00+05:30,86.79003335661164,89.0558375000817,85.41084855258433,87.47962951660156,1728700,0.0,0.0
2014-12-26 00:00:00+05:30,87.87367007568317,88.66177777338294,86.05117948019848,88.1692123413086,1354581,0.0,0.0
2014-12-29 00:00:00+05:30,88.11995630775345,89.35136993707339,87.67665040757922,88.66178131103516,1479429,0.0,0.0
2014-12-30 00:00:00+05:30,89.44989362944605,90.53353617565388,87.43037216736802,89.94245910644531,1507368,0.0,0.0
2014-12-31 00:00:00+05:30,90.92759182111412,91.27238615849946,89.74543014385357,90.1887435913086,1071271,0.0,0.0
2015-01-01 00:00:00+05:30,90.3857603028475,92.20825096925122,89.99170643866368,91.42015075683594,1081685,0.0,0.0
2015-01-02 00:00:00+05:30,92.06048159749315,92.20825273889211,90.82906794575594,91.66643524169922,1407172,0.0,0.0
2015-01-05 00:00:00+05:30,92.10974338725943,95.75472487855602,90.92758925925855,94.12926483154297,1766426,0.0,0.0
2015-01-06 00:00:00+05:30,93.19338549225219,94.8188530476888,90.97684087555297,92.35602569580078,2105892,0.0,0.0
2015-01-07 00:00:00+05:30,91.961967150531,94.32628279157824,90.4842708143705,93.8337173461914,1214774,0.0,0.0
2015-01-08 00:00:00+05:30,93.93223916197742,95.2621645061699,93.09487931681572,93.98149871826172,694616,0.0,0.0
2015-01-09 00:00:00+05:30,95.26216314005322,97.72499059988866,94.32629171169694,95.9517593383789,1567745,0.0,0.0
2015-01-12 00:00:00+05:30,96.54282738970456,98.266806450235,95.55769649797287,97.47869873046875,1347965,0.0,0.0
2015-01-13 00:00:00+05:30,99.44897164497449,99.44897164497449,95.80398994397568,96.64134979248047,906962,0.0,0.0
2015-01-14 00:00:00+05:30,96.54282899803157,97.28167717913895,95.3606749146407,96.83837127685547,505535,0.0,0.0
2015-01-15 00:00:00+05:30,101.41922792399902,101.6162586228477,97.62647528360564,98.6608657836914,1029178,0.0,0.0
2015-01-16 00:00:00+05:30,99.00565633653086,99.00565633653086,95.6562097433483,97.28167724609375,724201,0.0,0.0
2015-01-19 00:00:00+05:30,97.38018622402296,98.02052280078637,96.64133806220798,97.13390350341797,785817,0.0,0.0
2015-01-20 00:00:00+05:30,97.28167206564068,100.1878050855246,96.59208347256882,99.74449920654297,2058376,0.0,0.0
2015-01-21 00:00:00+05:30,100.43409937677494,102.84767476264612,99.25194521925428,102.01031494140625,1104492,0.0,0.0
2015-01-22 00:00:00+05:30,102.65063560912951,104.42387421539445,100.53261021091866,102.5521240234375,644194,0.0,0.0
2015-01-23 00:00:00+05:30,102.89692002727483,103.68502775770483,102.20733140011284,102.3551025390625,890944,0.0,0.0
2015-01-27 00:00:00+05:30,101.66550920357632,102.35510536573477,99.3997125689337,100.18781280517578,1122183,0.0,0.0
2015-01-28 00:00:00+05:30,99.99078545347771,101.66550496208119,99.64599114475962,100.23706817626953,859357,0.0,0.0
2015-01-29 00:00:00+05:30,99.99079094966457,102.4043587593099,99.89227935832342,102.30584716796875,2363366,0.0,0.0
2015-01-30 00:00:00+05:30,102.15807539468994,103.43874862210659,99.05491894878882,103.29097747802734,977823,0.0,0.0
2015-02-02 00:00:00+05:30,102.0103082254815,102.60138526532783,101.22220049505151,102.3551025390625,408909,0.0,0.0
2015-02-03 00:00:00+05:30,103.438748164962,105.16272730104471,102.20733449633151,104.71942138671875,1321365,0.0,0.0
2015-02-04 00:00:00+05:30,104.47313528120904,109.25101865810265,101.9610484718973,105.11346435546875,3571013,0.0,0.0
2015-02-05 00:00:00+05:30,104.81792860609183,106.29562494682821,102.89691885356316,104.32536315917969,1777030,0.0,0.0
2015-02-06 00:00:00+05:30,103.73429347416989,103.73429347416989,101.51774880605474,102.99544525146484,797568,0.0,0.0
2015-02-09 00:00:00+05:30,100.58186390357118,102.45361412637817,100.4833523162555,102.3551025390625,1205343,0.0,0.0
2015-02-10 00:00:00+05:30,101.66550819843536,103.93131232662911,101.02517911155459,103.04469299316406,1121771,0.0,0.0
2015-02-11 00:00:00+05:30,102.84767584103851,103.93131841612028,102.05956805045928,103.24172973632812,653406,0.0,0.0
2015-02-12 00:00:00+05:30,102.89692359913356,103.43874862210659,102.25659450137783,103.29097747802734,760382,0.0,0.0
2015-02-13 00:00:00+05:30,103.43874993725358,105.901577316712,102.6506421694458,105.40901184082031,604243,0.0,0.0
2015-02-16 00:00:00+05:30,104.42387937378157,106.64042398313072,104.42387937378157,106.04934692382812,1128668,0.0,0.0
2015-02-18 00:00:00+05:30,105.40901510519473,105.9015805963405,104.22686093282606,104.5716552734375,587189,0.0,0.0
2015-02-19 00:00:00+05:30,105.35974675526839,105.35974675526839,102.50287315784993,103.78353881835938,907791,0.0,0.0
2015-02-20 00:00:00+05:30,103.68503089868811,106.34488141654896,102.74915951690996,104.71942138671875,456576,0.0,0.0
2015-02-23 00:00:00+05:30,104.7194205394034,105.11346689741477,103.34023573850611,104.81793212890625,882333,0.0,0.0
2015-02-24 00:00:00+05:30,103.73429416349477,118.80679349726437,103.6357750537172,111.5168228149414,14072518,0.0,0.0
2015-02-25 00:00:00+05:30,110.33465803413705,110.82722347178944,102.99543601949716,103.6357650756836,4564927,0.0,0.0
2015-02-26 00:00:00+05:30,105.01494867041508,106.29562180086425,99.20267506568366,99.64598846435547,2864732,0.0,0.0
2015-02-27 00:00:00+05:30,100.28633056774602,102.20733285355229,99.20268054400664,101.2714614868164,1306825,0.0,0.0
2015-03-02 00:00:00+05:30,102.45361916415663,103.43875011765813,100.58186884931322,102.20733642578125,1968805,0.0,0.0
2015-03-03 00:00:00+05:30,102.15807216225585,106.88670352745508,101.02517763071752,103.68502807617188,1874592,0.0,0.0
2015-03-04 00:00:00+05:30,105.60603660764615,106.39414438726628,99.84302195652646,100.68038177490234,1340421,0.0,0.0
2015-03-05 00:00:00+05:30,100.68037356930722,101.9117871771312,99.69524268304805,101.6655044555664,841948,0.0,0.0
2015-03-09 00:00:00+05:30,101.46848619445582,101.46848619445582,99.69524750700664,100.6311264038086,828872,0.0,0.0
2015-03-10 00:00:00+05:30,100.04005108348683,101.27146477227446,99.89227993764179,100.87741088867188,436408,0.0,0.0
2015-03-11 00:00:00+05:30,100.48335470079333,102.9461820218912,99.89227764692035,102.05956268310547,1737852,0.0,0.0
2015-03-12 00:00:00+05:30,102.30584886955302,102.65064320295814,100.23707535316956,102.10882568359375,1290897,0.0,0.0
2015-03-13 00:00:00+05:30,102.40435961010047,102.55213075631623,99.99079178040286,102.20733642578125,735753,0.0,0.0
2015-03-16 00:00:00+05:30,101.46847774779673,102.45360859971709,100.63111802685481,101.17293548583984,566774,0.0,0.0
2015-03-17 00:00:00+05:30,101.22219635400334,107.5762874253191,99.79375960648339,105.60602569580078,2913163,0.0,0.0
2015-03-18 00:00:00+05:30,105.5075180797629,107.13298557092604,102.79840809980846,104.22685241699219,772742,0.0,0.0
2015-03-19 00:00:00+05:30,106.34488032028958,106.34488032028958,102.89692208366756,103.93131256103516,970626,0.0,0.0
2015-03-20 00:00:00+05:30,103.14320520119803,103.68503021822056,100.48335470079333,102.05956268310547,968008,0.0,0.0
2015-03-23 00:00:00+05:30,101.91179148265925,102.01031058820912,100.87740851795824,101.61625671386719,1318205,0.0,0.0
2015-03-24 00:00:00+05:30,100.23707792798965,104.22686143175027,99.99079518123783,102.69990539550781,543545,0.0,0.0
2015-03-25 00:00:00+05:30,104.22685744930637,105.65529431950604,100.68038001882654,104.07908630371094,3048483,0.0,0.0
2015-03-26 00:00:00+05:30,102.55211999768625,107.87182809170021,101.86253140896027,105.80305480957031,4327776,0.0,0.0
2015-03-27 00:00:00+05:30,105.90157684107669,106.04934798637105,102.84767240745477,103.19246673583984,2499593,0.0,0.0
2015-03-30 00:00:00+05:30,104.91644503099383,104.91644503099383,102.69990041766297,103.29097747802734,156409,0.0,0.0
2015-03-31 00:00:00+05:30,103.09395134314137,107.37926930295889,103.09395134314137,105.01495361328125,2403564,0.0,0.0
2015-04-01 00:00:00+05:30,104.42387909986641,105.60603321537066,102.74915951690996,104.71942138671875,992782,0.0,0.0
2015-04-06 00:00:00+05:30,104.42387893127353,104.8179328077896,102.25659388436397,104.27610778808594,1625237,0.0,0.0
2015-04-07 00:00:00+05:30,103.0446911662245,103.88205093233616,101.61625436026651,102.3551025390625,877134,0.0,0.0
2015-04-08 00:00:00+05:30,102.7491564042775,103.4387450314395,101.81327753489784,102.3551025390625,225644,0.0,0.0
2015-04-09 00:00:00+05:30,102.4536158626327,106.88670501053507,101.46848494087662,106.24636840820312,2394058,0.0,0.0
2015-04-10 00:00:00+05:30,107.62555234485684,108.51217167056788,104.7194191551982,106.34487915039062,1172256,0.0,0.0
2015-04-13 00:00:00+05:30,105.45826764204884,106.34487945434155,103.09395193871259,104.02982330322266,700197,0.0,0.0
2015-04-15 00:00:00+05:30,104.42387778789276,104.81793166009417,102.45361594283818,103.04469299316406,1013639,0.0,0.0
2015-04-16 00:00:00+05:30,103.38948404036041,103.73428586509323,101.86253566834577,103.4387435913086,1905045,0.0,0.0
2015-04-17 00:00:00+05:30,102.50287786660371,103.34023766693254,102.20733557662759,102.30584716796875,363481,0.0,0.0
2015-04-20 00:00:00+05:30,101.96104672782504,102.94617761408422,101.0251753922597,101.6655044555664,472906,0.0,0.0
2015-04-21 00:00:00+05:30,101.4684800853714,102.10881665706174,100.18780694199071,100.43408966064453,738340,0.0,0.0
2015-04-22 00:00:00+05:30,100.8774016082502,104.17758848740307,100.08929391354863,103.83279418945312,5294191,0.0,0.0
2015-04-23 00:00:00+05:30,103.68502775770483,105.11346456366282,101.76402549921617,102.3551025390625,1890933,0.0,0.0
2015-04-24 00:00:00+05:30,103.09394715814331,103.6357646276473,100.97591428220422,101.86253356933594,1228124,0.0,0.0
2015-04-27 00:00:00+05:30,100.48335893165198,103.14320954404987,100.48335893165198,102.01031494140625,1461411,0.0,0.0
2015-04-28 00:00:00+05:30,100.53261186788951,104.42387593650082,100.53261186788951,102.3551025390625,1767691,0.0,0.0
2015-04-29 00:00:00+05:30,101.81328258735412,103.24172698015062,101.66551144107135,102.65064239501953,509911,0.0,0.0
2015-04-30 00:00:00+05:30,101.66550819843536,104.42387778789276,101.66550819843536,103.04469299316406,647596,0.0,0.0
2015-05-04 00:00:00+05:30,103.04468982076291,107.72406155870534,102.69989551168392,107.08372497558594,1186913,0.0,0.0
2015-05-05 00:00:00+05:30,107.8225763003522,110.33466315535968,106.0000855996372,109.44804382324219,1011491,0.0,0.0
2015-05-06 00:00:00+05:30,109.34953503956943,109.34953503956943,104.91644578120851,106.83744812011719,517302,0.0,0.0
2015-05-07 00:00:00+05:30,106.8374399299986,108.61067850378821,105.95082815905586,107.82257080078125,1223582,0.0,0.0
2015-05-08 00:00:00+05:30,109.34953313854474,112.74823183782121,107.52704242275951,109.79283905029297,804936,0.0,0.0
2015-05-11 00:00:00+05:30,110.33465994162269,111.61533310804028,109.59581177237075,110.285400390625,1309233,0.0,0.0
2015-05-12 00:00:00+05:30,110.82722477532232,113.19154040705297,106.98521281325404,108.06885528564453,1601692,0.0,0.0
2015-05-13 00:00:00+05:30,108.36439430125105,110.33465601581925,107.33000389472195,108.46290588378906,688682,0.0,0.0
2015-05-14 00:00:00+05:30,108.31514540136389,108.364404955452,105.65529483156571,106.73893737792969,556262,0.0,0.0
2015-05-15 00:00:00+05:30,107.37927331033958,109.15251202276296,106.64042509948862,107.28076171875,583364,0.0,0.0
2015-05-18 00:00:00+05:30,107.4285249468241,107.7240596998125,105.40900364628544,106.39413452148438,1309785,0.0,0.0
2015-05-19 00:00:00+05:30,106.88669617024624,110.03911185275756,106.78818458940873,107.7733154296875,570684,0.0,0.0
2015-05-20 00:00:00+05:30,108.26589504657613,111.319799548704,107.47778726462896,110.63021087646484,1824763,0.0,0.0
2015-05-21 00:00:00+05:30,111.31979009735257,112.2556614324981,108.9062224334811,110.38391876220703,624773,0.0,0.0
2015-05-22 00:00:00+05:30,109.5465533991673,111.66458634365209,106.68967979343914,108.31513977050781,1477287,0.0,0.0
2015-05-25 00:00:00+05:30,108.75845814045192,108.8569697320415,103.53726111072406,107.28076171875,1191830,0.0,0.0
2015-05-26 00:00:00+05:30,108.31514646509372,108.3644060196656,105.60603631460208,107.52704620361328,1260000,0.0,0.0
2015-05-27 00:00:00+05:30,106.83744716424738,107.28076059568876,105.40901031127008,106.04934692382812,438375,0.0,0.0
2015-05-28 00:00:00+05:30,106.4434074357714,107.13299612860881,104.76868022809718,105.26124572753906,417893,0.0,0.0
2015-05-29 00:00:00+05:30,105.40900563919593,106.19711336063624,103.93130929845954,104.32536315917969,377037,0.0,0.0
2015-06-01 00:00:00+05:30,104.32536558462185,105.4090080898315,102.84766920953075,104.02982330322266,1220822,0.0,0.0
2015-06-02 00:00:00+05:30,103.68503108001562,104.42387928248603,101.46848647260435,101.96105194091797,519298,0.0,0.0
2015-06-03 00:00:00+05:30,102.15807519965023,102.45361748724446,96.69060300677748,98.31607055664062,887767,0.0,0.0
2015-06-04 00:00:00+05:30,98.41457932175103,102.15807226673947,98.11903704264166,100.9266586303711,1088944,0.0,0.0
2015-06-05 00:00:00+05:30,99.8430241478098,100.43410123752103,98.02053332288642,98.61161041259766,823957,0.0,0.0
2015-06-08 00:00:00+05:30,98.02052280078637,98.80863051310321,96.54282647715642,97.13390350341797,728411,0.0,0.0
2015-06-09 00:00:00+05:30,97.03540058196775,98.26681429493688,96.34581190908617,97.9220199584961,201905,0.0,0.0
2015-06-10 00:00:00+05:30,97.92200887793912,98.90713973684001,97.28167231646314,97.87274932861328,323311,0.0,0.0
2015-06-11 00:00:00+05:30,98.02052868196407,98.4145825617655,94.91736471296261,96.44432067871094,348994,0.0,0.0
2015-06-12 00:00:00+05:30,96.39505882561255,98.46383225027579,93.6859488010422,97.62647247314453,1087411,0.0,0.0
2015-06-15 00:00:00+05:30,97.62647596623424,99.59673787278166,97.08465845150533,98.1190414428711,722636,0.0,0.0
2015-06-16 00:00:00+05:30,97.77424711241584,98.46383577332635,96.73985660509736,98.1190414428711,478966,0.0,0.0
2015-06-17 00:00:00+05:30,97.82350225232636,98.16829656722331,96.34580588909456,97.28167724609375,310738,0.0,0.0
2015-06-18 00:00:00+05:30,97.28167548397471,97.77424092946319,96.14877345616075,97.03539276123047,547780,0.0,0.0
2015-06-19 00:00:00+05:30,97.3309347964154,100.08929677482075,96.78910980132481,99.35044860839844,537948,0.0,0.0
2015-06-22 00:00:00+05:30,99.39971273640015,101.22220346097413,99.05491841271629,100.6311264038086,506381,0.0,0.0
2015-06-23 00:00:00+05:30,101.274612879464,102.1655858094865,100.4826285495303,101.42310333251953,434596,0.5,0.0
2015-06-24 00:00:00+05:30,101.91808971078835,103.94754479704234,100.48262663714094,103.05656433105469,770894,0.0,0.0
2015-06-25 00:00:00+05:30,102.95756637682771,103.55155082610962,100.63112287793572,103.25456237792969,542702,0.0,0.0
2015-06-26 00:00:00+05:30,102.66056302619593,104.5415199416982,102.26457845697146,104.0465316772461,492695,0.0,0.0
2015-06-29 00:00:00+05:30,102.46257628468857,102.46257628468857,99.98763482853667,102.01708984375,451972,0.0,0.0
2015-06-30 00:00:00+05:30,101.27460633720432,103.30405377805995,101.12610834081931,101.7200927734375,878816,0.0,0.0
2015-07-01 00:00:00+05:30,101.96758402980822,103.30405085359517,100.68061150146723,101.62109375,443923,0.0,0.0
2015-07-02 00:00:00+05:30,101.4726040971299,101.86859625784949,98.20567821234609,98.89866638183594,572397,0.0,0.0
2015-07-03 00:00:00+05:30,99.19565159322596,101.22510662995873,99.09665544451455,100.87861633300781,780247,0.0,0.0
2015-07-06 00:00:00+05:30,99.88864121750984,103.35355934411281,91.77082850342963,102.75957489013672,562191,0.0,0.0
2015-07-07 00:00:00+05:30,102.46257414886541,103.84854284600448,102.16557815914928,102.85856628417969,490571,0.0,0.0
2015-07-08 00:00:00+05:30,101.96759208843864,103.40305516948563,101.57159992896705,103.20506286621094,3265190,0.0,0.0
2015-07-09 00:00:00+05:30,103.20506052677202,103.40305282555863,102.26458577815251,103.25456237792969,503798,0.0,0.0
2015-07-10 00:00:00+05:30,103.3040605300214,104.0960448605577,102.46258189940303,103.65055084228516,190432,0.0,0.0
2015-07-13 00:00:00+05:30,103.45255140670795,111.57035624711821,103.45255140670795,109.54090881347656,2170957,0.0,0.0
2015-07-14 00:00:00+05:30,110.08539867676134,112.51084596175151,107.01647262202582,107.95695495605469,981618,0.0,0.0
2015-07-15 00:00:00+05:30,107.41246331300457,110.8278796322031,107.26396530936067,109.73890686035156,948589,0.0,0.0
2015-07-16 00:00:00+05:30,108.89742494133264,109.54091123566128,107.65995420336296,108.05594635009766,530725,0.0,0.0
2015-07-17 00:00:00+05:30,107.90745347995276,108.64993595802584,105.08602157385957,105.87799835205078,465580,0.0,0.0
2015-07-20 00:00:00+05:30,105.92748945369276,107.21446197289691,105.92748945369276,106.42247772216797,230411,0.0,0.0
2015-07-21 00:00:00+05:30,106.42248492041908,107.46196337569434,104.34353556279066,104.8385238647461,317514,0.0,0.0
2015-07-22 00:00:00+05:30,104.78901959954403,105.43250588784768,104.19503516146449,104.88801574707031,762906,0.0,0.0
2015-07-23 00:00:00+05:30,105.18500564408012,105.67999390593461,103.60104471673003,103.89803314208984,399342,0.0,0.0
2015-07-24 00:00:00+05:30,103.551542869376,105.23450749143416,103.25455444401618,103.89803314208984,543647,0.0,0.0
2015-07-27 00:00:00+05:30,103.89804004646989,103.89804004646989,102.6605693095995,102.95756530761719,103387,0.0,0.0
2015-07-28 00:00:00+05:30,102.95756611847071,103.9475427157637,102.01709137221118,102.46257781982422,410654,0.0,0.0
2015-07-29 00:00:00+05:30,102.46257440229883,103.35355482072926,101.32409984280004,102.21508026123047,199711,0.0,0.0
2015-07-30 00:00:00+05:30,102.36357591652926,103.6010465935837,100.97760724764393,102.26457977294922,381030,0.0,0.0
2015-07-31 00:00:00+05:30,102.56157360683855,106.42248383323329,102.41307560718452,104.5415267944336,216989,0.0,0.0
2015-08-03 00:00:00+05:30,104.83852696582998,107.31346854881501,104.73953081309504,105.72950744628906,375065,0.0,0.0
2015-08-04 00:00:00+05:30,106.27398053088402,106.32348237927273,103.99703901051424,104.49202728271484,173904,0.0,0.0
2015-08-05 00:00:00+05:30,104.7890221893045,106.71948110192487,104.73952789077913,105.63050079345703,1566297,0.0,0.0
2015-08-06 00:00:00+05:30,105.63049872334516,107.16496545307997,104.39302799063061,105.03651428222656,308235,0.0,0.0
2015-08-07 00:00:00+05:30,104.14553623996045,106.22449316108496,104.14553623996045,104.98702239990234,583270,0.0,0.0
2015-08-10 00:00:00+05:30,104.93751370652673,105.33350583487153,102.71006648162404,104.49202728271484,677960,0.0,0.0
2015-08-11 00:00:00+05:30,104.34353802867354,104.73953019018053,103.05656539200638,103.35356140136719,205027,0.0,0.0
2015-08-12 00:00:00+05:30,103.4525469456273,103.74954292453454,100.6311153576945,101.81908416748047,328061,0.0,0.0
2015-08-13 00:00:00+05:30,101.96758845329546,103.70004748041455,101.571596307941,102.16558074951172,396534,0.0,0.0
2015-08-14 00:00:00+05:30,102.85856762210423,103.00706561889388,101.72009305061276,102.51207733154297,496294,0.0,0.0
2015-08-17 00:00:00+05:30,103.35356238302579,105.82850397479882,102.36358574631659,103.65055084228516,360618,0.0,0.0
2015-08-18 00:00:00+05:30,103.30405372140122,104.3435321426043,102.660567439367,103.15555572509766,551047,0.0,0.0
2015-08-19 00:00:00+05:30,103.10606322569548,104.83852225595419,102.66056922901863,104.39302825927734,389800,0.0,0.0
2015-08-20 00:00:00+05:30,104.39303058018213,109.83790193919047,83.55402745609436,86.8209457397461,2875008,0.0,0.0
2015-08-21 00:00:00+05:30,76.72318366988073,84.59349432839655,76.72318366988073,79.89110565185547,2897577,0.0,0.0
2015-08-24 00:00:00+05:30,77.21816919460485,78.20814572274082,64.59596846087138,69.1003646850586,1595407,0.0,0.0
2015-08-25 00:00:00+05:30,70.2883377222046,71.27831430984128,62.22002702238123,62.319026947021484,2679246,0.0,0.0
2015-08-26 00:00:00+05:30,62.26952817266026,65.14046175510505,59.497590737281456,63.21000289916992,1009604,0.0,0.0
2015-08-27 00:00:00+05:30,64.44747396291993,66.67492127191201,63.06150901431254,65.83344268798828,1067239,0.0,0.0
2015-08-28 00:00:00+05:30,67.31840594256366,67.66489622727191,65.83344110559534,66.82341766357422,607732,0.0,0.0
2015-08-31 00:00:00+05:30,66.72442019512374,67.81339287672034,66.0314320865284,67.16990661621094,296243,0.0,0.0
2015-09-01 00:00:00+05:30,66.32843728198164,67.07091978886949,62.9625150735055,66.17993927001953,668647,0.0,0.0
2015-09-02 00:00:00+05:30,66.57592666664388,67.02141311759385,64.44747545593627,66.2789306640625,322574,0.0,0.0
2015-09-03 00:00:00+05:30,66.32842686050695,69.5458505515017,66.32842686050695,68.95186614990234,396351,0.0,0.0
2015-09-04 00:00:00+05:30,68.55587503760162,70.04083983986015,66.42742397711343,69.24885559082031,403635,0.0,0.0
2015-09-07 00:00:00+05:30,68.40738428380679,70.23883955642961,68.30838813043411,69.89234924316406,270886,0.0,0.0
2015-09-08 00:00:00+05:30,69.7933526457419,72.11979622334884,68.55588185415074,71.97129821777344,470606,0.0,0.0
2015-09-09 00:00:00+05:30,71.97129932306768,74.74323695997067,71.97129932306768,74.49574279785156,340285,0.0,0.0
2015-09-10 00:00:00+05:30,74.00075081207919,75.13922541208021,72.36728791233183,74.89173126220703,225275,0.0,0.0
2015-09-11 00:00:00+05:30,74.84222389124716,76.17869069140984,74.84222389124716,75.48571014404297,256112,0.0,0.0
2015-09-14 00:00:00+05:30,75.53521852149596,77.11917959021066,74.8422303612993,76.62419128417969,165748,0.0,0.0
2015-09-15 00:00:00+05:30,76.47569203005281,77.02018217894368,74.74323298730081,75.53521728515625,229172,0.0,0.0
2015-09-16 00:00:00+05:30,76.22819672628529,77.11917715964444,75.33721629292614,76.6736831665039,220548,0.0,0.0
2015-09-18 00:00:00+05:30,76.72318984224692,79.19813145006134,76.72318984224692,78.80213928222656,789455,0.0,0.0
2015-09-21 00:00:00+05:30,77.9111530505791,80.68309046820137,77.9111530505791,80.03960418701172,175552,0.0,0.0
2015-09-22 00:00:00+05:30,80.38610009135783,81.07908827063304,78.30715065937696,79.44562530517578,195515,0.0,0.0
2015-09-23 00:00:00+05:30,78.20814728938589,80.5345906665238,77.71315901540244,80.23760223388672,239677,0.0,0.0
2015-09-24 00:00:00+05:30,80.43560179116152,81.47508028163162,79.69311931308926,80.88108825683594,150682,0.0,0.0
2015-09-28 00:00:00+05:30,81.52457251095981,82.36605112081634,79.297125133322,80.28710174560547,175791,0.0,0.0
2015-09-29 00:00:00+05:30,79.39611586966146,82.96003747318316,79.0991274379824,82.3165512084961,405789,0.0,0.0
2015-09-30 00:00:00+05:30,82.21755981445312,83.1580345651521,80.33660276013313,82.21755981445312,197662,0.0,0.0
2015-10-01 00:00:00+05:30,82.66304357727961,83.30652985822604,81.67306700749184,82.91053771972656,104752,0.0,0.0
2015-10-05 00:00:00+05:30,84.0490141053684,85.03899069659083,83.55402580975719,84.14801025390625,264301,0.0,0.0
2015-10-06 00:00:00+05:30,84.54399972297352,85.1379841483076,83.15803102857952,84.84098815917969,177326,0.0,0.0
2015-10-07 00:00:00+05:30,84.2470042697152,85.08848284036767,84.2470042697152,84.98948669433594,252945,0.0,0.0
2015-10-08 00:00:00+05:30,84.14800971823931,85.83096689143532,84.14800971823931,85.43498229980469,218456,0.0,0.0
2015-10-09 00:00:00+05:30,85.18748992571226,86.96944328388554,85.18748992571226,86.67245483398438,204715,0.0,0.0
2015-10-12 00:00:00+05:30,86.22695610366878,87.31592879946422,86.1279599591277,86.77144622802734,246893,0.0,0.0
2015-10-13 00:00:00+05:30,86.87044606031182,86.87044606031182,85.63297531871194,86.37545776367188,103402,0.0,0.0
2015-10-14 00:00:00+05:30,86.17746738917735,86.27646354012998,83.95002000459357,84.74199676513672,341995,0.0,0.0
2015-10-15 00:00:00+05:30,85.03899586642015,85.83097265579204,84.29651337786512,85.63298034667969,320428,0.0,0.0
2015-10-16 00:00:00+05:30,85.23698966493895,86.62295851171083,84.89049934147661,86.0784683227539,182777,0.0,0.0
2015-10-19 00:00:00+05:30,86.37545247035779,86.82093888886438,85.63297007089913,86.3259506225586,212954,0.0,0.0
2015-10-20 00:00:00+05:30,86.52395046083383,86.52395046083383,85.88046420405202,86.3259506225586,146899,0.0,0.0
2015-10-21 00:00:00+05:30,86.27646378689373,86.3754599381295,84.79149885959065,85.53398132324219,79714,0.0,0.0
2015-10-23 00:00:00+05:30,85.97946778026423,86.12796578357899,85.13798916537692,85.53398132324219,144824,0.0,0.0
2015-10-26 00:00:00+05:30,86.02896992569184,86.32595838041183,84.19751468635742,84.89049530029297,181076,0.0,0.0
2015-10-27 00:00:00+05:30,84.39550413105206,85.08848472151655,83.80151968880794,84.79149627685547,133600,0.0,0.0
2015-10-28 00:00:00+05:30,84.79149176356195,84.84098605857666,83.85100952322374,84.24700164794922,153671,0.0,0.0
2015-10-29 00:00:00+05:30,84.04901726896618,84.54400558320872,83.15803679274516,83.60352325439453,167135,0.0,0.0
2015-10-30 00:00:00+05:30,84.04901419117641,85.03899078340953,80.2376058216633,82.7125473022461,319954,0.0,0.0
2015-11-02 00:00:00+05:30,83.05904586627834,83.55403421166389,66.1799402674623,68.70438385009766,2876051,0.0,0.0
2015-11-03 00:00:00+05:30,70.18933783067031,71.27831050840892,68.80336917131139,69.24885559082031,808388,0.0,0.0
2015-11-04 00:00:00+05:30,69.69435894513383,70.28834343541195,67.81340176515096,68.2588882446289,349514,0.0,0.0
2015-11-05 00:00:00+05:30,68.50637453679148,69.00136281394438,66.82341741564034,67.46690368652344,412600,0.0,0.0
2015-11-06 00:00:00+05:30,67.81340048594727,71.47631106766887,67.81340048594727,68.60538482666016,981388,0.0,0.0
2015-11-09 00:00:00+05:30,67.56589772048837,69.10036435289149,65.04145456470812,66.87291717529297,920262,0.0,0.0
2015-11-10 00:00:00+05:30,66.32842938458478,69.19936291330787,65.63544881516826,66.82341766357422,585232,0.0,0.0
2015-11-13 00:00:00+05:30,67.2194154225627,67.2194154225627,65.8829484680342,66.22943878173828,161473,0.0,0.0
2015-11-16 00:00:00+05:30,66.22943581529337,67.81339685908168,65.23945921881042,67.56590270996094,346059,0.0,0.0
2015-11-17 00:00:00+05:30,68.20939446581566,68.70438280366204,67.4174101040924,68.40738677978516,231633,0.0,0.0
2015-11-18 00:00:00+05:30,68.30838859168283,68.80337691481095,67.46690995294948,67.81340026855469,179782,0.0,0.0
2015-11-19 00:00:00+05:30,67.91239372029408,69.05086832877224,67.81339757019208,68.50637817382812,200737,0.0,0.0
2015-11-20 00:00:00+05:30,67.91239114716592,69.6448501435371,67.81339500081478,69.1993637084961,887365,0.0,0.0
2015-11-23 00:00:00+05:30,69.10036756214497,69.89234428587584,68.35788513512874,69.1993637084961,123828,0.0,0.0
2015-11-24 00:00:00+05:30,68.50637318969106,69.69434956325081,68.50637318969106,69.24885559082031,128263,0.0,0.0
2015-11-26 00:00:00+05:30,69.59535584682244,69.6448501435371,68.555877427831,69.1993637084961,204264,0.0,0.0
2015-11-27 00:00:00+05:30,68.90237333696092,71.62480912475904,68.90237333696092,70.83283233642578,324242,0.0,0.0
2015-11-30 00:00:00+05:30,70.6843356197873,71.77330844421851,69.99134742029646,70.48633575439453,206122,0.0,0.0
2015-12-01 00:00:00+05:30,70.684334109483,71.27831858712456,69.44686330067876,70.04084777832031,196719,0.0,0.0
2015-12-02 00:00:00+05:30,70.18934048341099,70.68432876953811,68.85287362145212,69.99134063720703,152183,0.0,0.0
2015-12-03 00:00:00+05:30,69.64485455538549,70.13984287141939,69.1993680921239,69.74385070800781,184714,0.0,0.0
2015-12-04 00:00:00+05:30,69.34785983059932,69.7933462536026,68.30838143969616,69.39735412597656,119985,0.0,0.0
2015-12-07 00:00:00+05:30,69.79335092632279,71.0308216874278,69.64485292440577,70.73382568359375,146322,0.0,0.0
2015-12-08 00:00:00+05:30,70.68433191665258,72.16929684114982,70.09034745743813,70.88232421875,239523,0.0,0.0
2015-12-09 00:00:00+05:30,70.88232464021367,70.88232464021367,68.50637923630639,68.80337524414062,127499,0.0,0.0
2015-12-10 00:00:00+05:30,69.1993612958313,70.53582810727966,68.45687889470204,69.24885559082031,133705,0.0,0.0
2015-12-11 00:00:00+05:30,69.69435380998769,69.99134225678307,68.60538106589392,69.0013656616211,463179,0.0,0.0
2015-12-14 00:00:00+05:30,68.95187189738107,69.29836219778558,67.96189529455556,69.14986419677734,89006,0.0,0.0
2015-12-15 00:00:00+05:30,69.00136044416477,69.64484669294801,68.40737604256542,68.95186614990234,64577,0.0,0.0
2015-12-16 00:00:00+05:30,67.96189193318375,69.14986077664899,67.96189193318375,68.9023666381836,67961,0.0,0.0
2015-12-17 00:00:00+05:30,68.9518690277617,69.79334759455855,68.80337103293361,69.05086517333984,217156,0.0,0.0
2015-12-18 00:00:00+05:30,69.05087418128298,69.74385484365364,65.83344993627696,68.70438385009766,279180,0.0,0.0
2015-12-21 00:00:00+05:30,67.81340048594727,70.68433427987843,67.81340048594727,68.60538482666016,209684,0.0,0.0
2015-12-22 00:00:00+05:30,70.18934426703358,71.17932089265345,69.34786564584113,69.5953598022461,366262,0.0,0.0
2015-12-23 00:00:00+05:30,69.79334570615039,70.13983598275973,68.80336917131139,69.24885559082031,261339,0.0,0.0
2015-12-24 00:00:00+05:30,69.59535396625039,69.6943501099265,68.90236585467441,69.39735412597656,203411,0.0,0.0
2015-12-28 00:00:00+05:30,69.39735600119836,69.79334813952471,68.80337157016974,69.1993637084961,95289,0.0,0.0
2015-12-29 00:00:00+05:30,69.00136891274406,69.34786677971424,67.91239611734139,68.4568862915039,187140,0.0,0.0
2015-12-30 00:00:00+05:30,67.81339754047332,70.28833905654899,67.21941308719958,69.94184875488281,477727,0.0,0.0
2015-12-31 00:00:00+05:30,69.94185026958453,70.8328307452518,69.49635625528977,70.38733673095703,194177,0.0,0.0
2016-01-01 00:00:00+05:30,70.68433011858123,71.22881271195966,69.94184767521992,71.080322265625,165871,0.0,0.0
2016-01-04 00:00:00+05:30,70.38733549285098,70.53583349500384,68.95187242885835,69.2983627319336,79168,0.0,0.0
2016-01-05 00:00:00+05:30,69.29836591434645,70.1398445612933,68.30838925842721,68.75387573242188,206179,0.0,0.0
2016-01-06 00:00:00+05:30,68.5063829367699,69.10037498452367,67.81340228495402,68.40738677978516,248630,0.0,0.0
2016-01-07 00:00:00+05:30,68.20938500264317,68.20938500264317,66.62542405187344,67.16990661621094,209068,0.0,0.0
2016-01-08 00:00:00+05:30,67.31840648623704,68.11039076018501,66.52642221228905,66.97191619873047,116860,0.0,0.0
2016-01-11 00:00:00+05:30,66.82341532795552,67.26890174230664,65.63544652107157,66.87291717529297,366613,0.0,0.0
2016-01-12 00:00:00+05:30,66.32843043630594,66.62542642957754,65.63544985590134,65.68494415283203,222203,0.0,0.0
2016-01-13 00:00:00+05:30,66.32843837347896,66.57593254651432,62.863519950983786,64.2494888305664,185030,0.0,0.0
2016-01-14 00:00:00+05:30,63.11100635405986,64.19997907076123,62.86351221149492,63.457496643066406,141368,0.0,0.0
2016-01-15 00:00:00+05:30,63.75449385114179,63.8534899994713,61.52704652557883,62.71501541137695,160142,0.0,0.0
2016-01-18 00:00:00+05:30,62.368521554129465,63.16050202492149,59.547089946788866,60.63606262207031,141700,0.0,0.0
2016-01-19 00:00:00+05:30,60.636065372783335,63.85348924970653,60.48756737557173,61.774539947509766,120403,0.0,0.0
2016-01-20 00:00:00+05:30,61.77454116357258,61.87353731268847,59.99258026779834,61.03205871582031,255626,0.0,0.0
2016-01-21 00:00:00+05:30,61.279549303120746,62.76451411230983,60.190572843838936,61.82403564453125,121973,0.0,0.0
2016-01-22 00:00:00+05:30,62.36852329075299,64.1999784164844,61.576542797908616,62.91300964355469,132505,0.0,0.0
2016-01-25 00:00:00+05:30,63.210003569360175,64.74447030037882,62.9625094226102,63.754493713378906,93002,0.0,0.0
2016-01-27 00:00:00+05:30,63.853488131009016,64.24948026566163,62.76451542540561,62.91300964355469,128433,0.0,0.0
2016-01-28 00:00:00+05:30,62.46752314178278,63.75449576751707,61.972534832334546,62.517024993896484,65109,0.0,0.0
2016-01-29 00:00:00+05:30,62.56652045422944,62.7645165250246,61.37854780591945,61.774539947509766,66990,0.0,0.0
2016-02-01 00:00:00+05:30,61.873534614753495,61.873534614753495,60.98255420571671,61.72503662109375,74926,0.0,0.0
2016-02-02 00:00:00+05:30,61.72503931255361,61.87353731268847,60.48756856629984,61.03205871582031,112842,0.0,0.0
2016-02-03 00:00:00+05:30,60.73506360476352,61.13105575994679,58.55711808063872,59.10160446166992,172554,0.0,0.0
2016-02-04 00:00:00+05:30,58.75510864971324,59.89358322995799,58.45811643031143,59.695587158203125,164186,0.0,0.0
2016-02-05 00:00:00+05:30,59.79458917564526,60.73506394059903,59.39859701827234,60.28957748413086,81325,0.0,0.0
2016-02-08 00:00:00+05:30,60.289574313537585,61.8735353068075,60.289574313537585,60.83406066894531,379665,0.0,0.0
2016-02-09 00:00:00+05:30,59.596589575138,61.3290485524591,59.49758965341456,61.0815544128418,227450,0.0,0.0
2016-02-10 00:00:00+05:30,57.171147132836104,57.171147132836104,51.47878183389571,53.409236907958984,1733974,0.0,0.0
2016-02-11 00:00:00+05:30,52.02326756860036,53.359738192940355,49.64732608609741,51.429283142089844,357887,0.0,0.0
2016-02-12 00:00:00+05:30,51.72627575612353,52.22126404087113,49.15233818602041,51.18178939819336,190149,0.0,0.0
2016-02-15 00:00:00+05:30,51.37978633289248,54.399214165423786,51.37978633289248,52.51825714111328,150863,0.0,0.0
2016-02-16 00:00:00+05:30,52.567757623694824,53.359741950088285,50.191815973897874,50.637306213378906,251266,0.0,0.0
2016-02-17 00:00:00+05:30,50.63730457731998,50.63730457731998,47.419880628798175,48.360355377197266,441112,0.0,0.0
2016-02-18 00:00:00+05:30,48.9048443150576,49.79582096667144,48.607848321392055,49.10283660888672,279950,0.0,0.0
2016-02-19 00:00:00+05:30,49.20183458214228,50.34030533238005,47.96436391245289,48.904842376708984,240840,0.0,0.0
2016-02-22 00:00:00+05:30,49.0038435171058,52.270765662953956,49.0038435171058,51.82527542114258,486300,0.0,0.0
2016-02-23 00:00:00+05:30,51.72627521011064,52.76574984181591,51.47878107034935,52.46875762939453,294782,0.0,0.0
2016-02-24 00:00:00+05:30,52.0727652490903,53.40923586336151,51.8252711104987,53.11224365234375,177735,0.0,0.0
2016-02-25 00:00:00+05:30,53.40923533889974,54.696204091646315,52.91424706657715,54.39921188354492,149981,0.0,0.0
2016-02-26 00:00:00+05:30,55.38919251893675,57.319647678860015,53.85472951670173,57.02265167236328,352349,0.0,0.0
2016-02-29 00:00:00+05:30,57.41864078067145,58.90360562844744,55.240691581974495,57.96312713623047,328452,0.0,0.0
2016-03-01 00:00:00+05:30,57.517639089022346,66.62542836288199,57.517639089022346,64.05148315429688,1017627,0.0,0.0
2016-03-02 00:00:00+05:30,64.84346796126248,67.16991148440273,64.84346796126248,65.63545227050781,475480,0.0,0.0
2016-03-03 00:00:00+05:30,68.70438139632068,69.39736203394153,65.8334475850354,66.52642822265625,971980,0.0,0.0
2016-03-04 00:00:00+05:30,67.76389858274474,67.76389858274474,64.84347049023154,66.37793731689453,502667,0.0,0.0
2016-03-08 00:00:00+05:30,66.32843304853671,66.82342135486907,64.84346812953962,66.42742919921875,832182,0.0,0.0
2016-03-09 00:00:00+05:30,65.4869485319807,67.21940744789066,64.84346228120128,66.87291717529297,521144,0.0,0.0
2016-03-10 00:00:00+05:30,67.2194118782484,67.76389447023918,65.33845484927576,67.41740417480469,247400,0.0,0.0
2016-03-11 00:00:00+05:30,66.57593249889082,66.92242283030792,65.83344998031582,66.47693634033203,165854,0.0,0.0
2016-03-14 00:00:00+05:30,66.52642451527603,68.75387186582664,65.63545161739344,68.3578872680664,1820847,0.0,0.0
2016-03-15 00:00:00+05:30,67.070915115044,68.8033741770562,66.87292281484002,68.50637817382812,284551,0.0,0.0
2016-03-16 00:00:00+05:30,68.55587902969606,68.55587902969606,67.31840828908783,68.20938873291016,409663,0.0,0.0
2016-03-17 00:00:00+05:30,68.55588426622926,68.8528802878296,67.41740958732468,68.2588882446289,679381,0.0,0.0
2016-03-18 00:00:00+05:30,67.91239506457639,69.79335216543498,66.42743012488629,68.1598892211914,1872146,0.0,0.0
2016-03-21 00:00:00+05:30,67.86290034919243,70.63483035454291,67.86290034919243,70.23883819580078,502664,0.0,0.0
2016-03-22 00:00:00+05:30,69.5953613602435,73.01077777392244,68.75387516729087,72.26829528808594,1405683,0.0,0.0
2016-03-23 00:00:00+05:30,71.82280309897179,72.4167875297614,69.89234425775328,72.07029724121094,435466,0.0,0.0
2016-03-28 00:00:00+05:30,71.42681256194254,71.97129515532097,70.28833797153747,71.080322265625,462870,0.0,0.0
2016-03-29 00:00:00+05:30,71.77330094966098,74.34723850761618,69.94184581532295,74.14924621582031,1605842,0.0,0.0
2016-03-30 00:00:00+05:30,73.70375222989693,74.54523835233384,72.31779108148228,74.14924621582031,1579663,0.0,0.0
2016-03-31 00:00:00+05:30,74.0502503265796,74.14924647282066,72.51578362461694,73.5057601928711,235446,0.0,0.0
2016-04-01 00:00:00+05:30,73.0107739445488,75.83220573216053,72.96127209358708,75.53521728515625,387543,0.0,0.0
2016-04-04 00:00:00+05:30,76.22819652961594,76.27769837970003,74.14924722575624,75.88170623779297,1435592,0.0,0.0
2016-04-05 00:00:00+05:30,75.04023190912177,75.3372203676901,73.35726709887868,74.19874572753906,355269,0.0,0.0
2016-04-06 00:00:00+05:30,73.4067621791837,74.54523671429789,72.26828764406952,73.70375061035156,238923,0.0,0.0
2016-04-07 00:00:00+05:30,73.65425872802734,74.24824316274493,72.36728615870435,73.65425872802734,179783,0.0,0.0
2016-04-08 00:00:00+05:30,73.3572642425148,75.68370773219738,72.7137779446225,75.53521728515625,184724,0.0,0.0
2016-04-11 00:00:00+05:30,75.5352233447097,75.68371380366297,73.95125462193037,75.08972930908203,285723,0.0,0.0
2016-04-12 00:00:00+05:30,75.040230253578,75.58471285873533,74.24824594235733,75.188720703125,255710,0.0,0.0
2016-04-13 00:00:00+05:30,75.7332074458538,76.97067815575338,74.84222702414175,76.37669372558594,616576,0.0,0.0
2016-04-18 00:00:00+05:30,76.17869388024891,76.72318401377346,74.29774444353902,76.37669372558594,357187,0.0,0.0
2016-04-20 00:00:00+05:30,76.5746895612042,79.14862724631014,75.73321095012062,78.85163879394531,731866,0.0,0.0
2016-04-21 00:00:00+05:30,79.49512799591305,81.97006962028242,77.86166501324479,78.95063781738281,608180,0.0,0.0
2016-04-22 00:00:00+05:30,78.45564371273842,80.78208715767373,78.10915342143689,80.18810272216797,473722,0.0,0.0
2016-04-25 00:00:00+05:30,79.79211058085684,80.3860950163626,79.00013385115646,80.18810272216797,383805,0.0,0.0
2016-04-26 00:00:00+05:30,79.69311849935187,81.62356990145919,79.24763203822626,81.3760757446289,280943,0.0,0.0
2016-04-27 00:00:00+05:30,81.17807950773039,82.91053852161487,80.2870990757197,82.4155502319336,830013,0.0,0.0
2016-04-28 00:00:00+05:30,82.06906308764216,82.11855738675558,80.68309431278895,81.87106323242188,496366,0.0,0.0
2016-04-29 00:00:00+05:30,80.83159267956758,82.06906345680247,80.5840985241206,81.22758483886719,528618,0.0,0.0
2016-05-02 00:00:00+05:30,80.23760769128978,81.32658045753611,79.79211368265118,81.07908630371094,202487,0.0,0.0
2016-05-03 00:00:00+05:30,80.93058801603772,81.92056462785469,80.73259571484319,81.72257232666016,637522,0.0,0.0
2016-05-04 00:00:00+05:30,80.68309101057642,81.47507529319869,79.54461643665262,80.18810272216797,107119,0.0,0.0
2016-05-05 00:00:00+05:30,79.69311595350013,80.88108484716611,79.69311595350013,80.63359069824219,304005,0.0,0.0
2016-05-06 00:00:00+05:30,80.18810038531971,80.5345906665238,79.79210825554861,80.23760223388672,100771,0.0,0.0
2016-05-09 00:00:00+05:30,78.65363522645578,81.12857664393924,78.65363522645578,80.68309020996094,801684,0.0,0.0
2016-05-10 00:00:00+05:30,80.3366057911454,81.32658243046224,78.35665251251174,79.44562530517578,117059,0.0,0.0
2016-05-11 00:00:00+05:30,77.71316611461151,79.59412323816109,76.17869930391839,77.21817779541016,84591,0.0,0.0
2016-05-12 00:00:00+05:30,78.20814747856957,78.45564161615998,77.36666892134652,78.15864562988281,232009,0.0,0.0
2016-05-13 00:00:00+05:30,77.21816884595351,78.20814536961959,75.83220020223672,77.56465911865234,327320,0.0,0.0
2016-05-16 00:00:00+05:30,74.2482394859439,76.42618482302966,73.8522473647679,75.48571014404297,461181,0.0,0.0
2016-05-17 00:00:00+05:30,75.48571719355562,77.16867442457092,75.48571719355562,76.77268981933594,137835,0.0,0.0
2016-05-18 00:00:00+05:30,76.22819706884238,76.92117765739034,75.68370692575328,76.03020477294922,96755,0.0,0.0
2016-05-19 00:00:00+05:30,76.12920492927839,76.12920492927839,74.94122843260388,74.99073028564453,67671,0.0,0.0
2016-05-20 00:00:00+05:30,75.23822227135845,76.52519488401106,75.23822227135845,75.83220672607422,129426,0.0,0.0
2016-05-23 00:00:00+05:30,75.98070292190123,76.22819706822663,73.95124790086408,74.59473419189453,259431,0.0,0.0
2016-05-24 00:00:00+05:30,75.58471310433343,76.17869756321791,73.95125017770951,75.98070526123047,592857,0.0,0.0
2016-05-25 00:00:00+05:30,76.22819673316874,78.70313818554435,75.33721629972915,78.1091537475586,512181,0.0,0.0
2016-05-26 00:00:00+05:30,78.20815027906175,81.57407218140324,78.10915413106505,81.12857818603516,412670,0.0,0.0
2016-05-27 00:00:00+05:30,80.68309848924103,81.92056932496558,79.09913733009812,81.62357330322266,901941,0.0,0.0
2016-05-30 00:00:00+05:30,81.22757744460141,82.9105345272699,80.38609135034561,82.0195541381836,433351,0.0,0.0
2016-05-31 00:00:00+05:30,81.67307047490046,84.09851015268318,80.68309386308347,81.72257232666016,960115,0.0,0.0
2016-06-01 00:00:00+05:30,82.0195596105301,83.10853235743785,81.67306931191244,82.86103820800781,359965,0.0,0.0
2016-06-02 00:00:00+05:30,81.77206466544513,85.08848472495394,81.57407236899641,83.35602569580078,1079135,0.0,0.0
2016-06-03 00:00:00+05:30,83.05904101354854,83.40553132449016,82.61354699697593,82.96004486083984,252838,0.0,0.0
2016-06-06 00:00:00+05:30,82.26705668603431,83.25703331896594,82.26705668603431,82.96004486083984,324821,0.0,0.0
2016-06-07 00:00:00+05:30,83.05904169044194,84.34600679198786,82.86104183048862,83.90052032470703,700607,0.0,0.0
2016-06-08 00:00:00+05:30,84.19751691975449,86.57345483222672,83.65302674227485,86.2764663696289,855329,0.0,0.0
2016-06-09 00:00:00+05:30,87.01894531048582,87.61292976440585,85.63297654939102,87.46443176269531,238733,0.0,0.0
2016-06-10 00:00:00+05:30,87.4644362086265,89.49389137834538,86.820949870453,88.00892639160156,709459,0.0,0.0
2016-06-13 00:00:00+05:30,87.8109228885941,87.8109228885941,86.32595796340081,86.96944427490234,650216,0.0,0.0
2016-06-14 00:00:00+05:30,86.72194752006466,88.30590854885286,86.72194752006466,87.66242980957031,346739,0.0,0.0
2016-06-15 00:00:00+05:30,87.21693854836936,89.49388779128164,87.21693854836936,89.19689178466797,470379,0.0,0.0
2016-06-16 00:00:00+05:30,89.88987898598127,93.84978541614922,88.1574199227828,92.56281280517578,675913,0.0,0.0
2016-06-17 00:00:00+05:30,93.05779371699388,107.41245338610464,93.05779371699388,104.0465316772461,6772574,0.0,0.0
2016-06-20 00:00:00+05:30,101.96758509974313,111.32286051733729,100.03713383989727,106.2244873046875,6052571,0.0,0.0
2016-06-21 00:00:00+05:30,105.53150102805782,108.89742288227617,103.5515478847437,104.59102630615234,1519246,0.0,0.0
2016-06-22 00:00:00+05:30,104.88801264926589,105.7294987606912,101.9675848424234,103.99703979492188,1762674,0.0,0.0
2016-06-23 00:00:00+05:30,103.94753923460104,106.91746892701822,102.26458209673336,105.08601379394531,764781,0.0,0.0
2016-06-24 00:00:00+05:30,98.99765539368649,105.48200484314164,98.55216896558359,104.78901672363281,810764,0.0,0.0
2016-06-27 00:00:00+05:30,104.04653691211867,107.41245879032617,103.8980389147274,106.96697235107422,1247932,0.0,0.0
2016-06-28 00:00:00+05:30,106.42247717737843,107.80844583259835,105.63049293070372,106.27397918701172,627033,0.0,0.0
2016-06-29 00:00:00+05:30,106.91746489446454,107.06596288406894,105.58099809386805,106.12548065185547,429444,0.0,0.0
2016-06-30 00:00:00+05:30,106.76897883632293,106.917476842522,104.78902556146141,105.87799835205078,412617,0.0,0.0
2016-07-01 00:00:00+05:30,106.323491915621,106.86797453212432,105.1355154240348,105.72950744628906,335609,0.0,0.0
2016-07-04 00:00:00+05:30,105.92749290638582,109.14491675634615,104.93751633716727,105.23451232910156,623716,0.0,0.0
2016-07-05 00:00:00+05:30,105.9274907231035,107.61044783491872,103.94753762547539,104.64051818847656,398428,0.0,0.0
2016-07-07 00:00:00+05:30,104.34353216323808,105.72950087414233,103.45255173816236,104.59102630615234,428037,0.0,0.0
2016-07-08 00:00:00+05:30,104.34353666392106,104.64052511647517,101.22510881810882,103.7000503540039,335435,0.0,0.0
2016-07-11 00:00:00+05:30,104.19503254966685,105.48200509401433,103.50205198143158,104.1455307006836,1056821,0.0,0.0
2016-07-12 00:00:00+05:30,103.25456130563487,104.44253019186166,102.36358086450379,102.95756530761719,779996,0.0,0.0
2016-07-13 00:00:00+05:30,103.15555041304708,103.15555041304708,101.4725933493964,101.67058563232422,231550,0.0,0.0
2016-07-14 00:00:00+05:30,101.02710961224541,105.43250222390665,101.02710961224541,103.84854125976562,632005,0.0,0.0
2016-07-15 00:00:00+05:30,103.89804086473023,105.13551161134647,102.1655818194675,102.46257781982422,255113,0.0,0.0
2016-07-18 00:00:00+05:30,102.85857034754794,103.35355864801456,99.88864054474821,100.38362884521484,171081,0.0,0.0
2016-07-19 00:00:00+05:30,100.48262455139086,103.79904463930063,98.10667920904942,98.79966735839844,1967917,0.0,0.0
2016-07-20 00:00:00+05:30,98.9976629714291,98.9976629714291,96.07723493494085,96.81971740722656,267131,0.0,0.0
2016-07-21 00:00:00+05:30,96.91870826303952,98.10667713260565,96.22572012835771,96.77021026611328,198084,0.0,0.0
2016-07-22 00:00:00+05:30,96.91871355961354,97.41370187447068,95.78023892485764,96.81971740722656,214735,0.0,0.0
2016-07-25 00:00:00+05:30,99.14615711884007,101.9675888931636,97.80969023131019,98.65116882324219,791805,0.0,0.0
2016-07-26 00:00:00+05:30,98.89865577380236,100.73011082364803,96.57221246438101,97.36418914794922,991375,0.0,0.0
2016-07-27 00:00:00+05:30,97.41370187447068,99.88864344875641,96.37422339210177,96.81971740722656,314075,0.0,0.0
2016-07-28 00:00:00+05:30,96.91870880126953,97.9086853823797,96.37421866049017,96.91870880126953,293228,0.0,0.0
2016-07-29 00:00:00+05:30,96.91870880126953,97.41369709182462,96.12672451521263,96.91870880126953,483837,0.0,0.0
2016-08-01 00:00:00+05:30,96.96820732760264,97.41370134028449,96.12672870754436,96.67121887207031,413691,0.0,0.0
2016-08-02 00:00:00+05:30,96.67121094018526,97.41369334747867,95.48323455676285,95.87922668457031,174362,0.0,0.0
2016-08-03 00:00:00+05:30,95.87922614061459,96.91870452609668,84.74199009439891,95.73072814941406,904001,0.0,0.0
2016-08-04 00:00:00+05:30,95.8792317004857,96.91871014624536,95.18625110526061,96.57221984863281,1050788,0.0,0.0
2016-08-05 00:00:00+05:30,96.8197126537429,97.95817967968206,96.57221850846535,96.91870880126953,590529,0.0,0.0
2016-08-08 00:00:00+05:30,96.57221588716267,97.31469830284176,95.78023162260295,96.17622375488281,963281,0.0,0.0
2016-08-09 00:00:00+05:30,96.17622868721328,97.4136994434746,96.17622868721328,96.86920928955078,835732,0.0,0.0
2016-08-10 00:00:00+05:30,96.96820472149336,97.80969087185818,95.33474937766057,95.9287338256836,216025,0.0,0.0
2016-08-11 00:00:00+05:30,96.02773110468573,99.44314738569385,95.82973880398924,98.45317077636719,1316926,0.0,0.0
2016-08-12 00:00:00+05:30,98.15618326858474,99.69064249603365,93.05780217097356,96.52272033691406,2544210,0.0,0.0
2016-08-16 00:00:00+05:30,95.5327394436191,104.24453632078628,95.5327394436191,101.07660675048828,2813751,0.0,0.0
2016-08-17 00:00:00+05:30,103.89803763822502,109.2934144576741,102.8585667751009,104.4425277709961,3819315,0.0,0.0
2016-08-18 00:00:00+05:30,104.44252614791328,105.43250269907834,98.70065912998729,99.69063568115234,1516205,0.0,0.0
2016-08-19 00:00:00+05:30,100.68061440846498,101.8685908272934,99.3441475460896,100.28462982177734,452870,0.0,0.0
2016-08-22 00:00:00+05:30,100.28462971019738,104.14553229655894,98.55217071014013,103.15555572509766,1490800,0.0,0.0
2016-08-23 00:00:00+05:30,105.2345139378684,106.86796925971292,103.50205491525105,104.24453735351562,1611114,0.0,0.0
2016-08-24 00:00:00+05:30,104.14553392161295,104.73952591609566,102.21508259831002,103.6010513305664,884604,0.0,0.0
2016-08-25 00:00:00+05:30,103.74954830322473,103.74954830322473,99.98763428900433,100.43312072753906,392152,0.0,0.0
2016-08-26 00:00:00+05:30,100.8786150619327,101.27460720471079,98.99765804842818,99.78964233398438,381276,0.0,0.0
2016-08-29 00:00:00+05:30,101.86859266669201,107.70945606086275,100.48262392949391,106.62047576904297,2976117,0.0,0.0
2016-08-30 00:00:00+05:30,106.81847481761898,110.62988315163221,104.690023653558,108.55093383789062,5636808,0.0,0.0
2016-08-31 00:00:00+05:30,110.580380821038,110.87737681582057,105.67999977757897,106.96697235107422,2188835,0.0,0.0
2016-09-01 00:00:00+05:30,106.12548755787532,107.41246014763327,104.73952637250152,105.18501281738281,749976,0.0,0.0
2016-09-02 00:00:00+05:30,105.18501208748198,106.91747111009933,103.60105106310193,104.24453735351562,764613,0.0,0.0
2016-09-06 00:00:00+05:30,104.83851857249833,105.8284951264352,104.44252644033925,104.78901672363281,410625,0.0,0.0
2016-09-07 00:00:00+05:30,106.96697103686661,108.30343789112439,103.45255120444637,104.4425277709961,2544131,0.0,0.0
2016-09-08 00:00:00+05:30,104.93751973582175,106.71948063929698,104.5415275847248,105.48200988769531,2038813,0.0,0.0
2016-09-09 00:00:00+05:30,105.72950002638315,107.06596687681976,103.50205275801487,106.52147674560547,1306569,0.0,0.0
2016-09-12 00:00:00+05:30,105.23451712742772,106.81847819981614,103.25456389871167,103.7000503540039,1106498,0.0,0.0
2016-09-14 00:00:00+05:30,103.89804031218928,105.0860167543763,103.15555786816815,103.74954986572266,780764,0.0,0.0
2016-09-15 00:00:00+05:30,105.68000596870796,107.31346892986262,102.95757021775765,103.65055084228516,1264713,0.0,0.0
2016-09-16 00:00:00+05:30,104.93752388699981,105.72950822052347,96.86921275680167,99.34415435791016,1315558,0.0,0.0
2016-09-19 00:00:00+05:30,99.59163687439448,99.69063301628034,96.67120914769343,97.51268768310547,1950945,0.0,0.0
2016-09-20 00:00:00+05:30,97.71068051302055,98.84915503337504,97.21569224790308,97.66118621826172,1138128,0.0,0.0
2016-09-21 00:00:00+05:30,97.95817727494352,98.15617711805808,94.69125916923147,95.5327377319336,1031070,0.0,0.0
2016-09-22 00:00:00+05:30,100.73011521573291,101.4725976374705,98.00767966936175,98.55216979980469,1873147,0.0,0.0
2016-09-23 00:00:00+05:30,98.94815626079222,99.24515225629403,96.52271665824108,96.91870880126953,383034,0.0,0.0
2016-09-26 00:00:00+05:30,97.01770782470703,97.66119413208799,96.02773121425084,97.01770782470703,809626,0.0,0.0
2016-09-27 00:00:00+05:30,96.96819937134966,97.61168563492159,95.6812343971274,95.87922668457031,487759,0.0,0.0
2016-09-28 00:00:00+05:30,97.66119603189925,98.70066696134589,96.57222324979799,96.81971740722656,1866088,0.0,0.0
2016-09-29 00:00:00+05:30,97.95818096580574,98.15618081638053,90.53335650999665,91.47383880615234,791311,0.0,0.0
2016-09-30 00:00:00+05:30,91.07784162507939,92.95879856052949,89.88987279896439,90.78084564208984,629561,0.0,0.0
2016-10-03 00:00:00+05:30,93.4537910976239,95.4832385643181,91.77082637203634,94.83975982666016,961995,0.0,0.0
2016-10-04 00:00:00+05:30,95.28524443272084,95.78023271548822,92.41431088208567,93.60228729248047,699558,0.0,0.0
2016-10-05 00:00:00+05:30,93.80027740706795,94.04777154270666,92.56280672887445,93.00829315185547,346392,0.0,0.0
2016-10-06 00:00:00+05:30,93.3052941669592,95.03775320984704,93.1567961669844,93.70128631591797,681561,0.0,0.0
2016-10-07 00:00:00+05:30,94.44376768059512,94.93875597289077,93.0577989515829,93.40428924560547,387369,0.0,0.0
2016-10-10 00:00:00+05:30,93.5527843606883,96.62171016775618,92.4143098129104,93.30529022216797,663526,0.0,0.0
2016-10-13 00:00:00+05:30,93.00829853882179,93.40429068936359,91.37484319133523,91.6223373413086,478066,0.0,0.0
2016-10-14 00:00:00+05:30,91.77082644511279,92.76080303050958,91.12734770694244,91.96882629394531,757869,0.0,0.0
2016-10-17 00:00:00+05:30,91.62233626865593,92.6618071546214,89.69187738971095,91.3253402709961,296237,0.0,0.0
2016-10-18 00:00:00+05:30,93.55278759467892,94.29527003590654,90.38486553327657,91.3253402709961,2196629,0.0,0.0
2016-10-19 00:00:00+05:30,91.82033078494301,91.82033078494301,87.21693802745847,89.04839324951172,1949641,0.0,0.0
2016-10-20 00:00:00+05:30,89.34538531041407,90.68185216735391,89.09789116827996,90.0878677368164,756576,0.0,0.0
2016-10-21 00:00:00+05:30,90.08786980388041,92.11732483711465,89.2463912119011,90.68185424804688,1113486,0.0,0.0
2016-10-24 00:00:00+05:30,91.07783983037008,91.671824231723,90.68184771182766,90.97884368896484,1002539,0.0,0.0
2016-10-25 00:00:00+05:30,91.07784774989298,91.47383990286824,90.18686729392917,90.33536529541016,165561,0.0,0.0
2016-10-26 00:00:00+05:30,90.28586237365803,90.33536422453892,89.59288177885777,90.03836822509766,361189,0.0,0.0
2016-10-27 00:00:00+05:30,89.9888752763551,90.48386358089729,89.59288312213693,89.69187927246094,211905,0.0,0.0
2016-10-28 00:00:00+05:30,89.69187712589218,90.83035170967688,89.09789268524163,90.53335571289062,437095,0.0,0.0
2016-11-01 00:00:00+05:30,91.07784539220518,92.06782197255524,90.23636680949201,90.3848648071289,164122,0.0,0.0
2016-11-02 00:00:00+05:30,89.9393718046083,92.46381513346824,89.14739506336035,90.68185424804688,931049,0.0,0.0
2016-11-03 00:00:00+05:30,90.58285944690442,91.42433805140054,90.18686729392917,90.33536529541016,610015,0.0,0.0
2016-11-04 00:00:00+05:30,90.58286013845671,91.07784844522423,86.22696152831807,87.61293029785156,684086,0.0,0.0
2016-11-07 00:00:00+05:30,87.11793939748041,87.81091998515524,85.03899008153401,86.87044525146484,977684,0.0,0.0
2016-11-08 00:00:00+05:30,87.01894572618001,90.08787171352898,86.8704477237601,89.04839324951172,751310,0.0,0.0
2016-11-09 00:00:00+05:30,84.14801068201845,88.6524072161659,80.48510029702882,87.16744232177734,849567,0.0,0.0
2016-11-10 00:00:00+05:30,89.09788659278382,95.03774569896942,88.89989431041288,93.05779266357422,975003,0.0,0.0
2016-11-11 00:00:00+05:30,91.67182928376072,94.44376671339778,89.69187613485478,90.23636627197266,536912,0.0,0.0
2016-11-15 00:00:00+05:30,91.07784483290945,93.05779798145096,88.10791511009718,88.80089569091797,611867,0.0,0.0
2016-11-16 00:00:00+05:30,89.5928792669769,90.97884797064155,80.28709803142476,86.42495727539062,472798,0.0,0.0
2016-11-17 00:00:00+05:30,87.01894120538279,87.86041977148307,81.47507397545665,81.97006225585938,594455,0.0,0.0
2016-11-18 00:00:00+05:30,82.76204798267376,84.09851497467177,80.78209464551448,81.62357330322266,592440,0.0,0.0
2016-11-21 00:00:00+05:30,82.06906364643508,82.86104041394206,78.0101609983104,78.35665130615234,818782,0.0,0.0
2016-11-22 00:00:00+05:30,79.19812512322555,80.58409382346636,76.9211760047641,78.45564270019531,276112,0.0,0.0
2016-11-23 00:00:00+05:30,79.09913731890201,79.59412565312178,76.8221879603221,77.1686782836914,286036,0.0,0.0
2016-11-24 00:00:00+05:30,76.92118208668663,77.61417026806038,75.63421698343089,76.57469177246094,279259,0.0,0.0
2016-11-25 00:00:00+05:30,77.31717026124026,78.20815070389435,76.77268766783978,77.61416625976562,333888,0.0,0.0
2016-11-28 00:00:00+05:30,76.22819965069111,80.58409828417219,75.73321134127103,80.43560028076172,486669,0.0,0.0
2016-11-29 00:00:00+05:30,80.98008668377028,82.61354198670533,79.74261596765473,82.26705169677734,499716,0.0,0.0
2016-11-30 00:00:00+05:30,82.31656003152698,83.75202315413871,82.31656003152698,83.40553283691406,265904,0.0,0.0
2016-12-01 00:00:00+05:30,83.60351824451563,84.74199280963566,83.3065298055203,84.34600067138672,371781,0.0,0.0
2016-12-02 00:00:00+05:30,84.1480173599525,84.39551152865825,83.45503670874547,83.99951934814453,426635,0.0,0.0
2016-12-05 00:00:00+05:30,84.14801485094583,85.6329798189037,84.14801485094583,85.48448181152344,193557,0.0,0.0
2016-12-06 00:00:00+05:30,85.68247797652698,88.65240778433835,85.385481974577,85.8804702758789,216219,0.0,0.0
2016-12-07 00:00:00+05:30,87.11794340379421,87.46443371356575,84.3460058197773,85.83097076416016,208949,0.0,0.0
2016-12-08 00:00:00+05:30,86.0784678741861,86.6229580603056,85.6824832511056,85.92997741699219,99225,0.0,0.0
2016-12-09 00:00:00+05:30,86.2764663696289,86.87045084774697,85.23698786823049,86.2764663696289,136819,0.0,0.0
2016-12-12 00:00:00+05:30,87.01894541978602,88.0089220285369,85.73197280724105,86.02896881103516,223563,0.0,0.0
2016-12-13 00:00:00+05:30,86.42496316301448,86.72195162143925,84.24701003662122,85.18749237060547,229331,0.0,0.0
2016-12-14 00:00:00+05:30,85.58346846009135,85.78146829891487,83.2570251125963,84.24700164794922,142963,0.0,0.0
2016-12-15 00:00:00+05:30,84.04900990408173,84.69249616679531,83.30652749777875,84.39550018310547,97254,0.0,0.0
2016-12-16 00:00:00+05:30,84.19750815414996,85.48447313060245,81.1780766714223,82.3165512084961,366197,0.0,0.0
2016-12-19 00:00:00+05:30,82.16806197747951,82.21756383116505,80.73259885566843,81.17808532714844,513185,0.0,0.0
2016-12-20 00:00:00+05:30,81.17808110663232,81.87106170466646,80.93058695691697,81.42557525634766,525293,0.0,0.0
2016-12-21 00:00:00+05:30,81.67306994145459,82.61354469536916,81.02958363739204,81.5740737915039,1630571,0.0,0.0
2016-12-22 00:00:00+05:30,81.32658535583084,81.92056985020247,80.68309900654383,81.7720718383789,148798,0.0,0.0
2016-12-23 00:00:00+05:30,81.77206581181514,82.6135444129019,81.27707751083209,82.21755981445312,134242,0.0,0.0
2016-12-26 00:00:00+05:30,82.11855821511976,82.11855821511976,80.88108743096834,81.3760757446289,140259,0.0,0.0
2016-12-27 00:00:00+05:30,81.37606788201451,82.16805212851824,80.73258917876696,82.0195541381836,86131,0.0,0.0
2016-12-28 00:00:00+05:30,82.06905840135558,82.5640466817583,81.47507397545665,81.97006225585938,57186,0.0,0.0
2016-12-29 00:00:00+05:30,81.97007170511787,82.1185621640188,81.07909118709912,81.7720718383789,99548,0.0,0.0
2016-12-30 00:00:00+05:30,81.6730711702815,83.35602840353054,81.6730711702815,82.66304779052734,74325,0.0,0.0
2017-01-02 00:00:00+05:30,82.41555484321819,85.0389944358991,79.19813078026974,83.75202178955078,135605,0.0,0.0
2017-01-03 00:00:00+05:30,83.65302358354842,83.95001958785413,80.78208990264102,83.15803527832031,127610,0.0,0.0
2017-01-04 00:00:00+05:30,83.1580318621735,84.09850658230316,82.46505128449078,82.91053771972656,145307,0.0,0.0
2017-01-05 00:00:00+05:30,83.99951043590875,83.99951043590875,82.31655328843826,82.91053771972656,86299,0.0,0.0
2017-01-06 00:00:00+05:30,83.15803077685982,83.85101134549829,82.26705036509483,82.61354064941406,83905,0.0,0.0
2017-01-09 00:00:00+05:30,82.76204340883827,83.40552971843735,82.41555310456866,82.5145492553711,42886,0.0,0.0
2017-01-10 00:00:00+05:30,82.76204287378668,83.00953702565383,81.92056426802284,82.36605072021484,48481,0.0,0.0
2017-01-11 00:00:00+05:30,82.41555469155851,83.70252733553856,82.36605283874302,82.96004486083984,140237,0.0,0.0
2017-01-12 00:00:00+05:30,82.96004531319,83.80152394518569,82.86104160701916,83.10853576660156,62760,0.0,0.0
2017-01-13 00:00:00+05:30,83.45502676508872,83.45502676508872,82.2175560690045,82.61354064941406,409424,0.0,0.0
2017-01-16 00:00:00+05:30,82.7125433369898,83.15802976096919,81.97006092840972,82.3165512084961,97304,0.0,0.0
2017-01-17 00:00:00+05:30,82.56404534468946,83.05903361707618,82.06905707230273,82.3165512084961,41538,0.0,0.0
2017-01-18 00:00:00+05:30,82.5640516390872,83.40553025571172,81.97006717752414,82.66304779052734,90316,0.0,0.0
2017-01-19 00:00:00+05:30,82.61354593834616,83.05903994921012,82.31655748402574,82.66304779052734,48079,0.0,0.0
2017-01-20 00:00:00+05:30,82.41555257175712,83.35602732768339,82.16805841988997,82.36605072021484,131387,0.0,0.0
2017-01-23 00:00:00+05:30,82.26705223444483,83.80151895362556,81.9205619422523,82.4155502319336,88855,0.0,0.0
2017-01-24 00:00:00+05:30,82.76203998322356,82.86103612992844,82.16805555007247,82.26705169677734,63801,0.0,0.0
2017-01-25 00:00:00+05:30,82.51454349628213,82.61353964017515,82.16805321619574,82.3165512084961,62046,0.0,0.0
2017-01-27 00:00:00+05:30,82.71254882478388,83.90051773616246,82.31655667001698,83.15803527832031,146299,0.0,0.0
2017-01-30 00:00:00+05:30,83.55402879563368,83.7520210997848,82.16806000780907,82.8115463256836,292668,0.0,0.0
2017-01-31 00:00:00+05:30,82.4155502319336,83.95001695111434,82.16805608709295,82.4155502319336,132140,0.0,0.0
2017-02-01 00:00:00+05:30,82.26705375996013,83.65302250735274,82.26705375996013,82.86103820800781,99429,0.0,0.0
2017-02-02 00:00:00+05:30,82.86104219088006,86.62295646420894,82.86104219088006,85.48448181152344,555539,0.0,0.0
2017-02-03 00:00:00+05:30,86.96944166684163,88.30590854885286,86.57344952141409,87.66242980957031,865437,0.0,0.0
2017-02-06 00:00:00+05:30,87.11794170834592,90.08787153931226,86.12796509802382,88.25641632080078,711221,0.0,0.0
2017-02-07 00:00:00+05:30,89.09788732499429,92.36481288141267,87.66242438370465,91.1273422241211,1350071,0.0,0.0
2017-02-08 00:00:00+05:30,92.21632043980948,92.21632043980948,89.59288097793741,90.53335571289062,397168,0.0,0.0
2017-02-09 00:00:00+05:30,90.7808499366627,91.5728342268202,86.12796300252279,89.09789276123047,234377,0.0,0.0
2017-02-10 00:00:00+05:30,89.49388335831716,90.08786778920005,88.20691079730271,88.65240478515625,378165,0.0,0.0
2017-02-13 00:00:00+05:30,89.19689111607961,89.54338141925027,86.1279651334048,86.8209457397461,126035,0.0,0.0
2017-02-14 00:00:00+05:30,87.11794500970636,87.51393717942587,85.88047419990939,86.2764663696289,274023,0.0,0.0
2017-02-15 00:00:00+05:30,86.2764587027356,87.06843541887378,84.14800758844356,84.84098815917969,114439,0.0,0.0
2017-02-16 00:00:00+05:30,85.13798756892419,85.43498356998461,84.19751282043629,85.08848571777344,145882,0.0,0.0
2017-02-17 00:00:00+05:30,85.08848607434277,85.83096852718319,83.85101531960875,84.44500732421875,229077,0.0,0.0
2017-02-20 00:00:00+05:30,85.03898699231135,85.03898699231135,83.80151630718727,84.54399871826172,387361,0.0,0.0
2017-02-21 00:00:00+05:30,84.39550493822969,85.63297568512455,83.95001849051636,84.2965087890625,111610,0.0,0.0
2017-02-22 00:00:00+05:30,84.74199705496359,85.0389930617594,83.9005184396051,84.0985107421875,113084,0.0,0.0
2017-02-23 00:00:00+05:30,84.24700452505493,85.03898880155283,83.25702795589349,84.34600067138672,314658,0.0,0.0
2017-02-27 00:00:00+05:30,84.34600120963675,85.03898934422513,83.15803234023078,84.49449920654297,183606,0.0,0.0
2017-02-28 00:00:00+05:30,84.98948615374364,86.07845885900974,84.49449787381162,84.84098815917969,78089,0.0,0.0
2017-03-01 00:00:00+05:30,85.13798315614517,98.5026665585633,85.03898701189678,93.15679168701172,5167533,0.0,0.0
2017-03-02 00:00:00+05:30,93.0578018062371,94.04777842119705,89.24639334922564,89.84037780761719,1018021,0.0,0.0
2017-03-03 00:00:00+05:30,89.49388683238006,94.9882524724848,89.39489068221027,92.56281280517578,2941937,0.0,0.0
2017-03-06 00:00:00+05:30,93.35479502408519,93.35479502408519,91.37484185329164,91.96882629394531,420009,0.0,0.0
2017-03-07 00:00:00+05:30,92.06781871495077,93.84977951769913,90.48385775301982,90.9293441772461,346456,0.0,0.0
2017-03-08 00:00:00+05:30,91.17684710354901,91.77083157742143,89.2958899755177,89.79087829589844,430024,0.0,0.0
2017-03-09 00:00:00+05:30,89.69188521096426,90.03837553650051,88.10792404213954,88.45441436767578,367915,0.0,0.0
2017-03-10 00:00:00+05:30,88.89989860619035,94.93875414536804,88.6029026153612,93.60228729248047,1239629,0.0,0.0
2017-03-14 00:00:00+05:30,95.48323154869577,97.01769816326286,92.06781560391272,92.90929412841797,1066912,0.0,0.0
2017-03-15 00:00:00+05:30,92.81030022670421,99.88863396791183,91.07784128913906,97.80968475341797,3476284,0.0,0.0
2017-03-16 00:00:00+05:30,98.00768432333903,100.48262584665568,96.52271940934905,98.45317077636719,832983,0.0,0.0
2017-03-17 00:00:00+05:30,98.10667208734212,98.75015833898244,95.48323278629864,97.51268768310547,585647,0.0,0.0
2017-03-20 00:00:00+05:30,97.5126903159192,100.48261997021116,96.27521962663089,98.25517272949219,745587,0.0,0.0
2017-03-21 00:00:00+05:30,98.75015991273114,99.98763058832927,97.0672028150863,97.95817565917969,380354,0.0,0.0
2017-03-22 00:00:00+05:30,97.21569405694626,97.76018417987626,95.58223879399958,96.02772521972656,230839,0.0,0.0
2017-03-23 00:00:00+05:30,96.91871005754079,98.79966709661566,94.04777642452356,98.00768280029297,575466,0.0,0.0
2017-03-24 00:00:00+05:30,98.55216868964987,101.37360034988595,97.46318844103097,99.69063568115234,2137295,0.0,0.0
2017-03-27 00:00:00+05:30,100.08663541277168,103.84854961404696,98.75016847779203,101.12611389160156,1377492,0.0,0.0
2017-03-28 00:00:00+05:30,100.97760774669956,103.84854124223908,98.35416838779412,99.54214477539062,2440003,0.0,0.0
2017-03-29 00:00:00+05:30,98.94815945962739,103.35355991974029,98.5521748567193,101.47260284423828,5345882,0.0,0.0
2017-03-30 00:00:00+05:30,102.11609158713928,103.89804500146245,101.52210711569822,103.65055084228516,4063938,0.0,0.0
2017-03-31 00:00:00+05:30,103.35355559158103,106.12548546046767,102.71006930941957,104.59102630615234,4315831,0.0,0.0
2017-04-03 00:00:00+05:30,104.88801581781406,105.13550996325763,102.21508206819233,103.45255279541016,410137,0.0,0.0
2017-04-05 00:00:00+05:30,103.60104866400904,104.83851936579386,101.96758582706875,104.29402923583984,480116,0.0,0.0
2017-04-06 00:00:00+05:30,104.39303025034043,104.44253210188931,102.06658673306286,102.75957489013672,348978,0.0,0.0
2017-04-07 00:00:00+05:30,102.75957255047015,104.4920315743264,99.49264679860104,101.37360382080078,270296,0.0,0.0
2017-04-10 00:00:00+05:30,101.96758558075491,103.4525504193096,101.02711087083898,102.06658172607422,250035,0.0,0.0
2017-04-11 00:00:00+05:30,102.95756611847071,104.29403301423183,102.06658567032261,102.46257781982422,335233,0.0,0.0
2017-04-12 00:00:00+05:30,102.71007361063143,103.35355991974029,100.92811268585643,101.47260284423828,239924,0.0,0.0
2017-04-13 00:00:00+05:30,101.72008856986334,102.95755923373028,101.42309258936665,101.96758270263672,187804,0.0,0.0
2017-04-17 00:00:00+05:30,102.46257987137031,103.452556488485,101.12611294884992,103.05656433105469,352513,0.0,0.0
2017-04-18 00:00:00+05:30,103.20505918695196,105.63049880374992,100.97761186637027,102.16558074951172,600908,0.0,0.0
2017-04-19 00:00:00+05:30,102.01708801546916,102.26458215664893,100.73011546016565,100.77961730957031,260911,0.0,0.0
2017-04-20 00:00:00+05:30,101.22511057401236,102.16558535279759,100.92811456338424,101.27461242675781,161562,0.0,0.0
2017-04-21 00:00:00+05:30,101.47260284423828,101.67059514569232,100.18563022602054,101.47260284423828,144008,0.0,0.0
2017-04-24 00:00:00+05:30,101.76960020930947,102.3140828220452,100.23513341730771,101.12611389160156,212720,0.0,0.0
2017-04-25 00:00:00+05:30,100.97761588706554,102.46258082658122,100.87861973501562,101.12611389160156,160108,0.0,0.0
2017-04-26 00:00:00+05:30,101.86859735045311,103.65055076342045,100.73012270851929,101.42310333251953,416135,0.0,0.0
2017-04-27 00:00:00+05:30,101.52210235595703,102.21508294799499,101.22510635769963,101.52210235595703,102139,0.0,0.0
2017-04-28 00:00:00+05:30,102.16558014902729,106.81847461198123,101.47259956342147,104.88801574707031,1132635,0.0,0.0
2017-05-02 00:00:00+05:30,105.53150557998184,108.10544326672829,102.46257958605636,103.7000503540039,891110,0.0,0.0
2017-05-03 00:00:00+05:30,104.44253281477243,105.92749773630948,103.20506204682489,103.7000503540039,983696,0.0,0.0
2017-05-04 00:00:00+05:30,104.19503554696993,111.17437349076235,104.19503554696993,109.34291076660156,3518661,0.0,0.0
2017-05-05 00:00:00+05:30,110.23389570373803,115.72826899468231,107.11546782382159,109.88740539550781,2856105,0.0,0.0
2017-05-08 00:00:00+05:30,110.4318879094157,118.20320236810737,108.50142909230111,115.62926483154297,2455649,0.0,0.0
2017-05-09 00:00:00+05:30,116.2232543760512,121.17313737713582,112.01585382512927,118.54969787597656,3525097,0.0,0.0
2017-05-10 00:00:00+05:30,121.07414349791088,122.01461826458261,115.431272239114,116.27275085449219,2351067,0.0,0.0
2017-05-11 00:00:00+05:30,117.41122025599161,117.41122025599161,112.85732952267843,113.3523178100586,847576,0.0,0.0
2017-05-12 00:00:00+05:30,113.64931668522155,115.33227388381657,112.36234408423331,113.4513168334961,687052,0.0,0.0
2017-05-15 00:00:00+05:30,108.8974221865204,114.34229329584642,106.02648863647323,113.0553207397461,1573381,0.0,0.0
2017-05-16 00:00:00+05:30,113.05531946961236,118.20320208325734,111.2733662037874,117.70821380615234,2829431,0.0,0.0
2017-05-17 00:00:00+05:30,117.80721435285349,120.87614027499049,116.12425716898153,119.68817138671875,1598762,0.0,0.0
2017-05-18 00:00:00+05:30,116.81723604059322,120.77714234705401,114.34229459905522,115.57976531982422,899071,0.0,0.0
2017-05-19 00:00:00+05:30,116.32224747295628,118.05470647787264,110.77838016780827,114.78778076171875,879395,0.0,0.0
2017-05-22 00:00:00+05:30,118.35170224237999,118.35170224237999,111.86735267249578,112.56033325195312,612863,0.0,0.0
2017-05-23 00:00:00+05:30,108.89742124382737,111.86735091411357,105.53149944025199,108.45193481445312,898463,0.0,0.0
2017-05-24 00:00:00+05:30,108.79842399328237,109.88739668407173,102.2645802956246,103.84854125976562,692087,0.0,0.0
2017-05-25 00:00:00+05:30,103.94754108629728,105.23451366377259,102.11608592059929,103.45255279541016,724812,0.0,0.0
2017-05-26 00:00:00+05:30,103.7990449760539,105.23451557748407,102.36358192754581,103.25456237792969,349618,0.0,0.0
2017-05-29 00:00:00+05:30,103.9475346506012,104.54151905230606,100.5816129703784,101.67058563232422,1026158,0.0,0.0
2017-05-30 00:00:00+05:30,100.97761739359207,104.83852780451977,99.98764075247841,101.57160186767578,399096,0.0,0.0
2017-05-31 00:00:00+05:30,102.66056560625614,104.73952241154039,101.32409876923177,101.91808319091797,613296,0.0,0.0
2017-06-01 00:00:00+05:30,102.21508213907339,102.85856842825726,101.27460740690444,102.01708984375,833781,0.0,0.0
2017-06-02 00:00:00+05:30,102.06657829892933,103.8485390665298,101.07660177313386,101.81908416748047,185572,0.0,0.0
2017-06-05 00:00:00+05:30,101.96758772050255,102.41307416024861,100.97761114069185,101.22510528564453,225853,0.0,0.0
2017-06-06 00:00:00+05:30,101.22511148533708,102.1160919723206,98.65117373076872,99.34415435791016,1802888,0.0,0.0
2017-06-07 00:00:00+05:30,99.59163720309145,100.63111557862744,98.7996605124692,99.7401351928711,152739,0.0,0.0
2017-06-08 00:00:00+05:30,100.03713539822388,100.43311998380153,97.80968811620137,99.49264526367188,373805,0.0,0.0
2017-06-09 00:00:00+05:30,99.24515586647617,99.88864217818988,98.35417540048198,99.3936538696289,628224,0.0,0.0
2017-06-12 00:00:00+05:30,99.39364600240323,100.43311683635157,98.00767733755053,100.0371322631836,424923,0.0,0.0
2017-06-13 00:00:00+05:30,99.34415177253328,100.77962239557229,97.41370039507655,98.60166931152344,235398,0.0,0.0
2017-06-14 00:00:00+05:30,98.79966516078727,101.52210074078677,98.79966516078727,101.07660675048828,425917,0.0,0.0
2017-06-15 00:00:00+05:30,100.03714047387047,100.33412892812218,98.00768538166706,98.75016784667969,681349,0.0,0.0
2017-06-16 00:00:00+05:30,98.70066124428254,99.93813195974708,98.30467665767138,98.84915924072266,414617,0.0,0.0
2017-06-19 00:00:00+05:30,99.24515759315223,99.49265175173863,96.52272184870166,96.96820831298828,664367,0.0,0.0
2017-06-20 00:00:00+05:30,96.86921207579711,97.16620808701114,94.14677633371689,94.74076080322266,218576,0.0,0.0
2017-06-21 00:00:00+05:30,93.60228829231873,94.93875515948213,93.25579044834292,93.89927673339844,481261,0.0,0.0
2017-06-22 00:00:00+05:30,94.04777099820488,94.04777099820488,90.83034725352945,91.42433166503906,287842,0.0,0.0
2017-06-23 00:00:00+05:30,91.5728320504326,91.96882418609991,85.63297267418832,87.06843566894531,472667,0.0,0.0
2017-06-27 00:00:00+05:30,86.1279640541736,88.99889769989713,84.14801085752593,87.95941925048828,4273288,0.0,0.0
2017-06-28 00:00:00+05:30,87.61292904759232,88.00892119793986,86.12796414848059,86.52395629882812,754141,0.0,0.0
2017-06-29 00:00:00+05:30,86.62295058020237,89.04839017527928,86.12796229117264,88.15741729736328,871871,0.0,0.0
2017-06-30 00:00:00+05:30,87.46442514564619,88.45440167825774,86.1279583372049,86.3259506225586,4207737,0.0,0.0
2017-07-03 00:00:00+05:30,87.5139286414681,88.05841121290499,85.9794619658552,86.77144622802734,268164,0.0,0.0
2017-07-04 00:00:00+05:30,86.87044606031182,87.06843835779901,85.68247716954474,86.37545776367188,81530,0.0,0.0
2017-07-05 00:00:00+05:30,86.22696128389325,87.61293004949798,86.1279651334048,86.8209457397461,358361,0.0,0.0
2017-07-06 00:00:00+05:30,87.06844173088662,90.97885395758735,86.77145327315033,90.2858657836914,657401,0.0,0.0
2017-07-07 00:00:00+05:30,91.77082824707031,95.03775406419588,90.68185549233581,91.77082824707031,875512,0.0,0.0
2017-07-10 00:00:00+05:30,92.95880207012775,92.95880207012775,91.07784506366337,92.46381378173828,50533,0.0,0.0
2017-07-11 00:00:00+05:30,92.56280461021308,93.25578515297123,89.69187119193234,90.97884368896484,866667,0.0,0.0
2017-07-12 00:00:00+05:30,90.68185324948078,92.95880240545468,89.49388437422947,90.3848648071289,211565,0.0,0.0
2017-07-13 00:00:00+05:30,90.97885230692941,92.11732692323524,89.93937384140622,91.27584075927734,3556131,0.0,0.0
2017-07-14 00:00:00+05:30,91.96882990671386,99.49265074069974,89.93937480575954,96.67121887207031,2088946,0.0,0.0
2017-07-17 00:00:00+05:30,96.52271719389917,97.66119177907827,93.05779914078484,95.6317367553711,3536582,0.0,0.0
2017-07-18 00:00:00+05:30,94.09727503178972,96.4237184367757,93.10729847197256,93.45378875732422,268356,0.0,0.0
2017-07-19 00:00:00+05:30,93.84978624792039,94.64176300921983,91.07784870106687,92.06782531738281,598312,0.0,0.0
2017-07-20 00:00:00+05:30,92.85980297237707,92.85980297237707,90.23636361668932,90.9293441772461,191885,0.0,0.0
2017-07-21 00:00:00+05:30,91.12734167753342,91.91931836169682,90.63235341758576,90.97884368896484,211336,0.0,0.0
2017-07-24 00:00:00+05:30,91.57283207413887,92.81030277784345,90.08786722969337,91.37483978271484,473134,0.0,0.0
2017-07-25 00:00:00+05:30,90.08787167525558,91.37484429178524,89.59288336934759,90.4838638305664,729351,0.0,0.0
2017-07-26 00:00:00+05:30,90.63236470733352,91.62234135054668,90.13737638572694,90.5828628540039,247836,0.0,0.0
2017-07-27 00:00:00+05:30,91.47383908189742,92.41431382796613,90.18686648450883,90.83035278320312,3487574,0.0,0.0
2017-07-28 00:00:00+05:30,91.96882820585678,91.96882820585678,89.84037699242161,90.33536529541016,244489,0.0,0.0
2017-07-31 00:00:00+05:30,85.13798343018577,90.48385831894457,85.03898728561873,89.64237976074219,3510322,0.0,0.0
2017-08-01 00:00:00+05:30,90.18686359816327,90.33536159355896,88.15741617082818,89.29588317871094,1716036,0.0,0.0
2017-08-02 00:00:00+05:30,89.04839490456203,89.34539091492184,87.11794349599026,88.05841827392578,166474,0.0,0.0
2017-08-03 00:00:00+05:30,88.05842066230262,88.05842066230262,85.13799254388486,85.78147888183594,558115,0.0,0.0
2017-08-04 00:00:00+05:30,86.02896852981537,87.95941988940028,85.38548222564637,86.67245483398438,279996,0.0,0.0
2017-08-07 00:00:00+05:30,86.67245694164826,88.00892388100839,85.13799014461706,85.83097076416016,1081724,0.0,0.0
2017-08-08 00:00:00+05:30,85.92997431102062,86.67245678184307,84.14801335987782,85.03899383544922,424835,0.0,0.0
2017-08-09 00:00:00+05:30,85.13798447999108,85.2369806257788,83.25702749833715,84.197509765625,396724,0.0,0.0
2017-08-10 00:00:00+05:30,84.19751470423093,84.54400501127225,80.188106364821,81.22758483886719,592774,0.0,0.0
2017-08-11 00:00:00+05:30,79.19812975599486,80.18810637794479,71.52581093588286,72.4662857055664,1314714,0.0,0.0
2017-08-14 00:00:00+05:30,74.09974921467834,76.72318879369227,72.51578811790914,76.27770233154297,801955,0.0,0.0
2017-08-16 00:00:00+05:30,76.72318814658861,78.0101607753777,72.7137798093722,73.9017562866211,647159,0.0,0.0
2017-08-17 00:00:00+05:30,73.90174966899362,76.22819301001361,69.8923416908048,71.32781219482422,952491,0.0,0.0
2017-08-18 00:00:00+05:30,71.82280122085692,74.44623301765364,69.89234243011852,73.70375061035156,1619285,0.0,0.0
2017-08-21 00:00:00+05:30,74.7432346587956,75.1887211157255,72.8622775740163,73.10977172851562,672531,0.0,0.0
2017-08-22 00:00:00+05:30,73.30777485502766,74.00075549737926,71.92180601740193,72.56529235839844,507546,0.0,0.0
2017-08-23 00:00:00+05:30,72.76328382979877,73.65426432605426,72.51578966711237,73.0602798461914,466294,0.0,0.0
2017-08-24 00:00:00+05:30,73.0602764387412,74.24824534306134,72.51578628505658,72.81278228759766,509608,0.0,0.0
2017-08-28 00:00:00+05:30,73.01077499918766,81.92056449061394,72.91177884875624,79.49512481689453,5472238,0.0,0.0
2017-08-29 00:00:00+05:30,78.30715296298136,80.63359662322972,76.37670148069334,77.1686782836914,2642115,0.0,0.0
2017-08-30 00:00:00+05:30,78.70314274720376,84.7915005835153,77.36667579604325,83.10853576660156,5486323,0.0,0.0
2017-08-31 00:00:00+05:30,85.13799008256623,88.99890044573218,84.44500946352821,87.26644134521484,5837249,0.0,0.0
2017-09-01 00:00:00+05:30,87.41493395054262,96.32472305999183,87.36543210098806,94.3942642211914,11905341,0.0,0.0
2017-09-04 00:00:00+05:30,94.88925699819912,98.89866530847152,93.05780177178565,94.93875885009766,9638003,0.0,0.0
2017-09-05 00:00:00+05:30,96.02772268712741,100.63111502755852,96.02772268712741,99.59163665771484,6671968,0.0,0.0
2017-09-06 00:00:00+05:30,100.77961436067251,102.21507731634357,97.265194637586,97.80968475341797,6437362,0.0,0.0
2017-09-07 00:00:00+05:30,98.00768401340248,101.76959813811607,98.00768401340248,100.5321273803711,5058477,0.0,0.0
2017-09-08 00:00:00+05:30,101.8190862416967,102.21507837066616,97.90868190631201,98.10667419433594,5591328,0.0,0.0
2017-09-11 00:00:00+05:30,100.87860948914336,102.66056270382232,98.99765257954766,101.81908416748047,6910649,0.0,0.0
2017-09-12 00:00:00+05:30,102.41307562216764,102.95756577000473,97.90868665148314,98.00768280029297,4536102,0.0,0.0
2017-09-13 00:00:00+05:30,98.30467826172627,100.33412573644985,96.57221923180707,97.85918426513672,2402088,0.0,0.0
2017-09-14 00:00:00+05:30,98.00768624545171,98.99766287419365,94.24577203506344,94.59226989746094,2623122,0.0,0.0
2017-09-15 00:00:00+05:30,94.04778110524997,94.04778110524997,89.79087851826444,90.5828628540039,3148121,0.0,0.0
2017-09-18 00:00:00+05:30,90.97884815908357,93.10729929202128,88.30590689228208,90.0878677368164,5912622,0.0,0.0
2017-09-19 00:00:00+05:30,89.88988355206156,91.86983686772,86.91995357857392,88.00892639160156,3820868,0.0,0.0
2017-09-20 00:00:00+05:30,88.5534075856538,89.39489377350091,85.23698734629019,86.12796783447266,2496312,0.0,0.0
2017-09-21 00:00:00+05:30,86.52395823648072,87.21693885041626,84.24700898568298,84.89049530029297,1672525,0.0,0.0
2017-09-22 00:00:00+05:30,84.14801386984114,84.44500988113892,80.08911118199798,81.52457427978516,2304748,0.0,0.0
2017-09-25 00:00:00+05:30,81.97006649989866,81.97006649989866,76.12920297814871,76.62419128417969,4490922,0.0,0.0
2017-09-26 00:00:00+05:30,76.22819714819644,76.37669514673186,70.43683562869057,71.72380065917969,5270905,0.0,0.0
2017-09-27 00:00:00+05:30,72.56528262998388,74.64423183124832,72.56528262998388,73.4067611694336,4238985,0.0,0.0
2017-09-28 00:00:00+05:30,75.04022928310877,75.04022928310877,72.61478208193928,73.45626068115234,3839264,0.0,0.0
2017-09-29 00:00:00+05:30,73.8027601350809,74.743234904096,73.40676797599794,73.9017562866211,525855,0.0,0.0
2017-10-03 00:00:00+05:30,74.64423713261966,75.08972358134363,73.25826838236883,73.45626068115234,452226,0.0,0.0
2017-10-04 00:00:00+05:30,74.14925397098875,75.33722295185558,72.76328512469576,74.94123077392578,731576,0.0,0.0
2017-10-05 00:00:00+05:30,75.43621705771147,75.43621705771147,73.95125209552879,74.34724426269531,1170670,0.0,0.0
2017-10-06 00:00:00+05:30,74.24824290120702,75.04022717998863,73.90175261158575,74.29774475097656,1553407,0.0,0.0
2017-10-09 00:00:00+05:30,74.34723724173061,81.57406906305772,73.70375097496779,80.23760223388672,5621398,0.0,0.0
2017-10-10 00:00:00+05:30,80.18810038531971,82.56404561102462,79.29711998156516,80.23760223388672,2521298,0.0,0.0
2017-10-11 00:00:00+05:30,80.68309372791585,81.62356848639755,76.77268913895873,79.49512481689453,1270416,0.0,0.0
2017-10-12 00:00:00+05:30,79.59411835089689,79.99011049252759,77.71316134284244,78.75263977050781,509115,0.0,0.0
2017-10-13 00:00:00+05:30,78.50514299634796,81.62356306903983,77.71315873961633,78.0101547241211,1406608,0.0,0.0
2017-10-16 00:00:00+05:30,78.50514853089926,79.69311744682595,77.21817591121024,77.41616821289062,446109,0.0,0.0
2017-10-17 00:00:00+05:30,77.86166222105476,78.20815252545651,76.82218375492728,77.41616821289062,364400,0.0,0.0
2017-10-18 00:00:00+05:30,77.96066058228605,77.96066058228605,75.23822481592052,76.57469177246094,335142,0.0,0.0
2017-10-19 00:00:00+05:30,76.2281925389024,77.1686672178891,74.7927295966761,75.48571014404297,147404,0.0,0.0
2017-10-23 00:00:00+05:30,75.83220330853504,76.67368187753621,75.23821888058843,75.58470916748047,488984,0.0,0.0
2017-10-24 00:00:00+05:30,76.12920338513634,79.99011370340286,75.48571707327154,78.2081527709961,1895969,0.0,0.0
2017-10-25 00:00:00+05:30,93.05779902680793,93.05779902680793,84.14800975828376,90.53335571289062,7595916,0.0,0.0
2017-10-26 00:00:00+05:30,90.87985588607185,92.81030725582413,86.27646313559853,86.8209457397461,1932477,0.0,0.0
2017-10-27 00:00:00+05:30,87.11794579368687,87.31593810386717,80.48510521465471,81.32658386230469,965446,0.0,0.0
2017-10-30 00:00:00+05:30,81.67306626644904,84.04901152296645,79.34662285914061,81.97006225585938,1194219,0.0,0.0
2017-10-31 00:00:00+05:30,80.18810531196245,82.11855667793343,78.20815209438312,80.93058776855469,5644057,0.0,0.0
2017-11-01 00:00:00+05:30,81.42557812699334,83.50452754731083,80.68309565167121,81.52457427978516,2879983,0.0,0.0
2017-11-02 00:00:00+05:30,82.16806454384795,82.66305288447354,80.68309952197117,81.92057037353516,2538675,0.0,0.0
2017-11-03 00:00:00+05:30,82.66304282725449,82.66304282725449,81.3760702770387,81.97006225585938,1441267,0.0,0.0
2017-11-06 00:00:00+05:30,81.92056319042743,84.04901437907128,80.68309244736962,83.50452423095703,5208470,0.0,0.0
2017-11-07 00:00:00+05:30,83.25703369725164,83.35602985041014,79.69311931308926,80.88108825683594,987352,0.0,0.0
2017-11-08 00:00:00+05:30,81.67306923866272,81.67306923866272,78.4061434479474,79.19812774658203,427849,0.0,0.0
2017-11-09 00:00:00+05:30,79.693119465005,80.63359425118703,79.00013883865215,79.44562530517578,237345,0.0,0.0
2017-11-10 00:00:00+05:30,79.44562296521775,80.38609772369945,78.20815220251966,79.49512481689453,556108,0.0,0.0
2017-11-13 00:00:00+05:30,80.08911300888393,80.23761101792014,78.4556500153304,79.09913635253906,487636,0.0,0.0
2017-11-14 00:00:00+05:30,79.64361475739568,79.64361475739568,77.31717124896672,77.9111557006836,444717,0.0,0.0
2017-11-15 00:00:00+05:30,77.71316375974202,77.71316375974202,76.52519485082563,77.2676773071289,324026,0.0,0.0
2017-11-16 00:00:00+05:30,78.2081542818238,78.90113490619001,77.21817764534501,78.65364074707031,332943,0.0,0.0
2017-11-17 00:00:00+05:30,80.68309595051893,93.05780391838994,79.74262116612968,80.88108825683594,4614294,0.0,0.0
2017-11-20 00:00:00+05:30,81.4255784285912,82.36605321298046,80.53459794432001,80.88108825683594,408069,0.0,0.0
2017-11-21 00:00:00+05:30,81.17807693328662,81.9205593442618,79.29711998156516,80.23760223388672,346261,0.0,0.0
2017-11-22 00:00:00+05:30,80.23761155061257,80.78209418346353,78.7031447019218,79.24763488769531,577886,0.0,0.0
2017-11-23 00:00:00+05:30,79.24762692792937,80.43559578293946,78.80213294260926,79.89110565185547,331659,0.0,0.0
2017-11-24 00:00:00+05:30,80.43559740508455,81.42557398853175,79.9901109637021,80.33660125732422,375897,0.0,0.0
2017-11-27 00:00:00+05:30,80.1881008500762,80.93058326535467,79.49512028365162,80.38609313964844,355896,0.0,0.0
2017-11-28 00:00:00+05:30,80.63359258336087,80.93058859018178,79.99011382345253,80.43560028076172,295929,0.0,0.0
2017-11-29 00:00:00+05:30,80.88108520238904,80.93058705356005,79.44562215349472,79.9901123046875,212418,0.0,0.0
2017-11-30 00:00:00+05:30,79.54462229664698,79.54462229664698,78.55464564689923,78.95063781738281,235375,0.0,0.0
2017-12-01 00:00:00+05:30,79.39611822371593,80.18810250418527,77.56466307216768,77.96065521240234,444480,0.0,0.0
2017-12-04 00:00:00+05:30,78.70314620630428,78.70314620630428,77.26768303880492,77.4656753540039,147173,0.0,0.0
2017-12-05 00:00:00+05:30,77.21817968929733,77.8121641763228,76.22820302661403,77.02018737792969,182594,0.0,0.0
2017-12-06 00:00:00+05:30,77.06967584860682,77.51516984486399,76.27769911013067,76.82218170166016,186688,0.0,0.0
2017-12-07 00:00:00+05:30,76.8716791133644,79.69311071505213,76.77268297088652,77.7131576538086,823733,0.0,0.0
2017-12-08 00:00:00+05:30,77.91114939135117,79.00012960972103,77.31716498773582,77.56465911865234,206602,0.0,0.0
2017-12-11 00:00:00+05:30,77.7626645337338,78.20815098017358,76.72318608814497,76.9706802368164,172350,0.0,0.0
2017-12-12 00:00:00+05:30,77.21817520289746,77.21817520289746,76.37669659909132,76.47569274902344,218344,0.0,0.0
2017-12-13 00:00:00+05:30,77.0201851779332,77.0201851779332,73.75325926322542,74.19874572753906,242012,0.0,0.0
2017-12-14 00:00:00+05:30,74.34723742068269,75.08971983344502,73.2582647258823,73.85224914550781,272296,0.0,0.0
2017-12-15 00:00:00+05:30,75.23822075109108,76.12920119162261,74.24824416226093,75.38671875,303626,0.0,0.0
2017-12-18 00:00:00+05:30,74.74323344032116,78.7031398477554,73.30777038879509,75.68370819091797,537177,0.0,0.0
2017-12-19 00:00:00+05:30,76.17869069140984,76.62418466007841,75.23821601242315,75.48571014404297,159232,0.0,0.0
2017-12-20 00:00:00+05:30,75.98070455241323,75.98070455241323,74.79273564572675,75.04022979736328,255022,0.0,0.0
2017-12-21 00:00:00+05:30,75.63422002768722,75.63422002768722,74.84223566078933,75.23822784423828,192492,0.0,0.0
2017-12-22 00:00:00+05:30,75.73320986119141,75.73320986119141,74.64423711233385,74.89173126220703,454107,0.0,0.0
2017-12-26 00:00:00+05:30,75.08972384138498,75.48571599324545,73.95124923713195,74.24824523925781,712999,0.0,0.0
2017-12-27 00:00:00+05:30,74.7432306441297,75.0402266347453,74.00074822051252,74.14924621582031,327615,0.0,0.0
2017-12-28 00:00:00+05:30,74.05025240605205,74.49573885310781,73.95124870410896,74.09974670410156,214530,0.0,0.0
2017-12-29 00:00:00+05:30,74.29774478916853,75.08972151543541,71.2783132217986,71.42681121826172,1855541,0.0,0.0
2018-01-01 00:00:00+05:30,73.75325587233603,77.02018163684319,72.26829098900039,73.95124816894531,8051264,0.0,0.0
2018-01-02 00:00:00+05:30,73.95125156893764,74.89173390337645,73.40676895176789,74.19874572753906,1058928,0.0,0.0
2018-01-03 00:00:00+05:30,74.49574249135411,77.61417043180923,73.60476200080659,75.13922882080078,1984589,0.0,0.0
2018-01-04 00:00:00+05:30,76.22819941517585,78.85163895758127,75.53521880529767,75.98070526123047,3582211,0.0,0.0
2018-01-05 00:00:00+05:30,76.57469247095207,77.26768065864705,75.08972749393456,75.28772735595703,844943,0.0,0.0
2018-01-08 00:00:00+05:30,75.23822337937801,75.98070584693765,74.54524276415789,74.69373321533203,1113674,0.0,0.0
2018-01-09 00:00:00+05:30,75.08972093123336,75.43621121833702,73.7532540793068,74.14924621582031,705598,0.0,0.0
2018-01-10 00:00:00+05:30,74.19874231616792,74.44623646339052,73.75325587233603,73.95124816894531,302147,0.0,0.0
2018-01-11 00:00:00+05:30,73.75325587233603,74.24824416678123,73.30776942850413,73.95124816894531,290268,0.0,0.0
2018-01-12 00:00:00+05:30,74.69373168952453,75.23822184244791,73.40676663713064,74.24824523925781,815490,0.0,0.0
2018-01-15 00:00:00+05:30,74.7432354404537,75.18872190204246,73.75325881210333,74.05025482177734,235552,0.0,0.0
2018-01-16 00:00:00+05:30,73.35727013701954,74.00075648661813,72.51579147350874,72.8622817993164,335864,0.0,0.0
2018-01-17 00:00:00+05:30,73.25826551220163,73.75325379268948,71.87229681625129,73.35726165771484,398230,0.0,0.0
2018-01-18 00:00:00+05:30,75.73321072471383,76.03020672911686,72.66428474187849,72.96127319335938,553519,0.0,0.0
2018-01-19 00:00:00+05:30,73.5552681715642,73.5552681715642,72.46628781340611,73.0602798461914,328477,0.0,0.0
2018-01-22 00:00:00+05:30,72.76328171332028,73.1592738726847,72.26829340234531,72.4662857055664,770144,0.0,0.0
2018-01-23 00:00:00+05:30,72.51578698382282,74.34724220934858,72.26829283029441,73.75325775146484,475886,0.0,0.0
2018-01-24 00:00:00+05:30,73.85224914550781,74.74322955140694,72.3177900242187,73.85224914550781,757416,0.0,0.0
2018-01-25 00:00:00+05:30,76.22819818165404,76.22819818165404,73.25826838236883,73.45626068115234,659552,0.0,0.0
2018-01-29 00:00:00+05:30,73.55526204245253,74.69372905360736,72.4662817750355,73.5057601928711,1795159,0.0,0.0
2018-01-30 00:00:00+05:30,74.00075303217733,74.00075303217733,72.36729008342441,72.61478424072266,180789,0.0,0.0
2018-01-31 00:00:00+05:30,72.31779479980469,73.01077540964259,71.77330463998763,72.31779479980469,197162,0.0,0.0
2018-02-01 00:00:00+05:30,72.51578838724248,73.85225533157647,71.82280776512034,71.97129821777344,287038,0.0,0.0
2018-02-02 00:00:00+05:30,70.38733412801545,71.37731071927566,69.39735753675527,69.64485168457031,369363,0.0,0.0
2018-02-05 00:00:00+05:30,69.29836120377732,69.29836120377732,66.0809372907448,67.41740417480469,420292,0.0,0.0
2018-02-06 00:00:00+05:30,65.33845232120561,65.83344059636626,64.4474719153321,65.23945617675781,586709,0.0,0.0
2018-02-07 00:00:00+05:30,65.88295131869816,67.66490481753135,65.88295131869816,66.32843780517578,233691,0.0,0.0
2018-02-08 00:00:00+05:30,65.98194747647955,67.21941833105373,65.98194747647955,66.32843780517578,401504,0.0,0.0
2018-02-09 00:00:00+05:30,65.33845000816707,67.91238743729846,64.59596762171063,66.72441864013672,783594,0.0,0.0
2018-02-12 00:00:00+05:30,65.33845578648355,69.79335049919834,65.33845578648355,69.14986419677734,712682,0.0,0.0
2018-02-14 00:00:00+05:30,69.29836631161152,69.59536233125885,67.81340131921984,68.11039733886719,260871,0.0,0.0
2018-02-15 00:00:00+05:30,66.82341999284453,69.05086732593935,66.82341999284453,68.20938873291016,397955,0.0,0.0
2018-02-16 00:00:00+05:30,67.31841448883512,68.01139514622758,65.73445330556471,66.32843780517578,300864,0.0,0.0
2018-02-19 00:00:00+05:30,65.53644540710023,66.37793152744412,63.160503923311424,64.74446868896484,468364,0.0,0.0
2018-02-20 00:00:00+05:30,63.85349135116686,65.93244072178321,63.85349135116686,65.63545227050781,451258,0.0,0.0
2018-02-21 00:00:00+05:30,66.32843287640588,67.02141348230396,64.84346796126248,65.63545227050781,248234,0.0,0.0
2018-02-22 00:00:00+05:30,65.14046371546006,65.78394246721491,64.44747555929943,64.84346771240234,154711,0.0,0.0
2018-02-23 00:00:00+05:30,64.84347324550588,70.78333339013237,64.84347324550588,68.70438385009766,2554156,0.0,0.0
2018-02-26 00:00:00+05:30,68.50637982902533,68.75387398672113,67.07091673555868,67.51640319824219,380926,0.0,0.0
2018-02-27 00:00:00+05:30,67.318412428743,67.46691043733207,64.9919688039224,65.73445129394531,225247,0.0,0.0
2018-02-28 00:00:00+05:30,65.23945406591726,65.23945406591726,63.65549314723701,64.64546966552734,462934,0.0,0.0
2018-03-01 00:00:00+05:30,64.1504898071289,64.94246659372064,63.8534937915805,64.1504898071289,233286,0.0,0.0
2018-03-05 00:00:00+05:30,63.8534919151893,64.6454762314303,63.655499612590155,64.34848022460938,154106,0.0,0.0
2018-03-06 00:00:00+05:30,63.75449303741565,65.14046175510505,62.715014610918125,63.21000289916992,217353,0.0,0.0
2018-03-07 00:00:00+05:30,63.21000219923772,66.62542588210883,62.02203334175669,65.53644561767578,1937148,0.0,0.0
2018-03-08 00:00:00+05:30,65.83344393698435,67.26890698662196,64.34847903615012,66.92241668701172,1214027,0.0,0.0
2018-03-09 00:00:00+05:30,66.62543146363289,79.14863002452182,66.328435447921,74.49574279785156,14051600,0.0,0.0
2018-03-12 00:00:00+05:30,74.24824127623205,74.39673926936885,70.38733121928365,73.85224914550781,6209754,0.0,0.0
2018-03-13 00:00:00+05:30,72.41679479542904,75.48572095651942,71.37731627256368,72.71378326416016,1612005,0.0,0.0
2018-03-14 00:00:00+05:30,71.77330845633254,75.23822679560377,71.77330845633254,74.94123077392578,2607188,0.0,0.0
2018-03-15 00:00:00+05:30,74.89173518950146,86.62295699808638,74.89173518950146,85.63298034667969,28733329,0.0,0.0
2018-03-16 00:00:00+05:30,86.32595937046955,87.01894754527508,81.6730722168598,82.96004486083984,8569548,0.0,0.0
2018-03-19 00:00:00+05:30,82.61354720900754,82.61354720900754,75.23822429590668,76.42619323730469,2300379,0.0,0.0
2018-03-20 00:00:00+05:30,74.39673825027616,74.743228527568,73.20876187437644,73.55525970458984,7986163,0.0,0.0
2018-03-21 00:00:00+05:30,73.50575731179447,77.51516527724277,73.01076904706858,73.4067611694336,2653685,0.0,0.0
2018-03-22 00:00:00+05:30,73.25826783843388,75.18871917246706,72.26829124602261,74.74323272705078,7659268,0.0,0.0
2018-03-23 00:00:00+05:30,71.8228025604856,74.19874026583062,71.32781427971842,71.92179870605469,4252701,0.0,0.0
2018-03-26 00:00:00+05:30,72.26829283029441,74.79273621745301,71.97129682489145,73.75325775146484,3722220,0.0,0.0
2018-03-27 00:00:00+05:30,73.25827453186461,74.74323955615917,67.41741059238818,70.78333282470703,3962636,0.0,0.0
2018-03-28 00:00:00+05:30,69.29835826182247,75.733205814706,69.10036597367164,71.62480163574219,3593836,0.0,0.0
2018-04-02 00:00:00+05:30,72.16929611935092,72.16929611935092,68.85287599839394,69.94184875488281,704724,0.0,0.0
2018-04-03 00:00:00+05:30,70.4863362776345,71.4763129531795,69.99134793986201,70.63483428955078,4058259,0.0,0.0
2018-04-04 00:00:00+05:30,70.93182159476856,71.0308177395704,68.6548724997182,68.9023666381836,1479259,0.0,0.0
2018-04-05 00:00:00+05:30,70.18934236985552,70.28833851915725,69.3973580695976,69.79335021972656,1572130,0.0,0.0
2018-04-06 00:00:00+05:30,70.48633000383671,71.57531029234713,69.74384756326432,70.28833770751953,917422,0.0,0.0
2018-04-09 00:00:00+05:30,70.63483428955078,71.67431282004208,70.43684197561083,70.63483428955078,647179,0.0,0.0
2018-04-10 00:00:00+05:30,70.58533795536314,71.37731474124442,69.79335361655946,70.04084777832031,950644,0.0,0.0
2018-04-11 00:00:00+05:30,69.89234482927775,70.48632926492449,69.10036809938937,69.34786224365234,371017,0.0,0.0
2018-04-12 00:00:00+05:30,69.29835985484722,69.69435199317357,68.50637557819452,69.1993637084961,281235,0.0,0.0
2018-04-13 00:00:00+05:30,68.40737604256542,69.49634870431781,68.40737604256542,68.95186614990234,336006,0.0,0.0
2018-04-16 00:00:00+05:30,68.95187559535921,69.24886406038149,68.55588342240702,68.75387573242188,521615,0.0,0.0
2018-04-17 00:00:00+05:30,68.9023648476785,69.69434909135586,68.50637272583981,69.1003646850586,648033,0.0,0.0
2018-04-18 00:00:00+05:30,69.34785826860906,69.99133696447085,68.55587403119563,68.95186614990234,659563,0.0,0.0
2018-04-19 00:00:00+05:30,68.80337713537716,69.24886360645164,68.30838881066221,68.60538482666016,246717,0.0,0.0
2018-04-20 00:00:00+05:30,68.70438029684719,71.9218043754546,67.71440365727568,69.89234924316406,2972774,0.0,0.0
2018-04-23 00:00:00+05:30,68.9023736414788,70.28834246834043,68.80337748661493,70.18934631347656,1567444,0.0,0.0
2018-04-24 00:00:00+05:30,70.38733311780368,70.38733311780368,68.70437595798425,69.34786224365234,176949,0.0,0.0
2018-04-25 00:00:00+05:30,69.44685785083483,69.6448501435371,68.90236771652087,69.1993637084961,440096,0.0,0.0
2018-04-26 00:00:00+05:30,69.1003689030006,70.1398397892406,68.40738075925198,68.85287475585938,180487,0.0,0.0
2018-04-27 00:00:00+05:30,68.30838716777136,70.93182673624848,68.30838716777136,69.5953598022461,463163,0.0,0.0
2018-04-30 00:00:00+05:30,70.13983708075033,70.13983708075033,69.29835852354871,69.54585266113281,174925,0.0,0.0
2018-05-02 00:00:00+05:30,69.3973616144506,69.69435763044855,68.50638111937921,68.60538482666016,237315,0.0,0.0
2018-05-03 00:00:00+05:30,68.40738308466904,69.10037125197488,68.40738308466904,68.80337524414062,165511,0.0,0.0
2018-05-04 00:00:00+05:30,68.45687788974931,69.19936027997886,68.30837990111911,68.95186614990234,150135,0.0,0.0
2018-05-07 00:00:00+05:30,69.00136199835052,69.94184424557757,68.55587557534724,69.39735412597656,173982,0.0,0.0
2018-05-08 00:00:00+05:30,69.39735929425278,71.57531238193535,68.90237098608704,70.88232421875,844037,0.0,0.0
2018-05-09 00:00:00+05:30,71.77330758847066,71.77330758847066,70.33784445787023,70.9813232421875,500565,0.0,0.0
2018-05-10 00:00:00+05:30,70.93182185761191,71.7733004209281,69.8428491549132,71.12981414794922,311682,0.0,0.0
2018-05-11 00:00:00+05:30,70.58533215572182,70.58533215572182,69.29835959914048,69.84284973144531,158210,0.0,0.0
2018-05-14 00:00:00+05:30,69.29835743873089,69.84284755406097,68.6053768855122,69.24885559082031,125635,0.0,0.0
2018-05-15 00:00:00+05:30,69.00136336646841,70.33783776782032,67.07091209128285,67.61540222167969,227790,0.0,0.0
2018-05-16 00:00:00+05:30,67.36791482101589,67.66490328764525,65.58595380954968,65.88294982910156,339658,0.0,0.0
2018-05-17 00:00:00+05:30,65.98194492753981,66.77392171211892,64.3979838054592,65.58595275878906,369458,0.0,0.0
2018-05-18 00:00:00+05:30,64.34847574662435,69.1993623519542,61.37854609678014,66.67491912841797,1435007,0.0,0.0
2018-05-21 00:00:00+05:30,66.52642381580107,68.01138870055486,65.04145893104727,65.98194122314453,432423,0.0,0.0
2018-05-22 00:00:00+05:30,65.98194221440322,66.62542851804814,65.38795776216257,66.2789306640625,163311,0.0,0.0
2018-05-23 00:00:00+05:30,65.93244413041185,67.02141694723119,65.43745579977374,65.88294982910156,144674,0.0,0.0
2018-05-24 00:00:00+05:30,65.88294453824577,66.3284309788754,65.14046210191506,65.83344268798828,146989,0.0,0.0
2018-05-25 00:00:00+05:30,66.32843205670422,66.52642435510765,65.43745160804467,66.13043975830078,285154,0.0,0.0
2018-05-28 00:00:00+05:30,66.1304400899128,69.29836219778558,65.58594993718992,69.14986419677734,413794,0.0,0.0
2018-05-29 00:00:00+05:30,69.94184865052964,71.77330385910868,69.00136634407082,71.37731170654297,584063,0.0,0.0
2018-05-30 00:00:00+05:30,70.78332778244283,72.02079854787016,69.347864715716,71.52581024169922,269212,0.0,0.0
2018-05-31 00:00:00+05:30,71.62480583035541,74.05025304331534,71.62480583035541,72.81278228759766,756991,0.0,0.0
2018-06-01 00:00:00+05:30,72.7632804362001,73.45626103823318,72.07029983416705,72.81278228759766,299266,0.0,0.0
2018-06-04 00:00:00+05:30,72.86227444645598,74.24824316274493,72.31779186168231,73.65425872802734,296701,0.0,0.0
2018-06-05 00:00:00+05:30,74.14924458648578,74.69372715342101,73.0107700513716,73.70375061035156,357281,0.0,0.0
2018-06-06 00:00:00+05:30,72.11979550504303,75.04023107586433,71.67430904567613,74.69373321533203,337673,0.0,0.0
2018-06-07 00:00:00+05:30,74.74323006350019,76.03020260894108,74.29774363395929,75.43621063232422,347561,0.0,0.0
2018-06-08 00:00:00+05:30,75.98069978682233,78.20814701184318,75.04022509075996,78.0101547241211,547696,0.0,0.0
2018-06-11 00:00:00+05:30,78.5051485009562,82.9600432633653,77.71316418869237,82.5145492553711,1976047,0.0,0.0
2018-06-12 00:00:00+05:30,82.316559450221,84.04901857703236,78.70314318943,81.02958679199219,1476735,0.0,0.0
2018-06-13 00:00:00+05:30,80.53459605835086,80.98009006651498,76.77268945596828,77.41616821289062,614433,0.0,0.0
2018-06-14 00:00:00+05:30,77.46567018490273,77.96065849279348,75.04023049740691,75.98070526123047,290125,0.0,0.0
2018-06-15 00:00:00+05:30,75.93119839065798,77.16866907859517,73.1097667327455,73.85224914550781,2182153,0.0,0.0
2018-06-18 00:00:00+05:30,72.46628961856938,73.55527000385437,72.26829730465717,72.8622817993164,205932,0.0,0.0
2018-06-19 00:00:00+05:30,72.41678934205717,73.65426008422178,71.62480504590302,71.87229919433594,528823,0.0,0.0
2018-06-20 00:00:00+05:30,71.8723046004536,71.8723046004536,69.99134742029646,70.48633575439453,394467,0.0,0.0
2018-06-21 00:00:00+05:30,71.03082756282515,71.03082756282515,68.20939550471212,68.70438385009766,207714,0.0,0.0
2018-06-22 00:00:00+05:30,69.24886077026773,71.2783158396488,68.01139000916272,70.73382568359375,367409,0.0,0.0
2018-06-25 00:00:00+05:30,71.17931684720601,71.17931684720601,69.10036756214497,69.1993637084961,230803,0.0,0.0
2018-06-26 00:00:00+05:30,68.70437747156346,70.28833851915725,68.11039302283105,69.79335021972656,544459,0.0,0.0
2018-06-27 00:00:00+05:30,69.8923431920452,70.09034303457054,68.80337049338178,68.9023666381836,127058,0.0,0.0
2018-06-28 00:00:00+05:30,68.90236666909814,68.90236666909814,67.07091155421678,67.46690368652344,130840,0.0,0.0
2018-06-29 00:00:00+05:30,68.30838587362415,69.10037018028429,67.46690726837407,68.50637817382812,212442,0.0,0.0
2018-07-02 00:00:00+05:30,68.50638398018978,69.2488664982681,67.51640728941871,68.70438385009766,132312,0.0,0.0
2018-07-03 00:00:00+05:30,69.29836259116986,69.29836259116986,66.57592691794532,67.07091522216797,859871,0.0,0.0
2018-07-04 00:00:00+05:30,67.12041600161425,67.21941215029304,66.3779335571403,66.77391815185547,206221,0.0,0.0
2018-07-05 00:00:00+05:30,66.77391921846554,67.76389582691083,66.08093861372268,67.07091522216797,474746,0.0,0.0
2018-07-06 00:00:00+05:30,66.92241434926305,67.66489677374359,66.72442205723695,66.97191619873047,159637,0.0,0.0
2018-07-09 00:00:00+05:30,66.82341893862665,68.70437594526125,66.82341893862665,67.91239166259766,3103940,0.0,0.0
2018-07-10 00:00:00+05:30,67.9618969170683,68.8033755389749,67.86290076500674,68.1598892211914,151823,0.0,0.0
2018-07-11 00:00:00+05:30,68.06089359781016,69.19936823766709,67.46690912790466,68.30838775634766,159545,0.0,0.0
2018-07-12 00:00:00+05:30,68.40738321605228,69.29836368834401,66.42742996781388,67.36791229248047,4577750,0.0,0.0
2018-07-13 00:00:00+05:30,68.95186636380062,68.95186636380062,65.73444266282499,66.87291717529297,200829,0.0,0.0
2018-07-16 00:00:00+05:30,66.62542405187344,67.3184046075472,65.53644381735525,67.16990661621094,188427,0.0,0.0
2018-07-17 00:00:00+05:30,66.9224173562543,70.83282949930955,66.42742905102621,69.2983627319336,923090,0.0,0.0
2018-07-18 00:00:00+05:30,70.3378406519212,71.27831540343661,68.35788744627018,69.14986419677734,1177988,0.0,0.0
2018-07-19 00:00:00+05:30,68.30838506617653,69.99134225678307,67.31840847101454,69.0013656616211,389830,0.0,0.0
2018-07-20 00:00:00+05:30,68.30839009920315,69.19937061108162,67.91239792137688,68.2588882446289,274255,0.0,0.0
2018-07-23 00:00:00+05:30,67.81339891251483,69.14986584765148,67.3679124517767,68.1598892211914,208244,0.0,0.0
2018-07-24 00:00:00+05:30,68.15989080266324,68.80337713537716,68.01139279466427,68.60538482666016,172547,0.0,0.0
2018-07-25 00:00:00+05:30,69.29836676730756,69.29836676730756,67.86290361972522,68.2588882446289,201734,0.0,0.0
2018-07-26 00:00:00+05:30,68.35788797316907,70.38733549285098,68.3083861214774,69.2983627319336,289436,0.0,0.0
2018-07-27 00:00:00+05:30,69.79335092632279,72.46628474914077,69.4468606237978,70.73382568359375,959451,0.0,0.0
2018-07-30 00:00:00+05:30,70.73382697994369,75.78271382012159,70.73382697994369,71.82280731201172,8454968,0.0,0.0
2018-07-31 00:00:00+05:30,71.27831299355715,71.27831299355715,68.65487357418213,69.1993637084961,1547036,0.0,0.0
2018-08-01 00:00:00+05:30,69.29836591434645,69.79335424230607,68.0608950944474,68.75387573242188,429567,0.0,0.0
2018-08-02 00:00:00+05:30,68.70437885090409,68.7538731500876,67.46690807748335,68.01139068603516,199987,0.0,0.0
2018-08-03 00:00:00+05:30,68.30838775634766,69.74385085469618,67.8629012921491,68.30838775634766,400709,0.0,0.0
2018-08-06 00:00:00+05:30,67.91239792137688,68.90237458948127,67.91239792137688,68.2588882446289,224234,0.0,0.0
2018-08-07 00:00:00+05:30,68.25888726814009,68.80337744897724,67.66490278635932,67.96189880371094,173316,0.0,0.0
2018-08-08 00:00:00+05:30,67.96189196367634,68.30838224709902,67.16990769906302,67.46690368652344,195467,0.0,0.0
2018-08-09 00:00:00+05:30,69.0013683790837,69.0013683790837,67.91239559210321,68.30838775634766,197175,0.0,0.0
2018-08-10 00:00:00+05:30,68.30838434392756,68.45688234221613,67.41740390711803,68.0608901977539,818841,0.0,0.0
2018-08-13 00:00:00+05:30,67.31840702750476,67.61540302085366,66.67492074386335,67.12041473388672,90746,0.0,0.0
2018-08-14 00:00:00+05:30,66.4274329192203,68.80337843325535,66.4274329192203,68.2588882446289,158117,0.0,0.0
2018-08-16 00:00:00+05:30,68.65488042245518,68.65488042245518,66.4274329192203,68.2588882446289,136809,0.0,0.0
2018-08-17 00:00:00+05:30,68.95187217867024,69.14986447887422,67.86289942170414,68.50637817382812,106045,0.0,0.0
2018-08-20 00:00:00+05:30,68.55588426622926,69.0013707457072,68.15989208840298,68.2588882446289,64040,0.0,0.0
2018-08-21 00:00:00+05:30,68.30839009920315,68.70438227702942,68.0113940776028,68.2588882446289,86446,0.0,0.0
2018-08-23 00:00:00+05:30,67.66490278635932,69.10037346632888,67.5164047776835,67.96189880371094,78491,0.0,0.0
2018-08-24 00:00:00+05:30,68.20938765682698,68.80337209236373,67.61540322129022,67.91239166259766,66723,0.0,0.0
2018-08-27 00:00:00+05:30,67.31841007408842,73.25826978650798,67.31841007408842,68.01139068603516,428040,0.0,0.0
2018-08-28 00:00:00+05:30,68.4568818010441,68.50637609813441,67.46690522417556,67.91239166259766,75732,0.0,0.0
2018-08-29 00:00:00+05:30,67.46690942686004,68.30838805903176,67.46690942686004,67.66490173339844,100975,0.0,0.0
2018-08-30 00:00:00+05:30,67.56590759812487,70.0903511229601,67.56590759812487,68.2588882446289,298810,0.0,0.0
2018-08-31 00:00:00+05:30,68.70438129416753,68.70438129416753,67.71440464022541,67.96189880371094,116486,0.0,0.0
2018-09-03 00:00:00+05:30,68.1598858068148,68.65487409524907,67.763893665483,67.91239166259766,187006,0.0,0.0
2018-09-04 00:00:00+05:30,67.81339767850193,68.20938983246447,66.82342107005665,67.07091522216797,95513,0.0,0.0
2018-09-05 00:00:00+05:30,67.51639689404782,67.76389102863439,66.57592220378748,67.16990661621094,97207,0.0,0.0
2018-09-06 00:00:00+05:30,67.3679077916313,67.91239036676663,66.52642167501186,66.82341766357422,61818,0.0,0.0
2018-09-07 00:00:00+05:30,67.4173997313975,67.81339185133264,66.52641934977379,66.87291717529297,56491,0.0,0.0
2018-09-10 00:00:00+05:30,67.12041365213658,67.31840594256366,66.42742552979831,66.82341766357422,67731,0.0,0.0
2018-09-11 00:00:00+05:30,66.52642808488292,67.07091826540204,64.74447464058144,65.73445129394531,96142,0.0,0.0
2018-09-12 00:00:00+05:30,66.42742603724746,66.42742603724746,64.84346504296548,65.53644561767578,1487319,0.0,0.0
2018-09-14 00:00:00+05:30,66.32843780517578,66.82342614700545,65.83344946334611,66.32843780517578,54567,0.0,0.0
2018-09-17 00:00:00+05:30,66.32842938458478,68.2588806514749,65.53644511703298,66.82341766357422,76292,0.0,0.0
2018-09-18 00:00:00+05:30,71.27831534668533,72.76328024974129,63.1605064546873,65.48695373535156,1180057,0.0,0.0
2018-09-19 00:00:00+05:30,66.3284333367701,68.06089241646185,65.23946056869114,65.78394317626953,159883,0.0,0.0
2018-09-21 00:00:00+05:30,68.2093889928276,68.3083851418691,52.66675567626953,52.66675567626953,4190143,0.0,0.0
2018-09-24 00:00:00+05:30,42.17300222600853,49.003842369984774,42.17300222600853,43.80646514892578,12052424,0.0,0.0
2018-09-25 00:00:00+05:30,44.74694304852579,45.39042557226426,41.23252687592023,43.26197814941406,6113931,0.0,0.0
2018-09-26 00:00:00+05:30,43.65796357758507,44.35094790570531,42.568990902296676,43.1629753112793,1260191,0.0,0.0
2018-09-27 00:00:00+05:30,43.657965713226574,44.74694221824583,42.370996913168334,43.75696563720703,906887,0.0,0.0
2018-09-28 00:00:00+05:30,44.598447919093545,44.697447851284146,39.40107043761684,40.73754119873047,805688,0.0,0.0
2018-10-01 00:00:00+05:30,40.68803779223137,41.38102218528444,39.10407670221958,40.292049407958984,793886,0.0,0.0
2018-10-03 00:00:00+05:30,40.5395444045853,40.935532797065534,39.25257552021745,39.797061920166016,1202322,0.0,0.0
2018-10-04 00:00:00+05:30,39.5000686366095,39.59906478799504,35.837154388427734,35.837154388427734,3025106,0.0,0.0
2018-10-05 00:00:00+05:30,35.63915752300525,35.63915752300525,32.27323557969257,33.06521987915039,2511680,0.0,0.0
2018-10-08 00:00:00+05:30,32.96621794376511,32.96621794376511,31.43175506591797,31.43175506591797,1247798,0.0,0.0
2018-10-09 00:00:00+05:30,30.689273589449407,31.035765765686055,29.897293090820312,29.897293090820312,471981,0.0,0.0
2018-10-10 00:00:00+05:30,28.610323422712607,31.382259041498823,28.412329235233212,28.56082534790039,5581274,0.0,0.0
2018-10-11 00:00:00+05:30,27.22435616736473,27.719344461316815,27.17485809326172,27.17485809326172,2036168,0.0,0.0
2018-10-12 00:00:00+05:30,27.62034535663211,28.511323873640162,27.224355114431912,28.313329696655273,2261976,0.0,0.0
2018-10-15 00:00:00+05:30,28.610323239457546,29.69929787242593,28.610323239457546,29.600299835205078,1456183,0.0,0.0
2018-10-16 00:00:00+05:30,30.590276378941354,31.0357666015625,30.243784193372743,31.0357666015625,493446,0.0,0.0
2018-10-17 00:00:00+05:30,32.570230837878505,32.570230837878505,30.14478747310697,30.689273834228516,2390789,0.0,0.0
2018-10-19 00:00:00+05:30,30.392281616931392,31.580252374350344,29.69929725893082,30.689273834228516,741228,0.0,0.0
2018-10-22 00:00:00+05:30,31.679251613502736,31.679251613502736,29.60030034872051,29.748796463012695,430521,0.0,0.0
2018-10-23 00:00:00+05:30,29.699296879590356,29.94679102025361,29.05581249151199,29.501300811767578,313218,0.0,0.0
2018-10-24 00:00:00+05:30,29.996289570225226,30.045789532083507,29.105311027311398,29.45180320739746,333807,0.0,0.0
2018-10-25 00:00:00+05:30,29.20431038738835,29.402306467340832,29.006314307435865,29.10531234741211,369823,0.0,0.0
2018-10-26 00:00:00+05:30,29.204309397214022,29.501301618842643,28.907317175585398,29.00631332397461,306513,0.0,0.0
2018-10-29 00:00:00+05:30,29.20430797354961,30.441778650394934,28.412327495660765,30.39228057861328,972561,0.0,0.0
2018-10-30 00:00:00+05:30,30.689274461489873,31.877247131420393,30.540778349806185,31.233760833740234,897420,0.0,0.0
2018-10-31 00:00:00+05:30,31.580252162496112,32.471230696640866,31.184261912679606,31.53075408935547,606937,0.0,0.0
2018-11-01 00:00:00+05:30,31.77824634328914,31.82774819289069,31.23375998582025,31.53075408935547,407406,0.0,0.0
2018-11-02 00:00:00+05:30,31.877247675104755,32.075243752880276,31.03576717690459,31.382259368896484,862747,0.0,0.0
2018-11-05 00:00:00+05:30,31.382258429941455,31.87724672133971,31.03576624831658,31.48125457763672,431460,0.0,0.0
2018-11-06 00:00:00+05:30,31.77824634328914,32.02574048545326,31.184261912679606,31.53075408935547,580828,0.0,0.0
2018-11-07 00:00:00+05:30,31.82774968517446,31.877247760635885,31.43175752856091,31.778247833251953,113147,0.0,0.0
2018-11-09 00:00:00+05:30,31.778248363086963,32.57023268951872,31.481256128905628,31.926746368408203,613992,0.0,0.0
2018-11-12 00:00:00+05:30,32.273233612216494,32.570229594637894,31.233759003123964,31.43175506591797,540903,0.0,0.0
2018-11-13 00:00:00+05:30,31.431755384177194,31.481253456261687,30.19428469976077,30.986265182495117,440607,0.0,0.0
2018-11-14 00:00:00+05:30,31.03576495292677,32.075241454415085,29.501300180700326,30.39228057861328,1839281,0.0,0.0
2018-11-15 00:00:00+05:30,30.29328391305017,30.3922819493087,29.996289804274586,30.243783950805664,301833,0.0,0.0
2018-11-16 00:00:00+05:30,30.689274819312452,31.085265084496186,30.144788440713636,30.788272857666016,405059,0.0,0.0
2018-11-19 00:00:00+05:30,31.332757351777797,31.431755384177194,30.887269038326135,30.986265182495117,574073,0.0,0.0
2018-11-20 00:00:00+05:30,31.67925082571138,31.67925082571138,30.243784017379138,30.44178009033203,320853,0.0,0.0
2018-11-21 00:00:00+05:30,30.887270310360794,30.887270310360794,30.243784017379138,30.44178009033203,337182,0.0,0.0
2018-11-22 00:00:00+05:30,30.39228289630823,30.590277086764146,30.0457907027222,30.14478874206543,218951,0.0,0.0
2018-11-26 00:00:00+05:30,30.194287172953285,30.342783289600384,29.600300818134322,29.699298858642578,235071,0.0,0.0
2018-11-27 00:00:00+05:30,29.847793180723013,30.491277572992008,29.74879514616691,30.095287322998047,1039511,0.0,0.0
2018-11-28 00:00:00+05:30,30.194287172953285,30.29328521346154,29.501302777626066,29.699298858642578,205312,0.0,0.0
2018-11-29 00:00:00+05:30,29.897292688549175,30.09528686642719,28.461825929839037,28.709320068359375,453037,0.0,0.0
2018-11-30 00:00:00+05:30,29.154810272988158,29.154810272988158,28.610322035305153,28.709320068359375,206050,0.0,0.0
2018-12-03 00:00:00+05:30,29.105310839167103,29.105310839167103,28.709320588013018,28.857816696166992,197862,0.0,0.0
2018-12-04 00:00:00+05:30,29.10530983866499,29.204307870108046,28.659821529516833,28.758817672729492,198304,0.0,0.0
2018-12-05 00:00:00+05:30,28.709321915025765,28.808319954447825,28.41232968499013,28.51132583618164,163223,0.0,0.0
2018-12-06 00:00:00+05:30,28.511326211017668,28.511326211017668,27.81834370241376,28.065837860107422,227496,0.0,0.0
2018-12-07 00:00:00+05:30,28.263830585883962,28.313330547791033,27.86784033177978,28.01633644104004,149431,0.0,0.0
2018-12-10 00:00:00+05:30,27.966838317859715,28.11533442685712,27.372851993639607,27.818342208862305,176982,0.0,0.0
2018-12-11 00:00:00+05:30,27.521348283782935,28.61032290398236,27.422352135953382,28.412328720092773,256914,0.0,0.0
2018-12-12 00:00:00+05:30,29.2538072040639,29.798295456381066,29.154811056579394,29.649799346923828,431414,0.0,0.0
2018-12-13 00:00:00+05:30,30.293282334654187,30.590274539724856,29.699296036282462,29.798294067382812,351893,0.0,0.0
2018-12-14 00:00:00+05:30,29.798295107560186,30.491277572992008,29.74879514616691,30.095287322998047,327538,0.0,0.0
2018-12-17 00:00:00+05:30,30.24378452872898,30.887270832590445,30.24378452872898,30.59027671813965,480519,0.0,0.0
2018-12-18 00:00:00+05:30,30.392281733504497,31.134764167825647,30.24378373605589,31.085264205932617,443577,0.0,0.0
2018-12-19 00:00:00+05:30,31.184263218011722,33.114718362990374,30.788272951619586,32.817726135253906,1120405,0.0,0.0
2018-12-20 00:00:00+05:30,33.16421532509619,35.24316462593575,32.619728963110674,33.95619583129883,1672016,0.0,0.0
2018-12-21 00:00:00+05:30,35.2431655376233,35.540161539535454,34.35218886126995,35.292667388916016,1445209,0.0,0.0
2018-12-24 00:00:00+05:30,35.68865659830426,36.03515068314789,34.649181896695616,34.79767990112305,566454,0.0,0.0
2018-12-26 00:00:00+05:30,34.64918207741039,34.797680082612324,31.67925218506093,33.758201599121094,555727,0.0,0.0
2018-12-27 00:00:00+05:30,34.94617160377976,37.124120778050916,34.25318726063064,35.88665008544922,6931060,0.0,0.0
2018-12-28 00:00:00+05:30,36.5796363083138,37.52011483831158,35.58965970336058,35.688655853271484,5645781,0.0,0.0
2018-12-31 00:00:00+05:30,36.28264617919922,36.57963842255865,35.73815599383544,36.28264617919922,1409898,0.0,0.0
2019-01-01 00:00:00+05:30,37.124121581372464,37.124121581372464,36.62913329362083,36.82712936401367,938962,0.0,0.0
2019-01-02 00:00:00+05:30,36.827130800318955,37.56961326090417,36.629134722204014,36.87662887573242,1818337,0.0,0.0
2019-01-03 00:00:00+05:30,37.02512970041214,37.02512970041214,36.03515301084456,36.57963943481445,1355968,0.0,0.0
2019-01-04 00:00:00+05:30,36.579639187081426,36.579639187081426,35.19367032048864,35.391666412353516,1380396,0.0,0.0
2019-01-07 00:00:00+05:30,35.93615126115354,36.13414734436007,34.74817853837549,34.94617462158203,661375,0.0,0.0
2019-01-08 00:00:00+05:30,35.4411644912044,35.54016442536751,34.69868197905712,35.391666412353516,393817,0.0,0.0
2019-01-09 00:00:00+05:30,35.83715640499897,36.92612923736134,35.29266998881779,36.4311408996582,2758280,0.0,0.0
2019-01-10 00:00:00+05:30,36.629131946051515,37.02512407226882,35.342163200536454,35.73815155029297,2824741,0.0,0.0
2019-01-11 00:00:00+05:30,36.03515005719526,36.18364428258213,35.490659901393556,36.08464813232422,476162,0.0,0.0
2019-01-14 00:00:00+05:30,36.08464655111432,36.08464655111432,35.39166220029195,35.639156341552734,1164404,0.0,0.0
2019-01-15 00:00:00+05:30,35.639156341552734,36.08464655111432,35.58965826859276,35.639156341552734,277213,0.0,0.0
2019-01-16 00:00:00+05:30,35.88665183981825,36.5301381420132,35.09467131312826,35.292667388916016,1204041,0.0,0.0
2019-01-17 00:00:00+05:30,35.24316738903409,35.490661552655006,34.8966770705493,35.09467315673828,217570,0.0,0.0
2019-01-18 00:00:00+05:30,35.54016035042744,35.54016035042744,34.451183858260435,34.59968185424805,215034,0.0,0.0
2019-01-21 00:00:00+05:30,34.59968291161933,34.59968291161933,31.18426288767681,31.62975311279297,879783,0.0,0.0
2019-01-22 00:00:00+05:30,32.12474245001614,32.12474245001614,31.43175805261893,31.926746368408203,378822,0.0,0.0
2019-01-23 00:00:00+05:30,32.17423970462712,32.57023185773003,31.82774940300786,32.42173385620117,309587,0.0,0.0
2019-01-24 00:00:00+05:30,32.66922842172476,32.66922842172476,31.92674595759465,32.17424011230469,128111,0.0,0.0
2019-01-25 00:00:00+05:30,32.57023041224671,32.57023041224671,31.976242208953845,32.37223434448242,227198,0.0,0.0
2019-01-28 00:00:00+05:30,32.075244051008255,32.22373827837429,30.441781114754082,30.738773345947266,403328,0.0,0.0
2019-01-29 00:00:00+05:30,30.689274350887615,31.035766535721155,30.342782166054075,30.837770462036133,297652,0.0,0.0
2019-01-30 00:00:00+05:30,31.0357666015625,31.431756861542127,30.689274415993886,31.0357666015625,243658,0.0,0.0
2019-01-31 00:00:00+05:30,31.18426312284975,31.332759236264835,30.639776744250934,30.788272857666016,188252,0.0,0.0
2019-02-01 00:00:00+05:30,31.134764983850847,31.629753286371653,29.897294227548834,30.59027671813965,255198,0.0,0.0
2019-02-04 00:00:00+05:30,30.491277043447177,30.491277043447177,29.303306314096886,29.94679069519043,296832,0.0,0.0
2019-02-05 00:00:00+05:30,29.748796248951038,29.847794287176985,28.70932156815488,28.956815719604492,243840,0.0,0.0
2019-02-06 00:00:00+05:30,28.709321102345985,29.204309397214022,28.214332807477952,29.00631332397461,215270,0.0,0.0
2019-02-07 00:00:00+05:30,29.006312015536068,29.99628856061553,28.95681394357426,29.35280418395996,255330,0.0,0.0
2019-02-08 00:00:00+05:30,29.69929764345441,29.69929764345441,28.61032301888165,28.808319091796875,157509,0.0,0.0
2019-02-11 00:00:00+05:30,28.808317971463126,28.808317971463126,27.96683752664369,28.313329696655273,163137,0.0,0.0
2019-02-12 00:00:00+05:30,28.313329170886405,28.610321374963906,27.966837007309067,28.164833068847656,616074,0.0,0.0
2019-02-14 00:00:00+05:30,28.21433360614601,28.659823839430008,27.76884337286201,28.51132583618164,137395,0.0,0.0
2019-02-15 00:00:00+05:30,28.709319938855472,28.709319938855472,28.115333631439963,28.313329696655273,145233,0.0,0.0
2019-02-18 00:00:00+05:30,27.818341863475393,28.511324326269524,27.818341863475393,28.263830184936523,790728,0.0,0.0
2019-02-19 00:00:00+05:30,28.51132583618164,28.659823839430008,27.966839451706132,28.51132583618164,388158,0.0,0.0
2019-02-20 00:00:00+05:30,28.75881884722533,31.67925050879727,28.75881884722533,29.45180320739746,1236519,0.0,0.0
2019-02-21 00:00:00+05:30,32.57023108458946,32.57023108458946,30.986266286238468,31.48125457763672,1343761,0.0,0.0
2019-02-22 00:00:00+05:30,31.382257981703088,31.97624241231262,30.540777520698974,31.53075408935547,552126,0.0,0.0
2019-02-25 00:00:00+05:30,31.82775005875465,32.025742362924284,31.08526570050456,31.332759857177734,305042,0.0,0.0
2019-02-26 00:00:00+05:30,31.085264562624616,31.13476452508564,29.847793824556515,30.6397762298584,329648,0.0,0.0
2019-02-27 00:00:00+05:30,31.23375945737752,31.97624187130786,29.798294590050446,29.94679069519043,805850,0.0,0.0
2019-02-28 00:00:00+05:30,29.897292622887242,30.243782905470397,29.897292622887242,29.94679069519043,182741,0.0,0.0
2019-03-01 00:00:00+05:30,30.194286959349576,31.035767465371006,30.1447888835609,30.738773345947266,509242,0.0,0.0
2019-03-05 00:00:00+05:30,31.77824740107005,32.471231777488676,31.18426295068896,31.827749252319336,1304101,0.0,0.0
2019-03-06 00:00:00+05:30,31.92674540189584,32.17423955229813,31.481255175879504,31.827749252319336,495206,0.0,0.0
2019-03-07 00:00:00+05:30,32.07524233505482,32.12474040819546,31.085263878167865,31.53075408935547,442969,0.0,0.0
2019-03-08 00:00:00+05:30,31.481253544925078,33.6097046387002,31.18426133512086,32.619728088378906,1983489,0.0,0.0
2019-03-11 00:00:00+05:30,32.61972986717605,34.94617337671081,32.61972986717605,33.857200622558594,2246614,0.0,0.0
2019-03-12 00:00:00+05:30,34.253190031004365,34.55018604241828,33.659205561098844,34.15419387817383,1375795,0.0,0.0
2019-03-13 00:00:00+05:30,34.25318699290544,35.045171251149014,33.36221036707267,33.659202575683594,504085,0.0,0.0
2019-03-14 00:00:00+05:30,33.80770151042683,33.90669765723585,33.21371330018994,33.56020736694336,377662,0.0,0.0
2019-03-15 00:00:00+05:30,33.857199583831346,34.253187947528346,33.51070551707792,33.56020736694336,524784,0.0,0.0
2019-03-18 00:00:00+05:30,33.659202030658676,33.906696163237044,33.11471569427841,33.510704040527344,784644,0.0,0.0
2019-03-19 00:00:00+05:30,33.510704837631096,34.84717545122078,33.21371262676478,34.4511833190918,1546220,0.0,0.0
2019-03-20 00:00:00+05:30,34.84717681082002,34.84717681082002,33.956196366997695,34.10469436645508,616072,0.0,0.0
2019-03-22 00:00:00+05:30,34.154194108442546,34.550186275356786,32.966221384161,33.11471939086914,647238,0.0,0.0
2019-03-25 00:00:00+05:30,33.26321233015202,33.26321233015202,31.926745427492566,32.02574157714844,608192,0.0,0.0
2019-03-26 00:00:00+05:30,32.025738856108,32.520727115253166,31.87724464424088,32.32273483276367,700420,0.0,0.0
2019-03-27 00:00:00+05:30,32.61973076580542,32.61973076580542,31.5307560934229,31.926746368408203,1067973,0.0,0.0
2019-03-28 00:00:00+05:30,32.17423850403621,35.78765449276618,32.17423850403621,34.59968185424805,3006015,0.0,0.0
2019-04-01 00:00:00+05:30,35.68865441451271,36.53013676067591,35.4906583462119,35.639156341552734,1869715,0.0,0.0
2019-04-02 00:00:00+05:30,35.93614909782878,36.13414516911613,34.995670591559595,35.787654876708984,1395873,0.0,0.0
2019-04-03 00:00:00+05:30,35.936151802464906,35.936151802464906,34.99567322541317,35.09467315673828,885746,0.0,0.0
2019-04-04 00:00:00+05:30,35.045174057528016,35.34216628992176,34.500683892268185,34.79767990112305,658135,0.0,0.0
2019-04-05 00:00:00+05:30,34.599680413643945,34.89667261679258,34.15419022069061,34.5501823425293,578833,0.0,0.0
2019-04-08 00:00:00+05:30,34.59968131275538,35.094669589686184,34.253187253027306,34.4511833190918,593507,0.0,0.0
2019-04-09 00:00:00+05:30,34.55018509014214,34.599683165193134,33.95619686014704,34.25318908691406,473141,0.0,0.0
2019-04-10 00:00:00+05:30,34.25318858945147,34.74817688569476,34.05519629212295,34.10469436645508,397792,0.0,0.0
2019-04-11 00:00:00+05:30,34.25318858945147,34.3026904402446,33.90669829266556,34.10469436645508,381535,0.0,0.0
2019-04-12 00:00:00+05:30,34.45118581627942,34.94617412908936,33.312714962693235,34.79767990112305,1018189,0.0,0.0
2019-04-15 00:00:00+05:30,34.946173593811444,34.946173593811444,34.50068336381394,34.6491813659668,605846,0.0,0.0
2019-04-16 00:00:00+05:30,34.64918273004605,34.89667689240352,34.154194405331104,34.30269241333008,315072,0.0,0.0
2019-04-18 00:00:00+05:30,34.25318991451267,34.74817822990425,33.56020929413338,33.758201599121094,557424,0.0,0.0
2019-04-22 00:00:00+05:30,34.35219221658314,34.35219221658314,33.11472134261733,33.31271743774414,317231,0.0,0.0
2019-04-23 00:00:00+05:30,33.065220373586314,33.6097067552597,33.065220373586314,33.213714599609375,234549,0.0,0.0
2019-04-24 00:00:00+05:30,33.36221551741049,33.60970969220365,33.16421942228368,33.31271743774414,237439,0.0,0.0
2019-04-25 00:00:00+05:30,33.16421693599614,33.8077032528014,32.61973054756305,32.96622085571289,300298,0.0,0.0
2019-04-26 00:00:00+05:30,33.114718860040604,33.2632130879072,32.768224775429644,32.96622085571289,401728,0.0,0.0
2019-04-30 00:00:00+05:30,32.520730142901556,32.91672229766846,30.986267151986667,31.184263229370117,437080,0.0,0.0
2019-05-02 00:00:00+05:30,31.035766945700583,31.778247511251266,30.49127867998938,30.59027671813965,420532,0.0,0.0
2019-05-03 00:00:00+05:30,31.134763800072307,31.134763800072307,29.550800914583665,29.897293090820312,589400,0.0,0.0
2019-05-06 00:00:00+05:30,29.35280604778058,29.9467923901908,29.006313857355405,29.15481185913086,524610,0.0,0.0
2019-05-07 00:00:00+05:30,29.40230684843752,29.69929908398514,28.56082633007849,28.65982437133789,695241,0.0,0.0
2019-05-08 00:00:00+05:30,28.709320212776845,28.85781631898995,27.620345620163363,27.669845581054688,924596,0.0,0.0
2019-05-09 00:00:00+05:30,27.71934287450102,28.758817477002655,27.323352639654225,28.164833068847656,711696,0.0,0.0
2019-05-10 00:00:00+05:30,28.214332182511036,28.70932046641474,28.214332182511036,28.46182632446289,317959,0.0,0.0
2019-05-13 00:00:00+05:30,28.313331857930105,28.659824054390885,27.273855268547777,27.471851348876953,456095,0.0,0.0
2019-05-14 00:00:00+05:30,27.669845434107806,28.214331783407715,27.125357196577472,27.273853302001953,602447,0.0,0.0
2019-05-15 00:00:00+05:30,27.62034547347936,28.610322027283143,26.92736301875497,27.273853302001953,607888,0.0,0.0
2019-05-16 00:00:00+05:30,26.283878176510267,26.283878176510267,24.798913265108997,25.68989372253418,1899575,0.0,0.0
2019-05-17 00:00:00+05:30,25.640393759215822,25.98688594952222,25.24440349382159,25.68989372253418,1126876,0.0,0.0
2019-05-20 00:00:00+05:30,26.53137070547923,27.22435504370199,26.23437849665828,26.679868698120117,1145925,0.0,0.0
2019-05-21 00:00:00+05:30,26.828367137203752,27.471851571133744,26.333378820606747,26.432376861572266,886506,0.0,0.0
2019-05-22 00:00:00+05:30,26.580870456514763,26.927362622898425,25.838388052077093,26.08588218688965,1209788,0.0,0.0
2019-05-23 00:00:00+05:30,26.729369149560046,27.02636138481848,24.65041783805926,24.798913955688477,2621879,0.0,0.0
2019-05-24 00:00:00+05:30,25.145404815673828,25.640393106880914,24.947410632129284,25.145404815673828,1441151,0.0,0.0
2019-05-27 00:00:00+05:30,25.541395720809632,26.481874253322648,25.145405455415396,25.68989372253418,1607181,0.0,0.0
2019-05-28 00:00:00+05:30,26.036383074139735,26.085883035651076,25.68989278471265,25.788888931274414,776989,0.0,0.0
2019-05-29 00:00:00+05:30,26.135380856400168,26.135380856400168,24.798912120194895,24.99690818786621,1397330,0.0,0.0
2019-05-30 00:00:00+05:30,25.244402400336355,25.442398468572346,24.996908259156587,25.194904327392578,577127,0.0,0.0
2019-05-31 00:00:00+05:30,25.343400768271096,25.689892948132766,24.600918334952002,24.749414443969727,1120379,0.0,0.0
2019-06-03 00:00:00+05:30,24.89791148155081,24.89791148155081,24.600919252439088,24.65041732788086,787923,0.0,0.0
2019-06-04 00:00:00+05:30,24.699916370373977,25.24440273284912,24.650416408547756,24.749414443969727,1342711,0.0,0.0
2019-06-06 00:00:00+05:30,24.947410922639502,24.99690899704442,24.452422625668326,24.501920700073242,889482,0.0,0.0
2019-06-07 00:00:00+05:30,24.501920634094382,24.74941478191352,24.254426486275246,24.303924560546875,674817,0.0,0.0
2019-06-10 00:00:00+05:30,24.402922023217105,24.551418130768962,23.759437631672075,23.957433700561523,483461,0.0,0.0
2019-06-11 00:00:00+05:30,24.006932633801906,24.006932633801906,23.56144240695461,23.66044044494629,561021,0.0,0.0
2019-06-12 00:00:00+05:30,23.660441276272966,23.660441276272966,23.016956839063543,23.16545295715332,660083,0.0,0.0
2019-06-13 00:00:00+05:30,23.11595332472818,23.11595332472818,22.323970934502295,22.71996307373047,756307,0.0,0.0
2019-06-14 00:00:00+05:30,22.769461076338214,22.917957183972586,22.32397086520463,22.5219669342041,550381,0.0,0.0
2019-06-17 00:00:00+05:30,22.422969818115234,22.571465931831785,22.12597759068213,22.422969818115234,348361,0.0,0.0
2019-06-18 00:00:00+05:30,22.422969818115234,22.86846004749542,22.224975629236678,22.422969818115234,655402,0.0,0.0
2019-06-19 00:00:00+05:30,22.175475974005167,22.472470093795973,21.58148962265411,21.77948570251465,704415,0.0,0.0
2019-06-20 00:00:00+05:30,21.779485121579164,21.927981233398373,20.789508525143745,21.432992935180664,881509,0.0,0.0
2019-06-21 00:00:00+05:30,21.284496307373047,21.878482628480715,21.18549827248336,21.284496307373047,873842,0.0,0.0
2019-06-24 00:00:00+05:30,21.185498077812163,21.581488325501745,20.195521514472993,20.690509796142578,813385,0.0,0.0
2019-06-25 00:00:00+05:30,20.542014496784855,20.78950864734853,20.09652427047804,20.19552230834961,822891,0.0,0.0
2019-06-26 00:00:00+05:30,20.0470260195116,20.59151239067527,19.45303968573182,19.60153579711914,1768518,0.0,0.0
2019-06-27 00:00:00+05:30,19.89853141472822,20.294521704486712,19.700535325733657,19.849031448364258,1400533,0.0,0.0
2019-06-28 00:00:00+05:30,20.393518447875977,21.58148924135882,20.195522371513572,20.393518447875977,3123791,0.0,0.0
2019-07-01 00:00:00+05:30,20.54201316833496,21.33399364362921,20.44301513686558,20.54201316833496,1133714,0.0,0.0
2019-07-02 00:00:00+05:30,20.740009704166205,20.789507776914302,19.997527283562125,20.492515563964844,748944,0.0,0.0
2019-07-03 00:00:00+05:30,20.54201316833496,20.69050927142383,20.393517065246087,20.54201316833496,558511,0.0,0.0
2019-07-04 00:00:00+05:30,20.789507302893213,21.185497540540336,20.44301513686558,20.54201316833496,1487392,0.0,0.0
2019-07-05 00:00:00+05:30,20.789508756839634,21.03700290870677,20.542014604972493,20.59151268005371,1430279,0.0,0.0
2019-07-08 00:00:00+05:30,20.492516309720305,20.690510496148452,19.60153586198685,19.799531936645508,1023141,0.0,0.0
2019-07-09 00:00:00+05:30,19.65103530883789,19.849029490067792,19.403541166127667,19.65103530883789,602608,0.0,0.0
2019-07-10 00:00:00+05:30,19.75003334356807,19.948027524797975,19.552037274107708,19.65103530883789,412107,0.0,0.0
2019-07-11 00:00:00+05:30,19.79953141681793,19.79953141681793,19.403541166127667,19.65103530883789,514003,0.0,0.0
2019-07-12 00:00:00+05:30,19.70053338208775,19.79953141681793,19.502539200857846,19.65103530883789,422854,0.0,0.0
2019-07-15 00:00:00+05:30,19.60153579711914,19.75003379673696,19.304543574344503,19.60153579711914,479581,0.0,0.0
2019-07-16 00:00:00+05:30,19.552037203685135,19.601535276756714,19.403541096239945,19.453039169311523,435883,0.0,0.0
2019-07-17 00:00:00+05:30,19.403542016873295,19.552038131364128,19.25504590238246,19.354042053222656,493390,0.0,0.0
2019-07-18 00:00:00+05:30,19.40354296623879,19.4530410440807,19.205546878409876,19.255046844482422,363083,0.0,0.0
2019-07-19 00:00:00+05:30,19.304543827648963,19.35404190268406,18.661059411040103,18.76005744934082,432374,0.0,0.0
2019-07-22 00:00:00+05:30,18.760055848799656,18.80955391961175,18.26506758775724,18.314565658569336,505488,0.0,0.0
2019-07-23 00:00:00+05:30,18.31456849501586,18.46306461868067,18.116572404642344,18.2155704498291,332094,0.0,0.0
2019-07-24 00:00:00+05:30,18.265068251048596,18.3145663236582,17.027597553504123,17.423587799072266,726687,0.0,0.0
2019-07-25 00:00:00+05:30,17.473086564707796,19.997528020762385,17.027598228860874,18.16607093811035,1043748,0.0,0.0
2019-07-26 00:00:00+05:30,18.067072383458385,18.215568491155786,17.57208409898007,18.017574310302734,332455,0.0,0.0
2019-07-29 00:00:00+05:30,18.01757423907717,18.166070346187553,17.671082063665985,17.819578170776367,308922,0.0,0.0
2019-07-30 00:00:00+05:30,17.72058101236486,17.968075165856632,17.423588783466947,17.522586822509766,323750,0.0,0.0
2019-07-31 00:00:00+05:30,17.522585832521912,17.621581977741123,17.126593698723333,17.423587799072266,332287,0.0,0.0
2019-08-01 00:00:00+05:30,17.423588249473134,17.57208435937102,17.22559217745563,17.374088287353516,365442,0.0,0.0
2019-08-02 00:00:00+05:30,17.374087838232228,17.47308587168187,16.97809759266408,17.423587799072266,296536,0.0,0.0
2019-08-05 00:00:00+05:30,17.22559152873317,17.473085665319076,16.582107151255887,16.829601287841797,418089,0.0,0.0
2019-08-06 00:00:00+05:30,16.730603382615094,17.42358772561039,16.730603382615094,17.2255916595459,445042,0.0,0.0
2019-08-07 00:00:00+05:30,18.562061190605164,20.443016346940386,18.067072892189024,19.799531936645508,4979669,0.0,0.0
2019-08-08 00:00:00+05:30,20.3935192830292,20.69051152150467,19.502540679372174,19.898530960083008,1681225,0.0,0.0
2019-08-09 00:00:00+05:30,19.948026657104492,20.443014920994084,19.79953055558369,19.948026657104492,721202,0.0,0.0
2019-08-13 00:00:00+05:30,20.047025852520235,20.146023888697297,18.859053194856468,19.007551193237305,588882,0.0,0.0
2019-08-14 00:00:00+05:30,19.00755254031251,19.057050617793752,15.54263330205288,18.661060333251953,522149,0.0,0.0
2019-08-16 00:00:00+05:30,18.562060840568577,18.71055694964703,18.06707255148675,18.61155891418457,454967,0.0,0.0
2019-08-19 00:00:00+05:30,18.661060011536907,20.195523045768848,18.661060011536907,19.30454444885254,554227,0.0,0.0
2019-08-20 00:00:00+05:30,19.156047303387655,19.304543413538003,18.809555120883182,19.007551193237305,288032,0.0,0.0
2019-08-21 00:00:00+05:30,18.859053470168956,18.958051507791232,18.11657102034765,18.364065170288086,497103,0.0,0.0
2019-08-22 00:00:00+05:30,18.11657138521551,18.46306357975658,17.374088920440602,17.918577194213867,701649,0.0,0.0
2019-08-23 00:00:00+05:30,18.01757565291784,18.01757565291784,16.978099045116466,17.671083450317383,662213,0.0,0.0
2019-08-26 00:00:00+05:30,19.05704938037932,19.700533787005767,18.56206108478505,19.403541564941406,1097189,0.0,0.0
2019-08-27 00:00:00+05:30,19.79953337023094,20.14602558185611,19.75003529209762,19.849031448364258,879070,0.0,0.0
2019-08-28 00:00:00+05:30,19.997528363067175,19.997528363067175,19.057049824240988,19.354042053222656,477351,0.0,0.0
2019-08-29 00:00:00+05:30,19.304543827648963,19.304543827648963,18.611559447774482,18.76005744934082,482023,0.0,0.0
2019-08-30 00:00:00+05:30,18.859053805308736,19.898530386469165,18.71055769035169,19.552038192749023,1054497,0.0,0.0
2019-09-03 00:00:00+05:30,19.552038945528654,19.552038945528654,17.9185778416496,18.661060333251953,961331,0.0,0.0
2019-09-04 00:00:00+05:30,18.7105574860752,19.156047714313154,18.314567221102863,18.76005744934082,681921,0.0,0.0
2019-09-05 00:00:00+05:30,18.76005744934082,18.958051637711723,18.512563297704293,18.76005744934082,301173,0.0,0.0
2019-09-06 00:00:00+05:30,18.80955696105957,18.908555006921805,18.611560869335094,18.80955696105957,220367,0.0,0.0
2019-09-09 00:00:00+05:30,18.809554138791665,19.007550200807945,18.61155807677539,18.908552169799805,181473,0.0,0.0
2019-09-11 00:00:00+05:30,18.80955612965119,19.799532768053886,18.80955612965119,19.30454444885254,410763,0.0,0.0
2019-09-12 00:00:00+05:30,19.50253960170636,20.096524045835082,19.10654745464655,19.403541564941406,328780,0.0,0.0
2019-09-13 00:00:00+05:30,19.700533787005767,19.700533787005767,19.05704938037932,19.403541564941406,323061,0.0,0.0
2019-09-16 00:00:00+05:30,19.255045499958896,19.99752794512599,19.255045499958896,19.60153579711914,270163,0.0,0.0
2019-09-17 00:00:00+05:30,19.997528425850714,19.997528425850714,19.403542077791975,19.552038192749023,279891,0.0,0.0
2019-09-18 00:00:00+05:30,19.453038720869344,19.7500328171437,19.35404068877789,19.502538681030273,189486,0.0,0.0
2019-09-19 00:00:00+05:30,19.60153609961433,19.60153609961433,18.809555567839613,18.958051681518555,252043,0.0,0.0
2019-09-20 00:00:00+05:30,18.95805044864249,19.898528921165678,18.215568040302205,19.502538681030273,692097,0.0,0.0
2019-09-23 00:00:00+05:30,19.997527606993337,20.54201396895044,19.65103542746133,20.047025680541992,638032,0.0,0.0
2019-09-24 00:00:00+05:30,20.047026563103216,20.096524638831003,19.50254017717535,19.75003433227539,358105,0.0,0.0
2019-09-25 00:00:00+05:30,19.60153620678423,19.700534245854964,19.25504590238246,19.354042053222656,365683,0.0,0.0
2019-09-26 00:00:00+05:30,19.255045453909226,19.552037675973587,19.10654745464655,19.403541564941406,327467,0.0,0.0
2019-09-27 00:00:00+05:30,19.304543413538003,19.502539485892125,18.908553157060243,19.007551193237305,270344,0.0,0.0
2019-09-30 00:00:00+05:30,18.958050345783285,18.958050345783285,17.12659337083463,17.869075775146484,626090,0.0,0.0
2019-10-01 00:00:00+05:30,17.918577133246018,18.364065477656858,17.324590785801014,17.7205810546875,424301,0.0,0.0
2019-10-03 00:00:00+05:30,17.522587782363537,17.869078105647663,17.324591693432055,17.621583938598633,479640,0.0,0.0
2019-10-04 00:00:00+05:30,17.86907664781664,18.166070756983892,17.522586352800584,17.572084426879883,459587,0.0,0.0
2019-10-07 00:00:00+05:30,17.671081404872957,17.869075577561922,17.176093140804976,17.27509117126465,334598,0.0,0.0
2019-10-09 00:00:00+05:30,17.27509302120914,17.423589138685518,16.433612504535553,17.077096939086914,745265,0.0,0.0
2019-10-10 00:00:00+05:30,17.02759880476248,17.077096881009407,16.73060468258919,16.879100799560547,255615,0.0,0.0
2019-10-11 00:00:00+05:30,16.879099359866814,17.077095424427704,16.730603255561352,16.829601287841797,350653,0.0,0.0
2019-10-14 00:00:00+05:30,16.978098840284975,17.077096881009407,16.78010464706669,16.879100799560547,226267,0.0,0.0
2019-10-15 00:00:00+05:30,16.82960220945465,16.97809832189197,16.58210805931561,16.73060417175293,197055,0.0,0.0
2019-10-16 00:00:00+05:30,16.82960362220878,16.879101701099476,16.43361332639118,16.582109451293945,231792,0.0,0.0
2019-10-17 00:00:00+05:30,16.582107613392715,16.82960175687619,16.582107613392715,16.78010368347168,249190,0.0,0.0
2019-10-18 00:00:00+05:30,16.78010566386212,17.324592088493937,16.681107617138874,17.176095962524414,330723,0.0,0.0
2019-10-22 00:00:00+05:30,17.62158176962454,17.62158176962454,15.988120845803625,16.829601287841797,429957,0.0,0.0
2019-10-23 00:00:00+05:30,16.829602316690007,17.22559258178955,16.829602316690007,17.12659454345703,349762,0.0,0.0
2019-10-24 00:00:00+05:30,17.12659449920219,17.324590575355607,16.82960227320259,16.928600311279297,275858,0.0,0.0
2019-10-25 00:00:00+05:30,17.12659454345703,17.720580885221608,16.780104241639012,17.12659454345703,429882,0.0,0.0
2019-10-27 00:00:00+05:30,17.12659510929487,17.572085352394282,17.077097032608528,17.473087310791016,105444,0.0,0.0
2019-10-29 00:00:00+05:30,17.572084029515583,17.968074277886746,17.17609378114442,17.819578170776367,722465,0.0,0.0
2019-10-30 00:00:00+05:30,18.760057056380663,21.383494631129526,17.8690766185678,20.64101219177246,3183329,0.0,0.0
2019-10-31 00:00:00+05:30,21.482493661711846,24.40292359208861,20.641013147178327,22.57146644592285,4555662,0.0,0.0
2019-11-01 00:00:00+05:30,23.066453600048064,24.551418472709454,23.066453600048064,23.511943817138672,3364003,0.0,0.0
2019-11-04 00:00:00+05:30,24.402923214541918,25.244403716056578,22.769462175266717,23.016956329345703,4583700,0.0,0.0
2019-11-05 00:00:00+05:30,23.01695654355448,23.16545265973775,21.87848380184198,21.977481842041016,987865,0.0,0.0
2019-11-06 00:00:00+05:30,21.97748059067635,21.97748059067635,20.492515736934177,21.08650016784668,1241563,0.0,0.0
2019-11-07 00:00:00+05:30,21.037001917115663,21.037001917115663,20.29451949651158,20.492515563964844,550034,0.0,0.0
2019-11-08 00:00:00+05:30,20.294520820139276,20.492516900506033,19.99752858781971,20.146024703979492,438331,0.0,0.0
2019-11-11 00:00:00+05:30,20.146024233529083,20.393518384092758,19.552037894530166,20.19552230834961,637314,0.0,0.0
2019-11-13 00:00:00+05:30,19.948028981338084,20.29452118407822,19.304544540952453,19.70053482055664,506494,0.0,0.0
2019-11-14 00:00:00+05:30,19.70053420238678,19.70053420238678,18.908553668029434,19.156047821044922,533774,0.0,0.0
2019-11-15 00:00:00+05:30,19.156047789973464,21.284497124808176,18.908553637359418,20.789508819580078,1843396,0.0,0.0
2019-11-18 00:00:00+05:30,20.93800540885794,21.779485924495944,20.542015133331404,20.74001121520996,1076112,0.0,0.0
2019-11-19 00:00:00+05:30,20.294519654997103,23.61094153724028,20.294519654997103,22.5219669342041,4757253,0.0,0.0
2019-11-20 00:00:00+05:30,22.4724686088655,23.06645303273684,21.086499917884563,21.7299861907959,2408681,0.0,0.0
2019-11-21 00:00:00+05:30,21.63098907470703,22.571465711206155,21.333994961946377,21.63098907470703,1337366,0.0,0.0
2019-11-22 00:00:00+05:30,21.581489280701877,22.57146588785757,21.086500977124032,22.2249755859375,1300933,0.0,0.0
2019-11-25 00:00:00+05:30,22.22497459645416,22.571464882948053,21.92798049459168,22.1259765625,721117,0.0,0.0
2019-11-26 00:00:00+05:30,22.026978928113238,22.52196721863264,21.58148871135359,21.878482818603516,933714,0.0,0.0
2019-11-27 00:00:00+05:30,22.026978928113238,22.373471109122914,21.58148871135359,21.878482818603516,498177,0.0,0.0
2019-11-28 00:00:00+05:30,22.026979043748643,22.769461483425566,21.92798100747896,22.274473190307617,1368085,0.0,0.0
2019-11-29 00:00:00+05:30,22.37347257629558,22.620966737785064,21.581490126590865,21.927982330322266,830628,0.0,0.0
2019-12-02 00:00:00+05:30,21.9774820063745,22.076478159083205,20.294520975098493,20.74001121520996,964022,0.0,0.0
2019-12-03 00:00:00+05:30,20.938004933502402,21.284497124808176,20.29452051435198,20.789508819580078,950127,0.0,0.0
2019-12-04 00:00:00+05:30,20.29452051435198,21.18549908611645,20.29452051435198,20.789508819580078,663364,0.0,0.0
2019-12-05 00:00:00+05:30,20.839006894810673,21.086501047424722,20.39351855304371,20.789508819580078,551709,0.0,0.0
2019-12-06 00:00:00+05:30,20.542013297414506,21.03700156964136,18.71055631252906,19.502538681030273,1952319,0.0,0.0
2019-12-09 00:00:00+05:30,19.700535209751525,19.75003517582407,19.10654883449542,19.255046844482422,673476,0.0,0.0
2019-12-10 00:00:00+05:30,19.156048660986855,19.453040902335548,18.61156036754009,18.661060333251953,748242,0.0,0.0
2019-12-11 00:00:00+05:30,18.661060188336805,18.80955630785798,17.86907773717284,18.067073822021484,767741,0.0,0.0
2019-12-12 00:00:00+05:30,18.26506996154785,18.61156027872431,17.918577756140785,18.26506996154785,866371,0.0,0.0
2019-12-13 00:00:00+05:30,18.413565301952254,19.304543872256446,18.413565301952254,18.958051681518555,1644673,0.0,0.0
2019-12-16 00:00:00+05:30,19.156048660986855,19.304544781661203,18.413566169384502,18.661060333251953,777797,0.0,0.0
2019-12-17 00:00:00+05:30,18.80955597831193,19.007552059691655,18.661059861392424,18.71055793762207,606776,0.0,0.0
2019-12-18 00:00:00+05:30,18.80955683271899,18.80955683271899,18.116572404642344,18.2155704498291,691869,0.0,0.0
2019-12-19 00:00:00+05:30,18.26506996154785,18.512564124234242,18.166071918827175,18.26506996154785,704470,0.0,0.0
2019-12-20 00:00:00+05:30,18.31456750607381,18.710557777207676,17.968075310745224,18.1165714263916,1435423,0.0,0.0
2019-12-23 00:00:00+05:30,18.21556794147143,18.21556794147143,17.720579671930192,17.869075775146484,847937,0.0,0.0
2019-12-24 00:00:00+05:30,18.017575172525273,18.017575172525273,17.671082979163145,17.7205810546875,646307,0.0,0.0
2019-12-26 00:00:00+05:30,17.572084426879883,18.017574646515513,17.27509220594312,17.572084426879883,1183962,0.0,0.0
2019-12-27 00:00:00+05:30,17.91857620492677,18.31456645329793,17.572084029515583,17.819578170776367,1666427,0.0,0.0
2019-12-30 00:00:00+05:30,17.869077169491113,17.918577133246018,17.374088861325372,17.7205810546875,860820,0.0,0.0
2019-12-31 00:00:00+05:30,17.621583015408245,17.770081018442404,17.522586864359532,17.7205810546875,347093,0.0,0.0
2020-01-01 00:00:00+05:30,17.72058060391053,17.968074751697635,17.72058060391053,17.77008056640625,381560,0.0,0.0
2020-01-02 00:00:00+05:30,17.81957868717033,18.116570909997638,17.77008061277595,17.968074798583984,627853,0.0,0.0
2020-01-03 00:00:00+05:30,18.067072835603252,18.116570909997638,17.81957868717033,17.968074798583984,390318,0.0,0.0
2020-01-06 00:00:00+05:30,17.91857761099905,17.91857761099905,17.572085408398596,17.671083450317383,598427,0.0,0.0
2020-01-07 00:00:00+05:30,17.72058060391053,18.017574714193355,17.671082529645307,17.77008056640625,388447,0.0,0.0
2020-01-08 00:00:00+05:30,17.522586352800584,17.819578573737346,17.374088354101715,17.572084426879883,442937,0.0,0.0
2020-01-09 00:00:00+05:30,17.770081018442404,17.968075208770372,17.572084939883887,17.7205810546875,442563,0.0,0.0
2020-01-10 00:00:00+05:30,17.819578573737346,17.819578573737346,17.32459028002242,17.572084426879883,751060,0.0,0.0
2020-01-13 00:00:00+05:30,17.671082979163145,17.770081018442404,17.572084939883887,17.7205810546875,285366,0.0,0.0
2020-01-14 00:00:00+05:30,17.671082529645307,17.819578640671473,17.621582567149588,17.77008056640625,288740,0.0,0.0
2020-01-15 00:00:00+05:30,17.77008009781639,17.819578170776367,17.671082063665985,17.819578170776367,269592,0.0,0.0
2020-01-16 00:00:00+05:30,17.91857620492677,18.21556841914753,17.720580136625962,17.819578170776367,729089,0.0,0.0
2020-01-17 00:00:00+05:30,17.91857761099905,17.968075687843147,17.62158348524269,17.671083450317383,631888,0.0,0.0
2020-01-20 00:00:00+05:30,17.869075775146484,18.06707183825514,17.423587465497608,17.869075775146484,759288,0.0,0.0
2020-01-21 00:00:00+05:30,17.770081078904997,18.017575233829966,17.72058111498167,17.918577194213867,377087,0.0,0.0
2020-01-22 00:00:00+05:30,17.968074908029493,18.413565133214483,17.869076870407216,18.364065170288086,992261,0.0,0.0
2020-01-23 00:00:00+05:30,18.36406529613796,19.304543827648963,18.36406529613796,18.76005744934082,737194,0.0,0.0
2020-01-24 00:00:00+05:30,18.859052730132312,19.25504486508253,18.809554657378754,19.057048797607422,671108,0.0,0.0
2020-01-27 00:00:00+05:30,18.958052824349995,22.175476997012524,18.908554746216677,19.849031448364258,1530423,0.0,0.0
2020-01-28 00:00:00+05:30,20.14602393910456,20.29452004962646,18.463062984575046,19.20554542541504,4557901,0.0,0.0
2020-01-29 00:00:00+05:30,19.79953067241228,19.79953067241228,18.809554138791665,18.908552169799805,1266776,0.0,0.0
2020-01-30 00:00:00+05:30,18.9580529563838,18.9580529563838,18.067074326164292,18.2155704498291,681107,0.0,0.0
2020-01-31 00:00:00+05:30,18.36406452625791,18.809554735819496,17.02759767403404,17.819578170776367,905583,0.0,0.0
2020-02-03 00:00:00+05:30,17.572083374413285,17.720579475987602,17.126593181459953,17.27509117126465,625107,0.0,0.0
2020-02-04 00:00:00+05:30,17.32459074442413,17.671082936958722,17.32459074442413,17.522586822509766,396115,0.0,0.0
2020-02-05 00:00:00+05:30,17.42358928963571,17.91857761099905,17.42358928963571,17.671083450317383,570216,0.0,0.0
2020-02-06 00:00:00+05:30,17.621583075365574,18.11657138521551,17.621583075365574,17.918577194213867,570181,0.0,0.0
2020-02-07 00:00:00+05:30,17.96807380670081,18.116569909917104,17.720579671930192,17.869075775146484,336095,0.0,0.0
2020-02-10 00:00:00+05:30,17.77008049965805,17.77008049965805,17.4730863904908,17.572084426879883,277234,0.0,0.0
2020-02-11 00:00:00+05:30,17.77008049965805,17.819578573737346,17.4730863904908,17.572084426879883,205090,0.0,0.0
2020-02-12 00:00:00+05:30,17.572083905131517,17.770079972030807,17.374087838232228,17.423587799072266,194661,0.0,0.0
2020-02-13 00:00:00+05:30,17.423587272838965,17.522585303298637,17.225591211919625,17.27509117126465,227729,0.0,0.0
2020-02-14 00:00:00+05:30,17.27509202164826,17.423588130532448,16.928599842098176,16.978097915649414,459999,0.0,0.0
2020-02-17 00:00:00+05:30,17.077096313106683,17.077096313106683,16.384111939311598,16.532609939575195,465240,0.0,0.0
2020-02-18 00:00:00+05:30,16.532609874129502,16.73060405997967,16.087119651563242,16.334613800048828,374658,0.0,0.0
2020-02-19 00:00:00+05:30,16.285115396504732,17.077095900359662,16.285115396504732,16.78010368347168,404418,0.0,0.0
2020-02-20 00:00:00+05:30,16.78010321581678,16.97809739214726,16.681105183536335,16.829601287841797,229466,0.0,0.0
2020-02-24 00:00:00+05:30,16.73060458409522,16.73060458409522,16.33461431175929,16.483110427856445,279003,0.0,0.0
2020-02-25 00:00:00+05:30,16.43361083866272,16.730603043509422,16.136616745585634,16.235614776611328,290661,0.0,0.0
2020-02-26 00:00:00+05:30,16.23561614063119,16.285116104417927,15.889123947046237,15.98812198638916,348873,0.0,0.0
2020-02-27 00:00:00+05:30,16.136617612806415,16.136617612806415,15.74062735565255,15.938623428344727,262242,0.0,0.0
2020-02-28 00:00:00+05:30,15.7406272048397,15.7406272048397,15.196140842498734,15.443634986877441,502648,0.0,0.0
2020-03-02 00:00:00+05:30,16.334614456592952,16.334614456592952,14.899148526503296,15.146642684936523,356828,0.0,0.0
2020-03-03 00:00:00+05:30,15.19614071333318,15.839625105602178,14.849648536502041,15.047643661499023,458923,0.0,0.0
2020-03-04 00:00:00+05:30,15.196141626984899,15.196141626984899,14.057667937601096,14.849649429321289,704692,0.0,0.0
2020-03-05 00:00:00+05:30,14.948646698120026,15.839625240237279,14.80014964502366,15.443634986877441,719274,0.0,0.0
2020-03-06 00:00:00+05:30,14.800149861324055,15.196141064586438,14.453658620599125,14.602154731750488,636355,0.0,0.0
2020-03-09 00:00:00+05:30,14.354660819202145,14.602154971257354,13.364684210981308,13.760674476623535,850774,0.0,0.0
2020-03-11 00:00:00+05:30,13.562678831451723,14.008168099499017,13.265685671381785,13.612177848815918,624636,0.0,0.0
2020-03-12 00:00:00+05:30,12.919194079939516,13.11718919979259,12.275708760273021,12.523202896118164,953581,0.0,0.0
2020-03-13 00:00:00+05:30,10.196759204417264,13.06769097679283,10.097761166425585,11.830220222473145,2368612,0.0,0.0
2020-03-16 00:00:00+05:30,12.27570885964348,13.810172703127717,10.939241081730275,12.820196151733398,1792023,0.0,0.0
2020-03-17 00:00:00+05:30,13.11718984437346,13.612178140387552,12.869695696366414,12.968693733215332,946462,0.0,0.0
2020-03-18 00:00:00+05:30,13.31518488024346,13.661677062660806,12.523203423371847,12.671700477600098,839968,0.0,0.0
2020-03-19 00:00:00+05:30,12.523203207381066,12.523203207381066,11.483728566287594,11.978716850280762,1208955,0.0,0.0
2020-03-20 00:00:00+05:30,12.127213529827525,12.572702817610379,11.879719376157574,12.32520866394043,763981,0.0,0.0
2020-03-23 00:00:00+05:30,10.88974206343941,11.830219598277045,9.998763544985907,11.384730339050293,921429,0.0,0.0
2020-03-24 00:00:00+05:30,11.533226910433097,12.374707390642914,10.790744466994521,11.33523178100586,561706,0.0,0.0
2020-03-25 00:00:00+05:30,10.939241115064394,11.68172353087263,10.444252837858903,11.483728408813477,576949,0.0,0.0
2020-03-26 00:00:00+05:30,11.483728566287594,12.275709065384481,11.236234424291009,11.978716850280762,920691,0.0,0.0
2020-03-27 00:00:00+05:30,12.820195949159036,13.117189098707529,11.879718429018139,12.226210594177246,1536331,0.0,0.0
2020-03-30 00:00:00+05:30,12.176711975054983,12.176711975054983,11.483728566287594,11.978716850280762,884318,0.0,0.0
2020-03-31 00:00:00+05:30,12.572702763970613,12.572702763970613,11.929218344820194,12.127213478088379,330139,0.0,0.0
2020-04-01 00:00:00+05:30,12.325208611356565,12.473705669394155,11.87971932547433,12.127213478088379,600717,0.0,0.0
2020-04-03 00:00:00+05:30,12.325208082606844,12.325208082606844,11.879718815836037,11.978716850280762,648568,0.0,0.0
2020-04-07 00:00:00+05:30,12.22621101835343,12.325208108894069,11.879718841173123,12.077713966369629,687274,0.0,0.0
2020-04-08 00:00:00+05:30,12.127213529827525,12.622201837167424,11.929218395714619,12.32520866394043,894943,0.0,0.0
2020-04-09 00:00:00+05:30,12.374706865757243,12.869695140387535,12.1272127284421,12.721199035644531,1075177,0.0,0.0
2020-04-13 00:00:00+05:30,13.067690183800519,13.067690183800519,12.176711672404085,12.523202896118164,792470,0.0,0.0
2020-04-15 00:00:00+05:30,12.523202896118164,12.869695063947445,12.37470679225716,12.523202896118164,690172,0.0,0.0
2020-04-16 00:00:00+05:30,12.374706865757243,12.820196124101463,12.275708833185103,12.721199035644531,559411,0.0,0.0
2020-04-17 00:00:00+05:30,12.869695267587337,13.315184530334625,12.770697234036732,13.117189407348633,951268,0.0,0.0
2020-04-20 00:00:00+05:30,13.612178013451967,15.74062728881836,13.21618775797946,15.74062728881836,4020461,0.0,0.0
2020-04-21 00:00:00+05:30,16.53261090070715,18.31456812516022,15.740628443437528,16.631607055664062,5474681,0.0,0.0
2020-04-22 00:00:00+05:30,16.631605492365196,16.97809766683748,15.34463671658865,16.18611717224121,1559644,0.0,0.0
2020-04-23 00:00:00+05:30,16.18611703491652,16.285115067958753,15.344636586403164,15.790125846862793,916889,0.0,0.0
2020-04-24 00:00:00+05:30,15.641630492878187,15.83962562435963,14.998145135419422,15.097143173217773,863145,0.0,0.0
2020-04-27 00:00:00+05:30,15.14664167006743,15.493132902188853,14.899147528217032,14.948646545410156,568350,0.0,0.0
2020-04-28 00:00:00+05:30,15.196140687260556,15.295137777531579,14.849648511023906,14.948646545410156,492612,0.0,0.0
2020-04-29 00:00:00+05:30,15.047643789402368,15.938623275634857,14.99814477170358,15.443634986877441,1025899,0.0,0.0
2020-04-30 00:00:00+05:30,15.83962476053024,16.037620825329036,15.394135502963369,15.493132591247559,945909,0.0,0.0
2020-05-04 00:00:00+05:30,15.19614018287727,15.19614018287727,14.849648018141231,14.899147033691406,441740,0.0,0.0
2020-05-05 00:00:00+05:30,14.998145465368584,15.295138641182028,14.552656173706055,14.552656173706055,600572,0.0,0.0
2020-05-06 00:00:00+05:30,14.701152205754248,14.701152205754248,14.107165895659348,14.354660034179688,603403,0.0,0.0
2020-05-07 00:00:00+05:30,14.354660070637218,15.146641504736797,14.008167898182647,14.453658103942871,798696,0.0,0.0
2020-05-08 00:00:00+05:30,14.651653289794922,14.849648413147174,14.45365816644267,14.651653289794922,533452,0.0,0.0
2020-05-11 00:00:00+05:30,15.047644485356704,15.047644485356704,14.503157153717932,14.552656173706055,570964,0.0,0.0
2020-05-12 00:00:00+05:30,14.503156638240805,14.55265565646961,14.107166380640844,14.404159545898438,478186,0.0,0.0
2020-05-13 00:00:00+05:30,15.443634829110954,15.443634829110954,14.602154369173508,14.948646545410156,875346,0.0,0.0
2020-05-14 00:00:00+05:30,14.94864644688091,14.998144519632557,14.602154272928054,14.651653289794922,491523,0.0,0.0
2020-05-15 00:00:00+05:30,14.55265528217623,14.849648439795178,14.503156265220536,14.750650405883789,384679,0.0,0.0
2020-05-18 00:00:00+05:30,14.503156510207868,14.651653563583366,13.909171129051593,14.00816822052002,830229,0.0,0.0
2020-05-19 00:00:00+05:30,14.057667116863211,14.206164168955794,13.463681740838563,13.612177848815918,685457,0.0,0.0
2020-05-20 00:00:00+05:30,13.612177848815918,13.810172974157467,13.414182723474369,13.612177848815918,515495,0.0,0.0
2020-05-21 00:00:00+05:30,13.661676368217117,13.810172470781843,13.463681250092415,13.562678337097168,592393,0.0,0.0
2020-05-22 00:00:00+05:30,13.463681644227702,13.810172875060301,13.216187503297894,13.315184593200684,777505,0.0,0.0
2020-05-26 00:00:00+05:30,13.414182526571127,13.463681543208738,12.86969523178783,13.01819133758545,744624,0.0,0.0
2020-05-27 00:00:00+05:30,13.067691369337858,13.364684548119119,12.869696231522113,13.216188430786133,657437,0.0,0.0
2020-05-28 00:00:00+05:30,13.216187010434053,13.760673344882232,13.216187010434053,13.265685081481934,581388,0.0,0.0
2020-05-29 00:00:00+05:30,13.315184096645002,13.414182126971136,12.86969484840777,13.265685081481934,600728,0.0,0.0
2020-06-01 00:00:00+05:30,13.414182436115857,14.503156074224007,13.414182436115857,14.156664848327637,1295083,0.0,0.0
2020-06-02 00:00:00+05:30,14.503156727381503,14.99814502448142,14.255662578831544,14.701152801513672,1234538,0.0,0.0
2020-06-03 00:00:00+05:30,14.800149723984728,16.58210776184149,14.800149723984728,15.74062728881836,4434869,0.0,0.0
2020-06-04 00:00:00+05:30,15.938622896426146,16.43361117340689,15.54263170837242,15.790125846862793,2241405,0.0,0.0
2020-06-05 00:00:00+05:30,15.839625960254335,16.532610351307685,15.839625960254335,16.28511619567871,2113202,0.0,0.0
2020-06-08 00:00:00+05:30,17.22559391802638,17.275093885147754,16.43361332639118,16.582109451293945,2038949,0.0,0.0
2020-06-09 00:00:00+05:30,16.73060338430317,16.829601417345405,15.344636586403164,15.790125846862793,1816284,0.0,0.0
2020-06-10 00:00:00+05:30,15.938623603212339,17.17609435053891,15.64163043503091,16.532609939575195,3145494,0.0,0.0
2020-06-11 00:00:00+05:30,16.53261028992263,16.780104444632663,15.988122016622219,16.087120056152344,1335087,0.0,0.0
2020-06-12 00:00:00+05:30,15.344637563005985,16.08712002573208,14.998145369421032,15.98812198638916,1199309,0.0,0.0
2020-06-15 00:00:00+05:30,15.938623940972432,16.829602520282453,15.641630766497334,16.087120056152344,1726253,0.0,0.0
2020-06-16 00:00:00+05:30,16.384111874453744,17.621582616881685,15.889123577482568,16.334613800048828,2520836,0.0,0.0
2020-06-17 00:00:00+05:30,16.13661860599089,16.38411276797376,15.542633183701184,16.037622451782227,897094,0.0,0.0
2020-06-18 00:00:00+05:30,16.037622040049737,16.384112347345855,15.839625960254335,16.28511619567871,815853,0.0,0.0
2020-06-19 00:00:00+05:30,16.384111404418945,16.63160554580431,16.235615297233817,16.384111404418945,1406850,0.0,0.0
2020-06-22 00:00:00+05:30,16.53261090070715,16.829603142039122,16.33461481433209,16.631607055664062,2215332,0.0,0.0
2020-06-23 00:00:00+05:30,16.730603382615094,17.4730857980113,16.730603382615094,17.2255916595459,2588330,0.0,0.0
2020-06-24 00:00:00+05:30,17.4730857980113,18.314566246439753,17.126593626513653,17.2255916595459,3512828,0.0,0.0
2020-06-25 00:00:00+05:30,17.02759886267165,17.720581373638275,16.681106663073045,17.077096939086914,2524422,0.0,0.0
2020-06-26 00:00:00+05:30,17.374088461617852,20.245022093515026,17.176094275844928,19.60153579711914,16314930,0.0,0.0
2020-06-29 00:00:00+05:30,19.502539318584894,21.38349443689089,19.304543247929328,20.047025680541992,12233159,0.0,0.0
2020-06-30 00:00:00+05:30,18.809555231819886,18.809555231819886,17.02759812304494,17.77008056640625,7405291,0.0,0.0
2020-07-01 00:00:00+05:30,17.819579569080265,18.166071771680723,17.5225873315545,17.671083450317383,2597522,0.0,0.0
2020-07-02 00:00:00+05:30,17.869078105647663,18.017576116461594,17.572085860481085,17.621583938598633,1554693,0.0,0.0
2020-07-03 00:00:00+05:30,17.621581977741123,17.770079972030807,17.126593698723333,17.423587799072266,1997911,0.0,0.0
2020-07-06 00:00:00+05:30,17.473086323362267,17.671082395379766,17.1760941035665,17.374088287353516,1337266,0.0,0.0
2020-07-07 00:00:00+05:30,17.374087764979052,17.522585758642634,17.176093587144987,17.2255916595459,1113766,0.0,0.0
2020-07-08 00:00:00+05:30,17.324589765622623,18.16607021759895,17.126593698723333,17.423587799072266,4005644,0.0,0.0
2020-07-09 00:00:00+05:30,17.621582500959178,17.819578573737346,17.423588316411504,17.572084426879883,1422868,0.0,0.0
2020-07-10 00:00:00+05:30,17.522585303298637,17.671081404872957,17.176093140804976,17.27509117126465,1129801,0.0,0.0
2020-07-13 00:00:00+05:30,17.27509302120914,17.473087215100787,16.978098898025802,17.077096939086914,1027332,0.0,0.0
2020-07-14 00:00:00+05:30,17.07709678047562,17.07709678047562,16.186118195662136,16.483110427856445,1159566,0.0,0.0
2020-07-15 00:00:00+05:30,16.4831093856572,16.780103487303634,16.13661721118492,16.18611717224121,887511,0.0,0.0
2020-07-16 00:00:00+05:30,16.285116613765098,16.285116613765098,15.88912444400802,16.037622451782227,694067,0.0,0.0
2020-07-17 00:00:00+05:30,16.087120155520513,16.6316065439536,16.087120155520513,16.483110427856445,633054,0.0,0.0
2020-07-20 00:00:00+05:30,16.631604701332204,17.02759681802659,16.483108601686986,16.68110466003418,766636,0.0,0.0
2020-07-21 00:00:00+05:30,19.00755142346188,19.70053390863393,18.017574826161376,18.16607093811035,6589155,0.0,0.0
2020-07-22 00:00:00+05:30,18.66105959549463,18.66105959549463,17.324590785801014,17.7205810546875,2114114,0.0,0.0
2020-07-23 00:00:00+05:30,17.473087310791016,17.671083393997552,17.423589234104675,17.473087310791016,962301,0.0,0.0
2020-07-24 00:00:00+05:30,17.42358772561039,17.522585758642634,17.027597481711833,17.2255916595459,932194,0.0,0.0
2020-07-27 00:00:00+05:30,17.077094888498213,17.126592958969834,16.631604701332204,16.68110466003418,707766,0.0,0.0
2020-07-28 00:00:00+05:30,16.631607055664062,16.87910121951758,16.53261090070715,16.631607055664062,679838,0.0,0.0
2020-07-29 00:00:00+05:30,16.63160630037185,17.968075102133817,16.63160630037185,17.3245906829834,2492474,0.0,0.0
2020-07-30 00:00:00+05:30,19.106546120945055,19.20554415079961,18.21556762871478,18.314565658569336,12036479,0.0,0.0
2020-07-31 00:00:00+05:30,18.067072788458574,18.215568899484737,17.473086456123426,17.77008056640625,1960248,0.0,0.0
2020-08-03 00:00:00+05:30,17.572084897915904,17.918577090450494,17.32459074442413,17.522586822509766,1055380,0.0,0.0
2020-08-04 00:00:00+05:30,17.57208435937102,17.7205804692689,17.324590213464383,17.374088287353516,765522,0.0,0.0
2020-08-05 00:00:00+05:30,17.572084835597447,17.621582910828042,17.225592644291673,17.3245906829834,997506,0.0,0.0
2020-08-06 00:00:00+05:30,17.37408869517306,17.37408869517306,17.027598393355042,17.12659454345703,1102498,0.0,0.0
2020-08-07 00:00:00+05:30,17.126594141446883,17.522586285481882,16.978098031549,17.374088287353516,965454,0.0,0.0
2020-08-10 00:00:00+05:30,17.42358928963571,17.720581527161478,17.42358928963571,17.671083450317383,753482,0.0,0.0
2020-08-11 00:00:00+05:30,17.81957868717033,18.809555280902018,17.67108257575668,17.968074798583984,6430244,0.0,0.0
2020-08-12 00:00:00+05:30,18.413564560239294,18.66105870247845,17.77008016806358,18.017574310302734,3127318,0.0,0.0
2020-08-13 00:00:00+05:30,18.116570862723798,18.166070825219517,17.72058060391053,17.77008056640625,1060779,0.0,0.0
2020-08-14 00:00:00+05:30,17.770081435600822,17.8690775889735,17.374089269187746,17.473087310791016,743898,0.0,0.0
2020-08-17 00:00:00+05:30,17.47308587168187,17.67108193858116,17.324589765622623,17.423587799072266,600842,0.0,0.0
2020-08-18 00:00:00+05:30,17.572084897915904,17.62158297332204,17.423588783466947,17.522586822509766,634672,0.0,0.0
2020-08-19 00:00:00+05:30,17.7205810546875,17.918577133246018,17.621583015408245,17.7205810546875,1018743,0.0,0.0
2020-08-20 00:00:00+05:30,17.572084897915904,17.770080976001537,17.423588783466947,17.522586822509766,817774,0.0,0.0
2020-08-21 00:00:00+05:30,17.62158348524269,18.21556984852482,17.62158348524269,17.671083450317383,2705099,0.0,0.0
2020-08-24 00:00:00+05:30,17.770081949412564,17.9680761501134,17.522587782363537,17.621583938598633,1031659,0.0,0.0
2020-08-25 00:00:00+05:30,17.671082463268966,17.86907664781664,17.522586352800584,17.572084426879883,1021923,0.0,0.0
2020-08-26 00:00:00+05:30,17.621583429080623,17.671083393997552,17.324591192501405,17.473087310791016,818124,0.0,0.0
2020-08-27 00:00:00+05:30,17.4730863904908,18.017574646515513,17.423588316411504,17.572084426879883,1289052,0.0,0.0
2020-08-28 00:00:00+05:30,17.671083450317383,18.01757565291784,17.62158348524269,17.671083450317383,2347848,0.0,0.0
2020-08-31 00:00:00+05:30,18.512563436476857,18.512563436476857,17.423588783466947,17.522586822509766,4589983,0.0,0.0
2020-09-01 00:00:00+05:30,17.52258818194043,17.671084307909954,16.879101822354677,17.176095962524414,805674,0.0,0.0
2020-09-02 00:00:00+05:30,17.27509400924766,17.473088214463463,17.07709791580117,17.176095962524414,636935,0.0,0.0
2020-09-03 00:00:00+05:30,17.07709791580117,17.374090167740217,17.07709791580117,17.176095962524414,340252,0.0,0.0
2020-09-04 00:00:00+05:30,17.077097412504266,17.126595490291734,16.730605203300083,17.027599334716797,633014,0.0,0.0
2020-09-07 00:00:00+05:30,16.928599320122242,17.027597352402687,16.78010321581678,16.829601287841797,556301,0.0,0.0
2020-09-08 00:00:00+05:30,16.928598788852995,16.928598788852995,16.631604701332204,16.68110466003418,461694,0.0,0.0
2020-09-09 00:00:00+05:30,15.988121104476923,16.4831093856572,15.839624997768928,16.18611717224121,646678,0.0,0.0
2020-09-10 00:00:00+05:30,16.28511525844916,16.68110550701965,16.037621117063797,16.384111404418945,661165,0.0,0.0
2020-09-11 00:00:00+05:30,16.483109911494083,16.582107948534418,16.186117688603577,16.334613800048828,484315,0.0,0.0
2020-09-14 00:00:00+05:30,16.334612807637026,16.58210694108607,15.839624540738933,16.235614776611328,896239,0.0,0.0
2020-09-15 00:00:00+05:30,16.384111874453744,16.483109911494083,16.136617725968158,16.334613800048828,393015,0.0,0.0
2020-09-16 00:00:00+05:30,16.38411087903468,16.43361083866272,16.136616745585634,16.235614776611328,491615,0.0,0.0
2020-09-17 00:00:00+05:30,16.13661860599089,16.23561664843016,15.938624409342959,16.037622451782227,341628,0.0,0.0
2020-09-18 00:00:00+05:30,16.037621371702595,16.136617519244204,15.493133119071363,15.641630172729492,992220,0.0,0.0
2020-09-21 00:00:00+05:30,15.64163092104148,15.691129941295609,14.750651388813033,14.849649429321289,959416,0.0,0.0
2020-09-22 00:00:00+05:30,14.84964951224949,17.27509302120914,14.503157312650886,17.077096939086914,6625834,0.0,0.0
2020-09-23 00:00:00+05:30,17.22559242513977,17.22559242513977,15.097143117384167,16.532609939575195,5084000,0.0,0.0
2020-09-24 00:00:00+05:30,16.136618694538797,16.780105029809803,15.44363617012246,16.433612823486328,1598113,0.0,0.0
2020-09-25 00:00:00+05:30,16.4336127333087,16.53261077574797,15.691130247360087,16.037622451782227,2818109,0.0,0.0
2020-09-28 00:00:00+05:30,16.03762191947133,16.433612187854333,15.691129726549745,15.889123916625977,1463531,0.0,0.0
2020-09-29 00:00:00+05:30,16.037621371702595,16.037621371702595,15.394136027414516,15.641630172729492,877957,0.0,0.0
2020-09-30 00:00:00+05:30,15.394135535347269,15.394135535347269,14.057666815719982,14.156664848327637,7578957,0.0,0.0
2020-10-01 00:00:00+05:30,14.453657895760443,14.503155967585112,13.661676473068123,13.859671592712402,2940204,0.0,0.0
2020-10-05 00:00:00+05:30,13.90917151219611,14.107166644702211,13.612178341379327,13.661677360534668,2451037,0.0,0.0
2020-10-06 00:00:00+05:30,13.760673858051295,13.810172875060301,13.265685576191677,13.315184593200684,2884605,0.0,0.0
2020-10-07 00:00:00+05:30,13.265685862167375,13.414182916395628,12.57270244144793,12.671700477600098,3926656,0.0,0.0
2020-10-08 00:00:00+05:30,12.820196528448403,13.612177981658876,12.424206273900785,12.473705291748047,4542315,0.0,0.0
2020-10-09 00:00:00+05:30,12.622201837167424,12.770697951723285,12.226211568941613,12.32520866394043,4335874,0.0,0.0
2020-10-12 00:00:00+05:30,12.424206562192698,12.523203656069116,11.681724109600886,11.830220222473145,5697470,0.0,0.0
2020-10-13 00:00:00+05:30,11.830220076631576,11.830220076631576,10.988740540537007,11.33523178100586,6399141,0.0,0.0
2020-10-14 00:00:00+05:30,11.533227813446603,11.533227813446603,10.889743356396572,11.038239479064941,7275494,0.0,0.0
2020-10-15 00:00:00+05:30,11.186735457349346,11.186735457349346,10.543250118796836,10.642248153686523,5332190,0.0,0.0
2020-10-16 00:00:00+05:30,10.840243605865824,10.840243605865824,9.998764060418491,10.097761154174805,10377765,0.0,0.0
2020-10-19 00:00:00+05:30,10.246257589063163,11.087737083435059,10.196758573131827,11.087737083435059,10227774,0.0,0.0
2020-10-20 00:00:00+05:30,11.236235508897197,11.335232608782642,10.642249133123261,10.741247177124023,9195928,0.0,0.0
2020-10-21 00:00:00+05:30,10.840243279350668,10.9887403316852,10.59274913624168,10.642248153686523,5230655,0.0,0.0
2020-10-22 00:00:00+05:30,10.59274959564209,10.79074472989315,10.543250576050507,10.59274959564209,3728914,0.0,0.0
2020-10-23 00:00:00+05:30,10.642247828283443,11.335231218976533,10.543249796420772,11.087737083435059,4566270,0.0,0.0
2020-10-26 00:00:00+05:30,11.236235077402814,11.236235077402814,10.889742880821473,10.988740921020508,2346978,0.0,0.0
2020-10-27 00:00:00+05:30,10.988740921020508,11.186736057303296,10.889742880821473,10.988740921020508,1841766,0.0,0.0
2020-10-28 00:00:00+05:30,11.03823846630204,11.03823846630204,10.790744321818899,10.840243339538574,1463373,0.0,0.0
2020-10-29 00:00:00+05:30,10.691747715512065,10.939241871222459,10.592749675581796,10.889742851257324,1734518,0.0,0.0
2020-10-30 00:00:00+05:30,10.84024383129219,10.988740891187593,10.790744811327055,10.889742851257324,1433831,0.0,0.0
2020-11-02 00:00:00+05:30,10.939241871222459,11.038238967037449,10.7412467354772,10.889742851257324,3194372,0.0,0.0
2020-11-03 00:00:00+05:30,10.988740921020508,11.038238997004743,10.840243860721955,10.988740921020508,2554105,0.0,0.0
2020-11-04 00:00:00+05:30,10.988740891187593,10.988740891187593,10.84024383129219,10.889742851257324,1591372,0.0,0.0
2020-11-05 00:00:00+05:30,10.988741400919032,11.137237523587403,10.939242378657802,11.038239479064941,2246008,0.0,0.0
2020-11-06 00:00:00+05:30,11.13723668371363,11.63222498076757,11.13723668371363,11.434229850769043,6639236,0.0,0.0
2020-11-09 00:00:00+05:30,11.582725962239124,11.681723999296013,11.3847308322406,11.434229850769043,3177169,0.0,0.0
2020-11-10 00:00:00+05:30,11.533227030775814,11.830220200073251,11.384730918184726,11.731223106384277,4880595,0.0,0.0
2020-11-11 00:00:00+05:30,11.830220200073251,12.028215331566456,11.632225068580047,11.731223106384277,4746749,0.0,0.0
2020-11-12 00:00:00+05:30,11.731223041369066,11.780721115881601,11.483728892345376,11.53322696685791,2222687,0.0,0.0
2020-11-13 00:00:00+05:30,11.434230284175433,11.483729304580104,11.137237105862704,11.285733222961426,3149517,0.0,0.0
2020-11-14 00:00:00+05:30,11.384730375726292,11.68172353087263,11.335231359182702,11.483728408813477,1034943,0.0,0.0
2020-11-17 00:00:00+05:30,11.632225499311684,11.632225499311684,11.434230360486882,11.58272647857666,2985814,0.0,0.0
2020-11-18 00:00:00+05:30,11.582725068238862,11.780720182955346,11.434228968230293,11.632224082946777,4479902,0.0,0.0
2020-11-19 00:00:00+05:30,11.582725962239124,11.63222498076757,11.3847308322406,11.434229850769043,3355283,0.0,0.0
2020-11-20 00:00:00+05:30,11.483728892345376,11.780721115881601,11.384730855089797,11.53322696685791,5717099,0.0,0.0
2020-11-23 00:00:00+05:30,11.632224577851625,11.73122261147943,11.533226544223822,11.681723594665527,4523561,0.0,0.0
2020-11-24 00:00:00+05:30,11.681723594665527,11.73122261147943,11.582725561037723,11.681723594665527,2762064,0.0,0.0
2020-11-25 00:00:00+05:30,11.879718841173123,12.572702251418509,11.780720806517255,12.077713966369629,12246476,0.0,0.0
2020-11-26 00:00:00+05:30,12.275709644383385,12.424206703054518,12.127213529827525,12.32520866394043,5392693,0.0,0.0
2020-11-27 00:00:00+05:30,12.424206298120886,12.770697535496701,12.325208262233373,12.572702407836914,6839120,0.0,0.0
2020-12-01 00:00:00+05:30,12.671700534375933,13.018191774230496,12.523203479482337,12.869695663452148,8503372,0.0,0.0
2020-12-02 00:00:00+05:30,13.067691369337858,13.414183568601876,12.919195252004872,13.216188430786133,7651695,0.0,0.0
2020-12-03 00:00:00+05:30,13.414182337483972,14.00816769641681,13.315184305604232,13.859671592712402,11280588,0.0,0.0
2020-12-04 00:00:00+05:30,14.008168254459681,14.40415945363853,13.661677017307834,14.107166290283203,8934148,0.0,0.0
2020-12-07 00:00:00+05:30,14.404159656949627,14.899147954823393,14.354660638339201,14.800149917602539,9142739,0.0,0.0
2020-12-08 00:00:00+05:30,15.245638454364274,15.641629639846654,14.998144317480989,15.493132591247559,16740207,0.0,0.0
2020-12-09 00:00:00+05:30,16.23561542040284,16.780103668519587,15.196140773990672,15.245638847351074,33913702,0.0,0.0
2020-12-10 00:00:00+05:30,15.295138215476305,15.394136252697159,14.552655768665655,14.800149917602539,11037357,0.0,0.0
2020-12-11 00:00:00+05:30,14.849648439795178,15.245638687210295,14.651653316087621,14.750650405883789,12236599,0.0,0.0
2020-12-14 00:00:00+05:30,15.047644066539421,15.443635271307585,14.701152824496937,14.800149917602539,12287520,0.0,0.0
2020-12-15 00:00:00+05:30,14.849649349519499,14.948647389495742,14.503157153717932,14.552656173706055,7614343,0.0,0.0
2020-12-16 00:00:00+05:30,14.651653189227138,14.750650278166145,14.255662001125467,14.354660034179688,7331600,0.0,0.0
2020-12-17 00:00:00+05:30,14.354660435726768,14.354660435726768,14.057667272371441,14.107166290283203,3805875,0.0,0.0
2020-12-18 00:00:00+05:30,14.107165620026493,14.156664635586468,13.364683218972468,13.562678337097168,9560387,0.0,0.0
2020-12-21 00:00:00+05:30,13.513179519760827,13.513179519760827,12.572701986786319,12.721199035644531,8858772,0.0,0.0
2020-12-22 00:00:00+05:30,12.473705955890626,13.364684548119119,12.077714736143848,13.216188430786133,8006656,0.0,0.0
2020-12-23 00:00:00+05:30,13.364684189717885,13.760674454730086,13.166689057211784,13.661677360534668,6733817,0.0,0.0
2020-12-24 00:00:00+05:30,13.859672026935893,14.552655439459642,13.612177883597752,13.711175918579102,5873835,0.0,0.0
2020-12-28 00:00:00+05:30,14.15666524883699,14.255662340130185,13.810173069022722,13.909171104431152,4840373,0.0,0.0
2020-12-29 00:00:00+05:30,13.90917153432582,14.05766764791284,13.612178363036517,13.760674476623535,4286121,0.0,0.0
2020-12-30 00:00:00+05:30,13.859671991521662,13.859671991521662,13.513179814087529,13.612177848815918,3143924,0.0,0.0
2020-12-31 00:00:00+05:30,13.612177883597752,13.859672026935893,13.612177883597752,13.711175918579102,2926740,0.0,0.0
2021-01-01 00:00:00+05:30,13.760674538325718,14.057667710946726,13.711176462984941,13.958670616149902,4839044,0.0,0.0
2021-01-04 00:00:00+05:30,14.156665273895516,14.354660400947608,13.909171129051593,14.00816822052002,5112472,0.0,0.0
2021-01-05 00:00:00+05:30,13.958670616149902,14.00816869149068,13.711176462984941,13.958670616149902,4650787,0.0,0.0
2021-01-06 00:00:00+05:30,13.958669624592144,14.057666712356681,13.760673560832661,13.859671592712402,5126864,0.0,0.0
2021-01-07 00:00:00+05:30,13.958670122135366,14.05766721342856,13.859672086726938,13.909171104431152,3606445,0.0,0.0
2021-01-08 00:00:00+05:30,14.00816769641681,14.107165728296552,13.810172576772532,13.859671592712402,6179497,0.0,0.0
2021-01-11 00:00:00+05:30,13.958670061917243,14.008168135292685,13.661676901088427,13.711175918579102,3055201,0.0,0.0
2021-01-12 00:00:00+05:30,13.760674197154446,14.55265565646961,13.562679068354464,14.404159545898438,12270276,0.0,0.0
2021-01-13 00:00:00+05:30,14.55265562258782,14.602154640701382,14.057667329682689,14.305161476135254,8552956,0.0,0.0
2021-01-14 00:00:00+05:30,14.354659863880702,14.354659863880702,13.760673560832661,13.859671592712402,6174154,0.0,0.0
2021-01-15 00:00:00+05:30,13.810173009445219,13.958670061917243,13.612177883597752,13.711175918579102,4514601,0.0,0.0
2021-01-18 00:00:00+05:30,13.71117538377709,13.810172470781843,13.463681250092415,13.562678337097168,2970615,0.0,0.0
2021-01-19 00:00:00+05:30,13.661676473068123,14.057666712356681,13.661676473068123,13.859671592712402,5309219,0.0,0.0
2021-01-20 00:00:00+05:30,13.859672648633127,14.30516193780185,13.859672648633127,14.25566291809082,7163486,0.0,0.0
2021-01-21 00:00:00+05:30,14.354660375538614,14.503156484536023,13.859672086726938,13.909171104431152,4937692,0.0,0.0
2021-01-22 00:00:00+05:30,13.90917151219611,13.958670531351451,13.612178341379327,13.661677360534668,2679533,0.0,0.0
2021-01-25 00:00:00+05:30,13.760674823750605,13.90917188519888,13.067691369337858,13.216188430786133,4425191,0.0,0.0
2021-01-27 00:00:00+05:30,13.21618775287527,13.315184844647542,12.523203389893158,12.572702407836914,8857745,0.0,0.0
2021-01-28 00:00:00+05:30,12.523203533892513,13.265685979240653,12.374707422468987,13.0676908493042,6429735,0.0,0.0
2021-01-29 00:00:00+05:30,13.414182662963867,13.562678770271367,13.166688521374553,13.414182662963867,4493626,0.0,0.0
2021-02-01 00:00:00+05:30,13.612177557215956,14.45365800203539,13.513179524608303,14.156664848327637,16425401,0.0,0.0
2021-02-02 00:00:00+05:30,14.354660883567732,14.453658922479825,13.909171596693856,13.958670616149902,6755995,0.0,0.0
2021-02-03 00:00:00+05:30,14.057667710946726,14.10716673040277,13.711176462984941,13.958670616149902,6816089,0.0,0.0
2021-02-04 00:00:00+05:30,13.958670688055188,14.30516193780185,13.859672648633127,14.25566291809082,8383613,0.0,0.0
2021-02-05 00:00:00+05:30,14.354660132708934,15.344636693585413,14.354660132708934,14.651653289794922,24930750,0.0,0.0
2021-02-08 00:00:00+05:30,14.849648912997546,15.097143061547506,14.65165378298063,14.701152801513672,8006934,0.0,0.0
2021-02-09 00:00:00+05:30,14.800149396280306,15.047643536499425,14.503156239194318,14.651653289794922,15516440,0.0,0.0
2021-02-10 00:00:00+05:30,14.651653123135489,14.849648244235588,14.10716583202381,14.156664848327637,9158687,0.0,0.0
2021-02-11 00:00:00+05:30,14.206163864631463,14.404158985731563,14.057666815719982,14.156664848327637,4007745,0.0,0.0
2021-02-12 00:00:00+05:30,14.206164266541204,14.255662340130185,13.909171104431152,13.909171104431152,4349657,0.0,0.0
2021-02-15 00:00:00+05:30,13.909171069830128,14.10716619603921,13.711175943621045,13.810173034667969,4474638,0.0,0.0
2021-02-16 00:00:00+05:30,15.64163043503091,16.532609939575195,15.146642136100281,16.532609939575195,181348035,0.0,0.0
2021-02-17 00:00:00+05:30,16.730604108819353,19.799531936645508,16.285115773183133,19.799531936645508,189819375,0.0,0.0
2021-02-18 00:00:00+05:30,22.571464927691217,23.759437561035156,20.78950786590576,23.759437561035156,140134113,0.0,0.0
2021-02-19 00:00:00+05:30,24.749415455051434,26.135382342888203,21.383495330810547,21.383495330810547,138045437,0.0,0.0
2021-02-22 00:00:00+05:30,19.94802937542235,20.24502350716572,19.255046844482422,19.255046844482422,62268656,0.0,0.0
2021-02-23 00:00:00+05:30,18.809555710298245,19.007551788856762,17.572084939883887,17.7205810546875,58882426,0.0,0.0
2021-02-24 00:00:00+05:30,17.77008078255458,18.562061309814453,17.72058081945676,18.562061309814453,25093439,0.0,0.0
2021-02-25 00:00:00+05:30,19.304543061866337,19.453039169311523,19.057048920047535,19.453039169311523,4460161,0.0,0.0
2021-02-26 00:00:00+05:30,19.30454293783609,20.195521465013204,18.611558589903645,19.057048797607422,33731628,0.0,0.0
2021-03-01 00:00:00+05:30,19.799531510065314,19.799531510065314,18.26506857332744,18.413564682006836,13423237,0.0,0.0
2021-03-02 00:00:00+05:30,18.562060107796373,18.6610581393507,17.720579671930192,17.869075775146484,12277158,0.0,0.0
2021-03-03 00:00:00+05:30,18.067072835603252,18.562061132469097,17.77008061277595,17.968074798583984,16254582,0.0,0.0
2021-03-04 00:00:00+05:30,17.81957909396676,18.06707324804963,17.621583015408245,17.7205810546875,9943290,0.0,0.0
2021-03-05 00:00:00+05:30,17.819579051407676,17.968075165856632,17.423588783466947,17.522586822509766,5235407,0.0,0.0
2021-03-08 00:00:00+05:30,18.364065170288086,18.364065170288086,18.017574870955887,18.364065170288086,6543063,0.0,0.0
2021-03-09 00:00:00+05:30,19.255045859897223,19.255045859897223,18.067073170130666,19.156047821044922,23179147,0.0,0.0
2021-03-10 00:00:00+05:30,19.255046176707122,19.255046176707122,18.265069548356742,18.512563705444336,12776811,0.0,0.0
2021-03-12 00:00:00+05:30,19.10654921041561,19.403543348002323,18.562062790519313,18.80955696105957,11534679,0.0,0.0
2021-03-15 00:00:00+05:30,19.60153609961433,19.60153609961433,18.71055752931014,18.958051681518555,12290332,0.0,0.0
2021-03-16 00:00:00+05:30,19.1065472032664,19.1065472032664,18.26506862241167,18.61155891418457,6487800,0.0,0.0
2021-03-17 00:00:00+05:30,18.611559158298004,19.205545490633153,17.72058060391053,17.77008056640625,10461912,0.0,0.0
2021-03-18 00:00:00+05:30,17.819578877508622,18.116571103508225,16.928600311279297,16.928600311279297,8879003,0.0,0.0
2021-03-19 00:00:00+05:30,16.334613278949206,16.68110545342149,16.087119138359068,16.18611717224121,18796169,0.0,0.0
2021-03-22 00:00:00+05:30,16.28511554229473,16.58210776184149,15.641630197007855,15.74062728881836,11643707,0.0,0.0
2021-03-23 00:00:00+05:30,15.93862403942336,16.483110427856445,15.93862403942336,16.483110427856445,25679070,0.0,0.0
2021-03-24 00:00:00+05:30,16.82960362220878,17.22559391802638,16.33461528037911,16.582109451293945,18783235,0.0,0.0
2021-03-25 00:00:00+05:30,16.582107881281935,16.68110591792076,15.79012642051706,16.13661766052246,10147195,0.0,0.0
2021-03-26 00:00:00+05:30,16.334613733800115,16.6316059554861,16.13661766052246,16.13661766052246,5308238,0.0,0.0
2021-03-30 00:00:00+05:30,16.33461421086238,16.384112286512167,15.839625901442307,16.087120056152344,5162815,0.0,0.0
2021-03-31 00:00:00+05:30,16.38411180800428,16.43361177043894,16.087119586318295,16.13661766052246,6828148,0.0,0.0
2021-04-01 00:00:00+05:30,16.780104198279496,16.928600311279297,16.43361200912628,16.928600311279297,8637139,0.0,0.0
2021-04-05 00:00:00+05:30,17.225592287088567,17.27509224952323,16.087119586318295,16.13661766052246,12981835,0.0,0.0
2021-04-06 00:00:00+05:30,16.13661766052246,16.6316059554861,15.88912351304064,16.13661766052246,7521920,0.0,0.0
2021-04-07 00:00:00+05:30,16.28511623580376,16.928600664378468,16.037622079564983,16.483110427856445,12972684,0.0,0.0
2021-04-08 00:00:00+05:30,16.631606022939334,16.73060405997967,16.235615763008493,16.334613800048828,5554636,0.0,0.0
2021-04-09 00:00:00+05:30,16.483109907986456,17.968074798583984,16.38411187096719,17.968074798583984,18509810,0.0,0.0
2021-04-12 00:00:00+05:30,18.067072960149844,18.66105929812964,16.48311002161389,16.73060417175293,19786439,0.0,0.0
2021-04-13 00:00:00+05:30,17.225592805131733,18.21556942483161,16.78010445920512,17.918577194213867,30766243,0.0,0.0
2021-04-15 00:00:00+05:30,17.027599836554888,17.62158434043299,16.879101822354677,17.176095962524414,9596554,0.0,0.0
2021-04-16 00:00:00+05:30,17.423588130532448,17.621582312967874,16.928599842098176,16.978097915649414,12851959,0.0,0.0
2021-04-19 00:00:00+05:30,16.433612250392503,16.48311032604229,15.691129786262396,16.087120056152344,11471858,0.0,0.0
2021-04-20 00:00:00+05:30,16.433612250392503,16.631606441222203,15.988122016622219,16.087120056152344,7165880,0.0,0.0
2021-04-22 00:00:00+05:30,15.889123947046237,16.186118065075004,15.64163073691948,15.98812198638916,7849031,0.0,0.0
2021-04-23 00:00:00+05:30,15.889123916625977,16.136618070394174,15.740627802011167,15.889123916625977,5648442,0.0,0.0
2021-04-26 00:00:00+05:30,16.08712002573208,16.186118065075004,15.889123947046237,15.98812198638916,3221679,0.0,0.0
2021-04-27 00:00:00+05:30,16.087119138359068,16.334613278949206,15.938623031651073,16.18611717224121,5076967,0.0,0.0
2021-04-28 00:00:00+05:30,16.235615297233817,16.532609399834524,16.186117224248925,16.384111404418945,4894711,0.0,0.0
2021-04-29 00:00:00+05:30,16.532609346713496,16.582107419539348,16.037621065533216,16.18611717224121,4499446,0.0,0.0
2021-04-30 00:00:00+05:30,15.988121549679468,16.28511565959595,15.988121549679468,16.13661766052246,3436792,0.0,0.0
2021-05-03 00:00:00+05:30,15.988122016622219,16.13661813180213,15.889123977092094,16.087120056152344,2950792,0.0,0.0
2021-05-04 00:00:00+05:30,16.23561677114456,17.225593426558625,16.186118693666106,16.631607055664062,14008867,0.0,0.0
2021-05-05 00:00:00+05:30,16.97809926270511,17.027599228414186,16.58210897818561,16.631607055664062,5958783,0.0,0.0
2021-05-06 00:00:00+05:30,16.730603580004548,17.027597682605254,16.08711919004869,16.384111404418945,4809939,0.0,0.0
2021-05-07 00:00:00+05:30,16.285114736239372,16.978097176958467,15.988120643162283,16.235614776611328,8095001,0.0,0.0
2021-05-10 00:00:00+05:30,16.433612823486328,16.582108943844784,16.285116703127873,16.433612823486328,4796056,0.0,0.0
2021-05-11 00:00:00+05:30,16.33461397104957,16.97809838620239,16.136617894896155,16.928600311279297,11486004,0.0,0.0
2021-05-12 00:00:00+05:30,17.0275991481159,18.61156027872431,16.928601105395224,18.26506996154785,40265313,0.0,0.0
2021-05-14 00:00:00+05:30,18.71055762633195,18.859053740780908,17.27509266901799,17.522586822509766,17275531,0.0,0.0
2021-05-17 00:00:00+05:30,17.671082063665985,18.067072312037148,17.62158210247556,17.819578170776367,7270701,0.0,0.0
2021-05-18 00:00:00+05:30,17.91857761099905,18.116571806606032,17.572085408398596,17.671083450317383,5527711,0.0,0.0
2021-05-19 00:00:00+05:30,17.62158228866594,19.20554518711726,17.32459007130715,18.413564682006836,33215604,0.0,0.0
2021-05-20 00:00:00+05:30,18.562061132469097,18.710557243882747,17.81957868717033,17.968074798583984,8182098,0.0,0.0
2021-05-21 00:00:00+05:30,18.116571953351528,18.413566081513565,18.01757579886146,18.26506996154785,9389862,0.0,0.0
2021-05-24 00:00:00+05:30,18.51256244439653,19.30454293783609,18.463062483412532,19.057048797607422,19936484,0.0,0.0
2021-05-25 00:00:00+05:30,19.453039985935387,19.453039985935387,18.908553606369086,18.958051681518555,8343110,0.0,0.0
2021-05-26 00:00:00+05:30,19.007550200807945,19.255044334213096,18.85905221018054,18.908552169799805,5382442,0.0,0.0
2021-05-27 00:00:00+05:30,19.05705023284478,19.255046315231507,18.760057997495277,19.106548309326172,8009621,0.0,0.0
2021-05-28 00:00:00+05:30,19.25504486508253,19.453039044327202,19.007550724853864,19.057048797607422,9297247,0.0,0.0
2021-05-31 00:00:00+05:30,19.25504575261387,19.25504575261387,18.611559447774482,18.76005744934082,8014194,0.0,0.0
2021-06-01 00:00:00+05:30,18.859053470168956,18.859053470168956,18.364065170288086,18.364065170288086,4704342,0.0,0.0
2021-06-02 00:00:00+05:30,18.36406517551561,20.195522263242275,18.36406517551561,19.997528076171875,31060140,0.0,0.0
2021-06-03 00:00:00+05:30,20.44301513686558,21.086499509070958,19.50253855848246,20.54201316833496,34677605,0.0,0.0
2021-06-04 00:00:00+05:30,20.938004060118555,21.729986448385986,20.492515736934177,21.08650016784668,37587230,0.0,0.0
2021-06-07 00:00:00+05:30,22.769460678100586,24.254425504933234,22.274472402489703,22.769460678100586,64145845,0.0,0.0
2021-06-08 00:00:00+05:30,23.56144116378583,24.254425504933234,22.026978264684264,22.769460678100586,41498504,0.0,0.0
2021-06-09 00:00:00+05:30,22.76946171801458,22.868459755304222,21.284496823361454,21.432992935180664,23664396,0.0,0.0
2021-06-10 00:00:00+05:30,21.432993345126825,21.680487498969466,20.59151284441573,21.18549919128418,17301326,0.0,0.0
2021-06-11 00:00:00+05:30,21.333994851848413,21.779485074575106,21.086500703273696,21.23499870300293,6732466,0.0,0.0
2021-06-14 00:00:00+05:30,21.3834936034791,21.581487778187462,19.799530764660204,20.54201316833496,10873999,0.0,0.0
2021-06-15 00:00:00+05:30,20.49251652989128,20.888506795232594,20.344018528186574,20.59151268005371,6928753,0.0,0.0
2021-06-16 00:00:00+05:30,20.591511709461038,20.789507776914302,20.245021423763482,20.492515563964844,5303398,0.0,0.0
2021-06-17 00:00:00+05:30,20.245022784009564,21.234999411330705,20.09652477932694,20.344018936157227,7917968,0.0,0.0
2021-06-18 00:00:00+05:30,20.64101248855408,20.789508600914505,19.255045626139214,19.997528076171875,7785736,0.0,0.0
2021-06-21 00:00:00+05:30,19.60153529083728,23.957433700561523,19.255045002626424,23.957433700561523,76043499,0.0,0.0
2021-06-22 00:00:00+05:30,27.224355963317752,28.016336472412984,24.79891258583907,24.947410583496094,117093255,0.0,0.0
2021-06-23 00:00:00+05:30,25.19490483357774,25.19490483357774,23.313947812237263,23.70993995666504,25304740,0.0,0.0
2021-06-24 00:00:00+05:30,23.80893633300227,23.90793437005916,22.67046362742431,22.868459701538086,16583621,0.0,0.0
2021-06-25 00:00:00+05:30,22.769461660674125,25.095907034084757,22.521967512188535,24.501920700073242,38439498,0.0,0.0
2021-06-28 00:00:00+05:30,25.244402185429973,26.630368986591808,24.55141784073384,26.0363826751709,64105736,0.0,0.0
2021-06-29 00:00:00+05:30,26.036383548460993,26.234379621652455,25.293901106338755,25.739391326904297,20046319,0.0,0.0
2021-06-30 00:00:00+05:30,25.8383890536156,29.35280514888631,25.788889091796147,27.818342208862305,98795702,0.0,0.0
2021-07-01 00:00:00+05:30,28.11533435691626,28.8083187148209,27.372851925545778,27.620346069335938,33155114,0.0,0.0
2021-07-02 00:00:00+05:30,27.620346069335938,28.610322644496584,26.72936752933745,27.620346069335938,26315215,0.0,0.0
2021-07-05 00:00:00+05:30,27.8183424290209,28.115334649366158,26.729367807370807,26.97686195373535,17251655,0.0,0.0
2021-07-06 00:00:00+05:30,26.97686213276806,27.174858206465895,25.64039335588391,25.937387466430664,15824343,0.0,0.0
2021-07-07 00:00:00+05:30,25.93738575746781,27.174856415968556,25.93738575746781,26.531370162963867,12852669,0.0,0.0
2021-07-08 00:00:00+05:30,26.630368986591808,26.778865092389427,25.838388496850882,26.0363826751709,8124013,0.0,0.0
2021-07-09 00:00:00+05:30,25.739392309965048,26.135382583241476,25.49189815313846,25.838390350341797,8759965,0.0,0.0
2021-07-12 00:00:00+05:30,26.085884507168384,26.43237670437172,25.78889038603814,25.838390350341797,6759846,0.0,0.0
2021-07-13 00:00:00+05:30,26.08588379724811,26.976862359929967,25.78888968420048,26.729368209838867,21571128,0.0,0.0
2021-07-14 00:00:00+05:30,26.679871233305043,26.679871233305043,24.749416027841193,25.392900466918945,16950414,0.0,0.0
2021-07-15 00:00:00+05:30,25.541395594154377,25.83838970790021,25.14540533072379,25.293901443481445,8825787,0.0,0.0
2021-07-16 00:00:00+05:30,25.491897474030903,25.491897474030903,24.996909173564283,25.09590721130371,6036543,0.0,0.0
2021-07-19 00:00:00+05:30,24.69991532229237,24.947409456230247,24.303923197407453,24.452421188354492,8551508,0.0,0.0
2021-07-20 00:00:00+05:30,23.957433023647486,24.20492715865116,23.1654506586975,23.412944793701172,13265984,0.0,0.0
2021-07-22 00:00:00+05:30,24.600919252439088,26.729368596354544,24.55141928876677,24.65041732788086,12794501,0.0,0.0
2021-07-23 00:00:00+05:30,24.699916045033042,25.937386750931882,23.95743362149374,25.194904327392578,20317755,0.0,0.0
2021-07-26 00:00:00+05:30,25.244403674334848,25.244403674334848,24.55141928876677,24.65041732788086,6606693,0.0,0.0
2021-07-27 00:00:00+05:30,24.650416811518497,25.244403145530008,24.35342458862799,24.501920700073242,8096213,0.0,0.0
2021-07-28 00:00:00+05:30,24.551419661622187,25.04640797647933,23.957435194378068,24.20492935180664,13098685,0.0,0.0
2021-07-29 00:00:00+05:30,24.5514191840214,24.65041722271313,24.155428917485033,24.254426956176758,6473080,0.0,0.0
2021-07-30 00:00:00+05:30,24.25442689352238,24.699917122369083,23.907934703111668,24.05643081665039,6755871,0.0,0.0
2021-08-02 00:00:00+05:30,24.254426253469365,24.35342428929289,23.115953562075063,23.511943817138672,9299440,0.0,0.0
2021-08-03 00:00:00+05:30,23.36344793117992,23.36344793117992,22.571465525240477,22.67046356201172,15262595,0.0,0.0
2021-08-04 00:00:00+05:30,22.521967004116384,23.11595332472818,22.521967004116384,22.71996307373047,9386332,0.0,0.0
2021-08-05 00:00:00+05:30,22.86845932788842,22.96745736332777,21.482492496428918,21.68048667907715,10776747,0.0,0.0
2021-08-06 00:00:00+05:30,21.82898278812094,22.472469074361488,21.581488643637798,21.68048667907715,7479579,0.0,0.0
2021-08-09 00:00:00+05:30,21.828982130296666,22.3239704043463,20.987503574996623,21.13599967956543,5750955,0.0,0.0
2021-08-10 00:00:00+05:30,21.037002863708,21.037002863708,20.047026258357036,20.393518447875977,6479259,0.0,0.0
2021-08-11 00:00:00+05:30,20.344018375602705,20.344018375602705,19.40354173849964,19.997528076171875,9040409,0.0,0.0
2021-08-12 00:00:00+05:30,20.146023131466162,21.68048602572786,19.997527026897355,21.13599967956543,14827927,0.0,0.0
2021-08-13 00:00:00+05:30,21.284497187830468,21.63098938016219,20.938004995498748,20.987504959106445,4933410,0.0,0.0
2021-08-16 00:00:00+05:30,20.98750525450042,21.136001370952478,20.294520860083395,20.344018936157227,3950277,0.0,0.0
2021-08-17 00:00:00+05:30,20.245020962157216,20.888505334362595,19.948026867749075,20.54201316833496,4189083,0.0,0.0
2021-08-18 00:00:00+05:30,20.542015494369878,20.938005776856187,20.14602521188357,20.29452133178711,3991689,0.0,0.0
2021-08-20 00:00:00+05:30,19.799532408003177,20.19552267851713,19.651036292589264,19.75003433227539,4447516,0.0,0.0
2021-08-23 00:00:00+05:30,19.849029291046982,20.04702535852209,18.809554657378754,19.057048797607422,5140908,0.0,0.0
2021-08-24 00:00:00+05:30,19.007550846975956,20.04702548732273,18.958050885673927,19.453039169311523,3515022,0.0,0.0
2021-08-25 00:00:00+05:30,19.700533568028515,20.443016003167003,19.45303942298235,20.24502182006836,6580783,0.0,0.0
2021-08-26 00:00:00+05:30,20.19552078904929,20.344016890570092,19.898528586007686,19.948026657104492,2699449,0.0,0.0
2021-08-27 00:00:00+05:30,19.89852924983549,20.789507776914302,19.601535148655593,20.492515563964844,3658335,0.0,0.0
2021-08-30 00:00:00+05:30,20.690510265770737,21.03700244845013,20.492516081547148,20.64101219177246,3447743,0.0,0.0
2021-08-31 00:00:00+05:30,20.591511239954453,21.43299167509859,20.096522970837945,20.54201316833496,5738336,0.0,0.0
2021-09-01 00:00:00+05:30,20.49251509671547,20.888505334362595,20.29451903377671,20.54201316833496,3775012,0.0,0.0
2021-09-02 00:00:00+05:30,20.641011670439575,20.740009704166205,20.393517530238213,20.492515563964844,2743874,0.0,0.0
2021-09-03 00:00:00+05:30,20.542014155545424,21.086500522448407,20.492516081547148,20.64101219177246,4389736,0.0,0.0
2021-09-06 00:00:00+05:30,20.69050927142383,20.938003405982084,20.44301513686558,20.54201316833496,3392479,0.0,0.0
2021-09-07 00:00:00+05:30,20.740010110160686,20.740010110160686,20.09652382245628,20.24502182006836,2402582,0.0,0.0
2021-09-08 00:00:00+05:30,20.294519893785402,20.443016003167003,20.1460237844038,20.24502182006836,2537059,0.0,0.0
2021-09-09 00:00:00+05:30,20.443017959594727,20.641014049872375,20.29452183600182,20.443017959594727,3208840,0.0,0.0
2021-09-13 00:00:00+05:30,20.44301745169065,20.591513571594188,20.19552328910788,20.29452133178711,2494261,0.0,0.0
2021-09-14 00:00:00+05:30,20.294520860083395,20.49251694083985,20.245022784009564,20.344018936157227,2958797,0.0,0.0
2021-09-15 00:00:00+05:30,20.492516652412714,21.383495226815324,20.294520574443006,20.987504959106445,10183083,0.0,0.0
2021-09-16 00:00:00+05:30,20.98750370880499,23.36344706174526,20.938003748146183,22.967456817626953,30040352,0.0,0.0
2021-09-17 00:00:00+05:30,22.86845878453977,24.056429516894692,21.97748026321597,22.967456817626953,23650016,0.0,0.0
2021-09-20 00:00:00+05:30,22.472469445876513,22.571465594722,21.086500703273696,21.23499870300293,6728976,0.0,0.0
2021-09-21 00:00:00+05:30,21.383495269650513,21.48249330883368,20.542014768939417,21.18549919128418,5541486,0.0,0.0
2021-09-22 00:00:00+05:30,21.185499148845615,21.482493265800176,20.938004995498748,20.987504959106445,3829734,0.0,0.0
2021-09-23 00:00:00+05:30,21.284498128222097,21.383496171580884,20.839007877222873,20.888507843017578,3706292,0.0,0.0
2021-09-24 00:00:00+05:30,20.987504896963532,21.23499904957758,20.641012705657758,20.789508819580078,2976322,0.0,0.0
2021-09-27 00:00:00+05:30,20.888508218604102,21.136002387335832,20.393519881140644,20.443017959594727,3588782,0.0,0.0
2021-09-28 00:00:00+05:30,21.03700344979722,21.08650152615157,20.641013174270682,20.74001121520996,4470718,0.0,0.0
2021-09-29 00:00:00+05:30,20.690510842151884,21.482493265800176,20.542014727789873,20.987504959106445,7617331,0.0,0.0
2021-09-30 00:00:00+05:30,21.779486211074694,24.897912268196087,21.581490126590865,21.927982330322266,53254854,0.0,0.0
2021-10-01 00:00:00+05:30,21.482493069320146,22.274473597494406,21.28449699316132,22.026979446411133,9169052,0.0,0.0
2021-10-04 00:00:00+05:30,22.27447366100307,22.57146588785757,22.125977547575825,22.2249755859375,5012245,0.0,0.0
2021-10-05 00:00:00+05:30,22.175475220139628,23.561442067355138,21.97748103524055,22.472469329833984,9965529,0.0,0.0
2021-10-06 00:00:00+05:30,22.6209662709889,22.967458467570243,21.779485761642945,21.977481842041016,6838404,0.0,0.0
2021-10-07 00:00:00+05:30,22.274473597494406,22.47246967365323,21.92798140833172,22.026979446411133,3618918,0.0,0.0
2021-10-08 00:00:00+05:30,22.274473256704415,22.719963477130698,22.076477183574845,22.472469329833984,6215346,0.0,0.0
2021-10-11 00:00:00+05:30,22.67046397038633,22.86846004749542,22.32397177956069,22.422969818115234,5143538,0.0,0.0
2021-10-12 00:00:00+05:30,22.323971882983944,23.21495234587208,22.125977693188112,22.818960189819336,12114302,0.0,0.0
2021-10-13 00:00:00+05:30,23.1654519709714,23.561442231763202,22.86845974743517,23.06645393371582,11417716,0.0,0.0
2021-10-14 00:00:00+05:30,23.264449028658078,23.462445094832443,22.917956856968146,22.967456817626953,6413726,0.0,0.0
2021-10-18 00:00:00+05:30,23.165451122075446,23.66043940198403,23.01695501574896,23.363447189331055,10514810,0.0,0.0
2021-10-19 00:00:00+05:30,23.709940496671038,23.858436610098288,22.02697950921415,22.2249755859375,9263871,0.0,0.0
2021-10-20 00:00:00+05:30,22.422969300596904,22.62096537313628,21.977480969729044,22.274473190307617,6589118,0.0,0.0
2021-10-21 00:00:00+05:30,22.472468468026225,23.165450920943208,22.026978264684264,22.769460678100586,11636767,0.0,0.0
2021-10-22 00:00:00+05:30,23.066454300020478,23.214952302377306,22.47246984351531,22.6209659576416,6837820,0.0,0.0
2021-10-25 00:00:00+05:30,22.868459519695254,23.06645370400414,22.026979043748643,22.274473190307617,7545697,0.0,0.0
2021-10-26 00:00:00+05:30,22.472468663141697,23.75943743561183,22.42296870221258,23.363447189331055,18971424,0.0,0.0
2021-10-27 00:00:00+05:30,23.462446455331307,23.51194453062989,22.57146599411248,22.6209659576416,11071205,0.0,0.0
2021-10-28 00:00:00+05:30,22.571465292392386,22.769461363892336,21.72998670909379,21.878482818603516,6429921,0.0,0.0
2021-10-29 00:00:00+05:30,21.779483717454113,21.927979819699768,21.03700131799545,21.58148765563965,5556877,0.0,0.0
2021-11-01 00:00:00+05:30,21.72998564611569,21.878481748361345,21.432991553393993,21.58148765563965,2899528,0.0,0.0
2021-11-02 00:00:00+05:30,21.68048622998633,21.878482296763732,21.531990124018495,21.7299861907959,4240699,0.0,0.0
2021-11-03 00:00:00+05:30,21.878484160885726,22.02698027950594,21.43299391679449,21.531991958618164,3915214,0.0,0.0
2021-11-04 00:00:00+05:30,21.72998715732325,21.87848326989604,21.68048719431198,21.828983306884766,971477,0.0,0.0
2021-11-08 00:00:00+05:30,22.076477994009487,22.175476034208522,21.581489681244875,21.977481842041016,4043794,0.0,0.0
2021-11-09 00:00:00+05:30,22.076477584279722,22.57146588785757,21.8289834324908,22.2249755859375,5498872,0.0,0.0
2021-11-10 00:00:00+05:30,22.12597737441094,22.620965674114853,21.58148911179833,21.63098907470703,9867581,0.0,0.0
2021-11-11 00:00:00+05:30,21.680487149385215,21.828983261650286,21.531991037120147,21.63098907470703,2663748,0.0,0.0
2021-11-12 00:00:00+05:30,21.779485186972103,21.878483224558988,21.58148911179833,21.63098907470703,1895495,0.0,0.0
2021-11-15 00:00:00+05:30,21.77948611906205,21.878484160885726,21.28449779817428,21.531991958618164,2701291,0.0,0.0
2021-11-16 00:00:00+05:30,21.531991445894747,21.630989485361063,21.28449729134423,21.383495330810547,2014492,0.0,0.0
2021-11-17 00:00:00+05:30,21.284496307373047,21.630988485371724,21.234998234043434,21.284496307373047,1904579,0.0,0.0
2021-11-18 00:00:00+05:30,21.383495688318945,21.4824937294404,20.88850737094226,20.938005447387695,2716222,0.0,0.0
2021-11-22 00:00:00+05:30,21.037002257358882,21.086500330907537,19.601535465682204,20.047025680541992,4291799,0.0,0.0
2021-11-23 00:00:00+05:30,20.09652477932694,20.591513092987512,19.948028662874883,20.344018936157227,3395717,0.0,0.0
2021-11-24 00:00:00+05:30,22.373471293269198,23.412945956623208,22.323971330871558,22.472469329833984,38546856,0.0,0.0
2021-11-25 00:00:00+05:30,22.472470293344085,23.462446924976327,21.680487855099948,22.57146644592285,15840333,0.0,0.0
2021-11-26 00:00:00+05:30,21.72998715732325,22.175475495041614,21.43299304394716,21.828983306884766,7914609,0.0,0.0
2021-11-29 00:00:00+05:30,21.828983148997846,21.828983148997846,21.086500703273696,21.23499870300293,3909622,0.0,0.0
2021-11-30 00:00:00+05:30,20.789507510084604,21.68048602572786,20.789507510084604,21.13599967956543,3217029,0.0,0.0
2021-12-01 00:00:00+05:30,21.284497230467345,21.5814894597863,20.987505001148392,21.18549919128418,3072114,0.0,0.0
2021-12-02 00:00:00+05:30,21.284496823361454,21.581489046999877,21.0370026742526,21.432992935180664,2822397,0.0,0.0
2021-12-03 00:00:00+05:30,21.482494354248047,21.729988520134633,21.284498266246523,21.482494354248047,3059130,0.0,0.0
2021-12-06 00:00:00+05:30,21.53199092600039,21.680487037499116,21.136000665926943,21.23499870300293,2609771,0.0,0.0
2021-12-07 00:00:00+05:30,21.432992935180664,21.581489046999877,21.284496823361454,21.432992935180664,2616365,0.0,0.0
2021-12-08 00:00:00+05:30,21.482491512962802,21.779483717454113,21.482491512962802,21.58148765563965,2995380,0.0,0.0
2021-12-09 00:00:00+05:30,21.68048596924037,22.91795665114028,21.383493760876554,22.373470306396484,8605906,0.0,0.0
2021-12-10 00:00:00+05:30,22.37347190638645,23.660440752304957,22.076477788553337,23.016956329345703,12673579,0.0,0.0
2021-12-13 00:00:00+05:30,23.31394750611181,23.462445502437603,22.620965038923426,22.71996307373047,6405836,0.0,0.0
2021-12-14 00:00:00+05:30,22.47246873722434,22.620964844040355,22.02697852854584,22.1259765625,4612335,0.0,0.0
2021-12-15 00:00:00+05:30,22.22497599842332,22.373472114606592,21.779485761642945,21.977481842041016,2783528,0.0,0.0
2021-12-16 00:00:00+05:30,22.1754745086994,22.224974469508965,21.58148819659763,21.7299861907959,2725497,0.0,0.0
2021-12-17 00:00:00+05:30,21.680487037499116,21.779485074575106,21.086500703273696,21.23499870300293,3145978,0.0,0.0
2021-12-20 00:00:00+05:30,20.88850737094226,21.28449764719749,19.70053465394598,20.938005447387695,6590313,0.0,0.0
2021-12-21 00:00:00+05:30,20.888506858271803,21.432993238730496,20.641012705657758,20.789508819580078,4116968,0.0,0.0
2021-12-22 00:00:00+05:30,20.888506386292867,21.086500570972074,20.690510313383164,20.839006423950195,2760239,0.0,0.0
2021-12-23 00:00:00+05:30,20.98750541206371,21.234999570752056,20.789509329820806,20.938005447387695,3637615,0.0,0.0
2021-12-24 00:00:00+05:30,20.987503772726296,23.06645303273684,20.492515494013226,21.7299861907959,16044909,0.0,0.0
2021-12-27 00:00:00+05:30,21.284496307373047,21.630988485371724,21.086500237593672,21.284496307373047,3375178,0.0,0.0
2021-12-28 00:00:00+05:30,21.43299241559235,21.531990450482038,21.18549827248336,21.284496307373047,1849648,0.0,0.0
2021-12-29 00:00:00+05:30,21.333994851848413,21.482492851577646,21.086500703273696,21.23499870300293,2161567,0.0,0.0
2021-12-30 00:00:00+05:30,21.234998637013245,21.33399478555109,20.93800452670822,21.037002563476562,2571328,0.0,0.0
2021-12-31 00:00:00+05:30,21.086500637745484,21.33399478555109,20.98750448920764,21.037002563476562,2404361,0.0,0.0
2022-01-03 00:00:00+05:30,21.037002628850953,21.482492851577646,21.037002628850953,21.23499870300293,2900536,0.0,0.0
2022-01-04 00:00:00+05:30,21.33399438070266,21.482492377152425,21.18549827248336,21.284496307373047,2837091,0.0,0.0
2022-01-05 00:00:00+05:30,21.28449779817428,21.878484160885726,21.185499756350605,21.531991958618164,5080177,0.0,0.0
2022-01-06 00:00:00+05:30,21.383495330810547,21.630989485361063,20.987505061175835,21.383495330810547,3022148,0.0,0.0
2022-01-07 00:00:00+05:30,21.432993860656172,21.72998798534929,21.185499700860532,21.333995819091797,3904175,0.0,0.0
2022-01-10 00:00:00+05:30,21.333995068085766,22.373471635573818,21.333995068085766,22.026979446411133,12669772,0.0,0.0
2022-01-11 00:00:00+05:30,22.125975881514233,22.125975881514233,21.432991553393993,21.58148765563965,3683016,0.0,0.0
2022-01-12 00:00:00+05:30,21.63099047613387,21.87848464202046,21.432994388132347,21.482494354248047,3328521,0.0,0.0
2022-01-13 00:00:00+05:30,21.58149051001817,22.026980763906284,21.333996344131585,21.482494354248047,4062731,0.0,0.0
2022-01-14 00:00:00+05:30,21.432992935180664,21.68048708428952,21.284496823361454,21.432992935180664,2407036,0.0,0.0
2022-01-17 00:00:00+05:30,21.48249382555365,21.581489978887436,21.284497742424904,21.333995819091797,2427813,0.0,0.0
2022-01-18 00:00:00+05:30,21.383493816590246,21.482491849046255,21.03700164710942,21.13599967956543,3411825,0.0,0.0
2022-01-19 00:00:00+05:30,21.185499251877918,21.531991445894747,20.987505061175835,21.383495330810547,3746570,0.0,0.0
2022-01-20 00:00:00+05:30,21.333993856247034,21.531989921159052,21.086499719222218,21.13599967956543,2619039,0.0,0.0
2022-01-21 00:00:00+05:30,21.086500570972074,21.136000533314746,20.789508349838016,20.839006423950195,2889436,0.0,0.0
2022-01-24 00:00:00+05:30,20.839006186703315,20.888506148482442,19.79953153633777,20.047025680541992,5058548,0.0,0.0
2022-01-25 00:00:00+05:30,20.096523936638988,20.789508301997778,19.8985297524154,20.64101219177246,4092534,0.0,0.0
2022-01-27 00:00:00+05:30,20.34401923319527,21.680488077238376,20.29452115639873,21.531991958618164,8181526,0.0,0.0
2022-01-28 00:00:00+05:30,21.77948560044526,22.521968064096804,21.234999215726347,21.383495330810547,16609071,0.0,0.0
2022-01-31 00:00:00+05:30,21.878484160885726,21.9774822027094,21.333995874970817,21.531991958618164,4016569,0.0,0.0
2022-02-01 00:00:00+05:30,21.8784835773358,22.026979691995276,20.987505001148392,21.18549919128418,6654528,0.0,0.0
2022-02-02 00:00:00+05:30,21.383496310247285,21.63099047613387,21.136002144360695,21.482494354248047,7329585,0.0,0.0
2022-02-03 00:00:00+05:30,21.531991546804257,22.472470093795973,21.432993506873984,21.77948570251465,10433882,0.0,0.0
2022-02-04 00:00:00+05:30,21.779486062016183,21.828984138683076,21.185499700860532,21.333995819091797,3613692,0.0,0.0
2022-02-07 00:00:00+05:30,21.284496307373047,21.828982666920638,21.18549827248336,21.284496307373047,4776528,0.0,0.0
2022-02-08 00:00:00+05:30,21.432993764764383,21.680487923452723,20.83900740626624,20.938005447387695,4025042,0.0,0.0
2022-02-09 00:00:00+05:30,20.987504959106445,21.234999112453313,20.888506920121593,20.987504959106445,2185186,0.0,0.0
2022-02-10 00:00:00+05:30,21.28449764719749,21.28449764719749,20.88850737094226,20.938005447387695,2696555,0.0,0.0
2022-02-11 00:00:00+05:30,20.542014604972493,20.93800487031381,20.542014604972493,20.59151268005371,2391016,0.0,0.0
2022-02-14 00:00:00+05:30,20.19552365998943,20.294521704486712,19.79953337023094,19.849031448364258,3182244,0.0,0.0
2022-02-15 00:00:00+05:30,19.997528120836982,20.294520346221184,19.502539819709636,20.19552230834961,3672389,0.0,0.0
2022-02-16 00:00:00+05:30,20.245022784009564,20.49251694083985,20.245022784009564,20.344018936157227,2238798,0.0,0.0
2022-02-17 00:00:00+05:30,20.44301545635482,20.59151156176443,20.04702521251905,20.09652328491211,1480503,0.0,0.0
2022-02-18 00:00:00+05:30,19.89853141472822,20.047027537358826,19.79953337023094,19.849031448364258,2048638,0.0,0.0
2022-02-21 00:00:00+05:30,19.7500328171437,19.9480269930962,19.453038720869344,19.502538681030273,2298219,0.0,0.0
2022-02-22 00:00:00+05:30,18.80955696105957,19.10654921041561,18.017576370623015,18.80955696105957,3564880,0.0,0.0
2022-02-23 00:00:00+05:30,18.859053194856468,19.304543413538003,18.859053194856468,19.007551193237305,2111003,0.0,0.0
2022-02-24 00:00:00+05:30,18.116571748866377,18.710558110255402,17.374089269187746,17.473087310791016,5544223,0.0,0.0
2022-02-25 00:00:00+05:30,17.81957915459777,18.710557734681547,17.770081078904997,17.918577194213867,6131025,0.0,0.0
2022-02-28 00:00:00+05:30,18.017574310302734,18.215568491155786,17.671082133521825,18.017574310302734,3696326,0.0,0.0
2022-03-02 00:00:00+05:30,17.918576788785224,18.265068975486503,17.81957875140907,18.16607093811035,2232821,0.0,0.0
2022-03-03 00:00:00+05:30,18.31456849501586,18.512564585389374,18.116572404642344,18.2155704498291,2285898,0.0,0.0
2022-03-04 00:00:00+05:30,18.067072383458385,18.413564560239294,17.96807434891663,18.017574310302734,2863958,0.0,0.0
2022-03-07 00:00:00+05:30,17.81958002753011,17.918578071995853,17.324591693432055,17.621583938598633,2759436,0.0,0.0
2022-03-08 00:00:00+05:30,17.72058111498167,18.017575233829966,17.5720849996728,17.918577194213867,2758280,0.0,0.0
2022-03-09 00:00:00+05:30,17.968073498193572,18.463061759235988,17.918575427381477,18.314565658569336,2491004,0.0,0.0
2022-03-10 00:00:00+05:30,18.463062805106116,18.90855302057195,18.413564731490123,18.61155891418457,3099067,0.0,0.0
2022-03-11 00:00:00+05:30,18.66105982205078,18.76005786253193,18.364065700607323,18.512563705444336,1932003,0.0,0.0
2022-03-14 00:00:00+05:30,18.710556899365628,18.710556899365628,18.314566646810416,18.413564682006836,1582521,0.0,0.0
2022-03-15 00:00:00+05:30,18.4630641587586,18.661060244199955,18.166071918827175,18.26506996154785,1949039,0.0,0.0
2022-03-16 00:00:00+05:30,18.413563688423892,18.463061759235988,18.21556762871478,18.314565658569336,1535301,0.0,0.0
2022-03-17 00:00:00+05:30,18.364065170288086,18.51256317083676,18.314567095592206,18.364065170288086,1763414,0.0,0.0
2022-03-21 00:00:00+05:30,18.760056512952154,19.35404093664728,18.51256237366904,18.859052658081055,4702114,0.0,0.0
2022-03-22 00:00:00+05:30,18.95805308573759,19.057051131599827,18.661060836381548,18.80955696105957,2519962,0.0,0.0
2022-03-23 00:00:00+05:30,18.908554497119404,19.106548695274995,18.56206229005885,18.661060333251953,2441553,0.0,0.0
2022-03-24 00:00:00+05:30,18.611558391283335,18.710556423964395,18.413564214151634,18.463062286376953,2393192,0.0,0.0
2022-03-25 00:00:00+05:30,18.562059789090544,18.562059789090544,18.26506758775724,18.314565658569336,2973173,0.0,0.0
2022-03-28 00:00:00+05:30,18.314565973025758,18.41356400458008,17.81957770348452,17.869075775146484,3190586,0.0,0.0
2022-03-29 00:00:00+05:30,18.067073729761937,18.116571806606032,17.473087366479806,17.671083450317383,3376184,0.0,0.0
2022-03-30 00:00:00+05:30,17.819579798456495,19.205546738468097,17.770081720975252,18.661060333251953,4732314,0.0,0.0
2022-03-31 00:00:00+05:30,18.760057274136756,18.760057274136756,18.017574826161376,18.16607093811035,3608134,0.0,0.0
2022-04-01 00:00:00+05:30,18.215569622403336,18.859054054541577,18.16607154617369,18.71055793762207,3740575,0.0,0.0
2022-04-04 00:00:00+05:30,18.80955607397667,19.205546350519533,18.760057997495277,19.106548309326172,3330751,0.0,0.0
2022-04-05 00:00:00+05:30,19.156048800567966,19.40354296623879,19.10654883449542,19.255046844482422,2534900,0.0,0.0
2022-04-06 00:00:00+05:30,19.156047139052887,20.146023715869777,19.007551030176447,20.047025680541992,5318944,0.0,0.0
2022-04-07 00:00:00+05:30,20.14602521188357,21.333996059342496,19.8985310493008,20.29452133178711,12386430,0.0,0.0
2022-04-08 00:00:00+05:30,20.393518860322654,20.641013016665816,19.99752858781971,20.146024703979492,3542556,0.0,0.0
2022-04-11 00:00:00+05:30,20.09652515632312,20.245023163791462,19.849030994850025,19.898530960083008,2369766,0.0,0.0
2022-04-12 00:00:00+05:30,19.948027982509885,20.0470260195116,19.304543574344503,19.60153579711914,3279056,0.0,0.0
2022-04-13 00:00:00+05:30,19.750033272432354,19.750033272432354,19.403541096239945,19.453039169311523,1987480,0.0,0.0
2022-04-18 00:00:00+05:30,19.502540012912714,19.502540012912714,19.1065478575035,19.156047821044922,1465134,0.0,0.0
2022-04-19 00:00:00+05:30,19.304543131397484,19.997527486278294,19.156047023417443,19.65103530883789,5011896,0.0,0.0
2022-04-20 00:00:00+05:30,19.65103674369259,19.849030939379386,19.40354258291115,19.70053482055664,2352631,0.0,0.0
2022-04-21 00:00:00+05:30,19.453039239377528,19.79953141681793,19.453039239377528,19.65103530883789,1385109,0.0,0.0
2022-04-22 00:00:00+05:30,19.601535750240817,19.750033749503494,19.304543528176453,19.403541564941406,1392040,0.0,0.0
2022-04-25 00:00:00+05:30,19.2055448307235,19.304542864082833,18.809554585516604,18.859052658081055,1846169,0.0,0.0
2022-04-26 00:00:00+05:30,19.106547751047533,19.20554578934825,18.611559447774482,18.76005744934082,2200784,0.0,0.0
2022-04-27 00:00:00+05:30,18.710558410733196,18.859054531407544,18.512564212577608,18.661060333251953,1506488,0.0,0.0
2022-04-28 00:00:00+05:30,18.8095564539263,18.958052574600647,18.512564212577608,18.661060333251953,1372766,0.0,0.0
2022-04-29 00:00:00+05:30,18.661059347779567,18.80955546061198,18.512563234947155,18.562061309814453,1797539,0.0,0.0
2022-05-02 00:00:00+05:30,18.413563688423892,18.463061759235988,18.067071528048128,18.314565658569336,1310826,0.0,0.0
2022-05-04 00:00:00+05:30,18.215569466232708,18.61155973736657,18.017575274781052,18.1165714263916,1966971,0.0,0.0
2022-05-05 00:00:00+05:30,18.166071349138836,18.76005769860487,17.81957915459777,17.918577194213867,3329492,0.0,0.0
2022-05-06 00:00:00+05:30,17.67108403364792,18.364066573493908,17.621584066939214,18.2155704498291,2771751,0.0,0.0
2022-05-09 00:00:00+05:30,18.017573766593173,18.463062076242046,17.81957770348452,17.869075775146484,7412958,0.0,0.0
2022-05-10 00:00:00+05:30,17.869077126813814,18.06707320489945,17.32459074442413,17.522586822509766,2110952,0.0,0.0
2022-05-11 00:00:00+05:30,17.423588130532448,17.671082274749583,16.82960180676523,16.978097915649414,2678688,0.0,0.0
2022-05-12 00:00:00+05:30,16.879100700192375,16.879100700192375,16.33461431175929,16.483110427856445,1947560,0.0,0.0
2022-05-13 00:00:00+05:30,16.730603255561352,17.22559152873317,16.53260907923087,16.829601287841797,2614549,0.0,0.0
2022-05-16 00:00:00+05:30,17.225592644291673,17.522586760366853,16.978098491677624,17.3245906829834,1594606,0.0,0.0
2022-05-17 00:00:00+05:30,17.5225873315545,17.77008149223617,17.37408932456102,17.671083450317383,1289575,0.0,0.0
2022-05-18 00:00:00+05:30,17.869077169491113,18.06707324804963,17.621583015408245,17.7205810546875,1820977,0.0,0.0
2022-05-19 00:00:00+05:30,17.473086323362267,17.522586285481882,17.126594141446883,17.374088287353516,1271788,0.0,0.0
2022-05-20 00:00:00+05:30,17.4730863904908,17.720580537348262,17.4730863904908,17.572084426879883,1041144,0.0,0.0
2022-05-23 00:00:00+05:30,17.720579936476703,17.770079897108037,17.027597481711833,17.2255916595459,1424420,0.0,0.0
2022-05-24 00:00:00+05:30,17.324589242379297,17.324589242379297,17.126593181459953,17.27509117126465,988880,0.0,0.0
2022-05-25 00:00:00+05:30,17.324591469746156,17.423589512933688,16.33461481433209,16.631607055664062,2329206,0.0,0.0
2022-05-26 00:00:00+05:30,17.621583938598633,17.770081949412564,17.126595604500572,17.621583938598633,4766543,0.0,0.0
2022-05-27 00:00:00+05:30,17.819579195098843,18.215569466232708,17.522586963806084,18.1165714263916,3681788,0.0,0.0
2022-05-30 00:00:00+05:30,18.314567663093197,18.859054054541577,18.017575429254183,18.71055793762207,4579063,0.0,0.0
2022-05-31 00:00:00+05:30,18.760057902082288,19.057050135921298,18.61155989693221,18.71055793762207,2949734,0.0,0.0
2022-06-01 00:00:00+05:30,18.71055694964703,18.958051094187947,18.512562766952584,18.61155891418457,1755563,0.0,0.0
2022-06-02 00:00:00+05:30,18.61155938468175,18.710557422646865,18.41356519698204,18.562061309814453,1226541,0.0,0.0
2022-06-03 00:00:00+05:30,18.760058286920632,18.760058286920632,18.067073876106495,18.26506996154785,1168968,0.0,0.0
2022-06-06 00:00:00+05:30,18.215569996072208,18.364066116037918,18.01757579886146,18.26506996154785,1140160,0.0,0.0
2022-06-07 00:00:00+05:30,18.166069869809466,18.265067901363793,17.770079631822554,17.869075775146484,1449615,0.0,0.0
2022-06-08 00:00:00+05:30,18.166069869809466,18.166069869809466,17.81957770348452,17.869075775146484,1079890,0.0,0.0
2022-06-09 00:00:00+05:30,17.96807380670081,17.96807380670081,17.770079631822554,17.869075775146484,601734,0.0,0.0
2022-06-10 00:00:00+05:30,17.819578640671473,18.067072788458574,17.57208449288437,17.77008056640625,1351482,0.0,0.0
2022-06-13 00:00:00+05:30,17.621582910828042,17.621582910828042,17.225592644291673,17.3245906829834,1177099,0.0,0.0
2022-06-14 00:00:00+05:30,16.928599320122242,17.67108172987997,16.78010321581678,16.829601287841797,2089487,0.0,0.0
2022-06-15 00:00:00+05:30,16.730603255561352,16.97809739214726,16.730603255561352,16.829601287841797,1156789,0.0,0.0
2022-06-16 00:00:00+05:30,17.027598662565634,17.126594814232778,16.13661819171688,16.28511619567871,2160094,0.0,0.0
2022-06-17 00:00:00+05:30,16.334612502041768,16.829600759679398,16.087118373222953,16.68110466003418,1699479,0.0,0.0
2022-06-20 00:00:00+05:30,16.532610351307685,16.73060454287253,16.08712011588331,16.28511619567871,1346625,0.0,0.0
2022-06-21 00:00:00+05:30,16.186118195662136,16.73060458409522,16.186118195662136,16.483110427856445,1025714,0.0,0.0
2022-06-22 00:00:00+05:30,16.285115938206953,17.62158284688909,16.285115938206953,17.12659454345703,5358956,0.0,0.0
2022-06-23 00:00:00+05:30,17.126594957256334,17.176094921733835,16.631606641864757,16.879100799560547,1193828,0.0,0.0
2022-06-24 00:00:00+05:30,16.879100391741,17.176094506738554,16.780104241639012,17.12659454345703,1717411,0.0,0.0
2022-06-27 00:00:00+05:30,17.27509302120914,17.423589138685518,17.02759886267165,17.077096939086914,970055,0.0,0.0
2022-06-28 00:00:00+05:30,17.077095950982365,17.22559205986655,16.82960180676523,16.978097915649414,1224345,0.0,0.0
2022-06-29 00:00:00+05:30,16.97809739214726,17.027597352402687,16.78010321581678,16.829601287841797,959141,0.0,0.0
2022-06-30 00:00:00+05:30,16.82960220945465,16.928600247156368,16.681106097017327,16.73060417175293,721780,0.0,0.0
2022-07-01 00:00:00+05:30,16.730605098851594,16.829603142039122,16.087120650478575,16.631607055664062,891053,0.0,0.0
2022-07-04 00:00:00+05:30,16.730604884434797,18.116571806606032,16.6811068075907,17.671083450317383,2901529,0.0,0.0
2022-07-05 00:00:00+05:30,18.36406554014048,18.76005769860487,17.770081078904997,17.918577194213867,8922814,0.0,0.0
2022-07-06 00:00:00+05:30,17.968075687843147,18.067073729761937,17.473087366479806,17.671083450317383,1800430,0.0,0.0
2022-07-07 00:00:00+05:30,17.720580136625962,17.968074277886746,17.671082063665985,17.819578170776367,1623178,0.0,0.0
2022-07-08 00:00:00+05:30,18.017574714193355,18.067072788458574,17.621582567149588,17.77008056640625,1091293,0.0,0.0
2022-07-11 00:00:00+05:30,17.770081119293568,18.95805193269516,17.37408895992915,18.1165714263916,4597385,0.0,0.0
2022-07-12 00:00:00+05:30,18.1165714263916,18.31456750607381,18.017575274781052,18.1165714263916,1585910,0.0,0.0
2022-07-13 00:00:00+05:30,18.1165714263916,18.364065581879085,18.067073350586327,18.1165714263916,1152113,0.0,0.0
2022-07-14 00:00:00+05:30,18.116569909917104,18.166069869809466,17.770079631822554,17.869075775146484,741214,0.0,0.0
2022-07-15 00:00:00+05:30,17.869075775146484,17.96807380670081,17.720579671930192,17.869075775146484,560809,0.0,0.0
2022-07-18 00:00:00+05:30,17.918577194213867,18.166071349138836,17.5720849996728,17.918577194213867,1934030,0.0,0.0
2022-07-19 00:00:00+05:30,17.91857627576098,18.067072383458385,17.81957824121923,18.017574310302734,1212100,0.0,0.0
2022-07-20 00:00:00+05:30,18.116569909917104,18.166069869809466,17.81957770348452,17.869075775146484,970622,0.0,0.0
2022-07-21 00:00:00+05:30,17.9185763942552,18.562060790686232,17.81957835905878,18.413564682006836,3185632,0.0,0.0
2022-07-22 00:00:00+05:30,18.314565658569336,18.61155785990264,18.21556762871478,18.314565658569336,1536223,0.0,0.0
2022-07-25 00:00:00+05:30,18.413564560239294,18.611558741092345,17.522586025824424,18.017574310302734,4148233,0.0,0.0
2022-07-26 00:00:00+05:30,18.017576116461594,18.067074194579142,17.522587782363537,17.621583938598633,1013085,0.0,0.0
2022-07-27 00:00:00+05:30,17.522587782363537,17.720581983064374,17.522587782363537,17.621583938598633,776318,0.0,0.0
2022-07-28 00:00:00+05:30,17.671082463268966,17.91857661012643,17.4730863904908,17.572084426879883,1311701,0.0,0.0
2022-07-29 00:00:00+05:30,17.819579569080265,17.819579569080265,17.572085408398596,17.671083450317383,1213344,0.0,0.0
2022-08-01 00:00:00+05:30,17.77008061277595,18.116570909997638,17.67108257575668,17.968074798583984,1999884,0.0,0.0
2022-08-02 00:00:00+05:30,17.81957835905878,18.710556899365628,17.770080285575805,18.413564682006836,4530202,0.0,0.0
2022-08-03 00:00:00+05:30,18.413563688423892,18.512561718278448,18.017573457236033,18.314565658569336,2103557,0.0,0.0
2022-08-04 00:00:00+05:30,18.314567050059324,18.562061199384452,18.0670729007342,18.16607093811035,1833581,0.0,0.0
2022-08-05 00:00:00+05:30,18.215569466232708,18.413565545914917,18.067073350586327,18.1165714263916,1632191,0.0,0.0
2022-08-08 00:00:00+05:30,18.166071349138836,18.265069388754934,17.869077230290543,17.918577194213867,1044975,0.0,0.0
2022-08-10 00:00:00+05:30,17.91857661012643,17.968074684205725,17.4730863904908,17.572084426879883,1752541,0.0,0.0
2022-08-11 00:00:00+05:30,17.62158348524269,17.91857761099905,17.62158348524269,17.671083450317383,1408057,0.0,0.0
2022-08-12 00:00:00+05:30,17.720581983064374,17.81958002753011,17.572085860481085,17.621583938598633,1339518,0.0,0.0
2022-08-16 00:00:00+05:30,17.77008149223617,17.819579569080265,17.62158348524269,17.671083450317383,1001057,0.0,0.0
2022-08-17 00:00:00+05:30,17.6710830392889,18.017575233829966,17.5720849996728,17.918577194213867,2903830,0.0,0.0
2022-08-18 00:00:00+05:30,17.968076280977535,18.46306461868067,17.81958015731273,18.2155704498291,3933753,0.0,0.0
2022-08-19 00:00:00+05:30,18.41356544141176,18.41356544141176,17.671082979163145,17.7205810546875,2757783,0.0,0.0
2022-08-22 00:00:00+05:30,18.364065581879085,18.760057741243504,17.91857723493995,18.1165714263916,9278381,0.0,0.0
2022-08-23 00:00:00+05:30,18.01757476120887,18.166070872622523,17.918576724189602,17.968074798583984,1842153,0.0,0.0
2022-08-24 00:00:00+05:30,18.166071864445804,18.166071864445804,17.968075779597164,18.067073822021484,1796450,0.0,0.0
2022-08-25 00:00:00+05:30,18.11657227846905,20.344019782620034,18.11657227846905,19.849031448364258,31460303,0.0,0.0
2022-08-26 00:00:00+05:30,20.047025971567855,20.047025971567855,19.304543528176453,19.403541564941406,8613900,0.0,0.0
2022-08-29 00:00:00+05:30,18.908553204371238,19.453039572361703,18.512562946902673,19.20554542541504,4338582,0.0,0.0
2022-08-30 00:00:00+05:30,19.40354296623879,19.700535209751525,19.156048800567966,19.255046844482422,2475787,0.0,0.0
2022-09-01 00:00:00+05:30,19.255045859897223,19.502540012912714,19.057049782192617,19.156047821044922,2183936,0.0,0.0
2022-09-02 00:00:00+05:30,19.304542864082833,19.304542864082833,18.809554585516604,18.859052658081055,1562170,0.0,0.0
2022-09-05 00:00:00+05:30,19.007552156363392,19.502540474099618,18.80955607397667,19.106548309326172,2745852,0.0,0.0
2022-09-06 00:00:00+05:30,19.255045729368472,20.690510674189056,19.205545766162608,20.393518447875977,15302147,0.0,0.0
2022-09-07 00:00:00+05:30,20.393518384092758,20.59151257160538,20.04702619565751,20.19552230834961,5458749,0.0,0.0
2022-09-08 00:00:00+05:30,20.245021423763482,20.888505810640932,20.245021423763482,20.492515563964844,5300326,0.0,0.0
2022-09-09 00:00:00+05:30,20.641012074496125,20.690510148213168,20.1460237844038,20.24502182006836,3599381,0.0,0.0
2022-09-12 00:00:00+05:30,20.591512636007856,20.591512636007856,20.294520409694776,20.393518447875977,3835187,0.0,0.0
2022-09-13 00:00:00+05:30,20.492516486057177,20.591512636007856,20.245022334719437,20.393518447875977,3240041,0.0,0.0
2022-09-14 00:00:00+05:30,20.096523982884552,21.185498607426926,19.89852979820534,20.839006423950195,11874660,0.0,0.0
2022-09-15 00:00:00+05:30,20.88850737094226,21.72998788812874,20.789509329820806,20.938005447387695,8974118,0.0,0.0
2022-09-16 00:00:00+05:30,20.938005248985384,20.938005248985384,19.750034431476546,20.146024703979492,6895395,0.0,0.0
2022-09-19 00:00:00+05:30,20.146023715869777,20.443015933622654,19.94802764521421,20.047025680541992,3441467,0.0,0.0
2022-09-20 00:00:00+05:30,20.294520820139276,20.492516900506033,20.096524739772523,20.146024703979492,3853135,0.0,0.0
2022-09-21 00:00:00+05:30,23.16545354933846,23.16545354933846,21.333996344131585,21.482494354248047,69024414,0.0,0.0
2022-09-22 00:00:00+05:30,21.43299234469928,21.43299234469928,20.938004060118555,21.08650016784668,10232092,0.0,0.0
2022-09-23 00:00:00+05:30,21.1360009018892,21.18549897686454,20.294520409694776,20.393518447875977,5378658,0.0,0.0
2022-09-26 00:00:00+05:30,20.24502350716572,20.24502350716572,18.809556590982684,19.255046844482422,7137689,0.0,0.0
2022-09-27 00:00:00+05:30,19.2055454914115,19.601535750240817,19.05704938037932,19.403541564941406,3768420,0.0,0.0
2022-09-28 00:00:00+05:30,19.205545896355805,19.502540012912714,18.958051743340317,19.156047821044922,2857438,0.0,0.0
2022-09-29 00:00:00+05:30,19.304544038410427,20.19552261638326,19.007551808496334,19.552038192749023,4077261,0.0,0.0
2022-09-30 00:00:00+05:30,19.70053487561229,20.09652515632312,19.354042671903837,19.898530960083008,4702683,0.0,0.0
2022-10-03 00:00:00+05:30,19.898529379877544,19.997527414251152,19.304543061866337,19.453039169311523,2861532,0.0,0.0
2022-10-04 00:00:00+05:30,19.799532862515335,19.99752894643273,19.601536778597943,19.70053482055664,4026178,0.0,0.0
2022-10-06 00:00:00+05:30,19.849030994850025,20.245023163791462,19.849030994850025,19.898530960083008,2835522,0.0,0.0
2022-10-07 00:00:00+05:30,19.849030011194916,19.898529973974835,19.60153586198685,19.799531936645508,2485324,0.0,0.0
2022-10-10 00:00:00+05:30,19.601536778597943,19.99752894643273,19.453040659775198,19.70053482055664,2712071,0.0,0.0
2022-10-11 00:00:00+05:30,19.700533311130325,19.849029418575512,19.304543061866337,19.453039169311523,2173174,0.0,0.0
2022-10-12 00:00:00+05:30,19.50253960170636,19.65103571273854,19.304543528176453,19.403541564941406,2136927,0.0,0.0
2022-10-13 00:00:00+05:30,19.304543461839803,19.50253953468933,19.106547388990275,19.20554542541504,1459465,0.0,0.0
2022-10-14 00:00:00+05:30,19.354042010518988,19.502540012912714,19.057049782192617,19.156047821044922,1300569,0.0,0.0
2022-10-17 00:00:00+05:30,18.76005851314077,19.4530410440807,18.76005851314077,19.255046844482422,2747267,0.0,0.0
2022-10-18 00:00:00+05:30,19.403542077791975,19.84903042266312,19.304544038410427,19.552038192749023,3975749,0.0,0.0
2022-10-19 00:00:00+05:30,19.799532862515335,19.99752894643273,19.601536778597943,19.70053482055664,3929445,0.0,0.0
2022-10-20 00:00:00+05:30,19.700533899316177,20.344018309611055,19.502539712888026,19.799531936645508,10477311,0.0,0.0
2022-10-21 00:00:00+05:30,19.89852990812428,20.19552213089892,18.908553314568152,19.60153579711914,6549938,0.0,0.0
2022-10-24 00:00:00+05:30,19.997528011304166,19.997528011304166,19.700533899316177,19.799531936645508,984647,0.0,0.0
2022-10-25 00:00:00+05:30,19.849029339658195,20.987503898082597,19.601535198823402,20.690509796142578,14577062,0.0,0.0
2022-10-27 00:00:00+05:30,20.888506795232594,20.93800487031381,20.443016566579534,20.59151268005371,6998245,0.0,0.0
2022-10-28 00:00:00+05:30,20.641014049872375,20.938006297058187,20.195523790862996,20.443017959594727,5367222,0.0,0.0
2022-10-31 00:00:00+05:30,20.492516900506033,20.641013016665816,20.096524739772523,20.146024703979492,3132788,0.0,0.0
2022-11-01 00:00:00+05:30,20.19552131792866,20.44301545635482,19.997527140125985,20.09652328491211,2991951,0.0,0.0
2022-11-02 00:00:00+05:30,20.09652328491211,20.245021278552148,19.997527140125985,20.09652328491211,2331016,0.0,0.0
2022-11-03 00:00:00+05:30,20.047025591828103,21.482492377152425,19.8985294836088,21.284496307373047,16915926,0.0,0.0
2022-11-04 00:00:00+05:30,21.38349513386884,22.86846004749542,21.284497095314297,22.422969818115234,32875796,0.0,0.0
2022-11-07 00:00:00+05:30,22.71996247497454,23.26444881971834,22.22497420221458,22.373470306396484,18598794,0.0,0.0
2022-11-09 00:00:00+05:30,22.472468339484756,24.254425366199055,22.422968379268553,23.808935165405273,44033236,0.0,0.0
2022-11-10 00:00:00+05:30,23.858435262090612,23.858435262090612,22.670462645332325,22.769460678100586,16883676,0.0,0.0
2022-11-11 00:00:00+05:30,23.11595378336706,23.462445967951165,22.571465525240477,22.67046356201172,10522810,0.0,0.0
2022-11-14 00:00:00+05:30,22.769461004403905,22.769461004403905,22.175474687512494,22.323970794677734,4607741,0.0,0.0
2022-11-15 00:00:00+05:30,22.422969367436345,22.67046351473306,22.175475220139628,22.472469329833984,5271106,0.0,0.0
2022-11-16 00:00:00+05:30,22.571464406090396,23.016954605357213,21.82898199946597,22.175474166870117,9114267,0.0,0.0
2022-11-17 00:00:00+05:30,22.224975690561312,23.01695622472189,22.026979612905897,22.6209659576416,7790532,0.0,0.0
2022-11-18 00:00:00+05:30,22.769461314513944,24.05643011178124,22.71996324086154,23.313947677612305,36672086,0.0,0.0
2022-11-21 00:00:00+05:30,23.363446511454104,26.184880002716827,23.313946551961195,25.49189567565918,85500770,0.0,0.0
2022-11-22 00:00:00+05:30,25.937386083648192,26.927362622898425,25.640391988934887,26.08588218688965,65177649,0.0,0.0
2022-11-23 00:00:00+05:30,26.77886587059993,26.77886587059993,24.94741069882201,25.343400955200195,27282208,0.0,0.0
2022-11-24 00:00:00+05:30,25.49189687728882,26.13538127518594,24.600918334952002,24.749414443969727,25185635,0.0,0.0
2022-11-25 00:00:00+05:30,24.947412111356158,26.085884870990736,24.65041798608371,25.392900466918945,31159980,0.0,0.0
2022-11-28 00:00:00+05:30,25.442399444469622,25.937387745815485,25.14540533072379,25.293901443481445,14101618,0.0,0.0
2022-11-29 00:00:00+05:30,25.49189545560341,25.541393526438647,24.74941306369263,24.89790916442871,13908108,0.0,0.0
2022-11-30 00:00:00+05:30,25.04640700400428,25.145405040778034,24.155428449501493,24.303924560546875,11509474,0.0,0.0
2022-12-01 00:00:00+05:30,24.402922835358236,25.34340136153702,23.957434497876587,25.09590721130371,13182465,0.0,0.0
2022-12-02 00:00:00+05:30,25.19490576334647,25.83839018944241,24.84841356830079,25.244403839111328,15391683,0.0,0.0
2022-12-05 00:00:00+05:30,25.442398591318494,25.68989273369229,25.095906414349088,25.59089469909668,9852093,0.0,0.0
2022-12-06 00:00:00+05:30,25.343399782451975,26.679868488085866,25.343399782451975,26.08588218688965,30730239,0.0,0.0
2022-12-07 00:00:00+05:30,26.135380831561466,28.511324200206975,26.036382797819897,27.867839813232422,108065947,0.0,0.0
2022-12-08 00:00:00+05:30,28.214332972660046,32.91672180143672,28.164834898175652,31.233760833740234,138188776,0.0,0.0
2022-12-09 00:00:00+05:30,32.66922813315514,34.15419304829855,30.095288569260443,32.817726135253906,227325153,0.0,0.0
2022-12-12 00:00:00+05:30,32.66922641330295,33.609704898675055,30.986265509446685,33.41170883178711,110910813,0.0,0.0
2022-12-13 00:00:00+05:30,33.60970610652276,39.79705981624856,32.768223736123446,39.20307159423828,215850847,0.0,0.0
2022-12-14 00:00:00+05:30,39.5495662060925,41.381021418511345,36.87662861182255,39.35157012939453,174139710,0.0,0.0
2022-12-15 00:00:00+05:30,39.00507736206055,41.08402659482901,38.41108916951183,39.00507736206055,86143978,0.0,0.0
2022-12-16 00:00:00+05:30,38.55958889257391,40.24254984897982,36.72812993725005,36.975624084472656,51023885,0.0,0.0
2022-12-19 00:00:00+05:30,37.17362131443812,37.61911154859529,34.550185538110114,35.837154388427734,35443900,0.0,0.0
2022-12-20 00:00:00+05:30,35.63915501289455,36.8766256730645,33.65920195662263,34.5501823425293,36106060,0.0,0.0
2022-12-21 00:00:00+05:30,34.946172304574254,37.76760780616241,32.7682230866275,33.56020736694336,81749770,0.0,0.0
2022-12-22 00:00:00+05:30,34.847174199111876,35.49065667012417,31.778244726535416,32.32273483276367,47366618,0.0,0.0
2022-12-23 00:00:00+05:30,31.332759749840033,32.273236409037935,29.10531234741211,29.10531234741211,38654582,0.0,0.0
2022-12-26 00:00:00+05:30,29.0558123687171,30.5407772064209,27.8183416706306,30.5407772064209,28063744,0.0,0.0
2022-12-27 00:00:00+05:30,31.926745427492566,32.02574157714844,31.184262975690412,32.02574157714844,32426968,0.0,0.0
2022-12-28 00:00:00+05:30,32.22373642832599,33.56020705665674,30.63977543526092,31.134763717651367,62559826,0.0,0.0
2022-12-29 00:00:00+05:30,30.936768096714484,31.926744675809346,30.491277880829607,31.085264205932617,20234397,0.0,0.0
2022-12-30 00:00:00+05:30,31.728749326281797,32.57023170352622,31.679251251493547,31.827749252319336,16918336,0.0,0.0
2023-01-02 00:00:00+05:30,32.075243900351786,32.37223613015001,31.481255664294256,31.97624397277832,14502080,0.0,0.0
2023-01-03 00:00:00+05:30,32.12474020389228,33.31271283401713,32.0257402817797,32.37223434448242,17769949,0.0,0.0
2023-01-04 00:00:00+05:30,32.61972922812106,32.66922730207443,31.283260460844645,31.679250717163086,11662389,0.0,0.0
2023-01-05 00:00:00+05:30,31.926745337383398,32.02574148675987,30.88727066308638,31.62975311279297,7253799,0.0,0.0
2023-01-06 00:00:00+05:30,31.97624228713077,32.025740360077634,30.88726957645614,31.134763717651367,7821547,0.0,0.0
2023-01-09 00:00:00+05:30,31.58025244507698,31.72874855405811,30.73877197654328,30.887269973754883,7322777,0.0,0.0
2023-01-10 00:00:00+05:30,30.837770161414916,30.887270123468873,29.600299433523222,29.847793579101562,6810052,0.0,0.0
2023-01-11 00:00:00+05:30,29.847793759703844,31.085264495083194,29.402305427905574,30.44178009033203,13622103,0.0,0.0
2023-01-12 00:00:00+05:30,30.590275076283973,30.639775036817582,29.69929655721365,29.94679069519043,8677419,0.0,0.0
2023-01-13 00:00:00+05:30,30.144786443244218,30.936766921133064,29.996288451438456,30.39228057861328,9122002,0.0,0.0
2023-01-16 00:00:00+05:30,30.639776122939562,31.877246856689453,30.540778086593473,31.877246856689453,12449423,0.0,0.0
2023-01-17 00:00:00+05:30,32.966222121242694,33.065222053415354,31.38226097109279,32.22373962402344,16338106,0.0,0.0
2023-01-18 00:00:00+05:30,32.421733728694,32.61972980446678,31.580253239005454,32.02574157714844,18612907,0.0,0.0
2023-01-19 00:00:00+05:30,32.07524633596841,32.47123474694817,31.877250242247836,32.1247444152832,8735555,0.0,0.0
2023-01-20 00:00:00+05:30,32.17423800374857,32.37223406983304,31.48125366068335,31.580251693725586,5293961,0.0,0.0
2023-01-23 00:00:00+05:30,31.778247091463744,31.82774894223075,30.73877242519362,30.837770462036133,4441406,0.0,0.0
2023-01-24 00:00:00+05:30,30.986266806321765,30.986266806321765,29.798296019964972,29.99629020690918,4177929,0.0,0.0
2023-01-25 00:00:00+05:30,29.897293422969614,30.1942856411974,29.055812953683592,29.45180320739746,6733783,0.0,0.0
2023-01-27 00:00:00+05:30,29.550800852806397,29.7982949941394,28.016336043603523,28.263830184936523,7006270,0.0,0.0
2023-01-30 00:00:00+05:30,28.016336113657374,29.25380682341663,27.174857541605444,28.46182632446289,6696507,0.0,0.0
2023-01-31 00:00:00+05:30,28.659823699382972,29.847794501951,28.263831543629756,29.748796463012695,7860297,0.0,0.0
2023-02-01 00:00:00+05:30,30.144788766069272,30.293284881087086,28.263831681741763,28.51132583618164,7734955,0.0,0.0
2023-02-02 00:00:00+05:30,28.11533442685712,28.758818824666207,27.422351955459057,27.818342208862305,5605793,0.0,0.0
2023-02-03 00:00:00+05:30,28.26383094643053,28.511325094431605,26.432375761806977,27.57084846496582,9365004,0.0,0.0
2023-02-06 00:00:00+05:30,27.719344986081538,28.01633721278306,27.174858607718576,27.323354721069336,5548276,0.0,0.0
2023-02-07 00:00:00+05:30,27.47184971641386,27.62034582372136,26.58087118433842,26.828365325927734,5194089,0.0,0.0
2023-02-08 00:00:00+05:30,26.92736301875497,27.5213474404529,26.778865025100064,27.273853302001953,5733558,0.0,0.0
2023-02-09 00:00:00+05:30,27.32335413629181,27.372852210272526,26.729367807370807,26.97686195373535,3363221,0.0,0.0
2023-02-10 00:00:00+05:30,26.828366460430804,28.560825524817268,26.729368421962615,27.52134895324707,8539517,0.0,0.0
2023-02-13 00:00:00+05:30,27.66984726606305,27.66984726606305,26.67987064671526,26.877864837646484,3435497,0.0,0.0
2023-02-14 00:00:00+05:30,27.02635991061897,27.02635991061897,26.13538136521305,26.58087158203125,4464300,0.0,0.0
2023-02-15 00:00:00+05:30,26.481873594608373,27.125357995896685,26.23437944886437,26.778865814208984,4185673,0.0,0.0
2023-02-16 00:00:00+05:30,26.877864322247426,27.075860397612512,26.58087209743031,26.729368209838867,4022564,0.0,0.0
2023-02-17 00:00:00+05:30,26.67986966649577,26.97686188609638,26.333377484808068,26.778865814208984,4368538,0.0,0.0
2023-02-20 00:00:00+05:30,26.729368098992254,26.92736417353625,26.23437980086277,26.333377838134766,2870190,0.0,0.0
2023-02-21 00:00:00+05:30,26.53137135987038,26.729367429454822,25.64039282320131,25.788888931274414,4209994,0.0,0.0
2023-02-22 00:00:00+05:30,25.293901398552048,26.283877999485288,24.897911135824856,25.09590721130371,8155878,0.0,0.0
2023-02-23 00:00:00+05:30,25.046406452936054,25.887886914653055,24.74941423737968,25.59089469909668,6123164,0.0,0.0
2023-02-24 00:00:00+05:30,25.73939162426421,26.23437992473083,24.897911135824856,25.09590721130371,5325992,0.0,0.0
2023-02-27 00:00:00+05:30,25.0959052242304,25.29389939580172,24.551417003890943,24.89790916442871,5513104,0.0,0.0
2023-02-28 00:00:00+05:30,25.04640599498412,25.78888840852986,24.84841181764351,25.640392303466797,5820605,0.0,0.0
2023-03-01 00:00:00+05:30,25.73939002050599,26.283876361801454,25.640391988934887,26.08588218688965,4879864,0.0,0.0
2023-03-02 00:00:00+05:30,26.085884507168384,26.7293689372714,25.739392309965048,25.838390350341797,5762108,0.0,0.0
2023-03-03 00:00:00+05:30,26.036384827331524,27.57084974935987,26.036384827331524,27.0263614654541,12087143,0.0,0.0
2023-03-06 00:00:00+05:30,27.471849180462918,27.570847212813373,26.481872633419208,26.679868698120117,9023949,0.0,0.0
2023-03-08 00:00:00+05:30,26.481874059747767,26.927364285203954,26.28387798438268,26.729368209838867,4930873,0.0,0.0
2023-03-09 00:00:00+05:30,26.729369096238237,26.976863254536738,26.2838788560087,26.432376861572266,4436483,0.0,0.0
2023-03-10 00:00:00+05:30,26.13538070844612,26.234378741721343,25.788888536098053,26.0363826751709,3459886,0.0,0.0
2023-03-13 00:00:00+05:30,25.739391092591326,26.234379382833467,24.84841254780157,24.947410583496094,4360549,0.0,0.0
2023-03-14 00:00:00+05:30,24.94740978144793,25.095905886100397,23.808935239908077,24.00693130493164,6370178,0.0,0.0
2023-03-15 00:00:00+05:30,24.402921546748345,24.69991564428369,23.808935239908077,24.00693130493164,5018750,0.0,0.0
2023-03-16 00:00:00+05:30,23.907934255206527,24.35342447570716,23.214951775598372,24.10593032836914,6820540,0.0,0.0
2023-03-17 00:00:00+05:30,24.35342447570716,24.600918623045178,23.759438144449817,24.10593032836914,4973660,0.0,0.0
2023-03-20 00:00:00+05:30,24.155427736385157,24.155427736385157,23.363447242036962,23.56144142150879,3665812,0.0,0.0
2023-03-21 00:00:00+05:30,23.85843606671021,23.957434102817157,23.46244581051292,23.70993995666504,4061258,0.0,0.0
2023-03-22 00:00:00+05:30,23.957434102817157,24.303924396845733,22.373471189797506,23.70993995666504,4590528,0.0,0.0
2023-03-23 00:00:00+05:30,23.8089361045415,24.10593021286233,23.51194388445115,23.70993995666504,4731518,0.0,0.0
2023-03-24 00:00:00+05:30,23.80893739436274,23.85843735921306,23.016956839063543,23.16545295715332,3956573,0.0,0.0
2023-03-27 00:00:00+05:30,23.165451857637436,23.214951820138307,22.42296941419886,22.67046356201172,4084955,0.0,0.0
2023-03-28 00:00:00+05:30,22.769462008940877,22.967458086049966,22.026979552127585,22.422969818115234,4891806,0.0,0.0
2023-03-29 00:00:00+05:30,22.472468409805494,24.2049273699552,22.175474312270154,24.00693130493164,10201189,0.0,0.0
2023-03-31 00:00:00+05:30,24.452420970939674,24.452420970939674,23.660438616442015,23.858434677124023,6066953,0.0,0.0
2023-04-03 00:00:00+05:30,23.95743387003413,24.848412409878442,23.709939726286798,24.55141830444336,6923196,0.0,0.0
2023-04-05 00:00:00+05:30,24.798912922963748,24.798912922963748,24.20492847718274,24.501920700073242,3453083,0.0,0.0
2023-04-06 00:00:00+05:30,24.650415888714033,25.04640613382072,24.30392371615927,24.60091781616211,4939583,0.0,0.0
2023-04-10 00:00:00+05:30,24.749415261404856,24.84841330009658,23.957434728332114,24.254426956176758,4033257,0.0,0.0
2023-04-11 00:00:00+05:30,24.35342465315561,25.392899324257105,24.35342465315561,24.69991683959961,6461564,0.0,0.0
2023-04-12 00:00:00+05:30,24.798911465283208,24.798911465283208,24.353423157133264,24.452421188354492,2695124,0.0,0.0
2023-04-13 00:00:00+05:30,24.452422406291657,25.59089510146537,24.254426333987322,25.343400955200195,7569843,0.0,0.0
2023-04-17 00:00:00+05:30,25.29390044773431,26.877863327331177,25.194904301946742,26.630369186401367,19755372,0.0,0.0
2023-04-18 00:00:00+05:30,26.828366659030728,27.07586081291804,26.333378351256105,26.481874465942383,12701720,0.0,0.0
2023-04-19 00:00:00+05:30,26.53137166846498,27.620346287384695,26.481873594608373,26.778865814208984,12112141,0.0,0.0
2023-04-20 00:00:00+05:30,26.87786287459061,27.422351108402896,26.53137070547923,26.679868698120117,4474970,0.0,0.0
2023-04-21 00:00:00+05:30,26.778865092389427,26.778865092389427,25.838388496850882,26.0363826751709,5848069,0.0,0.0
2023-04-24 00:00:00+05:30,26.18488093544161,27.026359506260917,25.838388759570478,26.828365325927734,12047653,0.0,0.0
2023-04-25 00:00:00+05:30,27.075860056825203,27.81834249775333,26.828365909849158,27.17485809326172,12732983,0.0,0.0
2023-04-26 00:00:00+05:30,27.224355767195505,27.620346018890437,26.828365515500572,27.422351837158203,7047730,0.0,0.0
2023-04-27 00:00:00+05:30,27.66984544186612,28.857816173825494,27.521347448169575,28.709320068359375,22137103,0.0,0.0
2023-04-28 00:00:00+05:30,29.4023053163189,30.14478775472866,29.303307280218164,30.04578971862793,31634349,0.0,0.0
2023-05-02 00:00:00+05:30,30.689273589449407,30.887269658221907,29.699297022047812,29.897293090820312,18635537,0.0,0.0
2023-05-03 00:00:00+05:30,28.659823321270657,28.90731747123593,27.86784090844348,28.362829208374023,22307909,0.0,0.0
2023-05-04 00:00:00+05:30,28.362829272190474,28.907317536277482,28.11533512166834,28.56082534790039,11153476,0.0,0.0
2023-05-05 00:00:00+05:30,28.511326211017668,29.006314526404992,27.966839819383843,28.065837860107422,11249093,0.0,0.0
2023-05-08 00:00:00+05:30,28.21433114011711,28.51132334419461,27.818340905270315,28.164833068847656,7559433,0.0,0.0
2023-05-09 00:00:00+05:30,28.313329271172936,28.61032147630239,26.828364469064883,27.125356674194336,7368861,0.0,0.0
2023-05-10 00:00:00+05:30,27.372851148112463,27.372851148112463,26.283876568718302,26.679868698120117,8299896,0.0,0.0
2023-05-11 00:00:00+05:30,26.92736250018483,27.57084687011891,26.828364469064883,27.125356674194336,7986789,0.0,0.0
2023-05-12 00:00:00+05:30,27.075861430298584,27.37285366644312,26.87786534738183,27.0263614654541,4483210,0.0,0.0
2023-05-15 00:00:00+05:30,27.075860462127622,27.174858500046053,26.63037023560994,26.927364349365234,4409255,0.0,0.0
2023-05-16 00:00:00+05:30,27.174859471756957,27.669847790818245,26.976863388840208,27.0263614654541,6872761,0.0,0.0
2023-05-17 00:00:00+05:30,27.026360952902543,27.37285314732038,26.729368722390426,26.877864837646484,5484954,0.0,0.0
2023-05-18 00:00:00+05:30,27.0758593953672,27.0758593953672,26.531371152383354,26.630369186401367,3554741,0.0,0.0
2023-05-19 00:00:00+05:30,26.63036958715921,26.72936762266703,25.986885188704058,26.382875442504883,5490277,0.0,0.0
2023-05-22 00:00:00+05:30,26.531371958481305,26.63036999550716,26.036383661582548,26.1353816986084,3929602,0.0,0.0
2023-05-23 00:00:00+05:30,26.135380781146658,26.382874920907955,26.135380781146658,26.234378814697266,3226052,0.0,0.0
2023-05-24 00:00:00+05:30,26.18488161443771,26.28387776305613,25.838389429581746,25.937387466430664,3666344,0.0,0.0
2023-05-25 00:00:00+05:30,25.937387066139674,26.33337731919354,25.689892921952197,26.18488121032715,3432781,0.0,0.0
2023-05-26 00:00:00+05:30,26.28387740699706,26.58087151352053,26.135381297850557,26.382875442504883,4047877,0.0,0.0
2023-05-29 00:00:00+05:30,26.63037058062866,26.67987054434445,26.333378351256105,26.481874465942383,4567531,0.0,0.0
2023-05-30 00:00:00+05:30,26.481874465942383,26.580872505143418,26.234380312055073,26.481874465942383,2927396,0.0,0.0
2023-05-31 00:00:00+05:30,26.23437944886437,27.026359959952988,26.135381412920673,26.778865814208984,5202014,0.0,0.0
2023-06-01 00:00:00+05:30,26.778866955955397,27.81834354533773,26.679870804021373,27.471851348876953,13945273,0.0,0.0
2023-06-02 00:00:00+05:30,27.620346472845288,27.966838656859558,27.273854288831018,27.372852325439453,9755263,0.0,0.0
2023-06-05 00:00:00+05:30,27.372851335028418,27.62034547347936,27.224355229603937,27.273853302001953,3528438,0.0,0.0
2023-06-06 00:00:00+05:30,27.323354203801244,27.42235224023776,26.927363946285674,27.17485809326172,4258158,0.0,0.0
2023-06-07 00:00:00+05:30,27.224355229603937,27.62034547347936,27.174857157205917,27.273853302001953,4536338,0.0,0.0
2023-06-08 00:00:00+05:30,27.323355589829227,27.768843944046033,26.927365312226314,27.0263614654541,6621899,0.0,0.0
2023-06-09 00:00:00+05:30,27.174857957983775,27.174857957983775,26.67986966649577,26.778865814208984,3118306,0.0,0.0
2023-06-12 00:00:00+05:30,26.927364285203954,26.927364285203954,26.53137213447378,26.729368209838867,2663197,0.0,0.0
2023-06-13 00:00:00+05:30,26.828365776296074,26.927363812239772,26.67986966649577,26.778865814208984,2762604,0.0,0.0
2023-06-14 00:00:00+05:30,26.778865814208984,26.927363812239772,26.63036970440868,26.778865814208984,2416180,0.0,0.0
2023-06-15 00:00:00+05:30,26.778865696305708,26.87786373181353,26.28387740699706,26.382875442504883,3249087,0.0,0.0
2023-06-16 00:00:00+05:30,26.481874937939732,26.679871019870767,26.333378820606747,26.432376861572266,2882311,0.0,0.0
2023-06-19 00:00:00+05:30,26.531370886649118,27.719343506505826,26.4818728142511,27.273853302001953,12971583,0.0,0.0
2023-06-20 00:00:00+05:30,27.76884388823387,29.105312724659317,27.62034777046006,28.65982437133789,40981988,0.0,0.0
2023-06-21 00:00:00+05:30,29.154810677220254,29.501300965368483,28.313330216937867,28.46182632446289,19824423,0.0,0.0
2023-06-22 00:00:00+05:30,28.659824216218325,28.80832033318841,27.81834370241376,28.065837860107422,5572070,0.0,0.0
2023-06-23 00:00:00+05:30,28.06583582703311,28.06583582703311,27.372851480398044,27.669845581054688,5859076,0.0,0.0
2023-06-26 00:00:00+05:30,27.818342088853136,27.86784016222858,27.273853840570947,27.422351837158203,5566178,0.0,0.0
2023-06-27 00:00:00+05:30,27.521348720845996,28.511325320707083,27.4223525714443,28.362829208374023,11773147,0.0,0.0
2023-06-28 00:00:00+05:30,28.51132334419461,28.610321374963906,27.91733893603961,28.164833068847656,7405410,0.0,0.0
2023-06-30 00:00:00+05:30,28.164833260531953,28.956813735615604,28.065835229088897,28.758817672729492,12814905,0.0,0.0
2023-07-03 00:00:00+05:30,28.956815425615282,29.69929787242593,28.85781738839443,29.600299835205078,22737251,0.0,0.0
2023-07-04 00:00:00+05:30,29.699299011987186,30.689275645720095,28.70932237825428,30.293285369873047,33854898,0.0,0.0
2023-07-05 00:00:00+05:30,30.342782053855583,31.085264495083194,30.045789832656737,30.44178009033203,22783947,0.0,0.0
2023-07-06 00:00:00+05:30,30.540778239739097,31.580252906009218,30.293284091748067,30.837770462036133,21378707,0.0,0.0
2023-07-07 00:00:00+05:30,30.738772831249783,31.283261096960985,29.897294227548834,30.59027671813965,19043080,0.0,0.0
2023-07-10 00:00:00+05:30,30.689272785763997,31.5307532236649,30.19428451502587,30.39228057861328,14971471,0.0,0.0
2023-07-11 00:00:00+05:30,30.540778010901107,30.738772194872087,29.9467916825272,30.04578971862793,8351585,0.0,0.0
2023-07-12 00:00:00+05:30,30.243784129211562,31.134764572563665,30.095288018063044,30.837770462036133,13954508,0.0,0.0
2023-07-13 00:00:00+05:30,31.184263307041757,31.28326134598006,29.501302309782208,29.748796463012695,11157884,0.0,0.0
2023-07-14 00:00:00+05:30,29.897293142116293,30.19428535755415,29.45180293072905,30.095287322998047,9775993,0.0,0.0
2023-07-17 00:00:00+05:30,30.243784238208303,32.322737354701964,30.19428616372391,31.233760833740234,38029128,0.0,0.0
2023-07-18 00:00:00+05:30,31.580252374350344,31.679250409526208,30.491277763876788,30.689273834228516,16245311,0.0,0.0
2023-07-19 00:00:00+05:30,30.837769942877074,30.88726990458024,30.243783620052366,30.689273834228516,12952809,0.0,0.0
2023-07-20 00:00:00+05:30,30.936767452162492,31.481253804028377,30.44177917292789,30.5407772064209,13742564,0.0,0.0
2023-07-21 00:00:00+05:30,30.491278277202593,31.035766535721155,30.293284091748067,30.837770462036133,12839279,0.0,0.0
2023-07-24 00:00:00+05:30,30.986266982510188,31.530755248221386,30.44178060502951,30.59027671813965,12308483,0.0,0.0
2023-07-25 00:00:00+05:30,30.689274581790198,30.88727065696492,29.847794094643394,29.99629020690918,7370837,0.0,0.0
2023-07-26 00:00:00+05:30,30.14478775472866,30.39228190086525,29.748795610325732,30.04578971862793,8374376,0.0,0.0
2023-07-27 00:00:00+05:30,30.243784893178113,30.639777050551032,30.0457907027222,30.14478874206543,6119105,0.0,0.0
2023-07-28 00:00:00+05:30,30.19428530574861,30.39228137452111,29.847793129511963,29.897293090820312,4857058,0.0,0.0
2023-07-31 00:00:00+05:30,30.095286800330413,30.19428483316721,29.847792662353633,29.94679069519043,5013971,0.0,0.0
2023-08-01 00:00:00+05:30,30.04579023385328,30.639776572412867,29.946792196054925,30.194286346435547,7005650,0.0,0.0
2023-08-02 00:00:00+05:30,30.19428576055733,31.18426234287069,29.501301397645793,29.847793579101562,17121518,0.0,0.0
2023-08-03 00:00:00+05:30,29.847794975289677,30.095289132445032,29.303308584840124,29.699298858642578,8051885,0.0,0.0
2023-08-04 00:00:00+05:30,29.748796463012695,30.09528865518149,29.699298387658814,29.748796463012695,4937043,0.0,0.0
2023-08-07 00:00:00+05:30,29.89729394686764,29.996290095857987,29.501301797984222,29.600299835205078,3943371,0.0,0.0
2023-08-08 00:00:00+05:30,29.649798681444707,30.7882713460382,29.5508006479517,30.5407772064209,10918378,0.0,0.0
2023-08-09 00:00:00+05:30,30.689273902959727,31.28326022711472,30.590275867562152,30.887269973754883,14241087,0.0,0.0
2023-08-10 00:00:00+05:30,30.936768907550316,31.38225913511125,30.44178060502951,30.59027671813965,9950760,0.0,0.0
2023-08-11 00:00:00+05:30,30.78827109263842,34.15419098608475,30.689273059960207,32.619728088378906,71026766,0.0,0.0
2023-08-14 00:00:00+05:30,32.966222289323575,33.461210623326814,32.025743699425156,33.01572036743164,37720675,0.0,0.0
2023-08-16 00:00:00+05:30,32.8177266498833,35.045174057528016,32.4217344890509,34.79767990112305,47029302,0.0,0.0
2023-08-17 00:00:00+05:30,35.045175830108214,35.34216807752378,33.857203063984635,34.20369338989258,27355915,0.0,0.0
2023-08-18 00:00:00+05:30,34.1541921351155,35.9856473042402,34.05519598733723,34.74817657470703,36066348,0.0,0.0
2023-08-21 00:00:00+05:30,35.04517435949326,35.04517435949326,33.906699719636336,34.15419387817383,15514858,0.0,0.0
2023-08-22 00:00:00+05:30,34.45118706819461,34.69868123359323,33.956198737397386,34.055198669433594,7728233,0.0,0.0
2023-08-23 00:00:00+05:30,34.154195558774724,35.68865866192016,34.005697545760725,35.391666412353516,31897999,0.0,0.0
2023-08-24 00:00:00+05:30,35.68865770766454,36.62913628652985,35.24316745699558,35.49066162109375,26128829,0.0,0.0
2023-08-25 00:00:00+05:30,35.342168333502634,36.38164309521655,34.748180057908,35.391666412353516,20538103,0.0,0.0
2023-08-28 00:00:00+05:30,35.63915768919881,36.13414599043769,35.14416938795994,35.292667388916016,12306734,0.0,0.0
2023-08-29 00:00:00+05:30,35.4411609385378,35.688655084444434,34.649180426928766,34.74817657470703,8364051,0.0,0.0
2023-08-30 00:00:00+05:30,35.342165873917445,35.490660100135855,34.94617371774617,35.04517364501953,8391011,0.0,0.0
2023-08-31 00:00:00+05:30,35.193667202716135,35.490659425972524,34.40168668187876,34.50068283081055,8541686,0.0,0.0
2023-09-01 00:00:00+05:30,34.64917992742361,34.847175996586785,33.758199504419785,34.59968185424805,13450855,0.0,0.0
2023-09-04 00:00:00+05:30,34.995672586385865,36.62913554704108,34.89667643332968,36.38164138793945,30215936,0.0,0.0
2023-09-05 00:00:00+05:30,36.728131191668666,39.252574600728266,36.728131191668666,38.06460189819336,50524135,0.0,0.0
2023-09-06 00:00:00+05:30,38.26259653280202,38.51009067912943,37.32211802146567,38.01510238647461,14313332,0.0,0.0
2023-09-07 00:00:00+05:30,38.16359865513163,39.05457914027853,37.76761026564726,38.60908889770508,18202810,0.0,0.0
2023-09-08 00:00:00+05:30,38.85658026555147,39.50006654486471,38.60908612373267,38.90607833862305,20142013,0.0,0.0
2023-09-11 00:00:00+05:30,39.1535733813053,41.77701285553024,39.10407530709485,40.242549896240234,49286365,0.0,0.0
2023-09-12 00:00:00+05:30,40.9850318465598,41.92550657464652,36.975623683828225,37.22311782836914,39016829,0.0,0.0
2023-09-13 00:00:00+05:30,37.22311865105299,40.24255030235464,36.233142051009445,39.99505615234375,36419828,0.0,0.0
2023-09-14 00:00:00+05:30,40.193046101351285,44.84593660482319,39.59906168663607,44.350948333740234,113142298,0.0,0.0
2023-09-15 00:00:00+05:30,44.49944797648357,47.518875786811705,43.60846754489647,46.62789535522461,138121063,0.0,0.0
2023-09-18 00:00:00+05:30,46.23190784887473,55.4386894484073,44.697444878362795,51.23128890991211,328509507,0.0,0.0
2023-09-20 00:00:00+05:30,49.8948211985367,52.66675487035297,47.617872040814554,48.459354400634766,114782520,0.0,0.0
2023-09-21 00:00:00+05:30,48.706846404186784,50.34030542531592,45.7369167914493,46.429901123046875,104885757,0.0,0.0
2023-09-22 00:00:00+05:30,47.1228851583198,51.23128960327298,46.82589293040463,50.340309143066406,137435211,0.0,0.0
2023-09-25 00:00:00+05:30,50.58780161288975,50.83529575732944,48.706848381024614,49.49882888793945,61601517,0.0,0.0
2023-09-26 00:00:00+05:30,49.746324476248915,51.23128938598769,49.053340096411944,49.5483283996582,51964071,0.0,0.0
2023-09-27 00:00:00+05:30,49.69682323299691,50.38980756865548,48.70684668961634,50.092811584472656,39379814,0.0,0.0
2023-09-28 00:00:00+05:30,50.09281053032959,53.45873221757608,49.20183392591309,49.79581832885742,115943371,0.0,0.0
2023-09-29 00:00:00+05:30,50.538306773559476,51.57778149143657,50.19181645975417,50.78580093383789,41981345,0.0,0.0
2023-10-03 00:00:00+05:30,50.587801427241146,52.36976228183623,49.84531899664684,51.97377014160156,47114368,0.0,0.0
2023-10-04 00:00:00+05:30,51.42928421170834,53.904225667743766,49.00384082950143,50.290809631347656,83263553,0.0,0.0
2023-10-05 00:00:00+05:30,50.88480055826544,51.23129086999008,49.00384344086008,49.59782791137695,33116843,0.0,0.0
2023-10-06 00:00:00+05:30,49.894823427612224,49.894823427612224,48.211862409245654,49.44933319091797,31630762,0.0,0.0
2023-10-09 00:00:00+05:30,47.61787478872548,48.11286310784513,45.98441560150736,46.33090591430664,28024436,0.0,0.0
2023-10-10 00:00:00+05:30,46.72689547721969,49.251335008811296,46.627895553033945,48.855342864990234,28392393,0.0,0.0
2023-10-11 00:00:00+05:30,49.15233958534885,49.201837659940594,47.61787283777752,47.9643669128418,20043617,0.0,0.0
2023-10-12 00:00:00+05:30,48.211859217717524,48.60784757576236,47.667372865117834,48.16236114501953,14743219,0.0,0.0
2023-10-13 00:00:00+05:30,48.013861557040684,48.55834789157065,47.51887329356604,47.71686935424805,18119874,0.0,0.0
2023-10-16 00:00:00+05:30,47.81586733629107,48.11285955051183,47.3208790537695,47.51887512207031,16381545,0.0,0.0
2023-10-17 00:00:00+05:30,47.964365576528664,49.300832435576275,47.76636950721693,48.310855865478516,19746737,0.0,0.0
2023-10-18 00:00:00+05:30,48.409853225996834,48.409853225996834,46.330900272955446,46.52889633178711,18208145,0.0,0.0
2023-10-19 00:00:00+05:30,46.52889633178711,46.924888449450435,45.637915955274984,46.52889633178711,17491597,0.0,0.0
2023-10-20 00:00:00+05:30,46.52889961002963,48.75634693178637,45.934915168145565,46.380401611328125,36770400,0.0,0.0
2023-10-23 00:00:00+05:30,46.92488928631275,47.32087763457744,41.82650861866089,42.12350082397461,40067357,0.0,0.0
2023-10-25 00:00:00+05:30,42.96498579588148,44.35095076501445,41.18302490112892,42.86598587036133,41386855,0.0,0.0
2023-10-26 00:00:00+05:30,42.568994261338,43.80646502474899,40.44054303768667,43.41047286987305,43148324,0.0,0.0
2023-10-27 00:00:00+05:30,43.657969099683804,45.14293408642762,42.71749429591505,44.00446319580078,50321677,0.0,0.0
2023-10-30 00:00:00+05:30,44.152956712604954,44.152956712604954,42.46999944275547,43.06398391723633,19145421,0.0,0.0
2023-10-31 00:00:00+05:30,43.261978970722126,44.44995166785681,42.51949650707058,42.766990661621094,17200950,0.0,0.0
2023-11-01 00:00:00+05:30,43.01448337008629,43.36097366422406,42.3709970793036,42.717491149902344,15095853,0.0,0.0
2023-11-02 00:00:00+05:30,43.45997525332959,44.251955796310625,43.26197917346905,43.5589714050293,13865290,0.0,0.0
2023-11-03 00:00:00+05:30,43.85596363658955,44.152955868149796,43.311477249318905,43.5589714050293,9526895,0.0,0.0
2023-11-06 00:00:00+05:30,43.95496261537614,44.35095099008323,43.36097438862396,43.65796661376953,9694139,0.0,0.0
2023-11-07 00:00:00+05:30,43.6579668649816,44.64794347213729,43.11348048633818,44.449951171875,13706329,0.0,0.0
2023-11-08 00:00:00+05:30,44.64794198902668,44.994436055898,44.004459481627244,44.400447845458984,13130743,0.0,0.0
2023-11-09 00:00:00+05:30,44.499449533692534,44.5984456844616,43.60846907092656,43.80646514892578,7660459,0.0,0.0
2023-11-10 00:00:00+05:30,43.70746652094833,43.756964593527464,43.212478242235264,43.4599723815918,6306351,0.0,0.0
2023-11-13 00:00:00+05:30,43.756965920469,46.97438982967318,43.36097377490563,46.380401611328125,33117998,0.0,0.0
2023-11-15 00:00:00+05:30,47.172385091417844,47.271381237876156,46.23190659422028,46.875389099121094,19247985,0.0,0.0
2023-11-16 00:00:00+05:30,46.82589423342628,46.82589423342628,46.23190976106718,46.33090591430664,9908737,0.0,0.0
2023-11-17 00:00:00+05:30,45.58841888421769,45.786414947390455,45.09343061451617,45.39042282104492,9622664,0.0,0.0
2023-11-20 00:00:00+05:30,45.3409275301567,46.033911905532186,44.895437304810955,45.09343338012695,8448670,0.0,0.0
2023-11-21 00:00:00+05:30,45.340927438673866,45.39042551328774,44.350950840552336,44.697444915771484,6430184,0.0,0.0
2023-11-22 00:00:00+05:30,44.44995050459666,44.59844472756419,43.50947198662491,43.905460357666016,6524995,0.0,0.0
2023-11-23 00:00:00+05:30,43.55897006094742,44.15295450573958,43.55897006094742,43.905460357666016,5594413,0.0,0.0
2023-11-24 00:00:00+05:30,43.80646461457284,44.25195484052172,43.558970464208016,43.65796661376953,4680316,0.0,0.0
2023-11-28 00:00:00+05:30,43.65796633923229,44.64794293446622,43.16297804161532,44.30145263671875,11393541,0.0,0.0
2023-11-29 00:00:00+05:30,44.44995199684664,44.59844622479935,43.75696760368396,43.95496368408203,6556219,0.0,0.0
2023-11-30 00:00:00+05:30,44.05395731332036,44.05395731332036,43.1629768907812,43.60846710205078,5399639,0.0,0.0
2023-12-01 00:00:00+05:30,43.80646658363887,44.79644322959682,43.60847049915505,43.85596466064453,10039113,0.0,0.0
2023-12-04 00:00:00+05:30,45.04393469048628,48.01386445029856,44.54894639718423,47.81586837768555,72476900,0.0,0.0
2023-12-05 00:00:00+05:30,48.11286009537223,48.5088522364583,46.825891301533886,47.66737365722656,32133357,0.0,0.0
2023-12-06 00:00:00+05:30,47.914870571196296,47.96436864757825,46.57839985011658,47.37038040161133,15017530,0.0,0.0
2023-12-07 00:00:00+05:30,47.419882254454436,48.16236472956722,46.62789792649854,47.37038040161133,17348974,0.0,0.0
2023-12-08 00:00:00+05:30,47.37037728031669,48.16236155608773,46.083408496880104,46.479400634765625,16232779,0.0,0.0
2023-12-11 00:00:00+05:30,46.677394220931895,48.21185706481342,46.57839430349588,47.5683708190918,18218932,0.0,0.0
2023-12-12 00:00:00+05:30,47.86536540925105,49.102836115554965,47.3208790537695,47.51887512207031,22007984,0.0,0.0
2023-12-13 00:00:00+05:30,47.61787033081055,47.86536446720034,47.17238390647759,47.61787033081055,9953795,0.0,0.0
2023-12-14 00:00:00+05:30,48.16235899432577,48.40985312322475,47.41987660762883,47.5683708190918,11361248,0.0,0.0
2023-12-15 00:00:00+05:30,47.81586758042963,48.706848004101985,47.17238507574264,48.310855865478516,21924665,0.0,0.0
2023-12-18 00:00:00+05:30,48.36035492854545,51.08279055203792,47.617872485774775,50.04331588745117,53059324,0.0,0.0
2023-12-19 00:00:00+05:30,50.092815315418825,52.468760707078516,49.74632501001312,51.528282165527344,61183485,0.0,0.0
2023-12-20 00:00:00+05:30,51.973769507649195,52.171765575351465,46.52889841637166,47.12288284301758,40716589,0.0,0.0
2023-12-21 00:00:00+05:30,47.02388721522064,49.00384036112467,45.736918425675206,48.70684814453125,22407984,0.0,0.0
2023-12-22 00:00:00+05:30,49.00384117292774,49.30083339444117,47.518876288899634,48.21186065673828,13667470,0.0,0.0
2023-12-26 00:00:00+05:30,48.01386601374699,48.904846481287564,47.71687378338717,48.26136016845703,9505023,0.0,0.0
2023-12-27 00:00:00+05:30,48.261361187441786,49.4493339104249,48.11286318089595,48.558353424072266,13621213,0.0,0.0
2023-12-28 00:00:00+05:30,48.607848984017906,50.88479815870167,48.607848984017906,49.6473274230957,35566709,0.0,0.0
2023-12-29 00:00:00+05:30,49.94432199956276,50.88480055826544,49.3998356055121,49.59782791137695,21131430,0.0,0.0
2024-01-01 00:00:00+05:30,49.746321696044006,50.884796240468155,49.20183534819539,49.84531784057617,14747454,0.0,0.0
2024-01-02 00:00:00+05:30,49.8453204349441,51.67677941580042,49.39983398490165,50.58780288696289,33188408,0.0,0.0
2024-01-03 00:00:00+05:30,50.48880465306412,52.41925970391463,50.142314367009796,51.429283142089844,49402075,0.0,0.0
2024-01-04 00:00:00+05:30,51.62727985124192,52.66675449878177,51.47878185453869,51.97377014160156,21798368,0.0,0.0
2024-01-05 00:00:00+05:30,52.22126605094466,52.81525050492074,50.736301139543386,51.37978744506836,20211613,0.0,0.0
2024-01-08 00:00:00+05:30,51.37978603771861,51.47878218518265,49.647327021871114,49.89482116699219,12081310,0.0,0.0
2024-01-09 00:00:00+05:30,50.24131373589602,50.934298128924745,49.20183903458351,49.44933319091797,9885109,0.0,0.0
2024-01-10 00:00:00+05:30,49.4493308143437,49.89482102962735,49.00384059906006,49.49882888793945,9261372,0.0,0.0
2024-01-11 00:00:00+05:30,49.79582084461515,50.637303197170056,49.746322771279196,50.14231491088867,10073713,0.0,0.0
2024-01-12 00:00:00+05:30,50.340308985918625,52.07276804922011,49.993818683842754,51.37978744506836,35898322,0.0,0.0
2024-01-15 00:00:00+05:30,51.72627363524394,53.260736499753285,51.37978336071178,52.02326583862305,33275996,0.0,0.0
2024-01-16 00:00:00+05:30,52.221266348780006,53.805227419390796,50.98379558222124,52.56775665283203,53135534,0.0,0.0
2024-01-17 00:00:00+05:30,51.57777520652354,52.17176338468913,50.53830061530968,50.83529281616211,25793885,0.0,0.0
2024-01-18 00:00:00+05:30,51.082790729367574,52.86475161937191,48.7563472445278,52.2707633972168,40878518,0.0,0.0
2024-01-19 00:00:00+05:30,52.56775657676619,54.4487136497982,52.02327019556043,54.00322341918945,90258328,0.0,0.0
2024-01-23 00:00:00+05:30,56.676160573897604,56.92365472487532,52.072767855127616,52.41926193237305,45383881,0.0,0.0
2024-01-24 00:00:00+05:30,52.66675380033871,54.5477070003567,51.03329096410911,54.30021286010742,38909793,0.0,0.0
2024-01-25 00:00:00+05:30,54.15171943964482,54.89420187133156,53.16174286406251,53.80522537231445,20464938,0.0,0.0
2024-01-29 00:00:00+05:30,53.95372155734471,56.92365118435451,53.90422348552004,55.43868637084961,38657218,0.0,0.0
2024-01-30 00:00:00+05:30,55.73568146831325,58.11162680370499,54.547708800617386,55.53768539428711,48386782,0.0,0.0
2024-01-31 00:00:00+05:30,55.48818587031286,58.210621431783224,55.14169558216463,56.92365264892578,44289077,0.0,0.0
2024-02-01 00:00:00+05:30,57.31964679818409,59.34909807811778,55.19119559211886,58.95310592651367,78746142,0.0,0.0
2024-02-02 00:00:00+05:30,60.38857250706764,62.81401592862732,59.99258035709263,61.42804718017578,87281980,0.0,0.0
2024-02-05 00:00:00+05:30,61.873538165032336,69.59535874919723,61.08155763181213,64.19998168945312,155196600,0.0,0.0
2024-02-06 00:00:00+05:30,64.59597714827346,68.15989161828335,63.85349465231629,65.88294982910156,60062362,0.0,0.0
2024-02-07 00:00:00+05:30,66.27892562562789,76.12919662542599,66.27892562562789,73.4067611694336,154612545,0.0,0.0
2024-02-08 00:00:00+05:30,75.28772366604875,75.63421396645326,68.60538159697656,69.14986419677734,90182075,0.0,0.0
2024-02-09 00:00:00+05:30,69.74384466874044,71.6743034658635,64.34847551233628,67.31840515136719,58441930,0.0,0.0
2024-02-12 00:00:00+05:30,67.31840911790901,67.51640141767521,57.71563529726802,59.349098205566406,49978373,0.0,0.0
2024-02-13 00:00:00+05:30,58.4086209748691,63.30900603229017,57.81463650943793,62.66551971435547,60568781,0.0,0.0
2024-02-14 00:00:00+05:30,59.89358029466909,65.53644351613872,59.844082223271435,64.94245910644531,41099283,0.0,0.0
2024-02-15 00:00:00+05:30,65.23945896502916,67.31840829897183,63.556494225801664,66.77391815185547,50957276,0.0,0.0
2024-02-16 00:00:00+05:30,67.31841049694738,68.30838712190248,65.43745339894822,65.93244171142578,34547539,0.0,0.0
2024-02-19 00:00:00+05:30,66.22943636558034,68.15988772359299,65.23945976087188,66.2789306640625,26347802,0.0,0.0
2024-02-20 00:00:00+05:30,66.42742739730222,66.87292139267014,64.84346637058977,65.18995666503906,16877805,0.0,0.0
2024-02-21 00:00:00+05:30,65.48695266195101,67.7143999800247,64.74447022259311,65.18995666503906,29225281,0.0,0.0
2024-02-22 00:00:00+05:30,65.6354543078281,66.67492524894033,63.16050892930586,66.22943878173828,22223256,0.0,0.0
2024-02-23 00:00:00+05:30,66.32842831919855,66.67491859834139,64.74446736245874,65.09095764160156,14482044,0.0,0.0
2024-02-26 00:00:00+05:30,65.23946552270789,65.23946552270789,63.90299849890145,64.2494888305664,11290843,0.0,0.0
2024-02-27 00:00:00+05:30,64.24948310981166,64.79396571025525,61.923035824548535,62.61602020263672,14385725,0.0,0.0
2024-02-28 00:00:00+05:30,62.81401612189337,63.210004496625736,59.745086391297065,60.388572692871094,16140826,0.0,0.0
2024-02-29 00:00:00+05:30,60.141076695689215,62.36852398071474,59.59659033686405,62.02203369140625,16517287,0.0,0.0
2024-03-01 00:00:00+05:30,62.319029405597476,63.30900603229017,62.071535248924306,62.66551971435547,10099243,0.0,0.0
2024-03-04 00:00:00+05:30,63.25950546056853,63.5069996074777,61.725038728562886,62.319026947021484,8638680,0.0,0.0
2024-03-05 00:00:00+05:30,62.22002247446572,67.26890119178526,61.67553614635647,66.72441864013672,56087283,0.0,0.0
2024-03-06 00:00:00+05:30,66.87292911608982,67.46691362559336,63.40801066557579,64.39798736572266,32497838,0.0,0.0
2024-03-07 00:00:00+05:30,64.84346882909124,65.63545314893607,63.408005746410026,63.704994201660156,17945402,0.0,0.0
2024-03-11 00:00:00+05:30,63.952485813143156,64.05148196095463,61.0815559855397,61.52704620361328,14035590,0.0,0.0
2024-03-12 00:00:00+05:30,61.52704610135941,62.121030540163034,59.101602719399494,59.695587158203125,17010763,0.0,0.0
2024-03-13 00:00:00+05:30,60.289575413823634,60.78456370531165,52.51825697158535,53.55773162841797,34629026,0.0,0.0
2024-03-14 00:00:00+05:30,53.458736368279695,60.8835608638741,51.52828124413295,59.99258041381836,40906348,0.0,0.0
2024-03-15 00:00:00+05:30,59.29959855673927,61.081555642566926,56.77515526065073,58.90360641479492,26890962,0.0,0.0
2024-03-18 00:00:00+05:30,59.101604121459324,60.141078802255485,57.51763928630518,57.913631439208984,15905678,0.0,0.0
2024-03-19 00:00:00+05:30,57.418639877710945,58.755106709107814,56.42866332809524,56.62665939331055,14216161,0.0,0.0
2024-03-20 00:00:00+05:30,56.92365385887381,57.6661363005113,55.24069290253665,56.18117141723633,16608753,0.0,0.0
2024-03-21 00:00:00+05:30,57.715637131252215,58.85411177338945,57.022652730667,57.31964874267578,15462631,0.0,0.0
2024-03-22 00:00:00+05:30,57.616638011769645,59.200599037445805,57.36914386547893,58.65611267089844,14903892,0.0,0.0
2024-03-26 00:00:00+05:30,58.55711720254305,59.39859579911274,57.56714060589117,57.765132904052734,9071528,0.0,0.0
2024-03-27 00:00:00+05:30,57.96312769692555,58.8046100513484,56.52766090823087,56.6761589050293,11064222,0.0,0.0
2024-03-28 00:00:00+05:30,57.27014455341027,61.03205863841969,57.17114840441992,59.200599670410156,31670415,0.0,0.0
2024-04-01 00:00:00+05:30,59.79458749458543,63.06150948345223,59.79458749458543,62.71501541137695,23280709,0.0,0.0
2024-04-02 00:00:00+05:30,62.665516838459574,63.556493495716914,61.4775441856555,62.56652069091797,18976772,0.0,0.0
2024-04-03 00:00:00+05:30,62.814011824659985,65.23945508775279,62.07152942431285,64.94245910644531,32063126,0.0,0.0
2024-04-04 00:00:00+05:30,65.53644914604867,66.32843346228967,63.408005457880115,64.34848022460938,25233168,0.0,0.0
2024-04-05 00:00:00+05:30,64.34847469675192,65.68494150679246,63.55649044854635,64.94245910644531,20709251,0.0,0.0
2024-04-08 00:00:00+05:30,65.18995512534542,65.28895127100394,63.11100585482951,63.30900192260742,10786579,0.0,0.0
2024-04-09 00:00:00+05:30,63.65549743096835,64.24948187133077,62.31902677546145,63.35850143432617,10343663,0.0,0.0
2024-04-10 00:00:00+05:30,63.70499675082762,64.84347142381499,62.665522010012914,64.44747924804688,13424740,0.0,0.0
2024-04-12 00:00:00+05:30,64.19998097404546,64.79396542322633,63.06151015037197,63.25950622558594,8740422,0.0,0.0
2024-04-15 00:00:00+05:30,61.23004848435325,62.31902496194248,58.95310316060975,60.68556213378906,15436241,0.0,0.0
2024-04-16 00:00:00+05:30,60.14107694933491,63.21000282217339,59.497590664807035,61.37854766845703,14471808,0.0,0.0
2024-04-18 00:00:00+05:30,61.87353781510063,63.210004721322385,60.93305928501889,61.1805534362793,9695748,0.0,0.0
2024-04-19 00:00:00+05:30,60.38857391869915,61.873538851126185,58.85411091048345,61.47754669189453,10721240,0.0,0.0
2024-04-22 00:00:00+05:30,62.17053079030622,64.15048780070357,62.12103271475004,63.95248794555664,13443977,0.0,0.0
2024-04-23 00:00:00+05:30,64.29897415863039,64.3979778563639,62.9130092489608,63.16050338745117,8885969,0.0,0.0
2024-04-24 00:00:00+05:30,63.35850079573562,63.853489083202305,62.66551643799008,62.81401443481445,6077659,0.0,0.0
2024-04-25 00:00:00+05:30,62.81401745392582,65.83344539730707,62.61602137413042,65.14046478271484,25913001,0.0,0.0
2024-04-26 00:00:00+05:30,65.48695319987107,66.32843179413767,64.79396505235822,65.33845520019531,19156664,0.0,0.0
2024-04-29 00:00:00+05:30,66.08094010477554,67.9123953611399,65.78394409437166,67.51640319824219,30491686,0.0,0.0
2024-04-30 00:00:00+05:30,67.96189651377914,69.05086928583876,66.13044127628041,66.575927734375,35436655,0.0,0.0
2024-05-02 00:00:00+05:30,67.21941031084934,67.21941031084934,65.33845332573621,65.53644561767578,15085713,0.0,0.0
2024-05-03 00:00:00+05:30,65.93243404855313,66.03143018895855,63.8534848883538,64.4969711303711,13041002,0.0,0.0
2024-05-06 00:00:00+05:30,64.79396284200246,64.79396284200246,62.170527223426674,62.91300964355469,11112535,0.0,0.0
2024-05-07 00:00:00+05:30,62.913010773229765,63.50699898587444,59.44809275041581,60.339073181152344,17525168,0.0,0.0
2024-05-08 00:00:00+05:30,60.68556384137187,62.07153256949834,60.14107747548681,61.52704620361328,10579525,0.0,0.0
2024-05-09 00:00:00+05:30,61.52704665369234,62.17052917209603,59.54709347129144,59.844085693359375,8726840,0.0,0.0
2024-05-10 00:00:00+05:30,60.3885707151083,60.68556293054616,57.517637154133546,60.190574645996094,10665307,0.0,0.0
2024-05-13 00:00:00+05:30,60.28957406796187,60.339072140713526,57.41864053083574,58.60661315917969,11469041,0.0,0.0
2024-05-14 00:00:00+05:30,58.90360576039483,60.14107646964682,58.85410768731693,59.794586181640625,7533528,0.0,0.0
2024-05-15 00:00:00+05:30,60.190575585126105,61.477544389744175,59.794587217184144,60.09157943725586,8525938,0.0,0.0
2024-05-16 00:00:00+05:30,60.58656678422051,60.78456285333272,59.59659021512037,60.190574645996094,6225201,0.0,0.0
2024-05-17 00:00:00+05:30,60.388574128629095,61.131056597423715,60.04208382044272,60.438072204589844,6162276,0.0,0.0
2024-05-21 00:00:00+05:30,61.67553730021007,65.53644351613872,61.03205481911901,64.94245910644531,22472609,0.0,0.0
2024-05-22 00:00:00+05:30,65.28894780653583,65.53644193401007,63.55648891421616,64.4969711303711,9273845,0.0,0.0
2024-05-23 00:00:00+05:30,64.84346922641059,66.52642647524013,64.79396737377114,65.28895568847656,17295289,0.0,0.0
2024-05-24 00:00:00+05:30,65.14046478271484,66.42742986023217,64.64547647145689,65.14046478271484,12666549,0.0,0.0
2024-05-27 00:00:00+05:30,65.4374487290279,68.50637453679148,64.84346430702877,67.46690368652344,43515664,0.0,0.0
2024-05-28 00:00:00+05:30,67.813393954573,68.01138624422059,63.16050339509845,64.5959701538086,21467635,0.0,0.0
2024-05-29 00:00:00+05:30,63.85349612438541,65.18996313733452,63.50700579553529,64.10099029541016,10775963,0.0,0.0
2024-05-30 00:00:00+05:30,64.00198950331364,64.79396626149358,62.51702458468883,62.76451873779297,13096152,0.0,0.0
2024-05-31 00:00:00+05:30,63.358504945535095,64.6949718986455,61.87353998587412,64.00199127197266,15702898,0.0,0.0
2024-06-03 00:00:00+05:30,67.36790928852089,72.26829033823226,65.14046198357538,71.57530975341797,95389337,0.0,0.0
2024-06-04 00:00:00+05:30,71.27831173731276,71.27831173731276,57.27014201724265,59.89358139038086,69488360,0.0,0.0
2024-06-05 00:00:00+05:30,61.37854807000411,63.21000323570211,57.31964559531403,61.13105392456055,28178521,0.0,0.0
2024-06-06 00:00:00+05:30,61.92303371445596,65.8334419222742,61.87353564123516,63.457496643066406,28076368,0.0,0.0
2024-06-07 00:00:00+05:30,63.754497637371834,64.84347043951198,62.962513297857676,64.1504898071289,15515685,0.0,0.0
2024-06-10 00:00:00+05:30,64.49697601779778,65.0909604581624,63.35850143456112,63.64559555053711,11849669,0.0,0.0
2024-06-11 00:00:00+05:30,63.84358956577895,64.4672796649426,62.80411487891537,63.33870315551758,10449934,0.0,0.0
2024-06-12 00:00:00+05:30,63.33870402242947,66.60562613005528,63.30900593214323,65.64534759521484,29022671,0.0,0.0
2024-06-13 00:00:00+05:30,66.32842941331049,66.4274255585669,64.61576664397974,65.10086059570312,13295899,0.0,0.0
2024-06-14 00:00:00+05:30,65.18995828554995,65.67504470983738,64.45737770865759,64.774169921875,9793423,0.0,0.0
2024-06-18 00:00:00+05:30,64.89297065939952,65.16026102432613,64.14058631109457,64.27918243408203,8823568,0.0,0.0
2024-06-19 00:00:00+05:30,64.44746981053318,65.65524237094782,62.72491278404942,64.3583755493164,15633223,0.0,0.0
2024-06-20 00:00:00+05:30,64.85336698251416,67.0709123765289,64.34847681881,64.6751708984375,25557624,0.0,0.0
2024-06-21 00:00:00+05:30,65.12066271086023,65.12066271086023,63.55649779398527,63.86339569091797,10121247,0.0,0.0
2024-06-24 00:00:00+05:30,63.90299103716693,64.67517155840476,62.942712549450505,63.49709701538086,7040196,0.0,0.0
2024-06-25 00:00:00+05:30,63.714893511023966,63.95248577621872,62.517022751476276,62.675418853759766,6575084,0.0,0.0
2024-06-26 00:00:00+05:30,63.061506844371564,63.724793095096395,61.99233036014437,62.25962448120117,8951244,0.0,0.0
2024-06-27 00:00:00+05:30,62.26953128502594,62.86351575003234,60.39847228968739,61.40824890136719,9760196,0.0,0.0
2024-06-28 00:00:00+05:30,61.6260410223024,64.22967666290768,61.6260410223024,62.16062927246094,12324184,0.0,0.0
2024-07-01 00:00:00+05:30,62.46751996174376,63.35850038397781,61.88343363527053,62.48731994628906,8020735,0.0,0.0
2024-07-02 00:00:00+05:30,62.75461555853917,62.96250973649492,61.626042847966794,61.9626350402832,4883316,0.0,0.0
2024-07-03 00:00:00+05:30,62.28932562237304,62.48732169691215,61.7745411156168,61.89333724975586,5271418,0.0,0.0
2024-07-04 00:00:00+05:30,62.15072882939456,62.3487249017873,61.43794825582604,61.63594055175781,4636050,0.0,0.0
2024-07-05 00:00:00+05:30,61.675539753197505,62.160629935693606,61.24984952461754,61.55674362182617,6020969,0.0,0.0
2024-07-08 00:00:00+05:30,61.55674668326161,61.8240408244863,60.98255842956536,61.19045639038086,4987770,0.0,0.0
2024-07-09 00:00:00+05:30,61.279551340654784,64.9226654291151,61.14095144829498,63.5663948059082,29216143,0.0,0.0
2024-07-10 00:00:00+05:30,63.85348746175821,64.2296758316284,61.774538217773674,63.229801177978516,9777451,0.0,0.0
2024-07-11 00:00:00+05:30,63.30900417421694,63.64559636847216,62.368525651169016,62.576419830322266,6565053,0.0,0.0
2024-07-12 00:00:00+05:30,62.95261212826809,63.60599653303539,62.37842388771995,62.68531799316406,7485553,0.0,0.0
2024-07-15 00:00:00+05:30,63.10111028469713,65.9918439268271,62.62591819236425,64.91276550292969,32858029,0.0,0.0
2024-07-16 00:00:00+05:30,64.91276315392842,66.5264222380389,63.8237904415198,64.38807678222656,14477433,0.0,0.0
2024-07-18 00:00:00+05:30,64.24947984271188,66.96201348490504,63.17040524817087,63.73468780517578,44730149,0.0,0.0
2024-07-19 00:00:00+05:30,64.0514802967705,65.55624889492704,61.675538822878025,61.942832946777344,20409750,0.0,0.0
2024-07-22 00:00:00+05:30,61.942835186085325,63.160505943561894,60.40837222063735,62.35862731933594,9140309,0.0,0.0
2024-07-23 00:00:00+05:30,62.724915590449825,62.863511704935625,58.74520935689907,61.299346923828125,10720402,0.0,0.0
2024-07-24 00:00:00+05:30,61.29935069506896,63.63569613002525,61.03206033009412,62.44772720336914,11075162,0.0,0.0
2024-07-25 00:00:00+05:30,61.873537355781764,63.041710043175804,61.65574129582188,62.28932571411133,6728637,0.0,0.0
2024-07-26 00:00:00+05:30,62.665516937402025,64.5464701788891,62.26952857014941,63.53669738769531,15238054,0.0,0.0
2024-07-29 00:00:00+05:30,64.04159125966886,66.39773294385853,63.605999121126,63.71489715576172,18448455,0.0,0.0
2024-07-30 00:00:00+05:30,63.7148955503182,64.07128773597817,63.14070730087466,63.556495666503906,5656630,0.0,0.0
2024-07-31 00:00:00+05:30,63.85349027099173,63.85349027099173,62.86351367764301,62.93281173706055,5017781,0.0,0.0
2024-08-01 00:00:00+05:30,63.25950745806883,63.73469200550271,62.22993086806584,62.517024993896484,6064294,0.0,0.0
2024-08-02 00:00:00+05:30,61.77454017862147,62.75461487920969,61.39834802034935,61.992332458496094,5993637,0.0,0.0
2024-08-05 00:00:00+05:30,60.73506381342157,60.86376183076744,57.814635820640675,58.062129974365234,14999796,0.0,0.0
2024-08-06 00:00:00+05:30,59.398594600954844,60.28957503055354,57.943327824763955,58.220523834228516,7410449,0.0,0.0
2024-08-07 00:00:00+05:30,59.04220082216308,59.279796855743065,58.06212615274016,58.923404693603516,5190078,0.0,0.0
2024-08-08 00:00:00+05:30,58.98280711958434,60.30937212646147,58.52741501749738,59.2698974609375,7622637,0.0,0.0
2024-08-09 00:00:00+05:30,59.69558823990963,60.190576540035686,58.982807655721615,59.13130187988281,5641251,0.0,0.0
2024-08-12 00:00:00+05:30,58.80461224853156,59.06200450594368,57.953231758192835,58.52741622924805,4342369,0.0,0.0
2024-08-13 00:00:00+05:30,58.69571304871133,59.05210522608137,57.61663841232361,57.83443069458008,4501534,0.0,0.0
2024-08-14 00:00:00+05:30,57.84432926967424,58.1017215072539,56.43856062554613,56.54745864868164,5333876,0.0,0.0
2024-08-16 00:00:00+05:30,57.171150195618246,57.616640432954256,56.83455799146006,57.45824432373047,3705234,0.0,0.0
2024-08-19 00:00:00+05:30,57.775035599715366,59.84408686695881,57.775035599715366,59.67578887939453,6700944,0.0,0.0
2024-08-20 00:00:00+05:30,59.9925814960775,60.09158142368132,59.428295126349546,59.715389251708984,4490240,0.0,0.0
2024-08-21 00:00:00+05:30,59.943081438989516,60.37867355312493,59.606489249185316,60.09157943725586,3756612,0.0,0.0
2024-08-22 00:00:00+05:30,60.289574432304995,61.13105300355089,59.457993965084896,60.0816764831543,5954328,0.0,0.0
2024-08-23 00:00:00+05:30,60.32917038209953,60.36877035096515,59.39859377252259,59.57678985595703,4107727,0.0,0.0
2024-08-26 00:00:00+05:30,59.89358283437431,61.06175549590542,59.8737828496835,60.517269134521484,5448364,0.0,0.0
2024-08-27 00:00:00+05:30,60.50736999511719,60.89346027292669,60.368773872463635,60.50736999511719,3264214,0.0,0.0
2024-08-28 00:00:00+05:30,60.40837110695251,61.07165360002036,60.27967309469272,60.517269134521484,3200457,0.0,0.0
2024-08-29 00:00:00+05:30,60.141077606937664,60.88356004652949,59.50749319605306,60.774662017822266,4405086,0.0,0.0
2024-08-30 00:00:00+05:30,60.90336215395114,61.13105632351929,60.38857385805144,60.50736999511719,3782808,0.0,0.0
2024-09-02 00:00:00+05:30,60.50737027770169,60.63606829639294,59.54709551920544,60.150978088378906,2926810,0.0,0.0
2024-09-03 00:00:00+05:30,60.16087642120426,60.60636663158304,59.992578441078535,60.0816764831543,2019190,0.0,0.0
2024-09-04 00:00:00+05:30,59.507492332808766,59.88368448748714,58.61651190763918,59.438194274902344,2964534,0.0,0.0
2024-09-05 00:00:00+05:30,59.74508459926424,60.21037479649112,59.4381942789324,59.72528839111328,2678616,0.0,0.0
2024-09-06 00:00:00+05:30,59.89358473471419,60.645965294532196,58.21062374720687,58.59671401977539,4070290,0.0,0.0
2024-09-09 00:00:00+05:30,58.40861751119385,58.49771555337106,56.785056543930004,57.497840881347656,4330475,0.0,0.0
2024-09-10 00:00:00+05:30,57.814633053162495,58.74520966709587,57.804731172669285,58.072025299072266,2780675,0.0,0.0
2024-09-11 00:00:00+05:30,58.309621877188384,58.60661409490097,57.6265356223424,58.220523834228516,3537404,0.0,0.0
2024-09-12 00:00:00+05:30,58.50761815024645,58.893712213636704,57.913633674426556,58.04233169555664,2405379,0.0,0.0
2024-09-13 00:00:00+05:30,58.40861746621199,60.170774547403106,58.081923386326864,59.22039794921875,6765219,0.0,0.0
2024-09-16 00:00:00+05:30,59.59658863966163,60.76476126243558,59.22039649593931,59.74508285522461,5224999,0.0,0.0
2024-09-17 00:00:00+05:30,59.79458644497018,59.99257873815371,59.20059823603681,59.438194274902344,2769660,0.0,0.0
2024-09-18 00:00:00+05:30,59.3985944307478,59.586688620252566,58.408617856902,58.68581008911133,2848785,0.0,0.0
2024-09-19 00:00:00+05:30,58.72540916650931,59.745083813616425,56.82465598629478,57.636436462402344,4065969,0.0,0.0
2024-09-20 00:00:00+05:30,58.01262745160081,60.685565036208715,56.67616054752737,58.091827392578125,21691234,0.0,0.0
2024-09-23 00:00:00+05:30,59.2006000068543,61.1310551348252,58.576913690579794,60.96276092529297,11635667,0.0,0.0
2024-09-24 00:00:00+05:30,61.03205794751821,61.20035215418886,59.54709307070717,59.80448532104492,5114105,0.0,0.0
2024-09-25 00:00:00+05:30,59.79458830455713,59.79458830455713,58.72541176110268,58.95310592651367,3311832,0.0,0.0
2024-09-26 00:00:00+05:30,59.200602064401664,60.09158254718888,58.279923491008596,58.864009857177734,6173426,0.0,0.0
2024-09-27 00:00:00+05:30,58.814512036860904,59.78468869097661,58.61651595355009,59.08180618286133,4165739,0.0,0.0
2024-09-30 00:00:00+05:30,58.90360458728517,59.022400715598394,57.943326127562806,58.24032211303711,3159313,0.0,0.0
2024-10-01 00:00:00+05:30,58.260122276176006,58.55711828181434,57.97303192796595,58.062129974365234,2299657,0.0,0.0
2024-10-03 00:00:00+05:30,57.41864238269905,57.81463453040551,56.7751560867913,56.97315216064453,3102515,0.0,0.0
2024-10-04 00:00:00+05:30,56.92365381730914,57.78493239157065,55.9930771839956,57.32954406738281,4088917,0.0,0.0
2024-10-07 00:00:00+05:30,57.41864497916573,57.71563721514504,54.468515052377036,54.62691116333008,4817361,0.0,0.0
2024-10-08 00:00:00+05:30,54.44871098599679,56.022773872832225,54.092318818945614,55.84457778930664,3619298,0.0,0.0
2024-10-09 00:00:00+05:30,56.13167277558987,57.65623761335599,56.11187279083773,57.18104553222656,3817682,0.0,0.0
2024-10-10 00:00:00+05:30,57.31964318312683,57.80472957296414,56.280164794839536,56.4781608581543,2114794,0.0,0.0
2024-10-11 00:00:00+05:30,56.260370553158644,56.77515504871937,56.13167254103799,56.38906478881836,1607338,0.0,0.0
2024-10-14 00:00:00+05:30,56.42866596538971,57.05235227820573,55.9336776674477,56.50786590576172,1663009,0.0,0.0
2024-10-15 00:00:00+05:30,56.52766234558952,56.893956406616674,56.0821758967885,56.43856430053711,2060425,0.0,0.0
2024-10-16 00:00:00+05:30,56.92365673570053,57.3394451113295,56.48806837411858,56.8543586730957,2652911,0.0,0.0
2024-10-17 00:00:00+05:30,57.17114884421856,59.81438456249671,56.47816446657218,58.37892150878906,23788568,0.0,0.0
2024-10-18 00:00:00+05:30,58.29972300149664,59.15110350555939,57.34934634524753,58.42842102050781,6253115,0.0,0.0
2024-10-21 00:00:00+05:30,58.408618602737796,58.8244069563611,55.587186841834004,56.07227325439453,3706993,0.0,0.0
2024-10-22 00:00:00+05:30,55.923778196725344,56.02277434331053,51.993569998626455,52.43906021118164,5505392,0.0,0.0
2024-10-23 00:00:00+05:30,52.072769821482396,53.24094256032627,49.83542427380077,52.33016586303711,8484503,0.0,0.0
2024-10-24 00:00:00+05:30,52.340060552742656,53.70622928599831,51.87477412968689,52.08266830444336,4010372,0.0,0.0
2024-10-25 00:00:00+05:30,52.70635533388109,52.94394760075597,48.66724903239822,49.756221771240234,7487547,0.0,0.0
2024-10-28 00:00:00+05:30,50.05321633209537,52.51825585655136,49.66712230070482,51.71637725830078,8051220,0.0,0.0
2024-10-29 00:00:00+05:30,51.73617765265108,53.61713478315822,51.290691184890974,53.30034255981445,5059857,0.0,0.0
2024-10-30 00:00:00+05:30,53.28053848389983,55.36938964254635,52.765750216366875,54.80510330200195,7317100,0.0,0.0
2024-10-31 00:00:00+05:30,54.993197978753436,57.8641315564617,54.26061742816753,57.25034713745117,10703055,0.0,0.0
2024-11-01 00:00:00+05:30,57.40874700952698,57.96313151093662,56.72566071105983,57.53744125366211,1697525,0.0,0.0
2024-11-04 00:00:00+05:30,57.41864122226772,57.41864122226772,55.05259781751492,55.418888092041016,5344850,0.0,0.0
2024-11-05 00:00:00+05:30,55.43868677847953,57.091945803636555,55.00309845617452,56.62665939331055,6639709,0.0,0.0
2024-11-06 00:00:00+05:30,56.72565954286628,58.21062447213745,56.488067269001114,57.99283218383789,5566087,0.0,0.0
2024-11-07 00:00:00+05:30,58.012625501418455,59.071900129384225,56.75535858058728,57.03255081176758,5476320,0.0,0.0
2024-11-08 00:00:00+05:30,57.022650326632125,57.022650326632125,54.96350097404792,55.25059509277344,3076243,0.0,0.0
2024-11-11 00:00:00+05:30,55.30999006103843,55.8841782859233,54.3992134268277,55.13179397583008,3429280,0.0,0.0
2024-11-12 00:00:00+05:30,55.14169670155457,56.03267336479174,54.01312399557758,54.34971618652344,2397059,0.0,0.0
2024-11-13 00:00:00+05:30,52.46875750500615,54.082420349833306,51.280784881676105,51.49858093261719,4550933,0.0,0.0
2024-11-14 00:00:00+05:30,51.6866760219892,52.64695450723298,51.24118580839874,51.39958190917969,3689333,0.0,0.0
2024-11-18 00:00:00+05:30,51.55798529129533,53.63693472742836,50.39971065722148,52.33016586303711,5643790,0.0,0.0
2024-11-19 00:00:00+05:30,52.468758970696896,54.18141800845187,51.5084804754072,52.12226867675781,5498164,0.0,0.0
2024-11-21 00:00:00+05:30,51.86487479305647,51.86487479305647,50.419509826529804,50.99369430541992,4251070,0.0,0.0
2024-11-22 00:00:00+05:30,50.993691801619654,52.211366314185284,50.73629955333336,51.79557418823242,3519219,0.0,0.0
2024-11-25 00:00:00+05:30,53.458735414719015,57.37904177211444,53.16174319548499,56.141571044921875,22709687,0.0,0.0
2024-11-26 00:00:00+05:30,56.14156854121021,56.220768476919766,55.19119197146032,55.50798416137695,4818135,0.0,0.0
2024-11-27 00:00:00+05:30,55.78518231850951,56.30987250725591,55.24069592019036,55.814884185791016,3442833,0.0,0.0
2024-11-28 00:00:00+05:30,56.03267568708068,57.0226523160147,55.04269905814667,55.44858932495117,6847385,0.0,0.0
2024-11-29 00:00:00+05:30,55.636685455818,56.379167902889066,54.31011666599257,55.35948944091797,4692849,0.0,0.0
2024-12-02 00:00:00+05:30,55.329794696826475,55.329794696826475,54.458614182181094,54.92390441894531,2928603,0.0,0.0
2024-12-03 00:00:00+05:30,55.14169741315476,56.61676043334942,55.02290127848227,56.15147399902344,5312658,0.0,0.0
2024-12-04 00:00:00+05:30,56.42866368981465,60.98255433665394,56.329667544802824,60.398468017578125,40927909,0.0,0.0
2024-12-05 00:00:00+05:30,60.63606580276758,60.63606580276758,59.01250480836397,59.517391204833984,9758188,0.0,0.0
2024-12-06 00:00:00+05:30,59.84408583118261,61.2795526470214,58.448218985433684,59.3787956237793,14972364,0.0,0.0
2024-12-09 00:00:00+05:30,59.378795260534226,59.68568936216171,58.40861865803373,58.765010833740234,4333980,0.0,0.0
2024-12-10 00:00:00+05:30,58.94320814310967,59.15110232442645,58.11162764138147,58.30962371826172,4823104,0.0,0.0
2024-12-11 00:00:00+05:30,58.60661396187851,59.54709246288449,58.2106218215199,58.398719787597656,4246655,0.0,0.0
2024-12-12 00:00:00+05:30,58.32942014412089,59.49759284795281,57.51763962470698,58.814510345458984,5375045,0.0,0.0
2024-12-13 00:00:00+05:30,58.60661707191831,58.60661707191831,55.88418134775071,57.17115020751953,7614513,0.0,0.0
2024-12-16 00:00:00+05:30,57.41864013671875,58.36901672228625,57.2305459509692,57.41864013671875,3400288,0.0,0.0
2024-12-17 00:00:00+05:30,57.41864119473235,57.48793925267808,55.95347632086966,56.28016662597656,3005234,0.0,0.0
2024-12-18 00:00:00+05:30,56.151470547058445,56.47816084143943,54.2705136108161,54.468509674072266,5101992,0.0,0.0
2024-12-19 00:00:00+05:30,52.66675688569064,54.61700825711222,52.57765883892287,54.329917907714844,4349828,0.0,0.0
2024-12-20 00:00:00+05:30,54.34971498227753,55.24069162577301,53.47853454681584,54.518009185791016,5534072,0.0,0.0
2024-12-23 00:00:00+05:30,54.93380174141105,54.93380174141105,53.45873498481682,53.69633102416992,3689583,0.0,0.0
2024-12-24 00:00:00+05:30,53.70623187042776,54.38931438169613,53.31023971010743,53.686431884765625,2297824,0.0,0.0
2024-12-26 00:00:00+05:30,53.646830347063805,54.211116704344526,53.06274400469907,53.24094009399414,2870629,0.0,0.0
2024-12-27 00:00:00+05:30,53.24094041072603,53.60723447226778,52.468759870161,52.59745788574219,2113540,0.0,0.0
2024-12-30 00:00:00+05:30,52.86475271308203,52.963748863925495,51.67678002065504,51.99357223510742,3031575,0.0,0.0
2024-12-31 00:00:00+05:30,51.973771434594475,52.96374803334865,51.67677921026042,52.77565383911133,2614531,0.0,0.0
2025-01-01 00:00:00+05:30,52.57766006428267,53.44884056670862,52.518260106232766,53.30034255981445,1709308,0.0,0.0
2025-01-02 00:00:00+05:30,53.31023801790883,53.77552822504658,52.726151677030316,53.41913604736328,3283190,0.0,0.0
2025-01-03 00:00:00+05:30,53.577534835077735,55.903982210846245,53.577534835077735,54.557613372802734,8364274,0.0,0.0
2025-01-06 00:00:00+05:30,54.63680615244041,54.63680615244041,51.97377050875582,52.587554931640625,4578302,0.0,0.0
2025-01-07 00:00:00+05:30,52.95384898570661,53.29044117434556,52.41926072555163,52.587554931640625,2695043,0.0,0.0
2025-01-08 00:00:00+05:30,52.46875829577169,52.84495045039572,51.58767975126513,52.1519660949707,2444682,0.0,0.0
2025-01-09 00:00:00+05:30,52.151964515900026,52.17176449990819,50.98379189464375,51.13228988647461,2086980,0.0,0.0
2025-01-10 00:00:00+05:30,51.13229309951281,51.15208930830412,49.2513360416106,49.439430236816406,4071493,0.0,0.0
2025-01-13 00:00:00+05:30,49.16223941567919,49.39983546910657,46.03391340824204,46.400203704833984,4664689,0.0,0.0
2025-01-14 00:00:00+05:30,46.58830000937543,55.67628547098271,46.58830000937543,54.78530502319336,15149496,0.0,0.0
2025-01-15 00:00:00+05:30,53.45873682379622,53.45873682379622,50.14231669808958,50.805599212646484,17789974,0.0,0.0
2025-01-16 00:00:00+05:30,51.4787812217882,52.90434611148103,51.35008321132469,51.71637725830078,7523489,0.0,0.0
2025-01-17 00:00:00+05:30,51.97377041137949,52.61725669848571,51.112491844828554,52.191566467285156,4202397,0.0,0.0
2025-01-20 00:00:00+05:30,52.468760561544215,54.943702097466115,52.08267028617418,53.82502746582031,14266504,0.0,0.0
2025-01-21 00:00:00+05:30,54.05271875424226,54.05271875424226,52.21136552184343,52.57765579223633,4711009,0.0,0.0
2025-01-22 00:00:00+05:30,52.726150810757865,52.80535074959115,50.89469565453899,51.79557418823242,2654511,0.0,0.0
2025-01-23 00:00:00+05:30,51.79557355004654,52.19156568641196,51.092691095635764,51.53818130493164,2983336,0.0,0.0
2025-01-24 00:00:00+05:30,51.47878501398546,51.81537722090458,49.54832982066877,49.88492202758789,3224070,0.0,0.0
2025-01-27 00:00:00+05:30,49.558230867183255,53.85472954127871,48.46925432127418,50.954097747802734,37383650,0.0,0.0
2025-01-28 00:00:00+05:30,51.478784023596596,52.22126648547539,49.9542191288548,50.55810546875,10874057,0.0,0.0
2025-01-29 00:00:00+05:30,51.181791019068896,51.50848133358859,50.142316343472025,50.47890853881836,4978401,0.0,0.0
2025-01-30 00:00:00+05:30,50.963995730185296,51.42928594809689,50.172015192806796,50.55810546875,3309503,0.0,0.0
2025-01-31 00:00:00+05:30,50.78579970269133,52.0727685496482,50.16211337649997,51.528282165527344,4640505,0.0,0.0
2025-02-01 00:00:00+05:30,51.528280772992524,52.241065126519885,49.39983336959319,50.04331588745117,5511063,0.0,0.0
2025-02-03 00:00:00+05:30,50.162113793167656,50.29081181187069,49.30083518653284,49.44933319091797,3051241,0.0,0.0
2025-02-04 00:00:00+05:30,50.191814289813934,50.825398708501154,49.74632406528041,50.082916259765625,3144104,0.0,0.0
2025-02-05 00:00:00+05:30,50.37990816949613,52.28066519015429,50.37990816949613,51.013492584228516,4521921,0.0,0.0
2025-02-06 00:00:00+05:30,51.35998615403127,51.468884182332644,50.04331548669416,50.577903747558594,2521519,0.0,0.0
2025-02-07 00:00:00+05:30,50.6670029658125,51.350085464003406,50.19181464840217,50.40960693359375,3721145,0.0,0.0
2025-02-10 00:00:00+05:30,50.25120915390397,50.44920522367821,49.49882862051495,49.5681266784668,1583063,0.0,0.0
2025-02-11 00:00:00+05:30,49.39983304328926,49.50872729528244,47.22188380358924,47.70697021484375,3521943,0.0,0.0
2025-02-12 00:00:00+05:30,47.69707157960347,48.4593539938345,45.74681652272068,48.132659912109375,4501955,0.0,0.0
2025-02-13 00:00:00+05:30,48.13266242093966,48.92464296516778,48.01386628342072,48.19206237792969,2712708,0.0,0.0
2025-02-14 00:00:00+05:30,48.11286050138723,48.310856573601114,46.83579357735264,47.41987991333008,3055430,0.0,0.0
2025-02-17 00:00:00+05:30,47.26148289730682,47.26148289730682,45.855714210576,46.657596588134766,3288750,0.0,0.0
2025-02-18 00:00:00+05:30,46.53879899457496,46.9743911219703,45.01423787807455,45.350830078125,3603662,0.0,0.0
2025-02-19 00:00:00+05:30,45.04393309042555,46.291301883594556,44.4796467582228,45.82601547241211,4065306,0.0,0.0
2025-02-20 00:00:00+05:30,45.34092452101168,47.132783407832534,45.232026497992074,46.89518737792969,3189719,0.0,0.0
2025-02-21 00:00:00+05:30,46.82589210243312,47.71687254688545,46.073511553254164,46.31110382080078,2802464,0.0,0.0
2025-02-24 00:00:00+05:30,45.98441436650316,45.98441436650316,45.093433905432406,45.52902603149414,2335881,0.0,0.0
2025-02-25 00:00:00+05:30,47.14268514235443,47.5188773118154,45.63792024097162,45.81611633300781,5478536,0.0,0.0
2025-02-27 00:00:00+05:30,46.12300686110585,46.35070101070607,44.697442011950294,44.885536193847656,3082496,0.0,0.0
2025-02-28 00:00:00+05:30,44.79644001483898,45.08353412791454,42.81648686501184,43.53916931152344,3825440,0.0,0.0
2025-03-03 00:00:00+05:30,43.45997470961135,43.86586496883995,41.1137274237782,41.579017639160156,5183545,0.0,0.0
2025-03-04 00:00:00+05:30,41.529521813022576,43.26198097514482,40.64844318623421,42.677894592285156,4923108,0.0,0.0
2025-03-05 00:00:00+05:30,42.76698931854827,43.78666399480654,42.76698931854827,43.68766784667969,3458629,0.0,0.0
2025-03-06 00:00:00+05:30,44.25195166849765,44.93503411501454,43.68766534823135,43.91535949707031,3240869,0.0,0.0
2025-03-07 00:00:00+05:30,44.0539591629062,44.48954751195727,43.61837081385514,43.98466110229492,2973141,0.0,0.0
2025-03-10 00:00:00+05:30,44.05395691394986,44.21235301246968,42.262097981070035,42.420494079589844,3326911,0.0,0.0
2025-03-11 00:00:00+05:30,42.42049396394147,42.42049396394147,41.26222320475948,41.73741149902344,3835244,0.0,0.0
2025-03-12 00:00:00+05:30,42.03440679687301,42.45019894516775,41.24242624828914,41.371124267578125,2739556,0.0,0.0
2025-03-13 00:00:00+05:30,41.57901914725927,41.876011385876026,40.895936620794615,41.0543327331543,3170309,0.0,0.0
2025-03-17 00:00:00+05:30,41.202824307863786,41.40082037966378,40.48014185578564,40.59893798828125,2766526,0.0,0.0
2025-03-18 00:00:00+05:30,40.59893798828125,40.59893798828125,40.59893798828125,40.59893798828125,0,0.0,0.0
2025-03-19 00:00:00+05:30,42.08390318778452,43.430271954691094,42.08390318778452,43.22237777709961,3824777,0.0,0.0
2025-03-20 00:00:00+05:30,43.55896799448272,44.53904643600134,43.311473858150435,43.598567962646484,4421373,0.0,0.0
2025-03-21 00:00:00+05:30,43.55897031734732,44.79644106499923,43.311476167816934,44.697444915771484,5781925,0.0,0.0
2025-03-24 00:00:00+05:30,44.756841000194235,46.8258922369567,44.756841000194235,46.42000198364258,7977045,0.0,0.0
2025-03-25 00:00:00+05:30,46.42000331460168,46.42000331460168,44.05395978648279,44.2420539855957,8998473,0.0,0.0
2025-03-26 00:00:00+05:30,44.202457793473826,44.72714419597897,42.56899485250265,42.69769287109375,6775836,0.0,0.0
2025-03-27 00:00:00+05:30,42.66799054068316,43.70746900625645,42.34130022191581,43.519371032714844,6585615,0.0,0.0
2025-03-28 00:00:00+05:30,43.64806588283144,44.143054153774656,42.17299917377789,42.3412971496582,5977337,0.0,0.0
2025-04-01 00:00:00+05:30,42.361099986067664,42.361099986067664,39.8960565691433,40.89593505859375,12085243,0.0,0.0
2025-04-02 00:00:00+05:30,38.59918681603346,39.20306933101282,36.09454361093808,36.490535736083984,62798115,0.0,0.0
2025-04-03 00:00:00+05:30,36.61923545526294,37.21321989429121,35.5500589332589,36.47073745727539,38424917,0.0,0.0
2025-04-04 00:00:00+05:30,36.74792780127822,36.85682582400482,35.441159081480556,35.80744934082031,18611953,0.0,0.0
2025-04-07 00:00:00+05:30,34.64918114524307,34.64918114524307,32.827624042549,34.14429473876953,14759306,0.0,0.0
2025-04-08 00:00:00+05:30,34.946172646724534,35.520360877929186,33.94629795890456,34.74817657470703,12775574,0.0,0.0
2025-04-09 00:00:00+05:30,34.74817581673018,34.80757576997801,33.41170896857167,33.520606994628906,12630804,0.0,0.0
2025-04-11 00:00:00+05:30,35.134272687737756,35.134272687737756,33.807703836342114,34.084896087646484,9597496,0.0,0.0
2025-04-15 00:00:00+05:30,34.89667340448694,35.04517139764356,34.36208516087611,34.916473388671875,8260444,0.0,0.0
2025-04-16 00:00:00+05:30,35.14416819317939,36.22324280425376,35.084768239524145,35.74805450439453,12236221,0.0,0.0
2025-04-17 00:00:00+05:30,35.75795484599778,36.30244123762897,35.49066070251458,35.87675476074219,11936599,0.0,0.0
2025-04-21 00:00:00+05:30,36.233140761934145,37.688407520691314,36.21334455392328,37.074623107910156,19341161,0.0,0.0
2025-04-22 00:00:00+05:30,37.490409627625255,38.787280223945274,36.995421369306875,38.13389587402344,27325626,0.0,0.0
2025-04-23 00:00:00+05:30,38.48039109325305,38.698187163391474,37.0350260994245,37.85670852661133,15370485,0.0,0.0
2025-04-24 00:00:00+05:30,37.87650316623296,38.33189527368843,37.53001286579394,37.69831085205078,9552963,0.0,0.0
2025-04-25 00:00:00+05:30,37.90620686339824,37.90620686339824,36.13414775221299,36.5301399230957,15998633,0.0,0.0
2025-04-28 00:00:00+05:30,36.43113916800176,37.173621639264546,36.14404503942948,37.02512741088867,8695436,0.0,0.0
2025-04-29 00:00:00+05:30,38.31209501801179,38.876381375578376,37.23302037738321,37.48051452636719,28563168,0.0,0.0
2025-04-30 00:00:00+05:30,37.22311827141997,37.26271824136848,36.530137679625916,36.688533782958984,7804999,0.0,0.0
2025-05-02 00:00:00+05:30,36.64893128214404,36.965723466933454,36.22324107574689,36.342037200927734,5134246,0.0,0.0
2025-05-05 00:00:00+05:30,36.51033809900939,36.62913423370963,35.88665178302633,36.4410400390625,4951093,0.0,0.0
2025-05-06 00:00:00+05:30,36.3222388269081,36.48063492632198,34.05519536213329,34.49078369140625,9977967,0.0,0.0
2025-05-07 00:00:00+05:30,33.75820002794071,34.94617268488188,33.56020773216799,34.46108627319336,9367405,0.0,0.0
2025-05-08 00:00:00+05:30,34.89667299785018,35.08476718072405,33.85719838724893,34.015594482421875,6380371,0.0,0.0
2025-05-09 00:00:00+05:30,32.42173241312935,34.05519525139808,32.42173241312935,33.807701110839844,9015040,0.0,0.0
2025-05-12 00:00:00+05:30,35.629259137485285,35.876753284997385,35.055070902555926,35.82725143432617,10350591,0.0,0.0
2025-05-13 00:00:00+05:30,35.82725129986227,36.68853364902381,35.64905521220547,36.29254150390625,7407148,0.0,0.0
2025-05-14 00:00:00+05:30,36.520236698634825,36.75783274771843,36.1440445277779,36.589534759521484,7485239,0.0,0.0
2025-05-15 00:00:00+05:30,36.86672707610814,36.86672707610814,36.064844739522215,36.124244689941406,9104762,0.0,0.0
2025-05-16 00:00:00+05:30,36.332138851717524,36.62913105089208,35.99554668559684,36.124244689941406,11886245,0.0,0.0
2025-05-19 00:00:00+05:30,36.28264246120573,38.76748196698613,36.2034425236464,37.827003479003906,33846732,0.0,0.0
2025-05-20 00:00:00+05:30,38.3318951957442,38.37149138967026,36.054945992479915,36.4410400390625,15799544,0.0,0.0
2025-05-21 00:00:00+05:30,36.4410400390625,36.70833417448381,35.936149857779675,36.4410400390625,11922694,0.0,0.0
2025-05-22 00:00:00+05:30,36.43113919271102,36.8568294453073,36.163845049699795,36.4509391784668,7162300,0.0,0.0
2025-05-23 00:00:00+05:30,36.53013790648123,37.064722398262035,36.19354571275057,36.90632629394531,7284567,0.0,0.0
2025-05-26 00:00:00+05:30,37.074625356968895,37.39141757481293,36.87662927670109,36.916229248046875,5731592,0.0,0.0
2025-05-27 00:00:00+05:30,37.00532769685005,37.2033237792661,36.59943742730468,36.95582962036133,5115195,0.0,0.0
2025-05-28 00:00:00+05:30,36.99542357210285,37.46071377109405,36.88652554455505,37.11422348022461,5523716,0.0,0.0
2025-05-29 00:00:00+05:30,37.22311773131148,37.51021184458098,36.88652554455505,37.11422348022461,4715814,0.0,0.0
2025-05-30 00:00:00+05:30,37.272619521540015,39.08427468819332,36.64893322251337,38.549686431884766,27962192,0.0,0.0
2025-06-02 00:00:00+05:30,38.995177409311005,40.78703640286886,38.6783852015438,40.064353942871094,52305706,0.0,0.0
2025-06-03 00:00:00+05:30,40.193047776369426,40.301945804779656,39.12387503003282,39.7376594543457,22953077,0.0,0.0
2025-06-04 00:00:00+05:30,39.747562138850434,40.19304858923128,39.252573837128566,39.81686019897461,11192502,0.0,0.0
2025-06-05 00:00:00+05:30,40.193048046831336,40.341546045928354,39.50006745494124,39.9554557800293,9903891,0.0,0.0
2025-06-06 00:00:00+05:30,40.19304672072802,40.717736864154794,38.49028960995645,39.44066619873047,36215393,0.0,0.0
2025-06-09 00:00:00+05:30,39.747563300594734,40.69793996132774,39.70796332894891,39.9356575012207,19136269,0.0,0.0
2025-06-10 00:00:00+05:30,40.242550713526505,40.34154686395792,39.64856248155478,39.747562408447266,9012123,0.0,0.0
2025-06-11 00:00:00+05:30,39.88615641310314,40.25244668201572,39.25257202045622,39.727760314941406,12239739,0.0,0.0
2025-06-12 00:00:00+05:30,39.74756399237144,39.77726208339211,37.916104924718724,38.074501037597656,11168846,0.0,0.0
2025-06-13 00:00:00+05:30,37.025127476214124,37.995304120533895,36.688535270922685,37.70820999145508,10615937,0.0,0.0
2025-06-16 00:00:00+05:30,37.70820882373271,37.777506883576635,36.74793031380826,37.589412689208984,10463605,0.0,0.0
2025-06-17 00:00:00+05:30,37.72800880889684,38.66848733365716,37.322118554184826,37.589412689208984,10428477,0.0,0.0
2025-06-18 00:00:00+05:30,37.63891152902124,38.153699824370165,37.173621309358325,37.668609619140625,6022258,0.0,0.0
2025-06-19 00:00:00+05:30,37.480517034076996,37.91610540590675,36.00545014579731,36.28264617919922,13548831,0.0,0.0
2025-06-20 00:00:00+05:30,36.282641820145436,38.153696882625766,36.282641820145436,36.99542236328125,30220066,0.0,0.0
2025-06-23 00:00:00+05:30,36.98552684583921,37.916103502028136,36.97562496489638,37.73790740966797,7133546,0.0,0.0
2025-06-24 00:00:00+05:30,38.490289467664795,38.747681710000066,37.817105108989956,37.89630126953125,7990062,0.0,0.0
2025-06-25 00:00:00+05:30,38.163597501956325,38.69818577689101,38.14379751661122,38.490291595458984,6901582,0.0,0.0
2025-06-26 00:00:00+05:30,38.678382488853,38.94567660349647,38.064598101409146,38.35169219970703,5893700,0.0,0.0
2025-06-27 00:00:00+05:30,38.708083204887366,39.094177247678125,38.11409876075864,38.80708312988281,25170196,0.0,0.0
2025-06-30 00:00:00+05:30,39.113976050944906,39.737662402176646,38.88628187304217,39.262474060058594,24906443,0.0,0.0
2025-07-01 00:00:00+05:30,39.44066865037556,40.23264919025035,39.10407644887113,40.07425308227539,21513095,0.0,0.0
2025-07-02 00:00:00+05:30,40.21284789718629,40.28214595614331,39.371369309016224,39.55946350097656,9366189,0.0,0.0
2025-07-03 00:00:00+05:30,39.59906482616114,39.70796285866686,38.955578512151575,39.212974548339844,9003716,0.0,0.0
2025-07-04 00:00:00+05:30,39.38952945708033,39.717777369860265,39.14085817567345,39.27016830444336,5537282,0.1875,0.0
2025-07-07 00:00:00+05:30,39.21048483891206,39.50889340458886,39.05133537461495,39.16075134277344,3897861,0.0,0.0
2025-07-08 00:00:00+05:30,39.120965872654104,39.29006051430429,38.79271797614854,38.90213394165039,5358331,0.0,0.0
2025-07-09 00:00:00+05:30,38.79271790647555,39.44920990388516,38.79271790647555,39.200538635253906,5710066,0.0,0.0
2025-07-10 00:00:00+05:30,39.359689718340896,39.409423215233346,38.79271950603724,38.84245300292969,5233214,0.0,0.0
2025-07-11 00:00:00+05:30,38.792718884863255,38.91208003437837,38.15612102821926,38.275482177734375,6328033,0.0,0.0
2025-07-14 00:00:00+05:30,38.15612158886786,38.59378167313576,37.85771681348418,38.106388092041016,6204405,0.0,0.0
2025-07-15 00:00:00+05:30,38.245643914437096,38.62362532535684,38.006917814271304,38.08649444580078,7970524,0.0,0.0
2025-07-16 00:00:00+05:30,38.116331432748346,39.1806441500151,38.116331432748346,38.32521438598633,17373541,0.0,0.0
2025-07-17 00:00:00+05:30,38.49431433115697,38.83250741871095,38.31527070866237,38.414737701416016,7047853,0.0,0.0
2025-07-18 00:00:00+05:30,38.44458173203222,38.46447209550913,37.658779569902016,37.93729019165039,9196914,0.0,0.0
2025-07-21 00:00:00+05:30,38.39484495817406,38.39484495817406,37.7085135762802,37.917396545410156,9120337,0.0,0.0
2025-07-22 00:00:00+05:30,38.086492478489966,38.245641938905614,37.59909512160442,37.71845626831055,5347049,0.0,0.0
2025-07-23 00:00:00+05:30,37.877610867858905,37.897501230997364,37.330531020986946,37.51952362060547,5852223,0.0,0.0
2025-07-24 00:00:00+05:30,37.68861675423506,37.778138562452206,37.35042367812836,37.43000030517578,5721143,0.0,0.0
2025-07-25 00:00:00+05:30,37.599998474121094,37.84000015258789,36.65999984741211,36.869998931884766,6808788,0.2,0.0
2025-07-28 00:00:00+05:30,36.97999954223633,37.27000045776367,36.540000915527344,36.72999954223633,5870920,0.0,0.0
2025-07-29 00:00:00+05:30,36.540000915527344,36.9900016784668,36.2599983215332,36.880001068115234,6095360,0.0,0.0
2025-07-30 00:00:00+05:30,37.060001373291016,37.150001525878906,36.5099983215332,36.689998626708984,3934498,0.0,0.0
2025-07-31 00:00:00+05:30,36.349998474121094,36.560001373291016,35.880001068115234,36.40999984741211,5013223,0.0,0.0
2025-08-01 00:00:00+05:30,36.40999984741211,36.459999084472656,35.79999923706055,35.93000030517578,3821663,0.0,0.0
2025-08-04 00:00:00+05:30,35.83000183105469,36.09000015258789,35.720001220703125,36.0,4480598,0.0,0.0
2025-08-05 00:00:00+05:30,36.04999923706055,36.189998626708984,35.599998474121094,35.72999954223633,3424703,0.0,0.0
2025-08-06 00:00:00+05:30,35.95000076293945,36.04999923706055,35.470001220703125,35.68000030517578,3981430,0.0,0.0
2025-08-07 00:00:00+05:30,35.43000030517578,35.56999969482422,35.0,35.33000183105469,4372655,0.0,0.0
2025-08-08 00:00:00+05:30,35.33000183105469,35.88999938964844,35.22999954223633,35.77000045776367,3516578,0.0,0.0
2025-08-11 00:00:00+05:30,35.77000045776367,36.040000915527344,35.45000076293945,35.900001525878906,3272830,0.0,0.0
2025-08-12 00:00:00+05:30,35.900001525878906,36.2599983215332,35.79999923706055,36.189998626708984,3281461,0.0,0.0
2025-08-13 00:00:00+05:30,36.29999923706055,36.4900016784668,35.900001525878906,35.970001220703125,2509817,0.0,0.0
2025-08-14 00:00:00+05:30,36.06999969482422,36.20000076293945,35.86000061035156,36.11000061035156,2170704,0.0,0.0
2025-08-18 00:00:00+05:30,36.880001068115234,36.88999938964844,36.4900016784668,36.63999938964844,3645104,0.0,0.0
2025-08-19 00:00:00+05:30,36.599998474121094,36.81999969482422,36.34000015258789,36.63999938964844,6448585,0.0,0.0
2025-08-20 00:00:00+05:30,36.63999938964844,37.08000183105469,36.5099983215332,36.56999969482422,4312833,0.0,0.0
2025-08-21 00:00:00+05:30,36.70000076293945,36.83000183105469,36.310001373291016,36.369998931884766,3460003,0.0,0.0
2025-08-22 00:00:00+05:30,36.29999923706055,36.45000076293945,35.70000076293945,35.81999969482422,4876811,0.0,0.0
2025-08-25 00:00:00+05:30,35.9900016784668,36.060001373291016,35.529998779296875,35.619998931884766,3214941,0.0,0.0
2025-08-26 00:00:00+05:30,35.599998474121094,35.84000015258789,34.75,34.84000015258789,7260957,0.0,0.0
2025-08-27 00:00:00+05:30,34.84000015258789,34.84000015258789,34.84000015258789,34.84000015258789,0,0.0,0.0
2025-08-28 00:00:00+05:30,34.83000183105469,34.93000030517578,34.220001220703125,34.5,4149938,0.0,0.0
2025-08-29 00:00:00+05:30,34.5,34.900001525878906,34.279998779296875,34.52000045776367,3929127,0.0,0.0
2025-09-01 00:00:00+05:30,34.65999984741211,35.16999816894531,34.52000045776367,35.04999923706055,3173078,0.0,0.0
2025-09-02 00:00:00+05:30,35.04999923706055,35.779998779296875,34.90999984741211,35.369998931884766,4521464,0.0,0.0
2025-09-03 00:00:00+05:30,35.400001525878906,35.77000045776367,35.400001525878906,35.68000030517578,2716808,0.0,0.0
2025-09-04 00:00:00+05:30,35.900001525878906,36.09000015258789,35.2400016784668,35.31999969482422,2479012,0.0,0.0
2025-09-05 00:00:00+05:30,35.45000076293945,35.540000915527344,35.060001373291016,35.18000030517578,2919982,0.0,0.0
2025-09-08 00:00:00+05:30,35.439998626708984,36.150001525878906,35.29999923706055,35.720001220703125,4110992,0.0,0.0
2025-09-09 00:00:00+05:30,35.75,35.95000076293945,35.5,35.560001373291016,2345143,0.0,0.0
2025-09-10 00:00:00+05:30,35.709999084472656,36.5,35.709999084472656,36.20000076293945,5949159,0.0,0.0
2025-09-11 00:00:00+05:30,36.45000076293945,37.09000015258789,36.25,36.349998474121094,6326499,0.0,0.0
2025-09-12 00:00:00+05:30,36.63999938964844,36.63999938964844,36.150001525878906,36.279998779296875,3425048,0.0,0.0
2025-09-15 00:00:00+05:30,36.439998626708984,36.90999984741211,36.29999923706055,36.66999816894531,4515505,0.0,0.0
2025-09-16 00:00:00+05:30,36.849998474121094,37.27000045776367,36.619998931884766,36.939998626708984,5350152,0.0,0.0
2025-09-17 00:00:00+05:30,37.189998626708984,38.18000030517578,37.02000045776367,37.81999969482422,11567843,0.0,0.0
2025-09-18 00:00:00+05:30,38.119998931884766,38.310001373291016,37.52000045776367,37.66999816894531,6499262,0.0,0.0
2025-09-19 00:00:00+05:30,37.68000030517578,38.5,37.54999923706055,38.20000076293945,9925584,0.0,0.0
2025-09-22 00:00:00+05:30,38.20000076293945,38.459999084472656,37.66999816894531,37.84000015258789,6152998,0.0,0.0
2025-09-23 00:00:00+05:30,37.79999923706055,38.189998626708984,37.41999816894531,37.90999984741211,5952985,0.0,0.0
2025-09-24 00:00:00+05:30,38.29999923706055,38.75,37.56999969482422,37.65999984741211,11316860,0.0,0.0
2025-09-25 00:00:00+05:30,37.650001525878906,37.75,37.189998626708984,37.29999923706055,3828731,0.0,0.0
2025-09-26 00:00:00+05:30,37.279998779296875,37.279998779296875,36.099998474121094,36.209999084472656,5189463,0.0,0.0
2025-09-29 00:00:00+05:30,36.209999084472656,36.900001525878906,36.08000183105469,36.560001373291016,5332395,0.0,0.0
2025-09-30 00:00:00+05:30,36.56999969482422,37.900001525878906,36.5,37.779998779296875,8396914,0.0,0.0
2025-10-01 00:00:00+05:30,37.900001525878906,38.20000076293945,37.45000076293945,37.630001068115234,9487959,0.0,0.0
2025-10-02 00:00:00+05:30,37.630001068115234,37.630001068115234,37.630001068115234,37.630001068115234,0,0.0,0.0
2025-10-03 00:00:00+05:30,37.650001525878906,38.060001373291016,37.5099983215332,37.79999923706055,4734272,0.0,0.0
2025-10-06 00:00:00+05:30,38.0,38.349998474121094,37.630001068115234,37.77000045776367,5065663,0.0,0.0
