Date,Open,High,Low,Close,Volume,Dividends,Stock Splits
2002-07-01 00:00:00+05:30,8.197855362302821,8.356115120662773,7.944639990412128,8.039595603942871,150090,0.0,0.0
2002-07-02 00:00:00+05:30,8.134552379388362,8.19785592484846,7.912988460995251,7.976292610168457,111678,0.0,0.0
2002-07-03 00:00:00+05:30,8.039596053409579,8.039596053409579,7.754728593178302,7.818032741546631,127038,0.0,0.0
2002-07-04 00:00:00+05:30,7.754728593178302,7.912988360386023,7.754728593178302,7.818032741546631,115420,0.0,0.0
2002-07-05 00:00:00+05:30,7.912989243549351,7.944641321266182,7.786381536395195,7.8813371658325195,121955,0.0,0.0
2002-07-08 00:00:00+05:30,7.881335845582921,8.197855362302821,7.881335845582921,8.039595603942871,287079,0.0,0.0
2002-07-09 00:00:00+05:30,8.229508221688164,8.387767995182168,7.97629282558301,8.324463844299316,461902,0.0,0.0
2002-07-10 00:00:00+05:30,8.45107194109554,8.54602756140367,8.26116009676617,8.387767791748047,313524,0.0,0.0
2002-07-11 00:00:00+05:30,8.48272398960464,8.48272398960464,8.102900878798655,8.134552955627441,150609,0.0,0.0
2002-07-12 00:00:00+05:30,8.356116286002646,8.419420439660218,8.102900878798655,8.134552955627441,98550,0.0,0.0
2002-07-15 00:00:00+05:30,8.197856505571863,8.356116286002646,8.102900878798655,8.134552955627441,82369,0.0,0.0
2002-07-16 00:00:00+05:30,8.102899366141186,8.102899366141186,7.976291686174441,8.007943153381348,66700,0.0,0.0
2002-07-17 00:00:00+05:30,7.912987977888712,8.071247737446486,7.754728218330938,7.786380290985107,94130,0.0,0.0
2002-07-18 00:00:00+05:30,7.849685457977612,8.03959732951371,7.849685457977612,7.912989616394043,34268,0.0,0.0
2002-07-19 00:00:00+05:30,7.912989616394044,8.007945250305493,7.849685457977612,7.912989616394043,88675,0.0,0.0
2002-07-22 00:00:00+05:30,7.7230773158512465,7.912989176837991,7.279950042690952,7.533165454864502,272156,0.0,0.0
2002-07-23 00:00:00+05:30,7.279949025109407,7.596468547940251,7.279949025109407,7.564816474914551,63903,0.0,0.0
2002-07-24 00:00:00+05:30,7.469860076904297,7.5331636126100605,7.438208007194906,7.469860076904297,37313,0.0,0.0
2002-07-25 00:00:00+05:30,7.5015139811276805,7.659773764664441,7.469861903677696,7.533165454864502,62367,0.0,0.0
2002-07-26 00:00:00+05:30,7.469859853342195,7.533163387153376,7.343252182006835,7.343252182006836,115533,0.0,0.0
2002-07-29 00:00:00+05:30,7.343252182006835,7.406555715818016,7.026732701811937,7.343252182006836,113558,0.0,0.0
2002-07-30 00:00:00+05:30,7.533164467644517,7.533164467644517,7.311601161956787,7.311601161956787,71720,0.0,0.0
2002-07-31 00:00:00+05:30,6.995082748919174,7.311602324854763,6.995082748919174,7.248298168182373,86231,0.0,0.0
2002-08-01 00:00:00+05:30,7.090036235623118,7.406555715818016,7.090036235623118,7.343252182006836,56231,0.0,0.0
2002-08-02 00:00:00+05:30,7.279950246518569,7.343254403190959,7.121690458550773,7.248298168182373,39344,0.0,0.0
2002-08-05 00:00:00+05:30,7.438210221342495,7.469862300473826,7.216646271136377,7.374906063079834,43358,0.0,0.0
2002-08-06 00:00:00+05:30,7.248295975720567,8.48272182773807,7.248295975720567,7.343252182006836,41470,0.0,0.0
2002-08-07 00:00:00+05:30,7.2482961926515825,7.564815682319451,7.121688517527038,7.469860076904297,51265,0.0,0.0
2002-08-08 00:00:00+05:30,7.533165855023292,7.533165855023292,7.311602508530369,7.374906063079834,27752,0.0,0.0
2002-08-09 00:00:00+05:30,7.3432545876617,7.501514379605156,7.2799504293990385,7.374906063079834,44206,0.0,0.0
2002-08-12 00:00:00+05:30,7.343252592109042,7.533163807861647,7.3116005215792645,7.406556129455566,39232,0.0,0.0
2002-08-13 00:00:00+05:30,7.501512724310971,7.53316419274485,7.374904435723209,7.43820858001709,24863,0.0,0.0
2002-08-14 00:00:00+05:30,7.438208199985344,7.501512341044901,7.343252592109042,7.406556129455566,15911,0.0,0.0
2002-08-15 00:00:00+05:30,7.406556129455566,7.406556129455566,7.406556129455566,7.406556129455566,0,0.0,0.0
2002-08-16 00:00:00+05:30,7.438208199985344,7.469860270515123,7.343252592109042,7.406556129455566,54184,0.0,0.0
2002-08-19 00:00:00+05:30,7.469860076904297,7.5015121466136865,7.374903867776126,7.469860076904297,30449,0.0,0.0
2002-08-20 00:00:00+05:30,7.374903867776126,7.469860076904297,7.374903867776126,7.469860076904297,30471,0.0,0.0
2002-08-21 00:00:00+05:30,7.406558142211165,7.501514379605156,7.3432545876617,7.374906063079834,31782,0.0,0.0
2002-08-22 00:00:00+05:30,7.469862300473826,7.501514379605156,7.3432545876617,7.374906063079834,31199,0.0,0.0
2002-08-23 00:00:00+05:30,7.4065567781496595,7.438208851451645,7.311601161956787,7.311601161956787,35677,0.0,0.0
2002-08-26 00:00:00+05:30,7.311601261967356,7.37490480572413,7.279949188232423,7.279949188232422,45418,0.0,0.0
2002-08-27 00:00:00+05:30,7.279948427968224,7.311600498397648,7.216644287109375,7.216644287109375,38600,0.0,0.0
2002-08-28 00:00:00+05:30,7.279948427968224,7.279948427968224,7.153340749963556,7.216644287109375,41159,0.0,0.0
2002-08-29 00:00:00+05:30,7.1533423507977005,7.216645902110112,7.090038195772124,7.121690273284912,24900,0.0,0.0
2002-08-30 00:00:00+05:30,7.026732952310104,7.184992698049403,7.026732952310104,7.058384418487549,55852,0.0,0.0
2002-09-02 00:00:00+05:30,6.646909321050577,7.121688558268476,6.646909321050577,7.058384418487549,33676,0.0,0.0
2002-09-03 00:00:00+05:30,7.058385345609538,7.090037419657515,6.995081801226681,7.026733875274658,22800,0.0,0.0
2002-09-04 00:00:00+05:30,7.058385345609538,7.058385345609538,6.963429727178704,7.026733875274658,71885,0.0,0.0
2002-09-05 00:00:00+05:30,6.995081801226681,7.090037419657515,6.995081801226681,7.026733875274658,22301,0.0,0.0
2002-09-06 00:00:00+05:30,7.026733875274658,7.090037419657515,6.931777653130726,7.026733875274658,87390,0.0,0.0
2002-09-09 00:00:00+05:30,6.995082002785942,7.090037623952867,6.963429927825928,6.963429927825928,32072,0.0,0.0
2002-09-10 00:00:00+05:30,6.963429927825928,6.963429927825928,6.963429927825928,6.963429927825928,0,0.0,0.0
2002-09-11 00:00:00+05:30,6.963429927825928,6.995082002785942,6.868474306659003,6.963429927825928,33888,0.0,0.0
2002-09-12 00:00:00+05:30,6.963429927825928,6.963429927825928,6.900125777905901,6.963429927825928,40691,0.0,0.0
2002-09-13 00:00:00+05:30,6.995083174841877,6.995083174841877,6.900126934051514,6.900126934051514,36591,0.0,0.0
2002-09-16 00:00:00+05:30,6.995083174841877,7.026735255105332,6.868475457501277,6.900126934051514,50600,0.0,0.0
2002-09-17 00:00:00+05:30,6.868474106968243,6.931777651334698,6.8051699588886905,6.836822032928467,78529,0.0,0.0
2002-09-18 00:00:00+05:30,6.86847392777419,6.86847392777419,6.710214165417302,6.741865634918213,76990,0.0,0.0
2002-09-19 00:00:00+05:30,6.741865535893491,6.868473826889842,6.741865535893491,6.773517608642578,29595,0.0,0.0
2002-09-20 00:00:00+05:30,6.741865910191379,6.836822133710464,6.678562364891763,6.805170059204102,29417,0.0,0.0
2002-09-23 00:00:00+05:30,6.741865810809138,6.836822032928467,6.741865810809138,6.836822032928467,15450,0.0,0.0
2002-09-24 00:00:00+05:30,6.836822032928467,6.836822032928467,6.773517884848914,6.836822032928467,27554,0.0,0.0
2002-09-25 00:00:00+05:30,6.741865535893491,6.805169681391666,6.741865535893491,6.773517608642578,30414,0.0,0.0
2002-09-26 00:00:00+05:30,6.77351798469774,6.836822133710464,6.741865910191379,6.805170059204102,14511,0.0,0.0
2002-09-27 00:00:00+05:30,6.8051700592041025,6.836822133710464,6.77351798469774,6.805170059204102,18120,0.0,0.0
2002-09-30 00:00:00+05:30,6.741866105281015,7.058385652077553,6.741866105281015,6.9317779541015625,65873,0.0,0.0
2002-10-01 00:00:00+05:30,7.058385652077553,7.058385652077553,6.900125878679284,6.9317779541015625,36700,0.0,0.0
2002-10-02 00:00:00+05:30,6.931777954101563,6.931777954101563,6.931777954101563,6.9317779541015625,0,0.0,0.0
2002-10-03 00:00:00+05:30,6.931777852865914,7.026734077745956,6.900125777905901,6.963429927825928,41654,0.0,0.0
2002-10-04 00:00:00+05:30,6.963430288258346,7.248297770217194,6.931778211659997,7.184994220733643,60626,0.0,0.0
2002-10-07 00:00:00+05:30,7.406555715818016,7.438207784580106,7.153340373147297,7.343252182006836,81877,0.0,0.0
2002-10-08 00:00:00+05:30,7.564817934154623,7.564817934154623,7.2799504293990385,7.374906063079834,57637,0.0,0.0
2002-10-09 00:00:00+05:30,7.438208007194906,7.5015121466136865,7.374903867776126,7.469860076904297,37785,0.0,0.0
2002-10-10 00:00:00+05:30,7.406556129455566,7.501512341044901,7.343252592109042,7.406556129455566,33810,0.0,0.0
2002-10-11 00:00:00+05:30,7.438207784580106,7.533163387153376,7.343252182006835,7.343252182006836,20628,0.0,0.0
2002-10-14 00:00:00+05:30,7.406556129455566,7.564815878391425,7.374904058925789,7.406556129455566,64055,0.0,0.0
2002-10-15 00:00:00+05:30,7.406556129455566,7.406556129455566,7.406556129455566,7.406556129455566,0,0.0,0.0
2002-10-16 00:00:00+05:30,7.438208007194906,7.5331636126100605,7.438208007194906,7.469860076904297,55354,0.0,0.0
2002-10-17 00:00:00+05:30,7.469860076904297,7.5331636126100605,7.406555937485517,7.469860076904297,37090,0.0,0.0
2002-10-18 00:00:00+05:30,7.469862429091547,7.691425779399396,7.469862429091547,7.659774303436279,106710,0.0,0.0
2002-10-21 00:00:00+05:30,7.596468088578205,7.944639663380648,7.596468088578205,7.754727840423584,92215,0.0,0.0
2002-10-22 00:00:00+05:30,7.754727721214294,7.786379791839408,7.53316383055153,7.596467971801758,71649,0.0,0.0
2002-10-23 00:00:00+05:30,7.469860293014335,7.659772113051986,7.469860293014335,7.596467971801758,21710,0.0,0.0
2002-10-24 00:00:00+05:30,7.279949025109407,7.659772693991651,7.279949025109407,7.564816474914551,29871,0.0,0.0
2002-10-25 00:00:00+05:30,7.501513499864471,7.881336593757063,7.46986142444514,7.723076820373535,88110,0.0,0.0
2002-10-28 00:00:00+05:30,8.00794429172126,8.00794429172126,7.723076820373535,7.723076820373535,74070,0.0,0.0
2002-10-29 00:00:00+05:30,7.849685192108154,7.881337270244311,7.691425405140545,7.849685192108154,103900,0.0,0.0
2002-10-30 00:00:00+05:30,7.912989348380468,7.912989348380468,7.818033717685173,7.849685192108154,83755,0.0,0.0
2002-10-31 00:00:00+05:30,7.818033717685173,7.912989348380468,7.786381639549016,7.849685192108154,42351,0.0,0.0
2002-11-01 00:00:00+05:30,7.881337270244311,7.912989348380468,7.659773930717564,7.849685192108154,64624,0.0,0.0
2002-11-04 00:00:00+05:30,7.976292062826731,8.102899748772078,7.849683773168318,8.039595603942871,41010,0.0,0.0
2002-11-05 00:00:00+05:30,7.976292610168457,8.071248230215156,7.849684311822046,7.976292610168457,51350,0.0,0.0
2002-11-06 00:00:00+05:30,7.976292610168457,7.976292610168457,7.976292610168457,7.976292610168457,0,0.0,0.0
2002-11-07 00:00:00+05:30,7.976293398983013,8.071249028420338,7.849685088115689,7.8813371658325195,71725,0.0,0.0
2002-11-08 00:00:00+05:30,7.8813371658325195,7.912989243549351,7.818033614112026,7.8813371658325195,96083,0.0,0.0
2002-11-11 00:00:00+05:30,7.881336286201858,8.007943979225415,7.786380667362466,7.818032741546631,53158,0.0,0.0
2002-11-12 00:00:00+05:30,7.754727840423584,7.881335521157279,7.7230757693119,7.754727840423584,46700,0.0,0.0
2002-11-13 00:00:00+05:30,7.343252727110815,7.881335521157279,7.343252727110815,7.754727840423584,45340,0.0,0.0
2002-11-14 00:00:00+05:30,7.849685192108154,7.849685192108154,7.754729561412859,7.849685192108154,27000,0.0,0.0
2002-11-15 00:00:00+05:30,7.754729561412859,7.849685192108154,7.754729561412859,7.849685192108154,72618,0.0,0.0
2002-11-18 00:00:00+05:30,7.849683402494657,8.102899366141186,7.849683402494657,8.007943153381348,75868,0.0,0.0
2002-11-19 00:00:00+05:30,8.007943153381348,8.007943153381348,8.007943153381348,8.007943153381348,0,0.0,0.0
2002-11-20 00:00:00+05:30,7.279949384115632,8.071248230215156,7.279949384115632,7.976292610168457,50260,0.0,0.0
2002-11-21 00:00:00+05:30,8.039595224301294,8.071247295221239,8.007943153381348,8.007943153381348,48580,0.0,0.0
2002-11-22 00:00:00+05:30,8.071247676357475,8.229507434717425,7.976292062826731,8.039595603942871,113993,0.0,0.0
2002-11-25 00:00:00+05:30,8.166203498840332,8.22950764528933,8.102899956104418,8.166203498840332,93332,0.0,0.0
2002-11-26 00:00:00+05:30,8.166204637377898,8.229508792652803,8.071249008178711,8.071249008178711,184182,0.0,0.0
2002-11-27 00:00:00+05:30,8.166204428743077,8.261160659229438,8.071248801969869,8.134552955627441,126182,0.0,0.0
2002-11-28 00:00:00+05:30,8.387768371723181,8.387768371723181,8.19785651426229,8.35611629486084,115267,0.0,0.0
2002-11-29 00:00:00+05:30,8.229507293552375,8.60933094858617,8.229507293552375,8.514374732971191,263578,0.0,0.0
2002-12-02 00:00:00+05:30,8.546027755737304,8.767591679778706,8.546027755737304,8.7042875289917,110190,0.0,0.0
2002-12-03 00:00:00+05:30,8.704287331059295,8.704287331059295,8.3561157170743,8.387767791748047,120464,0.0,0.0
2002-12-04 00:00:00+05:30,8.356114574485236,8.546026392846656,8.229506896815298,8.451070785522461,57524,0.0,0.0
2002-12-05 00:00:00+05:30,8.54602756140367,8.577679636077416,8.3561157170743,8.387767791748047,61411,0.0,0.0
2002-12-06 00:00:00+05:30,8.482724740772182,8.704288694480608,8.292813470408625,8.640984535217285,96749,0.0,0.0
2002-12-09 00:00:00+05:30,8.451072510501103,8.79924354423161,8.387768356888383,8.546028137207031,109622,0.0,0.0
2002-12-10 00:00:00+05:30,8.482723236083984,8.514375310101116,8.229507851373128,8.482723236083984,76137,0.0,0.0
2002-12-11 00:00:00+05:30,8.862546162297809,8.862546162297809,8.577678727823702,8.79924201965332,170264,0.0,0.0
2002-12-12 00:00:00+05:30,8.989154029882133,9.020806101859339,8.799242201731957,8.894198417663574,246794,0.0,0.0
2002-12-13 00:00:00+05:30,9.305673970922184,9.305673970922184,8.957502370559455,9.147414207458496,174869,0.0,0.0
2002-12-16 00:00:00+05:30,9.179066072430526,9.337325832300019,8.894198625408055,9.020806312561035,376339,0.0,0.0
2002-12-17 00:00:00+05:30,9.147414786008556,9.17906686144582,8.577679842990271,9.115762710571289,367237,0.0,0.0
2002-12-18 00:00:00+05:30,9.368977381893277,9.590540671111585,9.115761418012733,9.463932991027832,463994,0.0,0.0
2002-12-19 00:00:00+05:30,9.653845963159878,9.970365502935612,9.305674348663949,9.558890342712402,725136,0.0,0.0
2002-12-20 00:00:00+05:30,9.558890731863357,10.033670060855647,9.527238655854578,9.812106132507324,371557,0.0,0.0
2002-12-23 00:00:00+05:30,10.25523378318287,10.25523378318287,9.622194086864043,9.685498237609863,202939,0.0,0.0
2002-12-24 00:00:00+05:30,9.590541440542731,9.875409498226905,9.590541440542731,9.71714973449707,211791,0.0,0.0
2002-12-25 00:00:00+05:30,9.71714973449707,9.71714973449707,9.71714973449707,9.71714973449707,0,0.0,0.0
2002-12-26 00:00:00+05:30,9.812105759525759,9.812105759525759,9.558890368507114,9.59054183959961,293811,0.0,0.0
2002-12-27 00:00:00+05:30,9.78045368472015,9.78045368472015,9.463934144090286,9.59054183959961,306743,0.0,0.0
2002-12-30 00:00:00+05:30,9.368978523386573,9.685498064016437,9.368978523386573,9.59054183959961,289183,0.0,0.0
2002-12-31 00:00:00+05:30,9.52723961001239,9.78045503601601,9.495587530833639,9.62219524383545,428705,0.0,0.0
2003-01-01 00:00:00+05:30,9.685497861191118,9.81210555404913,9.558890168333104,9.65384578704834,136238,0.0,0.0
2003-01-02 00:00:00+05:30,9.653845989210827,9.717150138822046,9.527238293701505,9.59054183959961,196055,0.0,0.0
2003-01-03 00:00:00+05:30,9.558891506082848,9.590542980942093,9.463935270365557,9.495587348937988,119083,0.0,0.0
2003-01-06 00:00:00+05:30,9.653845784544592,9.653845784544592,9.210718557799918,9.274022102355957,156988,0.0,0.0
2003-01-07 00:00:00+05:30,9.400630196712328,9.400630196712328,9.242370433156315,9.337326049804688,126745,0.0,0.0
2003-01-08 00:00:00+05:30,9.305675666989115,9.432283380093166,9.305675666989115,9.40063190460205,102198,0.0,0.0
2003-01-09 00:00:00+05:30,9.463934313712619,9.717150312982774,9.368978691307014,9.685498237609863,238847,0.0,0.0
2003-01-10 00:00:00+05:30,9.748801204272567,10.002017188468153,9.558889970767236,9.71714973449707,457310,0.0,0.0
2003-01-13 00:00:00+05:30,9.558890558211163,9.970365727710803,9.558890558211163,9.907061576843262,267049,0.0,0.0
2003-01-14 00:00:00+05:30,10.128626020315522,10.57175389167485,9.970366238748092,10.413494110107422,634386,0.0,0.0
2003-01-15 00:00:00+05:30,10.57175237868818,10.824967751471641,10.286884329665451,10.666707992553711,461991,0.0,0.0
2003-01-16 00:00:00+05:30,10.761665897092957,11.17314111637888,10.445146311884342,10.919925689697266,792474,0.0,0.0
2003-01-17 00:00:00+05:30,11.078186015342295,11.078186015342295,10.698362253330984,11.046534538269043,504460,0.0,0.0
2003-01-20 00:00:00+05:30,11.141486790681226,11.394702152586827,10.983227038561965,11.331398010253906,569534,0.0,0.0
2003-01-21 00:00:00+05:30,11.616267780175201,12.280958355276871,11.45800800444373,12.186002731323242,1018264,0.0,0.0
2003-01-22 00:00:00+05:30,12.344263090052454,12.787390965999226,11.869483740435053,11.932787895202637,1276815,0.0,0.0
2003-01-23 00:00:00+05:30,12.21765558370995,12.407568060497614,11.711224727128988,12.059395790100098,649612,0.0,0.0
2003-01-24 00:00:00+05:30,12.091045512514116,12.249305267370517,11.109834307948777,11.268094062805176,567671,0.0,0.0
2003-01-27 00:00:00+05:30,11.268093548520076,12.787388091740537,10.540098950892137,10.603403091430664,480319,0.0,0.0
2003-01-28 00:00:00+05:30,10.69835900177686,11.394702152586827,10.666707534323443,11.331398010253906,523194,0.0,0.0
2003-01-29 00:00:00+05:30,11.521309308827654,11.679569045446572,11.33139690042937,11.426352500915527,383076,0.0,0.0
2003-01-30 00:00:00+05:30,11.647917715945756,11.6795703913727,11.14148698337572,11.268094062805176,270448,0.0,0.0
2003-01-31 00:00:00+05:30,11.331401454207686,11.52131393892657,10.888274738049867,11.046534538269043,223003,0.0,0.0
2003-02-03 00:00:00+05:30,11.109835611674768,11.552963460243655,11.109835611674768,11.489659309387207,423838,0.0,0.0
2003-02-04 00:00:00+05:30,11.584614526251833,11.964438210662397,11.552963055645206,11.616267204284668,428068,0.0,0.0
2003-02-05 00:00:00+05:30,11.711225157443197,11.711225157443197,11.39470555859338,11.458009719848633,218812,0.0,0.0
2003-02-06 00:00:00+05:30,11.394703840305516,11.426355312446969,11.109835761327371,11.363052368164062,252171,0.0,0.0
2003-02-07 00:00:00+05:30,11.268094963768265,11.426354731278641,11.17313934474728,11.204792022705078,185754,0.0,0.0
2003-02-10 00:00:00+05:30,10.91992510534303,11.236444673613843,10.666709692211645,10.730013847351074,359826,0.0,0.0
2003-02-11 00:00:00+05:30,10.761663205695875,10.793314673330425,10.286883946621057,10.445143699645996,375132,0.0,0.0
2003-02-12 00:00:00+05:30,10.41349434101704,10.698361229699287,10.350190185501095,10.381841659545898,154789,0.0,0.0
2003-02-13 00:00:00+05:30,10.381841659545898,10.381841659545898,10.381841659545898,10.381841659545898,0,0.0,0.0
2003-02-14 00:00:00+05:30,10.445144054749397,10.50844819959674,10.002016851957187,10.096972465515137,306147,0.0,0.0
2003-02-17 00:00:00+05:30,10.381839203258844,10.761662839063959,10.25523212960784,10.603403091430664,277693,0.0,0.0
2003-02-18 00:00:00+05:30,10.761663241432965,10.983227137888862,10.69835909852755,10.824967384338379,309425,0.0,0.0
2003-02-19 00:00:00+05:30,10.761666414903944,11.078186015342295,10.761666414903944,11.046534538269043,349796,0.0,0.0
2003-02-20 00:00:00+05:30,11.078182977368984,11.268094202582004,10.919923220549428,11.141487121582031,360790,0.0,0.0
2003-02-21 00:00:00+05:30,11.109835044585642,11.173139192210801,10.919923809136355,10.95157527923584,194501,0.0,0.0
2003-02-24 00:00:00+05:30,10.983228683471681,11.268095555493954,10.919924531657974,10.98322868347168,382025,0.0,0.0
2003-02-25 00:00:00+05:30,10.85661922028477,10.88827189652404,10.60340384750131,10.666707992553711,408324,0.0,0.0
2003-02-26 00:00:00+05:30,10.57175389167485,10.793316619928204,10.350189955995187,10.413494110107422,323177,0.0,0.0
2003-02-27 00:00:00+05:30,10.381840332804275,10.635055715082197,10.350188862804353,10.54010009765625,153277,0.0,0.0
2003-02-28 00:00:00+05:30,11.869483617557252,11.869483617557252,10.318537275225914,10.413494110107422,489491,0.0,0.0
2003-03-03 00:00:00+05:30,10.413492232011446,10.69835906300068,10.381839556950801,10.445143699645996,229978,0.0,0.0
2003-03-04 00:00:00+05:30,10.413493770225132,10.413493770225132,10.16027716204084,10.223581314086914,123653,0.0,0.0
2003-03-05 00:00:00+05:30,10.160276006649413,10.223580151496758,9.90706063468617,10.096972465515137,153182,0.0,0.0
2003-03-06 00:00:00+05:30,10.12862568973094,10.286885466132986,10.065321537684868,10.223581314086914,191313,0.0,0.0
2003-03-07 00:00:00+05:30,9.812105954255076,10.002017803144573,9.812105954255076,9.907061576843262,146059,0.0,0.0
2003-03-10 00:00:00+05:30,9.812106713503084,9.93871442132178,9.717151083567355,9.780454635620117,203841,0.0,0.0
2003-03-11 00:00:00+05:30,9.590541638762781,9.717149935333897,9.495586020047547,9.65384578704834,216090,0.0,0.0
2003-03-12 00:00:00+05:30,9.78045327776115,9.875409498226905,9.653845587519902,9.71714973449707,152217,0.0,0.0
2003-03-13 00:00:00+05:30,9.875409498226905,9.875409498226905,9.653845587519902,9.71714973449707,148496,0.0,0.0
2003-03-14 00:00:00+05:30,9.71714973449707,9.71714973449707,9.71714973449707,9.71714973449707,0,0.0,0.0
2003-03-17 00:00:00+05:30,9.495585639891802,9.653845400556666,9.274021733475763,9.432281494140625,411050,0.0,0.0
2003-03-18 00:00:00+05:30,9.432281494140625,9.432281494140625,9.432281494140625,9.432281494140625,0,0.0,0.0
2003-03-19 00:00:00+05:30,9.78045365832755,9.78045365832755,9.495586193272011,9.558890342712402,130580,0.0,0.0
2003-03-20 00:00:00+05:30,9.495585823790066,9.78045327776115,9.337326060060231,9.71714973449707,165866,0.0,0.0
2003-03-21 00:00:00+05:30,9.875410869269018,9.875410869269018,9.653846927801423,9.780454635620117,122443,0.0,0.0
2003-03-24 00:00:00+05:30,9.97036511497957,9.97036511497957,9.653845587519902,9.71714973449707,144912,0.0,0.0
2003-03-25 00:00:00+05:30,9.653846927801423,9.843758791386051,8.925852155059042,9.780454635620117,107213,0.0,0.0
2003-03-26 00:00:00+05:30,9.748801204272567,9.97036511497957,9.653845587519902,9.71714973449707,170562,0.0,0.0
2003-03-27 00:00:00+05:30,9.907061576843262,10.033669878578344,9.843758029688846,9.907061576843262,141895,0.0,0.0
2003-03-28 00:00:00+05:30,9.875410464492461,10.286885648965836,9.875410464492461,10.128625869750977,264154,0.0,0.0
2003-03-31 00:00:00+05:30,10.223582870958905,10.223582870958905,9.7804555502953,9.970367431640625,151988,0.0,0.0
2003-04-01 00:00:00+05:30,9.81210555640126,10.065320942177989,9.81210555640126,10.033669471740723,89776,0.0,0.0
2003-04-02 00:00:00+05:30,10.22358223511167,10.76166576483889,10.191930759950342,10.63505744934082,295653,0.0,0.0
2003-04-03 00:00:00+05:30,10.76166399083408,10.91992375540517,10.698359843520409,10.888272285461426,274504,0.0,0.0
2003-04-04 00:00:00+05:30,11.014880137476746,11.45800799201469,10.730013265924867,11.363052368164062,544962,0.0,0.0
2003-04-07 00:00:00+05:30,11.711225032338676,12.375915699852188,11.711225032338676,12.249308586120605,870586,0.0,0.0
2003-04-08 00:00:00+05:30,12.091047072721747,13.135561348071061,12.02774292112531,12.945650100708008,1574197,0.0,0.0
2003-04-09 00:00:00+05:30,12.819040496183268,13.926858810668241,12.660780736971128,12.755736351013184,1253087,0.0,0.0
2003-04-10 00:00:00+05:30,12.534175518316198,12.66078383968361,12.091048808383134,12.280960083007812,933111,0.0,0.0
2003-04-11 00:00:00+05:30,12.344261357041692,12.850692109231915,12.249305741934293,12.629129409790039,724021,0.0,0.0
2003-04-15 00:00:00+05:30,12.344261384010316,12.977300429344178,12.280957237991698,12.660780906677246,430957,0.0,0.0
2003-04-16 00:00:00+05:30,12.534173160683276,12.534173160683276,12.15435068287716,12.40756607055664,439797,0.0,0.0
2003-04-17 00:00:00+05:30,12.280957596149092,12.470870039743483,12.027742212116097,12.122697830200195,435965,0.0,0.0
2003-04-18 00:00:00+05:30,12.122697830200195,12.122697830200195,12.122697830200195,12.122697830200195,0,0.0,0.0
2003-04-21 00:00:00+05:30,12.312611975937692,12.312611975937692,12.059395349472858,12.154352188110352,168073,0.0,0.0
2003-04-22 00:00:00+05:30,12.154349919136994,12.186001387823223,11.901133339942616,11.964437484741211,180912,0.0,0.0
2003-04-23 00:00:00+05:30,12.027743315774991,12.122698942572164,11.774527908507094,11.996091842651367,326107,0.0,0.0
2003-04-24 00:00:00+05:30,11.901133916386502,12.280957596149092,11.901133916386502,12.122697830200195,285493,0.0,0.0
2003-04-25 00:00:00+05:30,11.93278867966806,12.312612425816983,11.93278867966806,12.059395790100098,266635,0.0,0.0
2003-04-28 00:00:00+05:30,11.742873630551426,12.439216811382966,11.742873630551426,12.3759126663208,366944,0.0,0.0
2003-04-29 00:00:00+05:30,12.629128781722343,12.629128781722343,12.027741236906575,12.091045379638672,358067,0.0,0.0
2003-04-30 00:00:00+05:30,12.091046359980893,12.280957596149092,11.996090741896795,12.122697830200195,389712,0.0,0.0
2003-05-01 00:00:00+05:30,12.122697830200195,12.122697830200195,12.122697830200195,12.122697830200195,0,0.0,0.0
2003-05-02 00:00:00+05:30,12.34426174888128,12.53417298512436,12.122697834980224,12.502521514892578,615718,0.0,0.0
2003-05-05 00:00:00+05:30,12.534171556750962,13.420427111358975,12.534171556750962,13.13555908203125,1383004,0.0,0.0
2003-05-06 00:00:00+05:30,13.420428854254872,13.641991564254917,13.00895249013773,13.198864936828613,983314,0.0,0.0
2003-05-07 00:00:00+05:30,13.325473019859702,13.388777173472423,12.755738052197827,12.819042205810547,620906,0.0,0.0
2003-05-08 00:00:00+05:30,12.69243503180337,12.850694826251923,12.629132079965077,12.724087715148926,333595,0.0,0.0
2003-05-09 00:00:00+05:30,12.91399689805545,12.945649576284563,12.66078150935362,12.850692749023438,485729,0.0,0.0
2003-05-12 00:00:00+05:30,13.103911360566219,13.610342215860225,12.913998884261165,13.515386581420898,1088798,0.0,0.0
2003-05-13 00:00:00+05:30,13.325471141335383,14.085118462746074,13.325471141335383,13.99016284942627,1587693,0.0,0.0
2003-05-14 00:00:00+05:30,14.180077299859075,14.813116475811949,14.085121664951426,14.65485668182373,1328180,0.0,0.0
2003-05-15 00:00:00+05:30,15.066328986395751,15.572760953519227,14.876417753365805,15.414501190185547,1893116,0.0,0.0
2003-05-16 00:00:00+05:30,15.572761942424393,16.110845413413635,14.623203302123224,15.44615364074707,1625402,0.0,0.0
2003-05-19 00:00:00+05:30,15.38284711359501,15.952583175704952,14.686505184218085,14.813112258911133,1065821,0.0,0.0
2003-05-20 00:00:00+05:30,15.16128443102566,15.16128443102566,14.369985686346368,14.813112258911133,1331967,0.0,0.0
2003-05-21 00:00:00+05:30,15.00302737421728,15.762673580963881,14.971374694294749,15.287894248962402,1387823,0.0,0.0
2003-05-22 00:00:00+05:30,15.4461515386238,15.667715432692548,15.319544461603147,15.509455680847168,807296,0.0,0.0
2003-05-23 00:00:00+05:30,15.69936885665178,16.11084522867158,15.414501992283732,15.541109085083008,1677726,0.0,0.0
2003-05-26 00:00:00+05:30,15.319546546495998,15.667717564969259,15.192938244818675,15.44615364074707,816417,0.0,0.0
2003-05-27 00:00:00+05:30,15.667716953564325,16.237451874026878,15.382848889619947,15.636065483093262,1847582,0.0,0.0
2003-05-28 00:00:00+05:30,16.07919213641174,16.617275587393536,15.31954597687233,16.427364349365234,1739981,0.0,0.0
2003-05-29 00:00:00+05:30,16.71223016895299,18.516391647928703,16.71223016895299,17.69344139099121,3443096,0.0,0.0
2003-05-30 00:00:00+05:30,18.04161252578251,18.199872284780604,17.09205397179396,17.21866226196289,1600194,0.0,0.0
2003-06-02 00:00:00+05:30,16.3957134899462,16.3957134899462,14.813115639421927,15.35119915008545,1652212,0.0,0.0
2003-06-03 00:00:00+05:30,16.395712242751824,16.838840090161163,15.19293820933165,16.58562469482422,1754655,0.0,0.0
2003-06-04 00:00:00+05:30,16.93379819366003,17.503533218503495,16.775538397457602,17.187013626098633,1400895,0.0,0.0
2003-06-05 00:00:00+05:30,17.25031627473377,17.851703930584925,16.332409054208604,16.617277145385742,1267957,0.0,0.0
2003-06-06 00:00:00+05:30,16.39571435817828,16.933797897335918,16.364062882462235,16.553974151611328,739708,0.0,0.0
2003-06-09 00:00:00+05:30,16.775535354892522,17.09205488989049,16.300756052395563,16.427364349365234,679119,0.0,0.0
2003-06-10 00:00:00+05:30,14.401638277856923,16.269103944109933,14.401638277856923,15.477805137634277,1068085,0.0,0.0
2003-06-11 00:00:00+05:30,15.76267209449202,16.427363821067242,15.509456716122196,16.332406997680664,1190556,0.0,0.0
2003-06-12 00:00:00+05:30,17.277260445618403,17.277260445618403,15.893729072259111,16.06245231628418,933529,1.6,0.0
2003-06-13 00:00:00+05:30,16.50113034824686,16.50113034824686,15.590024762574199,15.691258430480957,466516,0.0,0.0
2003-06-16 00:00:00+05:30,16.16368552676613,16.16368552676613,14.847643852233887,14.847643852233887,912439,0.0,0.0
2003-06-17 00:00:00+05:30,15.218836996957753,15.320071979169823,14.61143353996669,15.117603302001953,643053,0.0,0.0
2003-06-18 00:00:00+05:30,14.915135039100901,15.252581527373518,14.847645483995139,14.881389617919922,316340,0.0,0.0
2003-06-19 00:00:00+05:30,15.117603538627618,15.117603538627618,14.510200072129278,14.712667465209961,702819,0.0,0.0
2003-06-20 00:00:00+05:30,14.982623836969074,15.151347072577932,14.746411049665447,14.780155181884766,661581,0.0,0.0
2003-06-23 00:00:00+05:30,15.016368186663096,15.252580977387678,14.915134501282889,14.982624053955078,631429,0.0,0.0
2003-06-24 00:00:00+05:30,14.510196733228932,15.016366386713663,14.510196733228932,14.813899040222168,360163,0.0,0.0
2003-06-25 00:00:00+05:30,14.98262580986187,15.35381646217681,14.780157128116747,15.151349067687988,816340,0.0,0.0
2003-06-26 00:00:00+05:30,15.320072325514108,15.488795583340226,15.016369946524573,15.151349067687988,686497,0.0,0.0
2003-06-27 00:00:00+05:30,15.11759940493954,15.353812157115582,14.881386652763497,15.05010986328125,283614,0.0,0.0
2003-06-30 00:00:00+05:30,14.915135176007027,15.252581667377068,14.881389754516299,15.016368865966797,343669,0.0,0.0
2003-07-01 00:00:00+05:30,14.915131568908691,15.151344313192908,14.881386155579005,14.915131568908691,276116,0.0,0.0
2003-07-02 00:00:00+05:30,15.016368728131448,15.050112862056231,14.847645483995139,14.881389617919922,385890,0.0,0.0
2003-07-03 00:00:00+05:30,14.982623950475032,16.2649202933656,14.847644846062913,16.02870750427246,1404621,0.0,0.0
2003-07-04 00:00:00+05:30,16.60236490712239,16.804832253801344,15.691259272555087,15.85998249053955,768826,0.0,0.0
2003-07-07 00:00:00+05:30,16.06245231628418,16.16368729250418,15.859984938356574,16.06245231628418,409833,0.0,0.0
2003-07-08 00:00:00+05:30,16.264920709221993,16.332410263153605,15.691261431687558,15.826240539550781,761576,0.0,0.0
2003-07-09 00:00:00+05:30,15.859984254140706,16.26492027978276,15.59002733279805,15.725005149841309,478788,0.0,0.0
2003-07-10 00:00:00+05:30,15.691257665445518,15.859980866149233,15.218832188572769,15.353811264038086,256856,0.0,0.0
2003-07-11 00:00:00+05:30,15.522537780648351,16.129941175483363,15.286324991752474,15.725005149841309,432344,0.0,0.0
2003-07-14 00:00:00+05:30,16.02871060754355,16.771093251028425,16.02871060754355,16.6361141204834,1104238,0.0,0.0
2003-07-15 00:00:00+05:30,17.311008070032837,17.37849763870239,16.33241382972192,16.87232780456543,1472227,0.0,0.0
2003-07-16 00:00:00+05:30,17.209768894740513,17.884661792573475,16.636109674131287,17.715938568115234,2073348,0.0,0.0
2003-07-17 00:00:00+05:30,18.087132351436182,18.42457886013653,17.547218452418132,17.68219757080078,1923952,0.0,0.0
2003-07-18 00:00:00+05:30,17.715942672951417,18.96449508068688,17.513475271591652,18.694538116455078,4046648,0.0,0.0
2003-07-21 00:00:00+05:30,19.36942842246241,19.808108588004696,19.06572607625674,19.166959762573242,2913780,0.0,0.0
2003-07-22 00:00:00+05:30,19.03198045043264,19.166958259182056,18.25585257928525,18.424575805664062,1334005,0.0,0.0
2003-07-23 00:00:00+05:30,18.829510609244352,18.829510609244352,16.602364677548348,17.479724884033203,2249715,0.0,0.0
2003-07-24 00:00:00+05:30,17.715937032947664,17.817170701399036,17.2772569448211,17.513469696044922,1063940,0.0,0.0
2003-07-25 00:00:00+05:30,17.682194283663804,17.715938413358266,17.344747837695078,17.58095932006836,733458,0.0,0.0
2003-07-28 00:00:00+05:30,17.817174302369484,18.35708945532383,17.64845105843179,17.850919723510742,1033466,0.0,0.0
2003-07-29 00:00:00+05:30,18.087129147020946,18.087129147020946,17.580959473646224,17.715938568115234,643104,0.0,0.0
2003-07-30 00:00:00+05:30,18.120875085958236,18.289598315273945,17.884662307465028,18.154619216918945,781300,0.0,0.0
2003-07-31 00:00:00+05:30,18.55955676113821,18.55955676113821,17.715940544722837,17.783430099487305,590196,0.0,0.0
2003-08-01 00:00:00+05:30,17.850916812521554,17.88466094090388,17.479724964035995,17.54721450805664,525495,0.0,0.0
2003-08-04 00:00:00+05:30,17.648449951506958,17.648449951506958,17.34474890382119,17.4122371673584,444025,0.0,0.0
2003-08-05 00:00:00+05:30,17.378490571289223,17.614703321942397,16.872320942999245,16.973554611206055,574400,0.0,0.0
2003-08-06 00:00:00+05:30,17.176024791974836,17.176024791974836,16.568620153157614,16.66985511779785,486221,0.0,0.0
2003-08-07 00:00:00+05:30,16.703598783923518,17.00730109489726,16.703598783923518,16.804832458496094,454578,0.0,0.0
2003-08-08 00:00:00+05:30,17.10853841384846,17.412239502259133,17.074792990298636,17.20977210998535,617000,0.0,0.0
2003-08-11 00:00:00+05:30,17.41223633256597,17.445981749972837,16.90606665676747,17.243513107299805,507146,0.0,0.0
2003-08-12 00:00:00+05:30,17.34474807226435,17.547215427681326,17.209768977148993,17.243513107299805,495161,0.0,0.0
2003-08-13 00:00:00+05:30,17.209771432939647,17.44598423947046,17.041048183597102,17.176027297973633,278054,0.0,0.0
2003-08-14 00:00:00+05:30,17.47972579642249,17.850917662584248,17.47972579642249,17.715938568115234,962122,0.0,0.0
2003-08-15 00:00:00+05:30,17.715938568115234,17.715938568115234,17.715938568115234,17.715938568115234,0,0.0,0.0
2003-08-18 00:00:00+05:30,17.884663448155486,18.28959948179137,17.817173894673477,18.053386688232422,1067579,0.0,0.0
2003-08-19 00:00:00+05:30,17.54721503835274,18.627043913548725,17.54721503835274,17.98589515686035,920188,0.0,0.0
2003-08-20 00:00:00+05:30,18.49206505922315,18.49206505922315,17.952151258310256,18.188364028930664,815393,0.0,0.0
2003-08-21 00:00:00+05:30,18.525810163464186,18.897000734416388,18.28959739683278,18.45832061767578,1266092,0.0,0.0
2003-08-22 00:00:00+05:30,18.222107851044374,19.234447176102393,18.222107851044374,18.45832061767578,1214462,0.0,0.0
2003-08-25 00:00:00+05:30,18.762024625930483,19.30193979082617,18.087131635253037,18.222110748291016,2299888,0.0,0.0
2003-08-26 00:00:00+05:30,17.884664758905636,18.82951471513242,17.884664758905636,18.728281021118164,860088,0.0,0.0
2003-08-27 00:00:00+05:30,18.829514148172482,19.53815255944754,18.829514148172482,19.403173446655273,1918768,0.0,0.0
2003-08-28 00:00:00+05:30,19.5718968295057,19.909343326566145,19.369429446171925,19.53815269470215,1804911,0.0,0.0
2003-08-29 00:00:00+05:30,19.87559919176259,20.044322440292813,19.436917715779032,19.53815269470215,1469189,0.0,0.0
2003-09-01 00:00:00+05:30,19.909342274321197,20.010575960637702,19.031981943236627,19.166959762573242,1106093,0.0,0.0
2003-09-02 00:00:00+05:30,19.234450617236774,19.301940175099382,18.728280864151596,19.200706481933594,1411626,0.0,0.0
2003-09-03 00:00:00+05:30,19.20070343121111,19.470660332512924,18.627044211409732,18.762022018432617,741432,0.0,0.0
2003-09-04 00:00:00+05:30,18.559555993199826,18.930746598161367,18.053386284294376,18.2558536529541,870108,0.0,0.0
2003-09-05 00:00:00+05:30,18.390831995412153,18.66078890486607,18.120875085958236,18.154619216918945,734398,0.0,0.0
2003-09-08 00:00:00+05:30,18.154619438980227,18.559555451742188,18.154619438980227,18.357088088989258,1032759,0.0,0.0
2003-09-09 00:00:00+05:30,18.559554606151274,18.559554606151274,18.08712906491046,18.188364028930664,842492,0.0,0.0
2003-09-10 00:00:00+05:30,18.424576961705476,18.424576961705476,17.952152670556394,18.32334327697754,1001601,0.0,0.0
2003-09-11 00:00:00+05:30,18.390834516233152,18.998237967574923,18.18836712820465,18.728281021118164,1264045,0.0,0.0
2003-09-12 00:00:00+05:30,19.03198382528976,19.065727961646797,18.39083493645576,18.525814056396484,1224982,0.0,0.0
2003-09-15 00:00:00+05:30,18.357090844781165,18.863260614906494,17.817175650960372,17.91840934753418,579832,0.0,0.0
2003-09-16 00:00:00+05:30,17.81717315086816,18.05338593456604,17.41223713413695,17.952152252197266,577511,0.0,0.0
2003-09-17 00:00:00+05:30,18.154620719807593,18.22211027457206,17.715940544722837,17.783430099487305,368739,0.0,0.0
2003-09-18 00:00:00+05:30,17.850917748062848,17.850917748062848,17.142279429591316,17.243513107299805,449947,0.0,0.0
2003-09-19 00:00:00+05:30,17.54721862194585,17.580962758239384,16.872325598024855,17.20977210998535,509083,0.0,0.0
2003-09-22 00:00:00+05:30,17.47972588012365,17.749682783098304,17.209768977148993,17.243513107299805,238453,0.0,0.0
2003-09-23 00:00:00+05:30,15.89372660207627,17.31100188906697,15.89372660207627,17.14227867126465,273306,0.0,0.0
2003-09-24 00:00:00+05:30,17.277257540153922,17.547214427744954,17.10853432450253,17.479724884033203,332042,0.0,0.0
2003-09-25 00:00:00+05:30,17.209771943717783,17.98589865627733,17.14228238452646,17.68219757080078,347993,0.0,0.0
2003-09-26 00:00:00+05:30,17.715938568115234,17.81717224533897,17.44598166643326,17.715938568115234,349047,0.0,0.0
2003-09-29 00:00:00+05:30,17.88466223345692,18.492065599028766,17.78342855373762,18.087129592895508,568646,0.0,0.0
2003-09-30 00:00:00+05:30,17.61470731413256,18.357089861328994,17.61470731413256,18.222110748291016,261503,0.0,0.0
2003-10-01 00:00:00+05:30,18.255854132489155,18.255854132489155,18.019642625266844,18.12087631225586,293073,0.0,0.0
2003-10-02 00:00:00+05:30,18.12087631225586,18.12087631225586,18.12087631225586,18.12087631225586,0,0.0,0.0
2003-10-03 00:00:00+05:30,18.087130821345344,18.35708903527338,17.952153001637495,18.053386688232422,311454,0.0,0.0
2003-10-06 00:00:00+05:30,18.222105883677074,18.525808163307374,18.154616345175242,18.39082908630371,571144,0.0,0.0
2003-10-07 00:00:00+05:30,18.55955228893035,18.55955228893035,18.357084960680737,18.39082908630371,436442,0.0,0.0
2003-10-08 00:00:00+05:30,18.55955481529236,19.031980361856768,18.39083158969879,18.897001266479492,990853,0.0,0.0
2003-10-09 00:00:00+05:30,19.200704080420216,20.078064361130192,19.200704080420216,19.87559700012207,1854684,0.0,0.0
2003-10-10 00:00:00+05:30,19.90934005538439,20.111807405451994,18.9307448597936,19.504404067993164,976557,0.0,0.0
2003-10-13 00:00:00+05:30,19.57189469491442,19.57189469491442,19.16695868515463,19.335681915283203,609469,0.0,0.0
2003-10-14 00:00:00+05:30,19.50440624179903,19.571895795095415,18.96449238994024,19.166959762573242,995457,0.0,0.0
2003-10-15 00:00:00+05:30,16.804835685822344,19.099471661589174,16.804835685822344,18.728281021118164,992610,0.0,0.0
2003-10-16 00:00:00+05:30,18.863257287579344,19.234447871960366,18.795767739349323,19.031980514526367,1741531,0.0,0.0
2003-10-17 00:00:00+05:30,19.30194060101065,21.09040684392416,19.09947192295521,20.887939453125,5618398,0.0,0.0
2003-10-20 00:00:00+05:30,21.124147810863853,21.866531565102875,20.61797812254677,20.921680450439453,5396585,0.0,0.0
2003-10-21 00:00:00+05:30,21.090406317669032,21.427852818751738,20.078066814420918,20.38176918029785,2891130,0.0,0.0
2003-10-22 00:00:00+05:30,20.786700912069932,21.19163691160502,20.24678710419385,20.55048942565918,1791547,0.0,0.0
2003-10-23 00:00:00+05:30,20.71921643311239,20.92168382620541,20.31428035967006,20.483003616333008,1471216,0.0,0.0
2003-10-24 00:00:00+05:30,20.65172371322818,20.65172371322818,19.909341240046416,20.51674461364746,1386514,0.0,0.0
2003-10-27 00:00:00+05:30,21.394110339013654,22.069003393402017,20.921684686039264,21.36036491394043,4146291,0.0,0.0
2003-10-28 00:00:00+05:30,21.25912698507613,21.596573445156704,20.854190975528223,20.98917007446289,1543898,0.0,0.0
2003-10-29 00:00:00+05:30,21.25912459155012,21.36035826072536,20.98916771133083,21.1241455078125,1164076,0.0,0.0
2003-10-30 00:00:00+05:30,21.259129513565817,21.76529926388881,21.022916705963837,21.56283187866211,1840439,0.0,0.0
2003-10-31 00:00:00+05:30,21.596572333912707,21.934018776630094,21.427849112554014,21.664060592651367,2093192,0.0,0.0
2003-11-03 00:00:00+05:30,21.731551517403616,22.170230350076064,21.09040275863859,21.22538185119629,1737805,0.0,0.0
2003-11-04 00:00:00+05:30,21.259129535205236,21.461596920638026,20.820449341930026,20.955427169799805,1123076,0.0,0.0
2003-11-05 00:00:00+05:30,21.09040684392416,21.259130098675556,20.61798121571775,20.887939453125,955133,0.0,0.0
2003-11-06 00:00:00+05:30,21.15789597583504,21.46159705589828,20.71921577979508,21.09040641784668,1269728,0.0,0.0
2003-11-07 00:00:00+05:30,21.09040408267033,21.32661686584746,20.58423438468624,20.719213485717773,885146,0.0,0.0
2003-11-10 00:00:00+05:30,20.651725288784103,21.495341507384303,20.516746178905596,21.394107818603516,823932,0.0,0.0
2003-11-11 00:00:00+05:30,21.39410865033126,21.664064306070816,20.58423653408761,20.955427169799805,836919,0.0,0.0
2003-11-12 00:00:00+05:30,20.955428339480292,21.259130721837643,20.719216805709372,20.85419464111328,879606,0.0,0.0
2003-11-13 00:00:00+05:30,20.98916900180642,21.22538176924233,20.584233012952865,20.617977142333984,716676,0.0,0.0
2003-11-14 00:00:00+05:30,20.617980701250747,20.820449374254117,20.348023757835833,20.38176918029785,533258,0.0,0.0
2003-11-17 00:00:00+05:30,20.550487561985616,20.550487561985616,20.010572515817056,20.078062057495117,642983,0.0,0.0
2003-11-18 00:00:00+05:30,20.078063203475757,20.415509643870305,19.909339983278482,19.976829528808594,575482,0.0,0.0
2003-11-19 00:00:00+05:30,20.078064055531488,20.078064055531488,19.50440482506509,19.60563850402832,652748,0.0,0.0
2003-11-20 00:00:00+05:30,19.70687394476943,19.909341307571104,19.40317161331082,19.470661163330078,854294,0.0,0.0
2003-11-21 00:00:00+05:30,19.470663426127775,19.57189711929356,18.89700411517999,19.200706481933594,670694,0.0,0.0
2003-11-24 00:00:00+05:30,19.200706197641704,19.70687594323237,19.200706197641704,19.53815269470215,589839,0.0,0.0
2003-11-25 00:00:00+05:30,19.706872705316787,19.74061683457605,19.30193671792556,19.504404067993164,504037,0.0,0.0
2003-11-26 00:00:00+05:30,19.504404067993164,19.504404067993164,19.504404067993164,19.504404067993164,0,0.0,0.0
2003-11-27 00:00:00+05:30,19.369424619738602,19.841848825551796,19.369424619738602,19.706871032714844,678564,0.0,0.0
2003-11-28 00:00:00+05:30,19.774363793511817,19.875598770288182,19.57189641447149,19.740619659423828,687948,0.0,0.0
2003-12-01 00:00:00+05:30,19.9093438502522,20.213046220497535,19.7743647329751,20.044322967529297,692387,0.0,0.0
2003-12-02 00:00:00+05:30,20.17930037502556,20.584236431121827,19.639386491734694,20.246789932250977,935712,0.0,0.0
2003-12-03 00:00:00+05:30,20.483001496307523,20.651724735507326,20.246788703976563,20.280532836914062,706516,0.0,0.0
2003-12-04 00:00:00+05:30,20.516745700725135,20.651724807457708,20.314278327882437,20.3480224609375,668944,0.0,0.0
2003-12-05 00:00:00+05:30,20.617977852761157,20.651723270561057,20.078064040523458,20.145553588867188,828158,0.0,0.0
2003-12-08 00:00:00+05:30,20.24678642367303,20.24678642367303,19.639383088414043,19.976829528808594,375895,0.0,0.0
2003-12-09 00:00:00+05:30,20.078063888653553,20.179297566775382,19.90934066269848,20.010574340820312,497174,0.0,0.0
2003-12-10 00:00:00+05:30,20.044322414683222,20.246789797758314,19.841853744351905,20.1118106842041,553740,0.0,0.0
2003-12-11 00:00:00+05:30,20.044319909979627,20.246787267754748,19.774361716604712,20.145553588867188,805094,0.0,0.0
2003-12-12 00:00:00+05:30,20.314278205440896,21.090404846334785,20.246788652481392,20.82044792175293,2525187,0.0,0.0
2003-12-15 00:00:00+05:30,21.05666112523096,21.56283085144078,20.820448328881806,21.191638946533203,1557860,0.0,0.0
2003-12-16 00:00:00+05:30,21.799041173875562,21.799041173875562,21.19163779293978,21.292871475219727,1126243,0.0,0.0
2003-12-17 00:00:00+05:30,21.46159256460578,21.900273956098626,21.191635676402786,21.63031578063965,1882734,0.0,0.0
2003-12-18 00:00:00+05:30,21.59657019794446,21.86652835522348,21.46159111930495,21.495336532592773,806615,0.0,0.0
2003-12-19 00:00:00+05:30,21.697810993650737,21.866534243758405,21.394108628554445,21.56283187866211,913543,0.0,0.0
2003-12-22 00:00:00+05:30,21.86653197552668,23.11508286700529,21.461594672565244,22.946359634399414,2515977,0.0,0.0
2003-12-23 00:00:00+05:30,23.35129574358748,23.587509827910146,22.44019126344793,23.01384925842285,2860855,0.0,0.0
2003-12-24 00:00:00+05:30,23.0813401001632,23.41878658532783,22.67640277325822,23.01384925842285,1295086,0.0,0.0
2003-12-25 00:00:00+05:30,23.01384925842285,23.01384925842285,23.01384925842285,23.01384925842285,0,0.0,0.0
2003-12-26 00:00:00+05:30,23.62125574575086,23.654999881913707,23.115085979770484,23.486276626586914,1396228,0.0,0.0
2003-12-29 00:00:00+05:30,23.823720396686422,24.12742273624086,23.621253028487555,23.924955368041992,1324193,0.0,0.0
2003-12-30 00:00:00+05:30,24.02619040523669,24.262404506187607,23.148829996949473,23.38504409790039,1159957,0.0,0.0
2003-12-31 00:00:00+05:30,23.250062116127165,23.621252715322647,22.98010391243287,23.08133888244629,812961,0.0,0.0
2004-01-01 00:00:00+05:30,23.385041278308808,24.296145712731338,23.115083073918008,24.262401580810547,1779496,0.0,0.0
2004-01-02 00:00:00+05:30,24.49861121375533,26.11835516776892,24.32988799248358,25.88214111328125,3329440,0.0,0.0
2004-01-05 00:00:00+05:30,24.971039649451832,26.489548817323904,24.971039649451832,25.747167587280273,2232008,0.0,0.0
2004-01-06 00:00:00+05:30,25.814653162802422,26.62452514947903,24.97103704637097,26.152099609375,2945195,0.0,0.0
2004-01-07 00:00:00+05:30,26.15210190077581,26.658271614984375,25.004783367000606,25.34222984313965,1499819,0.0,0.0
2004-01-08 00:00:00+05:30,25.645927365455922,26.928224763533443,25.443460032736265,26.590778350830078,1776779,0.0,0.0
2004-01-09 00:00:00+05:30,27.33315992136854,27.67060634015087,26.590778829852166,26.96196937561035,2547197,0.0,0.0
2004-01-12 00:00:00+05:30,26.826991064149325,29.931497176359315,26.826991064149325,29.121627807617188,4000381,0.0,0.0
2004-01-13 00:00:00+05:30,29.290358384707854,29.796528154665854,28.48048623787254,29.425334930419922,2156519,0.0,0.0
2004-01-14 00:00:00+05:30,30.032738126235916,30.707631117836723,29.796526608980614,30.403928756713867,1874936,0.0,0.0
2004-01-15 00:00:00+05:30,31.04507171130571,31.652476318070825,30.53890206383877,30.8763484954834,1927983,0.0,0.0
2004-01-16 00:00:00+05:30,30.876348437297917,31.045071652802278,27.738095599112036,28.784181594848633,1750756,0.0,0.0
2004-01-19 00:00:00+05:30,28.615461053230753,28.851672547204153,25.679675284421958,28.345502853393555,1832236,0.0,0.0
2004-01-20 00:00:00+05:30,28.34550085677547,29.695286611860016,27.33316154046206,27.738096237182617,1217420,0.0,0.0
2004-01-21 00:00:00+05:30,27.67060559530905,28.00805200500794,24.63358790801903,24.93729019165039,1897491,0.0,0.0
2004-01-22 00:00:00+05:30,25.11168009634404,25.87898036824947,23.960727027556523,24.658273696899414,1503365,1.2,0.0
2004-01-23 00:00:00+05:30,24.5187663319095,27.064810061852963,24.5187663319095,26.611406326293945,1265295,0.0,0.0
2004-01-26 00:00:00+05:30,26.611406326293945,26.611406326293945,26.611406326293945,26.611406326293945,0,0.0,0.0
2004-01-27 00:00:00+05:30,27.204323047429785,28.180889554529898,26.925303285135566,27.93674659729004,939124,0.0,0.0
2004-01-28 00:00:00+05:30,27.936747515366466,28.041380594897735,25.84410721217902,26.123126983642578,1203020,0.0,0.0
2004-01-29 00:00:00+05:30,26.506774274995855,27.343830836918457,25.84410438593507,26.71603775024414,943360,0.0,0.0
2004-01-30 00:00:00+05:30,27.06481111332192,27.169444181477882,25.91386066825362,26.158000946044922,845783,0.0,0.0
2004-02-02 00:00:00+05:30,26.158000946044922,26.158000946044922,26.158000946044922,26.158000946044922,0,0.0,0.0
2004-02-03 00:00:00+05:30,25.809227375926017,27.134567143385887,24.135114265548232,24.379257202148438,982140,0.0,0.0
2004-02-04 00:00:00+05:30,24.41413663381466,24.658276935780915,23.053919917744754,24.30950355529785,1229594,0.0,0.0
2004-02-05 00:00:00+05:30,24.588519782194904,25.111679777560752,24.065359786829056,24.48388671875,851947,0.0,0.0
2004-02-06 00:00:00+05:30,24.588520705560477,25.1116807205724,23.89097401887791,25.007047653198242,1052108,0.0,0.0
2004-02-09 00:00:00+05:30,25.3209428587941,27.064809483517237,25.251189258176893,26.890422821044922,1716536,0.0,0.0
2004-02-10 00:00:00+05:30,26.925303530184173,28.285520227121,26.925303530184173,28.041379928588867,3118389,0.0,0.0
2004-02-11 00:00:00+05:30,28.250638317094342,30.273524594295,28.250638317094342,29.92475128173828,4530476,0.0,0.0
2004-02-12 00:00:00+05:30,30.064257955880333,32.71493721401943,30.064257955880333,32.226654052734375,7688094,0.0,0.0
2004-02-13 00:00:00+05:30,32.78469412061903,32.78469412061903,30.936194345191083,31.38960075378418,6026048,0.0,0.0
2004-02-16 00:00:00+05:30,31.738373421733495,32.08714675603826,30.72693022006381,30.971073150634766,2092404,0.0,0.0
2004-02-17 00:00:00+05:30,31.250097094347034,31.250097094347034,29.715493553715223,30.447919845581055,1721200,0.0,0.0
2004-02-18 00:00:00+05:30,30.69205284118652,31.563986160538413,30.44791257613972,30.692052841186523,1708671,0.0,0.0
2004-02-19 00:00:00+05:30,30.831562714723244,30.866439515323055,28.878432610911265,29.087696075439453,1419033,0.0,0.0
2004-02-20 00:00:00+05:30,29.087698697004683,29.22720857290675,27.971622350717688,29.017942428588867,1844837,0.0,0.0
2004-02-23 00:00:00+05:30,28.599412584375706,29.715486157443042,27.587969412010708,27.866989135742188,1056998,0.0,0.0
2004-02-24 00:00:00+05:30,28.04137647046736,28.459903405174444,27.274073542265228,28.2855167388916,1196855,0.0,0.0
2004-02-25 00:00:00+05:30,28.425026872581277,28.77380020844117,27.553093532931545,27.83211326599121,1057133,0.0,0.0
2004-02-26 00:00:00+05:30,27.901868480018777,28.66916879884748,27.20432176801831,27.65772819519043,1097041,0.0,0.0
2004-02-27 00:00:00+05:30,27.901866956672457,28.111130426661624,27.448460554254776,27.971620559692383,903736,0.0,0.0
2004-03-01 00:00:00+05:30,28.180885362060508,29.471345583597817,28.076252301534016,29.296958923339844,1484002,0.0,0.0
2004-03-02 00:00:00+05:30,29.296958923339844,29.296958923339844,29.296958923339844,29.296958923339844,0,0.0,0.0
2004-03-03 00:00:00+05:30,29.645737193272037,29.889877494021217,28.704050135034105,28.843557357788086,1016507,0.0,0.0
2004-03-04 00:00:00+05:30,29.157453000091877,29.157453000091877,27.971623018028627,28.250642776489258,708998,0.0,0.0
2004-03-05 00:00:00+05:30,28.39015179799916,30.72693222602229,28.076255244446767,30.55254554748535,1973499,0.0,0.0
2004-03-08 00:00:00+05:30,30.69205218272049,32.26153212388233,30.27352526278237,31.87788200378418,3756364,0.0,0.0
2004-03-09 00:00:00+05:30,31.94763592044627,32.92420229123032,31.38959913468222,32.052268981933594,4999929,0.0,0.0
2004-03-10 00:00:00+05:30,31.73837282440879,31.877882687690956,30.343279513445765,30.692052841186523,1636905,0.0,0.0
2004-03-11 00:00:00+05:30,30.343277306344902,31.319843617357538,30.029380802024477,31.00594711303711,1463582,0.0,0.0
2004-03-12 00:00:00+05:30,30.622296857292774,33.726377103913926,30.622296857292774,32.993953704833984,4586962,0.0,0.0
2004-03-15 00:00:00+05:30,33.48224080403646,33.83101414574517,30.831563939236123,31.38960075378418,2325994,0.0,0.0
2004-03-16 00:00:00+05:30,30.831564855915616,32.08714839121192,30.831564855915616,31.354724884033203,1394868,0.0,0.0
2004-03-17 00:00:00+05:30,31.703496284429637,33.20322000948533,31.14545948764312,32.95907974243164,3143805,0.0,0.0
2004-03-18 00:00:00+05:30,33.2729734646476,34.8424533199524,33.09858681405817,33.5519905090332,6559251,0.0,0.0
2004-03-19 00:00:00+05:30,33.796139393923326,37.353626630787005,33.65662951659092,37.039730072021484,7613857,0.0,0.0
2004-03-22 00:00:00+05:30,37.004847796925155,37.52800776387772,35.29585803936096,36.09803771972656,4806525,0.0,0.0
2004-03-23 00:00:00+05:30,35.67951745595316,36.58632770204788,35.22611100244096,35.505130767822266,2051013,0.0,0.0
2004-03-24 00:00:00+05:30,35.574877752774,36.551444088790454,35.226104441472295,36.09803771972656,1568599,0.0,0.0
2004-03-25 00:00:00+05:30,36.272426959293426,37.84190697195516,36.272426959293426,36.51656723022461,2454954,0.0,0.0
2004-03-26 00:00:00+05:30,36.79558713497276,38.678963691128814,36.79558713497276,37.5977668762207,2435595,0.0,0.0
2004-03-29 00:00:00+05:30,38.22555568989075,38.992858597475404,37.353622381905424,38.3301887512207,1694570,0.0,0.0
2004-03-30 00:00:00+05:30,38.888222996767496,39.55089279975025,38.22555319378474,39.027732849121094,1729252,0.0,0.0
2004-03-31 00:00:00+05:30,39.06261470417312,39.725284592947666,38.71384135860015,39.1672477722168,979214,0.0,0.0
2004-04-01 00:00:00+05:30,39.23700137695961,40.07405793852064,38.957981636129446,39.1672477722168,1819397,0.0,0.0
2004-04-02 00:00:00+05:30,39.13236611782087,40.283319158139435,39.0626125169837,40.10893249511719,2195022,0.0,0.0
2004-04-05 00:00:00+05:30,40.42283064016851,40.52746104561599,39.06261408191591,39.37651062011719,1409301,0.0,0.0
2004-04-06 00:00:00+05:30,39.41138266712288,39.69040236984583,38.26042971955208,38.923099517822266,1650001,0.0,0.0
2004-04-07 00:00:00+05:30,39.06260936918374,39.236996018153306,38.36506277330546,38.923099517822266,1525608,0.0,0.0
2004-04-08 00:00:00+05:30,38.99285678135796,41.85279683397456,38.71383707142647,41.469146728515625,2519508,0.0,0.0
2004-04-09 00:00:00+05:30,41.469146728515625,41.469146728515625,41.469146728515625,41.469146728515625,0,0.0,0.0
2004-04-12 00:00:00+05:30,41.85279969872883,42.20157302955157,41.15525303708335,41.43427276611328,962710,0.0,0.0
2004-04-13 00:00:00+05:30,41.50402922825959,49.31655024836483,39.167248815073926,47.468055725097656,7278724,0.0,0.0
2004-04-14 00:00:00+05:30,47.46805572509765,47.46805572509765,47.46805572509765,47.468055725097656,0,0.0,0.0
2004-04-15 00:00:00+05:30,46.91001160939534,52.31599807739258,45.34053166707356,50.223358154296875,8861581,0.0,0.0
2004-04-16 00:00:00+05:30,50.57212803022633,50.92090132698651,46.73562176586433,47.3634147644043,5814079,0.0,0.0
2004-04-19 00:00:00+05:30,48.82826154642542,49.1770348431856,46.03807517234397,47.3634147644043,3155291,0.0,0.0
2004-04-20 00:00:00+05:30,47.43317434080039,47.78194768154157,44.642987614870954,45.48004150390625,2723956,0.0,0.0
2004-04-21 00:00:00+05:30,45.37541296410429,47.049520712841215,44.29421349800785,45.968326568603516,2702629,0.0,0.0
2004-04-22 00:00:00+05:30,46.38685307912555,48.619000271482854,46.38685307912555,47.81682586669922,2233865,0.0,0.0
2004-04-23 00:00:00+05:30,48.47950029198503,49.87459382556734,47.1890398377933,47.607566833496094,2549299,0.0,0.0
2004-04-27 00:00:00+05:30,46.38685435633506,46.38685435633506,42.2713278678674,43.247894287109375,3202200,0.0,0.0
2004-04-28 00:00:00+05:30,43.317653112519146,44.60811622642399,41.43427897270246,44.050079345703125,3020072,0.0,0.0
2004-04-29 00:00:00+05:30,44.64298587160521,45.828813055076274,44.46859920804425,45.37541198730469,2605752,0.0,0.0
2004-04-30 00:00:00+05:30,45.34053522516663,45.619554967847144,43.94544183362305,44.25933837890625,2338540,0.0,0.0
2004-05-03 00:00:00+05:30,43.94543211379887,44.43371522502686,41.99230232981581,42.654972076416016,1661135,0.0,0.0
2004-05-04 00:00:00+05:30,43.213017106515245,47.223907832226594,42.899120570157486,46.35197448730469,3809345,0.0,0.0
2004-05-05 00:00:00+05:30,47.71218965623358,48.549243467698346,46.73562332828579,47.189029693603516,2783784,0.0,0.0
2004-05-06 00:00:00+05:30,48.47949527113014,49.5258153129531,48.13072192385582,49.1072883605957,2640689,0.0,0.0
2004-05-07 00:00:00+05:30,49.874589744883366,49.874589744883366,46.944895692808664,47.468055725097656,1920433,0.0,0.0
2004-05-10 00:00:00+05:30,45.968324660157386,46.107831859474025,42.09693867774766,44.92200469970703,2629926,0.0,0.0
2004-05-11 00:00:00+05:30,43.94544470062889,44.2942180712688,41.852804476789416,42.027191162109375,1514419,0.0,0.0
2004-05-12 00:00:00+05:30,41.85280041312982,43.70130016241481,41.15525373957766,41.92255401611328,2195199,0.0,0.0
2004-05-13 00:00:00+05:30,38.46969462639403,43.24788759465803,38.05116508537219,39.760154724121094,4025806,0.0,0.0
2004-05-14 00:00:00+05:30,40.24844017037182,40.24844017037182,31.808124542236328,31.808124542236328,4043957,0.0,0.0
2004-05-17 00:00:00+05:30,31.28496618666114,31.28496618666114,25.460452723806007,28.494779586791992,3315516,0.0,0.0
2004-05-18 00:00:00+05:30,29.296963736651506,33.30785758155022,25.80922995847871,32.749820709228516,2042346,0.0,0.0
2004-05-19 00:00:00+05:30,33.970521052971996,38.36506424318765,33.13346457366206,36.09803771972656,2178928,0.0,0.0
2004-05-20 00:00:00+05:30,36.90021993947864,38.29531328069251,35.92365353625718,36.37705993652344,1608793,0.0,0.0
2004-05-21 00:00:00+05:30,36.62120736466542,36.62120736466542,33.48224673340839,34.94709396362305,1540310,0.0,0.0
2004-05-24 00:00:00+05:30,36.51657326578666,36.51657326578666,34.668075875240056,34.91221618652344,953727,0.0,0.0
2004-05-25 00:00:00+05:30,35.88877909881571,35.88877909881571,33.58687546637814,35.016845703125,1789618,0.0,0.0
2004-05-26 00:00:00+05:30,35.57487604569416,35.784139490247725,33.90076316740751,34.17978286743164,662640,0.0,0.0
2004-05-27 00:00:00+05:30,34.38905014421466,34.52856000977335,32.29641014362233,33.06371307373047,1257868,0.0,0.0
2004-05-28 00:00:00+05:30,33.76126639817629,33.76126639817629,30.726936202402474,31.215219497680664,1396922,0.0,0.0
2004-05-31 00:00:00+05:30,29.64572976540479,29.64572976540479,25.216310029533574,26.053363800048828,2212410,0.0,0.0
2004-06-01 00:00:00+05:30,26.506773852382455,29.19232750726523,26.506773852382455,28.63429069519043,2384708,0.0,0.0
2004-06-02 00:00:00+05:30,28.599410794486,31.389597213460245,28.599410794486,31.00594711303711,2329975,0.0,0.0
2004-06-03 00:00:00+05:30,31.31984817885846,32.889328268114475,29.994508372448244,30.30840492248535,2490531,0.0,0.0
2004-06-04 00:00:00+05:30,30.83156051114714,31.00594716261185,28.738920693570577,30.587417602539062,1249792,0.0,0.0
2004-06-07 00:00:00+05:30,31.25009630571556,31.563992899889385,30.69205939436758,31.215219497680664,1087374,0.0,0.0
2004-06-08 00:00:00+05:30,31.38960295619227,31.843009396598003,31.040829590012358,31.563989639282227,773329,0.0,0.0
2004-06-09 00:00:00+05:30,32.78469582518118,34.35417594447177,32.78469582518118,34.040279388427734,3570773,0.0,0.0
2004-06-10 00:00:00+05:30,33.756605064640404,34.35940322614206,33.5438538862837,34.07573318481445,1296736,0.8,0.0
2004-06-11 00:00:00+05:30,34.11118911600552,34.74944531616873,31.91275590260394,32.23188400268555,724003,0.0,0.0
2004-06-14 00:00:00+05:30,28.366895258020243,31.345419801167957,28.366895258020243,30.42349624633789,808740,0.0,0.0
2004-06-15 00:00:00+05:30,31.097210674934743,31.558173846945216,29.749784650703994,30.81354331970215,1459784,0.0,0.0
2004-06-16 00:00:00+05:30,31.309968423568527,31.345426509173592,29.997997613953043,30.281667709350586,838126,0.0,0.0
2004-06-17 00:00:00+05:30,30.31711934630425,30.848998633081518,29.643405041997454,30.56532859802246,704918,0.0,0.0
2004-06-18 00:00:00+05:30,30.49441761551233,30.88446195093413,29.785245112825997,29.927080154418945,847515,0.0,0.0
2004-06-21 00:00:00+05:30,30.068915232562645,30.068915232562645,28.36690014193517,28.544193267822266,703222,0.0,0.0
2004-06-22 00:00:00+05:30,28.721483802795408,29.076070022583007,27.657725143432614,28.366897583007812,652211,0.0,0.0
2004-06-23 00:00:00+05:30,28.721485308652714,28.721485308652714,27.125847235949784,27.551349639892578,671475,0.0,0.0
2004-06-24 00:00:00+05:30,27.657723740106732,28.650566187247417,27.01946749476229,28.331438064575195,919064,0.0,0.0
2004-06-25 00:00:00+05:30,28.08322659710487,28.86331787802772,27.870475413317937,28.43781280517578,606269,0.0,0.0
2004-06-28 00:00:00+05:30,28.721483177769944,30.91991661050035,28.437813126001714,30.033451080322266,1018478,0.0,0.0
2004-06-29 00:00:00+05:30,30.210747165307737,31.345424778988153,30.210747165307737,31.026296615600586,1060445,0.0,0.0
2004-06-30 00:00:00+05:30,30.56532979657855,31.558172252939553,29.78524122749351,30.246204376220703,470465,0.0,0.0
2004-07-01 00:00:00+05:30,30.778087038229344,31.558175692332977,30.139830717396663,31.274505615234375,758891,0.0,0.0
2004-07-02 00:00:00+05:30,30.49441118138562,31.061748522774437,30.033448069788424,30.600788116455078,416333,0.0,0.0
2004-07-05 00:00:00+05:30,30.494411856828336,30.742621103784387,29.43065330368316,29.607946395874023,384326,0.0,0.0
2004-07-06 00:00:00+05:30,29.572494210064246,29.99799663398177,29.07607291197484,29.820703506469727,382964,0.0,0.0
2004-07-07 00:00:00+05:30,29.572493725129654,30.49441743201873,29.501574852120715,29.71432876586914,483832,0.0,0.0
2004-07-08 00:00:00+05:30,29.78524003462358,30.38803547702264,28.579646444547514,29.253360748291016,888638,0.0,0.0
2004-07-09 00:00:00+05:30,28.36689506098718,29.288818609413678,25.53020555488846,29.04060935974121,508417,0.0,0.0
2004-07-12 00:00:00+05:30,29.146986839425402,29.856159294937246,29.07607067598551,29.395198822021484,331714,0.0,0.0
2004-07-13 00:00:00+05:30,29.076070593467247,31.55817418071445,29.076070593467247,29.856159210205078,1820355,0.0,0.0
2004-07-14 00:00:00+05:30,29.962533155119406,30.848998633081518,29.78524005952698,30.56532859802246,929493,0.0,0.0
2004-07-15 00:00:00+05:30,31.132672042914443,31.700009469253843,30.2107456816749,31.451797485351562,814824,0.0,0.0
2004-07-16 00:00:00+05:30,31.735464156499056,32.905599671196235,31.026291773113602,32.58647155761719,1179924,0.0,0.0
2004-07-19 00:00:00+05:30,33.68568882636366,33.68568882636366,32.65738831060853,33.08289337158203,692833,0.0,0.0
2004-07-20 00:00:00+05:30,32.97651707460972,33.11835209770666,31.983674618209168,32.4091796875,376650,0.0,0.0
2004-07-21 00:00:00+05:30,32.62192731573693,33.11834848985804,31.948213058378116,32.302799224853516,290334,0.0,0.0
2004-07-22 00:00:00+05:30,32.62193023184691,34.00481694577428,32.55101407432366,33.08289337158203,894261,0.0,0.0
2004-07-23 00:00:00+05:30,33.331101541933805,33.65022965094408,31.948214873074587,32.62192916870117,1132636,0.0,0.0
2004-07-26 00:00:00+05:30,32.48009537752683,33.082893540667335,31.203585598638146,32.444637298583984,629891,0.0,0.0
2004-07-27 00:00:00+05:30,31.558176865118146,33.18927310585508,31.558176865118146,31.94822120666504,395403,0.0,0.0
2004-07-28 00:00:00+05:30,32.40918376071302,32.40918376071302,31.097213013774297,31.77092742919922,515173,0.0,0.0
2004-07-29 00:00:00+05:30,32.12551183800376,32.26734687079919,31.02629506807614,31.309965133666992,432324,0.0,0.0
2004-07-30 00:00:00+05:30,31.55817278948697,32.33826137183496,30.99083539275406,31.20358657836914,641004,0.0,0.0
2004-08-02 00:00:00+05:30,31.841844196385555,32.62193281195137,31.345422938626307,31.55817413330078,409192,0.0,0.0
2004-08-03 00:00:00+05:30,31.66454609463546,31.912755331771457,31.309959924282445,31.41633415222168,317177,0.0,0.0
2004-08-04 00:00:00+05:30,31.4872595256975,31.558175692332977,30.849003204864818,31.274505615234375,255425,0.0,0.0
2004-08-05 00:00:00+05:30,31.274505004822192,31.629091241635496,30.884460685383214,31.487258911132812,394294,0.0,0.0
2004-08-06 00:00:00+05:30,31.558174436349432,31.912760665971334,31.203588206727527,31.451797485351562,571362,0.0,0.0
2004-08-09 00:00:00+05:30,31.345423215546287,31.700009444895727,30.529873805931274,31.309965133666992,919541,0.0,0.0
2004-08-10 00:00:00+05:30,31.91275795766842,31.91275795766842,31.09720861663902,31.593629837036133,500156,0.0,0.0
2004-08-11 00:00:00+05:30,31.38087350059958,31.558166571224437,29.92707086253127,30.139822006225586,932236,0.0,0.0
2004-08-12 00:00:00+05:30,30.636247206921738,30.636247206921738,28.721481249249518,29.04060935974121,702519,0.0,0.0
2004-08-13 00:00:00+05:30,29.076070315326323,29.607949650362777,28.792400254528932,29.111528396606445,475316,0.0,0.0
2004-08-16 00:00:00+05:30,29.67886598482511,29.67886598482511,28.79240042129654,29.18244743347168,262744,0.0,0.0
2004-08-17 00:00:00+05:30,29.217901050405835,29.572487221635814,29.040607964790848,29.146982192993164,263387,0.0,0.0
2004-08-18 00:00:00+05:30,29.217904673410665,29.43065586147413,28.721483431077164,28.934234619140625,218033,0.0,0.0
2004-08-19 00:00:00+05:30,29.359740177412984,29.359740177412984,28.437813838700293,28.89877700805664,328839,0.0,0.0
2004-08-20 00:00:00+05:30,28.721484080734964,28.89877719234444,28.012311634297063,28.118688583374023,312275,0.0,0.0
2004-08-23 00:00:00+05:30,28.189601344848843,28.225059421837106,26.98400779030288,27.374052047729492,431585,0.0,0.0
2004-08-24 00:00:00+05:30,27.303139397405808,27.58680946026936,26.877637008388692,27.480432510375977,280980,0.0,0.0
2004-08-25 00:00:00+05:30,27.232220802453543,27.941393191004128,27.232220802453543,27.83501625061035,341049,0.0,0.0
2004-08-26 00:00:00+05:30,28.2605209974312,28.72148417117868,28.18960483467537,28.65056800842285,339497,0.0,0.0
2004-08-27 00:00:00+05:30,29.005152902311696,29.572490294169537,28.11868738213442,28.43781280517578,842360,0.0,0.0
2004-08-30 00:00:00+05:30,28.75694513288239,33.969364775863156,28.75694513288239,31.168132781982422,1607460,0.0,0.0
2004-08-31 00:00:00+05:30,31.487255600344046,31.841841799873695,30.84899935907947,31.593629837036133,995863,0.0,0.0
2004-09-01 00:00:00+05:30,31.629089263116793,32.97651796083193,31.168128807261287,32.799224853515625,990218,0.0,0.0
2004-09-02 00:00:00+05:30,32.97651873621107,33.11835376645472,32.26734629027105,32.65739059448242,1032195,0.0,0.0
2004-09-03 00:00:00+05:30,33.33110817191527,34.89128824442231,32.6219356576192,34.394866943359375,1668523,0.0,0.0
2004-09-06 00:00:00+05:30,34.74945029741239,34.962201492871515,33.86298472860085,34.32394790649414,1308327,0.0,0.0
2004-09-07 00:00:00+05:30,34.74945320050741,34.926746329081425,33.189273128000366,34.394866943359375,1046313,0.0,0.0
2004-09-08 00:00:00+05:30,34.71399511584829,34.820369369825634,33.86298755763732,34.394866943359375,632049,0.0,0.0
2004-09-09 00:00:00+05:30,33.75660628888954,34.749448764265516,33.26018775647966,33.898441314697266,737621,0.0,0.0
2004-09-10 00:00:00+05:30,33.89844060980938,34.04027563266777,32.621930814639946,32.870140075683594,498748,0.0,0.0
2004-09-13 00:00:00+05:30,32.905593914571504,32.905593914571504,31.735458604582064,32.267337799072266,461978,0.0,0.0
2004-09-14 00:00:00+05:30,32.267343989162065,33.756604937319885,31.700006613924707,33.543853759765625,635157,0.0,0.0
2004-09-15 00:00:00+05:30,33.40202138246937,33.82752647652268,32.8701420438614,33.260189056396484,554403,0.0,0.0
2004-09-16 00:00:00+05:30,33.36656584214467,35.38770910595191,33.15381463155401,34.96220397949219,1697776,0.0,0.0
2004-09-17 00:00:00+05:30,35.423160552978516,36.025955987586755,35.245867459825746,35.423160552978516,1568924,0.0,0.0
2004-09-20 00:00:00+05:30,35.63591520231467,35.63591520231467,34.04027720818117,34.28848648071289,569602,0.0,0.0
2004-09-21 00:00:00+05:30,34.04027344581279,34.217566536676394,33.47293609610481,33.82752227783203,402568,0.0,0.0
2004-09-22 00:00:00+05:30,34.182108584783975,35.10403211959659,33.96935741602381,34.82036209106445,622404,0.0,0.0
2004-09-23 00:00:00+05:30,35.033116289098004,35.742288661709075,34.46577622678682,35.423160552978516,962783,0.0,0.0
2004-09-24 00:00:00+05:30,35.4586202793405,36.025957662754344,35.387704120893034,35.67137145996094,670043,0.0,0.0
2004-09-27 00:00:00+05:30,35.10403390818784,36.52237871255906,35.10403390818784,36.309627532958984,624267,0.0,0.0
2004-09-28 00:00:00+05:30,36.486926206173244,36.735135502736135,35.88412794908295,36.09688186645508,450413,0.0,0.0
2004-09-29 00:00:00+05:30,36.16779708862305,36.38054829514751,35.35224764078785,36.16779708862305,511489,0.0,0.0
2004-09-30 00:00:00+05:30,35.88412333466394,37.05425890862654,35.88412333466394,36.69967269897461,413527,0.0,0.0
2004-10-01 00:00:00+05:30,36.52238104062231,36.87696726431767,35.174952308468654,35.884124755859375,249537,0.0,0.0
2004-10-04 00:00:00+05:30,36.096874848014615,36.876963375775624,35.245867459825746,35.423160552978516,386258,0.0,0.0
2004-10-05 00:00:00+05:30,36.02595975499941,37.798890871931256,34.96220108484031,37.58613967895508,1193207,0.0,0.0
2004-10-06 00:00:00+05:30,37.940728865415345,38.57898519946827,36.20325569407429,36.66421890258789,1072957,0.0,0.0
2004-10-07 00:00:00+05:30,36.38054427560886,37.302467872207515,36.38054427560886,36.80604934692383,513931,0.0,0.0
2004-10-08 00:00:00+05:30,36.8769705458914,37.19609871667115,35.990504907769015,36.09688186645508,464154,0.0,0.0
2004-10-11 00:00:00+05:30,36.13233806294164,36.876968619000415,35.95504494458107,36.238712310791016,431465,0.0,0.0
2004-10-12 00:00:00+05:30,36.80605006091125,36.80605006091125,33.65023221820514,33.9693603515625,1554103,0.0,0.0
2004-10-14 00:00:00+05:30,34.217568553944744,34.67853169947698,33.15380994605009,33.50839614868164,521752,0.0,0.0
2004-10-15 00:00:00+05:30,33.331102924962195,34.35940344987302,32.692846680458096,32.97651672363281,517056,0.0,0.0
2004-10-18 00:00:00+05:30,33.508397022684605,35.104034976145776,33.08289465053953,33.898441314697266,1097856,0.0,0.0
2004-10-19 00:00:00+05:30,34.04027497757757,34.182109997706405,33.18926756208253,33.543853759765625,398261,0.0,0.0
2004-10-20 00:00:00+05:30,33.402017843356745,34.00481598640987,33.08289243822748,33.15380859375,275054,0.0,0.0
2004-10-21 00:00:00+05:30,33.189270962053484,33.61477606602954,33.0474359273948,33.11835479736328,235963,0.0,0.0
2004-10-22 00:00:00+05:30,33.11835479736328,33.11835479736328,33.11835479736328,33.11835479736328,0,0.0,0.0
2004-10-25 00:00:00+05:30,32.97651348221233,33.18926464104202,31.91275498278613,32.302799224853516,236106,0.0,0.0
2004-10-26 00:00:00+05:30,32.48010080577245,33.15381523939336,31.98367950177397,32.69285202026367,422730,0.0,0.0
2004-10-27 00:00:00+05:30,32.97651759888924,33.68569002037073,32.51555444281503,33.36656188964844,399437,0.0,0.0
2004-10-28 00:00:00+05:30,33.6856916141999,35.600457783852164,33.6856916141999,35.31678771972656,1456245,0.0,0.0
2004-10-29 00:00:00+05:30,35.81321147935534,36.025962689662165,34.28848951247934,34.43032455444336,350137,0.0,0.0
2004-11-01 00:00:00+05:30,34.89128324110296,35.38770447098038,34.749448217526826,35.104034423828125,421314,0.0,0.0
2004-11-02 00:00:00+05:30,35.2104108983937,35.458620157384175,34.89128277592163,35.13949203491211,400715,0.0,0.0
2004-11-03 00:00:00+05:30,35.387703495530594,36.55783632090372,34.962198436531104,36.34508514404297,1228766,0.0,0.0
2004-11-04 00:00:00+05:30,36.73513042038672,39.92640627611047,36.20325111109942,39.42998504638672,4005265,0.0,0.0
2004-11-05 00:00:00+05:30,39.07539895338881,40.42282762293108,36.94788171007665,39.96186447143555,1762578,0.0,0.0
2004-11-08 00:00:00+05:30,40.42283296227951,40.77741921633459,39.18178107308672,40.38737487792969,967414,0.0,0.0
2004-11-09 00:00:00+05:30,40.4582894326956,40.91925262669016,38.43714894731892,38.898109436035156,519238,0.0,0.0
2004-11-10 00:00:00+05:30,39.075401089159904,40.06824360574995,38.8271918126515,39.71365737915039,630193,0.0,0.0
2004-11-11 00:00:00+05:30,40.15007287348657,40.65922289622325,39.27724465945861,39.71365737915039,278873,1.4,0.0
2004-11-12 00:00:00+05:30,40.004594960566564,40.73195123257687,39.78638863389227,40.04096221923828,172062,0.0,0.0
2004-11-15 00:00:00+05:30,40.04096221923828,40.04096221923828,40.04096221923828,40.04096221923828,0,0.0,0.0
2004-11-16 00:00:00+05:30,39.495442321472396,42.186660899286686,39.13176421027165,41.82298278808594,1041559,0.0,0.0
2004-11-17 00:00:00+05:30,40.73195153999836,44.368732927498215,40.73195153999836,44.077789306640625,1805853,0.0,0.0
2004-11-18 00:00:00+05:30,44.58693987307476,46.91448054822562,43.859583585505376,45.787078857421875,2051462,0.0,0.0
2004-11-19 00:00:00+05:30,45.82344356043689,46.40532800310097,43.27769669596818,43.49590301513672,1461957,0.0,0.0
2004-11-22 00:00:00+05:30,42.91401975735241,44.5505713582684,42.550341623815534,43.93231964111328,858755,0.0,0.0
2004-11-23 00:00:00+05:30,43.85958634584687,44.87788632238923,43.31406909583722,43.56864547729492,487713,0.0,0.0
2004-11-24 00:00:00+05:30,43.64137851043162,43.96868940418868,42.914022201924425,43.05949401855469,468032,0.0,0.0
2004-11-25 00:00:00+05:30,43.45953908445619,44.91425168979364,42.91402185745465,43.78684997558594,755035,0.0,0.0
2004-11-26 00:00:00+05:30,43.78684997558594,43.78684997558594,43.78684997558594,43.78684997558594,0,0.0,0.0
2004-11-29 00:00:00+05:30,44.25962883024292,46.55080223773926,44.25962883024292,46.1507568359375,1136890,0.0,0.0
2004-11-30 00:00:00+05:30,46.47807221557776,47.82368036308439,46.44170217809572,47.49637222290039,1757829,0.0,0.0
2004-12-01 00:00:00+05:30,49.09655132771212,49.09655132771212,47.27816053779686,47.78730773925781,1190751,0.0,0.0
2004-12-02 00:00:00+05:30,48.369194306600704,50.33305411136394,48.369194306600704,49.24201965332031,2212515,0.0,0.0
2004-12-03 00:00:00+05:30,49.9330069240436,51.82413203584497,49.02381162516913,50.07847595214844,1760761,0.0,0.0
2004-12-06 00:00:00+05:30,50.55125998831227,51.93323798993665,46.04165062867073,46.80537414550781,2401003,0.0,0.0
2004-12-07 00:00:00+05:30,49.09655061196312,49.82390691732554,46.73264261953526,49.24201965332031,1833007,0.0,0.0
2004-12-08 00:00:00+05:30,49.460231089815245,50.55126559914941,48.58740570206331,50.11485290527344,2346084,0.0,0.0
2004-12-09 00:00:00+05:30,50.36942703520842,50.914944295517536,48.95108437812013,50.442161560058594,1137298,0.0,0.0
2004-12-10 00:00:00+05:30,50.91494448044721,51.24225261810609,48.841979993601,49.46023178100586,1651640,0.0,0.0
2004-12-13 00:00:00+05:30,49.823905815814086,49.933010369064,48.36919323725017,48.58740234375,430596,0.0,0.0
2004-12-14 00:00:00+05:30,49.16928511764058,49.31475970824161,47.56910346604675,47.82367706298828,999018,0.0,0.0
2004-12-15 00:00:00+05:30,48.587403367126036,49.532963233535654,48.005516103729185,48.6237678527832,1392503,0.0,0.0
2004-12-16 00:00:00+05:30,48.44192798506215,49.278388831543765,48.369193465648124,48.841976165771484,438345,0.0,0.0
2004-12-17 00:00:00+05:30,49.27838817376572,50.69673070591534,48.369192820006205,50.296688079833984,962931,0.0,0.0
2004-12-20 00:00:00+05:30,50.33305760295832,50.47853220369527,49.096554017781486,49.96937942504883,564132,0.0,0.0
2004-12-21 00:00:00+05:30,54.551720123431394,54.551720123431394,49.60569527919178,51.860504150390625,1498545,0.0,0.0
2004-12-22 00:00:00+05:30,50.914939550538705,52.80606476684397,50.914939550538705,52.442386627197266,1711741,0.0,0.0
2004-12-23 00:00:00+05:30,52.73333678374419,54.1880495226061,51.71503675668311,53.824371337890625,2618458,0.0,0.0
2004-12-24 00:00:00+05:30,54.55172077532871,58.043033124664944,53.2061127727282,53.60615539550781,2059970,0.0,0.0
2004-12-27 00:00:00+05:30,52.44238989060786,54.51535430573392,52.44238989060786,53.533424377441406,983947,0.0,0.0
2004-12-28 00:00:00+05:30,56.00643209905886,56.00643209905886,52.58785989194834,53.933467864990234,696215,0.0,0.0
2004-12-29 00:00:00+05:30,54.006207317430494,54.18804639930736,53.13338194413687,53.78799819946289,513676,0.0,0.0
2004-12-30 00:00:00+05:30,53.82436677295704,55.133610346609125,51.060410583819625,54.66082763671875,1449437,0.0,0.0
2004-12-31 00:00:00+05:30,55.169977907351075,57.60662056423891,54.55172612116887,56.733795166015625,1696912,0.0,0.0
2005-01-03 00:00:00+05:30,57.24294947685562,59.097710614312824,56.73380218974031,58.697662353515625,1145921,0.0,0.0
2005-01-04 00:00:00+05:30,58.91585671387711,59.42500387317079,56.80652246241159,57.424774169921875,687530,0.0,0.0
2005-01-05 00:00:00+05:30,57.46114809117022,58.04303535484673,47.4599988980868,55.8245964050293,1134153,0.0,0.0
2005-01-06 00:00:00+05:30,55.279076807357015,56.515580253069544,51.27861730156144,54.15167236328125,1332147,0.0,0.0
2005-01-07 00:00:00+05:30,54.733566799679316,55.7518668267404,52.58786772957348,53.824371337890625,777167,0.0,0.0
2005-01-10 00:00:00+05:30,54.18804151145006,55.27907590429805,52.369650856703416,52.9515380859375,496269,0.0,0.0
2005-01-11 00:00:00+05:30,53.46068755641308,53.60615659535473,49.46022794334815,50.260318756103516,752490,0.0,0.0
2005-01-12 00:00:00+05:30,47.42362481563047,50.73309794041953,45.13245431536559,46.76900863647461,916020,0.0,0.0
2005-01-13 00:00:00+05:30,47.42363109848248,50.07848284655218,47.278162050350645,49.49660110473633,997473,0.0,0.0
2005-01-14 00:00:00+05:30,50.187576530925874,50.73309366713159,47.314521833290684,48.296451568603516,903253,0.0,0.0
2005-01-17 00:00:00+05:30,48.76924338980239,49.42385963721854,43.75048368078588,47.42362976074219,877225,0.0,0.0
2005-01-18 00:00:00+05:30,48.11462141101554,48.73287316972907,46.95085241532743,47.78730773925781,489123,0.0,0.0
2005-01-19 00:00:00+05:30,48.005523681640625,48.441936423434086,47.60547543124465,48.005523681640625,325284,0.0,0.0
2005-01-20 00:00:00+05:30,48.0055212346088,48.0055212346088,45.314302065012456,46.259864807128906,443812,0.0,0.0
2005-01-24 00:00:00+05:30,46.76901134294389,47.20542400406508,45.27792873905108,46.1507568359375,540493,0.0,0.0
2005-01-25 00:00:00+05:30,46.55080273385684,49.387493385308865,44.04142296905606,48.841976165771484,671755,0.0,0.0
2005-01-27 00:00:00+05:30,48.841977014943915,49.60569780600152,48.369194306600704,49.24201965332031,687422,0.0,0.0
2005-01-28 00:00:00+05:30,50.914942890240255,51.60592918117816,48.91471299098082,51.13315200805664,1445489,0.0,0.0
2005-01-31 00:00:00+05:30,50.98767060013702,52.00597043173481,48.47829382699215,49.933006286621094,1871806,0.0,0.0
2005-02-01 00:00:00+05:30,49.96937140642596,51.205880342467864,48.55102895989686,50.07847595214844,1710264,0.0,0.0
2005-02-02 00:00:00+05:30,49.823911800593315,53.38795915604096,49.71480723423791,52.29692459106445,1802123,0.0,0.0
2005-02-03 00:00:00+05:30,52.369649325865794,52.55148838602505,50.187580603954714,50.69672775268555,1466029,0.0,0.0
2005-02-04 00:00:00+05:30,52.29691808334806,52.62422619239598,50.914940029823796,51.35135269165039,1049523,0.0,0.0
2005-02-07 00:00:00+05:30,51.64229231682758,52.733326661549285,49.605692653632,49.933006286621094,1281475,0.0,0.0
2005-02-08 00:00:00+05:30,50.47853078918762,50.91494348059215,50.18758714515512,50.660369873046875,492596,0.0,0.0
2005-02-09 00:00:00+05:30,51.133150218384,51.933241040226726,49.09655035434053,49.78753662109375,655113,0.0,0.0
2005-02-10 00:00:00+05:30,50.29668872857436,50.76947142848499,49.16928425565577,49.642066955566406,492383,0.0,0.0
2005-02-11 00:00:00+05:30,50.18758916571432,50.369428256894444,48.73287643627332,48.87834548950195,449207,0.0,0.0
2005-02-14 00:00:00+05:30,49.42385787037182,49.605696943550946,47.78730621175966,48.841976165771484,561250,0.0,0.0
2005-02-15 00:00:00+05:30,47.78730716471616,49.46022889104017,47.13269092764769,48.26008987426758,580691,0.0,0.0
2005-02-16 00:00:00+05:30,48.587400171497364,49.02381281569772,47.67820485054335,47.96914291381836,441370,0.0,0.0
2005-02-17 00:00:00+05:30,48.732873694918865,48.732873694918865,45.85981566096123,46.07802200317383,1171345,0.0,0.0
2005-02-18 00:00:00+05:30,46.55080764004795,48.150989432959115,46.07802489009597,47.714576721191406,817295,0.0,0.0
2005-02-21 00:00:00+05:30,48.29646383120347,48.29646383120347,46.62354196903174,46.84175109863281,449509,0.0,0.0
2005-02-22 00:00:00+05:30,47.24179366888084,49.31476374776519,46.91448552447208,48.87834548950195,1931614,0.0,0.0
2005-02-23 00:00:00+05:30,49.71480580236263,50.551266721277464,49.09655400987379,49.35112762451172,1734642,0.0,0.0
2005-02-24 00:00:00+05:30,49.78753259832699,49.78753259832699,48.223721115788,48.551029205322266,633017,0.0,0.0
2005-02-25 00:00:00+05:30,49.16928584945107,49.16928584945107,47.27816053779686,47.78730773925781,526487,0.0,0.0
2005-02-28 00:00:00+05:30,48.15098411265736,50.00574486934466,47.423627823648715,49.38749313354492,1047605,0.0,0.0
2005-03-01 00:00:00+05:30,50.04211865220615,50.5512658729376,48.15098771968703,48.95108413696289,1531306,0.0,0.0
2005-03-02 00:00:00+05:30,48.732874974682055,51.169517613558455,48.6237704133885,50.98767852783203,2671493,0.0,0.0
2005-03-03 00:00:00+05:30,51.46045692930831,52.00597414057306,50.914939718043556,51.27861785888672,1535342,0.0,0.0
2005-03-04 00:00:00+05:30,52.478758759831464,56.188274822737036,52.26054964760068,55.27907943725586,4740974,0.0,0.0
2005-03-07 00:00:00+05:30,56.58831396835968,59.67957778496302,56.5155739097156,57.933921813964844,6976422,0.0,0.0
2005-03-08 00:00:00+05:30,58.47943895807131,60.07962036106869,56.62467844839437,57.933921813964844,4114642,0.0,0.0
2005-03-09 00:00:00+05:30,58.55218437809329,62.843587821252214,57.93393260942452,59.20680618286133,7102217,0.0,0.0
2005-03-10 00:00:00+05:30,59.57047979562485,61.825283129306676,59.46137524495083,61.6434440612793,5304341,0.0,0.0
2005-03-11 00:00:00+05:30,61.89802551269531,65.4984428467531,61.20703918609556,61.89802551269531,6805600,0.0,0.0
2005-03-14 00:00:00+05:30,62.11622771024472,63.13452761682999,60.225102483322395,61.06155776977539,2106609,0.0,0.0
2005-03-15 00:00:00+05:30,61.60707067864966,61.752545254735516,58.18849860530317,58.58854675292969,2323765,0.0,0.0
2005-03-16 00:00:00+05:30,59.13406929883856,60.1159991921398,58.18850389089623,58.3339729309082,1285357,0.0,0.0
2005-03-17 00:00:00+05:30,58.55218646628729,59.20680829440163,56.77016561963745,57.242942810058594,1175753,0.0,0.0
2005-03-18 00:00:00+05:30,57.53387902124078,57.67935360272525,55.64275385624556,56.697418212890625,1605386,0.0,0.0
2005-03-21 00:00:00+05:30,56.84290290112445,58.37035020792259,56.5883292748729,57.824832916259766,1655037,0.0,0.0
2005-03-22 00:00:00+05:30,58.261247272897656,58.261247272897656,55.86097445187065,56.3337516784668,1924928,0.0,0.0
2005-03-23 00:00:00+05:30,56.73379013842255,56.73379013842255,50.98767438634009,51.715030670166016,1848974,0.0,0.0
2005-03-24 00:00:00+05:30,52.73333181375837,56.988365064045375,50.987675581790114,55.751861572265625,3642586,0.0,0.0
2005-03-28 00:00:00+05:30,56.697427769816656,57.78846234305974,49.86028221692438,52.80607223510742,1923573,0.0,0.0
2005-03-29 00:00:00+05:30,53.09701169256566,55.46091974737167,52.29692084541207,53.533424377441406,2851809,0.0,0.0
2005-03-30 00:00:00+05:30,53.78800534521828,54.1880535982093,52.515131602978464,53.460697174072266,1505846,0.0,0.0
2005-03-31 00:00:00+05:30,54.55172273528466,55.933700821102846,53.824366432147535,55.38818359375,1277332,0.0,0.0
2005-04-01 00:00:00+05:30,56.22464099360512,56.37011002556886,54.40625034761903,56.079166412353516,1078235,0.0,0.0
2005-04-04 00:00:00+05:30,56.733783844978575,57.097461946548954,55.460910489482266,56.3701057434082,861481,0.0,0.0
2005-04-05 00:00:00+05:30,56.551949956814646,56.66105450710339,53.1697421935913,54.07893753051758,1114664,0.0,0.0
2005-04-06 00:00:00+05:30,54.733563611982966,54.733563611982966,52.660599189692455,53.16974639892578,1042198,0.0,0.0
2005-04-07 00:00:00+05:30,54.11531499552075,54.733566799679316,53.31522409900444,53.824371337890625,858806,0.0,0.0
2005-04-08 00:00:00+05:30,54.33351464293426,54.33351464293426,52.369654807373095,52.58786392211914,1032772,0.0,0.0
2005-04-11 00:00:00+05:30,52.87879896999685,53.06063803873726,51.35135190243498,51.56956100463867,692165,0.0,0.0
2005-04-12 00:00:00+05:30,51.82414295400379,52.551499346340684,51.56956932654365,52.151451110839844,459791,0.0,0.0
2005-04-13 00:00:00+05:30,52.660594868133536,54.04257288601218,52.4060212844083,53.64252471923828,649953,0.0,0.0
2005-04-15 00:00:00+05:30,53.0970129320138,53.0970129320138,48.84197944389505,51.169517517089844,983779,0.0,0.0
2005-04-18 00:00:00+05:30,51.27861943769956,51.27861943769956,49.132920560376355,49.423858642578125,792819,0.0,0.0
2005-04-19 00:00:00+05:30,49.75117473549538,51.205887414607595,49.75117473549538,50.11485290527344,763210,0.0,0.0
2005-04-20 00:00:00+05:30,50.69673401600327,53.09701212636241,49.16928683181491,52.005977630615234,1433836,0.0,0.0
2005-04-21 00:00:00+05:30,51.64229482012313,52.951538316968175,50.18758228997882,52.40602111816406,1523482,0.0,0.0
2005-04-22 00:00:00+05:30,52.80606350398503,53.42431521674131,52.187811791228754,52.9515380859375,1005675,0.0,0.0
2005-04-25 00:00:00+05:30,52.806067528408605,53.569793881322,52.1878157685345,53.20611572265625,890799,0.0,0.0
2005-04-26 00:00:00+05:30,53.67890795628265,56.7338028110057,53.09702057953098,55.67913818359375,1225794,0.0,0.0
2005-04-27 00:00:00+05:30,56.58832185402546,59.17043336637805,55.206343786517586,56.22464370727539,6463976,0.0,0.0
2005-04-28 00:00:00+05:30,56.22465719519452,56.479230849132456,52.806078466076855,53.31523132324219,2136011,0.0,0.0
2005-04-29 00:00:00+05:30,53.46069132353274,53.46069132353274,50.91494411765023,51.42409133911133,1223673,0.0,0.0
2005-05-02 00:00:00+05:30,51.42408941562111,53.678898438779385,50.33305493962388,53.20611572265625,1575508,0.0,0.0
2005-05-03 00:00:00+05:30,52.73333380460686,53.678899251163436,52.00597747626745,52.98790740966797,1150703,0.0,0.0
2005-05-04 00:00:00+05:30,52.36965462675062,54.87903169123378,52.36965462675062,54.3698844909668,1026995,0.0,0.0
2005-05-05 00:00:00+05:30,54.915396981683955,56.915626673069795,54.18804073027092,56.55194854736328,1701523,0.0,0.0
2005-05-06 00:00:00+05:30,61.82529656047995,61.82529656047995,56.29738880140076,58.115779876708984,2038053,0.0,0.0
2005-05-09 00:00:00+05:30,58.188503663112684,58.69765085044966,57.57025192154975,58.07939910888672,1144783,0.0,0.0
2005-05-10 00:00:00+05:30,58.11576497617271,58.11576497617271,57.09746512522829,57.20656967163086,737750,0.0,0.0
2005-05-11 00:00:00+05:30,56.95200000077553,57.02473452026791,55.42454734499475,56.22464370727539,441883,0.0,0.0
2005-05-12 00:00:00+05:30,57.035231788112874,57.10891959221514,55.48776541388892,55.89305114746094,468586,1.0,0.0
2005-05-13 00:00:00+05:30,55.85620833865419,56.15095954599868,54.824562246891766,55.52460479736328,667742,0.0,0.0
2005-05-16 00:00:00+05:30,55.9298818607978,56.96152768916641,55.45090283812479,56.666770935058594,752838,0.0,0.0
2005-05-17 00:00:00+05:30,56.7773122879991,57.366820245500136,55.340375046177904,55.6351318359375,366446,0.0,0.0
2005-05-18 00:00:00+05:30,54.89824573510277,56.372024144098816,53.792911928355736,55.56144714355469,415076,0.0,0.0
2005-05-19 00:00:00+05:30,56.22464558596589,56.445708962442374,55.45090971325276,55.74566650390625,344632,0.0,0.0
2005-05-20 00:00:00+05:30,55.85620273482577,55.85620273482577,54.60348774121593,55.15615463256836,348438,0.0,0.0
2005-05-23 00:00:00+05:30,55.450907049937285,55.598282627176474,54.898240202263494,55.192996978759766,224062,0.0,0.0
2005-05-24 00:00:00+05:30,55.45090900117041,55.78250687263595,54.97192992526166,55.67197799682617,290521,0.0,0.0
2005-05-25 00:00:00+05:30,55.7456595922326,57.73525784392976,55.561437323667406,56.666770935058594,604795,0.0,0.0
2005-05-26 00:00:00+05:30,57.47735418061517,58.21424333677691,55.45090900117041,55.67197799682617,641342,0.0,0.0
2005-05-27 00:00:00+05:30,55.708817345944425,57.808950251176974,55.63512955702745,56.74046325683594,835041,0.0,0.0
2005-05-30 00:00:00+05:30,56.74047320472547,57.108917835924984,55.487763707454675,55.52460479736328,227905,0.0,0.0
2005-05-31 00:00:00+05:30,55.63512652475333,57.10890471083951,55.63512652475333,56.81414794921875,354867,0.0,0.0
2005-06-01 00:00:00+05:30,56.924692826409164,57.47735974705392,55.78251227493589,55.929893493652344,203939,0.0,0.0
2005-06-02 00:00:00+05:30,56.44571338102329,56.51940117895041,55.15615724023351,55.708824157714844,454590,0.0,0.0
2005-06-03 00:00:00+05:30,55.78251211560506,56.187803438394376,55.19300410847899,55.819358825683594,420912,0.0,0.0
2005-06-06 00:00:00+05:30,56.00357868709289,58.803759870254886,55.819356388780086,58.36162185668945,1229138,0.0,0.0
2005-06-07 00:00:00+05:30,58.95113072967284,60.42490899791466,58.39846387908216,59.9827766418457,1983177,0.0,0.0
2005-06-08 00:00:00+05:30,60.42490556862116,64.14619773354451,60.42490556862116,63.81459426879883,2780077,0.0,0.0
2005-06-09 00:00:00+05:30,63.37246892485426,64.69887168604222,61.93553728524916,62.893489837646484,1607348,0.0,0.0
2005-06-10 00:00:00+05:30,63.372474923223656,63.372474923223656,59.651181995784995,60.01962661743164,1544943,0.0,0.0
2005-06-13 00:00:00+05:30,60.05645789175531,61.01441591061477,59.35641553937,60.756500244140625,513152,0.0,0.0
2005-06-14 00:00:00+05:30,60.867033810613975,61.49338837258783,59.90908142818845,60.5722770690918,617386,0.0,0.0
2005-06-15 00:00:00+05:30,60.42490864717097,61.08810998843375,59.39326274098643,59.7617073059082,489025,0.0,0.0
2005-06-16 00:00:00+05:30,59.688022346643464,60.35122371934313,58.36161960124412,58.987979888916016,402817,0.0,0.0
2005-06-17 00:00:00+05:30,59.31957834034039,59.31957834034039,56.77731294599023,57.51420211791992,483372,0.0,0.0
2005-06-20 00:00:00+05:30,58.17739315956158,58.84059448494717,56.077260314188685,56.48255157470703,291623,0.0,0.0
2005-06-21 00:00:00+05:30,56.887834828224456,57.58788282867824,56.077257963188394,56.62992477416992,581387,0.0,0.0
2005-06-22 00:00:00+05:30,57.10891319054987,58.73006718715165,55.85620379517745,56.408870697021484,1034801,0.0,0.0
2005-06-23 00:00:00+05:30,56.593092997636155,57.99317798469294,56.00357938686181,56.408870697021484,983930,0.0,0.0
2005-06-24 00:00:00+05:30,56.37201618530081,57.07205858193212,56.0772594207127,56.2983283996582,725006,0.0,0.0
2005-06-27 00:00:00+05:30,56.519386818391226,57.03521251685628,55.63512222390426,56.00356674194336,474543,0.0,0.0
2005-06-28 00:00:00+05:30,56.37202291794736,56.445710712390685,54.898244541007564,55.15615463256836,816877,0.0,0.0
2005-06-29 00:00:00+05:30,55.45090285760049,55.45090285760049,53.86659022297984,54.1245002746582,562957,0.0,0.0
2005-06-30 00:00:00+05:30,54.75086837169302,55.63513313967525,52.687576417043445,54.235042572021484,1469870,0.0,0.0
2005-07-01 00:00:00+05:30,55.26668949384167,58.914288751627865,53.79291110733922,58.36162185668945,1573167,0.0,0.0
2005-07-04 00:00:00+05:30,58.50899958739251,58.80375637155928,57.66157594116979,58.58268737792969,835178,0.0,0.0
2005-07-05 00:00:00+05:30,58.95112888785499,58.95112888785499,56.74046155456043,57.8089485168457,386520,0.0,0.0
2005-07-06 00:00:00+05:30,57.84580770715595,62.340831130696756,57.32998746685514,61.30918502807617,1986383,0.0,0.0
2005-07-07 00:00:00+05:30,61.89869133779936,62.451358224744,57.993176421249935,59.13535690307617,2113967,0.0,0.0
2005-07-08 00:00:00+05:30,60.203841792353465,61.89868909984699,60.203841792353465,61.78815460205078,1230880,0.0,0.0
2005-07-11 00:00:00+05:30,62.635586740531515,62.635586740531515,59.798564230217096,60.31438446044922,513087,0.0,0.0
2005-07-12 00:00:00+05:30,60.31437629014967,62.267133677822265,59.68802163199531,61.78815460205078,1103839,0.0,0.0
2005-07-13 00:00:00+05:30,62.26712801391982,62.26712801391982,60.86703762056427,61.41970443725586,908009,0.0,0.0
2005-07-14 00:00:00+05:30,61.898692757434645,63.29878336087555,61.27233806226905,61.6776237487793,1554268,0.0,0.0
2005-07-15 00:00:00+05:30,61.82501430821554,62.70927923247785,61.714479787177936,62.046077728271484,1137373,0.0,0.0
2005-07-18 00:00:00+05:30,62.78295383818042,62.81980054478519,61.38286893948884,61.78815460205078,591407,0.0,0.0
2005-07-19 00:00:00+05:30,61.8986783652538,62.48819183658688,61.01441378027131,61.86183166503906,694646,0.0,0.0
2005-07-20 00:00:00+05:30,61.89868971688845,62.709266672110736,58.95113306370328,61.272335052490234,1319690,0.0,0.0
2005-07-21 00:00:00+05:30,61.53024631277572,62.34082328351044,60.277536960005555,60.719669342041016,599144,0.0,0.0
2005-07-22 00:00:00+05:30,60.79335003987019,61.16179458556637,60.09330765185448,60.68281555175781,1068968,0.0,0.0
2005-07-25 00:00:00+05:30,61.198649261503625,66.20949236254108,60.86704575396736,65.69367218017578,3016779,0.0,0.0
2005-07-26 00:00:00+05:30,66.24633318134873,67.05691009101234,65.36206286188292,66.0621109008789,4793704,0.0,0.0
2005-07-27 00:00:00+05:30,65.80420684814453,66.50424932911737,64.95678315611221,65.80420684814453,776399,0.0,0.0
2005-07-28 00:00:00+05:30,65.80420684814453,65.80420684814453,65.80420684814453,65.80420684814453,0,0.0,0.0
2005-07-29 00:00:00+05:30,65.95158168455814,66.94638095427909,63.37246955164245,64.7725601196289,2736631,0.0,0.0
2005-08-01 00:00:00+05:30,64.4041081213509,65.50944176546328,63.70406010686916,64.88308715820312,735051,0.0,0.0
2005-08-02 00:00:00+05:30,65.50945874264326,66.28318912082833,64.84625725989956,65.1410140991211,650489,0.0,0.0
2005-08-03 00:00:00+05:30,65.21469652687095,65.87789795493777,63.37247346114013,63.925140380859375,465659,0.0,0.0
2005-08-04 00:00:00+05:30,64.21989124292155,64.21989124292155,62.5250439307455,63.33562088012695,856094,0.0,0.0
2005-08-05 00:00:00+05:30,63.556692683327064,64.84624876675689,62.67242790349682,63.99882507324219,1385428,0.0,0.0
2005-08-08 00:00:00+05:30,64.3304243698673,64.40411215969172,61.89868795153549,62.3408203125,1791721,0.0,0.0
2005-08-09 00:00:00+05:30,62.1197539813096,62.37766404440755,59.68801767891701,60.240684509277344,792173,0.0,0.0
2005-08-10 00:00:00+05:30,60.719666448290795,62.63557709381568,60.719666448290795,62.3408203125,515414,0.0,0.0
2005-08-11 00:00:00+05:30,62.56189906106528,63.15140709361756,61.56709968824299,61.97238540649414,331828,0.0,0.0
2005-08-12 00:00:00+05:30,62.41449967608386,62.41449967608386,60.3512137294631,60.5722770690918,541009,0.0,0.0
2005-08-16 00:00:00+05:30,61.12494958924079,63.37246362956141,60.79335173766066,62.74610900878906,662093,0.0,0.0
2005-08-17 00:00:00+05:30,63.298779335639274,67.05691288966759,62.635577973865324,65.7673568725586,2950301,0.0,0.0
2005-08-18 00:00:00+05:30,66.32001548901215,66.65161331765027,62.782945747457894,64.95677185058594,1667548,0.0,0.0
2005-08-19 00:00:00+05:30,64.95677020888134,65.17783354838052,63.74090216457559,64.69886016845703,632969,0.0,0.0
2005-08-22 00:00:00+05:30,65.58312265263046,65.58312265263046,62.70925435580842,63.37245559692383,474277,0.0,0.0
2005-08-23 00:00:00+05:30,63.37247723331734,63.92514418593348,60.867052590387054,61.30918502807617,560880,0.0,0.0
2005-08-24 00:00:00+05:30,60.940732266225325,62.1934472316437,60.53544659489856,61.34602355957031,2111011,0.0,0.0
2005-08-25 00:00:00+05:30,63.37246909336737,64.84624744437592,61.41971165387741,63.004024505615234,2398241,0.0,0.0
2005-08-26 00:00:00+05:30,62.9671796372604,65.5831385355182,62.37767165284881,64.91993713378906,1128368,0.0,0.0
2005-08-29 00:00:00+05:30,65.28838765827714,65.28838765827714,62.856656460576,63.96199035644531,468151,0.0,0.0
2005-08-30 00:00:00+05:30,64.10934993838954,64.62517004540865,63.372460858637936,63.51983642578125,621796,0.0,0.0
2005-08-31 00:00:00+05:30,64.25673777189748,66.68847444809398,63.74091756641027,65.50945281982422,2653038,0.0,0.0
2005-09-01 00:00:00+05:30,66.32001476799465,66.32001476799465,65.50943793412262,66.20948028564453,935768,0.0,0.0
2005-09-02 00:00:00+05:30,66.50425305099797,66.68847535861846,64.44096095684098,64.7357177734375,693940,0.0,0.0
2005-09-05 00:00:00+05:30,64.62517680327507,65.76735724513507,63.92513435311449,64.18304443359375,381935,0.0,0.0
2005-09-06 00:00:00+05:30,65.03047754031141,65.03047754031141,63.446164498494944,63.96199035644531,216473,0.0,0.0
2005-09-08 00:00:00+05:30,64.69887631727377,64.69887631727377,63.66723027606079,63.925140380859375,187709,0.0,0.0
2005-09-09 00:00:00+05:30,63.92512798107194,66.32001750197665,63.37246116855547,65.91472625732422,1386731,0.0,0.0
2005-09-12 00:00:00+05:30,66.39370736629206,70.00446511227616,66.02526281306956,68.19908905029297,1903116,0.0,0.0
2005-09-13 00:00:00+05:30,69.23073268404781,71.33087123763491,67.86748889492526,71.10980224609375,3029319,0.0,0.0
2005-09-14 00:00:00+05:30,71.47825215925957,72.76780825491632,68.16225077042793,69.82025146484375,2118061,0.0,0.0
2005-09-15 00:00:00+05:30,73.68891868150345,73.68891868150345,69.63602815402076,70.48345184326172,831713,0.0,0.0
2005-09-16 00:00:00+05:30,70.74134934793307,71.47823840364072,69.78339132670621,70.18868255615234,727017,0.0,0.0
2005-09-19 00:00:00+05:30,71.77300792018804,71.77300792018804,69.45180585731701,70.48345184326172,659405,0.0,0.0
2005-09-20 00:00:00+05:30,71.29402806208684,71.29402806208684,68.93598493829799,69.4518051147461,740390,0.0,0.0
2005-09-21 00:00:00+05:30,69.70970963667634,70.0044664091183,61.088109180360476,68.23593139648438,1538381,0.0,0.0
2005-09-22 00:00:00+05:30,67.79379039040369,68.49383271628035,63.18823397801213,65.03045654296875,1984445,0.0,0.0
2005-09-23 00:00:00+05:30,65.03047106438972,66.0989581418528,62.746115698146276,63.99882507324219,1340519,0.0,0.0
2005-09-26 00:00:00+05:30,63.59353951339086,67.31482655948629,63.59353951339086,66.5042495727539,527623,0.0,0.0
2005-09-27 00:00:00+05:30,67.05690528786032,68.78859347583564,66.02525946672053,68.05170440673828,924239,0.0,0.0
2005-09-28 00:00:00+05:30,68.82544941358874,68.89913720598294,67.27798328523768,67.7201156616211,456551,0.0,0.0
2005-09-29 00:00:00+05:30,67.72011843697572,69.23073792002988,66.0252710323586,67.42536163330078,901538,0.0,0.0
2005-09-30 00:00:00+05:30,67.79379811006433,69.63602088479435,66.35686659458203,68.89913177490234,679318,0.0,0.0
2005-10-03 00:00:00+05:30,69.89393173659225,70.66766755950634,67.8674866615502,68.12539672851562,675479,0.0,0.0
2005-10-04 00:00:00+05:30,67.79380388157341,69.82024910629436,67.49904708811945,68.53069305419922,809989,0.0,0.0
2005-10-05 00:00:00+05:30,68.5306928862571,69.59917993513878,68.16224830084712,68.42015838623047,484873,0.0,0.0
2005-10-06 00:00:00+05:30,66.68846057348887,68.3464609744872,66.68846057348887,67.94116973876953,1139271,0.0,0.0
2005-10-07 00:00:00+05:30,67.79379454462747,67.94117011004795,65.65681511392594,66.46739196777344,1623694,0.0,0.0
2005-10-10 00:00:00+05:30,67.05691996535211,67.94118479301082,66.32003073496362,67.24114227294922,1296377,0.0,0.0
2005-10-11 00:00:00+05:30,67.4253601162489,70.74136143344147,66.57793643300714,70.15184783935547,1218458,0.0,0.0
2005-10-13 00:00:00+05:30,70.33606296136934,70.33606296136934,67.79379779294113,68.19908905029297,842392,0.0,0.0
2005-10-14 00:00:00+05:30,68.53069559681968,68.97282799239548,66.17265240573649,67.53589630126953,611921,0.0,0.0
2005-10-17 00:00:00+05:30,68.01486851166607,68.01486851166607,65.61997885452314,66.76215362548828,285878,0.0,0.0
2005-10-18 00:00:00+05:30,67.20429414339826,68.16225237148053,66.6884739418269,67.09376525878906,460404,0.0,0.0
2005-10-19 00:00:00+05:30,66.87268996238708,66.87268996238708,64.18304345657617,64.84624481201172,866701,0.0,0.0
2005-10-20 00:00:00+05:30,64.8462501415308,66.50425085537675,62.672429232184605,63.55669403076172,589495,0.0,0.0
2005-10-21 00:00:00+05:30,64.47780603363599,64.47780603363599,62.046069385845726,62.93033981323242,623771,0.0,0.0
2005-10-24 00:00:00+05:30,63.372470385694236,66.68847174308522,63.00402579042857,63.99882507324219,1090206,0.0,0.0
2005-10-25 00:00:00+05:30,64.8093906651777,66.24632770731672,64.36725835298776,64.95677185058594,478011,0.0,0.0
2005-10-26 00:00:00+05:30,65.73051192903046,66.32002551575557,64.73571267069777,66.13580322265625,975911,0.0,0.0
2005-10-27 00:00:00+05:30,66.43056664067393,68.67807546740303,65.95158750644681,67.38851928710938,2106957,0.0,0.0
2005-10-28 00:00:00+05:30,67.7569500453435,67.7569500453435,65.8041984409511,67.0569076538086,1127671,0.0,0.0
2005-10-31 00:00:00+05:30,65.50945339509448,67.72012107577021,60.60913891185955,67.02007293701172,810702,0.0,0.0
2005-11-02 00:00:00+05:30,67.72010973237953,67.72010973237953,65.80419918778702,66.28317260742188,832742,0.0,0.0
2005-11-04 00:00:00+05:30,66.28317260742188,66.28317260742188,66.28317260742188,66.28317260742188,0,0.0,0.0
2005-11-07 00:00:00+05:30,67.05690400865343,67.05690400865343,65.98841712765214,66.32001495361328,849455,0.0,0.0
2005-11-08 00:00:00+05:30,66.68847503371781,67.79380887405567,66.24634262198639,67.02007293701172,1091229,0.0,0.0
2005-11-09 00:00:00+05:30,67.35167107763188,69.04651279077135,67.05691428603687,67.7201156616211,1026190,0.0,0.0
2005-11-10 00:00:00+05:30,68.38330532325574,68.97281318344582,68.12538966102927,68.45699310302734,344511,0.0,0.0
2005-11-11 00:00:00+05:30,68.89913764051211,69.41495781254288,68.16224846788631,68.53069305419922,722680,0.0,0.0
2005-11-14 00:00:00+05:30,69.15703525435936,69.15703525435936,67.20427817466852,68.3464584350586,430675,0.0,0.0
2005-11-16 00:00:00+05:30,68.53069620602027,74.3521220619031,68.53069620602027,73.94683074951172,1842307,0.0,0.0
2005-11-17 00:00:00+05:30,75.052149230612,75.052149230612,71.99405852375087,72.36250305175781,1732204,0.0,0.0
2005-11-18 00:00:00+05:30,72.95202837506922,73.24678516967516,71.18349322945177,71.62562561035156,491626,0.0,0.0
2005-11-21 00:00:00+05:30,70.74136440094668,72.03092052283893,69.5623427853346,69.9676284790039,346798,0.0,0.0
2005-11-22 00:00:00+05:30,65.25153262451292,69.82024283566491,65.25153262451292,68.19908905029297,1138082,0.0,0.0
2005-11-23 00:00:00+05:30,68.30962192794969,70.07815701162208,66.90953704114301,69.7465591430664,766281,0.0,0.0
2005-11-24 00:00:00+05:30,70.00446742977897,70.29922420651847,69.08335601622925,69.37811279296875,338373,0.0,0.0
2005-11-25 00:00:00+05:30,69.45179945176089,71.25717554414011,69.45179945176089,69.93077850341797,287699,0.0,0.0
2005-11-28 00:00:00+05:30,70.44659960697939,70.55713410073137,69.0096680542573,69.267578125,380167,0.0,0.0
2005-11-29 00:00:00+05:30,69.26757376825235,69.63601830957283,68.7149069562716,69.3044204711914,442321,0.0,0.0
2005-11-30 00:00:00+05:30,69.48864498657174,69.96761840814683,67.42535323971862,68.19908905029297,646748,0.0,0.0
2005-12-01 00:00:00+05:30,68.23594478364355,68.78861173214285,67.09376979662301,67.75696563720703,524605,0.0,0.0
2005-12-02 00:00:00+05:30,70.37291017526589,71.88353510322791,68.6043751825834,69.0096664428711,946458,0.0,0.0
2005-12-05 00:00:00+05:30,69.26758542927274,69.5623422363542,68.60438401884409,69.04651641845703,199708,0.0,0.0
2005-12-06 00:00:00+05:30,69.12020043334924,69.12020043334924,67.86748557918209,68.19908905029297,115431,0.0,0.0
2005-12-07 00:00:00+05:30,68.71490623314614,69.04650406803798,68.30961499315168,68.8622817993164,229678,0.0,0.0
2005-12-08 00:00:00+05:30,69.5623396159902,69.63602740948018,68.89913823054387,69.4518051147461,254176,0.0,0.0
2005-12-09 00:00:00+05:30,69.63602916546422,70.07816155957141,69.04651555864234,69.82025146484375,245131,0.0,0.0
2005-12-12 00:00:00+05:30,68.6780584513227,70.15183657793492,68.27277283971476,68.93597412109375,158986,0.0,0.0
2005-12-13 00:00:00+05:30,69.23073926649404,70.92558670407414,68.53069676341708,69.9676284790039,476538,0.0,0.0
2005-12-14 00:00:00+05:30,70.00445922215779,71.92036961330814,70.00445922215779,70.74134826660156,479346,0.0,0.0
2005-12-15 00:00:00+05:30,71.40456317978985,71.40456317978985,67.13060365625351,67.97802734375,549682,0.0,0.0
2005-12-16 00:00:00+05:30,68.45699960903393,69.48864548993352,68.05170834874623,69.0096664428711,553510,0.0,0.0
2005-12-19 00:00:00+05:30,69.63602173147378,70.07815407838116,69.267577172048,69.93077850341797,493943,0.0,0.0
2005-12-20 00:00:00+05:30,70.88873793194504,71.77300833443779,65.58313800506198,71.29402923583984,989814,0.0,0.0
2005-12-21 00:00:00+05:30,71.84668861843163,72.0677576014493,70.74135494737884,71.40455627441406,745087,0.0,0.0
2005-12-22 00:00:00+05:30,71.47824370703283,71.84668826222372,71.10979915184194,71.18348693847656,520701,0.0,0.0
2005-12-23 00:00:00+05:30,72.2151363084293,73.13624774093478,70.81504580661738,71.33087158203125,460841,0.0,0.0
2005-12-26 00:00:00+05:30,70.81504534249538,70.88873313220927,68.30962113809744,68.71491241455078,246337,0.0,0.0
2005-12-27 00:00:00+05:30,68.67807181510983,69.67287674176205,68.16225161923116,69.04651641845703,466732,0.0,0.0
2005-12-28 00:00:00+05:30,69.0465267726414,70.00448513380648,67.13061567233056,67.46221923828125,615215,0.0,0.0
2005-12-29 00:00:00+05:30,67.05692616548451,68.45701695707979,66.72532822995737,67.68328094482422,744930,0.0,0.0
2005-12-30 00:00:00+05:30,68.16223636192369,69.26756992454948,67.6095695806108,68.45699310302734,273572,0.0,0.0
2006-01-02 00:00:00+05:30,69.12019436500627,69.26756992454948,68.16223636192369,68.45699310302734,255417,0.0,0.0
2006-01-03 00:00:00+05:30,68.97282470122194,70.74135982115443,68.6043801188201,69.89393615722656,619101,0.0,0.0
2006-01-04 00:00:00+05:30,70.74135688562416,73.39415664443148,69.78339876232415,71.88353729248047,1282371,0.0,0.0
2006-01-05 00:00:00+05:30,72.80465217924451,78.77345332646578,72.21513859496811,77.29967498779297,3581182,0.0,0.0
2006-01-06 00:00:00+05:30,77.55757735633429,84.70539933894237,77.44704286752744,83.45269012451172,3244671,0.0,0.0
2006-01-09 00:00:00+05:30,84.33696387687351,99.03790067749682,81.31571938209593,87.80034637451172,3557932,0.0,0.0
2006-01-10 00:00:00+05:30,89.16358779876568,94.32181188629758,85.47914202195719,86.51078796386719,5646310,0.0,0.0
2006-01-12 00:00:00+05:30,86.21602178198826,86.87922307394551,83.26846548174935,84.4474868774414,3094911,0.0,0.0
2006-01-13 00:00:00+05:30,84.00535329723708,87.61611083529372,84.00535329723708,84.41064453125,1343482,0.0,0.0
2006-01-16 00:00:00+05:30,84.70540212431996,84.70540212431996,81.35256000037772,83.1579360961914,830381,0.0,0.0
2006-01-17 00:00:00+05:30,83.56324196369961,85.95813202302688,81.42626201712692,84.63172912597656,1340405,0.0,0.0
2006-01-18 00:00:00+05:30,84.74224949457768,84.74224949457768,82.56842882156741,84.07904815673828,808122,0.0,0.0
2006-01-19 00:00:00+05:30,84.48433358000139,85.47913270692852,84.00535455680907,84.4474868774414,275209,0.0,0.0
2006-01-20 00:00:00+05:30,86.2160307285501,87.61612124085323,84.04220998035541,85.70021057128906,862058,0.0,0.0
2006-01-23 00:00:00+05:30,85.47914808761655,85.47914808761655,83.56323727212539,83.85799407958984,285364,0.0,0.0
2006-01-24 00:00:00+05:30,84.04221525231141,85.0370145448716,81.7578542416685,82.0157699584961,345131,0.0,0.0
2006-01-25 00:00:00+05:30,83.63691379060613,83.96851164052832,80.43144729396002,81.31571197509766,670497,0.0,0.0
2006-01-27 00:00:00+05:30,82.23681841920755,85.8107292552567,82.23681841920755,84.41064453125,605901,0.0,0.0
2006-01-30 00:00:00+05:30,82.93687680812188,86.21603130555143,82.01576536254974,82.42105102539062,232335,0.0,0.0
2006-01-31 00:00:00+05:30,83.12109782437267,84.59487611471958,81.79469511425326,82.38420867919922,312716,0.0,0.0
2006-02-01 00:00:00+05:30,83.19477906868333,83.26846685299928,79.58402141702587,80.13668823242188,249990,0.0,0.0
2006-02-02 00:00:00+05:30,80.91043427178208,81.7946990396193,75.89958559532242,76.74700927734375,932828,0.0,0.0
2006-02-03 00:00:00+05:30,76.82068618841262,78.47868660974527,73.6889076147843,74.53633117675781,794678,0.0,0.0
2006-02-06 00:00:00+05:30,75.4574485845679,77.26282471737599,73.76260132444844,76.56278228759766,1087668,0.0,0.0
2006-02-07 00:00:00+05:30,77.3733614519309,78.73660526739464,77.00491687358839,77.74180603027344,377134,0.0,0.0
2006-02-08 00:00:00+05:30,78.84714485115524,79.95247865747983,77.74181104483063,78.14710235595703,290208,0.0,0.0
2006-02-10 00:00:00+05:30,79.10504398587828,81.05780123084304,78.33131380188539,80.39459991455078,747835,0.0,0.0
2006-02-13 00:00:00+05:30,81.57363240937512,81.79470141877378,79.58403381286098,80.43145751953125,310772,0.0,0.0
2006-02-14 00:00:00+05:30,80.68935378957542,82.53157647883513,77.92601975568586,78.40499877929688,1183615,0.0,0.0
2006-02-15 00:00:00+05:30,78.84713385240087,80.2472242695106,77.41020235343055,78.11024475097656,435686,0.0,0.0
2006-02-16 00:00:00+05:30,78.11025446315996,79.51034505435612,77.74180986663562,78.69976806640625,379054,0.0,0.0
2006-02-17 00:00:00+05:30,78.25763245755448,79.17874397716797,75.19954671005254,75.67852020263672,216451,0.0,0.0
2006-02-20 00:00:00+05:30,75.89957737306975,76.56277868811176,73.7625978566089,75.82588958740234,285226,0.0,0.0
2006-02-21 00:00:00+05:30,76.34171695823514,76.63647375091152,74.79425082420691,75.01531982421875,152181,0.0,0.0
2006-02-22 00:00:00+05:30,75.16268539863984,75.75219890547537,74.05735178983632,74.31526184082031,268840,0.0,0.0
2006-02-23 00:00:00+05:30,74.35212012949385,75.0521626086829,72.62043166359067,73.46784973144531,264947,0.0,0.0
2006-02-24 00:00:00+05:30,74.42580014455925,78.0733989919459,73.06255641482979,77.4470443725586,968978,0.0,0.0
2006-02-27 00:00:00+05:30,78.25763778463289,78.47870681319596,76.3048857277413,76.78385925292969,439800,0.0,0.0
2006-02-28 00:00:00+05:30,77.5575769546584,77.74179922770983,74.05735376668093,74.79424285888672,436618,0.0,0.0
2006-03-01 00:00:00+05:30,74.86793811174002,75.71536177671024,73.83629215534228,74.6837158203125,330209,0.0,0.0
2006-03-02 00:00:00+05:30,75.16269373973422,76.96806991898923,74.86793695360615,75.23638153076172,510054,0.0,0.0
2006-03-03 00:00:00+05:30,75.4942942972197,78.84714231747085,75.0153208274852,76.74700927734375,1015528,0.0,0.0
2006-03-06 00:00:00+05:30,76.78384204511397,77.37335557448858,75.45744503704763,75.82588958740234,275813,0.0,0.0
2006-03-07 00:00:00+05:30,76.26803639851208,79.03137105063209,74.83110462821718,77.18914794921875,522996,0.0,0.0
2006-03-08 00:00:00+05:30,77.26282255229422,80.2472257156519,74.4626472896303,75.9732666015625,1039566,0.0,0.0
2006-03-09 00:00:00+05:30,74.86793861687146,76.63647375091152,73.68891706818415,75.01531982421875,798336,0.0,0.0
2006-03-10 00:00:00+05:30,75.97326151686292,77.37335186549925,74.42579560395642,75.08899688720703,983022,0.0,0.0
2006-03-13 00:00:00+05:30,75.97327085690799,76.63647222169163,75.16269390973602,75.34691619873047,396392,0.0,0.0
2006-03-14 00:00:00+05:30,75.34690967804106,76.63646558940117,74.42579831278383,74.79424285888672,513754,0.0,0.0
2006-03-16 00:00:00+05:30,75.75219258791134,76.19432487015642,73.72574780743919,73.98365783691406,602698,0.0,0.0
2006-03-17 00:00:00+05:30,74.75740880487758,75.12585341332355,72.98887918195183,73.28363037109375,484571,0.0,0.0
2006-03-20 00:00:00+05:30,73.68892065163469,74.79425446140921,73.39416384462446,73.94683074951172,315192,0.0,0.0
2006-03-21 00:00:00+05:30,74.3521157172211,74.83109478498774,73.02571300987007,73.50469207763672,243216,0.0,0.0
2006-03-22 00:00:00+05:30,73.79944773873449,73.87313552757537,71.10980128090796,71.77300262451172,286344,0.0,0.0
2006-03-23 00:00:00+05:30,72.43620465492093,74.05735851286298,70.00446824598987,70.40975952148438,385931,0.0,0.0
2006-03-24 00:00:00+05:30,70.70450688492772,71.47824268861152,69.30442209276494,69.56233215332031,335921,0.0,0.0
2006-03-27 00:00:00+05:30,71.4782618640082,72.21515116157529,69.70972642544334,70.29924011230469,513900,0.0,0.0
2006-03-28 00:00:00+05:30,68.82543787545121,71.69930627318536,68.82543787545121,70.74134826660156,350620,0.0,0.0
2006-03-29 00:00:00+05:30,71.47824763232984,71.77300441707295,70.15184491199484,70.33606719970703,185978,0.0,0.0
2006-03-30 00:00:00+05:30,70.96242701517266,70.96242701517266,68.78860066106073,69.5254898071289,455706,0.0,0.0
2006-03-31 00:00:00+05:30,70.55714004477174,72.76780761797608,69.59918184757585,71.29402923583984,395443,0.0,0.0
2006-04-03 00:00:00+05:30,71.6624697321821,72.6572689588165,71.51509415120591,72.03091430664062,153870,0.0,0.0
2006-04-04 00:00:00+05:30,72.21513228757449,74.8310908590437,71.66246545884304,74.35211181640625,547522,0.0,0.0
2006-04-05 00:00:00+05:30,74.42580299471169,75.53113670255394,74.42580299471169,74.97846984863281,264317,0.0,0.0
2006-04-07 00:00:00+05:30,75.1626998978823,75.78905460596094,71.66247612812798,72.58358764648438,319919,0.0,0.0
2006-04-10 00:00:00+05:30,73.5415414556878,73.5415414556878,71.88354082226616,72.62042999267578,159816,0.0,0.0
2006-04-12 00:00:00+05:30,73.46785010068344,73.54154351740493,70.70451563417801,71.29402923583984,200413,0.0,0.0
2006-04-13 00:00:00+05:30,71.10979572652657,71.29401799524814,60.79334867811856,68.8622817993164,286546,0.0,0.0
2006-04-17 00:00:00+05:30,72.14145356142957,73.32047515305491,66.39371557198072,69.82025146484375,187429,0.0,0.0
2006-04-18 00:00:00+05:30,70.00447258275216,72.84149482091267,69.93078478864767,70.37291717529297,322292,0.0,0.0
2006-04-19 00:00:00+05:30,71.47824955613864,77.22598733626428,70.5939848001277,75.01531982421875,1287879,0.0,0.0
2006-04-20 00:00:00+05:30,76.63647007672938,78.11024834743571,74.53633716537644,76.56278228759766,1286727,0.0,0.0
2006-04-21 00:00:00+05:30,77.22597989365505,77.3733554647809,73.50468769154186,74.0205078125,474190,0.0,0.0
2006-04-24 00:00:00+05:30,74.97846670030037,74.97846670030037,72.39935482363157,72.7677993774414,528327,0.0,0.0
2006-04-25 00:00:00+05:30,72.95202593402736,73.09940151538989,70.0044693306323,70.33606719970703,346135,0.0,0.0
2006-04-26 00:00:00+05:30,70.37291085032535,71.33086895363952,69.34126495952958,69.93077850341797,397300,0.0,0.0
2006-04-27 00:00:00+05:30,70.55713332053864,74.24157892474432,70.55713332053864,72.32566833496094,1752561,0.0,0.0
2006-04-28 00:00:00+05:30,72.17828405173566,72.9151731410725,67.79379621898855,72.39935302734375,539683,0.0,0.0
2006-05-02 00:00:00+05:30,75.08900977904409,76.82069825560612,74.42580838193014,76.19434356689453,832982,0.0,0.0
2006-05-03 00:00:00+05:30,77.29967508146105,78.77345342191971,76.30487582605508,77.8891830444336,914837,0.0,0.0
2006-05-04 00:00:00+05:30,78.73660582732376,78.73660582732376,75.67851468092978,76.26802825927734,351397,0.0,0.0
2006-05-05 00:00:00+05:30,75.71537477242407,79.87880039769598,75.71537477242407,79.10506439208984,1017278,0.0,0.0
2006-05-08 00:00:00+05:30,80.28407018556204,81.02095933135708,77.74180488137637,78.29447174072266,828213,0.0,0.0
2006-05-09 00:00:00+05:30,78.8471388844487,79.58402803290149,77.29967279710144,78.99451446533203,361631,0.0,0.0
2006-05-10 00:00:00+05:30,78.92083145110983,80.2840753338462,77.63127536327464,78.69976806640625,386469,0.0,0.0
2006-05-11 00:00:00+05:30,79.60609044736997,79.60609044736997,76.88709803757466,77.15144348144531,324426,2.6,0.0
2006-05-12 00:00:00+05:30,75.60312987337352,77.60461251652718,75.52760342241088,75.75418853759766,243674,0.0,0.0
2006-05-15 00:00:00+05:30,76.28288421445012,76.28288421445012,70.24067556380061,71.78899383544922,410180,0.0,0.0
2006-05-16 00:00:00+05:30,70.99595161170555,74.01705593560791,63.97188175371287,70.69384002685547,525373,0.0,0.0
2006-05-17 00:00:00+05:30,72.20439173987224,73.26177939912354,70.3917280043413,72.43097686767578,745652,0.0,0.0
2006-05-18 00:00:00+05:30,72.12885683030233,72.12885683030233,64.95373494665968,65.59571838378906,724105,0.0,0.0
2006-05-19 00:00:00+05:30,68.91894818936471,69.9385698320351,53.662372374556725,56.834529876708984,1114539,0.0,0.0
2006-05-22 00:00:00+05:30,60.27103362444496,61.93263869926156,52.11404963718351,53.473548889160156,1078501,0.0,0.0
2006-05-23 00:00:00+05:30,57.36320768115603,60.42207766801883,53.66236003382856,58.91152572631836,893731,0.0,0.0
2006-05-24 00:00:00+05:30,60.195505344608115,62.68791888219347,57.85415049062466,59.817867279052734,698880,0.0,0.0
2006-05-25 00:00:00+05:30,59.81786317723984,63.745302247084375,58.23178456312727,63.254371643066406,829756,0.0,0.0
2006-05-26 00:00:00+05:30,63.7453043373804,65.9356061916918,63.44319274328583,65.55796813964844,378089,0.0,0.0
2006-05-29 00:00:00+05:30,66.31324058920568,70.2406738090957,66.31324058920568,67.74826049804688,582727,0.0,0.0
2006-05-30 00:00:00+05:30,68.65459284265147,68.65459284265147,66.99298210564154,67.40838623046875,401032,0.0,0.0
2006-05-31 00:00:00+05:30,66.84192281660765,66.84192281660765,62.42355957949494,63.63199996948242,560072,0.0,0.0
2006-06-01 00:00:00+05:30,64.95374473474459,65.18032987013437,61.66829484538889,62.15922546386719,414491,0.0,0.0
2006-06-02 00:00:00+05:30,60.42207694347994,61.93262886706694,59.10034401034131,61.17735290527344,263365,0.0,0.0
2006-06-05 00:00:00+05:30,60.610902357781725,62.72567757985754,60.04444532640059,60.76195526123047,206442,0.0,0.0
2006-06-06 00:00:00+05:30,58.91152893842429,60.04444295647091,57.967433923385435,58.94929504394531,292123,0.0,0.0
2006-06-07 00:00:00+05:30,58.949298290600446,59.931153702937706,54.79527999564536,55.43726348876953,337841,0.0,0.0
2006-06-08 00:00:00+05:30,55.58831853908623,55.58831853908623,49.84822146252773,50.905609130859375,508381,0.0,0.0
2006-06-09 00:00:00+05:30,49.09293744529122,57.0233350326075,49.09293744529122,56.49464416503906,339533,0.0,0.0
2006-06-12 00:00:00+05:30,59.21364078405996,59.289167233171135,54.37987313106142,54.757511138916016,340936,0.0,0.0
2006-06-13 00:00:00+05:30,54.379877583913576,54.757515622690754,51.207720363104954,51.660884857177734,196846,0.0,0.0
2006-06-14 00:00:00+05:30,52.34063047405261,55.73937256295736,52.34063047405261,54.002235412597656,275692,0.0,0.0
2006-06-15 00:00:00+05:30,54.75751172880878,58.156253836114146,54.75751172880878,57.17439270019531,374213,0.0,0.0
2006-06-16 00:00:00+05:30,58.911524083780996,62.68790383274131,58.83599764126143,61.85710144042969,462475,0.0,0.0
2006-06-19 00:00:00+05:30,62.68791592062018,62.68791592062018,59.66681153890354,60.11997604370117,136626,0.0,0.0
2006-06-20 00:00:00+05:30,60.119973442514876,60.34655856625978,56.04148155119999,56.98557662963867,454872,0.0,0.0
2006-06-21 00:00:00+05:30,56.985582642091664,60.42209139510832,56.11701968812672,59.51576232910156,443497,0.0,0.0
2006-06-22 00:00:00+05:30,60.64865990085877,66.46428229692003,60.64865990085877,65.52018737792969,807736,0.0,0.0
2006-06-23 00:00:00+05:30,57.89190925295733,65.63348861408062,57.89190925295733,64.84044647216797,592812,0.0,0.0
2006-06-26 00:00:00+05:30,63.02777839138973,63.8208204773891,61.06406199069899,61.44169998168945,128431,0.0,0.0
2006-06-27 00:00:00+05:30,61.44170009461341,63.44318260300111,60.04444067784034,60.5731315612793,128291,0.0,0.0
2006-06-28 00:00:00+05:30,60.38431387170718,62.83896087075704,59.51575108188224,61.101829528808594,147348,0.0,0.0
2006-06-29 00:00:00+05:30,62.68791193525061,64.19846403007593,61.06406728085361,63.66977310180664,269646,0.0,0.0
2006-06-30 00:00:00+05:30,62.68791166941325,64.95373980204265,62.68791166941325,63.44318771362305,170097,0.0,0.0
2006-07-03 00:00:00+05:30,64.1984619780215,64.95373800129234,62.121452914026676,63.065547943115234,135564,0.0,0.0
2006-07-04 00:00:00+05:30,64.87820218988033,65.63347810416927,64.19845271456069,65.14254760742188,322567,0.0,0.0
2006-07-05 00:00:00+05:30,64.95373858824692,66.61534354953837,64.95373858824692,65.48242950439453,162232,0.0,0.0
2006-07-06 00:00:00+05:30,63.443188857788265,65.8978360457384,63.443188857788265,64.34951782226562,102735,0.0,0.0
2006-07-07 00:00:00+05:30,64.95374089602512,65.6334904997224,62.53685981876705,62.7634391784668,105554,0.0,0.0
2006-07-10 00:00:00+05:30,61.93262390696675,63.40540960959134,61.252874443333155,61.743804931640625,100759,0.0,0.0
2006-07-11 00:00:00+05:30,61.177348005662274,62.574607270615985,61.13958190567792,61.743804931640625,92170,0.0,0.0
2006-07-12 00:00:00+05:30,60.45984912405702,61.17735905496733,60.044444998393864,61.02630615234375,91692,0.0,0.0
2006-07-13 00:00:00+05:30,60.913015199947075,62.68791278290693,60.72419618554073,61.290653228759766,94030,0.0,0.0
2006-07-14 00:00:00+05:30,60.8752501659756,61.06406918371269,59.78010216802017,60.610904693603516,78187,0.0,0.0
2006-07-17 00:00:00+05:30,60.04444224877879,60.875244699761296,59.2891662456495,60.346553802490234,155478,0.0,0.0
2006-07-18 00:00:00+05:30,60.23325791104048,60.23325791104048,58.45836055452277,58.83599853515625,74542,0.0,0.0
2006-07-19 00:00:00+05:30,60.346564845539,60.346564845539,56.26807252984218,56.60794448852539,152402,0.0,0.0
2006-07-20 00:00:00+05:30,60.72418813279931,60.79971457608635,57.58979175685198,58.609413146972656,122344,0.0,0.0
2006-07-21 00:00:00+05:30,57.400980697780945,59.28917085231321,57.400980697780945,57.967437744140625,63941,0.0,0.0
2006-07-24 00:00:00+05:30,57.967442329640974,61.17736584626604,56.041485914746126,60.837493896484375,214981,0.0,0.0
2006-07-25 00:00:00+05:30,61.630516052246094,62.31026555622822,60.19549060212787,61.630516052246094,235688,0.0,0.0
2006-07-26 00:00:00+05:30,61.630516052246094,62.31026555622822,60.459841793114045,61.630516052246094,130442,0.0,0.0
2006-07-27 00:00:00+05:30,61.93262708995898,67.0685057877041,61.93262708995898,64.00963592529297,1896766,0.0,0.0
2006-07-28 00:00:00+05:30,64.87820885266817,67.86154671556976,64.04740641408911,67.29508972167969,960682,0.0,0.0
2006-07-31 00:00:00+05:30,67.9748388581913,68.73011484550454,67.2950893171497,67.93707275390625,340074,0.0,0.0
2006-08-01 00:00:00+05:30,67.97484507029036,68.3147169907222,65.78454335445453,66.31324005126953,176691,0.0,0.0
2006-08-02 00:00:00+05:30,65.78454015259247,67.7482566510298,62.87672862968539,67.25733184814453,217180,0.0,0.0
2006-08-03 00:00:00+05:30,68.65459663447662,70.01409011733507,67.59720897294282,68.39025115966797,457326,0.0,0.0
2006-08-04 00:00:00+05:30,67.9748438969041,67.9748438969041,65.33137774535783,65.89783477783203,235173,0.0,0.0
2006-08-07 00:00:00+05:30,65.70901327836475,66.4642892930586,62.23474476323278,64.46280670166016,400280,0.0,0.0
2006-08-08 00:00:00+05:30,65.33137842114654,67.21956854892534,64.87821394293941,66.9552230834961,272490,0.0,0.0
2006-08-09 00:00:00+05:30,66.8419324287743,69.40987222821529,66.8419324287743,69.03223419189453,306147,0.0,0.0
2006-08-10 00:00:00+05:30,69.5231559142362,71.75121773911027,68.99445927351636,70.95817565917969,469496,0.0,0.0
2006-08-11 00:00:00+05:30,70.99595478745104,73.18625667271527,70.95818867679326,72.31768798828125,396563,0.0,0.0
2006-08-14 00:00:00+05:30,72.31767362356186,73.11071569145497,71.90226953803722,72.5064926147461,173793,0.0,0.0
2006-08-16 00:00:00+05:30,72.69531986128258,73.86600004448776,71.97780991822067,72.46873474121094,125797,0.0,0.0
2006-08-17 00:00:00+05:30,72.46874082454525,73.22401693845318,70.42949762191365,70.61831665039062,125013,0.0,0.0
2006-08-18 00:00:00+05:30,70.54277944575462,70.6938323406067,68.76788200089909,69.2210464477539,83868,0.0,0.0
2006-08-21 00:00:00+05:30,73.94152271544591,73.94152271544591,70.24066910477748,71.10923767089844,498018,0.0,0.0
2006-08-22 00:00:00+05:30,71.335820520256,73.5638883220956,71.335820520256,71.86451721191406,227525,0.0,0.0
2006-08-23 00:00:00+05:30,71.75121879475749,71.75121879475749,67.59720086453468,67.93707275390625,345021,0.0,0.0
2006-08-24 00:00:00+05:30,67.25733967434923,70.24067799390163,66.12442551315726,69.56092834472656,369010,0.0,0.0
2006-08-25 00:00:00+05:30,70.84489561797083,71.75122457078751,69.78750799815207,70.76936340332031,471017,0.0,0.0
2006-08-28 00:00:00+05:30,70.84488685978882,70.84488685978882,69.5609142793472,69.976318359375,332994,0.0,0.0
2006-08-29 00:00:00+05:30,70.54278095832841,70.76936030546483,69.03222892822416,69.37210083007812,291815,0.0,0.0
2006-08-30 00:00:00+05:30,69.48538931892965,70.54277683059043,68.57906045881947,70.12737274169922,389290,0.0,0.0
2006-08-31 00:00:00+05:30,70.61830992294976,71.33581985788905,68.91893882854723,69.33434295654297,331304,0.0,0.0
2006-09-01 00:00:00+05:30,69.145523894034,72.5820264249722,68.9189387766979,72.27991485595703,637727,0.0,0.0
2006-09-04 00:00:00+05:30,72.27991666020792,74.31916548023985,71.52464059996625,73.7527084350586,516540,0.0,0.0
2006-09-05 00:00:00+05:30,75.45207936703328,76.66051990769976,74.01705370398598,74.62127685546875,572967,0.0,0.0
2006-09-06 00:00:00+05:30,74.62127746067516,75.71642544903332,71.82675256527654,74.58351135253906,435247,0.0,0.0
2006-09-07 00:00:00+05:30,74.09256724607297,74.09256724607297,71.90226590650079,72.61978149414062,231601,0.0,0.0
2006-09-08 00:00:00+05:30,72.88414321823402,75.4520830954814,72.88414321823402,74.50798797607422,260201,0.0,0.0
2006-09-11 00:00:00+05:30,75.14996662858539,76.20735424617101,69.63644918408116,70.16514587402344,399197,0.0,0.0
2006-09-12 00:00:00+05:30,70.54277849750146,71.67569248055887,68.05036542985574,71.37358093261719,445856,0.0,0.0
2006-09-13 00:00:00+05:30,72.50650132852158,75.30102042897208,72.50650132852158,74.39469146728516,549496,0.0,0.0
2006-09-14 00:00:00+05:30,75.338786363633,78.54870959215872,75.14996735019031,77.8311996459961,1935037,0.0,0.0
2006-09-15 00:00:00+05:30,78.54870071626,80.05925265311114,78.1710627320472,79.75714111328125,1290025,0.0,0.0
2006-09-18 00:00:00+05:30,81.56981392241576,82.85378091071937,80.36137338713607,82.47614288330078,946882,0.0,0.0
2006-09-19 00:00:00+05:30,83.08036698780727,84.36433399088102,77.5290890733545,78.62423706054688,402014,0.0,0.0
2006-09-20 00:00:00+05:30,78.62422843128056,80.13478039254358,77.03815002441407,79.3039779663086,246256,0.0,0.0
2006-09-21 00:00:00+05:30,79.68162575529038,81.56981593906504,79.53057284550808,80.5124282836914,332423,0.0,0.0
2006-09-22 00:00:00+05:30,80.96559954459255,82.24957243428734,78.96412239229412,81.41876983642578,397236,0.0,0.0
2006-09-25 00:00:00+05:30,80.4368928379231,81.07887627618861,79.30397885429038,79.4927978515625,203673,0.0,0.0
2006-09-26 00:00:00+05:30,79.79491424560547,80.43689772285865,78.58647374213497,79.79491424560547,205307,0.0,0.0
2006-09-27 00:00:00+05:30,80.4368950884335,81.11664465009126,80.05925708332349,80.70124053955078,284629,0.0,0.0
2006-09-28 00:00:00+05:30,80.77676912296096,84.51538892973724,80.36137076374058,83.87340545654297,800893,0.0,0.0
2006-09-29 00:00:00+05:30,83.8733976173385,85.30841733072002,81.79638872846725,82.77824401855469,592866,0.0,0.0
2006-10-03 00:00:00+05:30,82.09850014289738,83.60905216585628,81.38099023691136,81.79639434814453,177254,0.0,0.0
2006-10-04 00:00:00+05:30,82.28731915677729,82.70272326806604,78.54870520437322,79.83267211914062,458328,0.0,0.0
2006-10-05 00:00:00+05:30,80.0592535419789,82.96706490024204,80.0592535419789,82.28731536865234,307063,0.0,0.0
2006-10-06 00:00:00+05:30,82.70271713765297,82.70271713765297,80.474655373567,81.07887268066406,109206,0.0,0.0
2006-10-09 00:00:00+05:30,80.92782768363102,81.9474491706214,80.09702520394623,81.30546569824219,151543,0.0,0.0
2006-10-10 00:00:00+05:30,81.94745138606083,85.95041675407833,81.94745138606083,85.08184814453125,1006315,0.0,0.0
2006-10-11 00:00:00+05:30,85.7238249154572,87.4987223405422,85.08184147603903,86.74344635009766,1259454,0.0,0.0
2006-10-12 00:00:00+05:30,87.23438377043419,87.87636726044079,85.76159777793086,87.64978790283203,631534,0.0,0.0
2006-10-13 00:00:00+05:30,87.9896544049685,90.36877496837802,87.9896544049685,88.85822296142578,903730,0.0,0.0
2006-10-16 00:00:00+05:30,89.19810007414911,89.46244553836428,86.66792646700569,87.42320251464844,350555,0.0,0.0
2006-10-17 00:00:00+05:30,87.61201543456619,87.91412698507614,84.66643790111677,85.23289489746094,424842,0.0,0.0
2006-10-18 00:00:00+05:30,84.51538412604945,86.25251543935184,84.51538412604945,85.04407501220703,211642,0.0,0.0
2006-10-19 00:00:00+05:30,85.7238288562968,85.7238288562968,81.22993881148093,81.94744873046875,378087,0.0,0.0
2006-10-20 00:00:00+05:30,81.94745241715604,85.30842857542854,81.64534084103852,84.402099609375,260604,0.0,0.0
2006-10-23 00:00:00+05:30,83.49576846730888,85.34619245906823,82.47614120419772,84.66644287109375,439472,0.0,0.0
2006-10-26 00:00:00+05:30,83.83563934195126,87.42320048496269,83.83563934195126,86.81897735595703,491045,0.0,0.0
2006-10-27 00:00:00+05:30,86.8567499124779,90.5576038872955,86.8567499124779,90.0666732788086,719339,0.0,0.0
2006-10-30 00:00:00+05:30,90.67088402793227,91.31286746076673,85.57277114471414,86.55462646484375,993422,0.0,0.0
2006-10-31 00:00:00+05:30,87.5364842063251,90.55758802181658,86.13922484411995,89.23585510253906,963654,0.0,0.0
2006-11-01 00:00:00+05:30,89.80231990152075,90.4065372599468,87.98965630164514,88.36729431152344,256496,0.0,0.0
2006-11-02 00:00:00+05:30,88.74493435417824,89.6890294004993,87.98965831712141,88.97151947021484,284631,0.0,0.0
2006-11-03 00:00:00+05:30,89.12256645717153,89.16033256143719,86.85673849639599,87.38542938232422,202533,0.0,0.0
2006-11-06 00:00:00+05:30,85.34619448306258,87.46096974862444,84.66644487896775,85.27066802978516,400678,0.0,0.0
2006-11-07 00:00:00+05:30,85.98816758198944,86.44133200915797,84.32656276160542,84.7042007446289,452536,0.0,0.0
2006-11-08 00:00:00+05:30,84.96856234718727,85.72383845694004,83.26919110024352,84.89303588867188,393204,0.0,0.0
2006-11-09 00:00:00+05:30,85.04408424621101,86.70569505596238,84.43986684818252,84.8175048828125,257635,0.0,0.0
2006-11-10 00:00:00+05:30,85.6860685870582,85.91265371496239,83.2691874468097,83.91117095947266,234199,0.0,0.0
2006-11-13 00:00:00+05:30,84.0244630459924,85.87488711826539,84.0244630459924,84.55315399169922,194441,0.0,0.0
2006-11-14 00:00:00+05:30,84.74196739261357,85.11960540374339,83.38247400992545,83.68458557128906,129316,0.0,0.0
2006-11-15 00:00:00+05:30,84.213286076329,87.98966661786841,83.64682899509809,87.46097564697266,619463,0.0,0.0
2006-11-16 00:00:00+05:30,89.1225696029051,91.99262075944355,87.9896555825292,90.74641418457031,1638199,0.0,0.0
2006-11-17 00:00:00+05:30,91.0107540615135,91.99261512394293,87.72530475615089,88.51834106445312,258473,0.0,0.0
2006-11-20 00:00:00+05:30,88.51835005199102,88.51835005199102,84.6286830352253,86.59239959716797,160708,0.0,0.0
2006-11-21 00:00:00+05:30,86.59240173734725,88.32953322410422,86.59240173734725,87.80084228515625,141024,0.0,0.0
2006-11-22 00:00:00+05:30,87.00779515491992,89.04704386526414,86.32805134710391,86.8945083618164,197707,0.0,0.0
2006-11-23 00:00:00+05:30,87.53650419895713,91.31288483081637,87.53650419895713,90.36878967285156,442889,0.0,0.0
2006-11-24 00:00:00+05:30,90.63312885499239,95.08925884282267,90.25549081809659,94.56056213378906,1214545,0.0,0.0
2006-11-27 00:00:00+05:30,94.56055115518993,96.52427332889678,91.4261604227008,92.55907440185547,797108,0.0,0.0
2006-11-28 00:00:00+05:30,92.14367800812182,93.05000696229851,89.87784986038112,90.5953598022461,536887,0.0,0.0
2006-11-29 00:00:00+05:30,90.70864737643241,92.44578449914081,90.70864737643241,91.16181182861328,527615,0.0,0.0
2006-11-30 00:00:00+05:30,91.8415586164757,92.14367016291214,88.74492823067358,89.12256622314453,257784,0.0,0.0
2006-12-01 00:00:00+05:30,89.87784158732212,93.20105705057355,89.50020359745942,91.5016860961914,290660,0.0,0.0
2006-12-04 00:00:00+05:30,91.76602965191044,93.50316667452026,91.50168421689547,91.99261474609375,225211,0.0,0.0
2006-12-05 00:00:00+05:30,92.52129945598664,92.67235233385276,91.08627406706685,92.14366149902344,404257,0.0,0.0
2006-12-06 00:00:00+05:30,92.52130889892578,92.86118078996161,90.25548092589086,92.52130889892578,303584,0.0,0.0
2006-12-07 00:00:00+05:30,93.20105522934183,93.20105522934183,90.63311579599562,91.1240463256836,242663,0.0,0.0
2006-12-08 00:00:00+05:30,91.0107584670811,92.8234220288437,89.91561056638007,90.33100891113281,177915,0.0,0.0
2006-12-11 00:00:00+05:30,89.95337404212243,89.95337404212243,81.56981125957076,83.87340545654297,350507,0.0,0.0
2006-12-12 00:00:00+05:30,83.87341583166912,84.59092584417759,74.77233623726413,79.07740783691406,834611,0.0,0.0
2006-12-13 00:00:00+05:30,79.68161315943556,83.08035495296599,75.6031218547394,82.81600952148438,269435,0.0,0.0
2006-12-14 00:00:00+05:30,82.81601977648744,89.87784966948738,82.81601977648744,87.42320251464844,903420,0.0,0.0
2006-12-15 00:00:00+05:30,86.93227108475546,90.55759838306018,85.34619255260922,85.7615966796875,1154841,0.0,0.0
2006-12-18 00:00:00+05:30,86.10146214038113,87.46096121593811,85.00631426895356,85.6860580444336,367846,0.0,0.0
2006-12-19 00:00:00+05:30,85.64830938464135,86.4035854713449,83.30695466832023,84.32657623291016,169830,0.0,0.0
2006-12-20 00:00:00+05:30,84.96854384503531,86.29027674929141,83.0803539818123,83.49575805664062,129596,0.0,0.0
2006-12-21 00:00:00+05:30,83.15587344535932,83.26916598010472,79.30396760009972,80.47464752197266,188394,0.0,0.0
2006-12-22 00:00:00+05:30,81.49428339170854,83.30694698507834,80.2858429168949,81.75862884521484,234087,0.0,0.0
2006-12-26 00:00:00+05:30,81.94745261483982,82.17403773804932,80.39913438493936,80.96559143066406,253202,0.0,0.0
2006-12-27 00:00:00+05:30,81.94745409993128,85.27066998086758,81.5698160626044,84.77973937988281,271929,0.0,0.0
2006-12-28 00:00:00+05:30,85.87487253424806,86.10145762238412,84.02444877623012,84.74195861816406,197502,0.0,0.0
2006-12-29 00:00:00+05:30,84.59091037508915,86.02593589998338,83.26917740047838,84.43985748291016,114143,0.0,0.0
2007-01-02 00:00:00+05:30,85.04407984173271,85.95041453528457,83.08036331581859,85.34619140625,105847,0.0,0.0
2007-01-03 00:00:00+05:30,85.3461836886822,86.78120916865068,84.77972671729715,86.21475219726562,125532,0.0,0.0
2007-01-04 00:00:00+05:30,86.7056854889697,89.65125722423367,86.55462683440587,88.25399780273438,363645,0.0,0.0
2007-01-05 00:00:00+05:30,88.29177647348003,88.29177647348003,86.66793172016308,87.08333587646484,59811,0.0,0.0
2007-01-08 00:00:00+05:30,86.93225496518156,87.61200442785726,84.59090082689667,86.1769790649414,231317,0.0,0.0
2007-01-09 00:00:00+05:30,86.85673629013064,87.53648581355654,82.36284658699539,82.9670639038086,263179,0.0,0.0
2007-01-10 00:00:00+05:30,82.62720489501953,84.2888099779758,81.94745526570132,82.62720489501953,140502,0.0,0.0
2007-01-11 00:00:00+05:30,82.70272616835639,85.27066585024458,82.62719971700945,84.06222534179688,57673,0.0,0.0
2007-01-12 00:00:00+05:30,85.799354675993,87.61201827553275,85.34619021668276,86.8945083618164,212022,0.0,0.0
2007-01-15 00:00:00+05:30,86.93226551107561,88.6316364927694,86.66792006638295,87.8386001586914,211194,0.0,0.0
2007-01-16 00:00:00+05:30,87.80083669784952,88.74493171610597,86.66792267594178,88.40505981445312,192805,0.0,0.0
2007-01-17 00:00:00+05:30,89.04703977711004,90.63311819302834,88.51834313027163,89.12256622314453,288725,0.0,0.0
2007-01-18 00:00:00+05:30,89.12257166174176,91.38839975483688,87.64978570614946,87.91413116455078,113849,0.0,0.0
2007-01-19 00:00:00+05:30,88.36729282485489,89.31138783366744,85.72382680017974,86.25251770019531,332057,0.0,0.0
2007-01-22 00:00:00+05:30,86.70568834095995,87.30990569219428,85.04407765989357,85.61053466796875,251351,0.0,0.0
2007-01-23 00:00:00+05:30,85.61053792041973,86.4791065182594,84.21327839987705,84.66644287109375,100814,0.0,0.0
2007-01-24 00:00:00+05:30,85.4217202846047,88.21624513294023,85.4217202846047,86.78121948242188,359533,0.0,0.0
2007-01-25 00:00:00+05:30,87.15885523016725,91.7660378721097,85.61053705991583,90.48207092285156,859888,0.0,0.0
2007-01-29 00:00:00+05:30,88.97152248721129,89.80232500368629,85.72383311281922,87.80084228515625,117391,0.0,0.0
2007-01-31 00:00:00+05:30,88.2917694441821,90.40653888001769,86.47910581182384,89.6135025024414,199527,0.0,0.0
2007-02-01 00:00:00+05:30,90.6331158881407,90.74640843546052,87.98965000806992,90.25547790527344,394043,0.0,0.0
2007-02-02 00:00:00+05:30,90.78416423356933,92.14366320878204,88.74492153304828,89.3113784790039,242182,0.0,0.0
2007-02-05 00:00:00+05:30,89.50020252157559,89.87784050689868,87.08332172042707,87.87635803222656,570557,0.0,0.0
2007-02-06 00:00:00+05:30,88.17847064735138,89.80231515648605,86.85673768261591,89.16033172607422,259728,0.0,0.0
2007-02-07 00:00:00+05:30,89.34914764807964,90.48206157888895,89.12256255699849,89.23585510253906,2087341,0.0,0.0
2007-02-08 00:00:00+05:30,89.80231576205195,90.55759174699385,88.85822078087456,89.12256622314453,337360,0.0,0.0
2007-02-09 00:00:00+05:30,89.50020421561548,89.68902321185097,88.74492823067358,89.12256622314453,105971,0.0,0.0
2007-02-12 00:00:00+05:30,88.36729552682522,89.12257155696902,84.36433026214353,85.34619140625,149347,0.0,0.0
2007-02-13 00:00:00+05:30,85.42170812027409,86.85673356644013,82.32507790210411,84.74195861816406,75375,0.0,0.0
2007-02-14 00:00:00+05:30,78.02001696410446,82.2117955140676,78.02001696410446,81.4942855834961,148043,0.0,0.0
2007-02-15 00:00:00+05:30,82.13627442901004,90.40654527349412,82.13627442901004,84.32657623291016,68217,0.0,0.0
2007-02-19 00:00:00+05:30,84.59091868608212,86.10147080547644,82.40061696050054,82.92931365966797,108577,0.0,0.0
2007-02-20 00:00:00+05:30,84.21327945690531,84.21327945690531,79.37951159122404,79.94596862792969,190313,0.0,0.0
2007-02-21 00:00:00+05:30,81.19217168080766,81.22993778650891,78.58647173178494,79.19068908691406,418226,0.0,0.0
2007-02-22 00:00:00+05:30,80.5124138101251,82.17402433052166,76.5849812388207,78.35987854003906,780148,0.0,0.0
2007-02-23 00:00:00+05:30,80.81453681162832,80.81453681162832,77.86895908379142,79.11516571044922,204935,0.0,0.0
2007-02-26 00:00:00+05:30,80.8145394399408,83.64682470068638,80.0970294788049,82.24956512451172,320152,0.0,0.0
2007-02-27 00:00:00+05:30,82.77824528994795,83.26917582368102,79.49279596773177,79.98372650146484,231870,0.0,0.0
2007-02-28 00:00:00+05:30,78.54871305274165,78.81305853074775,71.75122826933132,77.49132537841797,181813,0.0,0.0
2007-03-01 00:00:00+05:30,78.54870913069622,79.30398518002984,77.4157950566958,78.47318267822266,79349,0.0,0.0
2007-03-02 00:00:00+05:30,79.00186844846823,80.62571300094702,77.79342800091375,77.9444808959961,100900,0.0,0.0
2007-03-05 00:00:00+05:30,78.24658986769606,78.24658986769606,74.01704555960679,74.16809844970703,121826,0.0,0.0
2007-03-06 00:00:00+05:30,79.15292331064863,79.30397619848833,71.75121656053706,73.37506103515625,137429,0.0,0.0
2007-03-07 00:00:00+05:30,73.56388894115237,75.52760553253857,71.37358722824895,71.82675170898438,95524,0.0,0.0
2007-03-08 00:00:00+05:30,70.99594789051619,73.2617760146816,68.73011976635078,72.27991485595703,147787,0.0,0.0
2007-03-09 00:00:00+05:30,73.11073021369916,74.20587827518155,71.75123090221116,72.31768798828125,69389,0.0,0.0
2007-03-12 00:00:00+05:30,72.31768150154718,73.82823359557429,71.75122446628703,72.73308563232422,46688,0.0,0.0
2007-03-13 00:00:00+05:30,71.82674687663956,74.31915999644889,70.99594442413598,73.48835754394531,47899,0.0,0.0
2007-03-14 00:00:00+05:30,73.26177811445915,73.26177811445915,69.5609242531246,71.4113540649414,181561,0.0,0.0
2007-03-15 00:00:00+05:30,72.43098020971179,75.33879208509778,71.14700736341317,71.48688507080078,309165,0.0,0.0
2007-03-16 00:00:00+05:30,71.48688237054583,73.37507257704573,70.99595176439601,72.3932113647461,100708,0.0,0.0
2007-03-19 00:00:00+05:30,72.8841397492578,74.3946918684134,72.5065017194689,72.65755462646484,48411,0.0,0.0
2007-03-20 00:00:00+05:30,72.65754581802321,75.52759680139557,72.65754581802321,75.07443237304688,162106,0.0,0.0
2007-03-21 00:00:00+05:30,75.5276133713213,78.47319144526276,72.50650883646844,77.79344177246094,203601,0.0,0.0
2007-03-22 00:00:00+05:30,80.81453131735577,80.81453131735577,78.39765044269072,80.32360076904297,177061,0.0,0.0
2007-03-23 00:00:00+05:30,79.49280046945155,81.56980950784578,78.17106744501888,78.58647155761719,94663,0.0,0.0
2007-03-26 00:00:00+05:30,78.77527742065452,80.43688206927922,77.03814057339419,77.45354461669922,55983,0.0,0.0
2007-03-28 00:00:00+05:30,77.86895519084582,79.4927997588061,74.16810160305926,79.00186920166016,210977,0.0,0.0
2007-03-29 00:00:00+05:30,78.69975689600497,79.45503289601383,77.18920489598723,77.9444808959961,222078,0.0,0.0
2007-03-30 00:00:00+05:30,78.92634734736161,79.15293246763248,72.95966539065152,77.6046142578125,314111,0.0,0.0
2007-04-02 00:00:00+05:30,76.13182784388518,76.28288074836831,71.82675091852859,72.73308563232422,246340,0.0,0.0
2007-04-03 00:00:00+05:30,74.24364335124685,75.45208396556339,72.50650600658597,74.69680786132812,97953,0.0,0.0
2007-04-04 00:00:00+05:30,75.67865425533506,76.58498892900475,73.33729976571108,73.67717742919922,79369,0.0,0.0
2007-04-05 00:00:00+05:30,74.01705384184831,76.2828820206804,73.41283068924014,75.22549438476562,129883,0.0,0.0
2007-04-09 00:00:00+05:30,75.22549070829565,76.35840474234318,74.81009235319083,75.33878326416016,264877,0.0,0.0
2007-04-10 00:00:00+05:30,75.4520698437073,75.4520698437073,74.01704436178447,74.2436294555664,166823,0.0,0.0
2007-04-11 00:00:00+05:30,75.07444087431038,75.94300948834088,74.1303458073857,75.26325988769531,327245,0.0,0.0
2007-04-12 00:00:00+05:30,74.24363015357699,74.69679458310301,72.95965754723848,73.33729553222656,125229,0.0,0.0
2007-04-13 00:00:00+05:30,73.56388782708895,75.3765514848784,73.45059526804606,73.97928619384766,196179,0.0,0.0
2007-04-16 00:00:00+05:30,75.26325988769531,75.52760535397442,74.69680284754051,75.26325988769531,115384,0.0,0.0
2007-04-17 00:00:00+05:30,75.67864982316684,80.66347583066388,74.84784740935011,78.8885726928711,440905,0.0,0.0
2007-04-18 00:00:00+05:30,79.60608980037017,80.8145302213133,79.15292536280381,79.53056335449219,200997,0.0,0.0
2007-04-19 00:00:00+05:30,78.54870913069622,80.43689925403027,75.52760493336176,78.47318267822266,288128,0.0,0.0
2007-04-20 00:00:00+05:30,79.30399689809188,83.83565386369713,79.30399689809188,80.89007568359375,632883,0.0,0.0
2007-04-23 00:00:00+05:30,82.17402482113388,83.08035364690816,78.51093189140896,80.05924987792969,439325,0.0,0.0
2007-04-24 00:00:00+05:30,79.68163005993674,87.80084828879285,78.17107783131235,84.25105285644531,1211628,0.0,0.0
2007-04-25 00:00:00+05:30,84.02444959055471,86.47909643252596,84.02444959055471,85.79934692382812,689591,0.0,0.0
2007-04-26 00:00:00+05:30,86.47909930924143,91.31286671130063,86.47909930924143,89.80231475830078,921810,0.0,0.0
2007-04-27 00:00:00+05:30,90.63312237079327,90.63312237079327,87.68754474128275,88.36729431152344,387911,0.0,0.0
2007-04-30 00:00:00+05:30,87.04555825244775,88.93374823623186,85.4217137139337,88.44281768798828,149377,0.0,0.0
2007-05-03 00:00:00+05:30,88.51835044069671,91.53945462996688,88.36729753615278,88.89598846435547,253331,0.0,0.0
2007-05-04 00:00:00+05:30,88.89598549871641,90.51983009873621,87.98965657709077,88.59387969970703,202860,0.0,0.0
2007-05-07 00:00:00+05:30,90.10532326330107,90.68664792951593,86.92741627070131,87.23745727539062,235633,3.0,0.0
2007-05-08 00:00:00+05:30,87.19870773816082,88.28384839494387,85.45473358339761,85.91979217529297,225311,0.0,0.0
2007-05-09 00:00:00+05:30,86.26858465651335,86.8111519910412,81.81176212125901,85.84227752685547,512430,0.0,0.0
2007-05-10 00:00:00+05:30,86.03604487368935,89.13644288715564,86.03604487368935,88.36134338378906,435221,0.0,0.0
2007-05-11 00:00:00+05:30,87.97379715579922,89.1364464574177,85.64849855256223,88.12881469726562,116947,0.0,0.0
2007-05-14 00:00:00+05:30,90.6478899217006,93.20572079970742,88.36134861677044,91.81053924560547,706038,0.0,0.0
2007-05-15 00:00:00+05:30,91.22921870369541,92.19809318403857,90.18283544763291,90.80291748046875,149316,0.0,0.0
2007-05-16 00:00:00+05:30,91.38422982117913,92.08182053547846,89.98904839258047,91.46173858642578,193588,0.0,0.0
2007-05-17 00:00:00+05:30,92.31434978689565,92.77940830680531,90.68664201044186,90.84165954589844,139170,0.0,0.0
2007-05-18 00:00:00+05:30,90.91917656420456,91.15170287336643,89.56275239670346,89.87278747558594,89750,0.0,0.0
2007-05-21 00:00:00+05:30,90.60913387172026,92.93443240095068,90.45411042164758,92.50812530517578,278647,0.0,0.0
2007-05-22 00:00:00+05:30,93.39950491407633,97.58504407633647,93.39950491407633,94.2908706665039,785782,0.0,0.0
2007-05-23 00:00:00+05:30,95.33723285961372,96.03482355105051,90.29908640768292,90.76414489746094,456404,0.0,0.0
2007-05-24 00:00:00+05:30,90.76416411925436,91.03544780294831,85.64850782123705,86.77239990234375,647716,0.0,0.0
2007-05-25 00:00:00+05:30,86.03604769227634,86.34608868648806,84.29207375256803,85.2997055053711,782463,0.0,0.0
2007-05-28 00:00:00+05:30,86.03605758657302,87.50874804328559,86.03605758657302,86.84991455078125,335608,0.0,0.0
2007-05-29 00:00:00+05:30,87.50874034310641,90.37660631155633,86.26858224630483,89.29146575927734,450691,0.0,0.0
2007-05-30 00:00:00+05:30,89.29147170738594,93.01195215916896,87.6637637273086,88.1675796508789,293017,0.0,0.0
2007-05-31 00:00:00+05:30,88.74890267952232,90.29910185296374,86.61737881604033,86.96617126464844,265866,0.0,0.0
2007-06-01 00:00:00+05:30,89.83403838835636,90.2603395896982,86.81114898216231,88.94267272949219,322660,0.0,0.0
2007-06-04 00:00:00+05:30,89.60150437768627,89.83403660182306,88.32258897201415,89.0589370727539,167355,0.0,0.0
2007-06-05 00:00:00+05:30,88.47761529170688,91.84929716965712,87.81878185336677,90.99668884277344,398580,0.0,0.0
2007-06-06 00:00:00+05:30,92.2368470339809,92.54688803865191,87.58624970453647,88.43885803222656,265821,0.0,0.0
2007-06-07 00:00:00+05:30,88.20633293555419,88.9039178138003,85.72601077737335,86.733642578125,609793,0.0,0.0
2007-06-08 00:00:00+05:30,85.9585477188532,87.58625571311444,84.98967320875236,86.07481384277344,501999,0.0,0.0
2007-06-11 00:00:00+05:30,87.19869348066352,87.81877544416419,86.2685764489524,86.69487762451172,218275,0.0,0.0
2007-06-12 00:00:00+05:30,86.69488587263082,86.88866076546796,85.26095284834403,85.84227752685547,230667,0.0,0.0
2007-06-13 00:00:00+05:30,85.99730093259407,86.57862565069689,85.02842640242271,85.95854949951172,134059,0.0,0.0
2007-06-14 00:00:00+05:30,86.19107109961107,87.43123516087552,86.03605354872326,86.61737823486328,98228,0.0,0.0
2007-06-15 00:00:00+05:30,86.81115015475028,88.28384049186928,86.81115015475028,87.23745727539062,177726,0.0,0.0
2007-06-18 00:00:00+05:30,87.58625571311444,88.36135532119509,85.80352424911263,86.07481384277344,73644,0.0,0.0
2007-06-19 00:00:00+05:30,86.73363032903855,87.85752217508099,85.26094017959223,87.39246368408203,288311,0.0,0.0
2007-06-20 00:00:00+05:30,88.20633404976923,89.09769383068559,87.97380181172294,88.71014404296875,307886,0.0,0.0
2007-06-21 00:00:00+05:30,89.52399738785489,90.91917893334144,87.39247364052501,88.94267272949219,347815,0.0,0.0
2007-06-22 00:00:00+05:30,88.36135159943977,90.22159176318871,88.05131058655822,88.71014404296875,166692,0.0,0.0
2007-06-25 00:00:00+05:30,88.98142948756973,89.13644703003197,76.73485439976666,88.55512237548828,101869,0.0,0.0
2007-06-26 00:00:00+05:30,88.63263919864097,90.72541169324239,88.20633796137196,90.22159576416016,447437,0.0,0.0
2007-06-27 00:00:00+05:30,90.22159456023718,92.23685233613365,90.22159456023718,90.68665313720703,385246,0.0,0.0
2007-06-28 00:00:00+05:30,90.80290501459119,91.46173838806848,88.36134047660853,88.9814224243164,304784,0.0,0.0
2007-06-29 00:00:00+05:30,89.29147029317514,92.2368510969824,89.29147029317514,91.19046783447266,302603,0.0,0.0
2007-07-02 00:00:00+05:30,90.6866419940615,92.62439075461837,90.29909224195012,90.88041687011719,150973,0.0,0.0
2007-07-03 00:00:00+05:30,91.30672808900734,92.15933639947374,90.84166363462549,91.0741958618164,130826,0.0,0.0
2007-07-04 00:00:00+05:30,91.07420317411501,95.72480078300599,90.22159479519313,94.83343505859375,804028,0.0,0.0
2007-07-05 00:00:00+05:30,94.83342625180507,96.46113408105026,92.31435278092506,92.77941131591797,284524,0.0,0.0
2007-07-06 00:00:00+05:30,93.01194949108321,93.24448173022712,91.07420054335232,91.61676788330078,123639,0.0,0.0
2007-07-09 00:00:00+05:30,91.61676146383158,99.71654913238879,91.07419416190011,97.50752258300781,1779762,0.0,0.0
2007-07-10 00:00:00+05:30,95.56977839003873,99.60029374828875,95.56977839003873,98.01133728027344,946630,0.0,0.0
2007-07-11 00:00:00+05:30,98.36012986478427,106.11111911925657,96.15109742460876,104.25088500976562,1829697,0.0,0.0
2007-07-12 00:00:00+05:30,104.25088974923798,106.57618840535481,100.99547399609052,102.31314086914062,918419,0.0,0.0
2007-07-13 00:00:00+05:30,103.08823503688348,104.17336962222922,100.87919669811828,101.4217758178711,676819,0.0,0.0
2007-07-16 00:00:00+05:30,102.62316961245219,107.50629885371929,100.87919572821964,105.60730743408203,777601,0.0,0.0
2007-07-17 00:00:00+05:30,107.46754628318736,109.0177453602017,103.16575330613684,103.70832061767578,1190914,0.0,0.0
2007-07-18 00:00:00+05:30,106.96374005909824,107.73883962474387,100.22037620339734,100.99547576904297,579077,0.0,0.0
2007-07-19 00:00:00+05:30,101.3830272723926,105.41354271673387,101.34426992803643,102.11936950683594,653914,0.0,0.0
2007-07-20 00:00:00+05:30,103.28200759149293,103.78581753183907,100.53040202195092,102.35189056396484,783589,0.0,0.0
2007-07-23 00:00:00+05:30,101.30550676168731,103.94085227440183,100.762939453125,103.28201293945312,263192,0.0,0.0
2007-07-24 00:00:00+05:30,103.16574926254611,104.94846866957447,102.31313507277436,103.39826965332031,482014,0.0,0.0
2007-07-25 00:00:00+05:30,96.8874417990788,104.1733726915374,96.8874417990788,100.72418212890625,341972,0.0,0.0
2007-07-26 00:00:00+05:30,101.53803654516152,103.04947823518877,96.88743945149001,97.97257995605469,1072419,0.0,0.0
2007-07-27 00:00:00+05:30,98.43763964733033,100.68542353836645,90.88041928070459,97.50752258300781,924340,0.0,0.0
2007-07-30 00:00:00+05:30,95.33724274725876,102.81694852464653,94.94969297999349,100.6854248046875,887060,0.0,0.0
2007-07-31 00:00:00+05:30,102.2356281040152,103.47579214141125,96.96495459924358,98.4376449584961,1653980,0.0,0.0
2007-08-01 00:00:00+05:30,97.66253353227006,97.66253353227006,95.33723511483505,95.72478485107422,374228,0.0,0.0
2007-08-02 00:00:00+05:30,94.36836486806227,99.21273678120716,94.36836486806227,97.19747924804688,321348,0.0,0.0
2007-08-03 00:00:00+05:30,98.43763564026472,100.3753843733408,97.97257712703443,99.79405975341797,284643,0.0,0.0
2007-08-06 00:00:00+05:30,98.43763666404757,99.2127361653393,95.53101353420365,96.80992889404297,328197,0.0,0.0
2007-08-07 00:00:00+05:30,98.05009694473569,101.53804505739427,98.01133960028996,98.32138061523438,188852,0.0,0.0
2007-08-08 00:00:00+05:30,99.52277836365717,100.99547461784582,99.52277836365717,100.22037506103516,183347,0.0,0.0
2007-08-09 00:00:00+05:30,100.22036973403726,102.11936118187046,97.66253896710192,97.97257995605469,201456,0.0,0.0
2007-08-10 00:00:00+05:30,96.18984808747365,97.27498858507491,93.01194127656565,96.30611419677734,223425,0.0,0.0
2007-08-13 00:00:00+05:30,96.65491597821003,98.05009759798492,96.65491597821003,97.43001556396484,79922,0.0,0.0
2007-08-14 00:00:00+05:30,98.24385876809397,98.24385876809397,95.41474449265591,96.11233520507812,301839,0.0,0.0
2007-08-16 00:00:00+05:30,93.1282187316977,94.48464304056772,88.01256252095324,89.83404541015625,215131,0.0,0.0
2007-08-17 00:00:00+05:30,86.0360607644786,90.60914986169513,86.0360607644786,89.13645935058594,320057,0.0,0.0
2007-08-20 00:00:00+05:30,91.3067180634849,93.74827661320435,90.29908640768292,90.76414489746094,95257,0.0,0.0
2007-08-21 00:00:00+05:30,91.53924642016207,92.89567049556446,86.8111408257531,87.31495666503906,80865,0.0,0.0
2007-08-22 00:00:00+05:30,87.58625087654012,88.51636798945891,83.0906710325051,87.97380065917969,117342,0.0,0.0
2007-08-23 00:00:00+05:30,88.9814373730759,90.26034699557643,84.87340708483212,86.07481384277344,181737,0.0,0.0
2007-08-24 00:00:00+05:30,86.73364140080702,88.43885805665825,86.03605061848958,87.19869995117188,69975,0.0,0.0
2007-08-27 00:00:00+05:30,88.67138788395347,91.38423625330975,87.74126489490722,90.72540283203125,210402,0.0,0.0
2007-08-28 00:00:00+05:30,90.72541357033447,95.49227153843597,90.18284028411989,94.2908706665039,492663,0.0,0.0
2007-08-29 00:00:00+05:30,93.0119470764632,93.5932717456911,90.33785596343102,92.58563995361328,98984,0.0,0.0
2007-08-30 00:00:00+05:30,93.16696927823386,95.29849317191137,92.31436090347098,93.20572662353516,149524,0.0,0.0
2007-08-31 00:00:00+05:30,93.24448267597306,95.492266747307,93.08945921045795,94.94969940185547,146183,0.0,0.0
2007-09-03 00:00:00+05:30,96.11234803774778,97.66254719964694,94.56214887584862,97.11997985839844,267221,0.0,0.0
2007-09-04 00:00:00+05:30,97.23623365546415,102.70068770639001,96.88744123244341,100.33663177490234,467610,0.0,0.0
2007-09-05 00:00:00+05:30,102.6619242694403,102.6619242694403,98.437634447918,98.9802017211914,164034,0.0,0.0
2007-09-06 00:00:00+05:30,98.43764716575394,100.72418857308556,96.96495677347944,100.06536102294922,157354,0.0,0.0
2007-09-07 00:00:00+05:30,100.76294300048035,101.84807765580709,98.51515308930003,100.53041076660156,227113,0.0,0.0
2007-09-10 00:00:00+05:30,99.21274676996687,100.68543124900114,98.51515596153243,100.02660369873047,112418,0.0,0.0
2007-09-11 00:00:00+05:30,101.38303034605487,108.90149412293366,99.98784869650136,106.9637451171875,855840,0.0,0.0
2007-09-12 00:00:00+05:30,109.75409818055681,112.69946693293892,109.21151904788411,110.49044036865234,1456836,0.0,0.0
2007-09-13 00:00:00+05:30,111.26553515873347,112.07939199599187,108.90147932748947,109.87035369873047,383843,0.0,0.0
2007-09-14 00:00:00+05:30,110.52920801859295,111.57558538544708,106.38242041546366,106.9637451171875,218505,0.0,0.0
2007-09-17 00:00:00+05:30,106.96374226060975,108.39768121739961,104.63844351581389,105.10350799560547,136646,0.0,0.0
2007-09-18 00:00:00+05:30,106.11112386614631,108.04887274483474,104.63843944917532,107.27377319335938,249373,0.0,0.0
2007-09-19 00:00:00+05:30,108.63018751763933,112.38942473084776,108.5914420052578,110.83922576904297,740725,0.0,0.0
2007-09-20 00:00:00+05:30,110.06414165838623,111.53682614692656,107.50631064879624,108.2426528930664,210353,0.0,0.0
2007-09-21 00:00:00+05:30,107.15752161807427,110.02538782399161,107.04126140682578,108.20391082763672,143039,0.0,0.0
2007-09-24 00:00:00+05:30,108.51393307081814,111.2267813975886,107.50630132688738,109.63782501220703,220799,0.0,0.0
2007-09-25 00:00:00+05:30,109.59906698558572,109.63782432685619,105.83984142395096,106.8087158203125,164913,0.0,0.0
2007-09-26 00:00:00+05:30,106.96374915243547,116.80751210756934,106.96374915243547,112.50570678710938,1099784,0.0,0.0
2007-09-27 00:00:00+05:30,113.86211378315092,115.41231280988997,107.85509255453712,108.90148162841797,632783,0.0,0.0
2007-09-28 00:00:00+05:30,108.9014896689493,113.16453730723556,107.35129052775429,111.88562774658203,437264,0.0,0.0
2007-10-01 00:00:00+05:30,111.69186671487165,114.86976825244986,109.59908815288028,113.4745864868164,504582,0.0,0.0
2007-10-03 00:00:00+05:30,114.55971288287301,114.71473042343459,107.81634933826284,110.5291976928711,315534,0.0,0.0
2007-10-04 00:00:00+05:30,110.5292061216214,110.76172653665522,107.73884287040438,108.28141021728516,103201,0.0,0.0
2007-10-05 00:00:00+05:30,107.35129764829561,110.76173125430411,102.73945726275628,103.51455688476562,447948,0.0,0.0
2007-10-08 00:00:00+05:30,104.63844841905996,104.94848353539491,93.86456254727823,97.70130920410156,377717,0.0,0.0
2007-10-09 00:00:00+05:30,96.18985942422702,110.83924308454253,93.98082674126421,107.041259765625,488791,0.0,0.0
2007-10-10 00:00:00+05:30,108.51394202422946,109.28904161011681,99.98784657946857,105.45230102539062,212767,0.0,0.0
2007-10-11 00:00:00+05:30,108.08763249658496,108.35892207647932,105.49105603752542,106.30490112304688,108292,0.0,0.0
2007-10-12 00:00:00+05:30,106.26614964226823,106.38240984022329,101.69305534705971,102.54566955566406,250420,0.0,0.0
2007-10-15 00:00:00+05:30,104.250893244349,106.18864218941124,103.08824387731164,104.56092834472656,232614,0.0,0.0
2007-10-16 00:00:00+05:30,108.28140744421493,108.28140744421493,102.42940333175,103.902099609375,186608,0.0,0.0
2007-10-17 00:00:00+05:30,100.3753890991211,103.0882374531514,86.03604779924666,100.3753890991211,255042,0.0,0.0
2007-10-18 00:00:00+05:30,103.47579405676878,103.86334384724357,95.3372484567982,97.11997985839844,411827,0.0,0.0
2007-10-19 00:00:00+05:30,96.8486748226445,98.82518080414317,93.24446707708974,94.5621337890625,346969,0.0,0.0
2007-10-22 00:00:00+05:30,94.5621496083785,95.9573312303118,93.01195043447066,94.94969940185547,123177,0.0,0.0
2007-10-23 00:00:00+05:30,98.05009449751387,104.7547009714523,97.19748616285224,100.60792541503906,256889,0.0,0.0
2007-10-24 00:00:00+05:30,101.57678990233018,104.17336608153963,99.6777985289789,101.46051788330078,254273,0.0,0.0
2007-10-25 00:00:00+05:30,103.08824044012847,104.59968220146612,100.8016991266094,102.27438354492188,752218,0.0,0.0
2007-10-26 00:00:00+05:30,102.31314368584972,107.73884069949328,100.0653596538869,104.2896499633789,384314,0.0,0.0
2007-10-29 00:00:00+05:30,107.66131876566861,108.28140074805512,103.86333584255642,104.63843536376953,426767,0.0,0.0
2007-10-30 00:00:00+05:30,105.87859388627353,107.73882791073501,99.98783309701307,103.7470703125,1397432,0.0,0.0
2007-10-31 00:00:00+05:30,104.6384300314888,106.03361146399122,103.0494737285577,103.63079833984375,231503,0.0,0.0
2007-11-01 00:00:00+05:30,102.31313737819995,109.17277291052497,102.31313737819995,105.02598571777344,880355,0.0,0.0
2007-11-02 00:00:00+05:30,101.15050191873613,108.3589308576716,101.15050191873613,107.23503875732422,298321,0.0,0.0
2007-11-05 00:00:00+05:30,107.73883467169306,112.38943185176613,105.72357116282929,110.49044036865234,1074342,0.0,0.0
2007-11-06 00:00:00+05:30,113.62960190314419,114.32718678660298,108.55269734483142,109.3665542602539,560264,0.0,0.0
2007-11-07 00:00:00+05:30,111.92438012198545,111.92438012198545,107.08000750889603,108.51394653320312,324298,0.0,0.0
2007-11-08 00:00:00+05:30,110.06412969916276,110.06412969916276,104.63843316469699,108.0876235961914,316264,0.0,0.0
2007-11-12 00:00:00+05:30,107.35128609174407,109.83160224974736,105.02598747603842,108.66895294189453,257459,0.0,0.0
2007-11-13 00:00:00+05:30,109.21151684927042,117.66010865256679,109.21151684927042,113.90087127685547,740656,0.0,0.0
2007-11-14 00:00:00+05:30,119.90789677150708,121.45809585537164,115.4898317479092,116.69123840332031,501519,0.0,0.0
2007-11-15 00:00:00+05:30,118.35768442075755,122.38819922160303,117.42756744011307,120.25667572021484,643125,0.0,0.0
2007-11-16 00:00:00+05:30,122.3882265804366,124.79104015905227,117.11755856954574,120.60550689697266,404733,0.0,0.0
2007-11-19 00:00:00+05:30,120.9155463326351,125.56614426850568,120.9155463326351,123.5508804321289,528199,0.0,0.0
2007-11-20 00:00:00+05:30,124.01590691038676,127.89140400133634,119.63659992844514,121.49683380126953,409672,0.0,0.0
2007-11-21 00:00:00+05:30,120.29544160286447,123.55085717988906,112.38942896521048,113.59083557128906,250030,0.0,0.0
2007-11-22 00:00:00+05:30,111.61432870901012,113.55207747131932,105.6848222271759,108.0876235961914,571926,0.0,0.0
2007-11-23 00:00:00+05:30,109.28903312971816,112.00188146981755,108.97899805025317,110.14164733886719,135258,0.0,0.0
2007-11-26 00:00:00+05:30,115.79987518172301,115.79987518172301,111.53682739377753,114.52096557617188,234957,0.0,0.0
2007-11-27 00:00:00+05:30,115.10228080049261,115.10228080049261,112.27317223218805,113.43582153320312,118435,0.0,0.0
2007-11-28 00:00:00+05:30,113.93963972426324,122.00067072902493,113.00952258172632,113.82337951660156,406659,0.0,0.0
2007-11-29 00:00:00+05:30,115.48984718523378,124.63602536800427,114.7147475396953,122.50450134277344,1496080,0.0,0.0
2007-11-30 00:00:00+05:30,124.0159197708771,127.89141726371702,122.69825298872748,127.07756042480469,1108285,0.0,0.0
2007-12-03 00:00:00+05:30,129.4416256394497,134.55728743148177,126.34122742054073,133.31712341308594,798567,0.0,0.0
2007-12-04 00:00:00+05:30,135.6424350702437,139.44041852137784,132.6195512480824,134.32476806640625,932631,0.0,0.0
2007-12-05 00:00:00+05:30,134.5572850255362,143.39341506060052,134.09222057018317,141.7657012939453,526873,0.0,0.0
2007-12-06 00:00:00+05:30,142.92835059298994,144.86609944499403,130.3329830549633,136.8438262939453,314378,0.0,0.0
2007-12-07 00:00:00+05:30,139.51791255945503,139.59542724170893,133.31711644570146,136.22373962402344,237092,0.0,0.0
2007-12-10 00:00:00+05:30,136.7275705634703,138.74283434059095,133.43339712242275,137.65769958496094,143178,0.0,0.0
2007-12-11 00:00:00+05:30,139.5179275758371,154.94240483811103,137.96772838055003,143.74221801757812,1516534,0.0,0.0
2007-12-12 00:00:00+05:30,145.2536407733283,145.2536407733283,139.94421632366632,141.41690063476562,822695,0.0,0.0
2007-12-13 00:00:00+05:30,143.08336577200322,144.32351781804104,141.1843626237154,142.69581604003906,508525,0.0,0.0
2007-12-14 00:00:00+05:30,143.3934184878454,145.7187171660267,140.7580847167389,144.207275390625,188441,0.0,0.0
2007-12-17 00:00:00+05:30,145.5636986429728,145.5636986429728,136.41752153807232,138.2777557373047,228444,0.0,0.0
2007-12-18 00:00:00+05:30,137.19260801117997,139.5179064520474,131.92192917979784,134.8673095703125,260544,0.0,0.0
2007-12-19 00:00:00+05:30,136.80508741396704,139.16914369786844,127.89144149181057,130.83682250976562,303376,0.0,0.0
2007-12-20 00:00:00+05:30,131.76693956779712,135.56492309509494,127.50389152295662,127.89144134521484,307878,0.0,0.0
2007-12-24 00:00:00+05:30,127.89144753386533,136.34002933708766,127.89144753386533,135.44866943359375,254868,0.0,0.0
2007-12-26 00:00:00+05:30,134.28597521286156,141.7269344143624,134.28597521286156,140.5642852783203,195221,0.0,0.0
2007-12-27 00:00:00+05:30,141.84322696823403,141.84322696823403,135.64243016087954,136.26251220703125,297760,0.0,0.0
2007-12-28 00:00:00+05:30,136.02997863598253,138.7428272127685,134.8673292459314,138.0452423095703,791636,0.0,0.0
2007-12-31 00:00:00+05:30,138.7428166495507,140.95185505329465,136.8050678136631,138.51028442382812,236029,0.0,0.0
2008-01-01 00:00:00+05:30,140.06047581177202,151.8419857224671,136.88257499143722,150.83436584472656,807945,0.0,0.0
2008-01-02 00:00:00+05:30,155.0199103314696,160.44560719307103,150.3693130215255,158.4303436279297,1368393,0.0,0.0
2008-01-03 00:00:00+05:30,155.01988349269277,159.67047999747356,147.26888931805814,155.79498291015625,558295,0.0,0.0
2008-01-04 00:00:00+05:30,155.79501454097252,162.69339602613346,155.09742965445724,156.60887145996094,704250,0.0,0.0
2008-01-07 00:00:00+05:30,154.1673162574306,176.29641371693916,154.1673162574306,168.27413940429688,1287586,0.0,0.0
2008-01-08 00:00:00+05:30,169.82431517384885,169.82431517384885,158.8954068499243,162.69338989257812,1187961,0.0,0.0
2008-01-09 00:00:00+05:30,158.89543665694998,162.77093511199755,155.9112981157303,156.8801727294922,748836,0.0,0.0
2008-01-10 00:00:00+05:30,158.50789210531195,159.59302697813365,147.34646091283713,149.28421020507812,244202,0.0,0.0
2008-01-11 00:00:00+05:30,148.81911176812997,150.369310849048,142.11450547399167,144.4010467529297,928086,0.0,0.0
2008-01-14 00:00:00+05:30,145.718707895954,157.19018301062593,144.5560586308267,150.56307983398438,778694,0.0,0.0
2008-01-15 00:00:00+05:30,150.3693096810874,154.24480735328038,150.05927459814407,151.06689453125,509500,0.0,0.0
2008-01-16 00:00:00+05:30,148.04399806839427,152.578334677237,139.75043614411473,147.7339630126953,563228,0.0,0.0
2008-01-17 00:00:00+05:30,148.58656781625604,152.30704768230845,147.26890106686315,149.2454071044922,395265,0.0,0.0
2008-01-18 00:00:00+05:30,148.04401845380295,148.89663271499754,138.78158092119324,140.68057250976562,625850,0.0,0.0
2008-01-21 00:00:00+05:30,140.68055779596978,140.68055779596978,108.66894641141583,128.821533203125,305355,0.0,0.0
2008-01-22 00:00:00+05:30,120.1404289927909,146.493813417016,103.08823907123349,119.17155456542969,343920,0.0,0.0
2008-01-23 00:00:00+05:30,122.93077900365401,135.64240540822138,122.46571459713701,127.93016815185547,526649,0.0,0.0
2008-01-24 00:00:00+05:30,132.1544682567425,135.64241609929582,130.4880090183546,131.92193603515625,619140,0.0,0.0
2008-01-25 00:00:00+05:30,134.092217186459,142.85084414266686,132.19322572466794,139.47915649414062,596601,0.0,0.0
2008-01-28 00:00:00+05:30,135.6424341659526,144.5560798397152,131.06935111633317,141.92074584960938,392215,0.0,0.0
2008-01-29 00:00:00+05:30,145.40866836557657,146.26127070428737,131.76691267540835,133.16209411621094,493105,0.0,0.0
2008-01-30 00:00:00+05:30,136.10750174029562,136.37877951849586,124.79104224671708,127.50389099121094,620673,0.0,0.0
2008-01-31 00:00:00+05:30,122.93078280476684,131.76691218517624,118.59022096665862,125.60487365722656,891376,0.0,0.0
2008-02-01 00:00:00+05:30,124.17093853610736,131.76691606279005,124.17093853610736,130.44924926757812,205048,0.0,0.0
2008-02-04 00:00:00+05:30,133.85968834250667,144.16851460146862,132.81331105858294,141.7657012939453,538929,0.0,0.0
2008-02-05 00:00:00+05:30,142.38579038809763,146.18378542387927,135.87495865115912,141.37815856933594,373261,0.0,0.0
2008-02-06 00:00:00+05:30,139.51792091251983,146.10626717783327,133.7821888947263,139.0528564453125,653461,0.0,0.0
2008-02-07 00:00:00+05:30,140.06047849271837,143.39340873688354,131.8444308180962,133.007080078125,401969,0.0,0.0
2008-02-08 00:00:00+05:30,131.76694337267455,134.8673420402669,126.41876040191069,130.5267791748047,365792,0.0,0.0
2008-02-11 00:00:00+05:30,126.41872864431701,131.37936053547367,112.58319833497079,124.36470794677734,367753,0.0,0.0
2008-02-12 00:00:00+05:30,125.95365623139415,127.89140478880022,123.24080825102565,126.45746612548828,228296,0.0,0.0
2008-02-13 00:00:00+05:30,127.89141727995084,130.60426552528313,124.82977662563464,127.03880310058594,156063,0.0,0.0
2008-02-14 00:00:00+05:30,127.93017826986917,139.28538151843878,127.93017826986917,137.07635498046875,299783,0.0,0.0
2008-02-15 00:00:00+05:30,137.58017557571384,137.58017557571384,131.8444434093052,136.4950408935547,379560,0.0,0.0
2008-02-18 00:00:00+05:30,136.80507584643098,140.95186332954896,136.57254360705485,139.0141143798828,230786,0.0,0.0
2008-02-19 00:00:00+05:30,142.54080816141422,142.54080816141422,135.33239152249232,136.4950408935547,141151,0.0,0.0
2008-02-20 00:00:00+05:30,136.4175036921251,138.51026984925892,132.1544567017462,134.36349487304688,432902,0.0,0.0
2008-02-21 00:00:00+05:30,134.55728146621462,137.19261510462397,128.66652038060778,131.99945068359375,222501,0.0,0.0
2008-02-22 00:00:00+05:30,131.37937697513888,131.37937697513888,125.3335979701588,129.86793518066406,101456,0.0,0.0
2008-02-25 00:00:00+05:30,131.6894085166529,133.6271573872751,128.47275012225225,130.02294921875,173127,0.0,0.0
2008-02-26 00:00:00+05:30,130.9918236353182,132.42576253020567,128.8602998779388,130.06170654296875,150782,0.0,0.0
2008-02-27 00:00:00+05:30,131.76691363809843,133.6271476880397,126.61250674720466,128.821533203125,196984,0.0,0.0
2008-02-28 00:00:00+05:30,127.89142203376491,133.31711872610646,124.86853860743527,130.1392059326172,996299,0.0,0.0
2008-02-29 00:00:00+05:30,131.49561920892214,131.49561920892214,122.93077960171264,128.31771850585938,543044,0.0,0.0
2008-03-03 00:00:00+05:30,125.56611849633475,127.81390230648663,118.59022302431616,122.11692810058594,848744,0.0,0.0
2008-03-04 00:00:00+05:30,121.30307655592031,127.89142256694474,114.94726276952457,120.4504623413086,311791,0.0,0.0
2008-03-05 00:00:00+05:30,117.81513225244566,119.90789868361905,108.78522717577138,112.81574249267578,682532,0.0,0.0
2008-03-07 00:00:00+05:30,110.45169832628916,113.93964669448776,105.87861519659485,110.4129409790039,526280,0.0,0.0
2008-03-10 00:00:00+05:30,106.18864178522249,113.16453796089404,105.02599242261056,112.11814880371094,197302,0.0,0.0
2008-03-11 00:00:00+05:30,110.52920060581513,115.25730076649104,110.06413614479365,112.42819213867188,637451,0.0,0.0
2008-03-12 00:00:00+05:30,116.14867485353868,117.73761950433015,110.06413852135005,111.38180541992188,1196508,0.0,0.0
2008-03-13 00:00:00+05:30,108.70772084582218,110.76173009175557,105.49106217907787,108.20391082763672,143428,0.0,0.0
2008-03-14 00:00:00+05:30,108.5139347777374,110.45168361305414,105.06474421628967,108.35891723632812,94629,0.0,0.0
2008-03-17 00:00:00+05:30,105.02598565863084,106.18863494636476,97.66254016964935,99.98783874511719,275506,0.0,0.0
2008-03-18 00:00:00+05:30,99.60029830456772,102.23563220591832,91.4617525287081,93.20572662353516,219669,0.0,0.0
2008-03-19 00:00:00+05:30,97.35249795619481,98.74767944939764,94.87218187221201,96.69366455078125,414904,0.0,0.0
2008-03-24 00:00:00+05:30,97.11997282061675,98.36013087756014,93.08945174362563,97.50752258300781,312899,0.0,0.0
2008-03-25 00:00:00+05:30,98.28262825098705,105.02599217267235,98.28262825098705,104.32840728759766,519213,0.0,0.0
2008-03-26 00:00:00+05:30,105.72356638256251,106.11111613004563,102.31313333554296,104.90972137451172,224821,0.0,0.0
2008-03-27 00:00:00+05:30,103.12699477438419,105.95610332647381,100.80169618568141,102.97197723388672,487664,0.0,0.0
2008-03-28 00:00:00+05:30,103.32076912688613,105.95610278306832,101.22800277320263,105.02598571777344,926752,0.0,0.0
2008-03-31 00:00:00+05:30,105.02598508975804,106.18863437119448,102.77820120981296,104.71595001220703,148254,0.0,0.0
2008-04-01 00:00:00+05:30,105.49103031015198,106.03359751053745,98.90267966902869,100.25910949707031,476196,0.0,0.0
2008-04-02 00:00:00+05:30,102.31314958844867,104.63844844273159,100.02660808048677,103.08824920654297,395509,0.0,0.0
2008-04-03 00:00:00+05:30,103.63081299877602,104.63844483295404,100.84046156614595,103.3207778930664,90324,0.0,0.0
2008-04-04 00:00:00+05:30,101.6155593708606,103.43703628227081,92.46938198826415,94.17459869384766,250136,0.0,0.0
2008-04-07 00:00:00+05:30,94.56214040977281,103.59204498856258,94.56214040977281,101.4217758178711,928524,0.0,0.0
2008-04-08 00:00:00+05:30,101.53803256265371,103.7083134866607,98.82518436441488,101.46051788330078,156429,0.0,0.0
2008-04-09 00:00:00+05:30,101.61555653741065,104.2896476405887,94.63965461884207,102.77820587158203,228501,0.0,0.0
2008-04-10 00:00:00+05:30,102.70068832440727,106.84747556494186,102.31313855714535,103.20449829101562,169334,0.0,0.0
2008-04-11 00:00:00+05:30,103.94087080137726,110.0641534826047,102.3131567584776,108.5527114868164,399183,0.0,0.0
2008-04-15 00:00:00+05:30,110.45170237846843,111.45933430944284,106.34367178423875,110.64547729492188,914116,0.0,0.0
2008-04-16 00:00:00+05:30,111.22678013409936,113.16452891692339,108.51393183814571,108.97899627685547,406260,0.0,0.0
2008-04-17 00:00:00+05:30,109.4440438823659,113.93962321829974,109.4440438823659,113.04826354980469,186874,0.0,0.0
2008-04-21 00:00:00+05:30,112.38942766460218,113.93962666687256,109.48280453534522,110.29666137695312,420336,0.0,0.0
2008-04-22 00:00:00+05:30,111.45933175384289,112.9707737021082,110.68423210580099,111.69186401367188,487684,0.0,0.0
2008-04-23 00:00:00+05:30,112.38943722250532,113.16453678955709,110.87799543217055,111.38180541992188,99325,0.0,0.0
2008-04-24 00:00:00+05:30,115.87738098250864,115.87738098250864,110.49044155643016,111.2267837524414,407302,0.0,0.0
2008-04-25 00:00:00+05:30,111.61432300195597,112.3506651285669,110.8392235366646,111.73058319091797,136177,0.0,0.0
2008-04-28 00:00:00+05:30,113.1645296945148,116.14866757140081,111.03300601876195,114.28842163085938,460859,0.0,0.0
2008-04-29 00:00:00+05:30,114.32718533000899,117.89264804401444,112.46695111309876,116.10991668701172,361557,0.0,0.0
2008-04-30 00:00:00+05:30,117.27257208032754,118.20268923677442,114.40470591999912,114.90851593017578,241663,0.0,0.0
2008-05-02 00:00:00+05:30,115.95489502029288,121.22556238996776,115.8773803360587,118.47396850585938,873101,0.0,0.0
2008-05-05 00:00:00+05:30,121.36937443390255,121.36937443390255,117.40305500795802,117.68070220947266,443624,3.5,0.0
2008-05-06 00:00:00+05:30,118.19632921127597,122.79726256786638,116.60980130239977,117.2840805053711,562639,0.0,0.0
2008-05-07 00:00:00+05:30,117.40305280371527,119.70351318587343,116.21315699827221,118.03766632080078,175561,0.0,0.0
2008-05-08 00:00:00+05:30,116.60979112276912,118.83093242214731,115.89585846779762,117.68070220947266,96744,0.0,0.0
2008-05-09 00:00:00+05:30,116.60980193783539,118.59296183473735,116.60980193783539,117.79969787597656,203501,0.0,0.0
2008-05-12 00:00:00+05:30,116.21315987209154,117.40305570695938,113.51606748808967,115.85619354248047,63261,0.0,0.0
2008-05-13 00:00:00+05:30,116.21316270522792,119.38621834223072,116.21316270522792,118.35497283935547,131317,0.0,0.0
2008-05-14 00:00:00+05:30,118.19630653688368,119.7828341414056,115.97516546970397,117.24439239501953,69332,0.0,0.0
2008-05-15 00:00:00+05:30,117.87901644951292,119.18789699915293,115.45955921437141,117.4030532836914,175935,0.0,0.0
2008-05-16 00:00:00+05:30,117.60136925207601,118.9895810307683,116.13382624433143,117.4030532836914,99193,0.0,0.0
2008-05-20 00:00:00+05:30,117.60137490051156,117.87902211128396,115.41989914350376,116.57012939453125,47107,0.0,0.0
2008-05-21 00:00:00+05:30,115.61821707332874,118.19632482968083,115.30091634501493,115.65788269042969,45529,0.0,0.0
2008-05-22 00:00:00+05:30,115.26125152654838,117.00642975286029,109.78772314335791,110.343017578125,188308,0.0,0.0
2008-05-23 00:00:00+05:30,108.6771524241439,111.05694408306675,107.24927500794092,108.43917083740234,314999,0.0,0.0
2008-05-26 00:00:00+05:30,109.47042173515395,109.47042173515395,103.20364156447796,103.56060791015625,144549,0.0,0.0
2008-05-27 00:00:00+05:30,106.05938583015354,107.88389530393718,97.61112975283082,98.48371887207031,616622,0.0,0.0
2008-05-28 00:00:00+05:30,99.15799723925271,100.34789320612374,92.69289460882867,97.4128189086914,739403,0.0,0.0
2008-05-29 00:00:00+05:30,99.07866723374113,100.66519511241714,95.35032308757839,97.57146453857422,506473,0.0,0.0
2008-05-30 00:00:00+05:30,98.99933208602494,99.15798243707508,91.5029849825083,92.05827331542969,963212,0.0,0.0
2008-06-02 00:00:00+05:30,92.41525089400942,95.19167474061055,89.24219506932239,90.98737335205078,498467,0.0,0.0
2008-06-03 00:00:00+05:30,91.22534720850062,92.89120016449209,88.84555554219192,91.58231353759766,229572,0.0,0.0
2008-06-04 00:00:00+05:30,91.22533902506713,92.81186666028569,88.84554757223928,89.28184509277344,106596,0.0,0.0
2008-06-05 00:00:00+05:30,88.84555531010244,90.43208308349713,87.49700912356623,89.55949401855469,111126,0.0,0.0
2008-06-06 00:00:00+05:30,90.03544682786139,91.85995610072888,84.87923181128784,86.14845275878906,163327,0.0,0.0
2008-06-09 00:00:00+05:30,80.67493392127525,87.25902652540506,80.67493392127525,83.64967346191406,236645,0.0,0.0
2008-06-10 00:00:00+05:30,83.29270702297404,85.07755074489492,80.11965151733695,81.90449523925781,254007,0.0,0.0
2008-06-11 00:00:00+05:30,83.6893442024305,84.00665098329095,81.30955242416233,81.70618438720703,182389,0.0,0.0
2008-06-12 00:00:00+05:30,81.30954753535572,84.00664593231897,78.53312396097772,83.05472564697266,222722,0.0,0.0
2008-06-13 00:00:00+05:30,84.00665341954961,84.48261057858168,81.34922040050722,81.62686157226562,167374,0.0,0.0
2008-06-16 00:00:00+05:30,82.85641466525269,84.32395777032426,82.85641466525269,83.45136260986328,113490,0.0,0.0
2008-06-17 00:00:00+05:30,85.27587282514611,92.41524822446067,83.92732655945832,90.51141357421875,700059,0.0,0.0
2008-06-18 00:00:00+05:30,92.01861276726973,95.58830033151726,91.62198081568667,94.20008850097656,553653,0.0,0.0
2008-06-19 00:00:00+05:30,92.01861377657382,93.56547598386516,85.71216809808038,87.10037994384766,459087,0.0,0.0
2008-06-20 00:00:00+05:30,87.65565808476953,88.845553895875,80.91291515517187,82.2218017578125,378726,0.0,0.0
2008-06-23 00:00:00+05:30,80.11966024715747,83.29271609853004,75.43940165595818,76.27233123779297,345668,0.0,0.0
2008-06-24 00:00:00+05:30,75.3600742679616,79.2867283484428,74.56681032829883,75.75670623779297,323769,0.0,0.0
2008-06-25 00:00:00+05:30,76.15333567414876,76.15333567414876,71.39375219451446,74.68579864501953,223857,0.0,0.0
2008-06-26 00:00:00+05:30,77.58119447047761,77.58119447047761,69.80720757021818,70.32283020019531,1146192,0.0,0.0
2008-06-27 00:00:00+05:30,68.775980192049,69.41059375580863,67.03080196989521,67.26878356933594,341454,0.0,0.0
2008-06-30 00:00:00+05:30,67.42743281124694,67.62574879010356,62.42986772321106,63.14380645751953,224484,0.0,0.0
2008-07-01 00:00:00+05:30,63.143796712682395,63.143796712682395,57.90825688928144,58.463539123535156,258962,0.0,0.0
2008-07-02 00:00:00+05:30,58.463547598940195,61.71593446344939,55.6077987405556,60.645023345947266,365586,0.0,0.0
2008-07-03 00:00:00+05:30,61.00199827356866,61.00199827356866,55.36982550287085,59.09816360473633,564910,0.0,0.0
2008-07-04 00:00:00+05:30,59.09816133032117,64.0957263871574,56.321737643661784,63.1834716796875,574337,0.0,0.0
2008-07-07 00:00:00+05:30,65.04763863529367,66.51517561359213,59.49479143471982,60.88300323486328,521604,0.0,0.0
2008-07-08 00:00:00+05:30,59.4154640313412,62.866160594895085,58.78085052562243,61.83491516113281,310647,0.0,0.0
2008-07-09 00:00:00+05:30,66.63417150804155,66.63417150804155,62.70751739359569,64.21471405029297,287200,0.0,0.0
2008-07-10 00:00:00+05:30,63.42144451407222,64.9683127047344,63.06447819044722,64.175048828125,167340,0.0,0.0
2008-07-11 00:00:00+05:30,66.23752649511496,66.23752649511496,61.91424125849835,62.628173828125,186257,0.0,0.0
2008-07-14 00:00:00+05:30,62.27122132034547,63.46111726914188,61.081325371549056,61.676273345947266,137358,0.0,0.0
2008-07-15 00:00:00+05:30,60.68468782545263,60.92266941424486,58.30489614602311,58.780853271484375,312680,0.0,0.0
2008-07-16 00:00:00+05:30,58.503219974082235,59.891431973467235,56.40106916458871,57.313323974609375,188555,0.0,0.0
2008-07-17 00:00:00+05:30,58.70152892059225,60.92267027357209,58.70152892059225,60.08974075317383,259595,0.0,0.0
2008-07-18 00:00:00+05:30,60.486365704862706,63.54043017265092,58.86017246834195,62.90582275390625,292317,0.0,0.0
2008-07-21 00:00:00+05:30,62.86616471931745,67.42743219106603,61.31930251931291,66.11854553222656,500209,0.0,0.0
2008-07-22 00:00:00+05:30,67.18945464282402,70.99712405193361,65.2856259903929,68.93463897705078,698243,0.0,0.0
2008-07-23 00:00:00+05:30,72.26634648947808,82.34080254433925,72.26634648947808,75.04277038574219,487317,0.0,0.0
2008-07-24 00:00:00+05:30,75.36008299058354,78.53313911650284,72.50433368768101,73.05961608886719,326859,0.0,0.0
2008-07-25 00:00:00+05:30,71.94903813766753,73.09927450113412,69.13295473495347,72.14735412597656,160137,0.0,0.0
2008-07-28 00:00:00+05:30,71.6317292703794,75.99468051813594,71.39374769056165,73.37690734863281,790997,0.0,0.0
2008-07-29 00:00:00+05:30,71.79038368578207,74.56680736423773,64.33370173893364,66.11854553222656,849473,0.0,0.0
2008-07-30 00:00:00+05:30,67.42743184503986,68.6173277011288,66.31686116893219,67.90338897705078,424523,0.0,0.0
2008-07-31 00:00:00+05:30,69.45024974267625,69.56923447377396,65.08729874016284,66.39617919921875,482539,0.0,0.0
2008-08-01 00:00:00+05:30,66.39619291560284,70.4418440681252,64.65101457492078,69.7279052734375,345845,0.0,0.0
2008-08-04 00:00:00+05:30,69.80722027202404,73.77353960566177,69.1726067577928,72.46465301513672,379274,0.0,0.0
2008-08-05 00:00:00+05:30,72.98028219212628,76.54996990804551,72.22668387294831,76.07401275634766,560239,0.0,0.0
2008-08-06 00:00:00+05:30,77.14490782283092,81.70617486634019,77.14490782283092,79.0884017944336,1260826,0.0,0.0
2008-08-07 00:00:00+05:30,78.45380137058761,80.11965435972151,76.94659874151472,77.97784423828125,197000,0.0,0.0
2008-08-08 00:00:00+05:30,77.73985543793162,79.04874196950502,74.20983381083383,75.87568664550781,391558,0.0,0.0
2008-08-11 00:00:00+05:30,77.0259340094595,79.16775046353197,77.0259340094595,78.45381164550781,199066,0.0,0.0
2008-08-12 00:00:00+05:30,79.32639340431803,79.64370018836,76.35165365165611,77.26390838623047,335125,0.0,0.0
2008-08-13 00:00:00+05:30,77.73986264606641,80.15931997579841,75.59805252462615,77.97784423828125,429169,0.0,0.0
2008-08-14 00:00:00+05:30,77.73986955980065,78.41414272821089,73.53556807092109,74.1305160522461,233238,0.0,0.0
2008-08-18 00:00:00+05:30,74.13050852885482,74.96343803902661,72.18701440795157,73.53556060791016,156830,0.0,0.0
2008-08-19 00:00:00+05:30,73.01994931623524,73.37691567434203,71.3937557912517,72.14735412597656,183950,0.0,0.0
2008-08-20 00:00:00+05:30,72.98027589289295,74.01152134266347,72.18701202449193,72.74229431152344,151772,0.0,0.0
2008-08-21 00:00:00+05:30,72.10768896677614,72.82162767973891,69.80722247039529,70.64015197753906,109641,0.0,0.0
2008-08-22 00:00:00+05:30,69.80722058779497,71.94903061679855,69.41058865263705,71.55239868164062,123489,0.0,0.0
2008-08-25 00:00:00+05:30,72.34566497802734,73.81320802902331,72.18701461949314,72.34566497802734,119768,0.0,0.0
2008-08-26 00:00:00+05:30,72.54398385410886,72.54398385410886,68.45867946326489,70.75914001464844,208705,0.0,0.0
2008-08-27 00:00:00+05:30,71.47307645690162,72.18701518009647,69.01395956778453,69.37092590332031,159066,0.0,0.0
2008-08-28 00:00:00+05:30,69.41058913085413,70.20385300663533,66.39618398203638,67.11012268066406,695727,0.0,0.0
2008-08-29 00:00:00+05:30,67.5067606042795,72.06802829446222,67.5067606042795,71.6317367553711,536241,0.0,0.0
2008-09-01 00:00:00+05:30,70.00554324497824,71.83005274190077,69.80722725844856,71.6317367553711,165510,0.0,0.0
2008-09-02 00:00:00+05:30,71.39374462912843,78.29513752242842,71.39374462912843,77.66053009033203,745375,0.0,0.0
2008-09-04 00:00:00+05:30,75.79637376289082,79.04875478692311,75.04276936997411,77.46222686767578,370013,0.0,0.0
2008-09-05 00:00:00+05:30,74.6461355118404,76.9466021472871,73.17859843388902,75.75670623779297,174494,0.0,0.0
2008-09-08 00:00:00+05:30,77.89851367536168,80.4766213873035,77.620872516808,78.49346160888672,529187,0.0,0.0
2008-09-09 00:00:00+05:30,79.08840712344299,79.08840712344299,74.44781459430784,75.36006927490234,368460,0.0,0.0
2008-09-10 00:00:00+05:30,74.6461375062924,78.09683452559901,74.6461375062924,77.7398681640625,756105,0.0,0.0
2008-09-11 00:00:00+05:30,76.94660322453463,80.75427260907239,76.3913208798462,80.1593246459961,1032040,0.0,0.0
2008-09-12 00:00:00+05:30,81.62686514737382,82.69777031513058,78.21582759602008,79.40572357177734,1171574,0.0,0.0
2008-09-15 00:00:00+05:30,71.3937572206047,76.9466050044295,71.3937572206047,74.76512908935547,311683,0.0,0.0
2008-09-16 00:00:00+05:30,71.39374885616135,80.87324975565798,64.4526899395901,79.56436920166016,527482,0.0,0.0
2008-09-17 00:00:00+05:30,82.49944578296076,82.49944578296076,79.3263901759238,81.50786590576172,740163,0.0,0.0
2008-09-18 00:00:00+05:30,79.24707090011702,88.6075820069646,75.47906708604258,87.45735168457031,883471,0.0,0.0
2008-09-19 00:00:00+05:30,89.63881997294808,91.22534776007991,85.31553417386316,86.26744842529297,919182,0.0,0.0
2008-09-22 00:00:00+05:30,87.25902382056182,88.01262205998114,81.90449281339097,84.04630279541016,470310,0.0,0.0
2008-09-23 00:00:00+05:30,81.46819957820453,84.87923674682335,79.44538027766164,83.3323745727539,356804,0.0,0.0
2008-09-24 00:00:00+05:30,83.37203526744258,84.79991271836005,80.87325275439869,81.46820068359375,499775,0.0,0.0
2008-09-25 00:00:00+05:30,81.50786765166164,85.47418724541647,80.15932141063436,84.40328216552734,449147,0.0,0.0
2008-09-26 00:00:00+05:30,82.65809992965461,84.48260940814471,76.1930036758006,77.2242431640625,588646,0.0,0.0
2008-09-29 00:00:00+05:30,77.89851140991388,78.92975688554922,66.83248258902033,72.42499542236328,963588,0.0,0.0
2008-09-30 00:00:00+05:30,63.461113835369574,75.75670464097243,63.461113835369574,73.13893127441406,670896,0.0,0.0
2008-10-01 00:00:00+05:30,69.80721729274943,76.15332795572664,69.80721729274943,74.0908432006836,722516,0.0,0.0
2008-10-03 00:00:00+05:30,74.17016859977475,75.32039874009863,71.79037709389964,73.7735366821289,222464,0.0,0.0
2008-10-06 00:00:00+05:30,72.46465573814038,73.29758525035248,66.4755169505674,68.26036071777344,563364,0.0,0.0
2008-10-07 00:00:00+05:30,69.56924359513829,74.48748354681285,68.30002252933059,69.64857482910156,356361,0.0,0.0
2008-10-08 00:00:00+05:30,67.82406642791115,68.18103277773494,65.12696783906658,67.50675964355469,216898,0.0,0.0
2008-10-10 00:00:00+05:30,65.84090620264108,70.79880576609297,60.367383874165505,69.2916030883789,330211,0.0,0.0
2008-10-13 00:00:00+05:30,69.48992575078272,72.98028858939604,69.01396855736364,71.11611938476562,261084,0.0,0.0
2008-10-14 00:00:00+05:30,72.18701609101159,79.32639130880393,72.18701609101159,73.8132095336914,349237,0.0,0.0
2008-10-15 00:00:00+05:30,72.30600504689535,73.37691009186551,69.01395868099783,70.04520416259766,130414,0.0,0.0
2008-10-16 00:00:00+05:30,67.22912335605243,76.15334327057265,65.20629775457824,75.28075408935547,480001,0.0,0.0
2008-10-17 00:00:00+05:30,69.96587060866722,78.13649085495882,69.96587060866722,73.93218994140625,281230,0.0,0.0
2008-10-20 00:00:00+05:30,74.5668057769022,77.73986134187676,71.51274100603882,75.32040405273438,379017,0.0,0.0
2008-10-21 00:00:00+05:30,75.47906249186777,78.53312734485408,74.4874826011499,77.89851379394531,256094,0.0,0.0
2008-10-22 00:00:00+05:30,73.85286905024114,79.28672564095031,73.85286905024114,77.89851379394531,447621,0.0,0.0
2008-10-23 00:00:00+05:30,74.56680006448384,76.51029402829417,73.17858836115569,74.40814971923828,164013,0.0,0.0
2008-10-24 00:00:00+05:30,67.50676063879355,74.3684949866535,61.87458782889572,64.21471405029297,222718,0.0,0.0
2008-10-27 00:00:00+05:30,59.574113883419784,64.65100373033708,52.395079677153014,54.02126693725586,666890,0.0,0.0
2008-10-29 00:00:00+05:30,62.27121987206144,63.46111579318362,54.17993002927997,55.56814193725586,545082,0.0,0.0
2008-10-31 00:00:00+05:30,58.701521581533,59.73276694908462,56.87701240882553,58.30488967895508,277704,0.0,0.0
2008-11-03 00:00:00+05:30,66.75315385598178,66.75315385598178,60.764009397414796,61.91424560546875,315064,0.0,0.0
2008-11-04 00:00:00+05:30,63.54043518363297,66.63416550687687,59.53445624574338,66.23753356933594,572476,0.0,0.0
2008-11-05 00:00:00+05:30,68.8553015225292,69.64856533706468,64.25436897737434,65.84089660644531,486011,0.0,0.0
2008-11-06 00:00:00+05:30,63.4611169110969,65.8012431763441,62.11257059758558,63.7387580871582,227370,0.0,0.0
2008-11-07 00:00:00+05:30,67.4274268164649,67.4274268164649,62.66784374706738,66.03921508789062,343205,0.0,0.0
2008-11-10 00:00:00+05:30,66.59450201630807,68.18102981707418,65.84090373179347,66.47551727294922,204531,0.0,0.0
2008-11-11 00:00:00+05:30,63.461107436506,66.6341628083313,63.461107436506,65.7615737915039,1245032,0.0,0.0
2008-11-12 00:00:00+05:30,65.04763279190982,66.23752851371306,63.65942111647272,65.84089660644531,1756194,0.0,0.0
2008-11-14 00:00:00+05:30,65.92023344419958,68.22070012391927,63.06448441687887,63.50078201293945,171194,0.0,0.0
2008-11-17 00:00:00+05:30,63.46111471022183,64.2543786440996,58.979172273387704,59.7327766418457,207074,0.0,0.0
2008-11-18 00:00:00+05:30,59.09815638405936,59.49478830610003,54.774870854665224,55.52846908569336,397777,0.0,0.0
2008-11-19 00:00:00+05:30,55.56813856041909,57.11500074302676,53.1090156311735,53.18834686279297,720283,0.0,0.0
2008-11-20 00:00:00+05:30,50.7688889297488,52.355416708803446,49.26168632922224,50.6895637512207,862028,0.0,0.0
2008-11-21 00:00:00+05:30,50.173941618794814,51.52248782643486,47.71482474197419,49.46000289916992,370573,0.0,0.0
2008-11-24 00:00:00+05:30,49.975629221395664,51.16552515523842,48.984049276526704,49.777313232421875,376521,0.0,0.0
2008-11-25 00:00:00+05:30,50.45158321403314,51.56215389292071,49.97562608083084,50.808555603027344,284306,0.0,0.0
2008-11-26 00:00:00+05:30,51.403500069088295,51.482825243923344,49.18235886096954,50.76888656616211,306036,0.0,0.0
2008-11-27 00:00:00+05:30,50.76888656616211,50.76888656616211,50.76888656616211,50.76888656616211,0,0.0,0.0
2008-11-28 00:00:00+05:30,49.222024334648836,50.61023615809375,48.547751230828815,49.46000289916992,383524,0.0,0.0
2008-12-01 00:00:00+05:30,49.81697398608311,52.315753539276976,49.57899541331157,51.48283004760742,460619,0.0,0.0
2008-12-02 00:00:00+05:30,50.64990180244848,51.8397977228762,49.182364711012355,51.284515380859375,106956,0.0,0.0
2008-12-03 00:00:00+05:30,50.96720767212875,53.54531545320919,50.768891688968715,52.31575393676758,188950,0.0,0.0
2008-12-04 00:00:00+05:30,52.55373874073945,53.94195070747596,51.56215876449908,53.822959899902344,597236,0.0,0.0
2008-12-05 00:00:00+05:30,53.30733292186234,55.09217673914063,52.59340023664975,52.99003219604492,196741,0.0,0.0
2008-12-08 00:00:00+05:30,55.449143930725505,55.449143930725505,50.887876825693596,51.99844741821289,400191,0.0,0.0
2008-12-10 00:00:00+05:30,52.67272699638209,53.06935896766189,51.760472252013834,52.47441101074219,158771,0.0,0.0
2008-12-11 00:00:00+05:30,53.38666868812768,53.941951057576695,52.157107088759815,52.63306427001953,696156,0.0,0.0
2008-12-12 00:00:00+05:30,51.16552302670321,55.52847460262364,50.7688910652559,54.417903900146484,776034,0.0,0.0
2008-12-15 00:00:00+05:30,56.32173587426235,63.46111084423927,54.81453328128704,55.6871223449707,1827352,0.0,0.0
2008-12-16 00:00:00+05:30,56.24241187552919,57.7099488841517,53.94194534876035,55.21116638183594,992796,0.0,0.0
2008-12-17 00:00:00+05:30,56.321738367570696,57.03567710659839,51.998452420768515,52.395084381103516,856097,0.0,0.0
2008-12-18 00:00:00+05:30,52.35541967273767,54.457570309416234,50.96720778747569,53.98161315917969,2059955,0.0,0.0
2008-12-19 00:00:00+05:30,54.14026079757445,55.92510456013185,53.94194482395696,54.97319030761719,1840157,0.0,0.0
2008-12-22 00:00:00+05:30,55.60780135917249,57.3529856702343,55.52847617506141,56.163089752197266,2777461,0.0,0.0
2008-12-23 00:00:00+05:30,56.32173731464264,56.36140293078396,54.179927189723855,54.89385986328125,464532,0.0,0.0
2008-12-24 00:00:00+05:30,54.73521120642278,55.885441484838786,53.9816128932707,55.1715087890625,456241,0.0,0.0
2008-12-26 00:00:00+05:30,56.32173987553485,58.225574546541026,54.41790520452867,55.09217834472656,436203,0.0,0.0
2008-12-29 00:00:00+05:30,55.13184004593287,56.242410696131685,53.98160983273029,55.6871223449707,255904,0.0,0.0
2008-12-30 00:00:00+05:30,56.3217364394351,56.79769356511836,55.17150621469028,56.44072723388672,263855,0.0,0.0
2008-12-31 00:00:00+05:30,57.03567781171498,57.67028532482242,55.96477271599584,56.91668701171875,556210,0.0,0.0
2009-01-02 00:00:00+05:30,58.50320161362703,61.23995913266988,57.90825380060709,59.81208801269531,729084,0.0,0.0
2009-01-05 00:00:00+05:30,60.92266137024653,62.866155230986415,60.52602947604472,61.755584716796875,707636,0.0,0.0
2009-01-06 00:00:00+05:30,60.7640102412614,63.06447663719368,58.86017577386493,59.772430419921875,661162,0.0,0.0
2009-01-07 00:00:00+05:30,61.79526154467949,61.79526154467949,54.33857936965922,55.44915008544922,458825,0.0,0.0
2009-01-09 00:00:00+05:30,55.52846624155042,56.08374848311691,52.355411027747536,54.1799201965332,280794,0.0,0.0
2009-01-12 00:00:00+05:30,54.17992610332183,55.44914711679114,53.26767141947343,53.902278900146484,269515,0.0,0.0
2009-01-13 00:00:00+05:30,53.7832947871995,54.576558686408205,52.67272411788266,53.18834686279297,167615,0.0,0.0
2009-01-14 00:00:00+05:30,53.94194793701172,55.21116903098728,53.14868399676155,53.94194793701172,343806,0.0,0.0
2009-01-15 00:00:00+05:30,54.73520971384615,54.73520971384615,52.39508360345133,52.83137512207031,635251,0.0,0.0
2009-01-16 00:00:00+05:30,53.06935265153749,54.2195828105032,52.75204590185365,53.148677825927734,199177,0.0,0.0
2009-01-19 00:00:00+05:30,53.862621433034846,53.862621433034846,52.752050733484175,53.26767349243164,137894,0.0,0.0
2009-01-20 00:00:00+05:30,52.39507934038958,53.74362545494118,51.6018154960362,51.99844741821289,1673204,0.0,0.0
2009-01-21 00:00:00+05:30,51.56215165012567,51.8397927947402,50.64989698742961,51.16551971435547,356458,0.0,0.0
2009-01-22 00:00:00+05:30,51.2448451034943,52.03810897832277,49.3410136195429,50.41191864013672,635355,0.0,0.0
2009-01-23 00:00:00+05:30,50.37226057638276,50.76889254942514,47.59583676508607,47.873477935791016,267682,0.0,0.0
2009-01-27 00:00:00+05:30,50.17394307630869,50.649900219177056,47.59583532930469,48.230445861816406,304871,0.0,0.0
2009-01-28 00:00:00+05:30,48.50809137701705,48.78573254694078,47.79415261712491,48.03213119506836,535912,0.0,0.0
2009-01-29 00:00:00+05:30,48.98404972265807,49.14270312049444,47.992469768758106,48.42876434326172,1003505,0.0,0.0
2009-01-30 00:00:00+05:30,48.15112290916418,49.30135625475102,47.59583753273655,48.309776306152344,1876283,0.0,0.0
2009-02-02 00:00:00+05:30,48.30977582630707,48.58741699873224,46.40594113348304,46.6835823059082,1325422,0.0,0.0
2009-02-03 00:00:00+05:30,46.84223157582226,47.59583286811303,45.45401978383563,46.1282958984375,373189,0.0,0.0
2009-02-04 00:00:00+05:30,46.802572847557094,47.27853000507363,46.247287479746596,46.56459426879883,611395,0.0,0.0
2009-02-05 00:00:00+05:30,46.56459561680076,47.00089019483154,45.612678248148754,45.92998504638672,268442,0.0,0.0
2009-02-06 00:00:00+05:30,46.24728012084961,46.72324022869287,46.00930157995864,46.24728012084961,129487,0.0,0.0
2009-02-09 00:00:00+05:30,46.84223306030891,47.11987724314205,46.08863174413561,46.643917083740234,333676,0.0,0.0
2009-02-10 00:00:00+05:30,46.48526095439893,47.27852481386691,46.32661060335452,46.76290512084961,369549,0.0,0.0
2009-02-11 00:00:00+05:30,46.56458939224345,47.59583180957188,46.24728263642171,46.44559860229492,584593,0.0,0.0
2009-02-12 00:00:00+05:30,46.445597146093874,46.881891652123585,46.167956013000804,46.36627197265625,863841,0.0,0.0
2009-02-13 00:00:00+05:30,46.48526487688415,47.00088763947183,46.40593969466838,46.60425567626953,354329,0.0,0.0
2009-02-16 00:00:00+05:30,46.80257192322593,47.27852907134251,46.048970583656555,46.286949157714844,556076,0.0,0.0
2009-02-17 00:00:00+05:30,46.28694421171647,46.28694421171647,44.026143460648285,44.264122009277344,722238,0.0,0.0
2009-02-18 00:00:00+05:30,43.78816659497973,43.86749177221773,41.963660283951725,42.122310638427734,628364,0.0,0.0
2009-02-19 00:00:00+05:30,41.56702557298048,42.71725569651511,40.654770965286104,40.77376174926758,1807310,0.0,0.0
2009-02-20 00:00:00+05:30,40.25814211369565,40.45645808469907,39.02858369868671,39.74251937866211,610882,0.0,0.0
2009-02-24 00:00:00+05:30,39.266566262867016,39.266566262867016,36.96609955421369,37.40239715576172,689804,0.0,0.0
2009-02-25 00:00:00+05:30,37.79902939813464,38.27498656992659,37.28340660697512,37.521385192871094,339961,0.0,0.0
2009-02-26 00:00:00+05:30,37.362728334389935,38.27498302626971,35.538221976691986,36.17283248901367,1659889,0.0,0.0
2009-02-27 00:00:00+05:30,35.93485381984488,38.35430809314083,35.53822187254845,36.76778030395508,2000637,0.0,0.0
2009-03-02 00:00:00+05:30,36.56946453131139,36.56946453131139,34.90361155393461,35.1415901184082,357440,0.0,0.0
2009-03-03 00:00:00+05:30,34.189674113991096,35.419235624233636,33.79304214967073,34.07068634033203,367879,0.0,0.0
2009-03-04 00:00:00+05:30,34.11035072512743,34.50698271030333,32.32550679183588,32.52382278442383,751045,0.0,0.0
2009-03-05 00:00:00+05:30,33.118766848442405,33.674052167281296,31.611564272459933,32.0875244140625,1093058,0.0,0.0
2009-03-06 00:00:00+05:30,31.730555211432872,32.682472472988174,30.93729133114705,32.36516571044922,671868,0.0,0.0
2009-03-09 00:00:00+05:30,32.36516993122491,33.079108727012276,29.747399390107812,30.302684783935547,4085766,0.0,0.0
2009-03-12 00:00:00+05:30,31.57189908940424,32.52381626832353,30.778635277981717,32.04785919189453,1131111,0.0,0.0
2009-03-13 00:00:00+05:30,32.52382119905716,34.98293817685386,32.40483039887981,34.34832763671875,1643568,0.0,0.0
2009-03-16 00:00:00+05:30,34.824287545611924,35.97451781692703,34.34832737459647,34.66563415527344,2085495,0.0,0.0
2009-03-17 00:00:00+05:30,35.30024496322117,35.30024496322117,33.23775995107564,33.475738525390625,1143915,0.0,0.0
2009-03-18 00:00:00+05:30,34.1896768607938,35.141594256852194,33.83271048507614,34.38799285888672,1128935,0.0,0.0
2009-03-19 00:00:00+05:30,34.506979340498916,35.26058064395202,34.269000777845726,35.02260208129883,775343,0.0,0.0
2009-03-20 00:00:00+05:30,35.02260352701959,35.02260352701959,34.34832737459647,34.66563415527344,392915,0.0,0.0
2009-03-23 00:00:00+05:30,35.10192117537231,36.490132747279695,34.74495188024106,36.13316345214844,928182,0.0,0.0
2009-03-24 00:00:00+05:30,36.80744577458055,37.44205628254333,36.01418188311167,36.49013900756836,3541609,0.0,0.0
2009-03-25 00:00:00+05:30,36.49014151191058,37.32306804990487,36.093509538955026,36.25216293334961,1666000,0.0,0.0
2009-03-26 00:00:00+05:30,36.80744686854163,39.14757299707687,36.41081491101882,38.35430908203125,3750939,0.0,0.0
2009-03-27 00:00:00+05:30,38.79060893229558,39.544207274958914,37.6800381756414,37.997344970703125,1454661,0.0,0.0
2009-03-30 00:00:00+05:30,37.28340326803467,37.79902601301725,35.300243519734956,35.577884674072266,734924,0.0,0.0
2009-03-31 00:00:00+05:30,35.61755018202071,36.6884552324347,34.0310223881857,36.17283248901367,1396286,0.0,0.0
2009-04-01 00:00:00+05:30,36.490140190744825,37.12475071928456,35.696876273554714,36.450477600097656,541686,0.0,0.0
2009-04-02 00:00:00+05:30,37.12475403345948,39.42522080910112,37.12475403345948,38.6716194152832,1488655,0.0,0.0
2009-04-06 00:00:00+05:30,39.663195113885145,40.81342837740014,38.94925639141056,39.58386993408203,1671752,0.0,0.0
2009-04-08 00:00:00+05:30,38.235317064402004,40.21847663178737,37.71969436645727,40.02016067504883,2893437,0.0,0.0
2009-04-09 00:00:00+05:30,40.53578541424244,42.2413040658224,39.306226933970756,41.28938674926758,3394947,0.0,0.0
2009-04-13 00:00:00+05:30,42.51894656315973,48.78573298648217,42.24130539073456,46.6835823059082,5714976,0.0,0.0
2009-04-15 00:00:00+05:30,46.80256839179464,52.79171303905147,45.33503144078162,50.729225158691406,4602797,0.0,0.0
2009-04-16 00:00:00+05:30,52.75205356818585,52.95036955904369,47.27853101008468,47.992469787597656,3184787,0.0,0.0
2009-04-17 00:00:00+05:30,47.397524109460356,56.877026510502816,47.397524109460356,52.75205612182617,5304039,0.0,0.0
2009-04-20 00:00:00+05:30,53.862620946509615,57.115001782004654,52.950366235400146,55.647464752197266,3022629,0.0,0.0
2009-04-21 00:00:00+05:30,54.97318718787197,55.21116271143384,52.83137116307788,54.02126693725586,1236041,0.0,0.0
2009-04-22 00:00:00+05:30,54.735208006254574,55.44914671241296,51.20518614264248,51.6018180847168,787465,0.0,0.0
2009-04-23 00:00:00+05:30,52.35541768225128,52.35541768225128,49.97562596942167,51.40350341796875,1244730,0.0,0.0
2009-04-24 00:00:00+05:30,51.76046617674227,54.81453078670785,51.20518390297503,54.02126693725586,1223299,0.0,0.0
2009-04-27 00:00:00+05:30,53.94193813157067,56.87701175611597,52.43473570864641,54.29890441894531,1357273,0.0,0.0
2009-04-28 00:00:00+05:30,54.73521023522828,55.925106109907155,50.76889065296536,51.32417297363281,1879525,0.0,0.0
2009-04-29 00:00:00+05:30,51.56215443199068,52.990031898649,50.253267762907775,51.046531677246094,2522745,0.0,0.0
2009-04-30 00:00:00+05:30,50.292930603027344,50.292930603027344,50.292930603027344,50.292930603027344,0,0.0,0.0
2009-05-04 00:00:00+05:30,51.56215473198297,55.052517185803424,51.56215473198297,53.86262130737305,2275600,0.0,0.0
2009-05-05 00:00:00+05:30,55.52846968173981,55.52846968173981,50.41191722728149,50.76888656616211,6918728,0.0,0.0
2009-05-06 00:00:00+05:30,50.76889458649739,51.32417695018766,48.468427840121954,48.7064094543457,4468097,0.0,0.0
2009-05-07 00:00:00+05:30,49.18236397091857,50.29293469036402,48.706406820334394,49.1030387878418,3492974,0.0,0.0
2009-05-08 00:00:00+05:30,49.18236304111168,49.8963017795525,48.15112055030071,48.38909912109375,2471253,0.0,0.0
2009-05-11 00:00:00+05:30,48.78573120876961,49.341016559447624,47.63549791652124,47.794151306152344,1538332,0.0,0.0
2009-05-12 00:00:00+05:30,47.79415195354509,49.896302585992935,47.04055061213576,49.6979866027832,2731086,0.0,0.0
2009-05-13 00:00:00+05:30,50.1739449357071,50.76889289937161,49.30135579942388,50.09461975097656,2577416,0.0,0.0
2009-05-14 00:00:00+05:30,50.29293285367348,51.16552193989824,48.547751655162294,50.808555603027344,2000991,0.0,0.0
2009-05-15 00:00:00+05:30,51.443164045025455,53.14868268489066,51.16552288321564,52.395084381103516,4210889,0.0,0.0
2009-05-18 00:00:00+05:30,57.194324461132645,66.39618424640933,57.194324461132645,62.98515319824219,51091,0.0,0.0
2009-05-19 00:00:00+05:30,62.667850851520235,68.73632116338962,56.71837134029996,67.50675964355469,7456883,0.0,0.0
2009-05-20 00:00:00+05:30,64.49235492185134,73.53555817992445,64.49235492185134,72.74229431152344,3814644,0.0,0.0
2009-05-21 00:00:00+05:30,74.57754823021872,76.32936853015256,70.07286291292695,70.94877624511719,5526266,4.5,0.0
2009-05-22 00:00:00+05:30,70.90705778903155,71.57442087870676,68.44616832919067,69.61404418945312,2486624,0.0,0.0
2009-05-25 00:00:00+05:30,70.07286015644641,74.53583271494985,69.23865944029824,73.36795043945312,3223011,0.0,0.0
2009-05-26 00:00:00+05:30,73.82676042974558,74.24386077115656,70.9904768352616,71.90809631347656,2688606,0.0,0.0
2009-05-27 00:00:00+05:30,73.36794005856484,74.24385323236532,71.40756992588025,72.6171646118164,1655533,0.0,0.0
2009-05-28 00:00:00+05:30,73.3679417991555,74.03530483925947,71.36586540773484,73.2845230102539,2475013,0.0,0.0
2009-05-29 00:00:00+05:30,74.07702496699707,77.53895279264789,73.65992461552624,76.0791015625,3048688,0.0,0.0
2009-06-01 00:00:00+05:30,77.91434247326228,80.08326290402374,77.580660938273,79.04051208496094,2959312,0.0,0.0
2009-06-02 00:00:00+05:30,78.49827941188994,80.50036223253119,74.0353072345818,77.74749755859375,2494724,0.0,0.0
2009-06-03 00:00:00+05:30,77.78921042552375,78.91538002742769,75.66199622735843,76.4544906616211,1673508,0.0,0.0
2009-06-04 00:00:00+05:30,76.45449960042826,77.49725053233686,74.70267930771114,76.82988739013672,2924650,0.0,0.0
2009-06-05 00:00:00+05:30,80.41694585524236,81.16772773107884,76.12081113215483,76.62133026123047,5019691,0.0,0.0
2009-06-08 00:00:00+05:30,77.41381721332034,77.45552342410758,70.23968705559092,70.8236312866211,2065354,0.0,0.0
2009-06-09 00:00:00+05:30,69.65575855748297,72.49204221474876,68.32103870831267,72.2000732421875,2362266,0.0,0.0
2009-06-10 00:00:00+05:30,73.24282510130003,74.99464532461343,71.908098869779,73.07598114013672,1699096,0.0,0.0
2009-06-11 00:00:00+05:30,74.07701870375833,74.24385628446197,71.40757286137989,72.07493591308594,1351345,0.0,0.0
2009-06-12 00:00:00+05:30,72.40862051228432,73.11768980703945,68.40445476098483,69.53062438964844,1587158,0.0,0.0
2009-06-15 00:00:00+05:30,68.82155913135077,70.8236421244248,67.5702580562353,68.27932739257812,880913,0.0,0.0
2009-06-16 00:00:00+05:30,67.57025309369048,71.69954379252653,66.94460260208223,71.44928741455078,1458913,0.0,0.0
2009-06-17 00:00:00+05:30,71.69955560248421,72.53375639536685,68.07078342633412,68.6964340209961,1244547,0.0,0.0
2009-06-18 00:00:00+05:30,68.69642722264193,70.11457224886776,65.27620558318539,66.48579406738281,1954780,0.0,0.0
2009-06-19 00:00:00+05:30,68.15419400891223,70.82364004269634,66.1104048587422,68.11248779296875,942444,0.0,0.0
2009-06-22 00:00:00+05:30,69.07181748986947,71.40757552921464,67.98735408144232,68.4461669921875,1772140,0.0,0.0
2009-06-23 00:00:00+05:30,67.48683979154663,69.90602316213808,65.90185714430073,69.2803726196289,1144109,0.0,0.0
2009-06-24 00:00:00+05:30,69.57234322954653,70.61509415815351,68.86327387098311,69.9477310180664,982628,0.0,0.0
2009-06-25 00:00:00+05:30,70.1562771627631,71.11560923471299,69.65575801875114,70.40653991699219,1961323,0.0,0.0
2009-06-26 00:00:00+05:30,70.74021682238995,72.0749365735878,70.40653529347905,71.86638641357422,825678,0.0,0.0
2009-06-29 00:00:00+05:30,70.07285253327589,74.91121870635179,70.07285253327589,74.28556823730469,1595638,0.0,0.0
2009-06-30 00:00:00+05:30,75.0780631158499,76.2042327896984,71.74126031070102,72.2000732421875,1459690,0.0,0.0
2009-07-01 00:00:00+05:30,73.11768471649047,73.95188532622922,70.74021425162415,72.7005844116211,719677,0.0,0.0
2009-07-02 00:00:00+05:30,73.24281877871259,73.5347877299866,71.78296765789669,72.65887451171875,985752,0.0,0.0
2009-07-03 00:00:00+05:30,72.5754619855395,74.45241358861381,71.53271109494268,73.07598114013672,1502267,0.0,0.0
2009-07-06 00:00:00+05:30,73.49307924042976,74.36899250742258,69.44720718199552,70.6150894165039,1194741,0.0,0.0
2009-07-07 00:00:00+05:30,70.07285915214636,71.28244762744657,68.07077618919578,68.98839569091797,1012237,0.0,0.0
2009-07-08 00:00:00+05:30,67.77880532551971,68.40445583621681,65.52646603278858,66.02698516845703,1385999,0.0,0.0
2009-07-09 00:00:00+05:30,67.23657721286182,68.32104070195896,66.02698870647738,67.27828979492188,2474485,0.0,0.0
2009-07-10 00:00:00+05:30,66.23553734915744,68.90497706337965,65.27620526408042,66.1938247680664,1090560,0.0,0.0
2009-07-13 00:00:00+05:30,65.73501512184606,65.81843391567774,62.815312786614626,63.98318862915039,666191,0.0,0.0
2009-07-14 00:00:00+05:30,65.27621191417117,65.81844370136358,63.98319814197749,65.31792449951172,975165,0.0,0.0
2009-07-15 00:00:00+05:30,65.73501612147683,69.98943831605033,65.73501612147683,68.8215560913086,1369386,0.0,0.0
2009-07-16 00:00:00+05:30,70.07286240238857,72.03323287528035,69.0718240567045,69.9477310180664,1436506,0.0,0.0
2009-07-17 00:00:00+05:30,70.7402161397608,70.90705372038342,69.65575277237664,70.0728530883789,1244371,0.0,0.0
2009-07-20 00:00:00+05:30,71.74125408304148,72.86742365913032,70.74021587417268,72.57545471191406,877232,0.0,0.0
2009-07-21 00:00:00+05:30,73.24282715939172,73.32624596009423,71.57442568755543,72.45033264160156,1045863,0.0,0.0
2009-07-22 00:00:00+05:30,73.24282009671694,74.99464020033084,70.82363692294254,71.44928741455078,1497248,0.0,0.0
2009-07-23 00:00:00+05:30,72.15836194681684,74.3272825359128,71.94981176777979,73.36795043945312,1147325,0.0,0.0
2009-07-24 00:00:00+05:30,73.6182130712349,75.07806432193928,73.6182130712349,74.57754516601562,1423990,0.0,0.0
2009-07-27 00:00:00+05:30,75.28660547790518,76.74645655365404,74.24385470951314,74.99463653564453,871361,0.0,0.0
2009-07-28 00:00:00+05:30,75.7454284552365,75.91226605463295,74.11873322111222,74.66096496582031,789976,0.0,0.0
2009-07-29 00:00:00+05:30,74.4524101769004,75.41174222517824,71.90809557465647,73.32624053955078,1678465,0.0,0.0
2009-07-30 00:00:00+05:30,73.61820854656541,73.61820854656541,71.44928809456997,72.0332260131836,1440002,0.0,0.0
2009-07-31 00:00:00+05:30,72.86742728748462,73.95189070479692,72.57545832573008,73.03427124023438,1010354,0.0,0.0
2009-08-03 00:00:00+05:30,73.74334410058023,75.82884587738145,73.07598098622532,75.07806396484375,1340132,0.0,0.0
2009-08-04 00:00:00+05:30,75.78712827714456,76.20422860488277,73.82675800966413,74.24385833740234,1553194,0.0,0.0
2009-08-05 00:00:00+05:30,74.74437845994265,75.62029170571518,73.20110849950886,73.5347900390625,952562,0.0,0.0
2009-08-06 00:00:00+05:30,74.07701766506291,75.24489344250412,71.19902170493683,71.99151611328125,1187332,0.0,0.0
2009-08-07 00:00:00+05:30,71.94980653506286,71.99151911361518,68.32103495661843,68.65471649169922,1119733,0.0,0.0
2009-08-10 00:00:00+05:30,69.90602503736571,69.98944383904869,67.65367920524565,67.94564819335938,872331,0.0,0.0
2009-08-11 00:00:00+05:30,67.98734909001706,68.61299954176569,66.90288576120791,67.6119613647461,1363165,0.0,0.0
2009-08-12 00:00:00+05:30,67.31999137966027,67.48683533197209,65.02593954205238,65.94356536865234,1603445,0.0,0.0
2009-08-13 00:00:00+05:30,66.73605182494462,68.23761553678422,66.73605182494462,67.65367126464844,1517824,0.0,0.0
2009-08-14 00:00:00+05:30,68.23761420865442,69.03010226287284,67.57025115761571,68.07077026367188,624819,0.0,0.0
2009-08-17 00:00:00+05:30,67.57025075986739,67.57025075986739,65.52646177031635,65.77671813964844,616950,0.0,0.0
2009-08-18 00:00:00+05:30,65.90186131513047,67.1948750639276,65.23449814843903,66.8194808959961,570376,0.0,0.0
2009-08-19 00:00:00+05:30,67.48683129798125,67.57025008692784,65.40132975208842,65.98526763916016,555309,0.0,0.0
2009-08-20 00:00:00+05:30,66.52750497104986,68.02906875755423,66.23553600268684,66.61092376708984,1066730,0.0,0.0
2009-08-21 00:00:00+05:30,66.61093070196087,67.02803109003132,65.9852801198552,66.8194808959961,500879,0.0,0.0
2009-08-24 00:00:00+05:30,67.48683466820839,68.40445412133712,66.77776538008371,66.9446029663086,1046132,0.0,0.0
2009-08-25 00:00:00+05:30,66.94460195836035,67.65367123580896,66.23553268091176,66.8611831665039,487186,0.0,0.0
2009-08-26 00:00:00+05:30,67.98734909001706,68.48786817852687,67.02801712444673,67.6119613647461,921898,0.0,0.0
2009-08-27 00:00:00+05:30,67.65366964476742,69.03010195358915,67.19486311812398,68.5712890625,1466306,0.0,0.0
2009-08-28 00:00:00+05:30,68.61300325120328,69.48891647678423,67.98735276562999,68.86326599121094,1927483,0.0,0.0
2009-08-31 00:00:00+05:30,68.6130114073044,70.74022585689613,67.82052324381934,70.23970031738281,1356889,0.0,0.0
2009-09-01 00:00:00+05:30,70.48997212014002,73.40967510736476,70.32313449522044,71.32417297363281,2449293,0.0,0.0
2009-09-02 00:00:00+05:30,70.40654022508936,72.49204197130382,69.40549556823866,71.49099731445312,1039195,0.0,0.0
2009-09-03 00:00:00+05:30,71.74125473506169,72.65887416227217,71.11560425772103,72.36690521240234,1209043,0.0,0.0
2009-09-04 00:00:00+05:30,72.78400391239875,73.82675468478268,71.9915158711652,73.2845230102539,1480582,0.0,0.0
2009-09-07 00:00:00+05:30,75.03633729303192,75.03633729303192,73.40964875836886,73.86846160888672,1132168,0.0,0.0
2009-09-08 00:00:00+05:30,74.3272784677838,74.78609138233179,73.70162796491617,73.8267593383789,930999,0.0,0.0
2009-09-09 00:00:00+05:30,73.74334346019302,75.32832606968722,72.61717378338929,74.49412536621094,1746247,0.0,0.0
2009-09-10 00:00:00+05:30,75.0780702032437,76.99673454310535,74.49413220299722,75.49517059326172,2449157,0.0,0.0
2009-09-11 00:00:00+05:30,75.91226857469279,79.49933436081407,75.91226857469279,78.91539001464844,4186576,0.0,0.0
2009-09-14 00:00:00+05:30,79.49933416492662,84.58795747626398,78.28973925656541,83.2115249633789,5945848,0.0,0.0
2009-09-15 00:00:00+05:30,84.25426741074726,89.176052621492,83.9205858708848,88.21672058105469,5395939,0.0,0.0
2009-09-16 00:00:00+05:30,89.05092086364743,90.51077202534657,88.50868915926999,89.92683410644531,3694605,0.0,0.0
2009-09-17 00:00:00+05:30,90.34393917714648,94.84861790654406,88.71724397868951,94.34809875488281,4471282,0.0,0.0
2009-09-18 00:00:00+05:30,94.01441223917118,94.93203806066093,90.92787232972053,92.72140502929688,1782536,0.0,0.0
2009-09-22 00:00:00+05:30,93.43047626201923,95.68281555470017,93.09679471676564,94.89032745361328,1382737,0.0,0.0
2009-09-23 00:00:00+05:30,95.5159761580333,103.23233231053817,94.68177549289763,101.81419372558594,7596523,0.0,0.0
2009-09-24 00:00:00+05:30,101.68907928466797,103.85800010226768,98.2271446750363,101.68907928466797,3919020,0.0,0.0
2009-09-25 00:00:00+05:30,100.77144530240444,103.39917236882246,98.93619997657967,100.27091979980469,1969969,0.0,0.0
2009-09-29 00:00:00+05:30,101.522225147518,102.02275067141679,98.93620418664213,100.52118682861328,1117465,0.0,0.0
2009-09-30 00:00:00+05:30,101.60565054551894,107.73701821851239,100.27092429797177,105.90177917480469,2773226,0.0,0.0
2009-10-01 00:00:00+05:30,107.1113629346622,110.74014100841579,104.5670546623644,105.77664947509766,3978186,0.0,0.0
2009-10-05 00:00:00+05:30,104.27508611140615,107.36162611452531,102.27300318517791,104.85902404785156,2144146,0.0,0.0
2009-10-06 00:00:00+05:30,105.73493754350002,107.57017651721426,101.77248426277716,107.153076171875,1927992,0.0,0.0
2009-10-07 00:00:00+05:30,107.61188799886365,112.57537951194752,107.23650023766932,109.86422729492188,3701320,0.0,0.0
2009-10-08 00:00:00+05:30,110.57329661428444,111.19894708996442,108.52950760617486,109.4471206665039,1443651,0.0,0.0
2009-10-09 00:00:00+05:30,110.69841919700463,110.7818443501608,106.36057853959922,107.77871704101562,1293561,0.0,0.0
2009-10-12 00:00:00+05:30,107.94555727020575,111.11552223464477,107.19478178892167,110.15619659423828,926066,0.0,0.0
2009-10-13 00:00:00+05:30,110.03106689453125,110.03106689453125,110.03106689453125,110.03106689453125,0,0.0,0.0
2009-10-14 00:00:00+05:30,110.94868272442683,113.367859436636,110.03105694868331,111.57433319091797,1233458,0.0,0.0
2009-10-15 00:00:00+05:30,111.57433948481327,113.53471614862661,109.53055039143061,111.99143981933594,1047087,0.0,0.0
2009-10-16 00:00:00+05:30,111.99144362451644,115.91218435646775,110.65671741713653,114.74430847167969,2240755,0.0,0.0
2009-10-20 00:00:00+05:30,115.36994903621786,117.53886302487828,113.86838536475057,114.66087341308594,1855990,0.0,0.0
2009-10-21 00:00:00+05:30,114.95284752141637,115.45336025407715,110.19790655223717,110.99039459228516,685352,0.0,0.0
2009-10-22 00:00:00+05:30,108.86318740364563,110.5315887431651,105.48467214534028,106.40229797363281,1373007,0.0,0.0
2009-10-23 00:00:00+05:30,107.19478338241854,112.19998727576103,107.19478338241854,111.24066162109375,1476437,0.0,0.0
2009-10-26 00:00:00+05:30,111.94971590706123,111.94971590706123,106.94451239948272,107.44503784179688,790621,0.0,0.0
2009-10-27 00:00:00+05:30,105.94348349889852,109.28028612878508,96.35017593797464,98.51909637451172,1596231,0.0,0.0
2009-10-28 00:00:00+05:30,98.43567625786199,98.64422641942525,92.67969052582664,96.93411254882812,2055254,0.0,0.0
2009-10-29 00:00:00+05:30,95.5159824711616,95.72453265122964,88.00817598871222,88.84237670898438,3215743,0.0,0.0
2009-10-30 00:00:00+05:30,90.09367855224728,91.67866120707426,83.42007273356231,84.33769226074219,2523573,0.0,0.0
2009-11-03 00:00:00+05:30,84.17084667399273,86.00608555420476,81.58482593753185,83.25322723388672,2233694,0.0,0.0
2009-11-04 00:00:00+05:30,84.33769226074219,85.6724121515899,80.91747055155543,84.33769226074219,2440698,0.0,0.0
2009-11-05 00:00:00+05:30,84.6713677349129,87.79962023743433,82.71099743955536,87.42423248291016,2208117,0.0,0.0
2009-11-06 00:00:00+05:30,89.09263313662983,92.42943578048194,87.96645715277297,91.21984100341797,2967774,0.0,0.0
2009-11-09 00:00:00+05:30,91.97062218645983,99.47842807923207,91.67865323018566,99.01961517333984,2685477,0.0,0.0
2009-11-10 00:00:00+05:30,101.6890564957064,101.6890564957064,94.7234826159251,96.39188385009766,1866237,0.0,0.0
2009-11-11 00:00:00+05:30,96.72556466473016,98.43567857559302,94.93203832461302,97.81002807617188,998251,0.0,0.0
2009-11-12 00:00:00+05:30,89.55144548076701,99.60356664211666,89.55144548076701,96.43360137939453,1053315,0.0,0.0
2009-11-13 00:00:00+05:30,96.14163627133348,97.97687537238289,94.30639717028409,97.18438720703125,658248,0.0,0.0
2009-11-16 00:00:00+05:30,98.43567693161864,98.43567693161864,96.14162513872076,96.7255630493164,1081899,0.0,0.0
2009-11-17 00:00:00+05:30,96.97582372536945,97.39292404246781,93.63902118858255,95.7662353515625,637580,0.0,0.0
2009-11-18 00:00:00+05:30,95.93308744759396,97.60148896842168,95.18230549033214,96.76728820800781,456535,0.0,0.0
2009-11-19 00:00:00+05:30,96.76728152459718,97.60148222739544,91.42839575379911,92.5545654296875,917980,0.0,0.0
2009-11-20 00:00:00+05:30,91.76207386989309,97.81002873859059,90.51077286257636,96.80899047851562,1689879,0.0,0.0
2009-11-23 00:00:00+05:30,98.3105365709457,98.85276821802647,96.51700406034561,98.35224914550781,1643414,0.0,0.0
2009-11-24 00:00:00+05:30,98.43567162153649,99.43670980411287,96.47530146806449,98.39395904541016,1259378,0.0,0.0
2009-11-25 00:00:00+05:30,98.26884284135866,102.52326504476366,98.18541768163914,101.18854522705078,2632111,0.0,0.0
2009-11-26 00:00:00+05:30,101.52221403172305,102.43983981543452,97.6431861973521,98.76935577392578,1464044,0.0,0.0
2009-11-27 00:00:00+05:30,97.93516594543186,97.93516594543186,86.75687500804455,95.43256378173828,2941820,0.0,0.0
2009-11-30 00:00:00+05:30,96.60044724172265,98.4356863050207,95.09888337942678,97.01754760742188,1137463,0.0,0.0
2009-12-01 00:00:00+05:30,97.1843818217527,98.68594563172995,95.2657176606091,98.06029510498047,2345881,0.0,0.0
2009-12-02 00:00:00+05:30,98.76936572859434,100.85486751186514,98.51910296882329,99.2281723022461,2304600,0.0,0.0
2009-12-03 00:00:00+05:30,99.77039131978685,100.43775435113481,97.85173374244118,98.39395904541016,1235201,0.0,0.0
2009-12-04 00:00:00+05:30,98.31055492242163,98.51910510527125,95.97479669317379,97.01754760742188,905871,0.0,0.0
2009-12-07 00:00:00+05:30,97.18437660233906,97.93515846700598,95.18229375137594,95.72452545166016,876395,0.0,0.0
2009-12-08 00:00:00+05:30,95.93307293262353,96.18333566866086,93.7641525566012,95.7662353515625,1566468,0.0,0.0
2009-12-09 00:00:00+05:30,95.2657142725763,95.9330773564868,93.2636377497369,93.5973129272461,1602957,0.0,0.0
2009-12-10 00:00:00+05:30,93.84757726728128,95.0988782975117,92.55456365693138,94.68177795410156,1844400,0.0,0.0
2009-12-11 00:00:00+05:30,95.93308140118268,100.9382856482009,93.09679772164975,93.55561065673828,1007265,0.0,0.0
2009-12-14 00:00:00+05:30,93.4304854091355,94.09784856497944,92.22089684917093,92.47115325927734,559950,0.0,0.0
2009-12-15 00:00:00+05:30,92.63798283726051,92.84653299550338,88.46697967240314,88.96749877929688,1274663,0.0,0.0
2009-12-16 00:00:00+05:30,88.59210960298859,91.05300542578865,87.79962150336844,89.80170440673828,926332,0.0,0.0
2009-12-17 00:00:00+05:30,90.0936644905526,92.42942870830808,89.00920116849923,91.01128387451172,785676,0.0,0.0
2009-12-18 00:00:00+05:30,90.9278710533056,90.9278710533056,88.75895063134527,89.13433837890625,450254,0.0,0.0
2009-12-21 00:00:00+05:30,89.25946575911445,90.80273562318197,88.92578424039685,89.59314727783203,606642,0.0,0.0
2009-12-22 00:00:00+05:30,90.67760896097245,91.1364218685605,90.13538362493593,90.92787170410156,1031236,0.0,0.0
2009-12-23 00:00:00+05:30,91.34497919212374,93.01338063855523,91.17814159325917,92.63799285888672,564303,0.0,0.0
2009-12-24 00:00:00+05:30,92.7631215615358,94.05613527967363,91.80379578327829,92.67970275878906,633614,0.0,0.0
2009-12-29 00:00:00+05:30,92.59627492544385,94.76519540756503,92.59627492544385,94.30638885498047,886948,0.0,0.0
2009-12-30 00:00:00+05:30,94.68178236375962,94.8069137454997,93.26364367589599,93.72245025634766,319547,0.0,0.0
2009-12-31 00:00:00+05:30,94.26467977456815,94.47322995106056,91.76207765665927,92.05404663085938,781923,0.0,0.0
2010-01-04 00:00:00+05:30,93.43047924942947,94.97374928557095,93.18021649137567,94.34809875488281,629552,0.0,0.0
2010-01-05 00:00:00+05:30,96.35017695744791,96.35017695744791,95.09887595800053,95.80794525146484,589696,0.0,0.0
2010-01-06 00:00:00+05:30,95.93308358058161,97.10096587097364,94.64006990828214,96.0165023803711,921106,0.0,0.0
2010-01-07 00:00:00+05:30,96.60043868784587,96.68385748070976,94.89032479412934,95.72452545166016,545688,0.0,0.0
2010-01-08 00:00:00+05:30,96.14162044605705,96.2250392342925,94.97373831742406,95.39083862304688,316396,0.0,0.0
2010-01-11 00:00:00+05:30,95.59939542212587,96.60044004388264,95.59939542212587,96.09991455078125,404536,0.0,0.0
2010-01-12 00:00:00+05:30,95.9330858806107,96.51702385758361,93.09680206864246,93.3887710571289,295909,0.0,0.0
2010-01-13 00:00:00+05:30,92.63799026397074,94.26467908289709,91.01129508059812,92.2625961303711,683494,0.0,0.0
2010-01-14 00:00:00+05:30,92.5962776831998,93.84757873297278,91.76207698335115,92.2625961303711,1276122,0.0,0.0
2010-01-15 00:00:00+05:30,92.55455440222059,93.43046758157608,91.76206637476221,92.0123291015625,1426884,0.0,0.0
2010-01-18 00:00:00+05:30,91.76207765665927,92.84654112019831,91.17813970825905,92.05404663085938,1273562,0.0,0.0
2010-01-19 00:00:00+05:30,93.01338077100326,95.93308330641592,92.47114902725163,94.93204498291016,3506562,0.0,0.0
2010-01-20 00:00:00+05:30,95.68281864305324,96.6004445132303,93.05509150492573,93.55561065673828,2573291,0.0,0.0
2010-01-21 00:00:00+05:30,93.84756717765896,93.84756717765896,90.55247736475489,91.01128387451172,856145,0.0,0.0
2010-01-22 00:00:00+05:30,90.13538765153959,90.13538765153959,86.08950918873836,88.88408660888672,1028230,0.0,0.0
2010-01-25 00:00:00+05:30,86.9237103076788,88.96750583931173,86.9237103076788,87.96646118164062,679189,0.0,0.0
2010-01-27 00:00:00+05:30,87.96646101349441,88.17501118788813,83.50348855435796,84.08743286132812,1040243,0.0,0.0
2010-01-28 00:00:00+05:30,84.08743458122993,85.88096102614328,78.28973579583207,78.8736801147461,4692577,0.0,0.0
2010-01-29 00:00:00+05:30,76.91330023125488,77.99776366217587,73.57649750773933,76.70475006103516,3964359,0.0,0.0
2010-02-01 00:00:00+05:30,76.57962271841005,77.78921112307086,75.53687189906594,77.0384292602539,1043837,0.0,0.0
2010-02-02 00:00:00+05:30,77.41383179616533,79.08223328863056,75.66200513751954,76.03739929199219,1672294,0.0,0.0
2010-02-03 00:00:00+05:30,76.91328861831083,77.70578296415671,75.91225049817884,77.1635513305664,1017274,0.0,0.0
2010-02-04 00:00:00+05:30,76.57962710010352,77.16356504656932,74.74438173438222,75.28661346435547,907747,0.0,0.0
2010-02-05 00:00:00+05:30,74.41069080621043,74.41069080621043,67.86221738388528,72.6171646118164,1271024,0.0,0.0
2010-02-08 00:00:00+05:30,74.20215035188079,75.32832639803975,72.57546151878988,74.78609466552734,1358568,0.0,0.0
2010-02-09 00:00:00+05:30,74.66096161293211,75.2448995490425,73.86847350471857,74.91122436523438,588096,0.0,0.0
2010-02-10 00:00:00+05:30,75.2866161468782,76.41278586344359,74.8695157804135,75.24490356445312,639424,0.0,0.0
2010-02-11 00:00:00+05:30,75.5368633124244,76.53790143942354,75.5368633124244,76.16251373291016,372267,0.0,0.0
2010-02-15 00:00:00+05:30,76.74646298659226,76.74646298659226,75.11977419732882,75.4117431640625,568140,0.0,0.0
2010-02-16 00:00:00+05:30,75.49516821807478,76.28765638839745,74.70268004775211,75.82884979248047,351311,0.0,0.0
2010-02-17 00:00:00+05:30,76.66303915141887,78.16459646638968,76.12080746916037,76.57962036132812,1069080,0.0,0.0
2010-02-18 00:00:00+05:30,76.95501877485508,77.78921952038196,76.3293682157099,76.82988739013672,646243,0.0,0.0
2010-02-19 00:00:00+05:30,76.16253506193222,76.3293726750059,75.11978406910427,75.87055969238281,623976,0.0,0.0
2010-02-22 00:00:00+05:30,76.57962710010352,76.91330228982896,75.07806328855393,75.28661346435547,569916,0.0,0.0
2010-02-23 00:00:00+05:30,75.07806396484375,75.4117455220212,74.6609636094835,75.07806396484375,396138,0.0,0.0
2010-02-24 00:00:00+05:30,74.91121625663669,74.91121625663669,72.40861446228729,72.6171646118164,709482,0.0,0.0
2010-02-25 00:00:00+05:30,72.78400415718002,73.32623583353238,71.82467217047133,71.99151611328125,647767,0.0,0.0
2010-02-26 00:00:00+05:30,72.78401181172177,75.07806375994222,72.28349265954475,73.57649993896484,1245104,0.0,0.0
2010-03-02 00:00:00+05:30,75.41173660855829,76.53790616203149,74.0353043256708,76.28764343261719,1128396,0.0,0.0
2010-03-03 00:00:00+05:30,77.12185230759651,78.24802834617414,76.3293641869531,78.08118438720703,622729,0.0,0.0
2010-03-04 00:00:00+05:30,78.41486125210808,79.79129360016725,77.7474981850352,78.74854278564453,1044090,0.0,0.0
2010-03-05 00:00:00+05:30,79.58274378376278,79.62444999785774,78.6651243358767,79.04051208496094,527635,0.0,0.0
2010-03-08 00:00:00+05:30,79.66617089588519,80.33353403555604,78.83197015351989,79.62445831298828,1114313,0.0,0.0
2010-03-09 00:00:00+05:30,79.91642734981662,80.04155235972746,78.12289462255703,78.41486358642578,388753,0.0,0.0
2010-03-10 00:00:00+05:30,78.62341611606918,78.74854749418294,77.78921541457242,78.08118438720703,317512,0.0,0.0
2010-03-11 00:00:00+05:30,78.24802532242327,78.70683187184899,76.95501173929092,77.83092498779297,348606,0.0,0.0
2010-03-12 00:00:00+05:30,77.95605303178641,78.66512871982208,77.20527749177779,77.2886962890625,476881,0.0,0.0
2010-03-15 00:00:00+05:30,77.49724693510261,77.74750332847643,75.203194991388,75.57858276367188,554952,0.0,0.0
2010-03-16 00:00:00+05:30,75.9122596698232,76.45449136892542,74.91122142874676,75.03634643554688,970667,0.0,0.0
2010-03-17 00:00:00+05:30,75.74542548519248,76.24594462820247,73.53479237541507,73.99359893798828,746040,0.0,0.0
2010-03-18 00:00:00+05:30,74.24386102502997,74.4524111964486,73.07597879219645,73.40966033935547,736824,0.0,0.0
2010-03-19 00:00:00+05:30,73.40965900313383,74.24385967362399,73.40965900313383,73.8267593383789,573168,0.0,0.0
2010-03-22 00:00:00+05:30,73.61820816681792,75.28660948504609,72.53374476419123,73.74333953857422,1004195,0.0,0.0
2010-03-23 00:00:00+05:30,70.07285503977596,74.61924606503068,70.07285503977596,73.45137023925781,300887,0.0,0.0
2010-03-25 00:00:00+05:30,73.45136160751868,73.65991174681947,72.65886725950854,72.95083618164062,596412,0.0,0.0
2010-03-26 00:00:00+05:30,72.70059934753867,75.87055849712836,72.70059934753867,74.70268249511719,384962,0.0,0.0
2010-03-29 00:00:00+05:30,75.74542436958133,78.24802641221798,75.70371178975893,76.70475006103516,914205,0.0,0.0
2010-03-30 00:00:00+05:30,77.16355927271532,77.91434112231198,76.49619621430811,76.66304016113281,679029,0.0,0.0
2010-03-31 00:00:00+05:30,77.03843160627594,77.3721131515167,76.49619989081543,76.70475006103516,415673,0.0,0.0
2010-04-01 00:00:00+05:30,76.74645829271292,77.33039619046612,76.74645829271292,76.87158966064453,216338,0.0,0.0
2010-04-05 00:00:00+05:30,76.95501044683532,79.41589983404518,76.78817286156364,79.04051208496094,1662860,0.0,0.0
2010-04-06 00:00:00+05:30,79.66616950541336,84.17085470845169,79.29078172367953,83.54520416259766,3428503,0.0,0.0
2010-04-07 00:00:00+05:30,83.54520224932904,85.83925419825775,82.16876980708255,82.96125793457031,2286074,0.0,0.0
2010-04-08 00:00:00+05:30,82.1687665592543,83.62861774177912,80.75062795629432,81.20943450927734,911074,0.0,0.0
2010-04-09 00:00:00+05:30,81.79337213589535,82.7526977432541,80.20838970827678,81.2928466796875,1158049,0.0,0.0
2010-04-12 00:00:00+05:30,81.29285431697656,81.87679861593085,79.87471569634472,80.5003662109375,587637,0.0,0.0
2010-04-13 00:00:00+05:30,80.75063408877676,80.91747169081425,78.49828827459132,79.33248901367188,972323,0.0,0.0
2010-04-15 00:00:00+05:30,80.37523218941588,80.37523218941588,78.2063117497779,78.53999328613281,598985,0.0,0.0
2010-04-16 00:00:00+05:30,78.53999328613281,78.87367482248771,77.78921142044575,78.53999328613281,676325,0.0,0.0
2010-04-19 00:00:00+05:30,77.9977659410046,78.4148662936303,76.8298836807634,77.5806655883789,808851,0.0,0.0
2010-04-20 00:00:00+05:30,78.03947608412426,80.33352795190034,77.49724436976071,79.91642761230469,1611119,0.0,0.0
2010-04-21 00:00:00+05:30,80.29180778089419,81.29284595550116,79.95812626787671,80.70890808105469,1611634,0.0,0.0
2010-04-22 00:00:00+05:30,80.70890880003908,82.4190225917096,79.7078706165145,81.2928466796875,2281591,0.0,0.0
2010-04-23 00:00:00+05:30,81.29285873612211,83.33665434689526,81.29285873612211,83.04468536376953,2843792,0.0,0.0
2010-04-26 00:00:00+05:30,83.75374147987237,85.83924297905024,83.25322239295878,85.21359252929688,4068699,0.0,0.0
2010-04-27 00:00:00+05:30,85.29702441809965,86.75687569175906,83.25323518075507,83.54520416259766,3703880,0.0,0.0
2010-04-28 00:00:00+05:30,85.08846232235658,85.08846232235658,80.9174592673391,82.00192260742188,2120120,0.0,0.0
2010-04-29 00:00:00+05:30,82.66928813150749,83.37835745391327,78.28973445468526,79.29077911376953,7130970,0.0,0.0
2010-04-30 00:00:00+05:30,80.08326721191406,80.91746791203818,78.41486581166586,80.08326721191406,3061412,0.0,0.0
2010-05-03 00:00:00+05:30,79.66616885262309,81.08430753249331,78.99880573006863,80.25010681152344,1343905,0.0,0.0
2010-05-04 00:00:00+05:30,80.79232428849365,80.9591682218978,77.83091607057942,78.24801635742188,979519,0.0,0.0
2010-05-05 00:00:00+05:30,76.95501297631841,80.70891604833395,75.28661161097817,80.2083969116211,1560522,0.0,0.0
2010-05-06 00:00:00+05:30,80.20839023221892,80.70890932725074,78.12288869921503,79.49932098388672,987986,0.0,0.0
2010-05-07 00:00:00+05:30,78.41486194413105,78.95709364535732,76.20422892494454,76.53791046142578,1695156,0.0,0.0
2010-05-10 00:00:00+05:30,76.82988102827902,78.83196392465145,76.82988102827902,78.41486358642578,914255,0.0,0.0
2010-05-11 00:00:00+05:30,78.62341477114643,78.83196494295318,76.87159460085893,77.70579528808594,1108440,0.0,0.0
2010-05-12 00:00:00+05:30,77.83092599248398,78.41486392272584,76.82988135778152,77.91434478759766,1089227,0.0,0.0
2010-05-13 00:00:00+05:30,78.33144714343456,78.66512869692252,77.705796617312,78.08118438720703,820075,0.0,0.0
2010-05-14 00:00:00+05:30,77.58066456945704,79.45761613162132,76.91330146824237,78.28973388671875,1207387,0.0,0.0
2010-05-17 00:00:00+05:30,76.82987156349036,78.95708557216498,76.16251492320961,78.24801635742188,1084646,0.0,0.0
2010-05-18 00:00:00+05:30,78.62341871576,78.66513129799257,77.62238038664297,78.45658111572266,1003755,0.0,0.0
2010-05-19 00:00:00+05:30,78.20631680141562,78.4565795609587,77.16356591073009,77.37211608886719,1126201,0.0,0.0
2010-05-20 00:00:00+05:30,77.16355498616377,78.12288694266464,77.16355498616377,77.62236785888672,692998,0.0,0.0
2010-05-21 00:00:00+05:30,76.78816362662819,77.37210146929766,75.28660008198506,77.1635513305664,760864,0.0,0.0
2010-05-24 00:00:00+05:30,77.4972464419378,78.45657852154834,77.4972464419378,78.08118438720703,839072,0.0,0.0
2010-05-25 00:00:00+05:30,77.6223688404266,77.99775656689548,76.41277414451866,76.4961929321289,1312713,0.0,0.0
2010-05-26 00:00:00+05:30,78.96801849552881,78.96801849552881,75.672261205947,77.14667510986328,1703645,3.5,0.0
2010-05-27 00:00:00+05:30,77.01658246981299,77.75378939922274,76.19263986411721,77.1900405883789,1454438,0.0,0.0
2010-05-28 00:00:00+05:30,77.97061873414438,78.49099972939162,77.36350205885316,78.10071563720703,1205268,0.0,0.0
2010-05-31 00:00:00+05:30,78.4476375576679,79.70523222213755,77.49360456127965,78.96802520751953,1321622,0.0,0.0
2010-06-01 00:00:00+05:30,79.14147076737076,79.35829671467863,76.53955939967639,76.88648223876953,805771,0.0,0.0
2010-06-02 00:00:00+05:30,78.05735117578358,78.05735117578358,75.84572357900159,76.84312438964844,928526,0.0,0.0
2010-06-03 00:00:00+05:30,77.62369915416633,78.27417708003924,77.1900472035844,77.79715728759766,771943,0.0,0.0
2010-06-04 00:00:00+05:30,77.88388451252882,81.26636406610173,77.66705856078681,79.61849212646484,2197938,0.0,0.0
2010-06-07 00:00:00+05:30,78.05734727968712,79.31493522794743,76.88648839389248,78.57772827148438,1232912,0.0,0.0
2010-06-08 00:00:00+05:30,79.14148726728972,80.44244322236845,77.88389915751527,78.18745422363281,1125709,0.0,0.0
2010-06-09 00:00:00+05:30,78.66445593320408,80.65925741941012,78.49099781136147,79.92205047607422,1249786,0.0,0.0
2010-06-10 00:00:00+05:30,80.2256112591128,80.65926321186475,79.57513332998485,79.8353271484375,803425,0.0,0.0
2010-06-11 00:00:00+05:30,80.2256115778699,82.04694846326404,80.00878560063241,81.61329650878906,2050955,0.0,0.0
2010-06-14 00:00:00+05:30,81.96022071931006,82.91425371116053,81.39647184598812,82.7841567993164,1394614,0.0,0.0
2010-06-15 00:00:00+05:30,83.17444176714748,86.99058008692445,82.17704100151211,85.99317932128906,4394169,0.0,0.0
2010-06-16 00:00:00+05:30,86.64365332563563,87.07730523755873,83.73818683915148,84.2585678100586,1379097,0.0,0.0
2010-06-17 00:00:00+05:30,84.82231579086611,88.89864107634617,84.38866388317662,88.33489227294922,4495692,0.0,0.0
2010-06-18 00:00:00+05:30,88.68182531471061,88.9420191360296,85.42943563324201,86.99058532714844,1646627,0.0,0.0
2010-06-21 00:00:00+05:30,88.3348895133898,90.06949708995907,87.85787640003491,89.46238708496094,3807284,0.0,0.0
2010-06-22 00:00:00+05:30,89.24556493809025,91.89083763479613,88.89864208460338,90.58988189697266,4169720,0.0,0.0
2010-06-23 00:00:00+05:30,91.0669016476425,91.58728261937127,89.41902305633215,90.58988189697266,1075969,0.0,0.0
2010-06-24 00:00:00+05:30,90.63325590457556,92.62805748516189,90.37306209249786,91.93421173095703,2036329,0.0,0.0
2010-06-25 00:00:00+05:30,91.0669088428112,91.76075460460548,90.5031599884788,90.71998596191406,811581,0.0,0.0
2010-06-28 00:00:00+05:30,90.89344836256431,91.06690649002968,88.68182084386223,89.20220184326172,979790,0.0,0.0
2010-06-29 00:00:00+05:30,89.54912279593327,91.50055646460979,88.9853739682483,90.06950378417969,1411258,0.0,0.0
2010-06-30 00:00:00+05:30,89.28893795202163,90.98018460476604,88.89865382592887,90.28633880615234,494020,0.0,0.0
2010-07-01 00:00:00+05:30,90.41642854930527,90.58988667669921,89.54912467832871,90.15623474121094,516235,0.0,0.0
2010-07-02 00:00:00+05:30,90.24296181781767,91.02352993367161,89.02873519081862,89.46238708496094,349361,0.0,0.0
2010-07-05 00:00:00+05:30,89.46239138182486,89.85267545849712,88.89864256896253,89.1588363647461,221896,0.0,0.0
2010-07-06 00:00:00+05:30,89.3323059034624,94.10247757791912,89.3323059034624,93.62545776367188,4573652,0.0,0.0
2010-07-07 00:00:00+05:30,94.05910212553198,95.40342577184572,92.49795912855836,93.27853393554688,1794564,0.0,0.0
2010-07-08 00:00:00+05:30,94.49275308832802,94.83967595641938,92.80151320476219,92.93161010742188,1042610,0.0,0.0
2010-07-09 00:00:00+05:30,93.4086246923024,94.31929640786942,92.67141772194043,93.1484375,576734,0.0,0.0
2010-07-12 00:00:00+05:30,93.66881846063148,94.92640643205155,92.71478552193314,94.10247039794922,1169254,0.0,0.0
2010-07-13 00:00:00+05:30,94.49276061444459,95.75035528431471,93.66882452698103,95.4468002319336,1228745,0.0,0.0
2010-07-14 00:00:00+05:30,96.18400099636736,97.87524090468126,94.96977424878133,95.66361999511719,2510704,0.0,0.0
2010-07-15 00:00:00+05:30,95.40342235996712,97.31148816036519,95.40342235996712,95.83707427978516,1045566,0.0,0.0
2010-07-16 00:00:00+05:30,96.0972738272044,96.4441900902095,94.57949201704461,95.14323425292969,1072525,0.0,0.0
2010-07-19 00:00:00+05:30,94.75294271692053,100.60724352551745,93.8856388934247,100.17359161376953,2884526,0.0,0.0
2010-07-20 00:00:00+05:30,100.60724496532465,101.38781974104245,99.39301827165286,100.39041900634766,1777538,0.0,0.0
2010-07-21 00:00:00+05:30,100.39042473461056,101.12763171379663,99.08946890651625,99.69657897949219,1261555,0.0,0.0
2010-07-22 00:00:00+05:30,99.30629635704396,100.00014212249724,98.22216648415046,99.56649017333984,707771,0.0,0.0
2010-07-23 00:00:00+05:30,100.21696472167969,101.21435887754568,97.78851124138929,100.21696472167969,1692862,0.0,0.0
2010-07-26 00:00:00+05:30,97.13803433598625,100.8674436581871,97.13803433598625,98.0487060546875,674669,0.0,0.0
2010-07-27 00:00:00+05:30,98.22216502112005,100.26032782840042,98.22216502112005,99.69657897949219,1198275,0.0,0.0
2010-07-28 00:00:00+05:30,101.04091100207033,101.04091100207033,98.26554098615415,98.61245727539062,374339,0.0,0.0
2010-07-29 00:00:00+05:30,97.61505918720658,99.91340928971259,97.48496227534683,99.39302825927734,984231,0.0,0.0
2010-07-30 00:00:00+05:30,99.26292709856531,101.99493566266418,99.08946896817953,99.34966278076172,1674624,0.0,0.0
2010-08-02 00:00:00+05:30,98.69918149445279,101.6480093122914,94.1891974714583,100.34705352783203,3383344,0.0,0.0
2010-08-03 00:00:00+05:30,100.60724730036067,104.51011465252984,99.73994344432307,103.81626892089844,3007739,0.0,0.0
2010-08-04 00:00:00+05:30,104.07646134987888,107.97932865049934,103.25252534432695,106.72174072265625,3998114,0.0,0.0
2010-08-05 00:00:00+05:30,107.54568763334588,108.84664353213635,107.1120356670824,107.97933959960938,2161103,0.0,0.0
2010-08-06 00:00:00+05:30,108.75990862959314,110.32105165421676,107.762507837276,109.02009582519531,2011323,0.0,0.0
2010-08-09 00:00:00+05:30,109.28029597355768,113.35662182735709,108.41299203725961,112.74951171875,2022586,0.0,0.0
2010-08-10 00:00:00+05:30,112.9663411330439,114.78768474817802,111.10164290698465,112.09903717041016,1662449,0.0,0.0
2010-08-11 00:00:00+05:30,112.74951062666968,113.13979474742199,108.41299098718238,109.06346893310547,1398422,0.0,0.0
2010-08-12 00:00:00+05:30,108.32626041619444,110.9281721638196,105.98453587312956,110.40779113769531,2882293,0.0,0.0
2010-08-13 00:00:00+05:30,110.14758220893832,114.00708145843463,110.14758220893832,111.96892547607422,2113482,0.0,0.0
2010-08-16 00:00:00+05:30,113.26989176868844,115.17795765362663,111.62200645996374,112.402587890625,2349373,0.0,0.0
2010-08-17 00:00:00+05:30,112.96634394919523,115.78508189802353,112.96634394919523,115.26469421386719,2504701,0.0,0.0
2010-08-18 00:00:00+05:30,115.7850646475835,117.25947855434691,113.83363097374782,116.1319808959961,2618974,0.0,0.0
2010-08-19 00:00:00+05:30,116.2187185308511,118.99408826687605,116.00189256344281,118.0400619506836,2845752,0.0,0.0
2010-08-20 00:00:00+05:30,117.47630972119015,118.77726556136724,116.78246395962759,118.08341979980469,1454188,0.0,0.0
2010-08-23 00:00:00+05:30,118.82063256517691,118.82063256517691,115.56824298766294,116.435546875,1084442,0.0,0.0
2010-08-24 00:00:00+05:30,116.56563635570221,116.99928829636183,112.66276888976566,113.22652435302734,1279592,0.0,0.0
2010-08-25 00:00:00+05:30,112.74950842321859,113.1831603786925,109.80067380259521,111.83883666992188,1550885,0.0,0.0
2010-08-26 00:00:00+05:30,111.8388416116431,112.66277771664858,109.97414341431451,110.45115661621094,1352854,0.0,0.0
2010-08-27 00:00:00+05:30,110.88480717729352,112.40259568617242,109.19356714457726,110.23432922363281,1086801,0.0,0.0
2010-08-30 00:00:00+05:30,111.01489741874771,111.88220130483167,108.41298576049581,109.62721252441406,771597,0.0,0.0
2010-08-31 00:00:00+05:30,110.14759550478755,110.14759550478755,105.20396591239775,108.15279388427734,775312,0.0,0.0
2010-09-01 00:00:00+05:30,108.41298433580965,109.97413395704669,107.80587427033049,108.80326843261719,473427,0.0,0.0
2010-09-02 00:00:00+05:30,109.8006708134708,117.0860247905028,109.58384484163655,116.435546875,3047185,0.0,0.0
2010-09-03 00:00:00+05:30,116.9125619187044,117.25947816596798,115.09121853555433,116.52227783203125,1188373,0.0,0.0
2010-09-06 00:00:00+05:30,117.21611220019612,118.64717151954777,117.21611220019612,117.56304168701172,1002841,0.0,0.0
2010-09-07 00:00:00+05:30,113.616812904678,118.38698443884387,113.616812904678,117.8232421875,907434,0.0,0.0
2010-09-08 00:00:00+05:30,114.13719445705298,124.28464707782281,114.13719445705298,121.50927734375,3001569,0.0,0.0
2010-09-09 00:00:00+05:30,122.72348735246717,123.07040357788247,120.20831163319203,121.89955139160156,1048585,0.0,0.0
2010-09-13 00:00:00+05:30,123.15714746088787,124.80501949246613,121.94292735698879,122.37657928466797,1663368,0.0,0.0
2010-09-14 00:00:00+05:30,123.28723823927875,123.50406420398659,120.12158444814685,121.29244995117188,1062531,0.0,0.0
2010-09-15 00:00:00+05:30,121.63936951339885,123.15715130768369,119.99149743034954,120.9888916015625,866778,0.0,0.0
2010-09-16 00:00:00+05:30,120.90214926275645,123.02705424496205,119.42773539057772,120.38177490234375,926498,0.0,0.0
2010-09-17 00:00:00+05:30,120.59860178257034,122.5066675866766,120.20831770077689,122.02964782714844,628984,0.0,0.0
2010-09-20 00:00:00+05:30,122.50667287443713,122.55004071517638,120.85880079840146,122.0730209350586,965286,0.0,0.0
2010-09-21 00:00:00+05:30,123.1571571698213,124.02446109355245,119.34102519900736,120.29505157470703,649792,0.0,0.0
2010-09-22 00:00:00+05:30,120.64197101719603,121.33580351107545,119.68793148710202,120.6853256225586,543641,0.0,0.0
2010-09-23 00:00:00+05:30,121.85619368346703,121.85619368346703,117.25948052760961,118.0400619506836,738510,0.0,0.0
2010-09-24 00:00:00+05:30,118.47372663880569,119.25429491189846,116.43555703216268,118.77727508544922,789219,0.0,0.0
2010-09-27 00:00:00+05:30,119.254283485354,120.42514901681298,116.56563616408141,117.04265594482422,1680095,0.0,0.0
2010-09-28 00:00:00+05:30,117.82324164966464,118.12679007823051,115.56824618656765,117.6931381225586,905491,0.0,0.0
2010-09-29 00:00:00+05:30,118.17015476259671,118.69054238909905,114.26728726585038,114.52748107910156,1587062,0.0,0.0
2010-09-30 00:00:00+05:30,113.83364002208737,115.56824787004298,112.79287796011552,114.44075012207031,1743241,0.0,0.0
2010-10-01 00:00:00+05:30,115.00448440928241,119.51446133564531,114.78765846826491,118.12677001953125,1105677,0.0,0.0
2010-10-04 00:00:00+05:30,114.13719479189162,125.19531915437781,114.13719479189162,124.24127960205078,2837167,0.0,0.0
2010-10-05 00:00:00+05:30,125.75905312956488,125.75905312956488,123.07040601043386,123.76425170898438,2222365,0.0,0.0
2010-10-06 00:00:00+05:30,124.24127630977988,129.22827343914275,124.24127630977988,128.01405334472656,2490915,0.0,0.0
2010-10-07 00:00:00+05:30,128.10077864231795,130.6159677996377,125.93251897256306,128.4477081298828,1870034,0.0,0.0
2010-10-08 00:00:00+05:30,128.79462617444008,133.8249913250243,127.10338625531448,129.83538818359375,2691143,0.0,0.0
2010-10-11 00:00:00+05:30,130.7460670078692,132.17711319395423,130.35578288748303,130.91952514648438,941469,0.0,0.0
2010-10-12 00:00:00+05:30,130.31240929069935,134.8657547068469,128.23088525120616,133.1745147705078,1272126,0.0,0.0
2010-10-13 00:00:00+05:30,136.77382274495335,139.0288181845205,134.4754726974773,138.16151428222656,1948148,0.0,0.0
2010-10-14 00:00:00+05:30,138.98543648815598,142.15109012236493,137.1207385777051,140.28639221191406,2610040,0.0,0.0
2010-10-15 00:00:00+05:30,140.8501449500766,141.28379689048202,138.334968989328,139.15890502929688,1637636,0.0,0.0
2010-10-18 00:00:00+05:30,139.15891703950678,139.28902057326127,132.74087306119551,138.2482452392578,1599260,0.0,0.0
2010-10-19 00:00:00+05:30,137.90131472610327,139.46246433206807,135.29940312749756,136.07997131347656,849517,0.0,0.0
2010-10-20 00:00:00+05:30,134.4321122423705,136.5570042729483,132.26385236749357,134.2152862548828,1405579,0.0,0.0
2010-10-21 00:00:00+05:30,134.64894896748538,138.42172674423594,134.43212296270684,137.85797119140625,947087,0.0,0.0
2010-10-22 00:00:00+05:30,138.72525591596755,140.1996698965916,137.55440359341637,139.59255981445312,1196926,0.0,0.0
2010-10-25 00:00:00+05:30,142.84494453021517,142.84494453021517,139.67929070301577,141.5873565673828,1505924,0.0,0.0
2010-10-26 00:00:00+05:30,142.06439154453557,146.57436949766196,141.28381003875847,145.88052368164062,1905919,0.0,0.0
2010-10-27 00:00:00+05:30,146.57434799037492,150.26038928599084,145.49021819754668,147.65847778320312,1942973,0.0,0.0
2010-10-28 00:00:00+05:30,149.00281226555336,149.1762703982848,139.98284378943876,141.50062561035156,1861732,0.0,0.0
2010-10-29 00:00:00+05:30,145.70707460659682,145.70707460659682,136.68711813883968,138.59518432617188,2197138,0.0,0.0
2010-11-01 00:00:00+05:30,140.15630010072692,142.6281080031471,137.12073678497856,140.80677795410156,1248391,0.0,0.0
2010-11-02 00:00:00+05:30,141.63072106873733,146.14069843292236,139.63591957092285,145.70704650878906,1567014,0.0,0.0
2010-11-03 00:00:00+05:30,147.44164910754353,151.34451628980202,146.57434528926385,150.3471221923828,1881793,0.0,0.0
2010-11-04 00:00:00+05:30,155.33414032114595,155.33414032114595,148.6558894228728,149.523193359375,899897,0.0,0.0
2010-11-08 00:00:00+05:30,150.26039891610532,150.73741870232294,146.5743573842528,148.69924926757812,591901,0.0,0.0
2010-11-09 00:00:00+05:30,148.74262370699154,150.86751568457558,147.44166781451054,149.30636596679688,981168,0.0,0.0
2010-11-10 00:00:00+05:30,149.87010520737394,149.87010520737394,147.18145802755745,147.65847778320312,458900,0.0,0.0
2010-11-11 00:00:00+05:30,147.6584797339612,150.04356530969332,144.883110074456,146.4442596435547,534188,0.0,0.0
2010-11-12 00:00:00+05:30,147.00802789000906,148.17889358273655,138.11816189666044,139.33238220214844,1073922,0.0,0.0
2010-11-15 00:00:00+05:30,139.63592474166327,143.79898601430307,134.21527548926952,142.2812042236328,1201881,0.0,0.0
2010-11-16 00:00:00+05:30,143.10515000207897,146.74782390078488,134.64893659286523,135.90652465820312,2092215,0.0,0.0
2010-11-18 00:00:00+05:30,138.2916099959268,141.80419358473557,128.5778085561899,140.9368896484375,2250963,0.0,0.0
2010-11-19 00:00:00+05:30,141.93426339993692,141.97763123729527,132.9143090576529,134.7790069580078,976602,0.0,0.0
2010-11-22 00:00:00+05:30,135.29940829539862,139.63592779204603,133.78162647157205,137.6844940185547,858738,0.0,0.0
2010-11-23 00:00:00+05:30,136.12334778231318,137.72786533009818,133.1311519010456,136.68710327148438,1046089,0.0,0.0
2010-11-24 00:00:00+05:30,156.11468758070765,156.11468758070765,129.3150048396219,131.17970275878906,1044405,0.0,0.0
2010-11-25 00:00:00+05:30,131.17971094286605,132.00364697636698,126.40953963585274,126.97328186035156,1204546,0.0,0.0
2010-11-26 00:00:00+05:30,128.36096433767824,128.36096433767824,113.79025763092439,118.73388671875,1525889,0.0,0.0
2010-11-29 00:00:00+05:30,119.51446964150706,121.85618732043665,118.21351390498994,120.16494750976562,1428110,0.0,0.0
2010-11-30 00:00:00+05:30,119.68792925063276,128.92470980137256,117.95332158033375,127.66712188720703,1502037,0.0,0.0
2010-12-01 00:00:00+05:30,128.40434838460558,135.0825859416615,127.49367661909625,133.56480407714844,1418132,0.0,0.0
2010-12-02 00:00:00+05:30,137.0340075470116,138.63852495429757,135.08257389523456,136.38352966308594,2107453,0.0,0.0
2010-12-03 00:00:00+05:30,136.42689401748717,136.81717809107252,129.2282696391113,129.7486572265625,2128599,0.0,0.0
2010-12-06 00:00:00+05:30,131.7434561124619,131.78682395393287,126.539632752117,127.40693664550781,1419076,0.0,0.0
2010-12-07 00:00:00+05:30,126.8431945931349,127.19011085739358,122.7235010935288,123.9377212524414,878534,0.0,0.0
2010-12-08 00:00:00+05:30,121.63936961420602,124.02445529291595,118.30024437040933,119.08082580566406,974090,0.0,0.0
2010-12-09 00:00:00+05:30,118.82063429176351,120.03485445807644,111.88220309224448,112.83624267578125,948539,0.0,0.0
2010-12-10 00:00:00+05:30,112.74951008504767,121.42254932235903,109.84404326394913,120.29505157470703,1503734,0.0,0.0
2010-12-13 00:00:00+05:30,122.28983935420376,126.45290036199916,120.85879333621448,125.54222869873047,1202629,0.0,0.0
2010-12-14 00:00:00+05:30,126.45291979468644,128.7946378358086,124.89177002260229,127.75387573242188,725748,0.0,0.0
2010-12-15 00:00:00+05:30,128.36097305031993,128.7512571459013,122.33321378698804,123.89436340332031,874044,0.0,0.0
2010-12-16 00:00:00+05:30,123.89435997201726,126.06261959187052,121.94292631414933,125.2386703491211,899050,0.0,0.0
2010-12-20 00:00:00+05:30,125.58559796555873,125.58559796555873,123.2438802576594,123.85099029541016,345262,0.0,0.0
2010-12-21 00:00:00+05:30,124.50146771296698,126.58299161587301,124.28464175499735,124.93511962890625,451431,0.0,0.0
2010-12-22 00:00:00+05:30,125.75905562238964,127.2768373281771,117.08601730360414,124.93511962890625,1234178,0.0,0.0
2010-12-23 00:00:00+05:30,125.32541475315102,127.92732647812994,121.68274098498202,124.28465270996094,1111718,0.0,0.0
2010-12-24 00:00:00+05:30,125.32540557053778,125.67232181484674,123.11377811955053,124.41473388671875,475290,0.0,0.0
2010-12-27 00:00:00+05:30,125.1085902263024,125.45550650005134,122.63676876531663,123.28724670410156,312102,0.0,0.0
2010-12-28 00:00:00+05:30,123.37397531258253,123.50406559927428,121.42254160816559,121.85619354248047,298994,0.0,0.0
2010-12-29 00:00:00+05:30,122.24648715686114,123.33061707707807,121.8562030323846,122.550048828125,214963,0.0,0.0
2010-12-30 00:00:00+05:30,122.289858228169,129.05483175567784,122.07303223840273,126.53964233398438,1720151,0.0,0.0
2010-12-31 00:00:00+05:30,127.1467514038086,128.75125560736012,125.93251805716797,127.1467514038086,779274,0.0,0.0
2011-01-03 00:00:00+05:30,128.36098056657204,130.26904654981416,127.19011497726041,127.71050262451172,1427218,0.0,0.0
2011-01-04 00:00:00+05:30,127.49366230544648,128.7512502051956,125.06520894806532,125.54222869873047,473913,0.0,0.0
2011-01-05 00:00:00+05:30,124.89176442958676,125.15195825228325,120.98889679116218,121.37918090820312,780412,0.0,0.0
2011-01-06 00:00:00+05:30,121.856205551048,123.37398747072298,119.03746770022306,120.9455337524414,1304905,0.0,0.0
2011-01-07 00:00:00+05:30,120.98888874989943,121.20571471540104,116.43554347436557,117.43293762207031,530303,0.0,0.0
2011-01-10 00:00:00+05:30,116.91255591187735,118.21351162328399,111.62199739188803,112.87958526611328,477536,0.0,0.0
2011-01-11 00:00:00+05:30,111.01490327380952,116.04526872520556,110.49452223811431,113.8336410522461,728578,0.0,0.0
2011-01-12 00:00:00+05:30,116.2620957720358,118.38698777765366,112.83624785677341,117.51968383789062,758643,0.0,0.0
2011-01-13 00:00:00+05:30,117.95333891818787,120.33842481543064,111.44855919843486,112.09903717041016,1236347,0.0,0.0
2011-01-14 00:00:00+05:30,112.31585227118597,112.74950421045696,108.41298481774709,109.28028869628906,924353,0.0,0.0
2011-01-17 00:00:00+05:30,104.94376657929047,110.8414354470767,104.94376657929047,107.8926010131836,423039,0.0,0.0
2011-01-18 00:00:00+05:30,108.49971826036939,110.7547071121709,105.07387044869054,108.022705078125,1002974,0.0,0.0
2011-01-19 00:00:00+05:30,108.93336723708815,111.66537581339921,107.15539823317403,109.49711608886719,528987,0.0,0.0
2011-01-20 00:00:00+05:30,108.41298606711477,114.13719702506127,107.1120302343094,112.9663314819336,630024,0.0,0.0
2011-01-21 00:00:00+05:30,112.74950504959979,115.09122289229008,109.54048332191259,113.70354461669922,1240287,0.0,0.0
2011-01-24 00:00:00+05:30,111.36181724029261,115.52487867340795,111.36181724029261,113.87700653076172,967938,0.0,0.0
2011-01-25 00:00:00+05:30,111.96893210482085,115.35141181945801,110.27768563049904,111.014892578125,1048611,0.0,0.0
2011-01-27 00:00:00+05:30,111.88220364216349,112.5326815703156,108.23952989131313,110.53787994384766,832883,0.0,0.0
2011-01-28 00:00:00+05:30,110.84144595058515,112.35922784246013,106.6783844003551,110.23432922363281,1226779,0.0,0.0
2011-01-31 00:00:00+05:30,111.0148991923046,117.4329427582568,107.1987607091684,112.83624267578125,2391676,0.0,0.0
2011-02-01 00:00:00+05:30,111.36181600603886,114.05046340267054,108.93336904447318,110.53787994384766,791759,0.0,0.0
2011-02-02 00:00:00+05:30,111.36181608050086,112.66277193767496,108.97673695935198,109.58384704589844,446925,0.0,0.0
2011-02-03 00:00:00+05:30,109.49711690435768,112.09902859317411,107.8492381780399,111.14498901367188,664016,0.0,0.0
2011-02-04 00:00:00+05:30,111.36182063063782,112.9229703698353,106.46155866199828,107.71914672851562,757355,0.0,0.0
2011-02-07 00:00:00+05:30,108.23952956593943,109.88740168536826,105.37742404387231,108.7599105834961,764465,0.0,0.0
2011-02-08 00:00:00+05:30,109.10684050267056,109.9741444601894,105.03050793212961,105.89781188964844,637789,0.0,0.0
2011-02-09 00:00:00+05:30,105.89779708992968,106.67837186600842,102.03829766515584,102.90560150146484,639987,0.0,0.0
2011-02-10 00:00:00+05:30,102.90559809743823,103.90299879960108,100.95416453029466,101.99492645263672,968007,0.0,0.0
2011-02-11 00:00:00+05:30,104.1631922841858,107.06865889238725,101.56128070364657,105.85443878173828,1048814,0.0,0.0
2011-02-14 00:00:00+05:30,108.93336020190867,111.83882672173883,106.72173939591995,111.5352783203125,642105,0.0,0.0
2011-02-15 00:00:00+05:30,114.48411900111607,133.73826364086585,112.96633712041945,113.8336410522461,2490938,0.0,0.0
2011-02-16 00:00:00+05:30,114.39737133647435,114.39737133647435,110.88479475055942,111.27508544921875,1779452,0.0,0.0
2011-02-17 00:00:00+05:30,112.7495006881415,118.8206276482722,112.01228712080874,117.21611022949219,3073140,0.0,0.0
2011-02-18 00:00:00+05:30,118.30024209672682,119.47110761010185,114.440742537612,115.65497589111328,1013995,0.0,0.0
2011-02-21 00:00:00+05:30,116.65236998088007,117.95332577992335,113.6601742898819,117.56304168701172,494742,0.0,0.0
2011-02-22 00:00:00+05:30,119.68793051993141,120.55523436427875,115.26467562015748,115.91515350341797,884415,0.0,0.0
2011-02-23 00:00:00+05:30,116.43554506706145,116.82582916350164,111.18835398334596,112.2724838256836,543018,0.0,0.0
2011-02-24 00:00:00+05:30,112.2291175566468,112.4025889210553,108.0227016498817,109.02009582519531,808581,0.0,0.0
2011-02-25 00:00:00+05:30,109.36702528541855,111.23173007598001,107.54568833856936,110.23432922363281,496676,0.0,0.0
2011-02-28 00:00:00+05:30,110.92816305900688,116.56563143247624,110.49451113666284,115.5682373046875,1219731,0.0,0.0
2011-03-01 00:00:00+05:30,116.99929845518614,119.25429403601586,116.21873018782637,118.6905517578125,857219,0.0,0.0
2011-03-03 00:00:00+05:30,117.51967287165269,121.85619216580962,116.3054527628914,121.29244995117188,1181422,0.0,0.0
2011-03-04 00:00:00+05:30,122.28985267063703,125.2820485466277,120.4685091457692,121.37918090820312,1037255,0.0,0.0
2011-03-07 00:00:00+05:30,119.68794592351861,120.29505604589426,116.69574992223227,119.03746795654297,367916,0.0,0.0
2011-03-08 00:00:00+05:30,119.03745361604079,123.11377907120956,117.56303971532101,122.24647521972656,420777,0.0,0.0
2011-03-09 00:00:00+05:30,122.9837031077903,128.36098496633517,122.9837031077903,126.79983520507812,1334379,0.0,0.0
2011-03-10 00:00:00+05:30,126.6263638478427,126.6263638478427,123.20051623985651,123.67753601074219,533459,0.0,0.0
2011-03-11 00:00:00+05:30,121.50927353263998,126.53962522799317,121.42253785485539,125.15194702148438,1055659,0.0,0.0
2011-03-14 00:00:00+05:30,124.89175750572645,125.15195131399807,123.59080169837513,124.24127960205078,287695,0.0,0.0
2011-03-15 00:00:00+05:30,121.42254159521147,124.24127916795744,119.55784357145914,123.41734313964844,319324,0.0,0.0
2011-03-16 00:00:00+05:30,124.89176319459489,126.8865648368656,123.63417517033969,125.10858917236328,646990,0.0,0.0
2011-03-17 00:00:00+05:30,124.89174891229975,125.75905272419072,123.50405751967183,124.50146484375,438214,0.0,0.0
2011-03-18 00:00:00+05:30,125.15195327247076,125.15195327247076,122.55004161705143,123.37397766113281,531856,0.0,0.0
2011-03-21 00:00:00+05:30,123.41735628639455,127.40694656624352,122.07303250015954,124.63157653808594,862386,0.0,0.0
2011-03-22 00:00:00+05:30,124.71830086643881,125.32541093697918,123.59080317314556,124.11119079589844,383791,0.0,0.0
2011-03-23 00:00:00+05:30,124.02445505388107,124.84839109450057,123.80762908350715,124.4581069946289,537790,0.0,0.0
2011-03-24 00:00:00+05:30,124.54483459334472,126.27944224375896,123.46070481183583,125.54222869873047,648921,0.0,0.0
2011-03-25 00:00:00+05:30,126.6263666262601,128.75125848791308,126.1927146857592,127.58040618896484,1358094,0.0,0.0
2011-03-28 00:00:00+05:30,128.18753330456872,131.87357528897675,126.23609931282328,128.62118530273438,1683744,0.0,0.0
2011-03-29 00:00:00+05:30,128.23087591604545,130.31239980400449,126.62635854498937,127.10337829589844,717276,0.0,0.0
2011-03-30 00:00:00+05:30,127.10338356392738,129.74866298860135,126.19271186244859,127.1467514038086,883712,0.0,0.0
2011-03-31 00:00:00+05:30,128.3609813459716,128.96809144877938,123.63417758510053,124.71830749511719,1676616,0.0,0.0
2011-04-01 00:00:00+05:30,124.02444801058249,127.06001142342892,122.37657602292549,126.49626922607422,659048,0.0,0.0
2011-04-04 00:00:00+05:30,128.3609859416242,128.3609859416242,125.93253220944048,126.53964233398438,1069998,0.0,0.0
2011-04-05 00:00:00+05:30,126.62638230437956,130.5292502521173,125.84581400843547,129.57521057128906,1879190,0.0,0.0
2011-04-06 00:00:00+05:30,129.57521364434922,135.12596724206983,129.57521364434922,134.085205078125,1603707,0.0,0.0
2011-04-07 00:00:00+05:30,134.43210358975657,135.29940748388404,132.1771081714223,134.8223876953125,1573623,0.0,0.0
2011-04-08 00:00:00+05:30,133.82499859581787,135.29941262505864,129.01145915370176,130.91952514648438,1759612,0.0,0.0
2011-04-11 00:00:00+05:30,130.44250298454273,133.91171863023808,130.31241269143212,130.962890625,458228,0.0,0.0
2011-04-13 00:00:00+05:30,130.96287459127367,135.7330455200949,130.96287459127367,135.03919982910156,860229,0.0,0.0
2011-04-15 00:00:00+05:30,135.5595936738659,135.9498777574688,132.61075265929682,134.4754638671875,996544,0.0,0.0
2011-04-18 00:00:00+05:30,134.43209648132324,135.60296197008574,131.2230748895381,131.83018493652344,571775,0.0,0.0
2011-04-19 00:00:00+05:30,137.03401637573873,137.03401637573873,129.2282812657283,132.6541290283203,640752,0.0,0.0
2011-04-20 00:00:00+05:30,133.17450426816401,135.9065060087999,133.04440075470143,134.99583435058594,752825,0.0,0.0
2011-04-21 00:00:00+05:30,134.51882779833292,135.51622189789904,132.74085232023128,133.0877685546875,272505,0.0,0.0
2011-04-25 00:00:00+05:30,133.39134710024885,137.77123459418894,133.13115327440937,136.9039306640625,746480,0.0,0.0
2011-04-26 00:00:00+05:30,137.46767342925833,137.85795755244519,134.9091294728024,136.16671752929688,551395,0.0,0.0
2011-04-27 00:00:00+05:30,136.4268993684165,138.55179117150686,135.34276954704322,135.86314392089844,333568,0.0,0.0
2011-04-28 00:00:00+05:30,136.12333299652295,137.90130848861767,135.08257105095726,135.9498748779297,1248236,0.0,0.0
2011-04-29 00:00:00+05:30,136.3835306556618,136.3835306556618,131.43990134864896,132.3072052001953,854972,0.0,0.0
2011-05-02 00:00:00+05:30,132.30721967372804,142.49804104420585,130.31241795015208,139.2456512451172,4212013,0.0,0.0
2011-05-03 00:00:00+05:30,141.3705083790871,142.0643540117977,131.2230573569597,131.87353515625,3508725,0.0,0.0
2011-05-04 00:00:00+05:30,131.52664203852115,132.69750769413153,127.75387770134792,130.8328094482422,2601426,0.0,0.0
2011-05-05 00:00:00+05:30,131.5700054689735,135.03922123998933,130.09559141309336,130.87615966796875,1152499,0.0,0.0
2011-05-06 00:00:00+05:30,133.34797279027262,137.03401431455657,130.96288709808888,135.08258056640625,975940,0.0,0.0
2011-05-09 00:00:00+05:30,135.99325579181027,137.03401783744508,131.91693005990294,132.87095642089844,1085930,0.0,0.0
2011-05-10 00:00:00+05:30,133.47805786132812,135.08257528512323,132.5673994016674,133.47805786132812,428994,0.0,0.0
2011-05-11 00:00:00+05:30,133.78163376809113,135.5596095054897,133.08778796398337,134.95249938964844,415055,0.0,0.0
2011-05-12 00:00:00+05:30,134.4321143616095,135.5162443161386,132.74087427934575,133.00106811523438,456251,0.0,0.0
2011-05-13 00:00:00+05:30,127.0166468533186,135.25603347162615,127.0166468533186,134.69229125976562,351742,0.0,0.0
2011-05-16 00:00:00+05:30,134.25863689644498,134.56218529962888,132.65411950102177,133.52142333984375,263332,0.0,0.0
2011-05-17 00:00:00+05:30,132.870951789911,134.86575336102334,130.52923396034734,131.04962158203125,293958,0.0,0.0
2011-05-18 00:00:00+05:30,131.65673897902974,131.74346143146585,128.44771709072427,129.01145935058594,415134,0.0,0.0
2011-05-19 00:00:00+05:30,129.92212980525193,130.5292399021815,126.62637226391028,127.23348236083984,559469,0.0,0.0
2011-05-20 00:00:00+05:30,127.75387573242188,129.66194179429888,126.92993961865774,127.75387573242188,437105,0.0,0.0
2011-05-23 00:00:00+05:30,126.71309747782648,127.3202075245841,124.63156030236348,125.2386703491211,422217,0.0,0.0
2011-05-24 00:00:00+05:30,124.11118261567903,126.62635841385871,123.02705283473846,123.9810791015625,242868,0.0,0.0
2011-05-25 00:00:00+05:30,123.93771989287086,124.41473967649914,121.76946018002143,123.37397766113281,293962,0.0,0.0
2011-05-26 00:00:00+05:30,123.80764502141824,124.41475516981785,122.37659872633282,123.0270767211914,434719,0.0,0.0
2011-05-27 00:00:00+05:30,121.59600671006224,124.63157042439194,121.59600671006224,123.28724670410156,784439,0.0,0.0
2011-05-30 00:00:00+05:30,123.15716702655965,124.84840716639025,122.46332118524208,123.0270767211914,430405,0.0,0.0
2011-05-31 00:00:00+05:30,123.37396387081851,124.80500982773897,122.55002791883385,123.2438735961914,1399945,0.0,0.0
2011-06-01 00:00:00+05:30,124.15454388531131,127.9706888595067,123.59080166255852,127.36357879638672,967782,0.0,0.0
2011-06-02 00:00:00+05:30,125.97588063826286,128.36096615809228,124.24127298747783,127.4502944946289,519124,0.0,0.0
2011-06-03 00:00:00+05:30,127.71049655023768,128.36097446135943,124.06782289475726,124.4581069946289,265901,0.0,0.0
2011-06-06 00:00:00+05:30,124.7616658382066,125.23867237508559,122.50667050347795,123.67753601074219,146203,0.0,0.0
2011-06-07 00:00:00+05:30,123.67753313719098,126.36616710643037,122.81022929537058,125.15194702148438,249597,0.0,0.0
2011-06-08 00:00:00+05:30,124.89175086748352,126.40953256205364,124.50146679282386,125.1953125,218718,0.0,0.0
2011-06-09 00:00:00+05:30,124.84837907141,126.0626123289756,123.76424932394376,124.15453338623047,129504,0.0,0.0
2011-06-10 00:00:00+05:30,124.54484757964197,125.23868012494871,121.68274201122537,122.46331024169922,238167,0.0,0.0
2011-06-13 00:00:00+05:30,121.63936937976797,124.89175893537674,120.33841355752446,124.4581069946289,429120,0.0,0.0
2011-06-14 00:00:00+05:30,125.15193848159083,125.75904848263696,123.2438728065864,125.4121322631836,302576,0.0,0.0
2011-06-15 00:00:00+05:30,125.15195075406906,126.19271274849238,124.15454336582468,125.67232513427734,370753,0.0,0.0
2011-06-16 00:00:00+05:30,125.15194468818456,128.2742305201231,124.5014668189466,127.10337829589844,530729,0.0,0.0
2011-06-17 00:00:00+05:30,127.58042198520779,133.56481421146884,125.88916862064788,129.57521057128906,1180558,0.0,0.0
2011-06-20 00:00:00+05:30,130.3123997766625,130.35576761473715,124.50146679282386,125.1953125,288760,0.0,0.0
2011-06-21 00:00:00+05:30,125.5856132113528,126.9299369657169,120.59861555426599,121.4659194946289,315698,0.0,0.0
2011-06-22 00:00:00+05:30,121.68275343528073,122.983709430881,119.90477759449193,122.28986358642578,309552,0.0,0.0
2011-06-23 00:00:00+05:30,122.24649134974312,124.67494510112319,121.03227109105724,123.20053100585938,301847,0.0,0.0
2011-06-24 00:00:00+05:30,124.67493900418278,126.92993449890496,122.72350517629121,126.14935302734375,303889,0.0,0.0
2011-06-27 00:00:00+05:30,125.67233348652778,129.92213066104307,125.10859122866718,128.53443908691406,295440,0.0,0.0
2011-06-28 00:00:00+05:30,129.66193780026234,130.8761580111433,127.66713611037984,128.2742462158203,316632,0.0,0.0
2011-06-29 00:00:00+05:30,129.66192193476653,129.9221157292629,126.53962286882187,127.10337829589844,291070,0.0,0.0
2011-06-30 00:00:00+05:30,127.40694340079855,128.75126715363362,126.7998332900366,127.32022094726562,720032,0.0,0.0
2011-07-01 00:00:00+05:30,129.0548406628147,129.09820851056278,127.88397494366258,128.317626953125,626543,0.0,0.0
2011-07-04 00:00:00+05:30,129.61917883718857,131.05540796487716,128.63178329668673,129.8884735107422,385443,5.0,0.0
2011-07-05 00:00:00+05:30,125.6695746715506,131.50423349558687,125.6695746715506,129.70895385742188,1035376,0.0,0.0
2011-07-06 00:00:00+05:30,126.5672062725883,130.29240580114376,126.5672062725883,128.45225524902344,665299,0.0,0.0
2011-07-07 00:00:00+05:30,128.99081438002983,131.2349134948421,127.73412435449258,130.8309783935547,391992,0.0,0.0
2011-07-08 00:00:00+05:30,130.38217071390403,131.5939898275246,128.40736604832207,128.85618591308594,129461,0.0,0.0
2011-07-11 00:00:00+05:30,128.63178585675416,128.99083629737422,126.5672115809481,127.46485137939453,144673,0.0,0.0
2011-07-12 00:00:00+05:30,127.01603308841162,127.46485299331766,124.63729307116817,125.08611297607422,140981,0.0,0.0
2011-07-13 00:00:00+05:30,125.49004325306473,129.75383218325075,125.44515852494673,128.36248779296875,660009,0.0,0.0
2011-07-14 00:00:00+05:30,125.7144542399706,130.0679989656235,125.7144542399706,128.58689880371094,424999,0.0,0.0
2011-07-15 00:00:00+05:30,128.4073561002436,130.06798125307944,127.7341263552548,129.43963623046875,261056,0.0,0.0
2011-07-18 00:00:00+05:30,130.60658713652023,130.8758818081397,129.260127475319,130.20265197753906,166023,0.0,0.0
2011-07-19 00:00:00+05:30,130.1128693570915,132.85067313058036,129.75381896252344,131.95303344726562,344133,0.0,0.0
2011-07-20 00:00:00+05:30,132.85067634397248,133.2994961964859,126.74672361041098,127.37506866455078,530027,0.0,0.0
2011-07-21 00:00:00+05:30,130.15777636860912,130.15777636860912,126.56721702050956,126.74674224853516,164143,0.0,0.0
2011-07-22 00:00:00+05:30,127.46484477645556,130.15776403229617,127.24043483846884,129.5294189453125,255555,0.0,0.0
2011-07-25 00:00:00+05:30,129.48453847834907,131.05540809593734,128.85619337069295,130.42706298828125,305196,0.0,0.0
2011-07-26 00:00:00+05:30,130.42706966245942,130.8310048454158,125.17587119333581,127.82390594482422,529575,0.0,0.0
2011-07-27 00:00:00+05:30,129.12547977463998,129.12547977463998,121.540413149413,122.34829711914062,963559,0.0,0.0
2011-07-28 00:00:00+05:30,121.40577918070905,122.70735411091971,116.33411994692763,122.12389373779297,1999100,0.0,0.0
2011-07-29 00:00:00+05:30,122.03411978610629,125.93885812978436,120.41836551641552,124.36798858642578,1005581,0.0,0.0
2011-08-01 00:00:00+05:30,125.93886714146579,126.29791758402465,122.25853846920363,123.02153778076172,270072,0.0,0.0
2011-08-02 00:00:00+05:30,123.42546954586732,123.42546954586732,120.50814026569228,121.54042053222656,953772,0.0,0.0
2011-08-03 00:00:00+05:30,120.01442601347539,120.50813059140388,117.14198169220266,119.52072143554688,848694,0.0,0.0
2011-08-04 00:00:00+05:30,121.00184566644582,121.9892412110661,117.23176131165827,117.90499114990234,576444,0.0,0.0
2011-08-05 00:00:00+05:30,117.6805832108949,117.6805832108949,112.38450017491112,113.91049194335938,945770,0.0,0.0
2011-08-08 00:00:00+05:30,112.11520736869588,118.03962841368558,109.55693542295576,115.12229919433594,552693,0.0,0.0
2011-08-09 00:00:00+05:30,113.32701383055908,116.73804748127372,110.09551223161482,114.80812072753906,453059,0.0,0.0
2011-08-10 00:00:00+05:30,116.51364805810245,119.2963232027385,113.59631872616215,114.4490737915039,697783,0.0,0.0
2011-08-11 00:00:00+05:30,112.47426688728036,116.06482599814713,112.47426688728036,114.00025177001953,488253,0.0,0.0
2011-08-12 00:00:00+05:30,114.85301051304101,115.79553504933348,111.39709862738233,111.80104064941406,410754,0.0,0.0
2011-08-16 00:00:00+05:30,112.20497060186837,113.6411928558827,105.83172964137182,106.9986572265625,342137,0.0,0.0
2011-08-17 00:00:00+05:30,107.26795641447369,108.16559621710526,104.21597971583668,106.5947265625,667233,0.0,0.0
2011-08-18 00:00:00+05:30,106.68447716737357,107.6718794694617,100.62540918146549,102.28604125976562,652521,0.0,0.0
2011-08-19 00:00:00+05:30,98.96478702807357,102.33093624671554,95.64352253839276,100.13172149658203,650411,0.0,0.0
2011-08-22 00:00:00+05:30,100.35612632120778,103.27345549509816,97.48367502553938,101.07423400878906,378907,0.0,0.0
2011-08-23 00:00:00+05:30,101.43329732411509,102.95928224359417,100.0868376251224,101.927001953125,345061,0.0,0.0
2011-08-24 00:00:00+05:30,101.70258866900733,103.9466880937564,99.72777706615936,100.71517944335938,352268,0.0,0.0
2011-08-25 00:00:00+05:30,101.25376591089056,101.43329112039712,96.13721525858064,97.43879699707031,736961,0.0,0.0
2011-08-26 00:00:00+05:30,97.1695122092482,99.41361179837634,95.14982257903289,95.77816772460938,373975,0.0,0.0
2011-08-29 00:00:00+05:30,97.03486532965792,99.6380222352228,96.13722548970095,97.07975006103516,505199,0.0,0.0
2011-08-30 00:00:00+05:30,98.29155183271929,99.36871678465766,97.93249456592392,98.74037170410156,281859,0.0,0.0
2011-09-02 00:00:00+05:30,98.74037607348981,100.35613042134432,97.3939163997604,97.7978515625,266692,0.0,0.0
2011-09-05 00:00:00+05:30,97.25926871404019,97.93249854849148,95.86793116524301,97.30415344238281,120880,0.0,0.0
2011-09-06 00:00:00+05:30,97.93250230436394,100.31124918034362,96.04746006529545,96.90021514892578,304975,0.0,0.0
2011-09-07 00:00:00+05:30,97.66321473296583,101.29865187917281,97.03486275261457,99.77266693115234,742374,0.0,0.0
2011-09-08 00:00:00+05:30,99.90730813782318,103.49786718179242,99.09943098324052,100.76006317138672,1202195,0.0,0.0
2011-09-09 00:00:00+05:30,100.76006632411985,101.88211606046862,97.03485982975229,97.528564453125,585515,0.0,0.0
2011-09-12 00:00:00+05:30,96.27186403527838,96.855331247606,91.69390263965401,92.95059967041016,691970,0.0,0.0
2011-09-13 00:00:00+05:30,95.14980973284771,95.14980973284771,91.11043101777399,91.51436614990234,903937,0.0,0.0
2011-09-14 00:00:00+05:30,91.69390824817047,92.36713810777754,89.53957132773824,90.66162109375,998239,0.0,0.0
2011-09-15 00:00:00+05:30,91.11043385972296,92.45689347341344,90.70649871499491,91.69390106201172,973068,0.0,0.0
2011-09-16 00:00:00+05:30,91.82855729411276,92.99548496335412,89.36004776307153,90.07815551757812,1740375,0.0,0.0
2011-09-19 00:00:00+05:30,89.40492627572334,90.3923287254107,89.04586897171473,89.27027893066406,467955,0.0,0.0
2011-09-20 00:00:00+05:30,89.1805076972516,89.9883848410755,88.0584580109539,89.31515502929688,1174165,0.0,0.0
2011-09-21 00:00:00+05:30,89.76398367698525,91.2450907773452,89.31516375860032,89.80886840820312,1235092,0.0,0.0
2011-09-22 00:00:00+05:30,88.86633861983023,88.86633861983023,86.26318187642842,86.57735443115234,1413636,0.0,0.0
2011-09-23 00:00:00+05:30,85.27578456611167,86.80176955054691,83.57026750509974,85.36554718017578,1106216,0.0,0.0
2011-09-26 00:00:00+05:30,85.54507668940069,87.78917621589653,83.25609243299563,83.88443756103516,416918,0.0,0.0
2011-09-27 00:00:00+05:30,85.18602090013563,86.12853860884287,84.55766891254909,85.1411361694336,384250,0.0,0.0
2011-09-28 00:00:00+05:30,85.72459854488322,86.17341843255277,84.42302361002073,85.0513687133789,478538,0.0,0.0
2011-09-29 00:00:00+05:30,84.82695611000194,85.27577598359984,82.58285674201247,83.57025909423828,1123846,0.0,0.0
2011-09-30 00:00:00+05:30,84.01907679675438,84.91671652075485,82.8970271417538,83.1214370727539,449656,0.0,0.0
2011-10-03 00:00:00+05:30,82.22380477373858,82.58286206545192,80.78758245533339,81.05687713623047,546567,0.0,0.0
2011-10-04 00:00:00+05:30,80.87734562177288,81.28128764589354,77.24190849537653,79.97970581054688,942720,0.0,0.0
2011-10-05 00:00:00+05:30,80.78757702464789,81.05687168744248,79.26159219800587,79.66552734375,338898,0.0,0.0
2011-10-07 00:00:00+05:30,78.13954385960916,83.48049769306596,78.13954385960916,82.22380065917969,510084,0.0,0.0
2011-10-10 00:00:00+05:30,82.49309787139666,84.3332553273822,81.8198680305231,83.43561553955078,682188,0.0,0.0
2011-10-11 00:00:00+05:30,84.28838002735333,85.32066718465015,83.74979750785663,84.9167251586914,529487,0.0,0.0
2011-10-12 00:00:00+05:30,85.32065934483663,88.77657094654121,85.27577461881607,88.05845642089844,1285623,0.0,0.0
2011-10-13 00:00:00+05:30,88.41751761573337,89.5844520596857,87.87893512177384,88.46240234375,604793,0.0,0.0
2011-10-14 00:00:00+05:30,90.88603337447861,90.88603337447861,88.05846652202737,89.27027893066406,232387,0.0,0.0
2011-10-17 00:00:00+05:30,90.48209226011431,90.48209226011431,88.86633792215055,89.22539520263672,217312,0.0,0.0
2011-10-18 00:00:00+05:30,88.41751532103038,88.68680998524512,87.02617097000052,87.47499084472656,149967,0.0,0.0
2011-10-19 00:00:00+05:30,88.68681264003925,89.5395676881664,88.28287063162534,88.95610046386719,148569,0.0,0.0
2011-10-20 00:00:00+05:30,88.8214576373047,88.9561049802789,87.51988263493375,88.55216979980469,109196,0.0,0.0
2011-10-21 00:00:00+05:30,89.09074796594538,89.18051057405523,86.80176379268043,87.3852310180664,118915,0.0,0.0
2011-10-24 00:00:00+05:30,87.7891726723146,89.04586287766777,86.62223822626041,86.89153289794922,328190,0.0,0.0
2011-10-25 00:00:00+05:30,86.71200288333749,87.25058539099585,80.56317165330418,83.16632843017578,2152588,0.0,0.0
2011-10-28 00:00:00+05:30,86.08364797425439,88.50727240726674,86.08364797425439,87.9238052368164,491500,0.0,0.0
2011-10-31 00:00:00+05:30,87.96869579004205,92.68130449308002,86.44271094938983,91.9183120727539,1420819,0.0,0.0
2011-11-01 00:00:00+05:30,90.39231998876355,92.63641936135895,88.91121988160883,89.31515502929688,616558,0.0,0.0
2011-11-02 00:00:00+05:30,89.31516371036233,90.6616234647899,88.05846656987357,89.5395736694336,357172,0.0,0.0
2011-11-03 00:00:00+05:30,89.98839222918748,91.11044200760627,89.31516236213619,90.61673736572266,337611,0.0,0.0
2011-11-04 00:00:00+05:30,91.469482421875,91.78365493214892,90.66160536085127,91.469482421875,335801,0.0,0.0
2011-11-08 00:00:00+05:30,97.21439068177378,97.21439068177378,92.14272456716701,93.130126953125,652174,0.0,0.0
2011-11-09 00:00:00+05:30,93.66871022251523,94.07265223495247,90.07815108146282,90.75138092041016,464014,0.0,0.0
2011-11-11 00:00:00+05:30,93.71358866482123,93.71358866482123,88.73168545141938,91.73877716064453,549598,0.0,0.0
2011-11-14 00:00:00+05:30,92.6813080138286,92.90571796059331,88.86633891882839,89.18051147460938,169601,0.0,0.0
2011-11-15 00:00:00+05:30,88.82145530933228,89.71909510770229,85.27578084515005,85.76948547363281,292033,0.0,0.0
2011-11-16 00:00:00+05:30,85.949008328927,87.25058326136967,83.66002416668866,86.62223815917969,234568,0.0,0.0
2011-11-17 00:00:00+05:30,86.2183042393985,88.77657626143252,83.92932004426655,85.2757797241211,199634,0.0,0.0
2011-11-18 00:00:00+05:30,84.8269532928779,84.8269532928779,82.71750132671278,83.66001892089844,261626,0.0,0.0
2011-11-21 00:00:00+05:30,82.80726844316901,84.73719531045006,82.5828585015886,83.52538299560547,245042,0.0,0.0
2011-11-22 00:00:00+05:30,83.48049667898664,83.92931655360485,81.90962711782291,82.26868438720703,275842,0.0,0.0
2011-11-23 00:00:00+05:30,82.40333684381936,82.40333684381936,79.9348273799064,81.05687713623047,440034,0.0,0.0
2011-11-24 00:00:00+05:30,81.19150923893584,84.42301768200488,79.53087714085439,82.89702606201172,561014,0.0,0.0
2011-11-25 00:00:00+05:30,82.8072696668784,83.92931939136184,81.59545733412588,82.17892456054688,181542,0.0,0.0
2011-11-28 00:00:00+05:30,82.58286366564163,84.7820784912712,82.58286366564163,84.37814331054688,269996,0.0,0.0
2011-11-29 00:00:00+05:30,84.60254674080034,85.27577655571386,82.13403741945072,82.76238250732422,255106,0.0,0.0
2011-11-30 00:00:00+05:30,83.30097298449373,85.27577772937374,81.77498127395197,83.25608825683594,1410409,0.0,0.0
2011-12-01 00:00:00+05:30,85.09625420488985,87.9686987723633,82.08915545177,82.67262268066406,653161,0.0,0.0
2011-12-02 00:00:00+05:30,83.43561014717693,84.64742926118896,82.58285514322917,84.15372467041016,559291,0.0,0.0
2011-12-05 00:00:00+05:30,85.18601578315972,85.18601578315972,82.40333385799413,82.7175064086914,765422,0.0,0.0
2011-12-07 00:00:00+05:30,83.30097637485271,84.2434940579955,82.13404189273511,82.35845184326172,519449,0.0,0.0
2011-12-08 00:00:00+05:30,83.12144003371998,83.12144003371998,79.2615931920904,79.62064361572266,537794,0.0,0.0
2011-12-09 00:00:00+05:30,79.17181791812942,80.24898965519114,77.19701333952062,79.57575988769531,339702,0.0,0.0
2011-12-12 00:00:00+05:30,79.97970386950398,80.96710626819947,77.28678450118096,77.96001434326172,247293,0.0,0.0
2011-12-13 00:00:00+05:30,77.19701877881829,78.22930586473623,76.38914163121086,77.55607604980469,332749,0.0,0.0
2011-12-14 00:00:00+05:30,77.91513718332205,78.81277698106332,76.65844009679462,77.69072723388672,251085,0.0,0.0
2011-12-15 00:00:00+05:30,77.64583270161417,77.91512734631661,76.29937317499657,77.24189758300781,144789,0.0,0.0
2011-12-16 00:00:00+05:30,78.49860093318406,78.8127803546003,75.17733627875573,76.25450134277344,285291,0.0,0.0
2011-12-19 00:00:00+05:30,75.62615532349625,76.65844249285384,71.81118606385401,72.3946533203125,494587,0.0,0.0
2011-12-20 00:00:00+05:30,73.24739908393953,73.24739908393953,69.20802038245263,69.56707763671875,247180,0.0,0.0
2011-12-21 00:00:00+05:30,71.63166391217227,72.08048384433263,69.20803216943715,70.73402404785156,283072,0.0,0.0
2011-12-22 00:00:00+05:30,70.15054843910428,73.6064601368139,68.40014680239182,72.84346771240234,264773,0.0,0.0
2011-12-23 00:00:00+05:30,74.95292043868045,74.95292043868045,69.79149178571743,70.19542694091797,269334,0.0,0.0
2011-12-26 00:00:00+05:30,70.91354376222459,72.48441340252704,70.24031391638069,71.1828384399414,196121,0.0,0.0
2011-12-27 00:00:00+05:30,71.22771367532876,71.54188622203183,69.34267154666246,69.70172882080078,191455,0.0,0.0
2011-12-28 00:00:00+05:30,70.91354526964516,70.91354526964516,67.77180592225582,68.26551055908203,355691,0.0,0.0
2011-12-29 00:00:00+05:30,67.45763353245393,68.22062600625527,65.97652646657583,66.42534637451172,442023,0.0,0.0
2011-12-30 00:00:00+05:30,66.42534806317909,67.50251313022963,65.57259295580144,65.84188079833984,301591,0.0,0.0
2012-01-02 00:00:00+05:30,66.42534806317909,66.42534806317909,65.30329826481457,65.84188079833984,161735,0.0,0.0
2012-01-03 00:00:00+05:30,66.51510881361042,68.57968312413131,66.51510881361042,68.26551055908203,481381,0.0,0.0
2012-01-04 00:00:00+05:30,69.07337744821147,69.56708206027649,67.81668725104225,68.89385223388672,1485192,0.0,0.0
2012-01-05 00:00:00+05:30,68.89384953627818,70.01589920299281,68.44502966959233,69.2529067993164,1665851,0.0,0.0
2012-01-06 00:00:00+05:30,69.11825939008722,69.56707925625662,68.04109445065974,68.98361206054688,263823,0.0,0.0
2012-01-09 00:00:00+05:30,69.74661608680708,71.94583790661198,68.93874567182651,69.38756561279297,666118,0.0,0.0
2012-01-10 00:00:00+05:30,70.73401613695908,72.03559105527651,69.52219697689705,71.76629638671875,2801232,0.0,0.0
2012-01-11 00:00:00+05:30,72.03559390908751,73.33716887896901,71.1828388389511,71.94583129882812,1441139,0.0,0.0
2012-01-12 00:00:00+05:30,72.03559415572784,75.0426861246262,71.27260169323843,74.54898834228516,889870,0.0,0.0
2012-01-13 00:00:00+05:30,75.04268374848608,76.65843808131882,74.81827380495088,75.40174102783203,644607,0.0,0.0
2012-01-16 00:00:00+05:30,74.95292390856693,75.71591637507228,73.65134892737831,75.31198120117188,255764,0.0,0.0
2012-01-17 00:00:00+05:30,76.29938015226504,77.19701991876228,75.62615032739211,75.94032287597656,541523,0.0,0.0
2012-01-18 00:00:00+05:30,74.14504520198415,76.29938206528172,73.60646269827178,74.05528259277344,360016,0.0,0.0
2012-01-19 00:00:00+05:30,74.72851428715975,76.20962134542376,74.54898906428762,75.80567932128906,308466,0.0,0.0
2012-01-20 00:00:00+05:30,74.63874521604417,78.63323929105209,74.63874521604417,77.87024688720703,777376,0.0,0.0
2012-01-23 00:00:00+05:30,78.09466313641254,80.78758255490952,78.09466313641254,78.94741821289062,708578,0.0,0.0
2012-01-24 00:00:00+05:30,79.03718094982828,84.73719186448119,77.91513128755614,84.15372467041016,1437932,0.0,0.0
2012-01-25 00:00:00+05:30,84.60255019213193,85.23089530563854,81.05687576165523,81.86474609375,1089734,0.0,0.0
2012-01-27 00:00:00+05:30,82.62774012303295,82.76238060416128,79.21670639986372,79.44111633300781,1328669,0.0,0.0
2012-01-30 00:00:00+05:30,68.13086102857406,79.21671099995457,67.4127464614332,77.197021484375,1189284,0.0,0.0
2012-01-31 00:00:00+05:30,78.0048964343647,79.80017595253905,77.87024910081205,78.58836364746094,1633785,0.0,0.0
2012-02-01 00:00:00+05:30,78.99230399937719,79.62064913272019,77.0174991387721,79.17182922363281,759115,0.0,0.0
2012-02-02 00:00:00+05:30,79.88993636883603,81.01198603693766,77.6907217587359,78.13954162597656,1486919,0.0,0.0
2012-02-03 00:00:00+05:30,78.1844209435759,79.0371828161073,76.9277239224676,78.85765075683594,599562,0.0,0.0
2012-02-06 00:00:00+05:30,80.78757576320481,83.1214376933412,79.03718102771444,82.58285522460938,1476331,0.0,0.0
2012-02-07 00:00:00+05:30,83.92932153552483,87.43011813503851,83.83955892496257,86.53247833251953,2573183,0.0,0.0
2012-02-08 00:00:00+05:30,87.43011347613836,88.86633571394692,85.27577669520159,88.50727844238281,2422176,0.0,0.0
2012-02-09 00:00:00+05:30,89.49469003183414,90.57186195760794,87.20571253040582,90.03327941894531,1949970,0.0,0.0
2012-02-10 00:00:00+05:30,90.25768796366926,92.00808289895289,89.04586871014381,90.84114837646484,1166901,0.0,0.0
2012-02-13 00:00:00+05:30,89.85373865021089,91.51437083733266,87.20570409629627,87.69940185546875,1061118,0.0,0.0
2012-02-14 00:00:00+05:30,87.92381752641171,91.06555689272379,87.34035712285527,89.85374450683594,942522,0.0,0.0
2012-02-15 00:00:00+05:30,89.85374678709127,93.5340687684785,89.80886890407406,93.17501831054688,1301156,0.0,0.0
2012-02-16 00:00:00+05:30,93.62383415900618,95.3293443053415,91.28996519327706,94.61123657226562,961023,0.0,0.0
2012-02-17 00:00:00+05:30,96.94509452683133,99.54825121251916,95.14981499855668,97.88761901855469,1621638,0.0,0.0
2012-02-21 00:00:00+05:30,99.9970687136615,100.31124125393954,97.03485482315935,98.74037170410156,795196,0.0,0.0
2012-02-22 00:00:00+05:30,99.63801285672318,100.04194800730373,95.23957668525034,96.09233856201172,1615272,0.0,0.0
2012-02-23 00:00:00+05:30,95.5088648140998,95.59862741381296,90.25767397373475,91.3348388671875,1881174,0.0,0.0
2012-02-24 00:00:00+05:30,91.55925744158561,93.130127054554,90.12303516513269,91.28996276855469,726202,0.0,0.0
2012-02-27 00:00:00+05:30,91.69390081084032,91.82854814153008,87.07105478014317,87.78916931152344,859759,0.0,0.0
2012-02-28 00:00:00+05:30,88.01358838076797,91.82855767170015,87.07106381657005,90.84114837646484,1029895,0.0,0.0
2012-02-29 00:00:00+05:30,90.84113537480223,94.2970537165997,89.85373306933758,91.55924987792969,727042,0.0,0.0
2012-03-01 00:00:00+05:30,91.78366738629538,92.90571710984423,89.58445266751886,91.28996276855469,389153,0.0,0.0
2012-03-02 00:00:00+05:30,91.78366418537789,93.66870628551027,90.88602443784363,92.72618865966797,559622,0.0,0.0
2012-03-05 00:00:00+05:30,91.55925227325986,92.14271946625938,88.50727582779501,89.13562774658203,420702,0.0,0.0
2012-03-06 00:00:00+05:30,87.25058261433598,90.39232179888334,85.2757778662854,87.16082000732422,1100940,0.0,0.0
2012-03-07 00:00:00+05:30,87.07105846545797,88.2379929162299,85.90412401468602,87.3852310180664,390832,0.0,0.0
2012-03-09 00:00:00+05:30,88.37263203641788,90.66161617425598,88.37263203641788,90.30255889892578,367967,0.0,0.0
2012-03-12 00:00:00+05:30,92.23248569014729,94.25217515781475,91.24508332008834,92.1427230834961,453544,0.0,0.0
2012-03-13 00:00:00+05:30,92.95060835011536,94.20729864977307,92.54666631226952,93.17501831054688,390506,0.0,0.0
2012-03-14 00:00:00+05:30,94.25217756988309,95.50887464050449,91.91831549498512,94.92540740966797,696745,0.0,0.0
2012-03-15 00:00:00+05:30,96.047463656167,96.047463656167,89.62933737861194,90.03327941894531,787794,0.0,0.0
2012-03-16 00:00:00+05:30,90.48208384198733,92.00806858152143,86.66711514470474,87.9238052368164,857218,0.0,0.0
2012-03-19 00:00:00+05:30,88.41752054811975,88.86634044937924,86.21830577132752,86.53247833251953,325750,0.0,0.0
2012-03-20 00:00:00+05:30,86.53247490979392,88.01358189505584,85.54507253576863,87.16082000732422,468881,0.0,0.0
2012-03-21 00:00:00+05:30,87.43012002243374,89.09075232325307,85.85925033411442,88.55216979980469,925426,0.0,0.0
2012-03-22 00:00:00+05:30,88.50728441993374,89.53957157723056,84.51278998118097,84.9167251586914,614200,0.0,0.0
2012-03-23 00:00:00+05:30,84.64743775685803,87.43011982888822,84.3781430715058,85.94901275634766,641485,0.0,0.0
2012-03-26 00:00:00+05:30,86.397828543058,87.07105837586106,83.0765641072755,83.48049926757812,650792,0.0,0.0
2012-03-27 00:00:00+05:30,85.05137488066556,85.09625961206642,82.31357062797714,83.794677734375,458102,0.0,0.0
2012-03-28 00:00:00+05:30,83.48050368111039,83.48050368111039,82.13404394431828,82.53797912597656,271188,0.0,0.0
2012-03-29 00:00:00+05:30,80.33876662043046,82.94192355659222,79.88994669517666,81.41593170166016,741667,0.0,0.0
2012-03-30 00:00:00+05:30,82.40333849178892,85.23089845551488,82.17892853603617,84.6474380493164,850850,0.0,0.0
2012-04-02 00:00:00+05:30,85.1860226856379,86.62224506837724,84.51279280168677,85.09626007080078,535435,0.0,0.0
2012-04-03 00:00:00+05:30,85.76949135913131,86.89154118408882,85.36554931307742,86.08366394042969,276357,0.0,0.0
2012-04-04 00:00:00+05:30,86.08366394042969,86.44272125410582,84.91672938309442,86.08366394042969,194542,0.0,0.0
2012-04-09 00:00:00+05:30,81.90962631761765,85.99388987612178,81.90962631761765,84.10884094238281,203843,0.0,0.0
2012-04-10 00:00:00+05:30,83.57026108228663,85.72459789649548,83.0316785908464,85.58995056152344,363459,0.0,0.0
2012-04-11 00:00:00+05:30,84.46790260913959,86.8017646862614,84.06396744426299,85.54507446289062,534678,0.0,0.0
2012-04-12 00:00:00+05:30,85.36553563634664,87.47498759961385,85.36553563634664,86.8017578125,579492,0.0,0.0
2012-04-13 00:00:00+05:30,87.29547991342848,88.41752978378103,84.37815025051185,85.18602752685547,578067,0.0,0.0
2012-04-16 00:00:00+05:30,85.2308893686239,87.69939861872405,84.87183895645835,87.02616882324219,324559,0.0,0.0
2012-04-17 00:00:00+05:30,88.37262638998645,89.31515082145111,86.66711642592276,87.11593627929688,841567,0.0,0.0
2012-04-18 00:00:00+05:30,87.07106567100686,88.19311548635488,85.94901585565883,86.35295104980469,370946,0.0,0.0
2012-04-19 00:00:00+05:30,86.53247888581515,86.84665144901601,84.91672449157045,85.45530700683594,378665,0.0,0.0
2012-04-20 00:00:00+05:30,85.32066071033874,85.90412106725778,83.03167661561037,83.57025909423828,459641,0.0,0.0
2012-04-23 00:00:00+05:30,82.94191030923868,84.28836986994564,81.90962327634051,82.134033203125,329007,0.0,0.0
2012-04-24 00:00:00+05:30,82.67261945975217,82.67261945975217,81.14663462681803,81.9993896484375,723519,0.0,0.0
2012-04-25 00:00:00+05:30,81.95451682348022,82.31356726622921,79.57576997380299,80.5182876586914,545995,0.0,0.0
2012-04-26 00:00:00+05:30,80.38364485247737,81.1017525657478,77.28678350957061,78.00489807128906,1473488,0.0,0.0
2012-04-27 00:00:00+05:30,78.3190786110757,80.24900570012146,75.5363963854149,76.43403625488281,486592,0.0,0.0
2012-04-30 00:00:00+05:30,78.49859311998345,78.90253511512088,77.69072282660416,78.36395263671875,826456,0.0,0.0
2012-05-02 00:00:00+05:30,78.09465988543855,80.7426944640139,78.09465988543855,80.11434936523438,1475528,0.0,0.0
2012-05-03 00:00:00+05:30,79.8899466102459,80.15924130449133,76.61355978968656,77.01750183105469,1142407,0.0,0.0
2012-05-04 00:00:00+05:30,76.97261129744987,77.10725863442364,74.2796919517665,74.8631591796875,832436,0.0,0.0
2012-05-07 00:00:00+05:30,74.32457977201703,76.65844193233774,73.38205522244121,75.26709747314453,2626400,0.0,0.0
2012-05-08 00:00:00+05:30,75.58126032502736,76.07496490152539,72.93322593804056,73.51669311523438,1611280,0.0,0.0
2012-05-09 00:00:00+05:30,72.75370652428519,74.41433873882849,71.90094462871842,73.56157684326172,1044575,0.0,0.0
2012-05-10 00:00:00+05:30,74.18992569598512,75.62614790671994,72.97811341969161,73.42693328857422,982855,0.0,0.0
2012-05-11 00:00:00+05:30,73.0229950593053,74.32457685518474,71.18283761115914,73.29228973388672,1098802,0.0,0.0
2012-05-14 00:00:00+05:30,73.60646204383606,73.74110938067902,70.10566552815912,70.95842742919922,1101211,0.0,0.0
2012-05-15 00:00:00+05:30,71.09306938024353,72.34976646921943,70.19542958075336,71.94583129882812,845397,0.0,0.0
2012-05-16 00:00:00+05:30,71.72142439689691,71.72142439689691,70.01590733569665,70.28520202636719,959370,0.0,0.0
2012-05-17 00:00:00+05:30,70.64425454246455,71.49701652215322,70.10567199386831,70.46472930908203,751483,0.0,0.0
2012-05-18 00:00:00+05:30,70.01590500919843,71.72142201372753,69.20802781247957,71.4072494506836,849043,0.0,0.0
2012-05-21 00:00:00+05:30,71.81119082856651,73.11276592295474,71.36237088588796,72.21512603759766,605153,0.0,0.0
2012-05-22 00:00:00+05:30,73.24740585812717,73.33716846788339,70.73401854271214,71.1828384399414,628027,0.0,0.0
2012-05-23 00:00:00+05:30,71.1828330442518,71.49700557880824,69.70172612597412,70.06078338623047,814943,0.0,0.0
2012-05-24 00:00:00+05:30,70.28519632350044,72.43952628027074,70.0159016546802,72.03559112548828,1038655,0.0,0.0
2012-05-25 00:00:00+05:30,72.26000876125347,73.06788600529262,72.08048352855529,72.30489349365234,1316289,0.0,0.0
2012-05-28 00:00:00+05:30,72.4844081332135,74.36945019485213,72.39464552998265,73.69622039794922,1276199,0.0,0.0
2012-05-29 00:00:00+05:30,74.41433555102462,74.68362336299822,72.79858128539217,73.15763854980469,1363108,0.0,0.0
2012-05-30 00:00:00+05:30,70.01590538943645,72.93323478066297,70.01590538943645,72.17024230957031,1057441,0.0,0.0
2012-05-31 00:00:00+05:30,71.2725963955872,74.50409807493081,70.6442444714288,72.88834381103516,2324851,0.0,0.0
2012-06-01 00:00:00+05:30,73.02299349708265,73.38205077269367,71.27259869509481,72.03559112548828,603418,0.0,0.0
2012-06-04 00:00:00+05:30,71.63165373661116,73.56157369198895,71.00330181177735,73.15763854980469,613643,0.0,0.0
2012-06-05 00:00:00+05:30,73.7859916931544,74.95292621796314,73.33717177568157,73.92063903808594,776927,0.0,0.0
2012-06-06 00:00:00+05:30,73.92063346871328,76.88284744023245,73.92063346871328,76.2096176147461,996704,0.0,0.0
2012-06-07 00:00:00+05:30,77.46632452883163,77.91514446967435,75.89545473588214,76.658447265625,1142687,0.0,0.0
2012-06-08 00:00:00+05:30,76.65843453822089,78.0497720147638,75.49150014639345,77.6009521484375,1040958,0.0,0.0
2012-06-11 00:00:00+05:30,78.09466341051753,79.62064834697593,77.19702360120124,77.64584350585938,1325801,0.0,0.0
2012-06-12 00:00:00+05:30,77.19702338632038,79.5308855143567,76.5686782609273,79.21671295166016,1004782,0.0,0.0
2012-06-13 00:00:00+05:30,79.71041378163298,80.15923366362765,78.54347934906767,79.35135650634766,979142,0.0,0.0
2012-06-14 00:00:00+05:30,79.84504810405959,80.06945802773423,78.00489083899593,78.49858856201172,970377,0.0,0.0
2012-06-15 00:00:00+05:30,78.13954558895132,80.38364503896776,78.04977613219224,80.06946563720703,786011,0.0,0.0
2012-06-18 00:00:00+05:30,80.78758050722257,81.64033556208626,77.73560387392678,79.03718566894531,1634120,0.0,0.0
2012-06-19 00:00:00+05:30,79.08206226142691,80.65293185682367,78.63324237702784,80.11434936523438,1249290,0.0,0.0
2012-06-20 00:00:00+05:30,80.78757811128423,81.14663538369062,78.90253599171051,79.88993835449219,1399421,0.0,0.0
2012-06-21 00:00:00+05:30,81.21356409470968,81.21356409470968,78.66086338543381,80.45720672607422,1631789,4.5,0.0
2012-06-22 00:00:00+05:30,79.60630187907311,79.9844805414878,78.2826873803588,79.27539825439453,1496335,0.0,0.0
2012-06-25 00:00:00+05:30,79.7481213197172,80.4572036205087,78.51904965957354,78.94449615478516,1176595,0.0,0.0
2012-06-26 00:00:00+05:30,78.37722507804476,78.94448942770816,78.09358929663428,78.51904296875,973624,0.0,0.0
2012-06-27 00:00:00+05:30,78.84995818811541,79.41722262135048,78.42450445332014,79.08631896972656,930483,0.0,0.0
2012-06-28 00:00:00+05:30,84.14443753732574,84.14443753732574,77.1954320597401,77.9517822265625,1321358,0.0,0.0
2012-06-29 00:00:00+05:30,78.56631630213043,79.22813076746611,78.37723057669628,78.75540924072266,1316080,0.0,0.0
2012-07-02 00:00:00+05:30,78.84994757557764,80.26811207437164,78.80267254035479,79.74811553955078,1387342,0.0,0.0
2012-07-03 00:00:00+05:30,79.88993929344093,80.36266082772165,79.22813203071121,79.46449279785156,1389898,0.0,0.0
2012-07-04 00:00:00+05:30,80.03175744287593,80.36266107526006,79.32267513927069,80.07902526855469,1690002,0.0,0.0
2012-07-05 00:00:00+05:30,81.11902308049127,82.25355194621002,79.60630830865476,81.78083038330078,2351345,0.0,0.0
2012-07-06 00:00:00+05:30,82.91535366619735,82.91535366619735,80.88265685307915,81.54446411132812,1639266,0.0,0.0
2012-07-09 00:00:00+05:30,82.82081358425238,82.82081358425238,78.99177338179489,79.22813415527344,1202937,0.0,0.0
2012-07-10 00:00:00+05:30,78.94449320655305,80.36265775517377,78.94449320655305,80.12629699707031,775647,0.0,0.0
2012-07-11 00:00:00+05:30,81.21356344399946,81.21356344399946,79.51176298478427,79.84266662597656,925532,0.0,0.0
2012-07-12 00:00:00+05:30,79.60630836137595,79.60630836137595,78.75541531810266,79.08631896972656,517124,0.0,0.0
2012-07-13 00:00:00+05:30,79.84266083806753,79.84266083806753,78.70813208960662,78.99176788330078,472015,0.0,0.0
2012-07-16 00:00:00+05:30,79.46449050996299,79.51175833413525,78.18813663362644,78.66085815429688,584007,0.0,0.0
2012-07-17 00:00:00+05:30,78.99177267114241,79.51176204022211,77.384515098053,78.09359741210938,673594,0.0,0.0
2012-07-18 00:00:00+05:30,76.91179146511624,78.56631681961605,76.91179146511624,78.3299560546875,569507,0.0,0.0
2012-07-19 00:00:00+05:30,79.13357967496731,79.13357967496731,78.09359377212395,78.66085815429688,611906,0.0,0.0
2012-07-20 00:00:00+05:30,78.94449763160867,78.94449763160867,77.62087586940513,78.09359741210938,400184,0.0,0.0
2012-07-23 00:00:00+05:30,76.72270811684473,77.99905484439405,76.20271153261876,77.0536117553711,535939,0.0,0.0
2012-07-24 00:00:00+05:30,77.38450893418585,77.47905179256446,76.29724802993745,77.24269104003906,589186,0.0,0.0
2012-07-25 00:00:00+05:30,75.63544530547235,77.05360990494995,75.54090244147213,76.24998474121094,766687,0.0,0.0
2012-07-26 00:00:00+05:30,75.68271929109942,77.05360883292505,68.16644269054503,69.72642517089844,4002734,0.0,0.0
2012-07-27 00:00:00+05:30,70.86095888094313,76.20271394571049,64.99921442864176,66.13374328613281,3474074,0.0,0.0
2012-07-30 00:00:00+05:30,67.12645162663641,68.82825187708174,65.23556566532271,68.4500732421875,3385512,0.0,0.0
2012-07-31 00:00:00+05:30,68.0719027815194,69.11188874249427,66.84282387381195,68.54462432861328,1535316,0.0,0.0
2012-08-01 00:00:00+05:30,68.63916900345437,69.49006925326897,68.26099031318581,69.34825134277344,890051,0.0,0.0
2012-08-02 00:00:00+05:30,69.1118845622898,69.72642397897336,69.0173417012211,69.53733825683594,636425,0.0,0.0
2012-08-03 00:00:00+05:30,70.86095828929464,70.86095828929464,68.071903996907,69.25370788574219,626766,0.0,0.0
2012-08-06 00:00:00+05:30,69.01734280267696,70.19914661779129,68.92279994009942,69.20642852783203,659967,0.0,0.0
2012-08-07 00:00:00+05:30,69.537344294487,70.43551237236106,69.01734769372293,69.34825134277344,838659,0.0,0.0
2012-08-08 00:00:00+05:30,70.01006742576074,73.74456494475064,68.78098845808474,69.01734924316406,488862,0.0,0.0
2012-08-09 00:00:00+05:30,69.11188463034948,69.44278825099482,67.07918065615962,67.45735931396484,774471,0.0,0.0
2012-08-10 00:00:00+05:30,67.36281645280303,67.69372007344836,66.65373417435246,67.45735931396484,565833,0.0,0.0
2012-08-13 00:00:00+05:30,67.6937188741722,67.88281180630378,66.51191509769168,67.26827239990234,644783,0.0,0.0
2012-08-14 00:00:00+05:30,67.55190016485564,68.8282539986101,66.18101068591058,68.21371459960938,451323,0.0,0.0
2012-08-16 00:00:00+05:30,70.43551275502665,72.98820630518028,68.30826572551241,68.82826232910156,648115,0.0,0.0
2012-08-17 00:00:00+05:30,69.44278963165034,69.49006466975014,68.1664429476947,68.68643951416016,376323,0.0,0.0
2012-08-21 00:00:00+05:30,68.7809768427859,69.01733758795011,68.16643746272744,68.4500732421875,344818,0.0,0.0
2012-08-22 00:00:00+05:30,68.45008081063533,68.45008081063533,67.50463772544191,67.93008422851562,561953,0.0,0.0
2012-08-23 00:00:00+05:30,68.11917867297286,68.26098936834694,66.89009974990209,67.07918548583984,441835,0.0,0.0
2012-08-24 00:00:00+05:30,66.89009798021368,67.03191588499419,66.2282907087823,66.7955551147461,451802,0.0,0.0
2012-08-27 00:00:00+05:30,65.51921295955536,67.03192055182788,64.9992163435435,65.28285217285156,550264,0.0,0.0
2012-08-28 00:00:00+05:30,65.85010883332075,65.85010883332075,64.05376562410898,64.76284790039062,560563,0.0,0.0
2012-08-29 00:00:00+05:30,65.18829523417581,65.23557027180989,63.58104493882921,63.817405700683594,805571,0.0,0.0
2012-08-30 00:00:00+05:30,63.39196236205007,64.76285196360762,62.399244227709524,63.2028694152832,1321268,0.0,0.0
2012-08-31 00:00:00+05:30,63.43922828922505,65.14102869337567,62.87196389222756,64.5264892578125,699722,0.0,0.0
2012-09-03 00:00:00+05:30,65.18830084189003,65.18830084189003,63.58105040828241,64.05377197265625,718764,0.0,0.0
2012-09-04 00:00:00+05:30,64.29013157344876,64.43194948278659,63.34468846207451,63.86468505859375,1138759,0.0,0.0
2012-09-05 00:00:00+05:30,63.675583182540244,63.95921896145657,62.39923660373178,63.15559387207031,696656,0.0,0.0
2012-09-06 00:00:00+05:30,63.15560093647154,63.4865045734495,62.44651862302235,62.58832931518555,889481,0.0,0.0
2012-09-07 00:00:00+05:30,65.04648220096949,65.04648220096949,63.250139033049535,63.48649978637695,572884,0.0,0.0
2012-09-10 00:00:00+05:30,64.29012722439236,64.66830588599097,63.439227039084976,63.817405700683594,429791,0.0,0.0
2012-09-11 00:00:00+05:30,63.91195288626736,64.24285653261664,63.39196350290662,63.86468505859375,451387,0.0,0.0
2012-09-12 00:00:00+05:30,64.29013275484317,64.47921849532926,63.72286832022629,64.05377197265625,517716,0.0,0.0
2012-09-13 00:00:00+05:30,64.29013166010324,64.66831034779437,63.770135062883114,63.91195297241211,711174,0.0,0.0
2012-09-14 00:00:00+05:30,64.8101263122812,65.80283722287446,64.57376554121257,65.2355728149414,1778999,0.0,0.0
2012-09-17 00:00:00+05:30,67.12645728893449,68.07190034934202,63.91194944091727,67.64645385742188,3075486,0.0,0.0
2012-09-18 00:00:00+05:30,68.11917324224025,72.56275260094368,67.69371955056148,71.6173095703125,3706014,0.0,0.0
2012-09-20 00:00:00+05:30,70.90822390939707,73.36637422895798,66.79554836528354,71.14458465576172,3322996,0.0,0.0
2012-09-21 00:00:00+05:30,71.85367523168676,74.35910087647594,71.38095368410988,73.93364715576172,2453912,0.0,0.0
2012-09-24 00:00:00+05:30,72.09003688990289,75.39908776353778,72.09003688990289,72.98820495605469,1510414,0.0,0.0
2012-09-25 00:00:00+05:30,73.74456455757822,74.83182560586656,72.61003568041741,73.79183959960938,1322674,0.0,0.0
2012-09-26 00:00:00+05:30,73.46092224121094,74.1227367053803,72.23185060173876,73.46092224121094,873966,0.0,0.0
2012-09-27 00:00:00+05:30,73.65002439986013,74.17001381556521,72.61003835529101,73.1300277709961,1186110,0.0,0.0
2012-09-28 00:00:00+05:30,73.27183331907491,74.92635858757015,73.27183331907491,74.02819061279297,1057686,0.0,0.0
2012-10-01 00:00:00+05:30,73.8390976463048,77.52632682833264,73.79182982369434,77.24269104003906,2439133,0.0,0.0
2012-10-03 00:00:00+05:30,78.32995913805671,78.37723417816659,76.81725162559967,77.66815185546875,1552517,0.0,0.0
2012-10-04 00:00:00+05:30,77.85723935735452,79.13358612455865,77.71542144696328,77.9517822265625,1616523,0.0,0.0
2012-10-05 00:00:00+05:30,78.42450165721544,78.89722320358361,74.87909005945419,76.01362609863281,1582726,0.0,0.0
2012-10-08 00:00:00+05:30,76.5336079925406,76.58088302782083,74.78453988453671,74.9736328125,838506,0.0,0.0
2012-10-09 00:00:00+05:30,74.64272654493543,76.48634483595742,74.64272654493543,75.63544464111328,929771,0.0,0.0
2012-10-10 00:00:00+05:30,75.63544196952118,75.72998482935151,73.08274868831298,73.69728088378906,780340,0.0,0.0
2012-10-11 00:00:00+05:30,72.09003576690799,75.63544736200183,71.85367499390173,75.4936294555664,1035260,0.0,0.0
2012-10-12 00:00:00+05:30,75.87180634803964,76.91179228214125,74.73727754959391,75.20999908447266,1105827,0.0,0.0
2012-10-15 00:00:00+05:30,75.39908048041961,75.63544123427673,73.93364092124239,75.1627197265625,821570,0.0,0.0
2012-10-16 00:00:00+05:30,75.49362632618048,76.34452651636288,73.69728308316385,73.98091888427734,1089702,0.0,0.0
2012-10-17 00:00:00+05:30,74.69000150763371,75.44635883854387,73.5081976863104,75.11544799804688,840254,0.0,0.0
2012-10-18 00:00:00+05:30,76.95907165141163,77.85723973295828,74.87909245300891,77.43179321289062,1526847,0.0,0.0
2012-10-19 00:00:00+05:30,77.52633544921875,78.51905360547825,75.87180999755859,76.81725311279297,1529359,0.0,0.0
2012-10-22 00:00:00+05:30,76.39180103452091,77.00633324415561,75.35180791295262,76.0608901977539,736645,0.0,0.0
2012-10-23 00:00:00+05:30,76.24999235117457,76.86453184824593,75.25727414720092,75.72999572753906,451503,0.0,0.0
2012-10-25 00:00:00+05:30,75.91908751453558,76.10817325848569,75.02091219787557,75.54090881347656,1198399,0.0,0.0
2012-10-29 00:00:00+05:30,70.43550248634303,70.48277752092574,68.78097726015375,69.58460235595703,1939693,0.0,0.0
2012-10-30 00:00:00+05:30,69.0173383864002,70.62458858684785,67.1737274380539,67.50463104248047,1929402,0.0,0.0
2012-10-31 00:00:00+05:30,67.50463595572913,68.21371825103476,65.80283556173232,67.64645385742188,1079391,0.0,0.0
2012-11-01 00:00:00+05:30,67.88281611244817,69.25370569486478,67.4100945718689,68.9700698852539,994551,0.0,0.0
2012-11-02 00:00:00+05:30,69.49006987906792,70.38823796503051,69.3009841388101,69.9627914428711,1228704,0.0,0.0
2012-11-05 00:00:00+05:30,69.96278957152121,69.96278957152121,68.11917840726477,68.63916778564453,857790,0.0,0.0
2012-11-06 00:00:00+05:30,67.97736049928541,68.82826073400317,67.31554599976785,68.63916778564453,598355,0.0,0.0
2012-11-07 00:00:00+05:30,70.71914148600374,73.7445562948899,68.92279828747098,71.0973129272461,1353424,0.0,0.0
2012-11-08 00:00:00+05:30,70.05733516334477,72.04276431278524,70.05733516334477,71.71186065673828,1223753,0.0,0.0
2012-11-09 00:00:00+05:30,71.94822060661434,72.32639930049046,70.19915226224074,70.4827880859375,1098265,0.0,0.0
2012-11-12 00:00:00+05:30,70.2464241781996,70.90823145316583,69.96278836712362,70.62459564208984,444742,0.0,0.0
2012-11-15 00:00:00+05:30,71.38094890265714,72.79911345039204,69.49006283901059,72.1373062133789,1528700,0.0,0.0
2012-11-16 00:00:00+05:30,72.79911829105609,73.74456138574513,70.53005342117072,71.2391357421875,1589769,0.0,0.0
2012-11-19 00:00:00+05:30,72.09004190944185,72.09004190944185,69.63189110335826,70.43551635742188,862440,0.0,0.0
2012-11-20 00:00:00+05:30,70.81369325245046,71.23913978393486,68.45008538162875,69.11189270019531,890727,0.0,0.0
2012-11-21 00:00:00+05:30,69.77370020881989,70.1991466974808,68.3555356290728,69.72642517089844,487965,0.0,0.0
2012-11-22 00:00:00+05:30,70.48278925650095,71.05005370015684,69.72643185618729,70.671875,712820,0.0,0.0
2012-11-23 00:00:00+05:30,70.71914519311298,71.57003819367011,69.86824497939757,71.050048828125,677026,0.0,0.0
2012-11-26 00:00:00+05:30,70.19914644044654,71.38095025257526,70.19914644044654,70.76641082763672,631521,0.0,0.0
2012-11-27 00:00:00+05:30,70.10460424119458,71.80639741886161,70.10460424119458,71.38095092773438,643109,0.0,0.0
2012-11-29 00:00:00+05:30,71.4282242051336,73.27183523878172,70.76640975250146,72.75183868408203,1273458,0.0,0.0
2012-11-30 00:00:00+05:30,71.85367999251375,75.16273104480057,71.8064049493604,74.07546997070312,1516191,0.0,0.0
2012-12-03 00:00:00+05:30,75.16272109899535,77.52632868072476,73.60273865242236,76.39179992675781,1408080,0.0,0.0
2012-12-04 00:00:00+05:30,76.91179180245288,78.18813849603347,76.10816664080274,77.80996704101562,1941218,0.0,0.0
2012-12-05 00:00:00+05:30,77.99905388987418,78.660861158828,76.24998563921774,77.47905731201172,1276009,0.0,0.0
2012-12-06 00:00:00+05:30,77.47906012847254,78.66086401824887,76.39180632040514,78.37723541259766,1346807,0.0,0.0
2012-12-07 00:00:00+05:30,79.03904238351693,80.36266417730423,78.6135958701946,79.41722106933594,1656863,0.0,0.0
2012-12-10 00:00:00+05:30,79.41722467599246,82.34809700116519,79.36994963318371,82.06446838378906,2492761,0.0,0.0
2012-12-11 00:00:00+05:30,82.7262694316034,83.48262678024136,79.22813292375889,80.69356536865234,2618729,0.0,0.0
2012-12-12 00:00:00+05:30,79.2281347120007,82.15900688109797,79.2281347120007,81.4971923828125,1649791,0.0,0.0
2012-12-13 00:00:00+05:30,80.50447364092514,81.92263815410706,78.18813394150004,78.80267333984375,1209227,0.0,0.0
2012-12-14 00:00:00+05:30,78.47177169034615,80.50447565266742,77.14815000233523,80.12629699707031,1280836,0.0,0.0
2012-12-17 00:00:00+05:30,79.93721464629041,81.11901848663676,79.88993960741328,80.5990219116211,831311,0.0,0.0
2012-12-18 00:00:00+05:30,81.11902091311615,82.01718897338262,78.47177734629115,81.4971923828125,1768675,0.0,0.0
2012-12-19 00:00:00+05:30,83.10444998165569,83.10444998165569,80.92992796510956,81.4971923828125,1187185,0.0,0.0
2012-12-20 00:00:00+05:30,81.82809991523948,82.15900354436397,79.46449225983866,81.54446411132812,830022,0.0,0.0
2012-12-21 00:00:00+05:30,80.83538201217799,80.92992487599335,79.51176027928848,79.98448181152344,831973,0.0,0.0
2012-12-24 00:00:00+05:30,80.74084286312323,80.74084286312323,78.56632082953278,79.41722106933594,630976,0.0,0.0
2012-12-26 00:00:00+05:30,80.17357423297219,80.83538148855088,78.70813460727322,80.4099349975586,528634,0.0,0.0
2012-12-27 00:00:00+05:30,80.6935690162791,81.07174770769306,79.13358642242063,79.60630798339844,1191004,0.0,0.0
2012-12-28 00:00:00+05:30,80.03175751088648,80.97720058316357,79.65357883934401,80.5990219116211,464392,0.0,0.0
2012-12-31 00:00:00+05:30,80.55174205477377,81.59173514260094,80.22083844190048,80.9771957397461,421649,0.0,0.0
2013-01-01 00:00:00+05:30,81.78082302919546,85.51532015509207,81.54446226899547,84.99533081054688,3181641,0.0,0.0
2013-01-02 00:00:00+05:30,87.92620719572568,88.1625679677572,86.03532101947351,86.69712829589844,3169658,0.0,0.0
2013-01-03 00:00:00+05:30,86.98075565410579,88.30437729147371,85.5153161246703,87.64256286621094,1904518,0.0,0.0
2013-01-04 00:00:00+05:30,88.3043802099251,88.77710172366865,87.07530138892875,88.54074096679688,2366757,0.0,0.0
2013-01-07 00:00:00+05:30,88.87164885095915,89.67527402027767,87.68984500985597,88.06802368164062,1631272,0.0,0.0
2013-01-08 00:00:00+05:30,87.59530490413395,88.68256591482529,86.31895815817386,88.44620513916016,1258569,0.0,0.0
2013-01-09 00:00:00+05:30,88.54074676539369,89.34437194875612,87.45348576994647,87.73712158203125,1022564,0.0,0.0
2013-01-10 00:00:00+05:30,87.07530857519485,88.63529114192441,86.22440833760069,86.88622283935547,1151083,0.0,0.0
2013-01-11 00:00:00+05:30,87.45348399905505,89.24982727518079,83.86079744680356,84.3335189819336,1423019,0.0,0.0
2013-01-14 00:00:00+05:30,83.95534824237593,85.79895935988706,82.11172991170655,85.46805572509766,3447340,0.0,0.0
2013-01-15 00:00:00+05:30,86.36622406844825,87.83166373030897,85.79895966207445,86.60258483886719,1293865,0.0,0.0
2013-01-16 00:00:00+05:30,86.69712625504658,86.79167633216015,81.7808251977841,82.67899322509766,1797754,0.0,0.0
2013-01-17 00:00:00+05:30,83.52989533857095,84.85351710371177,82.72627015682205,84.00261688232422,1304192,0.0,0.0
2013-01-18 00:00:00+05:30,84.19170864056343,85.08987667576658,83.57716919971793,83.81352996826172,697558,0.0,0.0
2013-01-21 00:00:00+05:30,84.75896881128446,84.90078670796285,81.78082183366955,82.20626831054688,1306691,0.0,0.0
2013-01-22 00:00:00+05:30,83.4826226474025,84.0498870242192,79.74811834147322,80.12629699707031,1924065,0.0,0.0
2013-01-23 00:00:00+05:30,81.07174524530635,81.07174524530635,77.14815496572982,78.70813751220703,1647583,0.0,0.0
2013-01-24 00:00:00+05:30,79.03903255254306,79.27539330013629,75.54089637342635,75.91907501220703,1339442,0.0,0.0
2013-01-25 00:00:00+05:30,73.83910159124189,79.3226742280604,73.83910159124189,78.8499526977539,1534374,0.0,0.0
2013-01-28 00:00:00+05:30,79.84266212640716,80.97719810633279,79.22812991875017,79.70085144042969,1284714,0.0,0.0
2013-01-29 00:00:00+05:30,80.26811652174992,81.21355957332965,77.24269442879998,77.71541595458984,1896152,0.0,0.0
2013-01-30 00:00:00+05:30,78.32995154608189,78.70813019083154,74.97363320517829,76.10816192626953,3049207,0.0,0.0
2013-01-31 00:00:00+05:30,76.2027069923247,77.19542506191424,75.63544261534123,76.39179992675781,1340506,0.0,0.0
2013-02-01 00:00:00+05:30,77.0063286806098,77.14814657179726,75.7299820862379,75.91907501220703,678270,0.0,0.0
2013-02-04 00:00:00+05:30,78.3772298920819,78.3772298920819,73.60273962841431,73.8863754272461,1203673,0.0,0.0
2013-02-05 00:00:00+05:30,74.64272208681079,74.64272208681079,72.13730390323946,73.41365051269531,1355304,0.0,0.0
2013-02-06 00:00:00+05:30,74.02819264159508,74.31182122464412,72.84638884599592,73.27183532714844,780243,0.0,0.0
2013-02-07 00:00:00+05:30,73.03547420834786,74.1227351375762,71.47549176320788,72.1373062133789,921365,0.0,0.0
2013-02-08 00:00:00+05:30,73.5554740684242,73.5554740684242,71.09731630463003,71.57003784179688,802167,0.0,0.0
2013-02-11 00:00:00+05:30,72.32639465880277,72.51548038702656,71.19186586314363,71.99549102783203,658545,0.0,0.0
2013-02-12 00:00:00+05:30,68.07190135202552,72.27912014754715,68.07190135202552,71.57003784179688,935125,0.0,0.0
2013-02-13 00:00:00+05:30,71.47549811354052,72.94093782832864,71.05005159668387,71.42823028564453,959352,0.0,0.0
2013-02-14 00:00:00+05:30,71.61731196234689,71.7591298643099,69.8682437398915,70.3409652709961,1253251,0.0,0.0
2013-02-15 00:00:00+05:30,70.34096917167496,70.71914786016173,69.39552605703727,70.38823699951172,720096,0.0,0.0
2013-02-18 00:00:00+05:30,70.43551176445642,72.32639798632103,70.01006524980029,71.9482192993164,568449,0.0,0.0
2013-02-19 00:00:00+05:30,71.94821421793978,73.60273954521968,71.85367135615539,73.36637878417969,608805,0.0,0.0
2013-02-20 00:00:00+05:30,74.02819754585475,74.12274041313442,72.61003289718442,72.89366149902344,617139,0.0,0.0
2013-02-21 00:00:00+05:30,72.51548066787726,72.51548066787726,70.90823033227562,70.95550537109375,785365,0.0,0.0
2013-02-22 00:00:00+05:30,72.5154718280011,72.5154718280011,70.34095735745342,70.86094665527344,906803,0.0,0.0
2013-02-25 00:00:00+05:30,71.14459535237906,71.664591957826,69.49006987906792,69.9627914428711,545163,0.0,0.0
2013-02-26 00:00:00+05:30,73.69728694041336,73.69728694041336,68.49734987766516,68.63916778564453,750450,0.0,0.0
2013-02-27 00:00:00+05:30,68.73370222557104,70.15186670516184,68.11917005494107,69.58460235595703,718306,0.0,0.0
2013-02-28 00:00:00+05:30,71.75913160612997,71.75913160612997,64.62103342792314,65.75556945800781,2097827,0.0,0.0
2013-03-01 00:00:00+05:30,65.37739107144301,67.3155450767232,65.28284820513932,66.89009857177734,834028,0.0,0.0
2013-03-04 00:00:00+05:30,67.45736509531142,67.45736509531142,65.4719359881228,66.13374328613281,544181,0.0,0.0
2013-03-05 00:00:00+05:30,68.02463200052443,68.40281070450874,66.18102073669434,68.07190704345703,891831,0.0,0.0
2013-03-06 00:00:00+05:30,68.68643925504885,70.24642173540225,68.54462135444253,69.72642517089844,927827,0.0,0.0
2013-03-07 00:00:00+05:30,69.67915232185749,70.86095617543823,68.63916637333809,70.01006317138672,719750,0.0,0.0
2013-03-08 00:00:00+05:30,70.57733154296875,70.81369232696184,69.67915623589978,70.57733154296875,493884,0.0,0.0
2013-03-11 00:00:00+05:30,70.90823519792734,71.23913885288593,69.82097414892738,70.57733154296875,551105,0.0,0.0
2013-03-12 00:00:00+05:30,70.71914205308973,71.05004567340919,68.92279884015238,69.53733825683594,554666,0.0,0.0
2013-03-13 00:00:00+05:30,69.06461958960902,69.25370531955271,67.03191553350246,67.31554412841797,609076,0.0,0.0
2013-03-14 00:00:00+05:30,67.315538116267,68.450074034075,66.13373437677386,67.50463104248047,2611027,0.0,0.0
2013-03-15 00:00:00+05:30,67.88281120245176,68.35553270883887,66.74827525922805,67.1737289428711,889857,0.0,0.0
2013-03-18 00:00:00+05:30,65.23557310775249,67.31554501722908,65.23557310775249,66.37010192871094,1327862,0.0,0.0
2013-03-19 00:00:00+05:30,66.93737548924281,67.12646122715448,64.90467134747897,65.51921081542969,1353437,0.0,0.0
2013-03-20 00:00:00+05:30,65.56648292995584,65.85011876852552,63.439235780160274,64.00650024414062,919365,0.0,0.0
2013-03-21 00:00:00+05:30,66.18101645415683,66.18101645415683,62.399244085347874,62.63560485839844,1400957,0.0,0.0
2013-03-22 00:00:00+05:30,62.77742553244728,63.817411537086585,61.45380370237967,63.01378631591797,922288,0.0,0.0
2013-03-25 00:00:00+05:30,63.344686668128006,64.52649052387666,62.210157851872616,62.58832931518555,907840,0.0,0.0
2013-03-26 00:00:00+05:30,61.83197777115513,61.83197777115513,60.177452410682406,61.311981201171875,1157303,0.0,0.0
2013-03-28 00:00:00+05:30,61.54834738875148,62.210161919134734,61.07562581554577,61.50107955932617,1236337,0.0,0.0
2013-04-01 00:00:00+05:30,62.02106238788301,63.58104485673945,61.83197666390684,63.29740905761719,485497,0.0,0.0
2013-04-02 00:00:00+05:30,62.54106033046557,65.28284666765077,62.54106033046557,65.0464859008789,673711,0.0,0.0
2013-04-03 00:00:00+05:30,64.290130416428,65.66102001798554,62.399244227709524,63.2028694152832,775593,0.0,0.0
2013-04-04 00:00:00+05:30,63.1555986262883,63.20286645089425,61.5483411133674,62.257423400878906,670599,0.0,0.0
2013-04-05 00:00:00+05:30,61.50107160819899,63.15559690051471,61.50107160819899,62.021060943603516,715930,0.0,0.0
2013-04-08 00:00:00+05:30,62.399242679748944,62.91923925401013,60.93380303458247,61.359256744384766,779793,0.0,0.0
2013-04-09 00:00:00+05:30,61.45379968067755,62.021064081252156,60.17745297609511,60.31926727294922,1024925,0.0,0.0
2013-04-10 00:00:00+05:30,60.13017662374567,61.264712613270255,59.6101836668145,60.65017318725586,1035273,0.0,0.0
2013-04-11 00:00:00+05:30,60.69744478230709,61.40652711487216,59.13746581461147,60.13018035888672,975668,0.0,0.0
2013-04-12 00:00:00+05:30,59.56291432596092,60.79199322112502,59.37382498773728,60.413814544677734,1277751,0.0,0.0
2013-04-15 00:00:00+05:30,60.22472099561383,62.02106056669265,60.03563167061109,60.886531829833984,1964642,0.0,0.0
2013-04-16 00:00:00+05:30,60.60290490046118,62.21016259470997,60.60290490046118,61.64289093017578,1772278,0.0,0.0
2013-04-17 00:00:00+05:30,62.16287846208943,62.635599971306846,60.46108175022253,60.886531829833984,1888615,0.0,0.0
2013-04-18 00:00:00+05:30,61.311983973707584,61.92652343516149,60.69744451225368,61.690162658691406,1589322,0.0,0.0
2013-04-22 00:00:00+05:30,62.115608553331725,64.05376978637469,61.87924777921226,63.77013397216797,3217372,0.0,0.0
2013-04-23 00:00:00+05:30,64.05376526473998,64.2428509854244,62.39923996269872,63.628318786621094,1795514,0.0,0.0
2013-04-25 00:00:00+05:30,63.344688547454666,64.81012825732336,63.25014567882151,63.91195297241211,2494717,0.0,0.0
2013-04-26 00:00:00+05:30,63.72286053970438,63.959221293031796,63.10832113842153,63.48649978637695,1240687,0.0,0.0
2013-04-29 00:00:00+05:30,63.62832419410286,64.81012808171131,58.806562168712794,60.13018035888672,5583480,0.0,0.0
2013-04-30 00:00:00+05:30,59.56291593546636,60.46108761136464,58.239294138713184,60.13018035888672,3544383,0.0,0.0
2013-05-02 00:00:00+05:30,60.413811326226096,60.886532843312125,59.84654334177549,60.50835418701172,1139116,0.0,0.0
2013-05-03 00:00:00+05:30,60.1301768044387,60.41381260596169,58.80655869250721,59.09019088745117,1599447,0.0,0.0
2013-05-06 00:00:00+05:30,58.99565029624986,59.5156432747656,58.42838227794065,59.42109680175781,1045934,0.0,0.0
2013-05-07 00:00:00+05:30,59.562914264993026,60.035635806778686,59.42109635982567,59.89381790161133,712845,0.0,0.0
2013-05-08 00:00:00+05:30,59.610184012809455,60.17745201086434,59.04291962133362,59.65745544433594,955382,0.0,0.0
2013-05-09 00:00:00+05:30,59.23200865891357,60.366537436212816,59.13746218975262,59.61018371582031,1065877,0.0,0.0
2013-05-10 00:00:00+05:30,59.468371105482916,60.413814184383575,59.468371105482916,59.8465461730957,694027,0.0,0.0
2013-05-13 00:00:00+05:30,59.56291172981507,59.893815352349115,58.1920185956702,58.475650787353516,788379,0.0,0.0
2013-05-14 00:00:00+05:30,58.475650787353516,58.948372309018715,58.14474716481948,58.475650787353516,873846,0.0,0.0
2013-05-15 00:00:00+05:30,58.71200932468808,60.69743819785962,58.71200932468808,60.27199172973633,1306169,0.0,0.0
2013-05-16 00:00:00+05:30,60.271993428468704,61.311979323426385,60.03563266992569,60.50835418701172,896881,0.0,0.0
2013-05-17 00:00:00+05:30,60.60289814942474,60.9810768125996,59.84654442965404,60.65017318725586,761151,0.0,0.0
2013-05-20 00:00:00+05:30,61.07562247161275,62.21015851308508,60.83926169795082,61.02835464477539,986643,0.0,0.0
2013-05-21 00:00:00+05:30,61.45380125108842,61.45380125108842,59.75200439929719,59.988365173339844,795960,0.0,0.0
2013-05-22 00:00:00+05:30,59.941092121735004,60.50835652149235,58.33383818031704,58.712013244628906,715167,0.0,0.0
2013-05-23 00:00:00+05:30,58.61747283307613,59.04292295398689,57.01021882440174,57.4356689453125,910690,0.0,0.0
2013-05-24 00:00:00+05:30,57.90838695398615,58.14474771706365,56.34840447504308,57.48293685913086,901242,0.0,0.0
2013-05-27 00:00:00+05:30,57.672027587890625,58.28656702940963,57.10476318539548,57.672027587890625,685112,0.0,0.0
2013-05-28 00:00:00+05:30,57.766573349307315,59.51564529009756,57.62475904486224,58.61747360229492,1015965,0.0,0.0
2013-05-29 00:00:00+05:30,57.86111619341113,59.09019145434571,57.29384819150197,58.097476959228516,1885049,0.0,0.0
2013-05-30 00:00:00+05:30,57.67203047967726,59.09019516360375,57.67203047967726,58.61747360229492,660000,0.0,0.0
2013-05-31 00:00:00+05:30,57.76656893143465,58.28656549436949,55.592050637032735,55.87568283081055,979205,0.0,0.0
2013-06-03 00:00:00+05:30,55.875684518369354,56.726584731980715,54.59933780453144,56.11204528808594,1936563,0.0,0.0
2013-06-04 00:00:00+05:30,55.78114179729464,56.67931344585504,55.213877391140244,55.5920524597168,528430,0.0,0.0
2013-06-05 00:00:00+05:30,55.7811409274856,56.72658399405316,55.35569082621439,56.53749465942383,416913,0.0,0.0
2013-06-06 00:00:00+05:30,56.39568160190267,58.05020700473125,55.87568501860751,57.246578216552734,706306,0.0,0.0
2013-06-07 00:00:00+05:30,57.19930393412962,57.62475402355051,55.45023575232915,55.7811393737793,793931,0.0,0.0
2013-06-10 00:00:00+05:30,55.87568495981638,56.3484065029843,55.21387768464462,55.63932418823242,465455,0.0,0.0
2013-06-11 00:00:00+05:30,55.02478419672259,55.49750570424327,53.89025185735719,54.504791259765625,613766,0.0,0.0
2013-06-12 00:00:00+05:30,55.450241853764346,55.450241853764346,54.07934857326446,55.0247917175293,590268,0.0,0.0
2013-06-13 00:00:00+05:30,55.4029596568022,55.4029596568022,53.89025226395435,54.03207015991211,485133,0.0,0.0
2013-06-14 00:00:00+05:30,54.3629758102619,55.922958297883646,54.3629758102619,55.40296173095703,980482,0.0,0.0
2013-06-17 00:00:00+05:30,55.213876004706314,55.970229729446324,53.9375257130397,55.40296173095703,576153,0.0,0.0
2013-06-18 00:00:00+05:30,55.26114671776028,56.49022195530467,55.26114671776028,55.82841110229492,917568,0.0,0.0
2013-06-19 00:00:00+05:30,55.49750929870321,56.15932017341206,55.308419962132234,55.54478073120117,804811,0.0,0.0
2013-06-20 00:00:00+05:30,54.95752060878554,56.180973839313424,53.44043561598461,53.78300476074219,1262639,2.0,0.0
2013-06-21 00:00:00+05:30,53.09787101745605,54.02769623362276,50.16158321925572,51.38503646850586,1348473,0.0,0.0
2013-06-24 00:00:00+05:30,50.9445946073329,51.87441986101221,48.10618519477043,48.35087585449219,1216691,0.0,0.0
2013-06-25 00:00:00+05:30,48.93813417361362,49.08495006960779,46.68698074836406,47.07848358154297,1336232,0.0,0.0
2013-06-26 00:00:00+05:30,47.76361336698638,47.76361336698638,46.29546949053997,46.638038635253906,893033,0.0,0.0
2013-06-27 00:00:00+05:30,47.02954411169505,47.76361609179544,46.00184408629114,47.274234771728516,901309,0.0,0.0
2013-06-28 00:00:00+05:30,47.95936753162787,48.93813013431415,47.567860997080146,48.69343948364258,1022780,0.0,0.0
2013-07-01 00:00:00+05:30,48.69344038256432,50.35733758458454,48.59556561396205,50.21052169799805,786838,0.0,0.0
2013-07-02 00:00:00+05:30,49.965830498706204,50.69990245627882,48.644502468548716,48.84025573730469,994444,0.0,0.0
2013-07-03 00:00:00+05:30,48.54662694854285,48.644505455773015,46.54016422136553,46.784854888916016,887306,0.0,0.0
2013-07-04 00:00:00+05:30,46.980606015938754,48.49768733846682,46.19759666240973,47.518924713134766,1200044,0.0,0.0
2013-07-05 00:00:00+05:30,47.95936546862523,48.938128029209416,47.07847767062631,47.81254959106445,945903,0.0,0.0
2013-07-08 00:00:00+05:30,47.81255347706551,47.81255347706551,46.589100176898185,47.274234771728516,755556,0.0,0.0
2013-07-09 00:00:00+05:30,47.51892397346415,49.03600527237761,47.469986589695914,48.84025573730469,799984,0.0,0.0
2013-07-10 00:00:00+05:30,48.84025753439673,49.62326690454864,47.61680422675836,47.95936965942383,994675,0.0,0.0
2013-07-11 00:00:00+05:30,49.427511435657294,49.427511435657294,48.35087406617559,48.69343948364258,725729,0.0,0.0
2013-07-12 00:00:00+05:30,48.93812980905593,49.133883075028756,47.714676563829535,48.008304595947266,594211,0.0,0.0
2013-07-15 00:00:00+05:30,48.0083055042557,49.81901858165893,47.372112044911105,49.525386810302734,975003,0.0,0.0
2013-07-16 00:00:00+05:30,48.79131686274704,48.79131686274704,46.73591678053201,47.029544830322266,924291,0.0,0.0
2013-07-17 00:00:00+05:30,46.29547090435978,46.98060548102805,45.51246155974592,46.148658752441406,1135966,0.0,0.0
2013-07-18 00:00:00+05:30,46.78485135072087,48.301932628065,45.757151371467295,48.008304595947266,1056260,0.0,0.0
2013-07-19 00:00:00+05:30,48.64450079652842,48.64450079652842,46.19759435539201,46.4912223815918,1104179,0.0,0.0
2013-07-22 00:00:00+05:30,46.98060542363572,47.37211196230591,46.24653346389141,46.68697738647461,761324,0.0,0.0
2013-07-23 00:00:00+05:30,47.5678603929593,48.74237624800286,47.372110861854516,47.86149215698242,1562763,0.0,0.0
2013-07-24 00:00:00+05:30,46.93167087206218,46.93167087206218,45.56140163770345,46.24653625488281,1049072,0.0,0.0
2013-07-25 00:00:00+05:30,45.90396819175297,46.00184295989655,43.45706165133295,44.53369903564453,4084244,0.0,0.0
2013-07-26 00:00:00+05:30,44.09325379823291,45.16989488415781,43.2613070927444,43.946441650390625,1188403,0.0,0.0
2013-07-29 00:00:00+05:30,43.995380439184146,43.995380439184146,42.62511128009519,42.918739318847656,741589,0.0,0.0
2013-07-30 00:00:00+05:30,42.77192618520424,43.4081196322943,41.7442262063026,41.93997573852539,983752,0.0,0.0
2013-07-31 00:00:00+05:30,41.25484812084497,41.84210423060826,39.542013444738195,41.1080322265625,2411246,0.0,0.0
2013-08-01 00:00:00+05:30,41.10803279170283,42.28254876105959,39.00369152436852,39.639888763427734,1368243,0.0,0.0
2013-08-02 00:00:00+05:30,39.15050715826039,40.03139506279457,38.36749776183184,38.95475387573242,1226117,0.0,0.0
2013-08-05 00:00:00+05:30,39.05262995198245,39.88457668381581,38.02492621612785,39.54201126098633,1087075,0.0,0.0
2013-08-06 00:00:00+05:30,39.15050481980847,39.15050481980847,37.584486120489366,37.92705154418945,859674,0.0,0.0
2013-08-07 00:00:00+05:30,37.339795074154594,39.83563898353168,37.339795074154594,38.856876373291016,1397481,0.0,0.0
2013-08-08 00:00:00+05:30,39.199441738812084,40.37395761620184,38.95475108659268,39.39519500732422,1935791,0.0,0.0
2013-08-12 00:00:00+05:30,39.444135576695416,39.93351692065859,38.318560725790114,39.10157012939453,1837647,0.0,0.0
2013-08-13 00:00:00+05:30,39.15050466254741,40.52077381920981,38.66112335426557,40.08032989501953,1223337,0.0,0.0
2013-08-14 00:00:00+05:30,40.52077584562824,41.40166000437818,40.08033189941165,40.42289733886719,1456391,0.0,0.0
2013-08-16 00:00:00+05:30,40.12926955861707,40.12926955861707,38.171744214294286,38.26961898803711,1404576,0.0,0.0
2013-08-19 00:00:00+05:30,38.171745682622316,38.171745682622316,36.214220263000655,37.78023910522461,1333700,0.0,0.0
2013-08-20 00:00:00+05:30,36.801473329380244,39.10156774601845,36.556782672313396,38.612186431884766,1110905,0.0,0.0
2013-08-21 00:00:00+05:30,40.471835095777585,40.814404272051355,37.38873491141344,37.731300354003906,1865101,0.0,0.0
2013-08-22 00:00:00+05:30,37.6334231643718,38.56324839216831,37.192979242396284,38.31855773925781,1139016,0.0,0.0
2013-08-23 00:00:00+05:30,38.56325104435981,39.19944454547155,38.220681866515044,38.95475387573242,889351,0.0,0.0
2013-08-26 00:00:00+05:30,39.49307260242184,39.73776327216097,38.07386970488155,38.95475387573242,1301231,0.0,0.0
2013-08-27 00:00:00+05:30,38.4164335820582,38.56324947138646,37.43767094302487,37.6823616027832,1152126,0.0,0.0
2013-08-28 00:00:00+05:30,37.14404154980924,38.07386676987704,36.26315371318015,37.6334228515625,1178306,0.0,0.0
2013-08-29 00:00:00+05:30,38.171742851691896,38.75899894055235,37.241917599593535,38.220680236816406,2499404,0.0,0.0
2013-08-30 00:00:00+05:30,38.36749470278029,39.395194687009145,37.92705078562992,38.710060119628906,1226028,0.0,0.0
2013-09-02 00:00:00+05:30,39.15050536302373,40.129267997099326,38.95475208947199,39.83563995361328,1134667,0.0,0.0
2013-09-03 00:00:00+05:30,39.737761577775224,40.12926812613763,37.73129891820497,38.220680236816406,1138192,0.0,0.0
2013-09-04 00:00:00+05:30,38.22068221678747,39.34626080137612,37.24191952886112,39.10157012939453,1202429,0.0,0.0
2013-09-05 00:00:00+05:30,40.031394426530944,41.842103860347535,39.933515919981,41.49953842163086,2005457,0.0,0.0
2013-09-06 00:00:00+05:30,42.086793721396944,42.86980309040723,41.010156305718205,42.28254699707031,1539665,0.0,0.0
2013-09-10 00:00:00+05:30,43.06555316091954,43.55493444683908,42.13572797093583,42.576171875,850749,0.0,0.0
2013-09-11 00:00:00+05:30,43.11449443775909,45.16989826451707,42.77192900014105,44.87626647949219,2677472,0.0,0.0
2013-09-12 00:00:00+05:30,45.023083942670205,46.491227984279014,43.261311839476306,43.848567962646484,1782151,0.0,0.0
2013-09-13 00:00:00+05:30,43.79962771302648,45.36564642828714,43.55493705541181,44.827327728271484,1069308,0.0,0.0
2013-09-16 00:00:00+05:30,46.00184400553334,46.589100095109444,44.24007200312189,44.974143981933594,1535647,0.0,0.0
2013-09-17 00:00:00+05:30,44.82732573849322,45.120953767860755,43.652809887340126,43.946441650390625,798657,0.0,0.0
2013-09-18 00:00:00+05:30,44.484760574727204,45.072016636739036,43.84856339614524,44.63157272338867,967646,0.0,0.0
2013-09-19 00:00:00+05:30,46.49122569025779,48.448750982479176,45.659278934536985,47.95936965942383,3704082,0.0,0.0
2013-09-20 00:00:00+05:30,48.448749343124334,48.448749343124334,43.79962693141039,46.68697738647461,2003429,0.0,0.0
2013-09-23 00:00:00+05:30,46.00184356465076,47.6657407807471,45.12095570504591,45.36564636230469,1648130,0.0,0.0
2013-09-24 00:00:00+05:30,44.778389345941505,45.61033606982458,44.289008041614274,44.92520523071289,826967,0.0,0.0
2013-09-25 00:00:00+05:30,45.023082370656695,45.952907644613425,43.89750381791698,45.414588928222656,1002942,0.0,0.0
2013-09-26 00:00:00+05:30,45.512459502349024,45.757150144834775,44.68051281137065,45.26776885986328,624212,0.0,0.0
2013-09-27 00:00:00+05:30,45.07201975828103,45.65927959464756,44.533701041874146,44.87626647949219,597548,0.0,0.0
2013-09-30 00:00:00+05:30,44.680513249774435,44.974141276901825,43.06555350004941,43.26130676269531,607658,0.0,0.0
2013-10-01 00:00:00+05:30,43.50600029757877,45.36564708203928,43.2123722509464,45.12095642089844,897705,0.0,0.0
2013-10-03 00:00:00+05:30,45.02308343972453,47.46999014840521,44.925208664850636,47.07848358154297,1086995,0.0,0.0
2013-10-04 00:00:00+05:30,46.98060536755182,47.95936797937581,46.24653340868382,47.22529602050781,1134874,0.0,0.0
2013-10-07 00:00:00+05:30,46.344407481715066,47.71467661120228,46.344407481715066,47.46998596191406,560638,0.0,0.0
2013-10-08 00:00:00+05:30,48.49768807189584,48.79131611719936,47.02954411169505,47.274234771728516,805338,0.0,0.0
2013-10-09 00:00:00+05:30,46.882728145455765,48.15511872747864,46.34440575018817,47.81254959106445,849203,0.0,0.0
2013-10-10 00:00:00+05:30,47.95937175374534,48.49769048587724,47.22529973710638,47.76361846923828,830369,0.0,0.0
2013-10-11 00:00:00+05:30,48.448751992301794,49.427514658812946,47.56786409896846,48.39981460571289,1299252,0.0,0.0
2013-10-14 00:00:00+05:30,47.763615264018696,49.62326574151725,47.763615264018696,49.13388442993164,1029408,0.0,0.0
2013-10-15 00:00:00+05:30,49.23176129244792,49.72114262484538,47.86149580194498,48.938133239746094,1958598,0.0,0.0
2013-10-17 00:00:00+05:30,48.05724678582846,49.133887989525896,48.05724678582846,48.448753356933594,578931,0.0,0.0
2013-10-18 00:00:00+05:30,48.84025710338836,49.1338851478937,48.252997280694515,48.88919448852539,695417,0.0,0.0
2013-10-21 00:00:00+05:30,49.42751319239905,49.42751319239905,48.497687940062825,48.88919448852539,595772,0.0,0.0
2013-10-22 00:00:00+05:30,49.08494733007389,49.525387526107856,48.59556601565115,49.280696868896484,818952,0.0,0.0
2013-10-23 00:00:00+05:30,49.916895904541015,49.916895904541015,47.95937057495117,48.938133239746094,1326005,0.0,0.0
2013-10-24 00:00:00+05:30,49.036009479907925,49.72114411250023,48.15512529544643,48.448753356933594,1154345,0.0,0.0
2013-10-25 00:00:00+05:30,48.05724561344188,48.39981478822253,46.099720273038,46.784854888916016,2457288,0.0,0.0
2013-10-28 00:00:00+05:30,46.78485395934867,47.22529789892503,45.61033803170612,45.80609130859375,868578,0.0,0.0
2013-10-29 00:00:00+05:30,45.80609221871408,47.176361450470104,45.41458939084327,46.784854888916016,1364247,0.0,0.0
2013-10-30 00:00:00+05:30,47.07848266565158,47.42105183841234,45.806091948628094,46.0997200012207,616278,0.0,0.0
2013-10-31 00:00:00+05:30,46.29547060922521,50.55309019401081,45.806089305250985,49.916893005371094,6039260,0.0,0.0
2013-11-01 00:00:00+05:30,49.916896362350265,52.314865659827284,49.23176174397351,50.84672164916992,3257053,0.0,0.0
2013-11-05 00:00:00+05:30,52.657427634056184,56.22991265150512,51.923355677074866,53.83194351196289,4164403,0.0,0.0
2013-11-06 00:00:00+05:30,54.712833251929055,54.90858279363531,51.87442009299028,52.41273880004883,1626604,0.0,0.0
2013-11-07 00:00:00+05:30,52.80424520005624,53.0978732454604,50.06371055347879,50.65096664428711,1530709,0.0,0.0
2013-11-08 00:00:00+05:30,50.602029901870964,51.97229537572657,50.01477006991866,50.94459533691406,964189,0.0,0.0
2013-11-11 00:00:00+05:30,50.6999029477886,51.091409489096,48.791315092860394,50.74884033203125,1846141,0.0,0.0
2013-11-12 00:00:00+05:30,50.89565766922445,51.87442031670953,50.014769793014594,50.79778289794922,1574995,0.0,0.0
2013-11-13 00:00:00+05:30,50.5530936939213,50.99353391104439,49.03600855962336,49.77008056640625,1310543,0.0,0.0
2013-11-14 00:00:00+05:30,50.308401852736424,51.923357989818015,50.308401852736424,50.94459533691406,1046472,0.0,0.0
2013-11-18 00:00:00+05:30,51.48291155272672,52.31486200756144,51.238220901366454,52.07017135620117,1024988,0.0,0.0
2013-11-19 00:00:00+05:30,51.87442052848233,52.51061774541813,51.042473768196935,52.021236419677734,1303126,0.0,0.0
2013-11-20 00:00:00+05:30,51.972295744225534,52.07017425041984,50.84672092561526,51.09141159057617,999580,0.0,0.0
2013-11-21 00:00:00+05:30,50.89565737700973,50.89565737700973,49.916894735144155,50.112648010253906,612793,0.0,0.0
2013-11-22 00:00:00+05:30,50.161581940911894,50.69990061012656,48.93812872284087,49.18281936645508,708978,0.0,0.0
2013-11-25 00:00:00+05:30,49.32963724153941,50.993530698476135,49.32963724153941,50.602027893066406,526314,0.0,0.0
2013-11-26 00:00:00+05:30,50.455213514973735,50.69990417579677,49.42751348625361,49.5743293762207,595136,0.0,0.0
2013-11-27 00:00:00+05:30,49.91689295234114,50.69990229113146,48.840255578214844,50.4552116394043,795108,0.0,0.0
2013-11-28 00:00:00+05:30,50.210523703243574,51.43397702804816,49.42751432210529,51.09141159057617,2988511,0.0,0.0
2013-11-29 00:00:00+05:30,50.895655559249796,51.678664898040104,50.25945837128596,50.4552116394043,1726349,0.0,0.0
2013-12-02 00:00:00+05:30,50.553093322354556,51.38504009712033,49.86795870765629,50.16158676147461,847650,0.0,0.0
2013-12-03 00:00:00+05:30,50.21052104101902,50.21052104101902,49.28069581673138,49.916893005371094,711840,0.0,0.0
2013-12-04 00:00:00+05:30,49.81902168713842,50.94459652399552,49.574331018210785,49.77008056640625,1038898,0.0,0.0
2013-12-05 00:00:00+05:30,50.99352961203272,50.99352961203272,50.11264551836621,50.69990158081055,606289,0.0,0.0
2013-12-06 00:00:00+05:30,50.79778181650181,51.18928462695112,50.06370984651585,50.89565658569336,722127,0.0,0.0
2013-12-09 00:00:00+05:30,52.314861684672564,53.04893363422265,51.09140843542242,51.38503646850586,1244642,0.0,0.0
2013-12-10 00:00:00+05:30,51.433976372805056,51.433976372805056,49.672204354267194,50.25946044921875,733182,0.0,0.0
2013-12-11 00:00:00+05:30,49.91689408706952,50.1126473596378,49.32963800304784,49.81901931762695,542836,0.0,0.0
2013-12-12 00:00:00+05:30,49.721138035669746,50.06370717693938,49.036003486813385,49.18281936645508,601622,0.0,0.0
2013-12-13 00:00:00+05:30,48.840253266624146,48.88919064791678,47.71467482847918,47.81254959106445,803807,0.0,0.0
2013-12-16 00:00:00+05:30,47.07848078499872,48.20405929760383,47.07848078499872,47.518924713134766,594117,0.0,0.0
2013-12-17 00:00:00+05:30,47.665741091924176,47.95936913581498,45.85502797617841,46.05078125,846928,0.0,0.0
2013-12-18 00:00:00+05:30,46.001842020512576,48.25299524499255,45.85502613761221,48.008304595947266,1250247,0.0,0.0
2013-12-19 00:00:00+05:30,48.30193375393201,48.54662440868077,46.24653374751566,46.83378982543945,921930,0.0,0.0
2013-12-20 00:00:00+05:30,46.34441014983616,48.39981396239983,46.34441014983616,48.10618591308594,548949,0.0,0.0
2013-12-23 00:00:00+05:30,48.39981181602451,49.574327694877304,48.00830527851256,48.84025573730469,951420,0.0,0.0
2013-12-24 00:00:00+05:30,48.93813187366242,49.32963842212499,48.448750554925795,48.88919448852539,552159,0.0,0.0
2013-12-26 00:00:00+05:30,48.938131955121364,51.678666597871526,48.64450391012726,51.18928527832031,6708891,0.0,0.0
2013-12-27 00:00:00+05:30,49.91689196644721,51.14034520091895,49.721138702195134,50.5530891418457,1461324,0.0,0.0
2013-12-30 00:00:00+05:30,50.45521372543033,51.18928571096138,50.11264829232246,50.25946044921875,597897,0.0,0.0
2013-12-31 00:00:00+05:30,50.60202752391381,50.79778079203215,49.91689295234114,50.4552116394043,445207,0.0,0.0
2014-01-01 00:00:00+05:30,50.25945868196342,51.38503718033932,50.16158391414076,51.14034652709961,606953,0.0,0.0
2014-01-02 00:00:00+05:30,51.14034486285321,52.804241997472104,49.52538511055309,49.86795425415039,2248911,0.0,0.0
2014-01-03 00:00:00+05:30,49.67220506977014,50.259461173180824,49.13388635269647,50.0147705078125,708500,0.0,0.0
2014-01-06 00:00:00+05:30,49.91689553588094,50.063711427989176,48.93813287831465,49.32963943481445,643965,0.0,0.0
2014-01-07 00:00:00+05:30,49.28069592490181,49.721139846182,48.057242662280785,48.84025573730469,1029790,0.0,0.0
2014-01-08 00:00:00+05:30,49.18282373903349,50.50415183854915,48.59556763562281,50.0147705078125,1350727,0.0,0.0
2014-01-09 00:00:00+05:30,50.25946097255584,50.79778342116389,48.69344221392307,49.32963943481445,1237912,0.0,0.0
2014-01-10 00:00:00+05:30,49.03600744696606,50.259460763843286,47.71467935821194,48.10618591308594,886059,0.0,0.0
2014-01-13 00:00:00+05:30,48.008307407525834,48.88919528915072,47.029544754024045,48.10618591308594,1144518,0.0,0.0
2014-01-14 00:00:00+05:30,48.05724377972917,48.350875556532316,47.274234420181436,47.665740966796875,1334023,0.0,0.0
2014-01-15 00:00:00+05:30,47.86149380930532,48.350875121328144,47.46998726621382,48.05724334716797,887412,0.0,0.0
2014-01-16 00:00:00+05:30,48.008307687249626,48.693442295429506,46.491226312219126,48.25299835205078,912576,0.0,0.0
2014-01-17 00:00:00+05:30,48.00830776954565,48.30193582107373,47.56786382541192,47.71467971801758,341616,0.0,0.0
2014-01-20 00:00:00+05:30,47.0295423618617,48.301932999957096,47.0295423618617,48.155120849609375,446207,0.0,0.0
2014-01-21 00:00:00+05:30,48.10618790747913,49.280700153427794,48.10618790747913,48.448753356933594,758166,0.0,0.0
2014-01-22 00:00:00+05:30,48.057244430561624,48.35087621134138,47.61680422675836,47.95936965942383,417036,0.0,0.0
2014-01-23 00:00:00+05:30,47.8614928152309,48.35087411708937,47.518923663720166,48.155120849609375,313509,0.0,0.0
2014-01-24 00:00:00+05:30,47.95936833075698,47.95936833075698,46.49122440226442,46.83378982543945,749644,0.0,0.0
2014-01-27 00:00:00+05:30,46.58909867847903,46.58909867847903,44.533698693777886,44.92520523071289,803191,0.0,0.0
2014-01-28 00:00:00+05:30,44.77838864134457,46.73591382785144,44.24006996179178,45.16989517211914,921223,0.0,0.0
2014-01-29 00:00:00+05:30,45.414585224808036,45.8550253990492,41.98891619334958,42.72298812866211,1999650,0.0,0.0
2014-01-30 00:00:00+05:30,41.59741032345251,43.946442046955966,41.205903791640935,41.93997573852539,2854240,0.0,0.0
2014-01-31 00:00:00+05:30,41.4505958461642,45.9039687952205,41.4505958461642,45.36564636230469,1672244,0.0,0.0
2014-02-03 00:00:00+05:30,44.778390841833094,45.70821609785369,42.820865559130006,43.35918426513672,999110,0.0,0.0
2014-02-04 00:00:00+05:30,42.9187408901749,45.31671013953271,42.086794127636765,44.729454040527344,1103772,0.0,0.0
2014-02-05 00:00:00+05:30,44.53370148588541,44.92520804736651,43.55493881586595,44.484764099121094,660702,0.0,0.0
2014-02-06 00:00:00+05:30,45.218834925564686,45.46352558670553,43.408121792912524,45.12095642089844,1173023,0.0,0.0
2014-02-07 00:00:00+05:30,45.21883321287306,46.19759582036519,44.72945190912699,45.463523864746094,841148,0.0,0.0
2014-02-10 00:00:00+05:30,45.81133287650729,45.81133287650729,44.96665686064269,45.1654052734375,509571,0.7,0.0
2014-02-11 00:00:00+05:30,46.20882737050839,46.20882737050839,44.56915778619841,44.767906188964844,566094,0.0,0.0
2014-02-12 00:00:00+05:30,44.91696843874229,45.51320985623111,44.56915778619841,44.767906188964844,474795,0.0,0.0
2014-02-13 00:00:00+05:30,44.76790633231169,46.3578897687238,43.77416810610806,44.121978759765625,645177,0.0,0.0
2014-02-14 00:00:00+05:30,43.97291650951088,44.66853402601552,43.77416810610806,44.121978759765625,345524,0.0,0.0
2014-02-17 00:00:00+05:30,44.61884658925759,44.91696729038015,43.9729152444834,44.569156646728516,526593,0.0,0.0
2014-02-18 00:00:00+05:30,44.71822185235904,46.01008083659839,44.27103887567332,45.76164627075195,1059489,0.0,0.0
2014-02-19 00:00:00+05:30,45.314461170850294,45.960392528110084,44.320722954026294,44.71821975708008,662415,0.0,0.0
2014-02-20 00:00:00+05:30,44.5691580635482,45.21508942885606,44.17166504635225,44.81759262084961,553402,0.0,0.0
2014-02-21 00:00:00+05:30,44.71822046868304,45.71195870132044,44.71822046868304,45.51321029663086,292388,0.0,0.0
2014-02-24 00:00:00+05:30,45.215090279807235,46.75538380590229,45.01634187206355,46.30820083618164,807756,0.0,0.0
2014-02-25 00:00:00+05:30,46.904446964126535,46.904446964126535,44.51947360682103,45.115718841552734,976150,0.0,0.0
2014-02-26 00:00:00+05:30,44.81759262084961,46.15914150476351,44.46978575695184,44.81759262084961,1775238,0.0,0.0
2014-02-28 00:00:00+05:30,44.76790662215281,45.761644854790205,44.71822046868304,45.51321029663086,620810,0.0,0.0
2014-03-03 00:00:00+05:30,45.11571656013386,45.711957973904084,44.46978520287408,44.71821975708008,581423,0.0,0.0
2014-03-04 00:00:00+05:30,44.4200996380701,46.40757609802124,44.4200996380701,46.159141540527344,1257962,0.0,0.0
2014-03-05 00:00:00+05:30,46.35789092332914,47.20256692031582,45.31446272717895,47.00381851196289,1192766,0.0,0.0
2014-03-06 00:00:00+05:30,47.10319405262336,48.69317371895903,47.00381795422079,48.24599075317383,1165309,0.0,0.0
2014-03-07 00:00:00+05:30,48.245991332045705,49.090671119954855,48.04724292366646,48.345367431640625,1143042,0.0,0.0
2014-03-10 00:00:00+05:30,48.19630405619524,49.637225244903384,47.69943494221384,49.488162994384766,1351916,0.0,0.0
2014-03-11 00:00:00+05:30,49.488162093873065,49.98503119881318,47.84849632205696,47.997554779052734,1391148,0.0,0.0
2014-03-12 00:00:00+05:30,47.99755763464203,47.99755763464203,46.75538479838933,47.15288162231445,749355,0.0,0.0
2014-03-13 00:00:00+05:30,47.20256777760243,48.693175181105666,46.85476089977594,47.15288162231445,885856,0.0,0.0
2014-03-14 00:00:00+05:30,46.70569879100993,47.10319561619386,45.711960518860785,46.50695037841797,899844,0.0,0.0
2014-03-18 00:00:00+05:30,46.55663526572149,47.699435763888886,46.35789064935374,46.954132080078125,775184,0.0,0.0
2014-03-19 00:00:00+05:30,47.202565776802786,47.4510003335228,46.50694825982465,46.80506896972656,434511,0.0,0.0
2014-03-20 00:00:00+05:30,46.50694881345195,46.656011065582625,45.36415211342212,45.562896728515625,750715,0.0,0.0
2014-03-21 00:00:00+05:30,46.05976544304348,47.10319361716624,45.66227242553956,46.159141540527344,1600086,0.0,0.0
2014-03-24 00:00:00+05:30,46.80506982699175,47.4013150485267,46.755383672899804,46.954132080078125,634796,0.0,0.0
2014-03-25 00:00:00+05:30,46.95413235757731,47.30193922908698,46.35789092332914,47.00381851196289,656263,0.0,0.0
2014-03-26 00:00:00+05:30,47.103194477551554,47.947870472135406,47.103194477551554,47.649749755859375,781671,0.0,0.0
2014-03-27 00:00:00+05:30,48.69317415489583,51.276892083525254,47.89818431461067,50.33284378051758,12543864,0.0,0.0
2014-03-28 00:00:00+05:30,50.68065009201579,52.071885140277686,49.786284162303055,51.575016021728516,2884967,0.0,0.0
2014-03-31 00:00:00+05:30,52.32032142652396,53.065625128948454,49.835975751775635,50.53158950805664,1549908,0.0,0.0
2014-04-01 00:00:00+05:30,50.68064922209697,51.0781460264376,49.63722484921589,50.084407806396484,675551,0.0,0.0
2014-04-02 00:00:00+05:30,50.38252749096843,52.767496896141665,50.38252749096843,52.56875228881836,2298990,0.0,0.0
2014-04-03 00:00:00+05:30,52.767499725009785,52.767499725009785,51.028457782027964,51.72407531738281,1059572,0.0,0.0
2014-04-04 00:00:00+05:30,51.62470328498545,52.568755388681396,51.27689262003925,51.77376174926758,1038996,0.0,0.0
2014-04-07 00:00:00+05:30,51.27689109667803,52.71781228679465,50.68064967564174,52.17125701904297,865683,0.0,0.0
2014-04-09 00:00:00+05:30,52.37000600257531,53.860613362473224,51.92282303644383,53.612178802490234,2012652,0.0,0.0
2014-04-10 00:00:00+05:30,52.76749817718828,54.40716776308489,52.76749817718828,53.46311569213867,1670405,0.0,0.0
2014-04-11 00:00:00+05:30,52.91656168204773,53.95998608381331,52.41969255827263,53.015933990478516,818250,0.0,0.0
2014-04-15 00:00:00+05:30,53.11530775258715,53.463114607601604,50.8793967939818,51.27688980102539,1459791,0.0,0.0
2014-04-16 00:00:00+05:30,51.17752089981547,52.171259169714794,50.2831549405818,50.53158950805664,761020,0.0,0.0
2014-04-17 00:00:00+05:30,50.63096502652879,52.071886259453066,50.581278871768085,51.77376174926758,844336,0.0,0.0
2014-04-21 00:00:00+05:30,51.873135891984695,53.11530866817777,51.82344973909907,52.76749801635742,947158,0.0,0.0
2014-04-22 00:00:00+05:30,52.51906444269433,53.46311652840738,51.972509169116414,52.2706298828125,795477,0.0,0.0
2014-04-23 00:00:00+05:30,52.02219504591847,52.966247126604564,51.87313658526942,52.220943450927734,1341668,0.0,0.0
2014-04-24 00:00:00+05:30,52.220943450927734,52.220943450927734,52.220943450927734,52.220943450927734,0,0.0,0.0
2014-04-25 00:00:00+05:30,52.419693532715776,54.80466688749535,52.17125896621002,53.86061477661133,3237184,0.0,0.0
2014-04-28 00:00:00+05:30,54.5065403887812,55.25184406113907,52.37000546917495,54.85435104370117,3107703,0.0,0.0
2014-04-29 00:00:00+05:30,55.351219571280275,56.34495779054631,54.158732949998935,54.754974365234375,2021102,0.0,0.0
2014-04-30 00:00:00+05:30,56.841827061329944,64.29485993614462,55.450592034089055,61.46270751953125,39179733,0.0,0.0
2014-05-02 00:00:00+05:30,62.80425798580764,63.20175101023044,59.27648796615106,59.72366714477539,8736169,0.0,0.0
2014-05-05 00:00:00+05:30,59.62429428100586,61.71114306451685,59.22679746947494,59.62429428100586,3846632,0.0,0.0
2014-05-06 00:00:00+05:30,60.31991209342116,60.46897055534815,58.034314893245615,58.332435607910156,2769273,0.0,0.0
2014-05-07 00:00:00+05:30,58.13368561980012,58.87898928159243,57.13994740407704,57.38838195800781,2178826,0.0,0.0
2014-05-08 00:00:00+05:30,57.88525405222188,58.03431630859478,56.5933950632958,57.239322662353516,1999609,0.0,0.0
2014-05-09 00:00:00+05:30,57.53744659054577,60.81678208013721,56.89151520723976,59.82304382324219,3579809,0.0,0.0
2014-05-12 00:00:00+05:30,60.31991040040591,63.003004338700755,60.021789694108804,60.717403411865234,3608053,0.0,0.0
2014-05-13 00:00:00+05:30,61.21427268597045,63.99674272781402,60.91615197886162,61.413021087646484,3809149,0.0,0.0
2014-05-14 00:00:00+05:30,62.357071707297656,67.27607273761546,61.21427126725411,66.48108673095703,7320531,0.0,0.0
2014-05-15 00:00:00+05:30,66.77920642997096,68.07106916948554,63.74830935898841,64.29486083984375,4493694,0.0,0.0
2014-05-16 00:00:00+05:30,65.5867233352655,71.54915272938055,64.69235740982404,66.92826843261719,9111104,0.0,0.0
2014-05-19 00:00:00+05:30,67.82263577420358,71.44978191434969,67.57420121092811,71.20134735107422,4376633,0.0,0.0
2014-05-20 00:00:00+05:30,72.0460239104693,73.23850679082166,69.11449907365733,71.30072021484375,3597781,0.0,0.0
2014-05-21 00:00:00+05:30,71.44977828664915,74.87817205313326,69.56167418529554,73.2385025024414,5285703,0.0,0.0
2014-05-22 00:00:00+05:30,73.83475072735395,75.87190947278455,73.18881938597518,74.43099212646484,3307984,0.0,0.0
2014-05-23 00:00:00+05:30,75.27567312806806,80.4431090428249,74.53036943373075,79.3499984741211,5597255,0.0,0.0
2014-05-26 00:00:00+05:30,81.23810182023627,85.95835850092277,72.64226445381976,77.85939025878906,9354581,0.0,0.0
2014-05-27 00:00:00+05:30,78.2071940161686,78.70406312067189,73.03975836198279,77.31283569335938,2964091,0.0,0.0
2014-05-28 00:00:00+05:30,77.90907542585529,79.49905500972567,76.76627499376634,78.35625457763672,2044156,0.0,0.0
2014-05-29 00:00:00+05:30,78.50532415597624,81.2877943738999,76.86565447690054,79.64812469482422,4480494,0.0,0.0
2014-05-30 00:00:00+05:30,80.29405532272028,81.287793593637,76.41847454982077,76.81597137451172,2055366,0.0,0.0
2014-06-02 00:00:00+05:30,77.41220766266218,84.76587189378611,77.31283535851608,83.92118835449219,5876723,0.0,0.0
2014-06-03 00:00:00+05:30,84.91492828221918,85.26274272621934,81.83434130145632,82.87776947021484,5286082,0.0,0.0
2014-06-04 00:00:00+05:30,82.57964395860978,87.49865266042134,80.69153983816558,86.70365905761719,4969374,0.0,0.0
2014-06-05 00:00:00+05:30,86.65396825122113,87.84645864354961,84.61680948446045,86.55459594726562,4071272,0.0,0.0
2014-06-06 00:00:00+05:30,87.64770821776425,89.38675010765338,86.7533498825466,88.19426727294922,3313390,0.0,0.0
2014-06-09 00:00:00+05:30,88.84019975536212,89.03894436978089,86.95209559189952,88.39301300048828,2589394,0.0,0.0
2014-06-10 00:00:00+05:30,88.19426668499585,88.64144584962352,85.06398978773943,86.75334930419922,3296004,0.0,0.0
2014-06-11 00:00:00+05:30,86.60429129655567,88.34333326001413,83.8715110682638,84.81555938720703,2363557,0.0,0.0
2014-06-12 00:00:00+05:30,85.16336316226139,85.36211535696306,82.77839747880925,84.26900482177734,2302320,0.0,0.0
2014-06-13 00:00:00+05:30,85.26274112524462,86.3558516357486,78.80344278489642,79.94623565673828,3382458,0.0,0.0
2014-06-16 00:00:00+05:30,79.15124994116222,80.98966411329944,75.62347626308795,79.99592590332031,3224024,0.0,0.0
2014-06-17 00:00:00+05:30,79.49906125679065,82.48027605392029,78.20719847871928,82.1324691772461,2551316,0.0,0.0
2014-06-18 00:00:00+05:30,82.18215099627861,82.82808238102852,78.10782565022558,79.3499984741211,2507724,0.0,0.0
2014-06-19 00:00:00+05:30,79.75,80.6500015258789,78.25,79.0,1486108,0.5,0.0
2014-06-20 00:00:00+05:30,78.9000015258789,79.75,76.0999984741211,76.55000305175781,1713822,0.0,0.0
2014-06-23 00:00:00+05:30,76.05000305175781,78.5,75.75,78.0,1896290,0.0,0.0
2014-06-24 00:00:00+05:30,78.0,80.1500015258789,77.94999694824219,79.30000305175781,1862794,0.0,0.0
2014-06-25 00:00:00+05:30,79.4000015258789,79.8499984741211,78.19999694824219,78.5,1353748,0.0,0.0
2014-06-26 00:00:00+05:30,78.55000305175781,79.25,76.4000015258789,78.69999694824219,8547726,0.0,0.0
2014-06-27 00:00:00+05:30,77.8499984741211,78.0,75.5,76.4000015258789,1573846,0.0,0.0
2014-06-30 00:00:00+05:30,76.5999984741211,82.3499984741211,76.5999984741211,81.5999984741211,3867120,0.0,0.0
2014-07-01 00:00:00+05:30,82.0,82.4000015258789,79.9000015258789,80.30000305175781,2093107,0.0,0.0
2014-07-02 00:00:00+05:30,81.5999984741211,82.30000305175781,80.0999984741211,81.05000305175781,3154759,0.0,0.0
2014-07-03 00:00:00+05:30,81.3499984741211,84.1500015258789,80.0999984741211,83.3499984741211,4363908,0.0,0.0
2014-07-04 00:00:00+05:30,84.4000015258789,85.69999694824219,83.5,84.6500015258789,6160432,0.0,0.0
2014-07-07 00:00:00+05:30,85.0,85.44999694824219,82.9000015258789,83.0999984741211,1673619,0.0,0.0
2014-07-08 00:00:00+05:30,83.0999984741211,83.5999984741211,75.0999984741211,76.30000305175781,2637627,0.0,0.0
2014-07-09 00:00:00+05:30,76.30000305175781,76.8499984741211,72.5,74.44999694824219,2801838,0.0,0.0
2014-07-10 00:00:00+05:30,74.5,78.0,69.1500015258789,73.6500015258789,4478392,0.0,0.0
2014-07-11 00:00:00+05:30,73.9000015258789,74.25,68.25,68.94999694824219,2904177,0.0,0.0
2014-07-14 00:00:00+05:30,69.19999694824219,72.75,67.4000015258789,70.6500015258789,3170795,0.0,0.0
2014-07-15 00:00:00+05:30,71.69999694824219,73.3499984741211,69.4000015258789,72.4000015258789,3268142,0.0,0.0
2014-07-16 00:00:00+05:30,73.05000305175781,74.25,71.25,73.69999694824219,2698791,0.0,0.0
2014-07-17 00:00:00+05:30,73.05000305175781,75.3499984741211,72.5,74.5999984741211,2462746,0.0,0.0
2014-07-18 00:00:00+05:30,74.0999984741211,74.0999984741211,72.0999984741211,72.69999694824219,2047883,0.0,0.0
2014-07-21 00:00:00+05:30,73.19999694824219,74.0,71.6500015258789,72.05000305175781,1260422,0.0,0.0
2014-07-22 00:00:00+05:30,72.1500015258789,73.4000015258789,71.9000015258789,73.0,2330132,0.0,0.0
2014-07-23 00:00:00+05:30,73.0,74.3499984741211,71.69999694824219,72.4000015258789,1832570,0.0,0.0
2014-07-24 00:00:00+05:30,72.69999694824219,73.3499984741211,71.69999694824219,72.0,1826565,0.0,0.0
2014-07-25 00:00:00+05:30,72.05000305175781,73.19999694824219,68.55000305175781,70.05000305175781,1987733,0.0,0.0
2014-07-28 00:00:00+05:30,72.0,72.55000305175781,70.44999694824219,70.80000305175781,2409218,0.0,0.0
2014-07-30 00:00:00+05:30,71.05000305175781,71.69999694824219,69.55000305175781,70.94999694824219,1425668,0.0,0.0
2014-07-31 00:00:00+05:30,70.30000305175781,71.30000305175781,70.0,70.1500015258789,1745392,0.0,0.0
2014-08-01 00:00:00+05:30,68.9000015258789,72.6500015258789,68.5,69.75,3082570,0.0,0.0
2014-08-04 00:00:00+05:30,70.1500015258789,70.8499984741211,69.0999984741211,69.9000015258789,1778278,0.0,0.0
2014-08-05 00:00:00+05:30,70.44999694824219,70.94999694824219,69.3499984741211,70.3499984741211,1500073,0.0,0.0
2014-08-06 00:00:00+05:30,69.80000305175781,70.5,68.25,68.69999694824219,1030792,0.0,0.0
2014-08-07 00:00:00+05:30,68.1500015258789,69.0,67.5,67.8499984741211,1137704,0.0,0.0
2014-08-08 00:00:00+05:30,67.25,67.30000305175781,65.0999984741211,65.3499984741211,1314309,0.0,0.0
2014-08-11 00:00:00+05:30,65.4000015258789,66.55000305175781,65.4000015258789,65.75,850670,0.0,0.0
2014-08-12 00:00:00+05:30,65.94999694824219,66.6500015258789,65.4000015258789,66.44999694824219,1093910,0.0,0.0
2014-08-13 00:00:00+05:30,66.05000305175781,66.30000305175781,61.0,63.25,2914250,0.0,0.0
2014-08-14 00:00:00+05:30,62.79999923706055,64.4000015258789,62.099998474121094,63.95000076293945,1231938,0.0,0.0
2014-08-18 00:00:00+05:30,63.400001525878906,65.94999694824219,63.400001525878906,65.5999984741211,988907,0.0,0.0
2014-08-19 00:00:00+05:30,65.9000015258789,66.44999694824219,65.0999984741211,65.94999694824219,969824,0.0,0.0
2014-08-20 00:00:00+05:30,65.94999694824219,66.05000305175781,63.54999923706055,64.0,1909519,0.0,0.0
2014-08-21 00:00:00+05:30,64.0999984741211,65.94999694824219,63.79999923706055,65.25,2162720,0.0,0.0
2014-08-22 00:00:00+05:30,65.5,67.0,65.4000015258789,66.25,2148431,0.0,0.0
2014-08-25 00:00:00+05:30,66.5,66.80000305175781,63.349998474121094,63.70000076293945,1624537,0.0,0.0
2014-08-26 00:00:00+05:30,63.150001525878906,63.599998474121094,61.95000076293945,62.900001525878906,1181944,0.0,0.0
2014-08-27 00:00:00+05:30,62.5,64.0,62.20000076293945,62.5,836051,0.0,0.0
2014-08-28 00:00:00+05:30,62.54999923706055,63.0,58.75,60.79999923706055,12736883,0.0,0.0
2014-09-01 00:00:00+05:30,60.25,63.0,59.849998474121094,62.79999923706055,1987650,0.0,0.0
2014-09-02 00:00:00+05:30,62.29999923706055,63.400001525878906,61.79999923706055,62.099998474121094,1153704,0.0,0.0
2014-09-03 00:00:00+05:30,62.5,62.70000076293945,61.54999923706055,61.900001525878906,1100466,0.0,0.0
2014-09-04 00:00:00+05:30,61.29999923706055,61.849998474121094,59.70000076293945,60.400001525878906,1201271,0.0,0.0
2014-09-05 00:00:00+05:30,59.79999923706055,60.79999923706055,57.5,59.650001525878906,1426267,0.0,0.0
2014-09-08 00:00:00+05:30,60.599998474121094,60.900001525878906,59.099998474121094,60.099998474121094,1189466,0.0,0.0
2014-09-09 00:00:00+05:30,59.70000076293945,61.849998474121094,59.20000076293945,61.0,1902201,0.0,0.0
2014-09-10 00:00:00+05:30,60.400001525878906,63.349998474121094,60.25,62.70000076293945,1988949,0.0,0.0
2014-09-11 00:00:00+05:30,63.099998474121094,64.5,62.900001525878906,63.900001525878906,2861116,0.0,0.0
2014-09-12 00:00:00+05:30,63.900001525878906,64.75,62.79999923706055,64.5,1600409,0.0,0.0
2014-09-15 00:00:00+05:30,63.900001525878906,66.3499984741211,63.25,65.0999984741211,3053888,0.0,0.0
2014-09-16 00:00:00+05:30,65.0,65.9000015258789,59.70000076293945,60.900001525878906,2613821,0.0,0.0
2014-09-17 00:00:00+05:30,61.79999923706055,62.150001525878906,60.20000076293945,61.400001525878906,1548004,0.0,0.0
2014-09-18 00:00:00+05:30,61.20000076293945,63.5,60.79999923706055,63.20000076293945,1742347,0.0,0.0
2014-09-19 00:00:00+05:30,63.0,63.900001525878906,60.79999923706055,61.04999923706055,3600096,0.0,0.0
2014-09-22 00:00:00+05:30,60.900001525878906,61.95000076293945,60.54999923706055,61.25,1057986,0.0,0.0
2014-09-23 00:00:00+05:30,61.400001525878906,61.75,59.400001525878906,59.650001525878906,1431851,0.0,0.0
2014-09-24 00:00:00+05:30,59.650001525878906,60.20000076293945,57.599998474121094,59.20000076293945,1408309,0.0,0.0
2014-09-25 00:00:00+05:30,58.599998474121094,58.95000076293945,54.099998474121094,55.95000076293945,11016733,0.0,0.0
2014-09-26 00:00:00+05:30,55.099998474121094,58.79999923706055,53.5,58.349998474121094,2729678,0.0,0.0
2014-09-29 00:00:00+05:30,57.900001525878906,58.900001525878906,57.099998474121094,57.95000076293945,1392358,0.0,0.0
2014-09-30 00:00:00+05:30,57.900001525878906,58.75,56.29999923706055,56.849998474121094,1049500,0.0,0.0
2014-10-01 00:00:00+05:30,56.5,57.900001525878906,56.04999923706055,56.650001525878906,1178072,0.0,0.0
2014-10-07 00:00:00+05:30,56.099998474121094,57.25,55.79999923706055,56.04999923706055,683316,0.0,0.0
2014-10-08 00:00:00+05:30,55.599998474121094,57.25,55.54999923706055,56.70000076293945,949569,0.0,0.0
2014-10-09 00:00:00+05:30,56.79999923706055,59.25,56.79999923706055,58.599998474121094,1335906,0.0,0.0
2014-10-10 00:00:00+05:30,57.79999923706055,58.5,56.900001525878906,57.20000076293945,2733639,0.0,0.0
2014-10-13 00:00:00+05:30,56.650001525878906,58.45000076293945,56.5,58.150001525878906,1579653,0.0,0.0
2014-10-14 00:00:00+05:30,58.45000076293945,59.5,57.5,58.900001525878906,1665925,0.0,0.0
2014-10-15 00:00:00+05:30,58.900001525878906,58.900001525878906,58.900001525878906,58.900001525878906,0,0.0,0.0
2014-10-16 00:00:00+05:30,58.349998474121094,60.0,56.79999923706055,57.25,1487099,0.0,0.0
2014-10-17 00:00:00+05:30,57.5,59.150001525878906,57.25,58.70000076293945,1137435,0.0,0.0
2014-10-20 00:00:00+05:30,59.70000076293945,60.5,58.95000076293945,59.54999923706055,985450,0.0,0.0
2014-10-21 00:00:00+05:30,59.79999923706055,61.20000076293945,59.650001525878906,60.349998474121094,1319055,0.0,0.0
2014-10-22 00:00:00+05:30,61.0,61.29999923706055,60.0,60.70000076293945,1120311,0.0,0.0
2014-10-27 00:00:00+05:30,60.849998474121094,61.75,59.70000076293945,61.0,1311492,0.0,0.0
2014-10-28 00:00:00+05:30,61.04999923706055,61.75,60.5,60.849998474121094,970414,0.0,0.0
2014-10-29 00:00:00+05:30,61.04999923706055,61.400001525878906,59.25,59.54999923706055,1347849,0.0,0.0
2014-10-30 00:00:00+05:30,59.54999923706055,59.599998474121094,55.04999923706055,57.25,7982961,0.0,0.0
2014-10-31 00:00:00+05:30,56.45000076293945,59.0,56.150001525878906,58.849998474121094,2935592,0.0,0.0
2014-11-03 00:00:00+05:30,58.95000076293945,61.099998474121094,58.400001525878906,60.04999923706055,2755770,0.0,0.0
2014-11-05 00:00:00+05:30,59.0,59.25,57.900001525878906,58.20000076293945,2466796,0.0,0.0
2014-11-07 00:00:00+05:30,58.20000076293945,58.599998474121094,57.099998474121094,58.0,1544969,0.0,0.0
2014-11-10 00:00:00+05:30,58.20000076293945,58.599998474121094,57.29999923706055,57.900001525878906,876625,0.0,0.0
2014-11-11 00:00:00+05:30,58.0,59.599998474121094,57.349998474121094,59.349998474121094,1724305,0.0,0.0
2014-11-12 00:00:00+05:30,58.79999923706055,59.70000076293945,58.099998474121094,58.400001525878906,1445544,0.0,0.0
2014-11-13 00:00:00+05:30,59.400001525878906,59.400001525878906,57.349998474121094,57.599998474121094,1383324,0.0,0.0
2014-11-14 00:00:00+05:30,57.349998474121094,58.45000076293945,57.349998474121094,57.95000076293945,1048770,0.0,0.0
2014-11-17 00:00:00+05:30,57.5,58.900001525878906,57.29999923706055,58.54999923706055,978348,0.0,0.0
2014-11-18 00:00:00+05:30,58.150001525878906,60.20000076293945,58.150001525878906,59.29999923706055,2232722,0.0,0.0
2014-11-19 00:00:00+05:30,59.0,59.79999923706055,57.400001525878906,57.599998474121094,1805312,0.0,0.0
2014-11-20 00:00:00+05:30,57.75,57.95000076293945,56.099998474121094,56.650001525878906,1122911,0.0,0.0
2014-11-21 00:00:00+05:30,56.25,57.79999923706055,56.25,56.75,1029391,0.0,0.0
2014-11-24 00:00:00+05:30,57.099998474121094,57.650001525878906,56.29999923706055,56.849998474121094,1153783,0.0,0.0
2014-11-25 00:00:00+05:30,57.0,57.0,54.599998474121094,55.0,1491896,0.0,0.0
2014-11-26 00:00:00+05:30,54.70000076293945,55.70000076293945,54.70000076293945,55.099998474121094,795665,0.0,0.0
2014-11-27 00:00:00+05:30,54.349998474121094,57.20000076293945,53.29999923706055,56.45000076293945,10797707,0.0,0.0
2014-11-28 00:00:00+05:30,55.900001525878906,58.29999923706055,55.900001525878906,57.349998474121094,2861667,0.0,0.0
2014-12-01 00:00:00+05:30,57.349998474121094,58.150001525878906,56.099998474121094,56.5,1262947,0.0,0.0
2014-12-02 00:00:00+05:30,56.150001525878906,58.099998474121094,55.79999923706055,57.900001525878906,2270571,0.0,0.0
2014-12-03 00:00:00+05:30,57.599998474121094,60.150001525878906,57.599998474121094,59.79999923706055,4774324,0.0,0.0
2014-12-04 00:00:00+05:30,60.70000076293945,62.150001525878906,58.45000076293945,61.900001525878906,4042417,0.0,0.0
2014-12-05 00:00:00+05:30,63.04999923706055,63.5,61.599998474121094,62.0,3804867,0.0,0.0
2014-12-08 00:00:00+05:30,62.0,62.20000076293945,60.29999923706055,60.54999923706055,1414693,0.0,0.0
2014-12-09 00:00:00+05:30,60.54999923706055,61.45000076293945,58.0,58.70000076293945,1655115,0.0,0.0
2014-12-10 00:00:00+05:30,58.25,62.75,58.25,62.150001525878906,2558876,0.0,0.0
2014-12-11 00:00:00+05:30,62.5,63.54999923706055,60.04999923706055,61.70000076293945,3569543,0.0,0.0
2014-12-12 00:00:00+05:30,61.79999923706055,62.599998474121094,60.04999923706055,60.349998474121094,2469495,0.0,0.0
2014-12-15 00:00:00+05:30,60.0,61.5,59.150001525878906,59.849998474121094,1829678,0.0,0.0
2014-12-16 00:00:00+05:30,59.29999923706055,60.900001525878906,54.900001525878906,55.45000076293945,2961592,0.0,0.0
2014-12-17 00:00:00+05:30,55.45000076293945,56.04999923706055,53.20000076293945,54.79999923706055,4166629,0.0,0.0
2014-12-18 00:00:00+05:30,55.79999923706055,57.20000076293945,55.54999923706055,56.70000076293945,1937719,0.0,0.0
2014-12-19 00:00:00+05:30,57.20000076293945,57.79999923706055,56.25,56.5,2070050,0.0,0.0
2014-12-22 00:00:00+05:30,56.70000076293945,57.45000076293945,55.849998474121094,57.150001525878906,1283262,0.0,0.0
2014-12-23 00:00:00+05:30,57.0,57.95000076293945,56.400001525878906,56.650001525878906,1871275,0.0,0.0
2014-12-24 00:00:00+05:30,56.650001525878906,58.400001525878906,55.95000076293945,57.599998474121094,3886847,0.0,0.0
2014-12-26 00:00:00+05:30,58.150001525878906,60.400001525878906,57.650001525878906,60.099998474121094,2847442,0.0,0.0
2014-12-29 00:00:00+05:30,60.75,61.400001525878906,59.650001525878906,59.95000076293945,2531776,0.0,0.0
2014-12-30 00:00:00+05:30,61.650001525878906,61.650001525878906,60.0,61.400001525878906,2409551,0.0,0.0
2014-12-31 00:00:00+05:30,61.79999923706055,62.650001525878906,60.900001525878906,62.20000076293945,2110264,0.0,0.0
2015-01-01 00:00:00+05:30,62.150001525878906,64.5,61.5,63.75,2552616,0.0,0.0
2015-01-02 00:00:00+05:30,63.79999923706055,64.6500015258789,63.349998474121094,63.849998474121094,2676788,0.0,0.0
2015-01-05 00:00:00+05:30,63.900001525878906,64.25,62.20000076293945,62.54999923706055,1989486,0.0,0.0
2015-01-06 00:00:00+05:30,62.0,62.0,59.099998474121094,59.45000076293945,2267423,0.0,0.0
2015-01-07 00:00:00+05:30,59.20000076293945,59.79999923706055,57.75,59.04999923706055,2146508,0.0,0.0
2015-01-08 00:00:00+05:30,59.849998474121094,60.75,59.54999923706055,60.349998474121094,1578957,0.0,0.0
2015-01-09 00:00:00+05:30,60.599998474121094,60.849998474121094,58.20000076293945,59.849998474121094,1508987,0.0,0.0
2015-01-12 00:00:00+05:30,60.0,61.099998474121094,59.0,60.75,1500244,0.0,0.0
2015-01-13 00:00:00+05:30,60.849998474121094,61.29999923706055,59.150001525878906,59.599998474121094,1898769,0.0,0.0
2015-01-14 00:00:00+05:30,59.54999923706055,60.20000076293945,58.599998474121094,59.0,1143661,0.0,0.0
2015-01-15 00:00:00+05:30,61.20000076293945,62.099998474121094,60.54999923706055,61.20000076293945,2183211,0.0,0.0
2015-01-16 00:00:00+05:30,61.70000076293945,61.70000076293945,59.75,60.0,1189654,0.0,0.0
2015-01-19 00:00:00+05:30,60.900001525878906,61.349998474121094,60.29999923706055,60.5,1339452,0.0,0.0
2015-01-20 00:00:00+05:30,60.5,61.25,60.45000076293945,60.75,1069509,0.0,0.0
2015-01-21 00:00:00+05:30,61.0,61.75,60.349998474121094,60.650001525878906,1355096,0.0,0.0
2015-01-22 00:00:00+05:30,61.0,61.150001525878906,59.25,59.45000076293945,923303,0.0,0.0
2015-01-23 00:00:00+05:30,60.0,60.29999923706055,58.599998474121094,59.400001525878906,1156415,0.0,0.0
2015-01-27 00:00:00+05:30,59.70000076293945,59.79999923706055,58.70000076293945,59.25,717768,0.0,0.0
2015-01-28 00:00:00+05:30,58.79999923706055,60.20000076293945,58.400001525878906,59.0,1090735,0.0,0.0
2015-01-29 00:00:00+05:30,59.0,60.29999923706055,58.150001525878906,59.54999923706055,5647610,0.0,0.0
2015-01-30 00:00:00+05:30,59.0,59.599998474121094,55.75,56.900001525878906,2292198,0.0,0.0
2015-02-02 00:00:00+05:30,56.900001525878906,59.0,56.29999923706055,58.650001525878906,1340503,0.0,0.0
2015-02-03 00:00:00+05:30,58.79999923706055,59.25,56.150001525878906,56.400001525878906,2280739,0.0,0.0
2015-02-04 00:00:00+05:30,56.349998474121094,56.75,55.0,55.70000076293945,1667172,0.0,0.0
2015-02-05 00:00:00+05:30,55.900001525878906,56.25,49.75,50.25,11644084,0.0,0.0
2015-02-06 00:00:00+05:30,50.0,52.95000076293945,48.0,50.150001525878906,6921982,0.0,0.0
2015-02-09 00:00:00+05:30,49.599998474121094,51.0,48.900001525878906,49.099998474121094,1901020,0.0,0.0
2015-02-10 00:00:00+05:30,48.900001525878906,50.75,46.349998474121094,48.099998474121094,2886290,0.0,0.0
2015-02-11 00:00:00+05:30,48.400001525878906,49.54999923706055,47.650001525878906,48.849998474121094,2109691,0.0,0.0
2015-02-12 00:00:00+05:30,48.900001525878906,49.150001525878906,46.54999923706055,47.29999923706055,3229343,0.0,0.0
2015-02-13 00:00:00+05:30,47.900001525878906,48.5,47.099998474121094,48.20000076293945,1705217,0.0,0.0
2015-02-16 00:00:00+05:30,48.29999923706055,48.849998474121094,47.099998474121094,47.70000076293945,1570713,0.0,0.0
2015-02-18 00:00:00+05:30,47.79999923706055,48.20000076293945,47.400001525878906,47.79999923706055,1081811,0.0,0.0
2015-02-19 00:00:00+05:30,48.099998474121094,48.150001525878906,46.849998474121094,47.45000076293945,1702318,0.0,0.0
2015-02-20 00:00:00+05:30,47.95000076293945,50.70000076293945,47.04999923706055,49.599998474121094,4430620,0.0,0.0
2015-02-23 00:00:00+05:30,49.79999923706055,50.04999923706055,48.0,48.25,1640750,0.0,0.0
2015-02-24 00:00:00+05:30,48.5,49.150001525878906,47.650001525878906,48.349998474121094,1492324,0.0,0.0
2015-02-25 00:00:00+05:30,48.5,49.099998474121094,47.95000076293945,48.150001525878906,1206308,0.0,0.0
2015-02-26 00:00:00+05:30,48.29999923706055,48.599998474121094,45.75,46.45000076293945,12436145,0.0,0.0
2015-02-27 00:00:00+05:30,47.0,48.900001525878906,47.0,48.54999923706055,2220631,0.0,0.0
2015-03-02 00:00:00+05:30,49.29999923706055,49.900001525878906,48.54999923706055,49.099998474121094,1343613,0.0,0.0
2015-03-03 00:00:00+05:30,49.099998474121094,50.150001525878906,47.599998474121094,49.95000076293945,1991215,0.0,0.0
2015-03-04 00:00:00+05:30,51.04999923706055,51.54999923706055,47.099998474121094,47.650001525878906,3581312,0.0,0.0
2015-03-05 00:00:00+05:30,48.04999923706055,48.25,47.0,47.650001525878906,1262566,0.0,0.0
2015-03-09 00:00:00+05:30,47.400001525878906,47.5,46.29999923706055,46.5,1379775,0.0,0.0
2015-03-10 00:00:00+05:30,46.5,47.099998474121094,45.5,45.650001525878906,1534725,0.0,0.0
2015-03-11 00:00:00+05:30,45.79999923706055,46.79999923706055,45.20000076293945,46.29999923706055,1569470,0.0,0.0
2015-03-12 00:00:00+05:30,46.5,47.04999923706055,45.79999923706055,46.54999923706055,992134,0.0,0.0
2015-03-13 00:00:00+05:30,46.79999923706055,46.95000076293945,43.29999923706055,43.54999923706055,3941756,0.0,0.0
2015-03-16 00:00:00+05:30,43.5,44.25,43.099998474121094,43.70000076293945,1732160,0.0,0.0
2015-03-17 00:00:00+05:30,43.900001525878906,44.099998474121094,42.900001525878906,43.70000076293945,1409430,0.0,0.0
2015-03-18 00:00:00+05:30,43.70000076293945,44.349998474121094,43.25,44.04999923706055,1658890,0.0,0.0
2015-03-19 00:00:00+05:30,44.349998474121094,45.95000076293945,43.29999923706055,43.45000076293945,1227372,0.0,0.0
2015-03-20 00:00:00+05:30,43.45000076293945,43.5,42.900001525878906,43.099998474121094,1206091,0.0,0.0
2015-03-23 00:00:00+05:30,43.29999923706055,43.349998474121094,42.5,42.599998474121094,1102473,0.0,0.0
2015-03-24 00:00:00+05:30,42.54999923706055,43.0,41.5,41.650001525878906,2009298,0.0,0.0
2015-03-25 00:00:00+05:30,41.599998474121094,41.79999923706055,41.25,41.400001525878906,920465,0.0,0.0
2015-03-26 00:00:00+05:30,41.0,43.75,40.849998474121094,42.900001525878906,13212494,0.0,0.0
2015-03-27 00:00:00+05:30,42.400001525878906,42.400001525878906,40.599998474121094,41.599998474121094,2514373,0.0,0.0
2015-03-30 00:00:00+05:30,41.650001525878906,43.0,41.400001525878906,42.70000076293945,1335056,0.0,0.0
2015-03-31 00:00:00+05:30,42.75,43.25,42.150001525878906,42.349998474121094,1412581,0.0,0.0
2015-04-01 00:00:00+05:30,42.29999923706055,42.95000076293945,41.54999923706055,42.79999923706055,1700481,0.0,0.0
2015-04-06 00:00:00+05:30,43.20000076293945,43.20000076293945,42.150001525878906,42.5,933199,0.0,0.0
2015-04-07 00:00:00+05:30,42.5,43.099998474121094,42.20000076293945,42.75,1069358,0.0,0.0
2015-04-08 00:00:00+05:30,42.599998474121094,44.599998474121094,42.5,43.25,2140200,0.0,0.0
2015-04-09 00:00:00+05:30,43.400001525878906,44.900001525878906,42.75,44.650001525878906,2456325,0.0,0.0
2015-04-10 00:00:00+05:30,44.900001525878906,45.5,44.5,45.099998474121094,1652448,0.0,0.0
2015-04-13 00:00:00+05:30,45.0,46.25,44.400001525878906,46.04999923706055,1296908,0.0,0.0
2015-04-15 00:00:00+05:30,46.25,47.5,45.79999923706055,46.29999923706055,1667696,0.0,0.0
2015-04-16 00:00:00+05:30,46.5,46.5,45.45000076293945,45.75,1044378,0.0,0.0
2015-04-17 00:00:00+05:30,45.650001525878906,46.400001525878906,45.25,45.349998474121094,899007,0.0,0.0
2015-04-20 00:00:00+05:30,45.5,45.79999923706055,43.95000076293945,44.20000076293945,1141313,0.0,0.0
2015-04-21 00:00:00+05:30,44.400001525878906,45.099998474121094,44.04999923706055,44.400001525878906,762377,0.0,0.0
2015-04-22 00:00:00+05:30,44.70000076293945,44.79999923706055,42.5,43.900001525878906,1200128,0.0,0.0
2015-04-23 00:00:00+05:30,44.099998474121094,44.5,43.5,43.70000076293945,586233,0.0,0.0
2015-04-24 00:00:00+05:30,43.95000076293945,43.95000076293945,42.5,42.70000076293945,847388,0.0,0.0
2015-04-27 00:00:00+05:30,42.54999923706055,43.400001525878906,41.95000076293945,42.20000076293945,917893,0.0,0.0
2015-04-28 00:00:00+05:30,42.25,42.849998474121094,42.04999923706055,42.650001525878906,645790,0.0,0.0
2015-04-29 00:00:00+05:30,42.70000076293945,43.29999923706055,42.349998474121094,42.79999923706055,588239,0.0,0.0
2015-04-30 00:00:00+05:30,42.900001525878906,44.54999923706055,42.54999923706055,44.349998474121094,1867299,0.0,0.0
2015-05-04 00:00:00+05:30,44.650001525878906,45.099998474121094,44.400001525878906,45.04999923706055,944362,0.0,0.0
2015-05-05 00:00:00+05:30,45.04999923706055,45.599998474121094,44.20000076293945,44.79999923706055,1134144,0.0,0.0
2015-05-06 00:00:00+05:30,44.70000076293945,45.04999923706055,42.54999923706055,42.70000076293945,1395156,0.0,0.0
2015-05-07 00:00:00+05:30,42.70000076293945,42.70000076293945,40.75,41.20000076293945,1652293,0.0,0.0
2015-05-08 00:00:00+05:30,41.849998474121094,42.45000076293945,39.849998474121094,40.5,5997335,0.0,0.0
2015-05-11 00:00:00+05:30,40.79999923706055,42.20000076293945,40.04999923706055,42.0,2834344,0.0,0.0
2015-05-12 00:00:00+05:30,41.650001525878906,41.75,40.79999923706055,40.95000076293945,1027279,0.0,0.0
2015-05-13 00:00:00+05:30,41.04999923706055,41.95000076293945,40.95000076293945,41.400001525878906,1603692,0.0,0.0
2015-05-14 00:00:00+05:30,41.29999923706055,42.70000076293945,40.95000076293945,42.54999923706055,1311782,0.0,0.0
2015-05-15 00:00:00+05:30,42.5,43.849998474121094,42.29999923706055,42.45000076293945,1400888,0.0,0.0
2015-05-18 00:00:00+05:30,42.75,42.900001525878906,42.04999923706055,42.400001525878906,902642,0.0,0.0
2015-05-19 00:00:00+05:30,42.400001525878906,43.400001525878906,42.25,42.79999923706055,943857,0.0,0.0
2015-05-20 00:00:00+05:30,43.099998474121094,43.20000076293945,42.349998474121094,42.45000076293945,518897,0.0,0.0
2015-05-21 00:00:00+05:30,42.79999923706055,42.79999923706055,41.79999923706055,42.04999923706055,1035368,0.0,0.0
2015-05-22 00:00:00+05:30,42.04999923706055,42.95000076293945,42.04999923706055,42.099998474121094,852007,0.0,0.0
2015-05-25 00:00:00+05:30,41.349998474121094,42.349998474121094,41.349998474121094,41.849998474121094,450162,0.0,0.0
2015-05-26 00:00:00+05:30,41.849998474121094,42.04999923706055,41.5,41.599998474121094,406859,0.0,0.0
2015-05-27 00:00:00+05:30,41.599998474121094,42.900001525878906,41.29999923706055,42.75,1029440,0.0,0.0
2015-05-28 00:00:00+05:30,42.900001525878906,43.25,41.95000076293945,43.0,1177417,0.0,0.0
2015-05-29 00:00:00+05:30,43.099998474121094,43.599998474121094,42.75,43.20000076293945,753498,0.0,0.0
2015-06-01 00:00:00+05:30,43.20000076293945,43.45000076293945,42.599998474121094,42.75,650713,0.0,0.0
2015-06-02 00:00:00+05:30,42.75,42.95000076293945,41.0,41.150001525878906,1268611,0.0,0.0
2015-06-03 00:00:00+05:30,41.25,41.349998474121094,39.349998474121094,39.79999923706055,2107032,0.0,0.0
2015-06-04 00:00:00+05:30,40.099998474121094,40.099998474121094,38.5,38.75,1888127,0.0,0.0
2015-06-05 00:00:00+05:30,38.650001525878906,38.95000076293945,38.04999923706055,38.25,1222792,0.0,0.0
2015-06-08 00:00:00+05:30,38.20000076293945,38.29999923706055,37.150001525878906,37.25,1416864,0.0,0.0
2015-06-09 00:00:00+05:30,37.29999923706055,37.70000076293945,37.04999923706055,37.29999923706055,1090807,0.0,0.0
2015-06-10 00:00:00+05:30,37.349998474121094,38.0,37.349998474121094,37.54999923706055,994017,0.0,0.0
2015-06-11 00:00:00+05:30,37.79999923706055,37.95000076293945,36.29999923706055,36.650001525878906,1742272,0.0,0.0
2015-06-12 00:00:00+05:30,36.29999923706055,36.900001525878906,35.900001525878906,36.75,1198876,0.0,0.0
2015-06-15 00:00:00+05:30,36.849998474121094,37.20000076293945,36.150001525878906,36.349998474121094,1128034,0.0,0.0
2015-06-16 00:00:00+05:30,36.29999923706055,36.900001525878906,36.04999923706055,36.75,830736,0.0,0.0
2015-06-17 00:00:00+05:30,36.849998474121094,37.20000076293945,36.54999923706055,36.900001525878906,1113416,0.0,0.0
2015-06-18 00:00:00+05:30,37.099998474121094,37.45000076293945,36.75,37.099998474121094,1024944,0.0,0.0
2015-06-19 00:00:00+05:30,37.099998474121094,38.0,36.849998474121094,37.70000076293945,1282663,0.0,0.0
2015-06-22 00:00:00+05:30,37.849998474121094,39.04999923706055,37.54999923706055,38.75,1617643,0.0,0.0
2015-06-23 00:00:00+05:30,38.79999923706055,39.349998474121094,38.54999923706055,38.900001525878906,1382647,0.0,0.0
2015-06-24 00:00:00+05:30,38.900001525878906,39.150001525878906,38.400001525878906,38.54999923706055,1114887,0.0,0.0
2015-06-25 00:00:00+05:30,38.45000076293945,39.0,38.150001525878906,38.849998474121094,2032113,0.0,0.0
2015-06-26 00:00:00+05:30,38.79999923706055,38.79999923706055,37.75,38.0,1346358,0.0,0.0
2015-06-29 00:00:00+05:30,36.95000076293945,37.25,36.5,36.95000076293945,1192429,0.0,0.0
2015-06-30 00:00:00+05:30,37.0,37.400001525878906,36.79999923706055,37.04999923706055,1380939,0.0,0.0
2015-07-01 00:00:00+05:30,37.0,38.20000076293945,36.95000076293945,37.900001525878906,2220370,0.0,0.0
2015-07-02 00:00:00+05:30,37.900001525878906,38.20000076293945,37.20000076293945,37.349998474121094,1239559,0.0,0.0
2015-07-03 00:00:00+05:30,37.20000076293945,37.650001525878906,37.0,37.400001525878906,2205133,0.0,0.0
2015-07-06 00:00:00+05:30,37.0,37.79999923706055,36.79999923706055,37.70000076293945,1217212,0.0,0.0
2015-07-07 00:00:00+05:30,37.70000076293945,38.70000076293945,37.599998474121094,38.04999923706055,2452419,0.0,0.0
2015-07-08 00:00:00+05:30,37.75,37.95000076293945,37.099998474121094,37.400001525878906,1240971,0.0,0.0
2015-07-09 00:00:00+05:30,37.5,38.29999923706055,37.29999923706055,37.75,1387273,0.0,0.0
2015-07-10 00:00:00+05:30,37.75,38.5,37.650001525878906,38.400001525878906,1256745,0.0,0.0
2015-07-13 00:00:00+05:30,38.45000076293945,38.75,38.20000076293945,38.650001525878906,1012170,0.0,0.0
2015-07-14 00:00:00+05:30,38.75,39.0,38.45000076293945,38.54999923706055,922327,0.0,0.0
2015-07-15 00:00:00+05:30,38.54999923706055,38.849998474121094,37.849998474121094,38.20000076293945,1108512,0.0,0.0
2015-07-16 00:00:00+05:30,38.29999923706055,39.400001525878906,38.150001525878906,39.099998474121094,1278850,0.0,0.0
2015-07-17 00:00:00+05:30,39.29999923706055,40.150001525878906,39.20000076293945,39.650001525878906,2976171,0.0,0.0
2015-07-20 00:00:00+05:30,39.75,40.150001525878906,38.75,39.150001525878906,1443022,0.0,0.0
2015-07-21 00:00:00+05:30,39.45000076293945,39.45000076293945,38.599998474121094,38.70000076293945,1694724,0.0,0.0
2015-07-22 00:00:00+05:30,38.75,39.20000076293945,38.400001525878906,38.75,743728,0.0,0.0
2015-07-23 00:00:00+05:30,38.849998474121094,39.099998474121094,38.20000076293945,38.70000076293945,1245624,0.0,0.0
2015-07-24 00:00:00+05:30,38.650001525878906,38.75,37.900001525878906,38.099998474121094,1142607,0.0,0.0
2015-07-27 00:00:00+05:30,36.0,36.150001525878906,35.29999923706055,35.650001525878906,4164288,0.0,0.0
2015-07-28 00:00:00+05:30,36.29999923706055,36.29999923706055,35.0,35.70000076293945,1437056,0.0,0.0
2015-07-29 00:00:00+05:30,35.70000076293945,36.25,35.25,35.900001525878906,1353678,0.0,0.0
2015-07-30 00:00:00+05:30,35.849998474121094,36.849998474121094,35.400001525878906,36.5,8459831,0.0,0.0
2015-07-31 00:00:00+05:30,36.5,38.150001525878906,36.349998474121094,38.0,3279078,0.0,0.0
2015-08-03 00:00:00+05:30,37.900001525878906,39.5,37.599998474121094,38.5,1576216,0.0,0.0
2015-08-04 00:00:00+05:30,38.599998474121094,39.95000076293945,37.95000076293945,39.599998474121094,2527530,0.0,0.0
2015-08-05 00:00:00+05:30,40.099998474121094,40.099998474121094,38.900001525878906,39.04999923706055,1897306,0.0,0.0
2015-08-06 00:00:00+05:30,38.650001525878906,39.70000076293945,38.29999923706055,39.5,1699722,0.0,0.0
2015-08-07 00:00:00+05:30,39.20000076293945,39.400001525878906,38.75,39.0,1246312,0.0,0.0
2015-08-10 00:00:00+05:30,38.95000076293945,39.099998474121094,37.650001525878906,37.95000076293945,952983,0.0,0.0
2015-08-11 00:00:00+05:30,38.0,38.79999923706055,37.25,37.400001525878906,1429941,0.0,0.0
2015-08-12 00:00:00+05:30,37.400001525878906,37.45000076293945,36.45000076293945,36.75,2363967,0.0,0.0
2015-08-13 00:00:00+05:30,37.150001525878906,37.150001525878906,36.25,36.70000076293945,1924956,0.0,0.0
2015-08-14 00:00:00+05:30,36.849998474121094,38.95000076293945,36.54999923706055,38.650001525878906,1904303,0.0,0.0
2015-08-17 00:00:00+05:30,40.150001525878906,40.5,39.20000076293945,40.25,4668591,0.0,0.0
2015-08-18 00:00:00+05:30,40.79999923706055,40.900001525878906,39.5,39.75,2421523,0.0,0.0
2015-08-19 00:00:00+05:30,39.70000076293945,39.95000076293945,38.650001525878906,38.95000076293945,1011042,0.0,0.0
2015-08-20 00:00:00+05:30,38.75,39.0,37.70000076293945,38.099998474121094,1997385,0.0,0.0
2015-08-21 00:00:00+05:30,37.5,38.0,36.75,37.849998474121094,982078,0.0,0.0
2015-08-24 00:00:00+05:30,36.79999923706055,36.900001525878906,35.5,35.900001525878906,3344531,0.0,0.0
2015-08-25 00:00:00+05:30,36.0,36.349998474121094,33.599998474121094,35.25,3241462,0.0,0.0
2015-08-26 00:00:00+05:30,35.79999923706055,36.0,34.70000076293945,35.45000076293945,1957300,0.0,0.0
2015-08-27 00:00:00+05:30,36.0,38.349998474121094,35.0,37.5,23942310,0.0,0.0
2015-08-28 00:00:00+05:30,36.150001525878906,36.79999923706055,35.04999923706055,35.349998474121094,2671688,0.0,0.0
2015-08-31 00:00:00+05:30,35.20000076293945,35.95000076293945,34.5,34.79999923706055,2292630,0.0,0.0
2015-09-01 00:00:00+05:30,34.45000076293945,34.70000076293945,34.0,34.20000076293945,1706115,0.0,0.0
2015-09-02 00:00:00+05:30,34.70000076293945,34.70000076293945,33.79999923706055,34.04999923706055,1104791,0.0,0.0
2015-09-03 00:00:00+05:30,34.20000076293945,34.54999923706055,34.0,34.150001525878906,655708,0.0,0.0
2015-09-04 00:00:00+05:30,34.150001525878906,34.349998474121094,32.75,33.650001525878906,1635783,0.0,0.0
2015-09-07 00:00:00+05:30,33.650001525878906,33.79999923706055,32.849998474121094,33.04999923706055,918535,0.0,0.0
2015-09-08 00:00:00+05:30,32.849998474121094,33.599998474121094,32.599998474121094,33.29999923706055,1285392,0.0,0.0
2015-09-09 00:00:00+05:30,33.650001525878906,34.20000076293945,33.5,34.0,1007880,0.0,0.0
2015-09-10 00:00:00+05:30,33.5,33.849998474121094,33.20000076293945,33.70000076293945,619550,0.0,0.0
2015-09-11 00:00:00+05:30,33.900001525878906,34.400001525878906,33.70000076293945,33.849998474121094,660961,0.0,0.0
2015-09-14 00:00:00+05:30,34.150001525878906,35.150001525878906,33.75,35.0,1191563,0.0,0.0
2015-09-15 00:00:00+05:30,35.0,35.29999923706055,34.400001525878906,34.70000076293945,1011850,0.0,0.0
2015-09-16 00:00:00+05:30,35.04999923706055,35.099998474121094,34.70000076293945,34.900001525878906,523997,0.0,0.0
2015-09-18 00:00:00+05:30,35.20000076293945,35.849998474121094,35.04999923706055,35.54999923706055,2115233,0.0,0.0
2015-09-21 00:00:00+05:30,35.54999923706055,36.0,34.95000076293945,35.849998474121094,923428,0.0,0.0
2015-09-22 00:00:00+05:30,36.0,36.25,34.79999923706055,35.04999923706055,827165,0.0,0.0
2015-09-23 00:00:00+05:30,34.70000076293945,36.29999923706055,34.54999923706055,36.04999923706055,1085696,0.0,0.0
2015-09-24 00:00:00+05:30,36.099998474121094,36.75,35.54999923706055,36.45000076293945,1130328,0.0,0.0
2015-09-28 00:00:00+05:30,36.45000076293945,37.099998474121094,36.25,36.5,734935,0.0,0.0
2015-09-29 00:00:00+05:30,36.29999923706055,36.79999923706055,35.54999923706055,36.20000076293945,939804,0.0,0.0
2015-09-30 00:00:00+05:30,36.400001525878906,36.70000076293945,35.45000076293945,36.25,1063625,0.0,0.0
2015-10-01 00:00:00+05:30,36.400001525878906,37.349998474121094,36.20000076293945,36.849998474121094,956052,0.0,0.0
2015-10-05 00:00:00+05:30,36.900001525878906,37.849998474121094,36.900001525878906,37.45000076293945,974431,0.0,0.0
2015-10-06 00:00:00+05:30,37.29999923706055,37.45000076293945,36.349998474121094,37.099998474121094,1780695,0.0,0.0
2015-10-07 00:00:00+05:30,37.099998474121094,37.5,36.54999923706055,37.349998474121094,928049,0.0,0.0
2015-10-08 00:00:00+05:30,37.5,38.0,36.70000076293945,37.650001525878906,1030202,0.0,0.0
2015-10-09 00:00:00+05:30,37.79999923706055,38.099998474121094,37.150001525878906,37.29999923706055,652211,0.0,0.0
2015-10-12 00:00:00+05:30,36.5,37.849998474121094,36.5,37.45000076293945,1074488,0.0,0.0
2015-10-13 00:00:00+05:30,37.45000076293945,37.75,36.900001525878906,37.150001525878906,672316,0.0,0.0
2015-10-14 00:00:00+05:30,37.20000076293945,37.599998474121094,37.099998474121094,37.150001525878906,733547,0.0,0.0
2015-10-15 00:00:00+05:30,37.45000076293945,37.54999923706055,37.0,37.150001525878906,850070,0.0,0.0
2015-10-16 00:00:00+05:30,37.20000076293945,37.25,36.150001525878906,36.599998474121094,2335628,0.0,0.0
2015-10-19 00:00:00+05:30,36.70000076293945,36.75,36.150001525878906,36.599998474121094,2294895,0.0,0.0
2015-10-20 00:00:00+05:30,36.75,37.04999923706055,36.400001525878906,36.5,1193448,0.0,0.0
2015-10-21 00:00:00+05:30,36.75,36.75,36.099998474121094,36.29999923706055,918302,0.0,0.0
2015-10-23 00:00:00+05:30,36.400001525878906,36.70000076293945,35.75,35.849998474121094,2252960,0.0,0.0
2015-10-26 00:00:00+05:30,35.95000076293945,36.099998474121094,35.099998474121094,35.25,1318318,0.0,0.0
2015-10-27 00:00:00+05:30,35.45000076293945,35.599998474121094,35.099998474121094,35.5,1096984,0.0,0.0
2015-10-28 00:00:00+05:30,35.400001525878906,35.5,35.099998474121094,35.349998474121094,975549,0.0,0.0
2015-10-29 00:00:00+05:30,35.04999923706055,36.5,35.04999923706055,36.20000076293945,2451659,0.0,0.0
2015-10-30 00:00:00+05:30,35.70000076293945,36.599998474121094,34.900001525878906,35.0,2163096,0.0,0.0
2015-11-02 00:00:00+05:30,31.5,31.549999237060547,29.549999237060547,31.0,17839054,0.0,0.0
2015-11-03 00:00:00+05:30,31.600000381469727,31.600000381469727,30.399999618530273,30.649999618530273,3213799,0.0,0.0
2015-11-04 00:00:00+05:30,31.0,31.25,30.549999237060547,30.850000381469727,1577381,0.0,0.0
2015-11-05 00:00:00+05:30,31.0,31.0,30.299999237060547,30.450000762939453,821377,0.0,0.0
2015-11-06 00:00:00+05:30,30.700000762939453,30.850000381469727,30.299999237060547,30.600000381469727,702143,0.0,0.0
2015-11-09 00:00:00+05:30,29.899999618530273,31.0,29.75,30.649999618530273,758343,0.0,0.0
2015-11-10 00:00:00+05:30,30.25,31.149999618530273,30.25,30.649999618530273,1204731,0.0,0.0
2015-11-13 00:00:00+05:30,30.799999237060547,31.0,30.25,30.5,615451,0.0,0.0
2015-11-16 00:00:00+05:30,30.450000762939453,30.950000762939453,30.350000381469727,30.850000381469727,984066,0.0,0.0
2015-11-17 00:00:00+05:30,30.850000381469727,31.25,30.5,30.700000762939453,533648,0.0,0.0
2015-11-18 00:00:00+05:30,30.5,30.950000762939453,30.25,30.399999618530273,1205508,0.0,0.0
2015-11-19 00:00:00+05:30,30.549999237060547,31.100000381469727,30.450000762939453,30.899999618530273,954421,0.0,0.0
2015-11-20 00:00:00+05:30,30.899999618530273,31.549999237060547,30.600000381469727,30.850000381469727,1409524,0.0,0.0
2015-11-23 00:00:00+05:30,30.899999618530273,31.100000381469727,30.549999237060547,30.700000762939453,726414,0.0,0.0
2015-11-24 00:00:00+05:30,30.649999618530273,33.150001525878906,30.649999618530273,31.850000381469727,2885083,0.0,0.0
2015-11-26 00:00:00+05:30,32.0,32.29999923706055,31.5,32.0,2794943,0.0,0.0
2015-11-27 00:00:00+05:30,32.04999923706055,32.650001525878906,31.799999237060547,32.25,1685110,0.0,0.0
2015-11-30 00:00:00+05:30,32.29999923706055,32.54999923706055,32.0,32.25,590701,0.0,0.0
2015-12-01 00:00:00+05:30,32.20000076293945,33.400001525878906,32.0,33.099998474121094,1819441,0.0,0.0
2015-12-02 00:00:00+05:30,33.400001525878906,33.400001525878906,32.400001525878906,32.599998474121094,765371,0.0,0.0
2015-12-03 00:00:00+05:30,32.5,32.650001525878906,32.099998474121094,32.20000076293945,642106,0.0,0.0
2015-12-04 00:00:00+05:30,32.099998474121094,32.20000076293945,31.399999618530273,31.450000762939453,687311,0.0,0.0
2015-12-07 00:00:00+05:30,31.600000381469727,31.799999237060547,31.200000762939453,31.299999237060547,787693,0.0,0.0
2015-12-08 00:00:00+05:30,31.100000381469727,31.5,30.350000381469727,30.700000762939453,715040,0.0,0.0
2015-12-09 00:00:00+05:30,30.700000762939453,30.950000762939453,30.399999618530273,30.700000762939453,737461,0.0,0.0
2015-12-10 00:00:00+05:30,30.75,31.0,30.25,30.75,555688,0.0,0.0
2015-12-11 00:00:00+05:30,30.399999618530273,30.950000762939453,30.350000381469727,30.5,654406,0.0,0.0
2015-12-14 00:00:00+05:30,30.450000762939453,31.200000762939453,30.200000762939453,30.799999237060547,1006341,0.0,0.0
2015-12-15 00:00:00+05:30,30.850000381469727,30.899999618530273,30.350000381469727,30.600000381469727,628503,0.0,0.0
2015-12-16 00:00:00+05:30,30.850000381469727,30.950000762939453,30.399999618530273,30.549999237060547,677633,0.0,0.0
2015-12-17 00:00:00+05:30,30.850000381469727,31.200000762939453,30.649999618530273,31.0,473773,0.0,0.0
2015-12-18 00:00:00+05:30,30.950000762939453,31.5,30.600000381469727,30.799999237060547,1070857,0.0,0.0
2015-12-21 00:00:00+05:30,30.850000381469727,31.100000381469727,30.549999237060547,30.899999618530273,547163,0.0,0.0
2015-12-22 00:00:00+05:30,31.25,31.25,30.299999237060547,30.549999237060547,695600,0.0,0.0
2015-12-23 00:00:00+05:30,30.899999618530273,31.0,30.649999618530273,30.899999618530273,494236,0.0,0.0
2015-12-24 00:00:00+05:30,31.0,31.0,30.5,30.799999237060547,469507,0.0,0.0
2015-12-28 00:00:00+05:30,30.700000762939453,31.0,30.5,30.700000762939453,485551,0.0,0.0
2015-12-29 00:00:00+05:30,31.0,31.049999237060547,30.549999237060547,30.950000762939453,773096,0.0,0.0
2015-12-30 00:00:00+05:30,30.950000762939453,31.399999618530273,30.75,30.950000762939453,1305784,0.0,0.0
2015-12-31 00:00:00+05:30,30.850000381469727,31.25,30.600000381469727,31.049999237060547,2083876,0.0,0.0
2016-01-01 00:00:00+05:30,31.049999237060547,31.700000762939453,30.700000762939453,31.350000381469727,1236430,0.0,0.0
2016-01-04 00:00:00+05:30,31.350000381469727,31.799999237060547,30.549999237060547,30.649999618530273,1094702,0.0,0.0
2016-01-05 00:00:00+05:30,30.700000762939453,31.0,30.450000762939453,30.899999618530273,561774,0.0,0.0
2016-01-06 00:00:00+05:30,31.100000381469727,31.200000762939453,30.549999237060547,30.700000762939453,809491,0.0,0.0
2016-01-07 00:00:00+05:30,30.700000762939453,30.700000762939453,29.0,29.5,2350748,0.0,0.0
2016-01-08 00:00:00+05:30,29.75,30.100000381469727,29.5,29.700000762939453,922256,0.0,0.0
2016-01-11 00:00:00+05:30,29.600000381469727,29.799999237060547,29.049999237060547,29.549999237060547,564550,0.0,0.0
2016-01-12 00:00:00+05:30,29.549999237060547,29.75,28.75,29.0,787539,0.0,0.0
2016-01-13 00:00:00+05:30,29.350000381469727,29.350000381469727,27.649999618530273,28.200000762939453,936373,0.0,0.0
2016-01-14 00:00:00+05:30,27.950000762939453,28.200000762939453,27.200000762939453,27.950000762939453,1105117,0.0,0.0
2016-01-15 00:00:00+05:30,28.049999237060547,28.299999237060547,26.149999618530273,26.549999237060547,1305294,0.0,0.0
2016-01-18 00:00:00+05:30,26.600000381469727,27.0,25.450000762939453,25.899999618530273,1611076,0.0,0.0
2016-01-19 00:00:00+05:30,25.649999618530273,26.549999237060547,25.549999237060547,26.0,1219189,0.0,0.0
2016-01-20 00:00:00+05:30,25.899999618530273,25.950000762939453,24.5,25.100000381469727,1328596,0.0,0.0
2016-01-21 00:00:00+05:30,25.100000381469727,25.899999618530273,24.5,25.0,1297748,0.0,0.0
2016-01-22 00:00:00+05:30,25.549999237060547,26.25,25.299999237060547,25.950000762939453,1184141,0.0,0.0
2016-01-25 00:00:00+05:30,26.25,26.5,25.649999618530273,25.850000381469727,861442,0.0,0.0
2016-01-27 00:00:00+05:30,26.0,26.450000762939453,25.75,26.0,1071208,0.0,0.0
2016-01-28 00:00:00+05:30,26.149999618530273,26.350000381469727,24.75,25.399999618530273,7104301,0.0,0.0
2016-01-29 00:00:00+05:30,25.399999618530273,25.700000762939453,24.600000381469727,25.299999237060547,1395682,0.0,0.0
2016-02-01 00:00:00+05:30,25.549999237060547,25.600000381469727,24.600000381469727,24.899999618530273,1109701,0.0,0.0
2016-02-02 00:00:00+05:30,25.149999618530273,25.450000762939453,24.600000381469727,24.799999237060547,1098213,0.0,0.0
2016-02-03 00:00:00+05:30,24.450000762939453,24.799999237060547,23.899999618530273,24.200000762939453,1142528,0.0,0.0
2016-02-04 00:00:00+05:30,24.299999237060547,24.600000381469727,24.100000381469727,24.299999237060547,618845,0.0,0.0
2016-02-05 00:00:00+05:30,24.399999618530273,25.549999237060547,24.100000381469727,25.25,1076409,0.0,0.0
2016-02-08 00:00:00+05:30,25.5,26.200000762939453,25.200000762939453,25.700000762939453,1297624,0.0,0.0
2016-02-09 00:00:00+05:30,25.299999237060547,25.549999237060547,24.899999618530273,25.0,647301,0.0,0.0
2016-02-10 00:00:00+05:30,24.5,24.549999237060547,22.049999237060547,23.450000762939453,7343646,0.0,0.0
2016-02-11 00:00:00+05:30,23.0,24.0,22.200000762939453,23.0,2415867,0.0,0.0
2016-02-12 00:00:00+05:30,22.950000762939453,23.600000381469727,20.850000381469727,22.700000762939453,2161506,0.0,0.0
2016-02-15 00:00:00+05:30,22.799999237060547,24.100000381469727,22.0,23.649999618530273,1833816,0.0,0.0
2016-02-16 00:00:00+05:30,24.350000381469727,24.399999618530273,23.350000381469727,23.899999618530273,1539926,0.0,0.0
2016-02-17 00:00:00+05:30,22.799999237060547,24.299999237060547,21.649999618530273,23.850000381469727,2402818,0.0,0.0
2016-02-18 00:00:00+05:30,23.899999618530273,24.25,23.549999237060547,23.899999618530273,1048622,0.0,0.0
2016-02-19 00:00:00+05:30,23.399999618530273,24.25,23.049999237060547,24.049999237060547,924160,0.0,0.0
2016-02-22 00:00:00+05:30,24.0,24.100000381469727,23.700000762939453,23.899999618530273,505836,0.0,0.0
2016-02-23 00:00:00+05:30,23.299999237060547,24.399999618530273,23.299999237060547,23.5,711781,0.0,0.0
2016-02-24 00:00:00+05:30,23.5,23.799999237060547,23.0,23.649999618530273,519495,0.0,0.0
2016-02-25 00:00:00+05:30,23.649999618530273,24.600000381469727,23.399999618530273,24.200000762939453,1412494,0.0,0.0
2016-02-26 00:00:00+05:30,24.0,24.350000381469727,23.25,24.0,1047503,0.0,0.0
2016-02-29 00:00:00+05:30,24.200000762939453,24.700000762939453,23.75,24.25,1090594,0.0,0.0
2016-03-01 00:00:00+05:30,24.200000762939453,25.149999618530273,24.149999618530273,24.950000762939453,700017,0.0,0.0
2016-03-02 00:00:00+05:30,25.350000381469727,26.649999618530273,25.350000381469727,26.200000762939453,1287748,0.0,0.0
2016-03-03 00:00:00+05:30,26.0,26.450000762939453,25.25,26.049999237060547,1545172,0.0,0.0
2016-03-04 00:00:00+05:30,26.149999618530273,27.200000762939453,25.700000762939453,27.0,1703657,0.0,0.0
2016-03-08 00:00:00+05:30,27.0,27.700000762939453,26.649999618530273,27.450000762939453,1096694,0.0,0.0
2016-03-09 00:00:00+05:30,27.399999618530273,27.399999618530273,26.899999618530273,27.049999237060547,959429,0.0,0.0
2016-03-10 00:00:00+05:30,27.200000762939453,27.700000762939453,26.700000762939453,26.850000381469727,1059574,0.0,0.0
2016-03-11 00:00:00+05:30,26.799999237060547,26.899999618530273,26.200000762939453,26.350000381469727,638780,0.0,0.0
2016-03-14 00:00:00+05:30,26.549999237060547,27.399999618530273,25.799999237060547,27.049999237060547,1656715,0.0,0.0
2016-03-15 00:00:00+05:30,26.799999237060547,27.549999237060547,26.649999618530273,27.049999237060547,1565261,0.0,0.0
2016-03-16 00:00:00+05:30,26.950000762939453,27.549999237060547,26.549999237060547,27.450000762939453,963797,0.0,0.0
2016-03-17 00:00:00+05:30,27.350000381469727,27.700000762939453,27.299999237060547,27.5,753028,0.0,0.0
2016-03-18 00:00:00+05:30,27.5,28.75,26.799999237060547,27.899999618530273,1810931,0.0,0.0
2016-03-21 00:00:00+05:30,28.399999618530273,28.850000381469727,28.0,28.649999618530273,849999,0.0,0.0
2016-03-22 00:00:00+05:30,28.75,28.899999618530273,28.350000381469727,28.75,496354,0.0,0.0
2016-03-23 00:00:00+05:30,28.700000762939453,28.799999237060547,28.049999237060547,28.299999237060547,612945,0.0,0.0
2016-03-28 00:00:00+05:30,28.299999237060547,28.649999618530273,27.399999618530273,28.149999618530273,749633,0.0,0.0
2016-03-29 00:00:00+05:30,28.0,28.0,27.450000762939453,27.600000381469727,784491,0.0,0.0
2016-03-30 00:00:00+05:30,27.649999618530273,29.5,27.600000381469727,29.299999237060547,2118346,0.0,0.0
2016-03-31 00:00:00+05:30,29.5,30.5,29.5,30.25,1985057,0.0,0.0
2016-04-01 00:00:00+05:30,31.0,31.600000381469727,30.450000762939453,31.25,2261315,0.0,0.0
2016-04-04 00:00:00+05:30,32.0,32.0,30.75,31.049999237060547,1027855,0.0,0.0
2016-04-05 00:00:00+05:30,31.200000762939453,31.200000762939453,30.0,30.399999618530273,1220381,0.0,0.0
2016-04-06 00:00:00+05:30,30.399999618530273,30.450000762939453,29.950000762939453,30.100000381469727,829500,0.0,0.0
2016-04-07 00:00:00+05:30,30.100000381469727,30.700000762939453,29.549999237060547,29.899999618530273,754934,0.0,0.0
2016-04-08 00:00:00+05:30,29.950000762939453,30.200000762939453,29.5,30.0,601915,0.0,0.0
2016-04-11 00:00:00+05:30,30.0,31.149999618530273,29.700000762939453,30.950000762939453,965093,0.0,0.0
2016-04-12 00:00:00+05:30,31.149999618530273,31.450000762939453,30.5,30.549999237060547,950027,0.0,0.0
2016-04-13 00:00:00+05:30,30.799999237060547,31.350000381469727,30.5,30.799999237060547,876354,0.0,0.0
2016-04-18 00:00:00+05:30,30.799999237060547,30.799999237060547,29.700000762939453,30.450000762939453,1188999,0.0,0.0
2016-04-20 00:00:00+05:30,30.899999618530273,31.899999618530273,30.399999618530273,31.549999237060547,1562081,0.0,0.0
2016-04-21 00:00:00+05:30,31.600000381469727,32.400001525878906,31.5,31.700000762939453,1336958,0.0,0.0
2016-04-22 00:00:00+05:30,31.700000762939453,32.150001525878906,31.200000762939453,31.950000762939453,880416,0.0,0.0
2016-04-25 00:00:00+05:30,31.5,32.25,31.350000381469727,31.75,755700,0.0,0.0
2016-04-26 00:00:00+05:30,31.5,32.599998474121094,31.350000381469727,31.899999618530273,1546688,0.0,0.0
2016-04-27 00:00:00+05:30,31.850000381469727,32.04999923706055,31.399999618530273,31.600000381469727,1098101,0.0,0.0
2016-04-28 00:00:00+05:30,31.600000381469727,32.70000076293945,30.850000381469727,31.25,11188513,0.0,0.0
2016-04-29 00:00:00+05:30,31.5,31.799999237060547,30.799999237060547,31.299999237060547,1334153,0.0,0.0
2016-05-02 00:00:00+05:30,31.25,31.600000381469727,30.850000381469727,31.5,1203387,0.0,0.0
2016-05-03 00:00:00+05:30,31.600000381469727,31.950000762939453,30.850000381469727,31.0,672435,0.0,0.0
2016-05-04 00:00:00+05:30,30.899999618530273,31.25,29.549999237060547,29.850000381469727,1715914,0.0,0.0
2016-05-05 00:00:00+05:30,29.799999237060547,29.899999618530273,29.25,29.700000762939453,966831,0.0,0.0
2016-05-06 00:00:00+05:30,29.5,29.950000762939453,29.399999618530273,29.75,739014,0.0,0.0
2016-05-09 00:00:00+05:30,29.899999618530273,30.399999618530273,29.649999618530273,30.25,763825,0.0,0.0
2016-05-10 00:00:00+05:30,30.100000381469727,30.5,29.799999237060547,30.149999618530273,668856,0.0,0.0
2016-05-11 00:00:00+05:30,29.600000381469727,30.350000381469727,29.549999237060547,29.649999618530273,555381,0.0,0.0
2016-05-12 00:00:00+05:30,29.850000381469727,30.200000762939453,29.5,29.600000381469727,451395,0.0,0.0
2016-05-13 00:00:00+05:30,29.799999237060547,29.799999237060547,29.0,29.299999237060547,874118,0.0,0.0
2016-05-16 00:00:00+05:30,29.399999618530273,29.5,28.399999618530273,29.25,709505,0.0,0.0
2016-05-17 00:00:00+05:30,29.299999237060547,29.950000762939453,29.100000381469727,29.649999618530273,434768,0.0,0.0
2016-05-18 00:00:00+05:30,29.649999618530273,30.25,29.0,30.049999237060547,886417,0.0,0.0
2016-05-19 00:00:00+05:30,30.0,30.0,28.899999618530273,29.149999618530273,520862,0.0,0.0
2016-05-20 00:00:00+05:30,29.149999618530273,29.549999237060547,28.549999237060547,28.799999237060547,713175,0.0,0.0
2016-05-23 00:00:00+05:30,29.0,29.100000381469727,28.100000381469727,28.350000381469727,675410,0.0,0.0
2016-05-24 00:00:00+05:30,28.100000381469727,28.200000762939453,27.450000762939453,27.799999237060547,809868,0.0,0.0
2016-05-25 00:00:00+05:30,27.700000762939453,29.700000762939453,27.700000762939453,29.049999237060547,1913306,0.0,0.0
2016-05-26 00:00:00+05:30,28.950000762939453,28.950000762939453,27.899999618530273,28.0,6530119,0.0,0.0
2016-05-27 00:00:00+05:30,27.950000762939453,27.950000762939453,27.299999237060547,27.549999237060547,2462251,0.0,0.0
2016-05-30 00:00:00+05:30,27.350000381469727,28.350000381469727,27.100000381469727,27.25,2414097,0.0,0.0
2016-05-31 00:00:00+05:30,27.299999237060547,27.350000381469727,26.75,27.0,1770642,0.0,0.0
2016-06-01 00:00:00+05:30,26.200000762939453,27.200000762939453,26.100000381469727,26.149999618530273,1456022,0.0,0.0
2016-06-02 00:00:00+05:30,26.200000762939453,26.299999237060547,25.600000381469727,26.0,1348411,0.0,0.0
2016-06-03 00:00:00+05:30,26.350000381469727,26.600000381469727,25.850000381469727,25.899999618530273,1185731,0.0,0.0
2016-06-06 00:00:00+05:30,26.049999237060547,26.350000381469727,25.799999237060547,26.049999237060547,880377,0.0,0.0
2016-06-07 00:00:00+05:30,26.350000381469727,26.399999618530273,25.950000762939453,26.149999618530273,851148,0.0,0.0
2016-06-08 00:00:00+05:30,26.25,26.549999237060547,25.850000381469727,26.25,2005599,0.0,0.0
2016-06-09 00:00:00+05:30,26.25,27.200000762939453,26.25,26.700000762939453,1507775,0.0,0.0
2016-06-10 00:00:00+05:30,26.799999237060547,27.149999618530273,26.350000381469727,26.549999237060547,1455317,0.0,0.0
2016-06-13 00:00:00+05:30,26.5,26.5,25.600000381469727,25.799999237060547,1506534,0.0,0.0
2016-06-14 00:00:00+05:30,26.0,26.399999618530273,26.0,26.350000381469727,921897,0.0,0.0
2016-06-15 00:00:00+05:30,26.5,26.75,25.5,26.049999237060547,4139551,0.0,0.0
2016-06-16 00:00:00+05:30,26.049999237060547,26.399999618530273,25.75,26.299999237060547,6213840,0.0,0.0
2016-06-17 00:00:00+05:30,26.600000381469727,27.5,26.049999237060547,27.299999237060547,6432018,0.0,0.0
2016-06-20 00:00:00+05:30,27.200000762939453,27.850000381469727,26.5,27.450000762939453,5300469,0.0,0.0
2016-06-21 00:00:00+05:30,27.700000762939453,27.700000762939453,27.0,27.100000381469727,2217072,0.0,0.0
2016-06-22 00:00:00+05:30,27.100000381469727,27.600000381469727,26.600000381469727,26.899999618530273,3845957,0.0,0.0
2016-06-23 00:00:00+05:30,27.350000381469727,27.399999618530273,26.5,27.0,2725290,0.0,0.0
2016-06-24 00:00:00+05:30,26.450000762939453,26.450000762939453,25.049999237060547,25.75,5497501,0.0,0.0
2016-06-27 00:00:00+05:30,25.75,26.799999237060547,25.75,26.5,2702927,0.0,0.0
2016-06-28 00:00:00+05:30,26.399999618530273,27.049999237060547,26.299999237060547,26.799999237060547,2365262,0.0,0.0
2016-06-29 00:00:00+05:30,27.0,27.5,26.799999237060547,27.049999237060547,2562671,0.0,0.0
2016-06-30 00:00:00+05:30,27.200000762939453,27.75,26.799999237060547,27.299999237060547,8492140,0.0,0.0
2016-07-01 00:00:00+05:30,27.549999237060547,27.600000381469727,27.049999237060547,27.149999618530273,1896017,0.0,0.0
2016-07-04 00:00:00+05:30,27.25,28.299999237060547,27.25,27.899999618530273,5552578,0.0,0.0
2016-07-05 00:00:00+05:30,28.0,28.600000381469727,27.799999237060547,27.899999618530273,4493448,0.0,0.0
2016-07-07 00:00:00+05:30,28.0,28.649999618530273,27.899999618530273,28.0,3411399,0.0,0.0
2016-07-08 00:00:00+05:30,28.149999618530273,28.149999618530273,27.5,27.850000381469727,1458748,0.0,0.0
2016-07-11 00:00:00+05:30,28.399999618530273,28.549999237060547,28.200000762939453,28.450000762939453,3579682,0.0,0.0
2016-07-12 00:00:00+05:30,28.75,28.75,28.0,28.149999618530273,4172282,0.0,0.0
2016-07-13 00:00:00+05:30,28.299999237060547,28.350000381469727,27.600000381469727,27.75,1894280,0.0,0.0
2016-07-14 00:00:00+05:30,27.850000381469727,28.350000381469727,27.450000762939453,28.100000381469727,2989151,0.0,0.0
2016-07-15 00:00:00+05:30,28.299999237060547,28.549999237060547,27.799999237060547,27.899999618530273,2689386,0.0,0.0
2016-07-18 00:00:00+05:30,28.200000762939453,28.25,27.600000381469727,27.649999618530273,1305489,0.0,0.0
2016-07-19 00:00:00+05:30,27.799999237060547,28.649999618530273,27.399999618530273,28.0,12091699,0.0,0.0
2016-07-20 00:00:00+05:30,28.149999618530273,28.200000762939453,27.899999618530273,28.0,2401685,0.0,0.0
2016-07-21 00:00:00+05:30,28.100000381469727,28.149999618530273,27.5,27.549999237060547,1675790,0.0,0.0
2016-07-22 00:00:00+05:30,27.549999237060547,27.549999237060547,27.0,27.100000381469727,1851280,0.0,0.0
2016-07-25 00:00:00+05:30,27.100000381469727,27.649999618530273,26.75,27.350000381469727,3477023,0.0,0.0
2016-07-26 00:00:00+05:30,27.450000762939453,27.899999618530273,27.25,27.350000381469727,1778652,0.0,0.0
2016-07-27 00:00:00+05:30,27.350000381469727,27.549999237060547,27.149999618530273,27.25,992976,0.0,0.0
2016-07-28 00:00:00+05:30,27.450000762939453,27.5,27.200000762939453,27.25,920594,0.0,0.0
2016-07-29 00:00:00+05:30,27.200000762939453,27.600000381469727,27.049999237060547,27.399999618530273,1612034,0.0,0.0
2016-08-01 00:00:00+05:30,27.5,27.600000381469727,26.950000762939453,27.0,1251481,0.0,0.0
2016-08-02 00:00:00+05:30,27.100000381469727,27.25,26.850000381469727,26.899999618530273,837864,0.0,0.0
2016-08-03 00:00:00+05:30,26.899999618530273,27.200000762939453,26.549999237060547,26.649999618530273,1154053,0.0,0.0
2016-08-04 00:00:00+05:30,26.799999237060547,27.049999237060547,26.450000762939453,26.75,1132662,0.0,0.0
2016-08-05 00:00:00+05:30,26.899999618530273,28.100000381469727,26.799999237060547,27.549999237060547,3305979,0.0,0.0
2016-08-08 00:00:00+05:30,27.700000762939453,27.950000762939453,27.049999237060547,27.5,970531,0.0,0.0
2016-08-09 00:00:00+05:30,27.549999237060547,27.700000762939453,27.049999237060547,27.25,1056726,0.0,0.0
2016-08-10 00:00:00+05:30,25.899999618530273,26.899999618530273,25.850000381469727,26.450000762939453,3175079,0.0,0.0
2016-08-11 00:00:00+05:30,26.399999618530273,26.5,26.149999618530273,26.200000762939453,870261,0.0,0.0
2016-08-12 00:00:00+05:30,26.399999618530273,26.75,26.100000381469727,26.299999237060547,1663819,0.0,0.0
2016-08-16 00:00:00+05:30,26.399999618530273,26.450000762939453,26.100000381469727,26.25,747261,0.0,0.0
2016-08-17 00:00:00+05:30,26.25,26.5,26.149999618530273,26.299999237060547,1023242,0.0,0.0
2016-08-18 00:00:00+05:30,26.350000381469727,26.549999237060547,26.350000381469727,26.399999618530273,533659,0.0,0.0
2016-08-19 00:00:00+05:30,26.450000762939453,26.700000762939453,26.399999618530273,26.649999618530273,867218,0.0,0.0
2016-08-22 00:00:00+05:30,27.5,27.5,26.649999618530273,26.700000762939453,1077701,0.0,0.0
2016-08-23 00:00:00+05:30,26.700000762939453,26.75,26.350000381469727,26.5,1033018,0.0,0.0
2016-08-24 00:00:00+05:30,26.5,26.649999618530273,26.399999618530273,26.549999237060547,539272,0.0,0.0
2016-08-25 00:00:00+05:30,26.600000381469727,26.75,26.299999237060547,26.350000381469727,694582,0.0,0.0
2016-08-26 00:00:00+05:30,26.450000762939453,26.600000381469727,26.299999237060547,26.399999618530273,967124,0.0,0.0
2016-08-29 00:00:00+05:30,26.5,26.549999237060547,26.299999237060547,26.399999618530273,671717,0.0,0.0
2016-08-30 00:00:00+05:30,26.450000762939453,26.950000762939453,26.399999618530273,26.75,1603856,0.0,0.0
2016-08-31 00:00:00+05:30,26.75,26.899999618530273,26.549999237060547,26.600000381469727,951226,0.0,0.0
2016-09-01 00:00:00+05:30,26.649999618530273,26.649999618530273,26.200000762939453,26.25,915389,0.0,0.0
2016-09-02 00:00:00+05:30,26.299999237060547,26.450000762939453,26.25,26.399999618530273,456653,0.0,0.0
2016-09-06 00:00:00+05:30,26.600000381469727,26.649999618530273,26.399999618530273,26.399999618530273,772967,0.0,0.0
2016-09-07 00:00:00+05:30,26.5,27.350000381469727,26.399999618530273,26.899999618530273,3132984,0.0,0.0
2016-09-08 00:00:00+05:30,26.899999618530273,28.549999237060547,26.850000381469727,28.399999618530273,8716268,0.0,0.0
2016-09-09 00:00:00+05:30,28.950000762939453,29.149999618530273,27.899999618530273,28.0,5399500,0.0,0.0
2016-09-12 00:00:00+05:30,28.0,28.049999237060547,26.950000762939453,27.049999237060547,3753734,0.0,0.0
2016-09-14 00:00:00+05:30,26.899999618530273,27.600000381469727,26.850000381469727,27.5,1425877,0.0,0.0
2016-09-15 00:00:00+05:30,27.200000762939453,27.75,27.149999618530273,27.399999618530273,1155133,0.0,0.0
2016-09-16 00:00:00+05:30,27.649999618530273,27.899999618530273,27.149999618530273,27.350000381469727,2576950,0.0,0.0
2016-09-19 00:00:00+05:30,27.549999237060547,27.549999237060547,26.899999618530273,27.100000381469727,1231414,0.0,0.0
2016-09-20 00:00:00+05:30,27.200000762939453,27.25,26.950000762939453,27.0,478687,0.0,0.0
2016-09-21 00:00:00+05:30,27.0,27.299999237060547,26.899999618530273,26.950000762939453,545147,0.0,0.0
2016-09-22 00:00:00+05:30,27.200000762939453,27.399999618530273,27.100000381469727,27.200000762939453,657928,0.0,0.0
2016-09-23 00:00:00+05:30,27.399999618530273,27.399999618530273,26.649999618530273,26.75,1025278,0.0,0.0
2016-09-26 00:00:00+05:30,26.75,26.799999237060547,26.399999618530273,26.5,923969,0.0,0.0
2016-09-27 00:00:00+05:30,26.700000762939453,27.100000381469727,26.25,26.299999237060547,1482905,0.0,0.0
2016-09-28 00:00:00+05:30,26.299999237060547,27.049999237060547,26.25,26.799999237060547,1686404,0.0,0.0
2016-09-29 00:00:00+05:30,26.899999618530273,27.0,25.049999237060547,25.25,2363846,0.0,0.0
2016-09-30 00:00:00+05:30,25.399999618530273,25.649999618530273,25.0,25.450000762939453,1242603,0.0,0.0
2016-10-03 00:00:00+05:30,25.5,26.049999237060547,25.5,25.899999618530273,868093,0.0,0.0
2016-10-04 00:00:00+05:30,25.950000762939453,26.350000381469727,25.649999618530273,26.100000381469727,2125492,0.0,0.0
2016-10-05 00:00:00+05:30,26.200000762939453,26.350000381469727,25.850000381469727,26.0,1100185,0.0,0.0
2016-10-06 00:00:00+05:30,26.049999237060547,26.149999618530273,25.600000381469727,25.700000762939453,767088,0.0,0.0
2016-10-07 00:00:00+05:30,25.75,25.899999618530273,25.700000762939453,25.75,374815,0.0,0.0
2016-10-10 00:00:00+05:30,25.799999237060547,25.899999618530273,25.700000762939453,25.75,273659,0.0,0.0
2016-10-13 00:00:00+05:30,25.700000762939453,25.700000762939453,25.25,25.350000381469727,740046,0.0,0.0
2016-10-14 00:00:00+05:30,25.5,25.5,25.200000762939453,25.25,498770,0.0,0.0
2016-10-17 00:00:00+05:30,25.25,25.399999618530273,25.100000381469727,25.149999618530273,588080,0.0,0.0
2016-10-18 00:00:00+05:30,25.399999618530273,25.399999618530273,25.200000762939453,25.299999237060547,565989,0.0,0.0
2016-10-19 00:00:00+05:30,25.350000381469727,25.350000381469727,25.200000762939453,25.299999237060547,442827,0.0,0.0
2016-10-20 00:00:00+05:30,25.350000381469727,25.950000762939453,25.299999237060547,25.850000381469727,1657797,0.0,0.0
2016-10-21 00:00:00+05:30,25.549999237060547,25.899999618530273,25.549999237060547,25.600000381469727,516372,0.0,0.0
2016-10-24 00:00:00+05:30,25.700000762939453,25.950000762939453,25.649999618530273,25.700000762939453,833435,0.0,0.0
2016-10-25 00:00:00+05:30,25.799999237060547,25.799999237060547,25.549999237060547,25.700000762939453,965741,0.0,0.0
2016-10-26 00:00:00+05:30,25.700000762939453,26.0,25.600000381469727,25.899999618530273,1040947,0.0,0.0
2016-10-27 00:00:00+05:30,25.899999618530273,25.899999618530273,25.5,25.649999618530273,646811,0.0,0.0
2016-10-28 00:00:00+05:30,25.700000762939453,26.75,25.5,26.649999618530273,1608300,0.0,0.0
2016-11-01 00:00:00+05:30,26.549999237060547,26.850000381469727,26.200000762939453,26.649999618530273,1524304,0.0,0.0
2016-11-02 00:00:00+05:30,26.5,26.5,26.149999618530273,26.200000762939453,606603,0.0,0.0
2016-11-03 00:00:00+05:30,26.149999618530273,26.299999237060547,25.75,25.850000381469727,481994,0.0,0.0
2016-11-04 00:00:00+05:30,25.850000381469727,25.850000381469727,25.200000762939453,25.350000381469727,631700,0.0,0.0
2016-11-07 00:00:00+05:30,25.450000762939453,25.75,25.399999618530273,25.5,363625,0.0,0.0
2016-11-08 00:00:00+05:30,25.549999237060547,25.600000381469727,25.200000762939453,25.450000762939453,331468,0.0,0.0
2016-11-09 00:00:00+05:30,24.700000762939453,25.0,20.5,24.549999237060547,2028350,0.0,0.0
2016-11-10 00:00:00+05:30,25.399999618530273,27.0,25.200000762939453,26.700000762939453,3324564,0.0,0.0
2016-11-11 00:00:00+05:30,26.600000381469727,27.799999237060547,25.5,25.850000381469727,4458502,0.0,0.0
2016-11-15 00:00:00+05:30,26.100000381469727,26.850000381469727,25.700000762939453,26.149999618530273,1958303,0.0,0.0
2016-11-16 00:00:00+05:30,26.5,26.649999618530273,25.700000762939453,25.899999618530273,1249611,0.0,0.0
2016-11-17 00:00:00+05:30,25.899999618530273,26.399999618530273,25.700000762939453,25.75,713278,0.0,0.0
2016-11-18 00:00:00+05:30,26.100000381469727,26.100000381469727,25.649999618530273,25.75,605734,0.0,0.0
2016-11-21 00:00:00+05:30,26.25,26.25,25.0,25.25,740257,0.0,0.0
2016-11-22 00:00:00+05:30,25.299999237060547,25.399999618530273,24.899999618530273,25.049999237060547,656174,0.0,0.0
2016-11-23 00:00:00+05:30,25.25,25.25,24.600000381469727,24.649999618530273,1509402,0.0,0.0
2016-11-24 00:00:00+05:30,24.649999618530273,25.200000762939453,24.5,24.649999618530273,1101948,0.0,0.0
2016-11-25 00:00:00+05:30,24.700000762939453,25.149999618530273,24.700000762939453,25.0,669491,0.0,0.0
2016-11-28 00:00:00+05:30,24.5,25.100000381469727,24.5,24.899999618530273,485249,0.0,0.0
2016-11-29 00:00:00+05:30,25.200000762939453,25.299999237060547,25.0,25.100000381469727,406505,0.0,0.0
2016-11-30 00:00:00+05:30,25.100000381469727,25.450000762939453,25.049999237060547,25.25,379987,0.0,0.0
2016-12-01 00:00:00+05:30,25.25,25.399999618530273,25.0,25.049999237060547,284799,0.0,0.0
2016-12-02 00:00:00+05:30,24.899999618530273,25.049999237060547,24.75,24.899999618530273,534005,0.0,0.0
2016-12-05 00:00:00+05:30,24.950000762939453,25.100000381469727,24.799999237060547,24.899999618530273,350616,0.0,0.0
2016-12-06 00:00:00+05:30,24.950000762939453,25.350000381469727,24.899999618530273,25.200000762939453,265601,0.0,0.0
2016-12-07 00:00:00+05:30,25.399999618530273,25.399999618530273,24.700000762939453,24.850000381469727,1138371,0.0,0.0
2016-12-08 00:00:00+05:30,25.0,25.149999618530273,24.25,24.299999237060547,1193898,0.0,0.0
2016-12-09 00:00:00+05:30,24.350000381469727,24.799999237060547,24.350000381469727,24.649999618530273,872720,0.0,0.0
2016-12-12 00:00:00+05:30,24.899999618530273,25.149999618530273,24.649999618530273,24.850000381469727,443013,0.0,0.0
2016-12-13 00:00:00+05:30,25.0,25.25,24.799999237060547,25.149999618530273,548456,0.0,0.0
2016-12-14 00:00:00+05:30,25.25,25.25,24.950000762939453,25.100000381469727,406078,0.0,0.0
2016-12-15 00:00:00+05:30,25.100000381469727,25.25,24.850000381469727,25.200000762939453,445930,0.0,0.0
2016-12-16 00:00:00+05:30,25.350000381469727,25.350000381469727,24.899999618530273,25.149999618530273,415918,0.0,0.0
2016-12-19 00:00:00+05:30,25.100000381469727,25.149999618530273,24.75,24.850000381469727,437302,0.0,0.0
2016-12-20 00:00:00+05:30,24.899999618530273,25.049999237060547,24.700000762939453,24.899999618530273,396835,0.0,0.0
2016-12-21 00:00:00+05:30,24.899999618530273,25.200000762939453,24.799999237060547,25.049999237060547,422588,0.0,0.0
2016-12-22 00:00:00+05:30,24.950000762939453,25.049999237060547,24.799999237060547,24.899999618530273,510024,0.0,0.0
2016-12-23 00:00:00+05:30,24.899999618530273,25.0,24.850000381469727,24.899999618530273,196087,0.0,0.0
2016-12-26 00:00:00+05:30,24.799999237060547,24.950000762939453,24.100000381469727,24.149999618530273,381695,0.0,0.0
2016-12-27 00:00:00+05:30,24.100000381469727,24.25,23.950000762939453,24.100000381469727,498620,0.0,0.0
2016-12-28 00:00:00+05:30,24.200000762939453,24.299999237060547,24.0,24.049999237060547,419239,0.0,0.0
2016-12-29 00:00:00+05:30,24.0,24.200000762939453,24.0,24.049999237060547,1418965,0.0,0.0
2016-12-30 00:00:00+05:30,24.049999237060547,24.5,24.049999237060547,24.25,321171,0.0,0.0
2017-01-02 00:00:00+05:30,24.0,24.299999237060547,24.0,24.149999618530273,292762,0.0,0.0
2017-01-03 00:00:00+05:30,24.149999618530273,24.5,24.049999237060547,24.399999618530273,487876,0.0,0.0
2017-01-04 00:00:00+05:30,24.299999237060547,24.5,24.299999237060547,24.299999237060547,270168,0.0,0.0
2017-01-05 00:00:00+05:30,24.399999618530273,24.649999618530273,24.350000381469727,24.549999237060547,479359,0.0,0.0
2017-01-06 00:00:00+05:30,24.600000381469727,24.850000381469727,24.5,24.549999237060547,537583,0.0,0.0
2017-01-09 00:00:00+05:30,24.799999237060547,24.799999237060547,24.600000381469727,24.75,301207,0.0,0.0
2017-01-10 00:00:00+05:30,24.75,24.899999618530273,24.549999237060547,24.600000381469727,395445,0.0,0.0
2017-01-11 00:00:00+05:30,24.649999618530273,25.25,24.649999618530273,25.200000762939453,462301,0.0,0.0
2017-01-12 00:00:00+05:30,25.149999618530273,25.399999618530273,24.899999618530273,25.049999237060547,402313,0.0,0.0
2017-01-13 00:00:00+05:30,25.049999237060547,25.700000762939453,24.850000381469727,25.399999618530273,555517,0.0,0.0
2017-01-16 00:00:00+05:30,25.649999618530273,25.700000762939453,25.399999618530273,25.549999237060547,422907,0.0,0.0
2017-01-17 00:00:00+05:30,25.649999618530273,25.950000762939453,25.5,25.649999618530273,372959,0.0,0.0
2017-01-18 00:00:00+05:30,25.649999618530273,25.899999618530273,25.649999618530273,25.75,354902,0.0,0.0
2017-01-19 00:00:00+05:30,25.75,25.75,25.549999237060547,25.600000381469727,323454,0.0,0.0
2017-01-20 00:00:00+05:30,25.75,25.899999618530273,25.25,25.299999237060547,360188,0.0,0.0
2017-01-23 00:00:00+05:30,25.350000381469727,25.549999237060547,25.100000381469727,25.299999237060547,217836,0.0,0.0
2017-01-24 00:00:00+05:30,25.450000762939453,25.5,25.350000381469727,25.399999618530273,295060,0.0,0.0
2017-01-25 00:00:00+05:30,25.399999618530273,26.850000381469727,25.399999618530273,26.0,1693443,0.0,0.0
2017-01-27 00:00:00+05:30,25.799999237060547,26.350000381469727,25.799999237060547,26.149999618530273,617658,0.0,0.0
2017-01-30 00:00:00+05:30,26.200000762939453,26.549999237060547,26.0,26.200000762939453,815815,0.0,0.0
2017-01-31 00:00:00+05:30,26.350000381469727,26.350000381469727,25.799999237060547,25.850000381469727,337291,0.0,0.0
2017-02-01 00:00:00+05:30,25.899999618530273,26.200000762939453,25.899999618530273,26.100000381469727,672652,0.0,0.0
2017-02-02 00:00:00+05:30,26.200000762939453,27.600000381469727,25.950000762939453,27.100000381469727,3404950,0.0,0.0
2017-02-03 00:00:00+05:30,27.399999618530273,28.649999618530273,27.25,28.200000762939453,3649898,0.0,0.0
2017-02-06 00:00:00+05:30,28.700000762939453,28.700000762939453,27.799999237060547,27.899999618530273,2367641,0.0,0.0
2017-02-07 00:00:00+05:30,27.850000381469727,28.75,27.649999618530273,28.549999237060547,5928592,0.0,0.0
2017-02-08 00:00:00+05:30,28.450000762939453,28.549999237060547,27.600000381469727,27.950000762939453,1821871,0.0,0.0
2017-02-09 00:00:00+05:30,27.899999618530273,28.149999618530273,26.899999618530273,27.100000381469727,1701195,0.0,0.0
2017-02-10 00:00:00+05:30,27.100000381469727,27.399999618530273,27.049999237060547,27.100000381469727,668324,0.0,0.0
2017-02-13 00:00:00+05:30,27.200000762939453,27.399999618530273,26.299999237060547,26.450000762939453,878075,0.0,0.0
2017-02-14 00:00:00+05:30,26.600000381469727,26.700000762939453,25.950000762939453,26.399999618530273,1173751,0.0,0.0
2017-02-15 00:00:00+05:30,26.299999237060547,26.299999237060547,25.5,25.600000381469727,1152011,0.0,0.0
2017-02-16 00:00:00+05:30,25.799999237060547,27.299999237060547,25.5,26.950000762939453,1658689,0.0,0.0
2017-02-17 00:00:00+05:30,27.200000762939453,27.200000762939453,26.350000381469727,26.5,879901,0.0,0.0
2017-02-20 00:00:00+05:30,26.5,27.450000762939453,26.299999237060547,27.0,862514,0.0,0.0
2017-02-21 00:00:00+05:30,27.200000762939453,27.5,26.799999237060547,27.100000381469727,969138,0.0,0.0
2017-02-22 00:00:00+05:30,27.25,27.450000762939453,26.850000381469727,26.899999618530273,605193,0.0,0.0
2017-02-23 00:00:00+05:30,27.450000762939453,27.600000381469727,27.100000381469727,27.200000762939453,1027187,0.0,0.0
2017-02-27 00:00:00+05:30,27.25,27.25,26.5,26.649999618530273,695108,0.0,0.0
2017-02-28 00:00:00+05:30,26.899999618530273,27.049999237060547,26.649999618530273,26.799999237060547,794876,0.0,0.0
2017-03-01 00:00:00+05:30,26.899999618530273,28.850000381469727,26.899999618530273,27.700000762939453,5088679,0.0,0.0
2017-03-02 00:00:00+05:30,27.950000762939453,28.049999237060547,26.899999618530273,27.049999237060547,1214318,0.0,0.0
2017-03-03 00:00:00+05:30,27.0,27.100000381469727,26.850000381469727,27.0,397943,0.0,0.0
2017-03-06 00:00:00+05:30,27.0,27.5,27.0,27.149999618530273,469297,0.0,0.0
2017-03-07 00:00:00+05:30,27.100000381469727,27.350000381469727,26.75,26.799999237060547,558608,0.0,0.0
2017-03-08 00:00:00+05:30,26.75,27.0,26.399999618530273,26.549999237060547,649121,0.0,0.0
2017-03-09 00:00:00+05:30,26.5,26.850000381469727,26.399999618530273,26.5,361068,0.0,0.0
2017-03-10 00:00:00+05:30,26.799999237060547,26.950000762939453,26.399999618530273,26.5,410438,0.0,0.0
2017-03-14 00:00:00+05:30,27.200000762939453,27.200000762939453,26.5,26.600000381469727,592481,0.0,0.0
2017-03-15 00:00:00+05:30,26.600000381469727,27.299999237060547,26.399999618530273,26.75,857019,0.0,0.0
2017-03-16 00:00:00+05:30,27.0,27.100000381469727,26.75,27.0,863273,0.0,0.0
2017-03-17 00:00:00+05:30,27.049999237060547,27.25,26.700000762939453,26.799999237060547,1028331,0.0,0.0
2017-03-20 00:00:00+05:30,27.049999237060547,27.149999618530273,26.700000762939453,26.899999618530273,629782,0.0,0.0
2017-03-21 00:00:00+05:30,26.899999618530273,27.0,26.549999237060547,26.649999618530273,589377,0.0,0.0
2017-03-22 00:00:00+05:30,26.5,26.649999618530273,26.299999237060547,26.399999618530273,457075,0.0,0.0
2017-03-23 00:00:00+05:30,26.950000762939453,27.0,26.600000381469727,26.700000762939453,777160,0.0,0.0
2017-03-24 00:00:00+05:30,26.649999618530273,27.200000762939453,26.5,26.75,2132067,0.0,0.0
2017-03-27 00:00:00+05:30,27.0,27.049999237060547,26.100000381469727,26.299999237060547,1163473,0.0,0.0
2017-03-28 00:00:00+05:30,26.549999237060547,26.75,26.399999618530273,26.450000762939453,509403,0.0,0.0
2017-03-29 00:00:00+05:30,26.549999237060547,26.850000381469727,26.350000381469727,26.450000762939453,736585,0.0,0.0
2017-03-30 00:00:00+05:30,26.5,26.75,26.299999237060547,26.399999618530273,508253,0.0,0.0
2017-03-31 00:00:00+05:30,26.649999618530273,27.149999618530273,26.25,26.649999618530273,1380342,0.0,0.0
2017-04-03 00:00:00+05:30,26.950000762939453,26.950000762939453,26.700000762939453,26.850000381469727,464796,0.0,0.0
2017-04-05 00:00:00+05:30,26.950000762939453,27.75,26.850000381469727,27.549999237060547,1655367,0.0,0.0
2017-04-06 00:00:00+05:30,27.450000762939453,27.899999618530273,27.25,27.5,998474,0.0,0.0
2017-04-07 00:00:00+05:30,27.5,28.200000762939453,27.049999237060547,27.350000381469727,2642158,0.0,0.0
2017-04-10 00:00:00+05:30,27.299999237060547,28.049999237060547,27.149999618530273,27.799999237060547,1453204,0.0,0.0
2017-04-11 00:00:00+05:30,27.899999618530273,28.649999618530273,27.799999237060547,28.25,3197160,0.0,0.0
2017-04-12 00:00:00+05:30,28.25,28.600000381469727,27.700000762939453,27.899999618530273,1204773,0.0,0.0
2017-04-13 00:00:00+05:30,27.950000762939453,28.75,27.799999237060547,28.5,2788088,0.0,0.0
2017-04-17 00:00:00+05:30,28.5,28.649999618530273,27.649999618530273,27.75,819229,0.0,0.0
2017-04-18 00:00:00+05:30,28.25,29.200000762939453,27.600000381469727,28.100000381469727,4607498,0.0,0.0
2017-04-19 00:00:00+05:30,28.100000381469727,28.600000381469727,27.700000762939453,28.149999618530273,1149352,0.0,0.0
2017-04-20 00:00:00+05:30,28.100000381469727,28.600000381469727,28.0,28.149999618530273,983248,0.0,0.0
2017-04-21 00:00:00+05:30,28.200000762939453,28.399999618530273,28.0,28.149999618530273,837812,0.0,0.0
2017-04-24 00:00:00+05:30,28.299999237060547,28.549999237060547,27.899999618530273,28.399999618530273,1913579,0.0,0.0
2017-04-25 00:00:00+05:30,28.5,28.549999237060547,28.100000381469727,28.200000762939453,1250366,0.0,0.0
2017-04-26 00:00:00+05:30,28.450000762939453,28.649999618530273,27.799999237060547,27.950000762939453,1698585,0.0,0.0
2017-04-27 00:00:00+05:30,28.049999237060547,28.25,27.75,27.850000381469727,913005,0.0,0.0
2017-04-28 00:00:00+05:30,27.950000762939453,29.200000762939453,27.950000762939453,29.0,9188079,0.0,0.0
2017-05-02 00:00:00+05:30,29.200000762939453,29.75,28.799999237060547,29.149999618530273,7916491,0.0,0.0
2017-05-03 00:00:00+05:30,29.5,29.75,28.649999618530273,28.950000762939453,8312061,0.0,0.0
2017-05-04 00:00:00+05:30,29.600000381469727,31.799999237060547,29.5,31.5,35046212,0.0,0.0
2017-05-05 00:00:00+05:30,31.799999237060547,32.20000076293945,29.899999618530273,30.600000381469727,17630846,0.0,0.0
2017-05-08 00:00:00+05:30,31.600000381469727,31.700000762939453,30.149999618530273,30.600000381469727,4286019,0.0,0.0
2017-05-09 00:00:00+05:30,30.899999618530273,31.350000381469727,30.25,30.450000762939453,5018246,0.0,0.0
2017-05-10 00:00:00+05:30,30.700000762939453,30.899999618530273,30.200000762939453,30.649999618530273,2805974,0.0,0.0
2017-05-11 00:00:00+05:30,30.950000762939453,30.950000762939453,30.100000381469727,30.200000762939453,2608371,0.0,0.0
2017-05-12 00:00:00+05:30,30.399999618530273,30.600000381469727,29.700000762939453,29.950000762939453,2606895,0.0,0.0
2017-05-15 00:00:00+05:30,30.149999618530273,30.149999618530273,29.149999618530273,29.350000381469727,1588451,0.0,0.0
2017-05-16 00:00:00+05:30,29.299999237060547,30.399999618530273,29.049999237060547,29.950000762939453,2751597,0.0,0.0
2017-05-17 00:00:00+05:30,30.100000381469727,30.25,29.5,29.700000762939453,2185035,0.0,0.0
2017-05-18 00:00:00+05:30,28.700000762939453,29.0,27.399999618530273,27.75,5768930,0.0,0.0
2017-05-19 00:00:00+05:30,27.950000762939453,28.200000762939453,27.5,27.600000381469727,1950067,0.0,0.0
2017-05-22 00:00:00+05:30,27.399999618530273,27.799999237060547,26.799999237060547,26.899999618530273,1671627,0.0,0.0
2017-05-23 00:00:00+05:30,27.0,27.0,25.600000381469727,26.0,2891208,0.0,0.0
2017-05-24 00:00:00+05:30,26.100000381469727,26.25,25.149999618530273,25.25,1435480,0.0,0.0
2017-05-25 00:00:00+05:30,25.399999618530273,26.049999237060547,25.350000381469727,25.75,1459869,0.0,0.0
2017-05-26 00:00:00+05:30,25.5,26.149999618530273,25.450000762939453,25.899999618530273,1071570,0.0,0.0
2017-05-29 00:00:00+05:30,25.700000762939453,26.100000381469727,25.100000381469727,25.299999237060547,1399062,0.0,0.0
2017-05-30 00:00:00+05:30,25.100000381469727,25.799999237060547,24.899999618530273,25.549999237060547,762747,0.0,0.0
2017-05-31 00:00:00+05:30,25.549999237060547,26.649999618530273,25.399999618530273,26.5,2026113,0.0,0.0
2017-06-01 00:00:00+05:30,26.799999237060547,26.899999618530273,25.5,26.25,1559266,0.0,0.0
2017-06-02 00:00:00+05:30,26.5,26.5,26.0,26.149999618530273,967997,0.0,0.0
2017-06-05 00:00:00+05:30,25.799999237060547,26.350000381469727,25.799999237060547,25.899999618530273,635446,0.0,0.0
2017-06-06 00:00:00+05:30,25.899999618530273,26.149999618530273,25.399999618530273,25.649999618530273,568056,0.0,0.0
2017-06-07 00:00:00+05:30,25.75,25.950000762939453,25.350000381469727,25.649999618530273,895979,0.0,0.0
2017-06-08 00:00:00+05:30,25.700000762939453,26.0,25.399999618530273,25.600000381469727,588814,0.0,0.0
2017-06-09 00:00:00+05:30,25.450000762939453,25.799999237060547,25.350000381469727,25.450000762939453,664036,0.0,0.0
2017-06-12 00:00:00+05:30,25.549999237060547,25.950000762939453,25.5,25.75,738388,0.0,0.0
2017-06-13 00:00:00+05:30,25.649999618530273,25.899999618530273,25.200000762939453,25.399999618530273,588411,0.0,0.0
2017-06-14 00:00:00+05:30,25.350000381469727,26.899999618530273,25.149999618530273,26.649999618530273,4853553,0.0,0.0
2017-06-15 00:00:00+05:30,26.600000381469727,26.850000381469727,26.049999237060547,26.25,1959994,0.0,0.0
2017-06-16 00:00:00+05:30,26.299999237060547,26.799999237060547,26.100000381469727,26.700000762939453,1453720,0.0,0.0
2017-06-19 00:00:00+05:30,26.75,26.850000381469727,25.600000381469727,25.899999618530273,757021,0.0,0.0
2017-06-20 00:00:00+05:30,25.899999618530273,26.25,25.600000381469727,25.649999618530273,808774,0.0,0.0
2017-06-21 00:00:00+05:30,25.350000381469727,25.850000381469727,25.350000381469727,25.600000381469727,695300,0.0,0.0
2017-06-22 00:00:00+05:30,25.600000381469727,25.899999618530273,25.399999618530273,25.5,854536,0.0,0.0
2017-06-23 00:00:00+05:30,25.399999618530273,25.649999618530273,25.0,25.049999237060547,1048651,0.0,0.0
2017-06-27 00:00:00+05:30,25.100000381469727,25.399999618530273,24.75,24.799999237060547,879582,0.0,0.0
2017-06-28 00:00:00+05:30,24.75,25.0,24.600000381469727,24.799999237060547,562910,0.0,0.0
2017-06-29 00:00:00+05:30,25.0,25.049999237060547,24.700000762939453,24.799999237060547,512910,0.0,0.0
2017-06-30 00:00:00+05:30,24.649999618530273,24.899999618530273,24.5,24.700000762939453,580319,0.0,0.0
2017-07-03 00:00:00+05:30,25.100000381469727,25.100000381469727,24.75,24.899999618530273,619301,0.0,0.0
2017-07-04 00:00:00+05:30,24.899999618530273,25.049999237060547,24.600000381469727,24.700000762939453,554479,0.0,0.0
2017-07-05 00:00:00+05:30,24.75,25.049999237060547,24.649999618530273,24.799999237060547,661927,0.0,0.0
2017-07-06 00:00:00+05:30,24.950000762939453,25.950000762939453,24.799999237060547,25.450000762939453,1762133,0.0,0.0
2017-07-07 00:00:00+05:30,26.0,26.0,25.25,25.399999618530273,1217049,0.0,0.0
2017-07-10 00:00:00+05:30,25.549999237060547,25.950000762939453,25.5,25.799999237060547,364804,0.0,0.0
2017-07-11 00:00:00+05:30,26.149999618530273,26.149999618530273,25.100000381469727,25.200000762939453,752541,0.0,0.0
2017-07-12 00:00:00+05:30,25.350000381469727,26.049999237060547,25.200000762939453,25.75,1183980,0.0,0.0
2017-07-13 00:00:00+05:30,25.850000381469727,26.0,25.450000762939453,25.5,601041,0.0,0.0
2017-07-14 00:00:00+05:30,25.700000762939453,25.700000762939453,25.299999237060547,25.399999618530273,841782,0.0,0.0
2017-07-17 00:00:00+05:30,25.5,25.700000762939453,25.149999618530273,25.299999237060547,558982,0.0,0.0
2017-07-18 00:00:00+05:30,25.399999618530273,25.700000762939453,25.100000381469727,25.5,719937,0.0,0.0
2017-07-19 00:00:00+05:30,25.549999237060547,25.75,25.25,25.299999237060547,645580,0.0,0.0
2017-07-20 00:00:00+05:30,25.5,25.5,24.850000381469727,24.950000762939453,957857,0.0,0.0
2017-07-21 00:00:00+05:30,25.0,25.200000762939453,24.700000762939453,24.799999237060547,829142,0.0,0.0
2017-07-24 00:00:00+05:30,25.0,25.200000762939453,24.799999237060547,24.950000762939453,765566,0.0,0.0
2017-07-25 00:00:00+05:30,24.950000762939453,27.450000762939453,24.75,26.0,5816868,0.0,0.0
2017-07-26 00:00:00+05:30,25.899999618530273,26.600000381469727,25.549999237060547,25.649999618530273,1714253,0.0,0.0
2017-07-27 00:00:00+05:30,25.600000381469727,25.950000762939453,25.350000381469727,25.450000762939453,649746,0.0,0.0
2017-07-28 00:00:00+05:30,25.399999618530273,25.5,25.25,25.350000381469727,608213,0.0,0.0
2017-07-31 00:00:00+05:30,25.200000762939453,25.549999237060547,24.850000381469727,24.950000762939453,1222487,0.0,0.0
2017-08-01 00:00:00+05:30,25.0,25.200000762939453,24.899999618530273,25.149999618530273,717003,0.0,0.0
2017-08-02 00:00:00+05:30,25.149999618530273,25.299999237060547,24.950000762939453,25.0,533671,0.0,0.0
2017-08-03 00:00:00+05:30,25.0,25.049999237060547,24.549999237060547,24.600000381469727,788728,0.0,0.0
2017-08-04 00:00:00+05:30,24.600000381469727,24.899999618530273,24.5,24.549999237060547,551813,0.0,0.0
2017-08-07 00:00:00+05:30,24.700000762939453,24.75,24.399999618530273,24.649999618530273,536042,0.0,0.0
2017-08-08 00:00:00+05:30,24.649999618530273,24.75,24.149999618530273,24.200000762939453,857719,0.0,0.0
2017-08-09 00:00:00+05:30,24.299999237060547,24.649999618530273,23.799999237060547,23.950000762939453,925890,0.0,0.0
2017-08-10 00:00:00+05:30,23.899999618530273,23.950000762939453,22.850000381469727,23.100000381469727,1300261,0.0,0.0
2017-08-11 00:00:00+05:30,22.799999237060547,22.799999237060547,21.600000381469727,22.5,1998851,0.0,0.0
2017-08-14 00:00:00+05:30,22.549999237060547,22.899999618530273,22.549999237060547,22.649999618530273,409607,0.0,0.0
2017-08-16 00:00:00+05:30,22.899999618530273,22.950000762939453,22.5,22.75,591653,0.0,0.0
2017-08-17 00:00:00+05:30,22.75,23.149999618530273,22.700000762939453,22.75,606988,0.0,0.0
2017-08-18 00:00:00+05:30,22.649999618530273,22.799999237060547,22.399999618530273,22.600000381469727,489850,0.0,0.0
2017-08-21 00:00:00+05:30,22.75,22.799999237060547,22.5,22.549999237060547,396215,0.0,0.0
2017-08-22 00:00:00+05:30,22.600000381469727,22.75,22.350000381469727,22.450000762939453,352580,0.0,0.0
2017-08-23 00:00:00+05:30,22.649999618530273,23.600000381469727,22.5,23.100000381469727,1211758,0.0,0.0
2017-08-24 00:00:00+05:30,23.200000762939453,23.200000762939453,22.850000381469727,22.950000762939453,654661,0.0,0.0
2017-08-28 00:00:00+05:30,23.100000381469727,23.100000381469727,22.899999618530273,22.950000762939453,341004,0.0,0.0
2017-08-29 00:00:00+05:30,22.850000381469727,22.950000762939453,22.5,22.600000381469727,381171,0.0,0.0
2017-08-30 00:00:00+05:30,22.700000762939453,22.899999618530273,22.600000381469727,22.799999237060547,385529,0.0,0.0
2017-08-31 00:00:00+05:30,22.600000381469727,22.799999237060547,22.399999618530273,22.5,913196,0.0,0.0
2017-09-01 00:00:00+05:30,22.899999618530273,22.950000762939453,22.600000381469727,22.700000762939453,975696,0.0,0.0
2017-09-04 00:00:00+05:30,22.700000762939453,22.899999618530273,22.5,22.600000381469727,555040,0.0,0.0
2017-09-05 00:00:00+05:30,22.600000381469727,22.799999237060547,22.450000762939453,22.549999237060547,484053,0.0,0.0
2017-09-06 00:00:00+05:30,22.399999618530273,22.850000381469727,22.399999618530273,22.75,505580,0.0,0.0
2017-09-07 00:00:00+05:30,22.75,22.799999237060547,22.5,22.649999618530273,380191,0.0,0.0
2017-09-08 00:00:00+05:30,22.75,22.799999237060547,22.549999237060547,22.600000381469727,953530,0.0,0.0
2017-09-11 00:00:00+05:30,22.600000381469727,22.799999237060547,22.399999618530273,22.450000762939453,513501,0.0,0.0
2017-09-12 00:00:00+05:30,22.5,23.950000762939453,22.450000762939453,23.549999237060547,2462767,0.0,0.0
2017-09-13 00:00:00+05:30,23.799999237060547,25.25,23.75,24.399999618530273,4057373,0.0,0.0
2017-09-14 00:00:00+05:30,24.75,24.799999237060547,23.5,23.700000762939453,1500817,0.0,0.0
2017-09-15 00:00:00+05:30,23.75,24.100000381469727,23.350000381469727,23.5,1873018,0.0,0.0
2017-09-18 00:00:00+05:30,23.549999237060547,23.850000381469727,23.049999237060547,23.149999618530273,734156,0.0,0.0
2017-09-19 00:00:00+05:30,23.149999618530273,23.549999237060547,22.950000762939453,23.200000762939453,1081559,0.0,0.0
2017-09-20 00:00:00+05:30,23.149999618530273,24.100000381469727,22.950000762939453,23.200000762939453,1740790,0.0,0.0
2017-09-21 00:00:00+05:30,23.049999237060547,23.25,22.899999618530273,23.049999237060547,800341,0.0,0.0
2017-09-22 00:00:00+05:30,22.950000762939453,23.649999618530273,22.700000762939453,22.799999237060547,1495851,0.0,0.0
2017-09-25 00:00:00+05:30,22.850000381469727,22.950000762939453,22.450000762939453,22.549999237060547,740629,0.0,0.0
2017-09-26 00:00:00+05:30,22.600000381469727,22.700000762939453,22.5,22.549999237060547,277053,0.0,0.0
2017-09-27 00:00:00+05:30,22.649999618530273,22.799999237060547,22.399999618530273,22.5,454818,0.0,0.0
2017-09-28 00:00:00+05:30,22.450000762939453,22.799999237060547,22.25,22.399999618530273,499847,0.0,0.0
2017-09-29 00:00:00+05:30,22.700000762939453,22.75,22.200000762939453,22.200000762939453,994037,0.0,0.0
2017-10-03 00:00:00+05:30,22.350000381469727,22.450000762939453,22.299999237060547,22.350000381469727,277919,0.0,0.0
2017-10-04 00:00:00+05:30,22.350000381469727,22.5,22.299999237060547,22.350000381469727,394559,0.0,0.0
2017-10-05 00:00:00+05:30,22.450000762939453,22.799999237060547,22.350000381469727,22.450000762939453,645082,0.0,0.0
2017-10-06 00:00:00+05:30,22.450000762939453,22.850000381469727,19.799999237060547,22.399999618530273,1504523,0.0,0.0
2017-10-09 00:00:00+05:30,22.5,22.5,22.25,22.299999237060547,623226,0.0,0.0
2017-10-10 00:00:00+05:30,22.299999237060547,22.450000762939453,22.200000762939453,22.299999237060547,498485,0.0,0.0
2017-10-11 00:00:00+05:30,22.25,22.450000762939453,22.049999237060547,22.149999618530273,779988,0.0,0.0
2017-10-12 00:00:00+05:30,22.5,22.5,22.049999237060547,22.149999618530273,535858,0.0,0.0
2017-10-13 00:00:00+05:30,22.149999618530273,22.350000381469727,22.049999237060547,22.149999618530273,666966,0.0,0.0
2017-10-16 00:00:00+05:30,22.25,22.350000381469727,22.0,22.049999237060547,700097,0.0,0.0
2017-10-17 00:00:00+05:30,22.100000381469727,22.350000381469727,22.100000381469727,22.299999237060547,634789,0.0,0.0
2017-10-18 00:00:00+05:30,22.149999618530273,22.399999618530273,21.950000762939453,22.299999237060547,1830200,0.0,0.0
2017-10-19 00:00:00+05:30,22.299999237060547,22.399999618530273,22.049999237060547,22.149999618530273,274965,0.0,0.0
2017-10-23 00:00:00+05:30,22.299999237060547,22.299999237060547,21.899999618530273,22.049999237060547,634728,0.0,0.0
2017-10-24 00:00:00+05:30,22.149999618530273,23.0,22.149999618530273,22.450000762939453,1915811,0.0,0.0
2017-10-25 00:00:00+05:30,26.799999237060547,26.899999618530273,25.149999618530273,26.899999618530273,25254473,0.0,0.0
2017-10-26 00:00:00+05:30,27.0,28.399999618530273,26.200000762939453,27.100000381469727,7701808,0.0,0.0
2017-10-27 00:00:00+05:30,27.149999618530273,27.299999237060547,25.799999237060547,25.899999618530273,1605749,0.0,0.0
2017-10-30 00:00:00+05:30,25.700000762939453,26.700000762939453,25.700000762939453,26.25,1703706,0.0,0.0
2017-10-31 00:00:00+05:30,26.399999618530273,26.700000762939453,25.100000381469727,25.25,933822,0.0,0.0
2017-11-01 00:00:00+05:30,25.600000381469727,26.0,25.5,25.75,942969,0.0,0.0
2017-11-02 00:00:00+05:30,25.649999618530273,26.700000762939453,25.549999237060547,26.100000381469727,1879732,0.0,0.0
2017-11-03 00:00:00+05:30,26.299999237060547,26.450000762939453,26.0,26.149999618530273,992664,0.0,0.0
2017-11-06 00:00:00+05:30,26.049999237060547,26.299999237060547,25.899999618530273,26.0,1055306,0.0,0.0
2017-11-07 00:00:00+05:30,26.100000381469727,26.600000381469727,25.25,25.350000381469727,1496765,0.0,0.0
2017-11-08 00:00:00+05:30,25.100000381469727,25.350000381469727,24.549999237060547,24.899999618530273,1258611,0.0,0.0
2017-11-09 00:00:00+05:30,24.899999618530273,25.200000762939453,24.700000762939453,24.850000381469727,596214,0.0,0.0
2017-11-10 00:00:00+05:30,24.850000381469727,25.299999237060547,24.600000381469727,24.75,822253,0.0,0.0
2017-11-13 00:00:00+05:30,24.799999237060547,25.149999618530273,23.850000381469727,23.950000762939453,767665,0.0,0.0
2017-11-14 00:00:00+05:30,24.149999618530273,24.299999237060547,23.549999237060547,23.649999618530273,612765,0.0,0.0
2017-11-15 00:00:00+05:30,23.700000762939453,23.899999618530273,23.299999237060547,23.399999618530273,640917,0.0,0.0
2017-11-16 00:00:00+05:30,23.5,23.899999618530273,23.450000762939453,23.75,771803,0.0,0.0
2017-11-17 00:00:00+05:30,24.200000762939453,24.799999237060547,23.049999237060547,23.299999237060547,1994303,0.0,0.0
2017-11-20 00:00:00+05:30,23.549999237060547,24.25,23.25,24.049999237060547,1051893,0.0,0.0
2017-11-21 00:00:00+05:30,24.100000381469727,24.450000762939453,23.950000762939453,24.149999618530273,758628,0.0,0.0
2017-11-22 00:00:00+05:30,24.149999618530273,24.450000762939453,23.850000381469727,24.350000381469727,838742,0.0,0.0
2017-11-23 00:00:00+05:30,24.350000381469727,24.700000762939453,24.0,24.450000762939453,849240,0.0,0.0
2017-11-24 00:00:00+05:30,24.649999618530273,24.649999618530273,24.200000762939453,24.25,830558,0.0,0.0
2017-11-27 00:00:00+05:30,24.200000762939453,24.549999237060547,23.950000762939453,24.149999618530273,642938,0.0,0.0
2017-11-28 00:00:00+05:30,24.049999237060547,24.5,24.049999237060547,24.299999237060547,569397,0.0,0.0
2017-11-29 00:00:00+05:30,24.399999618530273,24.450000762939453,24.100000381469727,24.25,378585,0.0,0.0
2017-11-30 00:00:00+05:30,24.0,24.149999618530273,23.799999237060547,24.0,742049,0.0,0.0
2017-12-01 00:00:00+05:30,24.0,24.100000381469727,23.649999618530273,23.75,510136,0.0,0.0
2017-12-04 00:00:00+05:30,23.850000381469727,24.049999237060547,23.5,23.549999237060547,489431,0.0,0.0
2017-12-05 00:00:00+05:30,23.450000762939453,23.450000762939453,23.0,23.100000381469727,655843,0.0,0.0
2017-12-06 00:00:00+05:30,23.100000381469727,23.350000381469727,23.0,23.149999618530273,379146,0.0,0.0
2017-12-07 00:00:00+05:30,23.100000381469727,24.100000381469727,23.100000381469727,23.399999618530273,4566221,0.0,0.0
2017-12-08 00:00:00+05:30,23.399999618530273,23.700000762939453,23.25,23.350000381469727,558021,0.0,0.0
2017-12-11 00:00:00+05:30,23.399999618530273,23.950000762939453,23.350000381469727,23.399999618530273,1080267,0.0,0.0
2017-12-12 00:00:00+05:30,23.399999618530273,23.450000762939453,22.899999618530273,23.0,662639,0.0,0.0
2017-12-13 00:00:00+05:30,23.0,23.5,22.75,22.75,1275163,0.0,0.0
2017-12-14 00:00:00+05:30,22.850000381469727,23.0,21.0,22.450000762939453,501123,0.0,0.0
2017-12-15 00:00:00+05:30,22.600000381469727,22.899999618530273,22.350000381469727,22.700000762939453,921943,0.0,0.0
2017-12-18 00:00:00+05:30,22.799999237060547,23.0,22.049999237060547,22.899999618530273,551828,0.0,0.0
2017-12-19 00:00:00+05:30,22.899999618530273,23.0,22.5,22.549999237060547,722201,0.0,0.0
2017-12-20 00:00:00+05:30,22.75,22.75,22.399999618530273,22.450000762939453,767580,0.0,0.0
2017-12-21 00:00:00+05:30,22.799999237060547,22.799999237060547,22.399999618530273,22.450000762939453,713781,0.0,0.0
2017-12-22 00:00:00+05:30,22.600000381469727,22.799999237060547,22.350000381469727,22.399999618530273,2153150,0.0,0.0
2017-12-26 00:00:00+05:30,22.5,22.5,22.299999237060547,22.350000381469727,473051,0.0,0.0
2017-12-27 00:00:00+05:30,22.5,22.5,22.299999237060547,22.299999237060547,851231,0.0,0.0
2017-12-28 00:00:00+05:30,22.5,22.850000381469727,22.350000381469727,22.549999237060547,983770,0.0,0.0
2017-12-29 00:00:00+05:30,22.799999237060547,23.0,22.0,22.100000381469727,3242396,0.0,0.0
2018-01-01 00:00:00+05:30,22.200000762939453,22.600000381469727,22.149999618530273,22.450000762939453,970208,0.0,0.0
2018-01-02 00:00:00+05:30,22.350000381469727,22.600000381469727,22.299999237060547,22.350000381469727,717179,0.0,0.0
2018-01-03 00:00:00+05:30,22.399999618530273,22.649999618530273,22.25,22.5,1002936,0.0,0.0
2018-01-04 00:00:00+05:30,22.700000762939453,23.450000762939453,22.649999618530273,23.049999237060547,2846170,0.0,0.0
2018-01-05 00:00:00+05:30,24.5,25.399999618530273,23.899999618530273,24.149999618530273,5906944,0.0,0.0
2018-01-08 00:00:00+05:30,24.299999237060547,24.75,23.899999618530273,23.950000762939453,2183857,0.0,0.0
2018-01-09 00:00:00+05:30,23.950000762939453,24.200000762939453,23.799999237060547,23.950000762939453,2086792,0.0,0.0
2018-01-10 00:00:00+05:30,23.899999618530273,23.899999618530273,23.5,23.549999237060547,1180410,0.0,0.0
2018-01-11 00:00:00+05:30,23.5,23.649999618530273,23.299999237060547,23.350000381469727,651760,0.0,0.0
2018-01-12 00:00:00+05:30,23.450000762939453,23.700000762939453,23.399999618530273,23.5,650888,0.0,0.0
2018-01-15 00:00:00+05:30,23.700000762939453,23.799999237060547,23.399999618530273,23.450000762939453,736328,0.0,0.0
2018-01-16 00:00:00+05:30,23.549999237060547,23.549999237060547,22.899999618530273,22.950000762939453,641309,0.0,0.0
2018-01-17 00:00:00+05:30,23.0,23.25,22.700000762939453,23.149999618530273,666435,0.0,0.0
2018-01-18 00:00:00+05:30,23.5,23.700000762939453,22.950000762939453,23.100000381469727,1004995,0.0,0.0
2018-01-19 00:00:00+05:30,22.850000381469727,23.399999618530273,22.850000381469727,23.149999618530273,766431,0.0,0.0
2018-01-22 00:00:00+05:30,23.25,23.25,22.850000381469727,23.0,579960,0.0,0.0
2018-01-23 00:00:00+05:30,23.0,23.5,22.899999618530273,23.200000762939453,1195051,0.0,0.0
2018-01-24 00:00:00+05:30,23.0,23.600000381469727,22.899999618530273,23.299999237060547,1378968,0.0,0.0
2018-01-25 00:00:00+05:30,24.450000762939453,24.450000762939453,23.049999237060547,23.299999237060547,3065192,0.0,0.0
2018-01-29 00:00:00+05:30,23.299999237060547,23.549999237060547,22.75,22.799999237060547,921112,0.0,0.0
2018-01-30 00:00:00+05:30,22.799999237060547,22.950000762939453,22.600000381469727,22.649999618530273,579960,0.0,0.0
2018-01-31 00:00:00+05:30,22.649999618530273,22.899999618530273,22.5,22.649999618530273,534555,0.0,0.0
2018-02-01 00:00:00+05:30,22.75,22.799999237060547,22.200000762939453,22.25,1446234,0.0,0.0
2018-02-02 00:00:00+05:30,22.149999618530273,22.149999618530273,20.799999237060547,21.100000381469727,1623537,0.0,0.0
2018-02-05 00:00:00+05:30,21.0,21.299999237060547,20.450000762939453,21.049999237060547,2369017,0.0,0.0
2018-02-06 00:00:00+05:30,20.0,20.549999237060547,19.700000762939453,20.450000762939453,1152144,0.0,0.0
2018-02-07 00:00:00+05:30,21.0,21.399999618530273,20.700000762939453,20.850000381469727,854070,0.0,0.0
2018-02-08 00:00:00+05:30,21.0,21.149999618530273,20.850000381469727,21.049999237060547,751168,0.0,0.0
2018-02-09 00:00:00+05:30,21.0,21.549999237060547,20.600000381469727,20.899999618530273,911316,0.0,0.0
2018-02-12 00:00:00+05:30,21.149999618530273,21.899999618530273,21.149999618530273,21.799999237060547,961306,0.0,0.0
2018-02-14 00:00:00+05:30,21.75,22.200000762939453,21.299999237060547,21.5,1588669,0.0,0.0
2018-02-15 00:00:00+05:30,21.350000381469727,21.450000762939453,20.649999618530273,20.700000762939453,1137727,0.0,0.0
2018-02-16 00:00:00+05:30,20.75,20.75,20.25,20.350000381469727,894504,0.0,0.0
2018-02-19 00:00:00+05:30,20.100000381469727,20.25,19.399999618530273,19.700000762939453,1362717,0.0,0.0
2018-02-20 00:00:00+05:30,19.299999237060547,19.700000762939453,18.700000762939453,19.600000381469727,1100918,0.0,0.0
2018-02-21 00:00:00+05:30,19.299999237060547,19.75,19.299999237060547,19.649999618530273,527120,0.0,0.0
2018-02-22 00:00:00+05:30,19.600000381469727,19.799999237060547,19.549999237060547,19.649999618530273,556705,0.0,0.0
2018-02-23 00:00:00+05:30,19.649999618530273,19.75,19.450000762939453,19.600000381469727,596461,0.0,0.0
2018-02-26 00:00:00+05:30,19.700000762939453,19.75,19.600000381469727,19.649999618530273,748299,0.0,0.0
2018-02-27 00:00:00+05:30,19.799999237060547,19.850000381469727,19.549999237060547,19.600000381469727,483716,0.0,0.0
2018-02-28 00:00:00+05:30,19.600000381469727,19.700000762939453,19.350000381469727,19.600000381469727,875781,0.0,0.0
2018-03-01 00:00:00+05:30,19.600000381469727,19.700000762939453,19.5,19.649999618530273,874165,0.0,0.0
2018-03-05 00:00:00+05:30,19.700000762939453,19.700000762939453,19.299999237060547,19.450000762939453,1022888,0.0,0.0
2018-03-06 00:00:00+05:30,19.299999237060547,19.600000381469727,19.100000381469727,19.200000762939453,1022214,0.0,0.0
2018-03-07 00:00:00+05:30,19.149999618530273,19.200000762939453,18.100000381469727,18.200000762939453,1365579,0.0,0.0
2018-03-08 00:00:00+05:30,18.549999237060547,18.700000762939453,18.0,18.100000381469727,715819,0.0,0.0
2018-03-09 00:00:00+05:30,18.450000762939453,18.450000762939453,18.049999237060547,18.149999618530273,702203,0.0,0.0
2018-03-12 00:00:00+05:30,18.5,18.5,17.799999237060547,18.0,1690948,0.0,0.0
2018-03-13 00:00:00+05:30,18.049999237060547,18.700000762939453,18.049999237060547,18.200000762939453,3046269,0.0,0.0
2018-03-14 00:00:00+05:30,18.149999618530273,18.5,17.149999618530273,18.149999618530273,1173316,0.0,0.0
2018-03-15 00:00:00+05:30,18.200000762939453,18.5,18.100000381469727,18.25,619501,0.0,0.0
2018-03-16 00:00:00+05:30,18.25,19.350000381469727,17.950000762939453,18.149999618530273,2408254,0.0,0.0
2018-03-19 00:00:00+05:30,18.299999237060547,18.600000381469727,18.100000381469727,18.299999237060547,1019578,0.0,0.0
2018-03-20 00:00:00+05:30,18.299999237060547,18.350000381469727,18.0,18.25,447041,0.0,0.0
2018-03-21 00:00:00+05:30,18.350000381469727,18.549999237060547,18.200000762939453,18.200000762939453,516373,0.0,0.0
2018-03-22 00:00:00+05:30,18.200000762939453,18.350000381469727,18.100000381469727,18.149999618530273,655113,0.0,0.0
2018-03-23 00:00:00+05:30,17.950000762939453,17.950000762939453,17.600000381469727,17.649999618530273,758303,0.0,0.0
2018-03-26 00:00:00+05:30,17.899999618530273,18.0,17.399999618530273,17.5,895418,0.0,0.0
2018-03-27 00:00:00+05:30,17.649999618530273,18.200000762939453,17.600000381469727,17.950000762939453,1291122,0.0,0.0
2018-03-28 00:00:00+05:30,18.25,18.25,17.399999618530273,17.450000762939453,1070220,0.0,0.0
2018-04-02 00:00:00+05:30,17.600000381469727,17.799999237060547,17.399999618530273,17.5,402077,0.0,0.0
2018-04-03 00:00:00+05:30,17.600000381469727,17.899999618530273,17.450000762939453,17.700000762939453,696146,0.0,0.0
2018-04-04 00:00:00+05:30,18.0,18.0,17.549999237060547,17.600000381469727,501986,0.0,0.0
2018-04-05 00:00:00+05:30,17.899999618530273,18.100000381469727,17.700000762939453,17.950000762939453,804077,0.0,0.0
2018-04-06 00:00:00+05:30,17.850000381469727,18.049999237060547,17.799999237060547,17.950000762939453,820102,0.0,0.0
2018-04-09 00:00:00+05:30,18.049999237060547,18.200000762939453,17.950000762939453,18.0,626584,0.0,0.0
2018-04-10 00:00:00+05:30,18.100000381469727,18.299999237060547,18.0,18.200000762939453,540423,0.0,0.0
2018-04-11 00:00:00+05:30,18.149999618530273,18.200000762939453,17.799999237060547,17.950000762939453,624734,0.0,0.0
2018-04-12 00:00:00+05:30,17.950000762939453,18.200000762939453,17.899999618530273,17.950000762939453,396291,0.0,0.0
2018-04-13 00:00:00+05:30,18.049999237060547,18.200000762939453,17.950000762939453,18.100000381469727,501682,0.0,0.0
2018-04-16 00:00:00+05:30,18.100000381469727,18.200000762939453,17.899999618530273,18.100000381469727,569561,0.0,0.0
2018-04-17 00:00:00+05:30,18.049999237060547,18.200000762939453,17.950000762939453,18.100000381469727,693659,0.0,0.0
2018-04-18 00:00:00+05:30,18.149999618530273,18.350000381469727,18.049999237060547,18.149999618530273,661979,0.0,0.0
2018-04-19 00:00:00+05:30,18.049999237060547,18.299999237060547,18.0,18.100000381469727,631863,0.0,0.0
2018-04-20 00:00:00+05:30,18.049999237060547,18.049999237060547,17.75,17.799999237060547,410507,0.0,0.0
2018-04-23 00:00:00+05:30,17.75,17.850000381469727,17.5,17.600000381469727,596535,0.0,0.0
2018-04-24 00:00:00+05:30,17.649999618530273,17.75,17.350000381469727,17.450000762939453,317240,0.0,0.0
2018-04-25 00:00:00+05:30,17.5,18.200000762939453,17.399999618530273,17.799999237060547,958185,0.0,0.0
2018-04-26 00:00:00+05:30,17.950000762939453,17.950000762939453,17.700000762939453,17.799999237060547,579225,0.0,0.0
2018-04-27 00:00:00+05:30,17.950000762939453,18.450000762939453,17.75,18.299999237060547,1302806,0.0,0.0
2018-04-30 00:00:00+05:30,18.549999237060547,18.649999618530273,18.149999618530273,18.350000381469727,428993,0.0,0.0
2018-05-02 00:00:00+05:30,18.25,18.600000381469727,18.100000381469727,18.399999618530273,675398,0.0,0.0
2018-05-03 00:00:00+05:30,18.399999618530273,18.5,18.049999237060547,18.149999618530273,367330,0.0,0.0
2018-05-04 00:00:00+05:30,18.100000381469727,18.299999237060547,17.950000762939453,18.100000381469727,548171,0.0,0.0
2018-05-07 00:00:00+05:30,18.25,18.299999237060547,18.0,18.049999237060547,243060,0.0,0.0
2018-05-08 00:00:00+05:30,18.0,18.299999237060547,17.850000381469727,18.049999237060547,535591,0.0,0.0
2018-05-09 00:00:00+05:30,18.0,18.200000762939453,17.950000762939453,18.049999237060547,276166,0.0,0.0
2018-05-10 00:00:00+05:30,18.200000762939453,18.25,17.75,17.850000381469727,673468,0.0,0.0
2018-05-11 00:00:00+05:30,17.850000381469727,17.899999618530273,17.450000762939453,17.549999237060547,313137,0.0,0.0
2018-05-14 00:00:00+05:30,17.549999237060547,17.600000381469727,15.25,16.850000381469727,736643,0.0,0.0
2018-05-15 00:00:00+05:30,16.799999237060547,17.100000381469727,16.549999237060547,16.75,599932,0.0,0.0
2018-05-16 00:00:00+05:30,16.649999618530273,16.649999618530273,16.100000381469727,16.600000381469727,587127,0.0,0.0
2018-05-17 00:00:00+05:30,16.649999618530273,16.700000762939453,16.100000381469727,16.25,414117,0.0,0.0
2018-05-18 00:00:00+05:30,16.350000381469727,16.450000762939453,15.899999618530273,16.0,459149,0.0,0.0
2018-05-21 00:00:00+05:30,16.0,16.200000762939453,15.899999618530273,16.0,328908,0.0,0.0
2018-05-22 00:00:00+05:30,16.0,16.100000381469727,15.75,15.850000381469727,363636,0.0,0.0
2018-05-23 00:00:00+05:30,15.75,16.200000762939453,15.699999809265137,15.899999618530273,473645,0.0,0.0
2018-05-24 00:00:00+05:30,15.899999618530273,16.0,15.5,15.800000190734863,311122,0.0,0.0
2018-05-25 00:00:00+05:30,15.800000190734863,16.200000762939453,15.800000190734863,16.0,211768,0.0,0.0
2018-05-28 00:00:00+05:30,16.200000762939453,16.649999618530273,16.100000381469727,16.549999237060547,475518,0.0,0.0
2018-05-29 00:00:00+05:30,16.899999618530273,16.950000762939453,16.5,16.649999618530273,418100,0.0,0.0
2018-05-30 00:00:00+05:30,16.149999618530273,16.549999237060547,16.049999237060547,16.25,501844,0.0,0.0
2018-05-31 00:00:00+05:30,16.350000381469727,16.5,16.100000381469727,16.200000762939453,563691,0.0,0.0
2018-06-01 00:00:00+05:30,16.200000762939453,16.299999237060547,16.0,16.100000381469727,230358,0.0,0.0
2018-06-04 00:00:00+05:30,16.200000762939453,16.299999237060547,15.399999618530273,15.550000190734863,390765,0.0,0.0
2018-06-05 00:00:00+05:30,15.5,15.699999809265137,15.25,15.350000381469727,585743,0.0,0.0
2018-06-06 00:00:00+05:30,15.300000190734863,15.699999809265137,15.25,15.649999618530273,265024,0.0,0.0
2018-06-07 00:00:00+05:30,15.649999618530273,16.149999618530273,15.600000381469727,15.949999809265137,752868,0.0,0.0
2018-06-08 00:00:00+05:30,15.899999618530273,16.549999237060547,15.899999618530273,16.25,1448473,0.0,0.0
2018-06-11 00:00:00+05:30,16.399999618530273,16.399999618530273,15.899999618530273,16.0,2247585,0.0,0.0
2018-06-12 00:00:00+05:30,16.100000381469727,16.100000381469727,15.899999618530273,15.949999809265137,536979,0.0,0.0
2018-06-13 00:00:00+05:30,16.049999237060547,16.200000762939453,15.699999809265137,15.75,678411,0.0,0.0
2018-06-14 00:00:00+05:30,15.899999618530273,15.899999618530273,15.399999618530273,15.649999618530273,932148,0.0,0.0
2018-06-15 00:00:00+05:30,15.800000190734863,15.899999618530273,15.050000190734863,15.149999618530273,2592016,0.0,0.0
2018-06-18 00:00:00+05:30,15.25,15.350000381469727,15.0,15.100000381469727,576835,0.0,0.0
2018-06-19 00:00:00+05:30,15.0,15.300000190734863,15.0,15.100000381469727,600014,0.0,0.0
2018-06-20 00:00:00+05:30,15.100000381469727,15.149999618530273,14.850000381469727,14.899999618530273,597710,0.0,0.0
2018-06-21 00:00:00+05:30,15.0,15.199999809265137,14.75,14.800000190734863,557677,0.0,0.0
2018-06-22 00:00:00+05:30,14.850000381469727,15.300000190734863,14.800000190734863,15.050000190734863,588197,0.0,0.0
2018-06-25 00:00:00+05:30,14.899999618530273,15.100000381469727,14.75,14.850000381469727,218764,0.0,0.0
2018-06-26 00:00:00+05:30,14.800000190734863,15.899999618530273,14.649999618530273,14.949999809265137,1978411,0.0,0.0
2018-06-27 00:00:00+05:30,14.800000190734863,14.899999618530273,14.149999618530273,14.199999809265137,705199,0.0,0.0
2018-06-28 00:00:00+05:30,14.149999618530273,14.350000381469727,13.800000190734863,13.899999618530273,547678,0.0,0.0
2018-06-29 00:00:00+05:30,14.100000381469727,14.199999809265137,13.949999809265137,14.050000190734863,357565,0.0,0.0
2018-07-02 00:00:00+05:30,14.0,14.199999809265137,13.800000190734863,13.949999809265137,403085,0.0,0.0
2018-07-03 00:00:00+05:30,13.949999809265137,14.100000381469727,13.899999618530273,13.949999809265137,291936,0.0,0.0
2018-07-04 00:00:00+05:30,14.100000381469727,14.149999618530273,13.649999618530273,13.800000190734863,423243,0.0,0.0
2018-07-05 00:00:00+05:30,13.800000190734863,13.899999618530273,13.649999618530273,13.699999809265137,399373,0.0,0.0
2018-07-06 00:00:00+05:30,13.800000190734863,14.199999809265137,13.75,14.0,643261,0.0,0.0
2018-07-09 00:00:00+05:30,14.199999809265137,14.25,13.899999618530273,13.949999809265137,401100,0.0,0.0
2018-07-10 00:00:00+05:30,13.949999809265137,14.149999618530273,12.75,13.899999618530273,607717,0.0,0.0
2018-07-11 00:00:00+05:30,13.949999809265137,14.100000381469727,13.899999618530273,13.949999809265137,226766,0.0,0.0
2018-07-12 00:00:00+05:30,13.949999809265137,14.050000190734863,13.800000190734863,13.850000381469727,238186,0.0,0.0
2018-07-13 00:00:00+05:30,13.949999809265137,13.949999809265137,13.600000381469727,13.649999618530273,272193,0.0,0.0
2018-07-16 00:00:00+05:30,13.699999809265137,14.100000381469727,13.149999618530273,13.199999809265137,517515,0.0,0.0
2018-07-17 00:00:00+05:30,13.399999618530273,13.550000190734863,13.199999809265137,13.449999809265137,409790,0.0,0.0
2018-07-18 00:00:00+05:30,15.0,15.300000190734863,13.649999618530273,13.899999618530273,6611975,0.0,0.0
2018-07-19 00:00:00+05:30,14.0,14.149999618530273,13.550000190734863,13.899999618530273,1331204,0.0,0.0
2018-07-20 00:00:00+05:30,13.800000190734863,13.949999809265137,13.649999618530273,13.75,413473,0.0,0.0
2018-07-23 00:00:00+05:30,13.800000190734863,13.899999618530273,13.5,13.699999809265137,745200,0.0,0.0
2018-07-24 00:00:00+05:30,14.149999618530273,14.199999809265137,13.699999809265137,13.800000190734863,1053819,0.0,0.0
2018-07-25 00:00:00+05:30,13.800000190734863,14.0,13.699999809265137,13.800000190734863,507465,0.0,0.0
2018-07-26 00:00:00+05:30,13.800000190734863,14.149999618530273,13.699999809265137,13.949999809265137,1013916,0.0,0.0
2018-07-27 00:00:00+05:30,14.199999809265137,14.649999618530273,14.199999809265137,14.5,2052226,0.0,0.0
2018-07-30 00:00:00+05:30,14.5,15.0,14.199999809265137,14.949999809265137,1830074,0.0,0.0
2018-07-31 00:00:00+05:30,14.949999809265137,15.199999809265137,14.800000190734863,14.899999618530273,1043333,0.0,0.0
2018-08-01 00:00:00+05:30,14.899999618530273,15.149999618530273,14.850000381469727,15.050000190734863,502361,0.0,0.0
2018-08-02 00:00:00+05:30,15.0,15.199999809265137,14.699999809265137,14.850000381469727,567315,0.0,0.0
2018-08-03 00:00:00+05:30,15.050000190734863,15.300000190734863,14.899999618530273,15.0,775739,0.0,0.0
2018-08-06 00:00:00+05:30,15.0,16.399999618530273,15.0,15.850000381469727,1826184,0.0,0.0
2018-08-07 00:00:00+05:30,16.0,16.0,15.350000381469727,15.399999618530273,700183,0.0,0.0
2018-08-08 00:00:00+05:30,15.5,15.649999618530273,15.050000190734863,15.149999618530273,439825,0.0,0.0
2018-08-09 00:00:00+05:30,16.450000762939453,16.5,15.699999809265137,16.100000381469727,2825517,0.0,0.0
2018-08-10 00:00:00+05:30,16.100000381469727,16.200000762939453,15.75,15.899999618530273,1112157,0.0,0.0
2018-08-13 00:00:00+05:30,15.699999809265137,16.049999237060547,15.449999809265137,15.699999809265137,473631,0.0,0.0
2018-08-14 00:00:00+05:30,15.699999809265137,16.0,15.550000190734863,15.600000381469727,556818,0.0,0.0
2018-08-16 00:00:00+05:30,15.649999618530273,15.699999809265137,15.300000190734863,15.300000190734863,411513,0.0,0.0
2018-08-17 00:00:00+05:30,15.449999809265137,15.600000381469727,15.199999809265137,15.350000381469727,561085,0.0,0.0
2018-08-20 00:00:00+05:30,15.300000190734863,16.049999237060547,15.300000190734863,15.5,355993,0.0,0.0
2018-08-21 00:00:00+05:30,15.5,15.649999618530273,15.350000381469727,15.399999618530273,298470,0.0,0.0
2018-08-23 00:00:00+05:30,15.550000190734863,15.600000381469727,15.149999618530273,15.25,605063,0.0,0.0
2018-08-24 00:00:00+05:30,15.300000190734863,15.350000381469727,12.199999809265137,14.899999618530273,1323598,0.0,0.0
2018-08-27 00:00:00+05:30,14.899999618530273,15.25,14.75,14.949999809265137,449926,0.0,0.0
2018-08-28 00:00:00+05:30,15.050000190734863,15.050000190734863,14.850000381469727,14.899999618530273,370786,0.0,0.0
2018-08-29 00:00:00+05:30,14.850000381469727,15.0,14.75,14.899999618530273,386451,0.0,0.0
2018-08-30 00:00:00+05:30,15.399999618530273,16.0,15.399999618530273,15.550000190734863,2116745,0.0,0.0
2018-08-31 00:00:00+05:30,15.649999618530273,15.699999809265137,15.399999618530273,15.600000381469727,302080,0.0,0.0
2018-09-03 00:00:00+05:30,15.600000381469727,15.800000190734863,15.399999618530273,15.449999809265137,485425,0.0,0.0
2018-09-04 00:00:00+05:30,15.449999809265137,15.600000381469727,14.949999809265137,15.050000190734863,487171,0.0,0.0
2018-09-05 00:00:00+05:30,15.0,15.25,14.75,14.850000381469727,467332,0.0,0.0
2018-09-06 00:00:00+05:30,15.0,15.300000190734863,14.850000381469727,14.899999618530273,316185,0.0,0.0
2018-09-07 00:00:00+05:30,15.100000381469727,15.199999809265137,14.699999809265137,15.0,307923,0.0,0.0
2018-09-10 00:00:00+05:30,15.0,15.100000381469727,14.800000190734863,14.850000381469727,272373,0.0,0.0
2018-09-11 00:00:00+05:30,14.949999809265137,15.100000381469727,14.5,14.550000190734863,406779,0.0,0.0
2018-09-12 00:00:00+05:30,14.850000381469727,14.850000381469727,14.100000381469727,14.300000190734863,462855,0.0,0.0
2018-09-14 00:00:00+05:30,14.399999618530273,14.699999809265137,14.399999618530273,14.649999618530273,268346,0.0,0.0
2018-09-17 00:00:00+05:30,14.649999618530273,14.699999809265137,14.350000381469727,14.600000381469727,336237,0.0,0.0
2018-09-18 00:00:00+05:30,16.100000381469727,17.299999237060547,15.350000381469727,15.399999618530273,4247459,0.0,0.0
2018-09-19 00:00:00+05:30,15.649999618530273,15.699999809265137,14.850000381469727,15.0,974792,0.0,0.0
2018-09-21 00:00:00+05:30,15.25,15.25,13.649999618530273,14.149999618530273,1215293,0.0,0.0
2018-09-24 00:00:00+05:30,14.100000381469727,14.350000381469727,13.5,13.649999618530273,1084150,0.0,0.0
2018-09-25 00:00:00+05:30,13.800000190734863,14.0,13.350000381469727,13.600000381469727,884316,0.0,0.0
2018-09-26 00:00:00+05:30,13.800000190734863,14.199999809265137,13.649999618530273,13.949999809265137,563948,0.0,0.0
2018-09-27 00:00:00+05:30,14.050000190734863,14.199999809265137,13.699999809265137,13.850000381469727,406066,0.0,0.0
2018-09-28 00:00:00+05:30,13.75,13.949999809265137,13.0,13.100000381469727,669553,0.0,0.0
2018-10-01 00:00:00+05:30,13.149999618530273,13.350000381469727,12.949999809265137,13.300000190734863,488755,0.0,0.0
2018-10-03 00:00:00+05:30,13.300000190734863,14.0,13.25,13.75,620384,0.0,0.0
2018-10-04 00:00:00+05:30,13.399999618530273,13.850000381469727,13.300000190734863,13.449999809265137,462822,0.0,0.0
2018-10-05 00:00:00+05:30,13.5,13.699999809265137,11.350000381469727,12.449999809265137,1307389,0.0,0.0
2018-10-08 00:00:00+05:30,12.550000190734863,13.0,10.850000381469727,11.550000190734863,1929686,0.0,0.0
2018-10-09 00:00:00+05:30,11.649999618530273,12.100000381469727,11.649999618530273,11.850000381469727,712019,0.0,0.0
2018-10-10 00:00:00+05:30,12.0,12.949999809265137,11.949999809265137,12.699999809265137,614754,0.0,0.0
2018-10-11 00:00:00+05:30,12.100000381469727,12.600000381469727,12.100000381469727,12.350000381469727,530180,0.0,0.0
2018-10-12 00:00:00+05:30,12.5,12.800000190734863,12.5,12.600000381469727,393612,0.0,0.0
2018-10-15 00:00:00+05:30,12.75,13.199999809265137,12.600000381469727,13.100000381469727,756888,0.0,0.0
2018-10-16 00:00:00+05:30,13.199999809265137,14.0,13.100000381469727,13.199999809265137,968838,0.0,0.0
2018-10-17 00:00:00+05:30,13.300000190734863,13.5,12.949999809265137,13.050000190734863,538812,0.0,0.0
2018-10-19 00:00:00+05:30,13.100000381469727,13.100000381469727,12.600000381469727,12.800000190734863,538484,0.0,0.0
2018-10-22 00:00:00+05:30,12.899999618530273,13.100000381469727,12.850000381469727,12.899999618530273,330109,0.0,0.0
2018-10-23 00:00:00+05:30,13.050000190734863,13.399999618530273,12.899999618530273,13.100000381469727,604378,0.0,0.0
2018-10-24 00:00:00+05:30,13.149999618530273,13.449999809265137,13.0,13.199999809265137,332509,0.0,0.0
2018-10-25 00:00:00+05:30,12.949999809265137,13.199999809265137,12.75,13.050000190734863,426838,0.0,0.0
2018-10-26 00:00:00+05:30,13.149999618530273,14.5,13.0,13.949999809265137,2418538,0.0,0.0
2018-10-29 00:00:00+05:30,14.300000190734863,14.649999618530273,13.800000190734863,14.350000381469727,1662688,0.0,0.0
2018-10-30 00:00:00+05:30,14.399999618530273,15.399999618530273,14.199999809265137,14.850000381469727,2052643,0.0,0.0
2018-10-31 00:00:00+05:30,14.949999809265137,15.449999809265137,14.899999618530273,15.0,1570235,0.0,0.0
2018-11-01 00:00:00+05:30,15.050000190734863,15.149999618530273,14.75,14.800000190734863,531135,0.0,0.0
2018-11-02 00:00:00+05:30,15.100000381469727,15.100000381469727,14.550000190734863,14.600000381469727,629258,0.0,0.0
2018-11-05 00:00:00+05:30,14.600000381469727,15.100000381469727,13.75,14.800000190734863,670584,0.0,0.0
2018-11-06 00:00:00+05:30,14.699999809265137,15.0,14.699999809265137,14.75,393192,0.0,0.0
2018-11-07 00:00:00+05:30,15.0,15.0,14.850000381469727,14.949999809265137,208620,0.0,0.0
2018-11-09 00:00:00+05:30,15.050000190734863,15.100000381469727,14.199999809265137,14.949999809265137,395037,0.0,0.0
2018-11-12 00:00:00+05:30,14.899999618530273,14.899999618530273,14.550000190734863,14.600000381469727,332403,0.0,0.0
2018-11-13 00:00:00+05:30,14.600000381469727,14.850000381469727,14.199999809265137,14.550000190734863,371552,0.0,0.0
2018-11-14 00:00:00+05:30,14.649999618530273,14.800000190734863,14.5,14.600000381469727,252041,0.0,0.0
2018-11-15 00:00:00+05:30,14.600000381469727,15.100000381469727,14.449999809265137,14.850000381469727,577411,0.0,0.0
2018-11-16 00:00:00+05:30,14.850000381469727,15.149999618530273,14.699999809265137,15.0,635546,0.0,0.0
2018-11-19 00:00:00+05:30,15.149999618530273,15.449999809265137,14.899999618530273,15.149999618530273,682709,0.0,0.0
2018-11-20 00:00:00+05:30,15.0,15.100000381469727,14.5,14.600000381469727,691405,0.0,0.0
2018-11-21 00:00:00+05:30,14.600000381469727,14.800000190734863,14.550000190734863,14.699999809265137,223277,0.0,0.0
2018-11-22 00:00:00+05:30,14.699999809265137,14.949999809265137,14.550000190734863,14.600000381469727,228011,0.0,0.0
2018-11-26 00:00:00+05:30,14.550000190734863,14.699999809265137,14.399999618530273,14.5,224043,0.0,0.0
2018-11-27 00:00:00+05:30,14.550000190734863,14.75,14.5,14.550000190734863,359613,0.0,0.0
2018-11-28 00:00:00+05:30,14.600000381469727,15.199999809265137,14.550000190734863,14.600000381469727,724968,0.0,0.0
2018-11-29 00:00:00+05:30,14.649999618530273,14.75,14.25,14.449999809265137,326499,0.0,0.0
2018-11-30 00:00:00+05:30,14.449999809265137,14.550000190734863,14.25,14.300000190734863,247521,0.0,0.0
2018-12-03 00:00:00+05:30,14.100000381469727,14.600000381469727,14.100000381469727,14.399999618530273,242842,0.0,0.0
2018-12-04 00:00:00+05:30,14.449999809265137,14.449999809265137,14.199999809265137,14.300000190734863,277399,0.0,0.0
2018-12-05 00:00:00+05:30,14.449999809265137,14.699999809265137,14.25,14.300000190734863,665185,0.0,0.0
2018-12-06 00:00:00+05:30,14.300000190734863,14.399999618530273,13.800000190734863,13.899999618530273,307111,0.0,0.0
2018-12-07 00:00:00+05:30,13.949999809265137,15.199999809265137,13.899999618530273,14.149999618530273,321228,0.0,0.0
2018-12-10 00:00:00+05:30,13.699999809265137,14.199999809265137,13.699999809265137,14.149999618530273,244266,0.0,0.0
2018-12-11 00:00:00+05:30,13.800000190734863,14.300000190734863,13.800000190734863,14.100000381469727,507742,0.0,0.0
2018-12-12 00:00:00+05:30,14.600000381469727,14.899999618530273,14.5,14.75,968471,0.0,0.0
2018-12-13 00:00:00+05:30,14.850000381469727,15.0,14.550000190734863,14.699999809265137,488076,0.0,0.0
2018-12-14 00:00:00+05:30,15.0,15.100000381469727,14.75,14.850000381469727,780974,0.0,0.0
2018-12-17 00:00:00+05:30,14.949999809265137,15.0,14.699999809265137,14.75,230200,0.0,0.0
2018-12-18 00:00:00+05:30,14.699999809265137,15.100000381469727,14.600000381469727,14.800000190734863,529871,0.0,0.0
2018-12-19 00:00:00+05:30,15.0,15.050000190734863,14.800000190734863,15.0,729250,0.0,0.0
2018-12-20 00:00:00+05:30,15.100000381469727,15.300000190734863,14.949999809265137,14.949999809265137,1034127,0.0,0.0
2018-12-21 00:00:00+05:30,15.300000190734863,15.350000381469727,14.899999618530273,15.0,796442,0.0,0.0
2018-12-24 00:00:00+05:30,14.949999809265137,15.0,14.699999809265137,14.75,307923,0.0,0.0
2018-12-26 00:00:00+05:30,14.600000381469727,14.800000190734863,14.5,14.75,394702,0.0,0.0
2018-12-27 00:00:00+05:30,14.899999618530273,15.050000190734863,14.75,14.800000190734863,467186,0.0,0.0
2018-12-28 00:00:00+05:30,14.899999618530273,15.0,14.850000381469727,14.949999809265137,403644,0.0,0.0
2018-12-31 00:00:00+05:30,15.100000381469727,15.100000381469727,14.899999618530273,14.949999809265137,290179,0.0,0.0
2019-01-01 00:00:00+05:30,14.949999809265137,15.149999618530273,14.899999618530273,15.0,1497222,0.0,0.0
2019-01-02 00:00:00+05:30,15.050000190734863,15.100000381469727,14.850000381469727,14.899999618530273,562219,0.0,0.0
2019-01-03 00:00:00+05:30,14.699999809265137,14.75,14.449999809265137,14.550000190734863,415497,0.0,0.0
2019-01-04 00:00:00+05:30,14.600000381469727,14.699999809265137,14.449999809265137,14.550000190734863,514752,0.0,0.0
2019-01-07 00:00:00+05:30,14.649999618530273,14.949999809265137,14.600000381469727,14.600000381469727,320055,0.0,0.0
2019-01-08 00:00:00+05:30,14.649999618530273,14.850000381469727,14.5,14.800000190734863,318643,0.0,0.0
2019-01-09 00:00:00+05:30,14.850000381469727,14.949999809265137,14.600000381469727,14.649999618530273,241137,0.0,0.0
2019-01-10 00:00:00+05:30,14.649999618530273,14.850000381469727,14.600000381469727,14.699999809265137,230413,0.0,0.0
2019-01-11 00:00:00+05:30,14.899999618530273,14.899999618530273,14.449999809265137,14.550000190734863,360567,0.0,0.0
2019-01-14 00:00:00+05:30,14.699999809265137,14.699999809265137,14.449999809265137,14.5,202377,0.0,0.0
2019-01-15 00:00:00+05:30,14.5,14.649999618530273,14.399999618530273,14.449999809265137,303530,0.0,0.0
2019-01-16 00:00:00+05:30,14.5,14.649999618530273,14.350000381469727,14.550000190734863,431661,0.0,0.0
2019-01-17 00:00:00+05:30,14.5,14.600000381469727,14.399999618530273,14.399999618530273,245919,0.0,0.0
2019-01-18 00:00:00+05:30,14.5,14.5,14.199999809265137,14.300000190734863,238182,0.0,0.0
2019-01-21 00:00:00+05:30,14.300000190734863,14.550000190734863,14.199999809265137,14.25,328312,0.0,0.0
2019-01-22 00:00:00+05:30,14.350000381469727,14.350000381469727,13.899999618530273,14.0,417921,0.0,0.0
2019-01-23 00:00:00+05:30,14.0,14.350000381469727,13.899999618530273,14.0,355999,0.0,0.0
2019-01-24 00:00:00+05:30,14.149999618530273,14.149999618530273,13.850000381469727,13.899999618530273,253356,0.0,0.0
2019-01-25 00:00:00+05:30,14.0,14.399999618530273,13.649999618530273,14.0,1605622,0.0,0.0
2019-01-28 00:00:00+05:30,14.100000381469727,14.25,13.5,13.600000381469727,594840,0.0,0.0
2019-01-29 00:00:00+05:30,13.5,13.550000190734863,13.149999618530273,13.449999809265137,487237,0.0,0.0
2019-01-30 00:00:00+05:30,13.5,13.699999809265137,13.350000381469727,13.449999809265137,408664,0.0,0.0
2019-01-31 00:00:00+05:30,13.600000381469727,13.75,13.600000381469727,13.699999809265137,275171,0.0,0.0
2019-02-01 00:00:00+05:30,13.75,14.0,13.649999618530273,13.699999809265137,409378,0.0,0.0
2019-02-04 00:00:00+05:30,13.949999809265137,13.949999809265137,13.100000381469727,13.199999809265137,372523,0.0,0.0
2019-02-05 00:00:00+05:30,13.100000381469727,13.350000381469727,13.0,13.100000381469727,477278,0.0,0.0
2019-02-06 00:00:00+05:30,13.050000190734863,13.25,12.600000381469727,12.850000381469727,419119,0.0,0.0
2019-02-07 00:00:00+05:30,13.050000190734863,13.199999809265137,12.699999809265137,12.800000190734863,625077,0.0,0.0
2019-02-08 00:00:00+05:30,12.800000190734863,13.050000190734863,12.699999809265137,12.899999618530273,395150,0.0,0.0
2019-02-11 00:00:00+05:30,12.800000190734863,12.850000381469727,12.300000190734863,12.600000381469727,238849,0.0,0.0
2019-02-12 00:00:00+05:30,12.600000381469727,12.75,12.199999809265137,12.399999618530273,456611,0.0,0.0
2019-02-14 00:00:00+05:30,12.149999618530273,12.25,12.100000381469727,12.199999809265137,248403,0.0,0.0
2019-02-15 00:00:00+05:30,12.100000381469727,12.25,12.100000381469727,12.199999809265137,187324,0.0,0.0
2019-02-18 00:00:00+05:30,12.25,12.25,12.0,12.100000381469727,166432,0.0,0.0
2019-02-19 00:00:00+05:30,12.199999809265137,12.600000381469727,12.149999618530273,12.550000190734863,261027,0.0,0.0
2019-02-20 00:00:00+05:30,12.600000381469727,12.649999618530273,12.199999809265137,12.300000190734863,336927,0.0,0.0
2019-02-21 00:00:00+05:30,13.899999618530273,13.899999618530273,13.050000190734863,13.199999809265137,1944800,0.0,0.0
2019-02-22 00:00:00+05:30,13.25,13.300000190734863,12.949999809265137,13.0,431357,0.0,0.0
2019-02-25 00:00:00+05:30,13.199999809265137,13.199999809265137,12.949999809265137,13.0,245253,0.0,0.0
2019-02-26 00:00:00+05:30,12.899999618530273,13.0,12.199999809265137,12.899999618530273,326033,0.0,0.0
2019-02-27 00:00:00+05:30,13.699999809265137,14.399999618530273,13.100000381469727,13.449999809265137,2362396,0.0,0.0
2019-02-28 00:00:00+05:30,13.449999809265137,13.649999618530273,13.199999809265137,13.300000190734863,292973,0.0,0.0
2019-03-01 00:00:00+05:30,13.300000190734863,13.600000381469727,13.300000190734863,13.550000190734863,534529,0.0,0.0
2019-03-05 00:00:00+05:30,13.5,14.25,13.399999618530273,13.949999809265137,967977,0.0,0.0
2019-03-06 00:00:00+05:30,14.050000190734863,14.25,13.949999809265137,14.199999809265137,850951,0.0,0.0
2019-03-07 00:00:00+05:30,14.300000190734863,14.649999618530273,14.149999618530273,14.399999618530273,749823,0.0,0.0
2019-03-08 00:00:00+05:30,14.449999809265137,14.850000381469727,14.0,14.5,954748,0.0,0.0
2019-03-11 00:00:00+05:30,14.649999618530273,15.75,14.449999809265137,15.050000190734863,3022885,0.0,0.0
2019-03-12 00:00:00+05:30,15.5,15.649999618530273,14.949999809265137,15.149999618530273,3303259,0.0,0.0
2019-03-13 00:00:00+05:30,15.199999809265137,15.199999809265137,14.550000190734863,14.600000381469727,1129377,0.0,0.0
2019-03-14 00:00:00+05:30,14.649999618530273,15.0,14.399999618530273,14.550000190734863,1268171,0.0,0.0
2019-03-15 00:00:00+05:30,14.449999809265137,14.699999809265137,13.449999809265137,13.649999618530273,2210925,0.0,0.0
2019-03-18 00:00:00+05:30,13.850000381469727,14.100000381469727,13.699999809265137,13.949999809265137,1241894,0.0,0.0
2019-03-19 00:00:00+05:30,14.100000381469727,14.300000190734863,13.850000381469727,14.149999618530273,870513,0.0,0.0
2019-03-20 00:00:00+05:30,14.149999618530273,14.25,13.800000190734863,13.850000381469727,1017970,0.0,0.0
2019-03-22 00:00:00+05:30,13.899999618530273,14.100000381469727,13.800000190734863,13.800000190734863,442754,0.0,0.0
2019-03-25 00:00:00+05:30,13.800000190734863,13.850000381469727,13.449999809265137,13.600000381469727,562536,0.0,0.0
2019-03-26 00:00:00+05:30,13.5,13.800000190734863,13.5,13.699999809265137,598060,0.0,0.0
2019-03-27 00:00:00+05:30,13.699999809265137,14.100000381469727,13.699999809265137,13.800000190734863,904256,0.0,0.0
2019-03-28 00:00:00+05:30,14.0,14.350000381469727,14.0,14.25,1546237,0.0,0.0
2019-04-01 00:00:00+05:30,14.550000190734863,15.449999809265137,14.5,15.100000381469727,3794544,0.0,0.0
2019-04-02 00:00:00+05:30,15.25,15.350000381469727,14.850000381469727,15.149999618530273,1819518,0.0,0.0
2019-04-03 00:00:00+05:30,15.199999809265137,15.350000381469727,14.899999618530273,15.199999809265137,1579914,0.0,0.0
2019-04-04 00:00:00+05:30,15.25,15.300000190734863,14.850000381469727,14.899999618530273,645848,0.0,0.0
2019-04-05 00:00:00+05:30,14.899999618530273,15.25,14.899999618530273,15.0,522783,0.0,0.0
2019-04-08 00:00:00+05:30,15.149999618530273,15.300000190734863,14.949999809265137,15.0,587773,0.0,0.0
2019-04-09 00:00:00+05:30,15.050000190734863,15.100000381469727,14.649999618530273,14.850000381469727,586452,0.0,0.0
2019-04-10 00:00:00+05:30,14.899999618530273,15.0,14.75,14.850000381469727,419401,0.0,0.0
2019-04-11 00:00:00+05:30,14.850000381469727,14.949999809265137,14.699999809265137,14.850000381469727,476532,0.0,0.0
2019-04-12 00:00:00+05:30,14.75,14.850000381469727,14.600000381469727,14.649999618530273,563726,0.0,0.0
2019-04-15 00:00:00+05:30,14.699999809265137,14.850000381469727,14.600000381469727,14.649999618530273,349347,0.0,0.0
2019-04-16 00:00:00+05:30,14.649999618530273,15.100000381469727,14.649999618530273,14.850000381469727,662217,0.0,0.0
2019-04-18 00:00:00+05:30,14.850000381469727,14.949999809265137,14.649999618530273,14.699999809265137,663572,0.0,0.0
2019-04-22 00:00:00+05:30,14.649999618530273,14.699999809265137,14.350000381469727,14.399999618530273,455932,0.0,0.0
2019-04-23 00:00:00+05:30,14.300000190734863,14.699999809265137,14.300000190734863,14.5,343222,0.0,0.0
2019-04-24 00:00:00+05:30,14.5,14.649999618530273,14.399999618530273,14.600000381469727,276406,0.0,0.0
2019-04-25 00:00:00+05:30,14.600000381469727,15.350000381469727,14.600000381469727,15.0,1467944,0.0,0.0
2019-04-26 00:00:00+05:30,15.050000190734863,15.199999809265137,14.949999809265137,15.0,396126,0.0,0.0
2019-04-30 00:00:00+05:30,15.149999618530273,15.199999809265137,13.850000381469727,14.100000381469727,1412066,0.0,0.0
2019-05-02 00:00:00+05:30,14.100000381469727,14.25,13.800000190734863,13.899999618530273,1572235,0.0,0.0
2019-05-03 00:00:00+05:30,14.0,14.199999809265137,13.949999809265137,14.0,528208,0.0,0.0
2019-05-06 00:00:00+05:30,13.899999618530273,14.100000381469727,13.399999618530273,13.600000381469727,883462,0.0,0.0
2019-05-07 00:00:00+05:30,14.0,14.050000190734863,13.0,13.149999618530273,1788201,0.0,0.0
2019-05-08 00:00:00+05:30,13.149999618530273,13.5,12.949999809265137,13.149999618530273,1139430,0.0,0.0
2019-05-09 00:00:00+05:30,13.149999618530273,13.600000381469727,13.100000381469727,13.25,1381143,0.0,0.0
2019-05-10 00:00:00+05:30,13.300000190734863,13.300000190734863,13.050000190734863,13.149999618530273,711460,0.0,0.0
2019-05-13 00:00:00+05:30,13.100000381469727,13.199999809265137,12.399999618530273,12.550000190734863,1193831,0.0,0.0
2019-05-14 00:00:00+05:30,12.550000190734863,13.0,12.300000190734863,12.550000190734863,890374,0.0,0.0
2019-05-15 00:00:00+05:30,12.75,12.899999618530273,11.850000381469727,12.100000381469727,1764830,0.0,0.0
2019-05-16 00:00:00+05:30,11.949999809265137,12.5,11.949999809265137,12.0,974416,0.0,0.0
2019-05-17 00:00:00+05:30,12.0,12.149999618530273,11.699999809265137,11.850000381469727,1202443,0.0,0.0
2019-05-20 00:00:00+05:30,12.199999809265137,12.5,12.050000190734863,12.350000381469727,1364601,0.0,0.0
2019-05-21 00:00:00+05:30,12.350000381469727,12.5,11.649999618530273,11.800000190734863,1640071,0.0,0.0
2019-05-22 00:00:00+05:30,11.850000381469727,12.149999618530273,11.449999809265137,11.899999618530273,1314010,0.0,0.0
2019-05-23 00:00:00+05:30,11.949999809265137,12.350000381469727,11.600000381469727,11.699999809265137,1963426,0.0,0.0
2019-05-24 00:00:00+05:30,11.800000190734863,12.050000190734863,11.800000190734863,11.949999809265137,878070,0.0,0.0
2019-05-27 00:00:00+05:30,12.0,12.149999618530273,11.899999618530273,11.949999809265137,1126747,0.0,0.0
2019-05-28 00:00:00+05:30,12.0,12.100000381469727,11.899999618530273,11.949999809265137,714402,0.0,0.0
2019-05-29 00:00:00+05:30,11.949999809265137,12.100000381469727,11.699999809265137,11.899999618530273,809609,0.0,0.0
2019-05-30 00:00:00+05:30,11.949999809265137,12.0,11.899999618530273,12.0,335554,0.0,0.0
2019-05-31 00:00:00+05:30,12.100000381469727,12.25,11.949999809265137,12.050000190734863,1283800,0.0,0.0
2019-06-03 00:00:00+05:30,12.050000190734863,12.050000190734863,11.899999618530273,11.949999809265137,533556,0.0,0.0
2019-06-04 00:00:00+05:30,12.0,12.199999809265137,11.899999618530273,12.149999618530273,720914,0.0,0.0
2019-06-06 00:00:00+05:30,12.149999618530273,12.149999618530273,11.899999618530273,11.899999618530273,762584,0.0,0.0
2019-06-07 00:00:00+05:30,11.949999809265137,12.0,11.800000190734863,11.850000381469727,544535,0.0,0.0
2019-06-10 00:00:00+05:30,12.100000381469727,12.100000381469727,11.649999618530273,11.649999618530273,519678,0.0,0.0
2019-06-11 00:00:00+05:30,11.699999809265137,11.850000381469727,11.649999618530273,11.800000190734863,359051,0.0,0.0
2019-06-12 00:00:00+05:30,11.949999809265137,12.0,11.699999809265137,11.75,479140,0.0,0.0
2019-06-13 00:00:00+05:30,11.75,11.850000381469727,11.600000381469727,11.649999618530273,398523,0.0,0.0
2019-06-14 00:00:00+05:30,11.699999809265137,11.800000190734863,11.600000381469727,11.699999809265137,530605,0.0,0.0
2019-06-17 00:00:00+05:30,11.75,11.75,11.550000190734863,11.600000381469727,401029,0.0,0.0
2019-06-18 00:00:00+05:30,11.649999618530273,11.699999809265137,11.550000190734863,11.600000381469727,304139,0.0,0.0
2019-06-19 00:00:00+05:30,11.649999618530273,11.699999809265137,11.350000381469727,11.399999618530273,424288,0.0,0.0
2019-06-20 00:00:00+05:30,11.399999618530273,11.449999809265137,11.199999809265137,11.300000190734863,475234,0.0,0.0
2019-06-21 00:00:00+05:30,11.350000381469727,11.600000381469727,11.149999618530273,11.449999809265137,573792,0.0,0.0
2019-06-24 00:00:00+05:30,11.350000381469727,11.5,11.199999809265137,11.300000190734863,415665,0.0,0.0
2019-06-25 00:00:00+05:30,11.300000190734863,11.449999809265137,11.25,11.300000190734863,317200,0.0,0.0
2019-06-26 00:00:00+05:30,11.300000190734863,11.5,11.25,11.399999618530273,495025,0.0,0.0
2019-06-27 00:00:00+05:30,11.399999618530273,11.800000190734863,11.399999618530273,11.699999809265137,898956,0.0,0.0
2019-06-28 00:00:00+05:30,12.699999809265137,12.699999809265137,12.050000190734863,12.149999618530273,2245298,0.0,0.0
2019-07-01 00:00:00+05:30,12.5,12.5,12.0,12.100000381469727,692176,0.0,0.0
2019-07-02 00:00:00+05:30,12.149999618530273,12.300000190734863,11.899999618530273,11.949999809265137,780969,0.0,0.0
2019-07-03 00:00:00+05:30,11.949999809265137,12.199999809265137,11.949999809265137,12.149999618530273,602755,0.0,0.0
2019-07-04 00:00:00+05:30,12.449999809265137,12.75,12.399999618530273,12.649999618530273,2484617,0.0,0.0
2019-07-05 00:00:00+05:30,12.699999809265137,12.949999809265137,12.699999809265137,12.75,2701073,0.0,0.0
2019-07-08 00:00:00+05:30,12.75,12.75,12.050000190734863,12.199999809265137,731821,0.0,0.0
2019-07-09 00:00:00+05:30,12.149999618530273,12.300000190734863,12.0,12.050000190734863,450899,0.0,0.0
2019-07-10 00:00:00+05:30,12.399999618530273,12.649999618530273,12.0,12.100000381469727,1401242,0.0,0.0
2019-07-11 00:00:00+05:30,12.199999809265137,12.350000381469727,12.149999618530273,12.199999809265137,323853,0.0,0.0
2019-07-12 00:00:00+05:30,12.050000190734863,12.5,12.050000190734863,12.25,676606,0.0,0.0
2019-07-15 00:00:00+05:30,12.199999809265137,12.350000381469727,11.949999809265137,12.0,283023,0.0,0.0
2019-07-16 00:00:00+05:30,12.0,12.149999618530273,11.899999618530273,12.0,343527,0.0,0.0
2019-07-17 00:00:00+05:30,12.149999618530273,12.25,12.0,12.100000381469727,521235,0.0,0.0
2019-07-18 00:00:00+05:30,12.050000190734863,12.149999618530273,11.949999809265137,12.0,220866,0.0,0.0
2019-07-19 00:00:00+05:30,12.0,12.050000190734863,11.649999618530273,11.699999809265137,441886,0.0,0.0
2019-07-22 00:00:00+05:30,11.699999809265137,11.800000190734863,11.5,11.699999809265137,637105,0.0,0.0
2019-07-23 00:00:00+05:30,11.699999809265137,11.949999809265137,11.550000190734863,11.699999809265137,1957929,0.0,0.0
2019-07-24 00:00:00+05:30,11.600000381469727,11.699999809265137,11.350000381469727,11.399999618530273,469815,0.0,0.0
2019-07-25 00:00:00+05:30,11.399999618530273,11.550000190734863,11.300000190734863,11.350000381469727,470186,0.0,0.0
2019-07-26 00:00:00+05:30,11.350000381469727,11.5,11.300000190734863,11.399999618530273,320893,0.0,0.0
2019-07-29 00:00:00+05:30,11.399999618530273,11.5,11.199999809265137,11.25,898704,0.0,0.0
2019-07-30 00:00:00+05:30,11.300000190734863,11.399999618530273,11.050000190734863,11.100000381469727,683351,0.0,0.0
2019-07-31 00:00:00+05:30,11.100000381469727,11.25,11.050000190734863,11.199999809265137,342174,0.0,0.0
2019-08-01 00:00:00+05:30,11.149999618530273,11.199999809265137,11.0,11.050000190734863,431516,0.0,0.0
2019-08-02 00:00:00+05:30,11.050000190734863,11.050000190734863,10.850000381469727,10.899999618530273,561837,0.0,0.0
2019-08-05 00:00:00+05:30,10.800000190734863,10.800000190734863,10.600000381469727,10.649999618530273,555376,0.0,0.0
2019-08-06 00:00:00+05:30,10.649999618530273,10.899999618530273,10.600000381469727,10.649999618530273,506226,0.0,0.0
2019-08-07 00:00:00+05:30,10.649999618530273,10.850000381469727,10.600000381469727,10.699999809265137,330257,0.0,0.0
2019-08-08 00:00:00+05:30,10.649999618530273,10.75,10.5,10.550000190734863,510315,0.0,0.0
2019-08-09 00:00:00+05:30,10.550000190734863,10.850000381469727,10.550000190734863,10.550000190734863,625969,0.0,0.0
2019-08-13 00:00:00+05:30,10.600000381469727,10.600000381469727,10.300000190734863,10.350000381469727,311334,0.0,0.0
2019-08-14 00:00:00+05:30,10.5,10.5,10.149999618530273,10.199999809265137,766676,0.0,0.0
2019-08-16 00:00:00+05:30,10.199999809265137,10.25,10.050000190734863,10.149999618530273,616717,0.0,0.0
2019-08-19 00:00:00+05:30,10.149999618530273,10.199999809265137,9.949999809265137,10.0,897522,0.0,0.0
2019-08-20 00:00:00+05:30,10.050000190734863,10.100000381469727,9.800000190734863,9.899999618530273,708197,0.0,0.0
2019-08-21 00:00:00+05:30,9.899999618530273,9.949999809265137,9.699999809265137,9.75,444866,0.0,0.0
2019-08-22 00:00:00+05:30,9.75,9.75,8.75,9.199999809265137,675217,0.0,0.0
2019-08-23 00:00:00+05:30,9.25,9.75,9.0,9.399999618530273,689654,0.0,0.0
2019-08-26 00:00:00+05:30,10.0,10.300000190734863,9.850000381469727,10.100000381469727,1338985,0.0,0.0
2019-08-27 00:00:00+05:30,10.350000381469727,10.699999809265137,10.25,10.300000190734863,860496,0.0,0.0
2019-08-28 00:00:00+05:30,10.25,10.300000190734863,9.949999809265137,10.100000381469727,421403,0.0,0.0
2019-08-29 00:00:00+05:30,10.0,10.050000190734863,9.899999618530273,10.0,278874,0.0,0.0
2019-08-30 00:00:00+05:30,10.0,10.649999618530273,9.899999618530273,10.449999809265137,1174591,0.0,0.0
2019-09-03 00:00:00+05:30,10.550000190734863,10.699999809265137,10.050000190734863,10.149999618530273,691637,0.0,0.0
2019-09-04 00:00:00+05:30,10.100000381469727,10.25,9.949999809265137,10.0,383225,0.0,0.0
2019-09-05 00:00:00+05:30,10.149999618530273,10.25,10.0,10.050000190734863,412364,0.0,0.0
2019-09-06 00:00:00+05:30,10.100000381469727,10.199999809265137,9.899999618530273,9.949999809265137,491763,0.0,0.0
2019-09-09 00:00:00+05:30,9.949999809265137,10.050000190734863,9.850000381469727,9.850000381469727,428642,0.0,0.0
2019-09-11 00:00:00+05:30,9.850000381469727,10.600000381469727,9.800000190734863,10.149999618530273,585814,0.0,0.0
2019-09-12 00:00:00+05:30,10.149999618530273,10.25,10.0,10.0,381379,0.0,0.0
2019-09-13 00:00:00+05:30,10.149999618530273,10.25,9.949999809265137,10.0,466545,0.0,0.0
2019-09-16 00:00:00+05:30,10.0,10.149999618530273,9.949999809265137,10.100000381469727,237450,0.0,0.0
2019-09-17 00:00:00+05:30,10.100000381469727,10.199999809265137,9.850000381469727,9.899999618530273,372405,0.0,0.0
2019-09-18 00:00:00+05:30,9.949999809265137,10.0,9.75,9.800000190734863,555117,0.0,0.0
2019-09-19 00:00:00+05:30,9.850000381469727,10.100000381469727,9.649999618530273,9.699999809265137,555475,0.0,0.0
2019-09-20 00:00:00+05:30,9.850000381469727,10.449999809265137,9.600000381469727,10.199999809265137,1126831,0.0,0.0
2019-09-23 00:00:00+05:30,10.300000190734863,10.399999618530273,10.0,10.100000381469727,542702,0.0,0.0
2019-09-24 00:00:00+05:30,10.199999809265137,10.300000190734863,10.0,10.25,585863,0.0,0.0
2019-09-25 00:00:00+05:30,10.199999809265137,10.350000381469727,10.0,10.050000190734863,508732,0.0,0.0
2019-09-26 00:00:00+05:30,10.149999618530273,10.199999809265137,9.949999809265137,10.050000190734863,617345,0.0,0.0
2019-09-27 00:00:00+05:30,10.050000190734863,10.100000381469727,9.800000190734863,9.850000381469727,317452,0.0,0.0
2019-09-30 00:00:00+05:30,9.850000381469727,9.949999809265137,9.350000381469727,9.399999618530273,578443,0.0,0.0
2019-10-01 00:00:00+05:30,9.449999809265137,10.149999618530273,9.449999809265137,9.550000190734863,963813,0.0,0.0
2019-10-03 00:00:00+05:30,9.699999809265137,9.850000381469727,9.5,9.600000381469727,484559,0.0,0.0
2019-10-04 00:00:00+05:30,9.699999809265137,9.899999618530273,9.600000381469727,9.649999618530273,420001,0.0,0.0
2019-10-07 00:00:00+05:30,9.699999809265137,9.75,9.449999809265137,9.600000381469727,284097,0.0,0.0
2019-10-09 00:00:00+05:30,9.699999809265137,9.800000190734863,9.550000190734863,9.600000381469727,321154,0.0,0.0
2019-10-10 00:00:00+05:30,9.600000381469727,9.699999809265137,9.5,9.550000190734863,236079,0.0,0.0
2019-10-11 00:00:00+05:30,9.649999618530273,9.699999809265137,9.5,9.5,288388,0.0,0.0
2019-10-14 00:00:00+05:30,9.550000190734863,9.600000381469727,9.399999618530273,9.5,217469,0.0,0.0
2019-10-15 00:00:00+05:30,9.5,9.550000190734863,9.199999809265137,9.350000381469727,388129,0.0,0.0
2019-10-16 00:00:00+05:30,9.350000381469727,9.5,9.300000190734863,9.350000381469727,332424,0.0,0.0
2019-10-17 00:00:00+05:30,9.350000381469727,9.550000190734863,9.25,9.399999618530273,286574,0.0,0.0
2019-10-18 00:00:00+05:30,9.449999809265137,9.800000190734863,9.399999618530273,9.699999809265137,625551,0.0,0.0
2019-10-22 00:00:00+05:30,10.0,10.0,9.649999618530273,9.699999809265137,514697,0.0,0.0
2019-10-23 00:00:00+05:30,9.75,9.899999618530273,9.699999809265137,9.75,375181,0.0,0.0
2019-10-24 00:00:00+05:30,9.850000381469727,9.949999809265137,9.649999618530273,9.75,441098,0.0,0.0
2019-10-25 00:00:00+05:30,9.75,9.800000190734863,9.550000190734863,9.699999809265137,298608,0.0,0.0
2019-10-27 00:00:00+05:30,9.899999618530273,9.899999618530273,9.649999618530273,9.75,110643,0.0,0.0
2019-10-29 00:00:00+05:30,9.800000190734863,9.800000190734863,9.600000381469727,9.699999809265137,327042,0.0,0.0
2019-10-30 00:00:00+05:30,9.800000190734863,10.350000381469727,9.75,10.25,1700665,0.0,0.0
2019-10-31 00:00:00+05:30,10.300000190734863,10.800000190734863,10.199999809265137,10.699999809265137,2535994,0.0,0.0
2019-11-01 00:00:00+05:30,10.850000381469727,11.0,10.75,10.899999618530273,1659447,0.0,0.0
2019-11-04 00:00:00+05:30,11.100000381469727,12.199999809265137,11.0,12.0,5120317,0.0,0.0
2019-11-05 00:00:00+05:30,10.899999618530273,10.949999809265137,10.300000190734863,10.600000381469727,5026597,0.0,0.0
2019-11-06 00:00:00+05:30,10.100000381469727,10.5,10.100000381469727,10.25,1467646,0.0,0.0
2019-11-07 00:00:00+05:30,10.399999618530273,10.550000190734863,10.300000190734863,10.5,599297,0.0,0.0
2019-11-08 00:00:00+05:30,10.449999809265137,10.449999809265137,10.149999618530273,10.199999809265137,572517,0.0,0.0
2019-11-11 00:00:00+05:30,10.050000190734863,10.300000190734863,10.050000190734863,10.149999618530273,638324,0.0,0.0
2019-11-13 00:00:00+05:30,10.149999618530273,10.25,9.949999809265137,10.0,588789,0.0,0.0
2019-11-14 00:00:00+05:30,10.100000381469727,10.100000381469727,9.75,9.800000190734863,574366,0.0,0.0
2019-11-15 00:00:00+05:30,9.850000381469727,10.300000190734863,9.800000190734863,9.899999618530273,969040,0.0,0.0
2019-11-18 00:00:00+05:30,9.899999618530273,10.100000381469727,9.850000381469727,9.899999618530273,636029,0.0,0.0
2019-11-19 00:00:00+05:30,9.949999809265137,11.5,9.899999618530273,10.850000381469727,4143641,0.0,0.0
2019-11-20 00:00:00+05:30,11.149999618530273,11.449999809265137,10.149999618530273,10.75,3405396,0.0,0.0
2019-11-21 00:00:00+05:30,10.850000381469727,11.350000381469727,10.550000190734863,10.949999809265137,1470497,0.0,0.0
2019-11-22 00:00:00+05:30,11.0,11.050000190734863,10.600000381469727,10.75,706517,0.0,0.0
2019-11-25 00:00:00+05:30,10.800000190734863,10.850000381469727,10.649999618530273,10.649999618530273,636402,0.0,0.0
2019-11-26 00:00:00+05:30,10.699999809265137,10.800000190734863,10.350000381469727,10.449999809265137,686230,0.0,0.0
2019-11-27 00:00:00+05:30,10.5,10.699999809265137,10.199999809265137,10.350000381469727,667637,0.0,0.0
2019-11-28 00:00:00+05:30,10.649999618530273,10.949999809265137,10.649999618530273,10.699999809265137,2153695,0.0,0.0
2019-11-29 00:00:00+05:30,10.800000190734863,10.949999809265137,10.600000381469727,10.649999618530273,1099426,0.0,0.0
2019-12-02 00:00:00+05:30,10.649999618530273,10.699999809265137,10.449999809265137,10.5,393732,0.0,0.0
2019-12-03 00:00:00+05:30,10.5,10.550000190734863,10.25,10.300000190734863,440837,0.0,0.0
2019-12-04 00:00:00+05:30,10.300000190734863,10.600000381469727,10.25,10.399999618530273,698988,0.0,0.0
2019-12-05 00:00:00+05:30,10.5,10.550000190734863,10.300000190734863,10.350000381469727,520337,0.0,0.0
2019-12-06 00:00:00+05:30,10.350000381469727,10.5,10.100000381469727,10.149999618530273,337788,0.0,0.0
2019-12-09 00:00:00+05:30,10.199999809265137,10.199999809265137,9.949999809265137,10.0,442401,0.0,0.0
2019-12-10 00:00:00+05:30,10.050000190734863,10.149999618530273,9.899999618530273,9.949999809265137,630667,0.0,0.0
2019-12-11 00:00:00+05:30,9.949999809265137,10.050000190734863,9.800000190734863,9.850000381469727,409148,0.0,0.0
2019-12-12 00:00:00+05:30,9.899999618530273,10.5,9.850000381469727,10.050000190734863,528826,0.0,0.0
2019-12-13 00:00:00+05:30,10.149999618530273,10.399999618530273,10.149999618530273,10.25,796045,0.0,0.0
2019-12-16 00:00:00+05:30,10.350000381469727,10.5,10.149999618530273,10.25,593230,0.0,0.0
2019-12-17 00:00:00+05:30,10.300000190734863,10.350000381469727,10.050000190734863,10.100000381469727,503740,0.0,0.0
2019-12-18 00:00:00+05:30,10.100000381469727,10.25,9.949999809265137,10.050000190734863,489955,0.0,0.0
2019-12-19 00:00:00+05:30,10.050000190734863,10.100000381469727,9.949999809265137,10.0,341044,0.0,0.0
2019-12-20 00:00:00+05:30,10.100000381469727,10.350000381469727,10.050000190734863,10.25,892040,0.0,0.0
2019-12-23 00:00:00+05:30,10.149999618530273,10.399999618530273,10.050000190734863,10.100000381469727,584666,0.0,0.0
2019-12-24 00:00:00+05:30,10.149999618530273,10.300000190734863,10.050000190734863,10.100000381469727,312767,0.0,0.0
2019-12-26 00:00:00+05:30,10.100000381469727,12.100000381469727,10.0,11.300000190734863,2202525,0.0,0.0
2019-12-27 00:00:00+05:30,11.800000190734863,12.850000381469727,10.800000190734863,11.949999809265137,10548971,0.0,0.0
2019-12-30 00:00:00+05:30,12.25,12.25,11.5,11.699999809265137,2358457,0.0,0.0
2019-12-31 00:00:00+05:30,11.5,11.699999809265137,11.199999809265137,11.300000190734863,1214440,0.0,0.0
2020-01-01 00:00:00+05:30,11.300000190734863,11.399999618530273,11.0,11.100000381469727,856923,0.0,0.0
2020-01-02 00:00:00+05:30,11.199999809265137,11.300000190734863,11.050000190734863,11.149999618530273,808985,0.0,0.0
2020-01-03 00:00:00+05:30,11.199999809265137,11.199999809265137,11.0,11.100000381469727,637236,0.0,0.0
2020-01-06 00:00:00+05:30,11.600000381469727,12.149999618530273,11.449999809265137,11.600000381469727,4059582,0.0,0.0
2020-01-07 00:00:00+05:30,11.649999618530273,11.899999618530273,11.100000381469727,11.300000190734863,2213559,0.0,0.0
2020-01-08 00:00:00+05:30,11.100000381469727,11.199999809265137,10.850000381469727,11.100000381469727,730242,0.0,0.0
2020-01-09 00:00:00+05:30,11.300000190734863,11.399999618530273,11.25,11.300000190734863,868460,0.0,0.0
2020-01-10 00:00:00+05:30,11.350000381469727,11.5,11.0,11.199999809265137,1028631,0.0,0.0
2020-01-13 00:00:00+05:30,11.300000190734863,11.399999618530273,11.100000381469727,11.149999618530273,682898,0.0,0.0
2020-01-14 00:00:00+05:30,11.199999809265137,11.800000190734863,11.100000381469727,11.399999618530273,1781056,0.0,0.0
2020-01-15 00:00:00+05:30,11.399999618530273,11.649999618530273,11.199999809265137,11.449999809265137,726957,0.0,0.0
2020-01-16 00:00:00+05:30,11.5,11.600000381469727,11.350000381469727,11.449999809265137,787818,0.0,0.0
2020-01-17 00:00:00+05:30,11.350000381469727,11.5,11.25,11.350000381469727,558836,0.0,0.0
2020-01-20 00:00:00+05:30,11.399999618530273,11.550000190734863,11.300000190734863,11.350000381469727,621795,0.0,0.0
2020-01-21 00:00:00+05:30,11.350000381469727,11.699999809265137,11.300000190734863,11.449999809265137,907024,0.0,0.0
2020-01-22 00:00:00+05:30,11.449999809265137,11.550000190734863,11.350000381469727,11.350000381469727,395094,0.0,0.0
2020-01-23 00:00:00+05:30,11.350000381469727,11.5,10.850000381469727,11.0,1207006,0.0,0.0
2020-01-24 00:00:00+05:30,11.149999618530273,11.300000190734863,10.949999809265137,11.0,1122746,0.0,0.0
2020-01-27 00:00:00+05:30,10.949999809265137,11.100000381469727,10.699999809265137,10.800000190734863,1103365,0.0,0.0
2020-01-28 00:00:00+05:30,10.800000190734863,10.949999809265137,10.5,10.600000381469727,621685,0.0,0.0
2020-01-29 00:00:00+05:30,10.649999618530273,10.850000381469727,10.449999809265137,10.449999809265137,1250955,0.0,0.0
2020-01-30 00:00:00+05:30,10.5,10.600000381469727,10.199999809265137,10.25,770509,0.0,0.0
2020-01-31 00:00:00+05:30,10.350000381469727,10.399999618530273,10.149999618530273,10.199999809265137,1129912,0.0,0.0
2020-02-03 00:00:00+05:30,10.199999809265137,10.300000190734863,10.050000190734863,10.050000190734863,460860,0.0,0.0
2020-02-04 00:00:00+05:30,10.100000381469727,10.25,10.050000190734863,10.050000190734863,491573,0.0,0.0
2020-02-05 00:00:00+05:30,10.050000190734863,10.149999618530273,9.800000190734863,9.850000381469727,1429488,0.0,0.0
2020-02-06 00:00:00+05:30,9.899999618530273,9.949999809265137,9.649999618530273,9.75,1814959,0.0,0.0
2020-02-07 00:00:00+05:30,9.800000190734863,9.899999618530273,9.600000381469727,9.699999809265137,1520102,0.0,0.0
2020-02-10 00:00:00+05:30,9.800000190734863,10.699999809265137,9.600000381469727,9.949999809265137,7018474,0.0,0.0
2020-02-11 00:00:00+05:30,9.899999618530273,9.899999618530273,9.699999809265137,9.75,1890563,0.0,0.0
2020-02-12 00:00:00+05:30,9.699999809265137,9.75,9.399999618530273,9.449999809265137,1736267,0.0,0.0
2020-02-13 00:00:00+05:30,9.699999809265137,9.75,9.449999809265137,9.550000190734863,1538645,0.0,0.0
2020-02-14 00:00:00+05:30,9.600000381469727,9.649999618530273,9.300000190734863,9.350000381469727,1393119,0.0,0.0
2020-02-17 00:00:00+05:30,9.199999809265137,9.350000381469727,9.100000381469727,9.149999618530273,848907,0.0,0.0
2020-02-18 00:00:00+05:30,9.149999618530273,9.25,9.0,9.100000381469727,1074479,0.0,0.0
2020-02-19 00:00:00+05:30,9.100000381469727,9.199999809265137,9.050000190734863,9.149999618530273,553119,0.0,0.0
2020-02-20 00:00:00+05:30,9.199999809265137,9.199999809265137,8.949999809265137,9.0,960306,0.0,0.0
2020-02-24 00:00:00+05:30,9.0,9.0,8.800000190734863,8.850000381469727,1470759,0.0,0.0
2020-02-25 00:00:00+05:30,8.850000381469727,9.100000381469727,8.800000190734863,8.949999809265137,1175033,0.0,0.0
2020-02-26 00:00:00+05:30,8.949999809265137,8.949999809265137,8.75,8.800000190734863,1442665,0.0,0.0
2020-02-27 00:00:00+05:30,8.899999618530273,8.899999618530273,8.699999809265137,8.75,1899672,0.0,0.0
2020-02-28 00:00:00+05:30,8.699999809265137,8.800000190734863,8.449999809265137,8.699999809265137,1100595,0.0,0.0
2020-03-02 00:00:00+05:30,8.75,8.899999618530273,8.600000381469727,8.699999809265137,777133,0.0,0.0
2020-03-03 00:00:00+05:30,8.699999809265137,8.800000190734863,8.550000190734863,8.600000381469727,621447,0.0,0.0
2020-03-04 00:00:00+05:30,8.600000381469727,8.800000190734863,8.5,8.550000190734863,1067127,0.0,0.0
2020-03-05 00:00:00+05:30,8.649999618530273,9.25,8.600000381469727,8.850000381469727,1225826,0.0,0.0
2020-03-06 00:00:00+05:30,8.699999809265137,8.75,8.399999618530273,8.600000381469727,861561,0.0,0.0
2020-03-09 00:00:00+05:30,8.5,8.649999618530273,8.149999618530273,8.25,1470639,0.0,0.0
2020-03-11 00:00:00+05:30,8.350000381469727,8.800000190734863,8.25,8.399999618530273,691171,0.0,0.0
2020-03-12 00:00:00+05:30,8.149999618530273,8.199999809265137,7.599999904632568,7.699999809265137,1752584,0.0,0.0
2020-03-13 00:00:00+05:30,7.199999809265137,7.900000095367432,6.449999809265137,7.550000190734863,2467891,0.0,0.0
2020-03-16 00:00:00+05:30,7.0,7.550000190734863,6.900000095367432,7.449999809265137,1110636,0.0,0.0
2020-03-17 00:00:00+05:30,7.400000095367432,7.800000190734863,7.300000190734863,7.400000095367432,1047335,0.0,0.0
2020-03-18 00:00:00+05:30,7.650000095367432,7.699999809265137,7.099999904632568,7.25,1125434,0.0,0.0
2020-03-19 00:00:00+05:30,7.199999809265137,7.25,6.050000190734863,7.0,1989867,0.0,0.0
2020-03-20 00:00:00+05:30,7.050000190734863,7.199999809265137,6.800000190734863,7.099999904632568,973423,0.0,0.0
2020-03-23 00:00:00+05:30,6.900000095367432,7.300000190734863,6.5,6.699999809265137,930488,0.0,0.0
2020-03-24 00:00:00+05:30,6.949999809265137,7.0,6.599999904632568,6.900000095367432,862658,0.0,0.0
2020-03-25 00:00:00+05:30,6.849999904632568,7.050000190734863,6.699999809265137,7.0,825391,0.0,0.0
2020-03-26 00:00:00+05:30,7.150000095367432,7.5,6.849999904632568,7.300000190734863,1241540,0.0,0.0
2020-03-27 00:00:00+05:30,7.449999809265137,7.75,7.25,7.300000190734863,1718085,0.0,0.0
2020-03-30 00:00:00+05:30,7.300000190734863,7.300000190734863,7.0,7.050000190734863,452740,0.0,0.0
2020-03-31 00:00:00+05:30,7.199999809265137,7.25,6.949999809265137,7.050000190734863,635265,0.0,0.0
2020-04-01 00:00:00+05:30,7.099999904632568,7.099999904632568,6.949999809265137,7.050000190734863,433120,0.0,0.0
2020-04-03 00:00:00+05:30,6.949999809265137,7.099999904632568,6.949999809265137,7.0,490185,0.0,0.0
2020-04-07 00:00:00+05:30,7.050000190734863,7.099999904632568,6.849999904632568,7.0,1152216,0.0,0.0
2020-04-08 00:00:00+05:30,7.0,7.199999809265137,6.900000095367432,7.050000190734863,751375,0.0,0.0
2020-04-09 00:00:00+05:30,7.099999904632568,7.199999809265137,7.050000190734863,7.099999904632568,644900,0.0,0.0
2020-04-13 00:00:00+05:30,7.199999809265137,7.199999809265137,7.0,7.050000190734863,532214,0.0,0.0
2020-04-15 00:00:00+05:30,7.050000190734863,7.150000095367432,7.0,7.099999904632568,676333,0.0,0.0
2020-04-16 00:00:00+05:30,7.099999904632568,7.099999904632568,7.0,7.050000190734863,650668,0.0,0.0
2020-04-17 00:00:00+05:30,7.199999809265137,7.300000190734863,7.099999904632568,7.25,1256900,0.0,0.0
2020-04-20 00:00:00+05:30,7.5,8.100000381469727,7.400000095367432,7.949999809265137,7084181,0.0,0.0
2020-04-21 00:00:00+05:30,7.900000095367432,8.0,7.199999809265137,7.75,1857959,0.0,0.0
2020-04-22 00:00:00+05:30,7.699999809265137,7.900000095367432,7.5,7.699999809265137,1288747,0.0,0.0
2020-04-23 00:00:00+05:30,7.699999809265137,7.849999904632568,7.699999809265137,7.800000190734863,811514,0.0,0.0
2020-04-24 00:00:00+05:30,7.800000190734863,7.800000190734863,7.599999904632568,7.599999904632568,588973,0.0,0.0
2020-04-27 00:00:00+05:30,7.699999809265137,7.75,7.25,7.550000190734863,771000,0.0,0.0
2020-04-28 00:00:00+05:30,7.599999904632568,7.599999904632568,7.449999809265137,7.5,399063,0.0,0.0
2020-04-29 00:00:00+05:30,7.599999904632568,7.800000190734863,7.5,7.699999809265137,1006886,0.0,0.0
2020-04-30 00:00:00+05:30,7.849999904632568,7.949999809265137,7.650000095367432,7.699999809265137,1423710,0.0,0.0
2020-05-04 00:00:00+05:30,7.599999904632568,7.650000095367432,7.349999904632568,7.449999809265137,1036690,0.0,0.0
2020-05-05 00:00:00+05:30,7.5,7.550000190734863,7.400000095367432,7.449999809265137,468743,0.0,0.0
2020-05-06 00:00:00+05:30,7.5,7.5,7.199999809265137,7.400000095367432,595171,0.0,0.0
2020-05-07 00:00:00+05:30,7.400000095367432,7.449999809265137,7.300000190734863,7.400000095367432,420965,0.0,0.0
2020-05-08 00:00:00+05:30,7.449999809265137,7.449999809265137,7.199999809265137,7.25,1037623,0.0,0.0
2020-05-11 00:00:00+05:30,7.199999809265137,7.25,7.050000190734863,7.150000095367432,748775,0.0,0.0
2020-05-12 00:00:00+05:30,7.150000095367432,7.199999809265137,7.050000190734863,7.150000095367432,449159,0.0,0.0
2020-05-13 00:00:00+05:30,7.25,7.5,7.25,7.400000095367432,1140318,0.0,0.0
2020-05-14 00:00:00+05:30,7.400000095367432,7.449999809265137,7.300000190734863,7.349999904632568,482125,0.0,0.0
2020-05-15 00:00:00+05:30,7.349999904632568,7.449999809265137,7.25,7.400000095367432,478020,0.0,0.0
2020-05-18 00:00:00+05:30,7.400000095367432,7.400000095367432,7.099999904632568,7.150000095367432,579631,0.0,0.0
2020-05-19 00:00:00+05:30,7.199999809265137,7.300000190734863,7.050000190734863,7.150000095367432,531039,0.0,0.0
2020-05-20 00:00:00+05:30,7.150000095367432,7.199999809265137,7.050000190734863,7.150000095367432,796338,0.0,0.0
2020-05-21 00:00:00+05:30,7.150000095367432,7.800000190734863,7.099999904632568,7.349999904632568,796276,0.0,0.0
2020-05-22 00:00:00+05:30,7.300000190734863,7.5,7.199999809265137,7.25,681215,0.0,0.0
2020-05-26 00:00:00+05:30,7.349999904632568,7.349999904632568,7.150000095367432,7.150000095367432,523231,0.0,0.0
2020-05-27 00:00:00+05:30,7.199999809265137,7.349999904632568,7.150000095367432,7.349999904632568,619452,0.0,0.0
2020-05-28 00:00:00+05:30,7.349999904632568,7.449999809265137,7.25,7.25,668241,0.0,0.0
2020-05-29 00:00:00+05:30,7.25,7.349999904632568,7.25,7.300000190734863,702714,0.0,0.0
2020-06-01 00:00:00+05:30,7.400000095367432,7.800000190734863,7.349999904632568,7.650000095367432,1994596,0.0,0.0
2020-06-02 00:00:00+05:30,7.699999809265137,8.050000190734863,7.599999904632568,7.949999809265137,1979371,0.0,0.0
2020-06-03 00:00:00+05:30,8.600000381469727,9.5,8.149999618530273,9.399999618530273,20466386,0.0,0.0
2020-06-04 00:00:00+05:30,10.5,10.600000381469727,10.0,10.350000381469727,15892853,0.0,0.0
2020-06-05 00:00:00+05:30,10.699999809265137,10.800000190734863,10.350000381469727,10.449999809265137,7940506,0.0,0.0
2020-06-08 00:00:00+05:30,11.0,11.100000381469727,10.25,10.350000381469727,6998113,0.0,0.0
2020-06-09 00:00:00+05:30,10.449999809265137,10.5,9.550000190734863,9.949999809265137,5561200,0.0,0.0
2020-06-10 00:00:00+05:30,10.0,10.850000381469727,9.949999809265137,10.550000190734863,8002128,0.0,0.0
2020-06-11 00:00:00+05:30,10.449999809265137,10.850000381469727,9.899999618530273,10.0,4500446,0.0,0.0
2020-06-12 00:00:00+05:30,9.399999618530273,10.300000190734863,9.25,10.25,3879723,0.0,0.0
2020-06-15 00:00:00+05:30,10.300000190734863,10.699999809265137,10.149999618530273,10.449999809265137,5802267,0.0,0.0
2020-06-16 00:00:00+05:30,10.699999809265137,10.800000190734863,9.850000381469727,10.199999809265137,4196550,0.0,0.0
2020-06-17 00:00:00+05:30,10.25,10.300000190734863,10.050000190734863,10.100000381469727,1929695,0.0,0.0
2020-06-18 00:00:00+05:30,10.100000381469727,10.199999809265137,10.0,10.100000381469727,1930849,0.0,0.0
2020-06-19 00:00:00+05:30,10.100000381469727,10.25,9.899999618530273,9.949999809265137,9327247,0.0,0.0
2020-06-22 00:00:00+05:30,10.0,10.300000190734863,9.899999618530273,10.199999809265137,5031932,0.0,0.0
2020-06-23 00:00:00+05:30,10.350000381469727,11.199999809265137,10.300000190734863,10.850000381469727,21425137,0.0,0.0
2020-06-24 00:00:00+05:30,11.050000190734863,11.600000381469727,10.850000381469727,10.899999618530273,15903686,0.0,0.0
2020-06-25 00:00:00+05:30,10.949999809265137,11.949999809265137,10.800000190734863,11.949999809265137,22342424,0.0,0.0
2020-06-26 00:00:00+05:30,13.100000381469727,13.100000381469727,12.600000381469727,13.100000381469727,18166836,0.0,0.0
2020-06-29 00:00:00+05:30,13.75,13.75,12.5,12.800000190734863,52333316,0.0,0.0
2020-06-30 00:00:00+05:30,13.149999618530273,13.149999618530273,12.199999809265137,12.199999809265137,11393939,0.0,0.0
2020-07-01 00:00:00+05:30,11.649999618530273,12.0,11.600000381469727,11.600000381469727,13326905,0.0,0.0
2020-07-02 00:00:00+05:30,11.399999618530273,11.899999618530273,11.199999809265137,11.5,14466755,0.0,0.0
2020-07-03 00:00:00+05:30,11.649999618530273,11.699999809265137,11.050000190734863,11.149999618530273,6125315,0.0,0.0
2020-07-06 00:00:00+05:30,11.149999618530273,11.300000190734863,10.699999809265137,10.75,7299132,0.0,0.0
2020-07-07 00:00:00+05:30,10.699999809265137,10.75,10.5,10.600000381469727,6050239,0.0,0.0
2020-07-08 00:00:00+05:30,10.550000190734863,11.100000381469727,10.399999618530273,11.050000190734863,19435071,0.0,0.0
2020-07-09 00:00:00+05:30,11.100000381469727,11.449999809265137,10.75,11.050000190734863,8123054,0.0,0.0
2020-07-10 00:00:00+05:30,11.0,11.0,10.649999618530273,10.75,3736786,0.0,0.0
2020-07-13 00:00:00+05:30,10.800000190734863,10.850000381469727,10.5,10.600000381469727,2538178,0.0,0.0
2020-07-14 00:00:00+05:30,10.5,10.550000190734863,10.149999618530273,10.25,2765540,0.0,0.0
2020-07-15 00:00:00+05:30,10.449999809265137,10.449999809265137,10.0,10.050000190734863,3742449,0.0,0.0
2020-07-16 00:00:00+05:30,10.199999809265137,10.300000190734863,10.050000190734863,10.199999809265137,2592291,0.0,0.0
2020-07-17 00:00:00+05:30,10.199999809265137,10.699999809265137,10.149999618530273,10.649999618530273,4195882,0.0,0.0
2020-07-20 00:00:00+05:30,10.699999809265137,10.850000381469727,10.399999618530273,10.5,2836324,0.0,0.0
2020-07-21 00:00:00+05:30,11.0,11.0,11.0,11.0,1742284,0.0,0.0
2020-07-22 00:00:00+05:30,11.550000190734863,11.550000190734863,10.699999809265137,10.899999618530273,13590217,0.0,0.0
2020-07-23 00:00:00+05:30,10.899999618530273,11.050000190734863,10.649999618530273,10.800000190734863,2219854,0.0,0.0
2020-07-24 00:00:00+05:30,10.699999809265137,10.899999618530273,10.550000190734863,10.699999809265137,1996965,0.0,0.0
2020-07-27 00:00:00+05:30,10.800000190734863,10.850000381469727,10.300000190734863,10.350000381469727,2303773,0.0,0.0
2020-07-28 00:00:00+05:30,10.300000190734863,10.5,10.25,10.449999809265137,1626006,0.0,0.0
2020-07-29 00:00:00+05:30,10.449999809265137,10.949999809265137,10.300000190734863,10.649999618530273,5878096,0.0,0.0
2020-07-30 00:00:00+05:30,10.949999809265137,11.0,10.350000381469727,10.5,2989105,0.0,0.0
2020-07-31 00:00:00+05:30,10.5,10.5,10.25,10.350000381469727,2806342,0.0,0.0
2020-08-03 00:00:00+05:30,10.25,10.399999618530273,10.199999809265137,10.300000190734863,1495743,0.0,0.0
2020-08-04 00:00:00+05:30,10.350000381469727,10.399999618530273,10.25,10.300000190734863,1328368,0.0,0.0
2020-08-05 00:00:00+05:30,10.350000381469727,10.550000190734863,10.25,10.399999618530273,2012983,0.0,0.0
2020-08-06 00:00:00+05:30,10.449999809265137,10.550000190734863,10.300000190734863,10.350000381469727,2180938,0.0,0.0
2020-08-07 00:00:00+05:30,10.300000190734863,10.449999809265137,10.300000190734863,10.350000381469727,1642420,0.0,0.0
2020-08-10 00:00:00+05:30,10.350000381469727,10.550000190734863,10.300000190734863,10.350000381469727,1720914,0.0,0.0
2020-08-11 00:00:00+05:30,10.350000381469727,10.449999809265137,10.300000190734863,10.350000381469727,988330,0.0,0.0
2020-08-12 00:00:00+05:30,10.600000381469727,10.699999809265137,10.5,10.649999618530273,3910569,0.0,0.0
2020-08-13 00:00:00+05:30,10.699999809265137,10.699999809265137,10.399999618530273,10.5,2095125,0.0,0.0
2020-08-14 00:00:00+05:30,10.5,10.550000190734863,10.300000190734863,10.350000381469727,1444915,0.0,0.0
2020-08-17 00:00:00+05:30,10.449999809265137,10.550000190734863,10.350000381469727,10.5,1670314,0.0,0.0
2020-08-18 00:00:00+05:30,10.550000190734863,10.649999618530273,10.449999809265137,10.600000381469727,2186695,0.0,0.0
2020-08-19 00:00:00+05:30,10.699999809265137,11.25,10.649999618530273,11.100000381469727,4823757,0.0,0.0
2020-08-20 00:00:00+05:30,11.300000190734863,11.899999618530273,11.199999809265137,11.399999618530273,13759415,0.0,0.0
2020-08-21 00:00:00+05:30,12.199999809265137,12.25,11.649999618530273,11.699999809265137,22986736,0.0,0.0
2020-08-24 00:00:00+05:30,11.699999809265137,11.75,11.100000381469727,11.149999618530273,6776618,0.0,0.0
2020-08-25 00:00:00+05:30,11.0,11.100000381469727,10.800000190734863,10.850000381469727,4612890,0.0,0.0
2020-08-26 00:00:00+05:30,10.800000190734863,11.100000381469727,10.75,10.899999618530273,3900912,0.0,0.0
2020-08-27 00:00:00+05:30,10.899999618530273,11.050000190734863,10.850000381469727,10.899999618530273,3094512,0.0,0.0
2020-08-28 00:00:00+05:30,10.899999618530273,11.25,10.850000381469727,11.050000190734863,6607427,0.0,0.0
2020-08-31 00:00:00+05:30,11.149999618530273,11.449999809265137,10.449999809265137,10.600000381469727,6473120,0.0,0.0
2020-09-01 00:00:00+05:30,10.550000190734863,10.600000381469727,10.350000381469727,10.449999809265137,1822679,0.0,0.0
2020-09-02 00:00:00+05:30,10.449999809265137,10.5,10.300000190734863,10.399999618530273,1066639,0.0,0.0
2020-09-03 00:00:00+05:30,10.399999618530273,10.5,10.300000190734863,10.350000381469727,1473194,0.0,0.0
2020-09-04 00:00:00+05:30,10.050000190734863,10.350000381469727,10.050000190734863,10.25,1843674,0.0,0.0
2020-09-07 00:00:00+05:30,10.149999618530273,10.199999809265137,10.0,10.050000190734863,1932095,0.0,0.0
2020-09-08 00:00:00+05:30,10.050000190734863,11.050000190734863,10.050000190734863,10.199999809265137,5506229,0.0,0.0
2020-09-09 00:00:00+05:30,10.149999618530273,11.0,10.050000190734863,10.199999809265137,2325245,0.0,0.0
2020-09-10 00:00:00+05:30,10.350000381469727,10.449999809265137,10.199999809265137,10.25,1478118,0.0,0.0
2020-09-11 00:00:00+05:30,10.25,10.350000381469727,10.149999618530273,10.199999809265137,1234512,0.0,0.0
2020-09-14 00:00:00+05:30,10.199999809265137,10.350000381469727,10.149999618530273,10.25,2625868,0.0,0.0
2020-09-15 00:00:00+05:30,10.399999618530273,10.449999809265137,10.149999618530273,10.199999809265137,1524664,0.0,0.0
2020-09-16 00:00:00+05:30,10.199999809265137,10.25,10.149999618530273,10.199999809265137,939389,0.0,0.0
2020-09-17 00:00:00+05:30,10.149999618530273,10.199999809265137,10.050000190734863,10.100000381469727,912215,0.0,0.0
2020-09-18 00:00:00+05:30,10.149999618530273,10.199999809265137,10.0,10.050000190734863,1283586,0.0,0.0
2020-09-21 00:00:00+05:30,10.100000381469727,10.100000381469727,9.5,9.600000381469727,2189832,0.0,0.0
2020-09-22 00:00:00+05:30,9.649999618530273,9.699999809265137,8.899999618530273,9.25,2553091,0.0,0.0
2020-09-23 00:00:00+05:30,9.350000381469727,9.550000190734863,9.149999618530273,9.25,1390252,0.0,0.0
2020-09-24 00:00:00+05:30,9.149999618530273,9.149999618530273,8.75,8.850000381469727,2408888,0.0,0.0
2020-09-25 00:00:00+05:30,8.949999809265137,9.600000381469727,8.949999809265137,9.399999618530273,2230483,0.0,0.0
2020-09-28 00:00:00+05:30,9.5,9.699999809265137,9.449999809265137,9.550000190734863,1476325,0.0,0.0
2020-09-29 00:00:00+05:30,9.649999618530273,9.699999809265137,9.350000381469727,9.350000381469727,806546,0.0,0.0
2020-09-30 00:00:00+05:30,9.399999618530273,9.449999809265137,9.100000381469727,9.199999809265137,683367,0.0,0.0
2020-10-01 00:00:00+05:30,9.199999809265137,9.350000381469727,9.199999809265137,9.300000190734863,735921,0.0,0.0
2020-10-05 00:00:00+05:30,9.350000381469727,9.449999809265137,9.199999809265137,9.25,786873,0.0,0.0
2020-10-06 00:00:00+05:30,9.300000190734863,9.350000381469727,9.199999809265137,9.25,634011,0.0,0.0
2020-10-07 00:00:00+05:30,9.300000190734863,9.399999618530273,9.100000381469727,9.199999809265137,906575,0.0,0.0
2020-10-08 00:00:00+05:30,9.199999809265137,9.300000190734863,9.199999809265137,9.199999809265137,731784,0.0,0.0
2020-10-09 00:00:00+05:30,9.25,9.5,9.199999809265137,9.25,1182889,0.0,0.0
2020-10-12 00:00:00+05:30,9.300000190734863,9.399999618530273,9.199999809265137,9.25,741838,0.0,0.0
2020-10-13 00:00:00+05:30,9.199999809265137,9.399999618530273,9.199999809265137,9.25,968019,0.0,0.0
2020-10-14 00:00:00+05:30,9.25,9.300000190734863,9.149999618530273,9.25,685415,0.0,0.0
2020-10-15 00:00:00+05:30,9.300000190734863,9.350000381469727,9.0,9.050000190734863,982102,0.0,0.0
2020-10-16 00:00:00+05:30,9.149999618530273,9.149999618530273,8.5,9.0,971979,0.0,0.0
2020-10-19 00:00:00+05:30,9.100000381469727,9.5,9.0,9.300000190734863,1942284,0.0,0.0
2020-10-20 00:00:00+05:30,9.25,9.399999618530273,9.149999618530273,9.25,1064766,0.0,0.0
2020-10-21 00:00:00+05:30,9.25,9.399999618530273,9.199999809265137,9.25,994100,0.0,0.0
2020-10-22 00:00:00+05:30,9.199999809265137,9.300000190734863,9.149999618530273,9.300000190734863,714619,0.0,0.0
2020-10-23 00:00:00+05:30,9.350000381469727,9.350000381469727,9.199999809265137,9.300000190734863,862201,0.0,0.0
2020-10-26 00:00:00+05:30,9.300000190734863,9.399999618530273,9.199999809265137,9.25,857927,0.0,0.0
2020-10-27 00:00:00+05:30,9.300000190734863,9.449999809265137,9.25,9.300000190734863,1071437,0.0,0.0
2020-10-28 00:00:00+05:30,9.300000190734863,9.350000381469727,9.25,9.300000190734863,578404,0.0,0.0
2020-10-29 00:00:00+05:30,9.25,9.300000190734863,9.050000190734863,9.25,756667,0.0,0.0
2020-10-30 00:00:00+05:30,9.25,9.350000381469727,9.100000381469727,9.149999618530273,610783,0.0,0.0
2020-11-02 00:00:00+05:30,9.25,9.350000381469727,9.149999618530273,9.149999618530273,1084685,0.0,0.0
2020-11-03 00:00:00+05:30,9.300000190734863,9.300000190734863,9.199999809265137,9.300000190734863,587176,0.0,0.0
2020-11-04 00:00:00+05:30,9.300000190734863,9.399999618530273,9.199999809265137,9.350000381469727,935942,0.0,0.0
2020-11-05 00:00:00+05:30,9.449999809265137,9.850000381469727,9.399999618530273,9.699999809265137,2204322,0.0,0.0
2020-11-06 00:00:00+05:30,10.149999618530273,10.399999618530273,9.449999809265137,9.649999618530273,12147034,0.0,0.0
2020-11-09 00:00:00+05:30,9.899999618530273,9.899999618530273,9.350000381469727,9.449999809265137,3372192,0.0,0.0
2020-11-10 00:00:00+05:30,9.449999809265137,9.5,9.300000190734863,9.449999809265137,1846265,0.0,0.0
2020-11-11 00:00:00+05:30,9.449999809265137,9.649999618530273,9.399999618530273,9.399999618530273,1639837,0.0,0.0
2020-11-12 00:00:00+05:30,9.449999809265137,9.449999809265137,9.300000190734863,9.350000381469727,739832,0.0,0.0
2020-11-13 00:00:00+05:30,9.350000381469727,9.600000381469727,9.25,9.399999618530273,1549173,0.0,0.0
2020-11-14 00:00:00+05:30,9.399999618530273,9.5,9.399999618530273,9.449999809265137,320184,0.0,0.0
2020-11-17 00:00:00+05:30,9.5,9.550000190734863,9.399999618530273,9.399999618530273,1120687,0.0,0.0
2020-11-18 00:00:00+05:30,9.399999618530273,9.649999618530273,9.350000381469727,9.5,2965622,0.0,0.0
2020-11-19 00:00:00+05:30,9.399999618530273,9.5,9.350000381469727,9.399999618530273,1008342,0.0,0.0
2020-11-20 00:00:00+05:30,9.399999618530273,9.850000381469727,9.350000381469727,9.600000381469727,4702067,0.0,0.0
2020-11-23 00:00:00+05:30,9.800000190734863,9.949999809265137,9.600000381469727,9.800000190734863,2674378,0.0,0.0
2020-11-24 00:00:00+05:30,9.850000381469727,10.5,9.649999618530273,10.399999618530273,8930881,0.0,0.0
2020-11-25 00:00:00+05:30,11.25,12.149999618530273,11.100000381469727,11.149999618530273,34354448,0.0,0.0
2020-11-26 00:00:00+05:30,11.300000190734863,11.350000381469727,10.800000190734863,11.050000190734863,5994327,0.0,0.0
2020-11-27 00:00:00+05:30,11.050000190734863,11.149999618530273,10.899999618530273,10.949999809265137,4816297,0.0,0.0
2020-12-01 00:00:00+05:30,11.050000190734863,11.050000190734863,10.850000381469727,10.850000381469727,2804883,0.0,0.0
2020-12-02 00:00:00+05:30,10.899999618530273,10.899999618530273,10.649999618530273,10.699999809265137,3002553,0.0,0.0
2020-12-03 00:00:00+05:30,10.699999809265137,11.25,10.699999809265137,11.050000190734863,6446992,0.0,0.0
2020-12-04 00:00:00+05:30,11.050000190734863,11.25,10.949999809265137,11.0,3653976,0.0,0.0
2020-12-07 00:00:00+05:30,11.100000381469727,11.199999809265137,11.050000190734863,11.149999618530273,3130525,0.0,0.0
2020-12-08 00:00:00+05:30,11.149999618530273,11.850000381469727,11.100000381469727,11.699999809265137,12533394,0.0,0.0
2020-12-09 00:00:00+05:30,11.850000381469727,12.0,11.649999618530273,11.699999809265137,8288482,0.0,0.0
2020-12-10 00:00:00+05:30,11.649999618530273,11.699999809265137,11.100000381469727,11.399999618530273,4430730,0.0,0.0
2020-12-11 00:00:00+05:30,11.399999618530273,11.75,11.199999809265137,11.5,5013829,0.0,0.0
2020-12-14 00:00:00+05:30,11.600000381469727,11.699999809265137,11.350000381469727,11.550000190734863,3278842,0.0,0.0
2020-12-15 00:00:00+05:30,11.600000381469727,11.600000381469727,11.100000381469727,11.199999809265137,3836342,0.0,0.0
2020-12-16 00:00:00+05:30,11.25,11.350000381469727,11.149999618530273,11.199999809265137,1952544,0.0,0.0
2020-12-17 00:00:00+05:30,11.25,11.300000190734863,11.100000381469727,11.149999618530273,1770625,0.0,0.0
2020-12-18 00:00:00+05:30,11.149999618530273,11.199999809265137,10.850000381469727,10.949999809265137,1902829,0.0,0.0
2020-12-21 00:00:00+05:30,10.899999618530273,10.949999809265137,10.149999618530273,10.399999618530273,2730674,0.0,0.0
2020-12-22 00:00:00+05:30,10.399999618530273,10.5,9.850000381469727,10.100000381469727,4486536,0.0,0.0
2020-12-23 00:00:00+05:30,10.149999618530273,10.699999809265137,10.0,10.600000381469727,3612629,0.0,0.0
2020-12-24 00:00:00+05:30,10.800000190734863,10.850000381469727,10.550000190734863,10.600000381469727,1977841,0.0,0.0
2020-12-28 00:00:00+05:30,10.600000381469727,10.850000381469727,10.600000381469727,10.699999809265137,2054628,0.0,0.0
2020-12-29 00:00:00+05:30,10.800000190734863,10.850000381469727,10.5,10.600000381469727,2175702,0.0,0.0
2020-12-30 00:00:00+05:30,10.649999618530273,10.699999809265137,10.399999618530273,10.5,1351599,0.0,0.0
2020-12-31 00:00:00+05:30,10.800000190734863,10.800000190734863,10.600000381469727,10.699999809265137,2546797,0.0,0.0
2021-01-01 00:00:00+05:30,10.75,10.850000381469727,10.649999618530273,10.800000190734863,2686950,0.0,0.0
2021-01-04 00:00:00+05:30,11.050000190734863,11.399999618530273,10.899999618530273,11.300000190734863,7348549,0.0,0.0
2021-01-05 00:00:00+05:30,11.300000190734863,11.449999809265137,11.0,11.350000381469727,3963696,0.0,0.0
2021-01-06 00:00:00+05:30,11.449999809265137,11.449999809265137,11.100000381469727,11.149999618530273,3841684,0.0,0.0
2021-01-07 00:00:00+05:30,11.25,11.350000381469727,11.100000381469727,11.149999618530273,2693311,0.0,0.0
2021-01-08 00:00:00+05:30,11.199999809265137,11.300000190734863,11.050000190734863,11.100000381469727,2981793,0.0,0.0
2021-01-11 00:00:00+05:30,11.100000381469727,11.199999809265137,11.0,11.050000190734863,2008923,0.0,0.0
2021-01-12 00:00:00+05:30,11.050000190734863,11.699999809265137,10.899999618530273,11.5,7708755,0.0,0.0
2021-01-13 00:00:00+05:30,11.550000190734863,11.550000190734863,11.100000381469727,11.350000381469727,7108407,0.0,0.0
2021-01-14 00:00:00+05:30,11.350000381469727,11.399999618530273,11.100000381469727,11.199999809265137,3327974,0.0,0.0
2021-01-15 00:00:00+05:30,11.199999809265137,11.25,11.0,11.100000381469727,3077741,0.0,0.0
2021-01-18 00:00:00+05:30,11.100000381469727,11.25,10.899999618530273,10.949999809265137,2667739,0.0,0.0
2021-01-19 00:00:00+05:30,11.100000381469727,11.199999809265137,11.0,11.050000190734863,2192121,0.0,0.0
2021-01-20 00:00:00+05:30,11.100000381469727,11.199999809265137,11.050000190734863,11.149999618530273,2547706,0.0,0.0
2021-01-21 00:00:00+05:30,11.199999809265137,11.25,10.899999618530273,10.949999809265137,2462191,0.0,0.0
2021-01-22 00:00:00+05:30,11.050000190734863,11.050000190734863,10.75,10.800000190734863,2449757,0.0,0.0
2021-01-25 00:00:00+05:30,10.949999809265137,10.949999809265137,10.5,10.550000190734863,2059199,0.0,0.0
2021-01-27 00:00:00+05:30,10.199999809265137,10.5,10.199999809265137,10.449999809265137,1912858,0.0,0.0
2021-01-28 00:00:00+05:30,10.300000190734863,10.550000190734863,10.25,10.350000381469727,1881566,0.0,0.0
2021-01-29 00:00:00+05:30,10.5,10.949999809265137,10.350000381469727,10.699999809265137,2367759,0.0,0.0
2021-02-01 00:00:00+05:30,11.0,11.199999809265137,10.800000190734863,11.0,5262334,0.0,0.0
2021-02-02 00:00:00+05:30,11.199999809265137,11.300000190734863,10.949999809265137,11.0,3312101,0.0,0.0
2021-02-03 00:00:00+05:30,11.100000381469727,11.199999809265137,11.0,11.100000381469727,4052643,0.0,0.0
2021-02-04 00:00:00+05:30,11.149999618530273,11.949999809265137,11.100000381469727,11.800000190734863,12867389,0.0,0.0
2021-02-05 00:00:00+05:30,12.0,12.25,11.350000381469727,11.449999809265137,20912440,0.0,0.0
2021-02-08 00:00:00+05:30,11.600000381469727,11.899999618530273,11.5,11.649999618530273,7790617,0.0,0.0
2021-02-09 00:00:00+05:30,11.75,12.25,11.100000381469727,11.350000381469727,32459112,0.0,0.0
2021-02-10 00:00:00+05:30,11.449999809265137,11.600000381469727,11.25,11.350000381469727,5683051,0.0,0.0
2021-02-11 00:00:00+05:30,11.350000381469727,11.399999618530273,11.149999618530273,11.199999809265137,3635638,0.0,0.0
2021-02-12 00:00:00+05:30,11.25,11.300000190734863,11.0,11.100000381469727,3991936,0.0,0.0
2021-02-15 00:00:00+05:30,11.100000381469727,11.199999809265137,10.949999809265137,10.949999809265137,3013125,0.0,0.0
2021-02-16 00:00:00+05:30,12.100000381469727,13.100000381469727,11.899999618530273,13.100000381469727,120512679,0.0,0.0
2021-02-17 00:00:00+05:30,13.600000381469727,15.699999809265137,13.300000190734863,15.699999809265137,111032708,0.0,0.0
2021-02-18 00:00:00+05:30,18.100000381469727,18.799999237060547,17.850000381469727,18.799999237060547,34051747,0.0,0.0
2021-02-19 00:00:00+05:30,20.149999618530273,20.649999618530273,16.950000762939453,17.600000381469727,160852820,0.0,0.0
2021-02-22 00:00:00+05:30,17.149999618530273,17.399999618530273,15.850000381469727,16.299999237060547,55325377,0.0,0.0
2021-02-23 00:00:00+05:30,16.5,16.700000762939453,15.300000190734863,15.699999809265137,32706053,0.0,0.0
2021-02-24 00:00:00+05:30,16.0,17.25,15.850000381469727,17.25,31496204,0.0,0.0
2021-02-25 00:00:00+05:30,18.149999618530273,18.950000762939453,18.049999237060547,18.950000762939453,43399865,0.0,0.0
2021-02-26 00:00:00+05:30,17.950000762939453,18.799999237060547,17.149999618530273,17.899999618530273,36405817,0.0,0.0
2021-03-01 00:00:00+05:30,18.899999618530273,18.899999618530273,17.700000762939453,17.799999237060547,13488126,0.0,0.0
2021-03-02 00:00:00+05:30,18.0,18.0,17.049999237060547,17.200000762939453,10736661,0.0,0.0
2021-03-03 00:00:00+05:30,17.399999618530273,17.75,16.799999237060547,17.049999237060547,12589386,0.0,0.0
2021-03-04 00:00:00+05:30,16.799999237060547,17.25,16.549999237060547,16.649999618530273,7493547,0.0,0.0
2021-03-05 00:00:00+05:30,16.649999618530273,16.850000381469727,15.899999618530273,16.0,7163153,0.0,0.0
2021-03-08 00:00:00+05:30,17.399999618530273,17.600000381469727,17.100000381469727,17.600000381469727,23290781,0.0,0.0
2021-03-09 00:00:00+05:30,18.850000381469727,18.850000381469727,17.350000381469727,17.75,21951601,0.0,0.0
2021-03-10 00:00:00+05:30,17.75,17.75,17.149999618530273,17.25,5624826,0.0,0.0
2021-03-12 00:00:00+05:30,18.100000381469727,18.299999237060547,16.899999618530273,17.149999618530273,10389356,0.0,0.0
2021-03-15 00:00:00+05:30,17.799999237060547,17.850000381469727,17.0,17.25,10965622,0.0,0.0
2021-03-16 00:00:00+05:30,17.399999618530273,17.399999618530273,16.549999237060547,16.75,7674059,0.0,0.0
2021-03-17 00:00:00+05:30,16.850000381469727,17.700000762939453,16.450000762939453,16.700000762939453,11985999,0.0,0.0
2021-03-18 00:00:00+05:30,16.850000381469727,17.0,15.5,15.699999809265137,7684819,0.0,0.0
2021-03-19 00:00:00+05:30,15.050000190734863,15.899999618530273,14.5,15.600000381469727,9139191,0.0,0.0
2021-03-22 00:00:00+05:30,15.850000381469727,15.850000381469727,14.899999618530273,15.0,8014850,0.0,0.0
2021-03-23 00:00:00+05:30,15.5,16.5,15.399999618530273,16.5,19028706,0.0,0.0
2021-03-24 00:00:00+05:30,17.600000381469727,18.0,16.5,16.649999618530273,31217086,0.0,0.0
2021-03-25 00:00:00+05:30,16.850000381469727,16.899999618530273,15.600000381469727,16.100000381469727,9983421,0.0,0.0
2021-03-26 00:00:00+05:30,16.149999618530273,17.100000381469727,16.0,16.049999237060547,6478140,0.0,0.0
2021-03-30 00:00:00+05:30,16.049999237060547,16.100000381469727,15.699999809265137,15.899999618530273,4448631,0.0,0.0
2021-03-31 00:00:00+05:30,16.25,16.450000762939453,15.899999618530273,16.0,4595186,0.0,0.0
2021-04-01 00:00:00+05:30,17.100000381469727,17.600000381469727,16.549999237060547,16.950000762939453,26467947,0.0,0.0
2021-04-05 00:00:00+05:30,16.850000381469727,16.850000381469727,16.0,16.25,8026834,0.0,0.0
2021-04-06 00:00:00+05:30,16.299999237060547,16.450000762939453,15.949999809265137,16.049999237060547,4720332,0.0,0.0
2021-04-07 00:00:00+05:30,16.200000762939453,16.399999618530273,16.0,16.149999618530273,7677531,0.0,0.0
2021-04-08 00:00:00+05:30,16.399999618530273,16.399999618530273,16.0,16.049999237060547,4535776,0.0,0.0
2021-04-09 00:00:00+05:30,16.299999237060547,18.450000762939453,16.149999618530273,17.899999618530273,57117244,0.0,0.0
2021-04-12 00:00:00+05:30,17.200000762939453,17.299999237060547,15.5,16.100000381469727,39488761,0.0,0.0
2021-04-13 00:00:00+05:30,16.450000762939453,18.5,16.299999237060547,18.0,81722099,0.0,0.0
2021-04-15 00:00:00+05:30,17.399999618530273,17.399999618530273,16.149999618530273,16.799999237060547,33829322,0.0,0.0
2021-04-16 00:00:00+05:30,17.299999237060547,17.600000381469727,16.799999237060547,16.950000762939453,24586864,0.0,0.0
2021-04-19 00:00:00+05:30,16.0,16.25,15.75,16.149999618530273,18669041,0.0,0.0
2021-04-20 00:00:00+05:30,16.399999618530273,16.75,15.899999618530273,16.149999618530273,14412009,0.0,0.0
2021-04-22 00:00:00+05:30,15.899999618530273,16.299999237060547,15.699999809265137,16.049999237060547,12540815,0.0,0.0
2021-04-23 00:00:00+05:30,15.899999618530273,16.100000381469727,15.800000190734863,15.899999618530273,11841464,0.0,0.0
2021-04-26 00:00:00+05:30,16.0,16.25,15.850000381469727,15.949999809265137,6995724,0.0,0.0
2021-04-27 00:00:00+05:30,15.899999618530273,16.100000381469727,15.899999618530273,16.0,6817682,0.0,0.0
2021-04-28 00:00:00+05:30,16.149999618530273,16.149999618530273,12.800000190734863,15.949999809265137,7187716,0.0,0.0
2021-04-29 00:00:00+05:30,15.949999809265137,16.149999618530273,15.800000190734863,15.850000381469727,7868123,0.0,0.0
2021-04-30 00:00:00+05:30,15.75,15.850000381469727,15.5,15.699999809265137,5392011,0.0,0.0
2021-05-03 00:00:00+05:30,15.600000381469727,15.699999809265137,15.350000381469727,15.550000190734863,5303824,0.0,0.0
2021-05-04 00:00:00+05:30,15.75,16.450000762939453,15.649999618530273,15.850000381469727,21110784,0.0,0.0
2021-05-05 00:00:00+05:30,16.100000381469727,16.100000381469727,15.699999809265137,15.850000381469727,6826089,0.0,0.0
2021-05-06 00:00:00+05:30,16.0,16.299999237060547,15.75,15.800000190734863,7357689,0.0,0.0
2021-05-07 00:00:00+05:30,15.850000381469727,16.200000762939453,15.800000190734863,15.850000381469727,6267903,0.0,0.0
2021-05-10 00:00:00+05:30,16.100000381469727,16.100000381469727,15.800000190734863,15.850000381469727,4507440,0.0,0.0
2021-05-11 00:00:00+05:30,15.850000381469727,16.149999618530273,15.699999809265137,15.949999809265137,9586513,0.0,0.0
2021-05-12 00:00:00+05:30,15.949999809265137,17.200000762939453,15.899999618530273,16.399999618530273,39744724,0.0,0.0
2021-05-14 00:00:00+05:30,16.649999618530273,16.850000381469727,16.049999237060547,16.149999618530273,13661628,0.0,0.0
2021-05-17 00:00:00+05:30,16.25,16.5,16.049999237060547,16.450000762939453,8984120,0.0,0.0
2021-05-18 00:00:00+05:30,16.649999618530273,16.75,16.200000762939453,16.25,7495545,0.0,0.0
2021-05-19 00:00:00+05:30,16.25,18.350000381469727,16.149999618530273,17.149999618530273,54725558,0.0,0.0
2021-05-20 00:00:00+05:30,17.350000381469727,17.350000381469727,16.700000762939453,16.799999237060547,9519927,0.0,0.0
2021-05-21 00:00:00+05:30,16.950000762939453,17.200000762939453,16.799999237060547,16.899999618530273,9024950,0.0,0.0
2021-05-24 00:00:00+05:30,17.100000381469727,17.299999237060547,17.0,17.049999237060547,10334832,0.0,0.0
2021-05-25 00:00:00+05:30,17.200000762939453,17.25,16.450000762939453,16.850000381469727,8153917,0.0,0.0
2021-05-26 00:00:00+05:30,16.950000762939453,17.0,16.700000762939453,16.75,5113922,0.0,0.0
2021-05-27 00:00:00+05:30,16.75,16.899999618530273,16.649999618530273,16.799999237060547,4831222,0.0,0.0
2021-05-28 00:00:00+05:30,16.950000762939453,17.149999618530273,16.799999237060547,16.850000381469727,6236757,0.0,0.0
2021-05-31 00:00:00+05:30,16.950000762939453,17.0,16.799999237060547,16.850000381469727,4329273,0.0,0.0
2021-06-01 00:00:00+05:30,16.799999237060547,16.899999618530273,16.450000762939453,16.649999618530273,3867570,0.0,0.0
2021-06-02 00:00:00+05:30,16.649999618530273,17.700000762939453,16.600000381469727,17.5,26001873,0.0,0.0
2021-06-03 00:00:00+05:30,18.0,18.149999618530273,17.450000762939453,17.5,16816877,0.0,0.0
2021-06-04 00:00:00+05:30,18.0,20.100000381469727,17.5,19.25,114573970,0.0,0.0
2021-06-07 00:00:00+05:30,20.0,22.049999237060547,19.799999237060547,21.5,100276562,0.0,0.0
2021-06-08 00:00:00+05:30,22.5,23.399999618530273,21.450000762939453,21.850000381469727,91512532,0.0,0.0
2021-06-09 00:00:00+05:30,21.950000762939453,22.149999618530273,20.299999237060547,20.549999237060547,40960158,0.0,0.0
2021-06-10 00:00:00+05:30,20.549999237060547,20.899999618530273,19.899999618530273,20.25,21858721,0.0,0.0
2021-06-11 00:00:00+05:30,20.5,20.899999618530273,20.149999618530273,20.700000762939453,20517538,0.0,0.0
2021-06-14 00:00:00+05:30,20.850000381469727,21.899999618530273,20.299999237060547,21.049999237060547,31016976,0.0,0.0
2021-06-15 00:00:00+05:30,21.799999237060547,21.799999237060547,21.0,21.100000381469727,15319292,0.0,0.0
2021-06-16 00:00:00+05:30,21.100000381469727,21.299999237060547,20.450000762939453,20.600000381469727,9014486,0.0,0.0
2021-06-17 00:00:00+05:30,20.149999618530273,21.049999237060547,19.899999618530273,20.100000381469727,11768247,0.0,0.0
2021-06-18 00:00:00+05:30,20.25,20.450000762939453,19.200000762939453,19.700000762939453,9732669,0.0,0.0
2021-06-21 00:00:00+05:30,19.5,23.600000381469727,19.049999237060547,23.600000381469727,65203343,0.0,0.0
2021-06-22 00:00:00+05:30,27.399999618530273,27.399999618530273,24.649999618530273,24.799999237060547,98493849,0.0,0.0
2021-06-23 00:00:00+05:30,25.100000381469727,25.149999618530273,23.399999618530273,23.549999237060547,32084099,0.0,0.0
2021-06-24 00:00:00+05:30,23.600000381469727,23.799999237060547,22.799999237060547,23.100000381469727,20292834,0.0,0.0
2021-06-25 00:00:00+05:30,23.0,25.350000381469727,22.75,24.799999237060547,47560452,0.0,0.0
2021-06-28 00:00:00+05:30,25.299999237060547,26.950000762939453,24.850000381469727,26.450000762939453,66837529,0.0,0.0
2021-06-29 00:00:00+05:30,26.549999237060547,26.700000762939453,25.549999237060547,25.799999237060547,25572725,0.0,0.0
2021-06-30 00:00:00+05:30,26.0,29.0,26.0,28.049999237060547,89616855,0.0,0.0
2021-07-01 00:00:00+05:30,28.350000381469727,28.950000762939453,27.200000762939453,27.350000381469727,44266806,0.0,0.0
2021-07-02 00:00:00+05:30,27.450000762939453,28.399999618530273,27.100000381469727,27.450000762939453,22978061,0.0,0.0
2021-07-05 00:00:00+05:30,27.799999237060547,28.100000381469727,26.899999618530273,27.149999618530273,20969983,0.0,0.0
2021-07-06 00:00:00+05:30,27.200000762939453,27.350000381469727,26.049999237060547,26.200000762939453,17531183,0.0,0.0
2021-07-07 00:00:00+05:30,26.200000762939453,27.450000762939453,26.100000381469727,26.700000762939453,15632447,0.0,0.0
2021-07-08 00:00:00+05:30,26.899999618530273,27.0,26.149999618530273,26.350000381469727,10494076,0.0,0.0
2021-07-09 00:00:00+05:30,26.299999237060547,26.350000381469727,25.850000381469727,26.149999618530273,10059968,0.0,0.0
2021-07-12 00:00:00+05:30,26.350000381469727,26.700000762939453,26.0,26.100000381469727,6765170,0.0,0.0
2021-07-13 00:00:00+05:30,26.350000381469727,27.200000762939453,25.899999618530273,26.700000762939453,23561691,0.0,0.0
2021-07-14 00:00:00+05:30,26.700000762939453,26.799999237060547,24.899999618530273,25.5,14157093,0.0,0.0
2021-07-15 00:00:00+05:30,25.75,26.0,25.200000762939453,25.299999237060547,8118742,0.0,0.0
2021-07-16 00:00:00+05:30,25.450000762939453,25.649999618530273,25.100000381469727,25.25,6072213,0.0,0.0
2021-07-19 00:00:00+05:30,24.950000762939453,25.149999618530273,24.5,24.649999618530273,10458291,0.0,0.0
2021-07-20 00:00:00+05:30,24.200000762939453,24.399999618530273,23.149999618530273,23.350000381469727,15576622,0.0,0.0
2021-07-22 00:00:00+05:30,23.600000381469727,26.0,23.600000381469727,24.5,13314593,0.0,0.0
2021-07-23 00:00:00+05:30,24.600000381469727,26.299999237060547,23.899999618530273,25.75,29854980,0.0,0.0
2021-07-26 00:00:00+05:30,25.75,25.75,24.799999237060547,24.899999618530273,7855559,0.0,0.0
2021-07-27 00:00:00+05:30,24.5,25.350000381469727,24.350000381469727,24.5,8817390,0.0,0.0
2021-07-28 00:00:00+05:30,24.5,24.799999237060547,24.100000381469727,24.299999237060547,8246665,0.0,0.0
2021-07-29 00:00:00+05:30,24.5,24.649999618530273,24.200000762939453,24.299999237060547,6583392,0.0,0.0
2021-07-30 00:00:00+05:30,24.299999237060547,24.950000762939453,24.25,24.450000762939453,7266854,0.0,0.0
2021-08-02 00:00:00+05:30,24.649999618530273,24.75,23.549999237060547,24.049999237060547,9701173,0.0,0.0
2021-08-03 00:00:00+05:30,23.5,24.049999237060547,23.049999237060547,23.350000381469727,19837985,0.0,0.0
2021-08-04 00:00:00+05:30,23.350000381469727,24.0,23.299999237060547,23.450000762939453,9351445,0.0,0.0
2021-08-05 00:00:00+05:30,23.5,23.5,22.149999618530273,22.299999237060547,9501288,0.0,0.0
2021-08-06 00:00:00+05:30,22.299999237060547,22.700000762939453,21.549999237060547,21.700000762939453,10510374,0.0,0.0
2021-08-09 00:00:00+05:30,21.850000381469727,21.950000762939453,20.549999237060547,20.700000762939453,9202779,0.0,0.0
2021-08-10 00:00:00+05:30,20.700000762939453,20.700000762939453,19.600000381469727,19.850000381469727,11642013,0.0,0.0
2021-08-11 00:00:00+05:30,19.850000381469727,19.850000381469727,18.850000381469727,19.350000381469727,9467455,0.0,0.0
2021-08-12 00:00:00+05:30,19.299999237060547,21.649999618530273,19.25,21.299999237060547,21370560,0.0,0.0
2021-08-13 00:00:00+05:30,21.5,21.649999618530273,20.850000381469727,21.0,8343463,0.0,0.0
2021-08-16 00:00:00+05:30,20.950000762939453,21.0,20.149999618530273,20.299999237060547,4993526,0.0,0.0
2021-08-17 00:00:00+05:30,20.299999237060547,20.299999237060547,19.649999618530273,20.0,7057130,0.0,0.0
2021-08-18 00:00:00+05:30,20.0,20.649999618530273,19.799999237060547,20.049999237060547,6519895,0.0,0.0
2021-08-20 00:00:00+05:30,19.649999618530273,20.049999237060547,19.350000381469727,19.549999237060547,5901963,0.0,0.0
2021-08-23 00:00:00+05:30,19.700000762939453,19.950000762939453,18.75,18.899999618530273,6264717,0.0,0.0
2021-08-24 00:00:00+05:30,19.0,19.399999618530273,18.75,19.049999237060547,5174932,0.0,0.0
2021-08-25 00:00:00+05:30,19.200000762939453,19.799999237060547,19.0,19.649999618530273,7599443,0.0,0.0
2021-08-26 00:00:00+05:30,19.5,19.5,19.100000381469727,19.299999237060547,2951066,0.0,0.0
2021-08-27 00:00:00+05:30,19.350000381469727,19.850000381469727,19.149999618530273,19.549999237060547,3885041,0.0,0.0
2021-08-30 00:00:00+05:30,19.899999618530273,19.950000762939453,19.549999237060547,19.700000762939453,3379171,0.0,0.0
2021-08-31 00:00:00+05:30,19.850000381469727,20.450000762939453,19.5,19.600000381469727,6139330,0.0,0.0
2021-09-01 00:00:00+05:30,19.850000381469727,19.950000762939453,19.5,19.649999618530273,6743464,0.0,0.0
2021-09-02 00:00:00+05:30,19.75,19.850000381469727,19.5,19.549999237060547,3315277,0.0,0.0
2021-09-03 00:00:00+05:30,19.600000381469727,20.200000762939453,19.600000381469727,19.75,5532394,0.0,0.0
2021-09-06 00:00:00+05:30,19.850000381469727,20.200000762939453,19.649999618530273,19.75,4302616,0.0,0.0
2021-09-07 00:00:00+05:30,19.850000381469727,19.850000381469727,19.549999237060547,19.600000381469727,2634866,0.0,0.0
2021-09-08 00:00:00+05:30,19.649999618530273,19.850000381469727,19.549999237060547,19.600000381469727,2462285,0.0,0.0
2021-09-09 00:00:00+05:30,19.75,19.950000762939453,19.600000381469727,19.700000762939453,3262501,0.0,0.0
2021-09-13 00:00:00+05:30,19.899999618530273,19.899999618530273,19.5,19.549999237060547,2606874,0.0,0.0
2021-09-14 00:00:00+05:30,19.600000381469727,19.799999237060547,19.600000381469727,19.700000762939453,3472713,0.0,0.0
2021-09-15 00:00:00+05:30,19.799999237060547,20.649999618530273,19.649999618530273,20.200000762939453,8650511,0.0,0.0
2021-09-16 00:00:00+05:30,20.299999237060547,23.5,20.200000762939453,22.75,38601249,0.0,0.0
2021-09-17 00:00:00+05:30,23.149999618530273,23.549999237060547,21.299999237060547,21.850000381469727,22885639,0.0,0.0
2021-09-20 00:00:00+05:30,21.399999618530273,21.399999618530273,20.649999618530273,20.799999237060547,7466265,0.0,0.0
2021-09-21 00:00:00+05:30,20.700000762939453,21.200000762939453,20.200000762939453,20.799999237060547,5325583,0.0,0.0
2021-09-22 00:00:00+05:30,20.799999237060547,21.100000381469727,20.350000381469727,20.600000381469727,4944739,0.0,0.0
2021-09-23 00:00:00+05:30,20.799999237060547,21.0,20.5,20.600000381469727,3645743,0.0,0.0
2021-09-24 00:00:00+05:30,20.75,20.850000381469727,20.299999237060547,20.399999618530273,2521820,0.0,0.0
2021-09-27 00:00:00+05:30,20.649999618530273,20.649999618530273,20.0,20.049999237060547,3850492,0.0,0.0
2021-09-28 00:00:00+05:30,20.399999618530273,20.649999618530273,20.100000381469727,20.350000381469727,5802907,0.0,0.0
2021-09-29 00:00:00+05:30,20.299999237060547,21.299999237060547,20.149999618530273,20.450000762939453,9039717,0.0,0.0
2021-09-30 00:00:00+05:30,23.75,24.5,22.5,22.75,79444681,0.0,0.0
2021-10-01 00:00:00+05:30,22.5,22.799999237060547,22.100000381469727,22.5,16309386,0.0,0.0
2021-10-04 00:00:00+05:30,22.799999237060547,22.850000381469727,22.299999237060547,22.350000381469727,6420080,0.0,0.0
2021-10-05 00:00:00+05:30,22.350000381469727,23.100000381469727,22.25,22.399999618530273,8981233,0.0,0.0
2021-10-06 00:00:00+05:30,22.549999237060547,22.75,21.850000381469727,22.0,6048574,0.0,0.0
2021-10-07 00:00:00+05:30,22.25,22.350000381469727,21.950000762939453,22.0,4353326,0.0,0.0
2021-10-08 00:00:00+05:30,22.149999618530273,22.700000762939453,22.0,22.450000762939453,7618782,0.0,0.0
2021-10-11 00:00:00+05:30,22.600000381469727,22.700000762939453,22.149999618530273,22.25,6879103,0.0,0.0
2021-10-12 00:00:00+05:30,22.350000381469727,23.600000381469727,22.100000381469727,23.200000762939453,19964362,0.0,0.0
2021-10-13 00:00:00+05:30,23.299999237060547,23.600000381469727,22.5,22.649999618530273,14745223,0.0,0.0
2021-10-14 00:00:00+05:30,22.75,23.049999237060547,22.600000381469727,22.700000762939453,6565612,0.0,0.0
2021-10-18 00:00:00+05:30,22.850000381469727,23.399999618530273,22.700000762939453,22.899999618530273,10473701,0.0,0.0
2021-10-19 00:00:00+05:30,23.0,23.149999618530273,21.600000381469727,21.799999237060547,9201814,0.0,0.0
2021-10-20 00:00:00+05:30,21.799999237060547,21.950000762939453,21.149999618530273,21.299999237060547,10347139,0.0,0.0
2021-10-21 00:00:00+05:30,21.549999237060547,22.25,21.350000381469727,21.850000381469727,11981295,0.0,0.0
2021-10-22 00:00:00+05:30,21.950000762939453,22.149999618530273,21.450000762939453,21.649999618530273,6171215,0.0,0.0
2021-10-25 00:00:00+05:30,21.850000381469727,22.200000762939453,21.450000762939453,21.700000762939453,7362894,0.0,0.0
2021-10-26 00:00:00+05:30,21.799999237060547,22.450000762939453,21.75,22.200000762939453,8394498,0.0,0.0
2021-10-27 00:00:00+05:30,22.350000381469727,23.100000381469727,22.149999618530273,22.5,25304155,0.0,0.0
2021-10-28 00:00:00+05:30,22.700000762939453,22.950000762939453,21.049999237060547,21.399999618530273,12091627,0.0,0.0
2021-10-29 00:00:00+05:30,21.600000381469727,21.600000381469727,20.799999237060547,21.25,6904419,0.0,0.0
2021-11-01 00:00:00+05:30,21.350000381469727,21.600000381469727,21.149999618530273,21.399999618530273,3713694,0.0,0.0
2021-11-02 00:00:00+05:30,21.450000762939453,21.700000762939453,21.350000381469727,21.5,4709867,0.0,0.0
2021-11-03 00:00:00+05:30,21.549999237060547,21.649999618530273,21.100000381469727,21.149999618530273,4294608,0.0,0.0
2021-11-04 00:00:00+05:30,21.25,21.450000762939453,21.200000762939453,21.350000381469727,676558,0.0,0.0
2021-11-08 00:00:00+05:30,21.350000381469727,21.549999237060547,21.149999618530273,21.350000381469727,4503625,0.0,0.0
2021-11-09 00:00:00+05:30,21.5,21.799999237060547,21.200000762939453,21.549999237060547,6118434,0.0,0.0
2021-11-10 00:00:00+05:30,21.399999618530273,21.899999618530273,21.25,21.649999618530273,5753206,0.0,0.0
2021-11-11 00:00:00+05:30,21.700000762939453,21.700000762939453,21.299999237060547,21.399999618530273,2466607,0.0,0.0
2021-11-12 00:00:00+05:30,21.450000762939453,21.600000381469727,21.200000762939453,21.299999237060547,2455144,0.0,0.0
2021-11-15 00:00:00+05:30,21.299999237060547,21.450000762939453,20.950000762939453,21.049999237060547,2391378,0.0,0.0
2021-11-16 00:00:00+05:30,21.200000762939453,21.200000762939453,20.899999618530273,20.950000762939453,1416695,0.0,0.0
2021-11-17 00:00:00+05:30,20.850000381469727,21.350000381469727,20.799999237060547,20.899999618530273,2765522,0.0,0.0
2021-11-18 00:00:00+05:30,21.0,21.100000381469727,20.549999237060547,20.649999618530273,3768291,0.0,0.0
2021-11-22 00:00:00+05:30,20.25,20.549999237060547,19.549999237060547,19.799999237060547,4497096,0.0,0.0
2021-11-23 00:00:00+05:30,19.700000762939453,20.200000762939453,19.450000762939453,19.799999237060547,4935375,0.0,0.0
2021-11-24 00:00:00+05:30,22.049999237060547,23.299999237060547,21.899999618530273,22.5,45421646,0.0,0.0
2021-11-25 00:00:00+05:30,23.0,23.100000381469727,21.75,22.399999618530273,17350371,0.0,0.0
2021-11-26 00:00:00+05:30,22.149999618530273,22.149999618530273,21.350000381469727,21.549999237060547,8657383,0.0,0.0
2021-11-29 00:00:00+05:30,21.5,21.5,20.799999237060547,20.950000762939453,6040855,0.0,0.0
2021-11-30 00:00:00+05:30,20.950000762939453,21.399999618530273,20.600000381469727,20.850000381469727,4789153,0.0,0.0
2021-12-01 00:00:00+05:30,21.0,21.200000762939453,20.799999237060547,21.0,3789148,0.0,0.0
2021-12-02 00:00:00+05:30,20.950000762939453,21.100000381469727,20.799999237060547,20.950000762939453,3721262,0.0,0.0
2021-12-03 00:00:00+05:30,21.049999237060547,21.25,20.899999618530273,21.100000381469727,3863680,0.0,0.0
2021-12-06 00:00:00+05:30,21.200000762939453,21.25,20.549999237060547,20.700000762939453,4288342,0.0,0.0
2021-12-07 00:00:00+05:30,20.899999618530273,21.049999237060547,20.799999237060547,20.950000762939453,2987063,0.0,0.0
2021-12-08 00:00:00+05:30,21.0,21.299999237060547,21.0,21.100000381469727,3469901,0.0,0.0
2021-12-09 00:00:00+05:30,21.200000762939453,22.299999237060547,20.899999618530273,21.75,8429677,0.0,0.0
2021-12-10 00:00:00+05:30,21.799999237060547,23.299999237060547,21.600000381469727,22.850000381469727,13570112,0.0,0.0
2021-12-13 00:00:00+05:30,23.399999618530273,23.399999618530273,22.200000762939453,22.399999618530273,7995685,0.0,0.0
2021-12-14 00:00:00+05:30,22.049999237060547,22.200000762939453,21.600000381469727,21.649999618530273,7861100,0.0,0.0
2021-12-15 00:00:00+05:30,21.700000762939453,21.899999618530273,21.5,21.549999237060547,3701638,0.0,0.0
2021-12-16 00:00:00+05:30,21.700000762939453,21.75,20.899999618530273,21.100000381469727,4373856,0.0,0.0
2021-12-17 00:00:00+05:30,20.850000381469727,21.0,20.549999237060547,20.700000762939453,4284142,0.0,0.0
2021-12-20 00:00:00+05:30,20.399999618530273,20.649999618530273,19.600000381469727,20.149999618530273,8003715,0.0,0.0
2021-12-21 00:00:00+05:30,20.200000762939453,20.75,20.100000381469727,20.149999618530273,4266223,0.0,0.0
2021-12-22 00:00:00+05:30,20.200000762939453,20.399999618530273,20.049999237060547,20.149999618530273,3323019,0.0,0.0
2021-12-23 00:00:00+05:30,20.350000381469727,20.600000381469727,20.100000381469727,20.200000762939453,4213038,0.0,0.0
2021-12-24 00:00:00+05:30,20.200000762939453,21.850000381469727,19.950000762939453,20.799999237060547,11675536,0.0,0.0
2021-12-27 00:00:00+05:30,20.649999618530273,20.75,20.149999618530273,20.5,5777778,0.0,0.0
2021-12-28 00:00:00+05:30,20.549999237060547,20.850000381469727,20.450000762939453,20.600000381469727,4497043,0.0,0.0
2021-12-29 00:00:00+05:30,20.549999237060547,20.75,20.350000381469727,20.5,4069722,0.0,0.0
2021-12-30 00:00:00+05:30,20.450000762939453,20.649999618530273,20.25,20.350000381469727,3349082,0.0,0.0
2021-12-31 00:00:00+05:30,20.399999618530273,20.649999618530273,20.350000381469727,20.350000381469727,4314176,0.0,0.0
2022-01-03 00:00:00+05:30,20.399999618530273,20.850000381469727,20.399999618530273,20.549999237060547,5005738,0.0,0.0
2022-01-04 00:00:00+05:30,20.700000762939453,20.700000762939453,20.399999618530273,20.5,4107683,0.0,0.0
2022-01-05 00:00:00+05:30,20.5,21.100000381469727,20.450000762939453,20.649999618530273,6086817,0.0,0.0
2022-01-06 00:00:00+05:30,20.5,20.850000381469727,20.299999237060547,20.75,5471703,0.0,0.0
2022-01-07 00:00:00+05:30,20.75,21.100000381469727,20.399999618530273,20.600000381469727,5365176,0.0,0.0
2022-01-10 00:00:00+05:30,20.75,21.950000762939453,20.649999618530273,21.25,15307757,0.0,0.0
2022-01-11 00:00:00+05:30,21.350000381469727,21.350000381469727,20.850000381469727,20.950000762939453,3911578,0.0,0.0
2022-01-12 00:00:00+05:30,21.0,21.100000381469727,20.850000381469727,20.950000762939453,3723305,0.0,0.0
2022-01-13 00:00:00+05:30,21.049999237060547,21.399999618530273,20.700000762939453,21.100000381469727,4949208,0.0,0.0
2022-01-14 00:00:00+05:30,20.950000762939453,21.299999237060547,20.850000381469727,20.899999618530273,3825577,0.0,0.0
2022-01-17 00:00:00+05:30,20.899999618530273,21.100000381469727,20.850000381469727,20.899999618530273,2418645,0.0,0.0
2022-01-18 00:00:00+05:30,20.950000762939453,21.049999237060547,20.5,20.549999237060547,3329400,0.0,0.0
2022-01-19 00:00:00+05:30,20.549999237060547,21.049999237060547,20.350000381469727,20.899999618530273,4606889,0.0,0.0
2022-01-20 00:00:00+05:30,20.899999618530273,20.950000762939453,20.549999237060547,20.600000381469727,2401832,0.0,0.0
2022-01-21 00:00:00+05:30,20.5,20.600000381469727,20.299999237060547,20.399999618530273,2374804,0.0,0.0
2022-01-24 00:00:00+05:30,20.450000762939453,20.600000381469727,19.899999618530273,20.049999237060547,3453279,0.0,0.0
2022-01-25 00:00:00+05:30,19.5,20.799999237060547,19.5,20.25,4854091,0.0,0.0
2022-01-27 00:00:00+05:30,20.0,21.100000381469727,19.950000762939453,20.899999618530273,7150235,0.0,0.0
2022-01-28 00:00:00+05:30,21.200000762939453,21.5,20.899999618530273,21.200000762939453,7727791,0.0,0.0
2022-01-31 00:00:00+05:30,21.25,21.649999618530273,21.200000762939453,21.399999618530273,4391862,0.0,0.0
2022-02-01 00:00:00+05:30,21.799999237060547,21.950000762939453,20.049999237060547,20.799999237060547,7948546,0.0,0.0
2022-02-02 00:00:00+05:30,21.100000381469727,21.899999618530273,21.0,21.649999618530273,18461692,0.0,0.0
2022-02-03 00:00:00+05:30,21.850000381469727,22.350000381469727,21.450000762939453,21.549999237060547,14776542,0.0,0.0
2022-02-04 00:00:00+05:30,21.549999237060547,21.649999618530273,20.950000762939453,21.049999237060547,4102521,0.0,0.0
2022-02-07 00:00:00+05:30,21.0,21.5,20.799999237060547,21.0,5395835,0.0,0.0
2022-02-08 00:00:00+05:30,21.100000381469727,21.149999618530273,20.450000762939453,20.649999618530273,5698019,0.0,0.0
2022-02-09 00:00:00+05:30,20.850000381469727,20.899999618530273,20.399999618530273,20.5,2496500,0.0,0.0
2022-02-10 00:00:00+05:30,20.549999237060547,20.649999618530273,20.399999618530273,20.600000381469727,3123804,0.0,0.0
2022-02-11 00:00:00+05:30,20.450000762939453,20.600000381469727,20.25,20.299999237060547,1900007,0.0,0.0
2022-02-14 00:00:00+05:30,20.0,20.100000381469727,19.049999237060547,19.25,5422055,0.0,0.0
2022-02-15 00:00:00+05:30,19.299999237060547,19.600000381469727,19.049999237060547,19.5,3386252,0.0,0.0
2022-02-16 00:00:00+05:30,19.600000381469727,19.950000762939453,19.600000381469727,19.649999618530273,2228733,0.0,0.0
2022-02-17 00:00:00+05:30,19.799999237060547,19.850000381469727,19.299999237060547,19.399999618530273,1835640,0.0,0.0
2022-02-18 00:00:00+05:30,19.299999237060547,19.450000762939453,19.100000381469727,19.200000762939453,1407247,0.0,0.0
2022-02-21 00:00:00+05:30,19.100000381469727,19.200000762939453,18.75,18.799999237060547,2360405,0.0,0.0
2022-02-22 00:00:00+05:30,18.549999237060547,18.649999618530273,18.149999618530273,18.299999237060547,2755681,0.0,0.0
2022-02-23 00:00:00+05:30,18.399999618530273,18.899999618530273,18.399999618530273,18.649999618530273,2070638,0.0,0.0
2022-02-24 00:00:00+05:30,18.049999237060547,18.25,16.600000381469727,16.850000381469727,6437314,0.0,0.0
2022-02-25 00:00:00+05:30,17.5,18.600000381469727,17.25,17.549999237060547,7314237,0.0,0.0
2022-02-28 00:00:00+05:30,17.799999237060547,18.0,17.299999237060547,17.649999618530273,4970667,0.0,0.0
2022-03-02 00:00:00+05:30,17.5,17.850000381469727,17.399999618530273,17.75,3608950,0.0,0.0
2022-03-03 00:00:00+05:30,17.850000381469727,18.149999618530273,17.799999237060547,17.899999618530273,2196726,0.0,0.0
2022-03-04 00:00:00+05:30,17.75,18.0,17.649999618530273,17.75,2896413,0.0,0.0
2022-03-07 00:00:00+05:30,17.649999618530273,17.649999618530273,17.049999237060547,17.350000381469727,3084696,0.0,0.0
2022-03-08 00:00:00+05:30,17.399999618530273,17.75,17.350000381469727,17.450000762939453,2644235,0.0,0.0
2022-03-09 00:00:00+05:30,17.649999618530273,18.0,17.5,17.899999618530273,1845302,0.0,0.0
2022-03-10 00:00:00+05:30,18.200000762939453,18.600000381469727,18.100000381469727,18.350000381469727,2922891,0.0,0.0
2022-03-11 00:00:00+05:30,18.350000381469727,18.549999237060547,18.200000762939453,18.299999237060547,1546222,0.0,0.0
2022-03-14 00:00:00+05:30,18.450000762939453,18.450000762939453,18.0,18.100000381469727,1985061,0.0,0.0
2022-03-15 00:00:00+05:30,18.149999618530273,18.299999237060547,17.850000381469727,17.899999618530273,1836139,0.0,0.0
2022-03-16 00:00:00+05:30,18.049999237060547,18.149999618530273,17.850000381469727,17.950000762939453,1608086,0.0,0.0
2022-03-17 00:00:00+05:30,18.100000381469727,18.100000381469727,17.950000762939453,18.0,1864424,0.0,0.0
2022-03-21 00:00:00+05:30,18.5,18.649999618530273,18.149999618530273,18.25,4292590,0.0,0.0
2022-03-22 00:00:00+05:30,18.350000381469727,18.350000381469727,18.100000381469727,18.200000762939453,1511834,0.0,0.0
2022-03-23 00:00:00+05:30,18.350000381469727,18.600000381469727,17.899999618530273,17.950000762939453,3558800,0.0,0.0
2022-03-24 00:00:00+05:30,17.899999618530273,18.049999237060547,17.850000381469727,17.899999618530273,2510432,0.0,0.0
2022-03-25 00:00:00+05:30,18.0,18.049999237060547,17.799999237060547,17.899999618530273,1821371,0.0,0.0
2022-03-28 00:00:00+05:30,17.950000762939453,17.950000762939453,17.600000381469727,17.649999618530273,2442129,0.0,0.0
2022-03-29 00:00:00+05:30,17.700000762939453,17.799999237060547,17.100000381469727,17.200000762939453,2717584,0.0,0.0
2022-03-30 00:00:00+05:30,17.399999618530273,19.950000762939453,17.25,18.950000762939453,6066845,0.0,0.0
2022-03-31 00:00:00+05:30,18.549999237060547,18.899999618530273,18.100000381469727,18.149999618530273,4998753,0.0,0.0
2022-04-01 00:00:00+05:30,17.799999237060547,18.75,17.799999237060547,18.549999237060547,3698003,0.0,0.0
2022-04-04 00:00:00+05:30,18.450000762939453,19.0,18.450000762939453,18.899999618530273,3053864,0.0,0.0
2022-04-05 00:00:00+05:30,18.850000381469727,19.200000762939453,18.850000381469727,18.950000762939453,2692701,0.0,0.0
2022-04-06 00:00:00+05:30,18.950000762939453,19.600000381469727,18.75,19.399999618530273,4980177,0.0,0.0
2022-04-07 00:00:00+05:30,19.600000381469727,20.200000762939453,19.299999237060547,19.450000762939453,8303496,0.0,0.0
2022-04-08 00:00:00+05:30,19.600000381469727,19.700000762939453,19.299999237060547,19.350000381469727,2484032,0.0,0.0
2022-04-11 00:00:00+05:30,19.200000762939453,19.450000762939453,19.100000381469727,19.200000762939453,1909995,0.0,0.0
2022-04-12 00:00:00+05:30,19.100000381469727,19.149999618530273,18.649999618530273,18.950000762939453,2245165,0.0,0.0
2022-04-13 00:00:00+05:30,19.100000381469727,19.200000762939453,18.899999618530273,18.950000762939453,1783673,0.0,0.0
2022-04-18 00:00:00+05:30,18.799999237060547,18.850000381469727,18.549999237060547,18.700000762939453,1258652,0.0,0.0
2022-04-19 00:00:00+05:30,18.850000381469727,19.200000762939453,18.399999618530273,18.600000381469727,2845025,0.0,0.0
2022-04-20 00:00:00+05:30,18.700000762939453,18.899999618530273,18.600000381469727,18.700000762939453,1502071,0.0,0.0
2022-04-21 00:00:00+05:30,18.75,18.899999618530273,18.700000762939453,18.799999237060547,1330405,0.0,0.0
2022-04-22 00:00:00+05:30,18.700000762939453,19.049999237060547,18.600000381469727,18.700000762939453,1577011,0.0,0.0
2022-04-25 00:00:00+05:30,18.600000381469727,18.600000381469727,18.25,18.299999237060547,1042768,0.0,0.0
2022-04-26 00:00:00+05:30,18.399999618530273,18.600000381469727,18.299999237060547,18.450000762939453,1672955,0.0,0.0
2022-04-27 00:00:00+05:30,18.450000762939453,18.5,18.25,18.299999237060547,1218253,0.0,0.0
2022-04-28 00:00:00+05:30,18.799999237060547,18.799999237060547,18.25,18.350000381469727,1750455,0.0,0.0
2022-04-29 00:00:00+05:30,18.5,18.549999237060547,18.049999237060547,18.25,1460978,0.0,0.0
2022-05-02 00:00:00+05:30,18.100000381469727,18.350000381469727,18.049999237060547,18.100000381469727,1511599,0.0,0.0
2022-05-04 00:00:00+05:30,18.0,18.200000762939453,17.799999237060547,17.850000381469727,1647921,0.0,0.0
2022-05-05 00:00:00+05:30,17.950000762939453,18.450000762939453,17.399999618530273,17.600000381469727,2154635,0.0,0.0
2022-05-06 00:00:00+05:30,17.450000762939453,17.799999237060547,17.25,17.5,1747276,0.0,0.0
2022-05-09 00:00:00+05:30,17.700000762939453,17.75,17.149999618530273,17.200000762939453,1548404,0.0,0.0
2022-05-10 00:00:00+05:30,17.100000381469727,17.350000381469727,16.700000762939453,16.899999618530273,1791152,0.0,0.0
2022-05-11 00:00:00+05:30,16.899999618530273,17.100000381469727,16.200000762939453,16.399999618530273,2064489,0.0,0.0
2022-05-12 00:00:00+05:30,16.299999237060547,16.350000381469727,15.25,15.949999809265137,1757340,0.0,0.0
2022-05-13 00:00:00+05:30,16.399999618530273,16.549999237060547,15.850000381469727,16.0,2115060,0.0,0.0
2022-05-16 00:00:00+05:30,16.5,16.700000762939453,16.25,16.450000762939453,1310533,0.0,0.0
2022-05-17 00:00:00+05:30,16.700000762939453,17.25,16.549999237060547,17.0,1421869,0.0,0.0
2022-05-18 00:00:00+05:30,17.399999618530273,17.899999618530273,17.299999237060547,17.549999237060547,7256734,0.0,0.0
2022-05-19 00:00:00+05:30,17.549999237060547,17.549999237060547,16.899999618530273,17.100000381469727,2942416,0.0,0.0
2022-05-20 00:00:00+05:30,17.350000381469727,17.350000381469727,17.100000381469727,17.25,1704234,0.0,0.0
2022-05-23 00:00:00+05:30,17.299999237060547,17.399999618530273,16.899999618530273,16.899999618530273,1221615,0.0,0.0
2022-05-24 00:00:00+05:30,16.899999618530273,17.0,16.549999237060547,16.649999618530273,846506,0.0,0.0
2022-05-25 00:00:00+05:30,16.649999618530273,16.75,15.850000381469727,15.949999809265137,2906983,0.0,0.0
2022-05-26 00:00:00+05:30,16.899999618530273,17.399999618530273,16.299999237060547,17.0,7085512,0.0,0.0
2022-05-27 00:00:00+05:30,17.299999237060547,17.549999237060547,17.0,17.450000762939453,3148233,0.0,0.0
2022-05-30 00:00:00+05:30,17.75,18.399999618530273,17.399999618530273,18.25,4284486,0.0,0.0
2022-05-31 00:00:00+05:30,18.450000762939453,18.799999237060547,18.200000762939453,18.299999237060547,4052376,0.0,0.0
2022-06-01 00:00:00+05:30,18.350000381469727,18.5,17.899999618530273,18.0,2155096,0.0,0.0
2022-06-02 00:00:00+05:30,18.0,18.100000381469727,17.850000381469727,17.899999618530273,1339815,0.0,0.0
2022-06-03 00:00:00+05:30,18.049999237060547,18.149999618530273,17.5,17.549999237060547,1037307,0.0,0.0
2022-06-06 00:00:00+05:30,17.549999237060547,17.700000762939453,17.350000381469727,17.399999618530273,1198234,0.0,0.0
2022-06-07 00:00:00+05:30,17.149999618530273,17.5,17.149999618530273,17.299999237060547,1089108,0.0,0.0
2022-06-08 00:00:00+05:30,17.399999618530273,17.549999237060547,17.149999618530273,17.200000762939453,926358,0.0,0.0
2022-06-09 00:00:00+05:30,17.200000762939453,17.299999237060547,17.049999237060547,17.200000762939453,695134,0.0,0.0
2022-06-10 00:00:00+05:30,17.0,17.450000762939453,17.0,17.25,1288255,0.0,0.0
2022-06-13 00:00:00+05:30,17.0,17.149999618530273,16.799999237060547,16.850000381469727,1192975,0.0,0.0
2022-06-14 00:00:00+05:30,16.600000381469727,16.950000762939453,16.549999237060547,16.649999618530273,1345861,0.0,0.0
2022-06-15 00:00:00+05:30,16.600000381469727,16.850000381469727,16.600000381469727,16.700000762939453,779053,0.0,0.0
2022-06-16 00:00:00+05:30,16.950000762939453,17.25,16.0,16.149999618530273,2921285,0.0,0.0
2022-06-17 00:00:00+05:30,16.100000381469727,16.149999618530273,15.649999618530273,15.949999809265137,1968118,0.0,0.0
2022-06-20 00:00:00+05:30,15.850000381469727,16.0,15.25,15.350000381469727,1523828,0.0,0.0
2022-06-21 00:00:00+05:30,15.399999618530273,16.0,15.399999618530273,15.850000381469727,1199451,0.0,0.0
2022-06-22 00:00:00+05:30,15.75,16.950000762939453,15.649999618530273,16.700000762939453,4986647,0.0,0.0
2022-06-23 00:00:00+05:30,16.799999237060547,16.899999618530273,16.299999237060547,16.5,1386765,0.0,0.0
2022-06-24 00:00:00+05:30,16.450000762939453,17.100000381469727,16.350000381469727,16.950000762939453,1855009,0.0,0.0
2022-06-27 00:00:00+05:30,16.850000381469727,17.299999237060547,16.700000762939453,16.799999237060547,1165094,0.0,0.0
2022-06-28 00:00:00+05:30,16.799999237060547,17.399999618530273,16.649999618530273,16.899999618530273,1807324,0.0,0.0
2022-06-29 00:00:00+05:30,16.799999237060547,16.950000762939453,16.600000381469727,16.649999618530273,812316,0.0,0.0
2022-06-30 00:00:00+05:30,16.600000381469727,16.799999237060547,16.399999618530273,16.450000762939453,615562,0.0,0.0
2022-07-01 00:00:00+05:30,16.450000762939453,16.799999237060547,16.100000381469727,16.549999237060547,718064,0.0,0.0
2022-07-04 00:00:00+05:30,16.649999618530273,17.600000381469727,16.549999237060547,17.399999618530273,3042580,0.0,0.0
2022-07-05 00:00:00+05:30,18.049999237060547,18.600000381469727,17.0,17.700000762939453,10715725,0.0,0.0
2022-07-06 00:00:00+05:30,17.649999618530273,17.649999618530273,17.25,17.399999618530273,1430247,0.0,0.0
2022-07-07 00:00:00+05:30,17.600000381469727,17.75,17.399999618530273,17.5,1427282,0.0,0.0
2022-07-08 00:00:00+05:30,17.649999618530273,17.75,17.25,17.350000381469727,921389,0.0,0.0
2022-07-11 00:00:00+05:30,17.299999237060547,18.950000762939453,17.200000762939453,17.850000381469727,4331337,0.0,0.0
2022-07-12 00:00:00+05:30,17.549999237060547,18.200000762939453,17.549999237060547,17.75,2180617,0.0,0.0
2022-07-13 00:00:00+05:30,17.950000762939453,18.049999237060547,17.5,17.75,1186575,0.0,0.0
2022-07-14 00:00:00+05:30,17.75,17.799999237060547,17.149999618530273,17.200000762939453,1634310,0.0,0.0
2022-07-15 00:00:00+05:30,17.299999237060547,17.399999618530273,17.149999618530273,17.299999237060547,835670,0.0,0.0
2022-07-18 00:00:00+05:30,17.399999618530273,17.600000381469727,17.200000762939453,17.25,2039604,0.0,0.0
2022-07-19 00:00:00+05:30,17.25,17.5,17.25,17.350000381469727,1293890,0.0,0.0
2022-07-20 00:00:00+05:30,17.5,17.600000381469727,17.25,17.350000381469727,1228522,0.0,0.0
2022-07-21 00:00:00+05:30,17.350000381469727,18.049999237060547,17.299999237060547,17.950000762939453,3210484,0.0,0.0
2022-07-22 00:00:00+05:30,18.0,18.200000762939453,17.5,17.600000381469727,1633096,0.0,0.0
2022-07-25 00:00:00+05:30,17.549999237060547,17.600000381469727,17.299999237060547,17.399999618530273,1005063,0.0,0.0
2022-07-26 00:00:00+05:30,17.350000381469727,17.450000762939453,17.100000381469727,17.200000762939453,813007,0.0,0.0
2022-07-27 00:00:00+05:30,17.100000381469727,17.299999237060547,17.049999237060547,17.149999618530273,926646,0.0,0.0
2022-07-28 00:00:00+05:30,17.25,17.450000762939453,17.149999618530273,17.149999618530273,1011047,0.0,0.0
2022-07-29 00:00:00+05:30,17.299999237060547,17.399999618530273,17.149999618530273,17.299999237060547,992384,0.0,0.0
2022-08-01 00:00:00+05:30,17.299999237060547,17.700000762939453,17.25,17.350000381469727,2101043,0.0,0.0
2022-08-02 00:00:00+05:30,17.350000381469727,18.049999237060547,17.299999237060547,17.899999618530273,5727546,0.0,0.0
2022-08-03 00:00:00+05:30,18.049999237060547,18.299999237060547,17.75,17.950000762939453,3172206,0.0,0.0
2022-08-04 00:00:00+05:30,18.100000381469727,18.200000762939453,17.649999618530273,17.75,1862362,0.0,0.0
2022-08-05 00:00:00+05:30,18.0,18.200000762939453,17.75,17.799999237060547,1833465,0.0,0.0
2022-08-08 00:00:00+05:30,18.200000762939453,18.200000762939453,17.75,17.799999237060547,2668838,0.0,0.0
2022-08-10 00:00:00+05:30,17.850000381469727,17.899999618530273,17.5,17.549999237060547,1410794,0.0,0.0
2022-08-11 00:00:00+05:30,17.600000381469727,17.799999237060547,17.450000762939453,17.5,1453413,0.0,0.0
2022-08-12 00:00:00+05:30,17.450000762939453,17.649999618530273,17.399999618530273,17.450000762939453,1269462,0.0,0.0
2022-08-16 00:00:00+05:30,17.549999237060547,17.649999618530273,17.450000762939453,17.450000762939453,909464,0.0,0.0
2022-08-17 00:00:00+05:30,17.450000762939453,17.850000381469727,17.450000762939453,17.799999237060547,2445939,0.0,0.0
2022-08-18 00:00:00+05:30,17.75,18.100000381469727,17.700000762939453,17.850000381469727,3955807,0.0,0.0
2022-08-19 00:00:00+05:30,17.899999618530273,17.950000762939453,17.399999618530273,17.450000762939453,1925567,0.0,0.0
2022-08-22 00:00:00+05:30,17.649999618530273,17.899999618530273,17.100000381469727,17.200000762939453,2548233,0.0,0.0
2022-08-23 00:00:00+05:30,17.100000381469727,17.350000381469727,17.049999237060547,17.200000762939453,1525480,0.0,0.0
2022-08-24 00:00:00+05:30,17.200000762939453,17.350000381469727,17.100000381469727,17.149999618530273,1848781,0.0,0.0
2022-08-25 00:00:00+05:30,17.299999237060547,18.399999618530273,17.200000762939453,17.850000381469727,13777085,0.0,0.0
2022-08-26 00:00:00+05:30,18.0,18.350000381469727,17.700000762939453,17.850000381469727,5079041,0.0,0.0
2022-08-29 00:00:00+05:30,17.399999618530273,17.899999618530273,17.299999237060547,17.799999237060547,2926423,0.0,0.0
2022-08-30 00:00:00+05:30,17.850000381469727,18.149999618530273,17.850000381469727,17.950000762939453,2019558,0.0,0.0
2022-09-01 00:00:00+05:30,17.799999237060547,18.100000381469727,17.75,17.899999618530273,1882501,0.0,0.0
2022-09-02 00:00:00+05:30,18.0,18.049999237060547,17.549999237060547,17.649999618530273,1679457,0.0,0.0
2022-09-05 00:00:00+05:30,17.700000762939453,18.049999237060547,17.649999618530273,17.799999237060547,2237486,0.0,0.0
2022-09-06 00:00:00+05:30,17.950000762939453,18.799999237060547,17.899999618530273,18.450000762939453,8506487,0.0,0.0
2022-09-07 00:00:00+05:30,18.350000381469727,18.549999237060547,18.200000762939453,18.350000381469727,3056455,0.0,0.0
2022-09-08 00:00:00+05:30,18.450000762939453,19.299999237060547,18.450000762939453,18.850000381469727,7130410,0.0,0.0
2022-09-09 00:00:00+05:30,18.950000762939453,19.149999618530273,18.549999237060547,18.700000762939453,5742415,0.0,0.0
2022-09-12 00:00:00+05:30,18.850000381469727,19.100000381469727,18.75,19.049999237060547,4493668,0.0,0.0
2022-09-13 00:00:00+05:30,19.100000381469727,19.25,18.850000381469727,18.899999618530273,2418818,0.0,0.0
2022-09-14 00:00:00+05:30,18.5,19.299999237060547,18.399999618530273,19.100000381469727,7757342,0.0,0.0
2022-09-15 00:00:00+05:30,19.350000381469727,19.700000762939453,19.0,19.100000381469727,5767935,0.0,0.0
2022-09-16 00:00:00+05:30,19.049999237060547,19.149999618530273,18.299999237060547,18.450000762939453,4498561,0.0,0.0
2022-09-19 00:00:00+05:30,18.5,18.799999237060547,18.149999618530273,18.450000762939453,3616872,0.0,0.0
2022-09-20 00:00:00+05:30,18.549999237060547,19.0,18.5,18.950000762939453,4131587,0.0,0.0
2022-09-21 00:00:00+05:30,19.5,19.799999237060547,18.549999237060547,18.649999618530273,7387390,0.0,0.0
2022-09-22 00:00:00+05:30,18.600000381469727,18.75,18.399999618530273,18.450000762939453,2936299,0.0,0.0
2022-09-23 00:00:00+05:30,18.450000762939453,18.549999237060547,17.700000762939453,17.799999237060547,3029153,0.0,0.0
2022-09-26 00:00:00+05:30,17.75,17.75,16.899999618530273,17.100000381469727,3371307,0.0,0.0
2022-09-27 00:00:00+05:30,17.25,17.450000762939453,16.799999237060547,16.899999618530273,2713862,0.0,0.0
2022-09-28 00:00:00+05:30,16.950000762939453,17.25,16.899999618530273,16.950000762939453,2805774,0.0,0.0
2022-09-29 00:00:00+05:30,17.25,17.600000381469727,16.799999237060547,17.25,3367028,0.0,0.0
2022-09-30 00:00:00+05:30,17.25,17.75,17.100000381469727,17.5,3319575,0.0,0.0
2022-10-03 00:00:00+05:30,17.5,17.600000381469727,17.299999237060547,17.450000762939453,1613836,0.0,0.0
2022-10-04 00:00:00+05:30,17.600000381469727,17.799999237060547,17.600000381469727,17.649999618530273,2126077,0.0,0.0
2022-10-06 00:00:00+05:30,17.75,17.899999618530273,17.700000762939453,17.75,2055780,0.0,0.0
2022-10-07 00:00:00+05:30,17.75,17.75,17.450000762939453,17.549999237060547,1813725,0.0,0.0
2022-10-10 00:00:00+05:30,17.450000762939453,17.899999618530273,17.350000381469727,17.5,2201624,0.0,0.0
2022-10-11 00:00:00+05:30,17.549999237060547,17.600000381469727,17.25,17.299999237060547,1112410,0.0,0.0
2022-10-12 00:00:00+05:30,17.399999618530273,17.450000762939453,17.100000381469727,17.200000762939453,1894381,0.0,0.0
2022-10-13 00:00:00+05:30,17.200000762939453,17.299999237060547,17.049999237060547,17.149999618530273,1016136,0.0,0.0
2022-10-14 00:00:00+05:30,17.399999618530273,17.450000762939453,17.049999237060547,17.149999618530273,1232300,0.0,0.0
2022-10-17 00:00:00+05:30,17.200000762939453,17.399999618530273,17.100000381469727,17.200000762939453,1429711,0.0,0.0
2022-10-18 00:00:00+05:30,17.299999237060547,17.700000762939453,17.200000762939453,17.5,3020397,0.0,0.0
2022-10-19 00:00:00+05:30,17.600000381469727,17.700000762939453,17.450000762939453,17.649999618530273,2962917,0.0,0.0
2022-10-20 00:00:00+05:30,17.600000381469727,17.75,17.399999618530273,17.649999618530273,2431943,0.0,0.0
2022-10-21 00:00:00+05:30,17.649999618530273,18.25,17.649999618530273,17.799999237060547,4791404,0.0,0.0
2022-10-24 00:00:00+05:30,18.350000381469727,18.350000381469727,18.0,18.049999237060547,876084,0.0,0.0
2022-10-25 00:00:00+05:30,18.100000381469727,19.450000762939453,17.850000381469727,19.149999618530273,13019044,0.0,0.0
2022-10-27 00:00:00+05:30,19.25,19.700000762939453,18.950000762939453,19.0,7615161,0.0,0.0
2022-10-28 00:00:00+05:30,19.0,19.200000762939453,18.549999237060547,18.700000762939453,3819792,0.0,0.0
2022-10-31 00:00:00+05:30,18.799999237060547,18.950000762939453,18.299999237060547,18.549999237060547,2862023,0.0,0.0
2022-11-01 00:00:00+05:30,18.549999237060547,18.950000762939453,18.5,18.75,2663251,0.0,0.0
2022-11-02 00:00:00+05:30,18.850000381469727,18.899999618530273,18.600000381469727,18.75,2258761,0.0,0.0
2022-11-03 00:00:00+05:30,18.649999618530273,19.450000762939453,18.450000762939453,19.399999618530273,9114768,0.0,0.0
2022-11-04 00:00:00+05:30,19.399999618530273,22.0,19.399999618530273,21.700000762939453,58792938,0.0,0.0
2022-11-07 00:00:00+05:30,22.399999618530273,22.600000381469727,20.75,21.049999237060547,27712035,0.0,0.0
2022-11-09 00:00:00+05:30,21.200000762939453,22.149999618530273,20.799999237060547,21.899999618530273,26261998,0.0,0.0
2022-11-10 00:00:00+05:30,21.899999618530273,21.899999618530273,20.700000762939453,20.850000381469727,12436710,0.0,0.0
2022-11-11 00:00:00+05:30,21.25,21.549999237060547,20.549999237060547,20.649999618530273,10521998,0.0,0.0
2022-11-14 00:00:00+05:30,20.700000762939453,20.75,20.200000762939453,20.350000381469727,5083627,0.0,0.0
2022-11-15 00:00:00+05:30,20.350000381469727,20.5,19.75,19.850000381469727,6761915,0.0,0.0
2022-11-16 00:00:00+05:30,19.850000381469727,20.399999618530273,19.850000381469727,20.100000381469727,8571821,0.0,0.0
2022-11-17 00:00:00+05:30,20.0,20.549999237060547,19.950000762939453,20.25,5149822,0.0,0.0
2022-11-18 00:00:00+05:30,20.350000381469727,21.600000381469727,20.299999237060547,21.350000381469727,34221151,0.0,0.0
2022-11-21 00:00:00+05:30,21.5,23.75,21.299999237060547,23.450000762939453,81532890,0.0,0.0
2022-11-22 00:00:00+05:30,23.700000762939453,24.850000381469727,23.149999618530273,23.700000762939453,54130331,0.0,0.0
2022-11-23 00:00:00+05:30,23.899999618530273,24.049999237060547,22.799999237060547,23.100000381469727,23495275,0.0,0.0
2022-11-24 00:00:00+05:30,23.149999618530273,23.549999237060547,21.850000381469727,22.049999237060547,24884815,0.0,0.0
2022-11-25 00:00:00+05:30,22.399999618530273,23.649999618530273,22.25,22.799999237060547,35012391,0.0,0.0
2022-11-28 00:00:00+05:30,23.0,23.5,22.649999618530273,22.899999618530273,13002142,0.0,0.0
2022-11-29 00:00:00+05:30,22.950000762939453,23.200000762939453,22.399999618530273,22.450000762939453,13334834,0.0,0.0
2022-11-30 00:00:00+05:30,22.600000381469727,22.799999237060547,22.0,22.100000381469727,8661442,0.0,0.0
2022-12-01 00:00:00+05:30,22.25,23.0,21.899999618530273,22.799999237060547,14312032,0.0,0.0
2022-12-02 00:00:00+05:30,22.950000762939453,23.350000381469727,22.600000381469727,22.950000762939453,14906223,0.0,0.0
2022-12-05 00:00:00+05:30,23.0,23.399999618530273,22.0,22.350000381469727,23394867,0.0,0.0
2022-12-06 00:00:00+05:30,22.299999237060547,23.200000762939453,22.25,23.0,27932549,0.0,0.0
2022-12-07 00:00:00+05:30,23.200000762939453,24.5,23.049999237060547,24.049999237060547,64214129,0.0,0.0
2022-12-08 00:00:00+05:30,24.299999237060547,26.049999237060547,24.200000762939453,25.600000381469727,71372420,0.0,0.0
2022-12-09 00:00:00+05:30,26.200000762939453,27.649999618530273,24.899999618530273,25.799999237060547,121572385,0.0,0.0
2022-12-12 00:00:00+05:30,25.75,27.350000381469727,24.75,26.850000381469727,50257384,0.0,0.0
2022-12-13 00:00:00+05:30,27.399999618530273,31.5,27.0,30.850000381469727,178535400,0.0,0.0
2022-12-14 00:00:00+05:30,31.100000381469727,33.599998474121094,29.5,32.45000076293945,229346935,0.0,0.0
2022-12-15 00:00:00+05:30,32.0,36.45000076293945,31.700000762939453,34.75,284921015,0.0,0.0
2022-12-16 00:00:00+05:30,35.0,36.70000076293945,32.70000076293945,33.400001525878906,212408661,0.0,0.0
2022-12-19 00:00:00+05:30,33.599998474121094,34.849998474121094,32.20000076293945,32.849998474121094,115915554,0.0,0.0
2022-12-20 00:00:00+05:30,32.79999923706055,33.099998474121094,30.350000381469727,30.850000381469727,84286831,0.0,0.0
2022-12-21 00:00:00+05:30,31.25,34.20000076293945,30.799999237060547,31.350000381469727,240363880,0.0,0.0
2022-12-22 00:00:00+05:30,33.0,33.54999923706055,30.100000381469727,30.700000762939453,149381287,0.0,0.0
2022-12-23 00:00:00+05:30,29.850000381469727,29.950000762939453,25.850000381469727,26.200000762939453,143595581,0.0,0.0
2022-12-26 00:00:00+05:30,26.799999237060547,31.399999618530273,24.799999237060547,31.200000762939453,205643098,0.0,0.0
2022-12-27 00:00:00+05:30,32.45000076293945,34.20000076293945,31.350000381469727,33.29999923706055,289659715,0.0,0.0
2022-12-28 00:00:00+05:30,32.900001525878906,34.0,31.399999618530273,32.150001525878906,252845016,0.0,0.0
2022-12-29 00:00:00+05:30,31.299999237060547,32.349998474121094,30.600000381469727,31.399999618530273,137966865,0.0,0.0
2022-12-30 00:00:00+05:30,32.5,33.20000076293945,31.799999237060547,32.099998474121094,106074380,0.0,0.0
2023-01-02 00:00:00+05:30,32.400001525878906,32.900001525878906,31.5,31.799999237060547,82604559,0.0,0.0
2023-01-03 00:00:00+05:30,32.04999923706055,33.150001525878906,31.950000762939453,32.25,83056738,0.0,0.0
2023-01-04 00:00:00+05:30,32.5,32.599998474121094,31.25,31.75,62289502,0.0,0.0
2023-01-05 00:00:00+05:30,32.0,32.29999923706055,31.149999618530273,31.549999237060547,53331692,0.0,0.0
2023-01-06 00:00:00+05:30,31.700000762939453,31.850000381469727,30.649999618530273,30.950000762939453,50688438,0.0,0.0
2023-01-09 00:00:00+05:30,31.350000381469727,31.399999618530273,30.649999618530273,30.850000381469727,37793841,0.0,0.0
2023-01-10 00:00:00+05:30,30.549999237060547,30.700000762939453,29.399999618530273,29.649999618530273,37046511,0.0,0.0
2023-01-11 00:00:00+05:30,29.75,30.700000762939453,28.799999237060547,30.100000381469727,70805251,0.0,0.0
2023-01-12 00:00:00+05:30,30.25,30.450000762939453,29.649999618530273,29.799999237060547,37188544,0.0,0.0
2023-01-13 00:00:00+05:30,29.850000381469727,30.350000381469727,29.399999618530273,30.049999237060547,37276675,0.0,0.0
2023-01-16 00:00:00+05:30,30.200000762939453,32.79999923706055,30.100000381469727,32.20000076293945,108496271,0.0,0.0
2023-01-17 00:00:00+05:30,32.599998474121094,33.099998474121094,31.149999618530273,31.450000762939453,69030965,0.0,0.0
2023-01-18 00:00:00+05:30,31.450000762939453,31.700000762939453,30.799999237060547,31.0,31844523,0.0,0.0
2023-01-19 00:00:00+05:30,30.899999618530273,31.549999237060547,30.450000762939453,31.200000762939453,31298192,0.0,0.0
2023-01-20 00:00:00+05:30,31.350000381469727,31.700000762939453,30.600000381469727,30.850000381469727,19336543,0.0,0.0
2023-01-23 00:00:00+05:30,30.899999618530273,31.100000381469727,30.0,30.25,16834101,0.0,0.0
2023-01-24 00:00:00+05:30,30.299999237060547,30.399999618530273,28.75,29.149999618530273,18887539,0.0,0.0
2023-01-25 00:00:00+05:30,29.0,29.350000381469727,28.350000381469727,28.600000381469727,20899101,0.0,0.0
2023-01-27 00:00:00+05:30,28.700000762939453,28.799999237060547,26.649999618530273,27.200000762939453,27373779,0.0,0.0
2023-01-30 00:00:00+05:30,26.350000381469727,28.149999618530273,26.200000762939453,27.049999237060547,46745313,0.0,0.0
2023-01-31 00:00:00+05:30,27.299999237060547,28.950000762939453,26.75,28.450000762939453,39961268,0.0,0.0
2023-02-01 00:00:00+05:30,29.100000381469727,29.350000381469727,25.950000762939453,27.200000762939453,44409466,0.0,0.0
2023-02-02 00:00:00+05:30,27.25,27.649999618530273,26.5,26.75,26670198,0.0,0.0
2023-02-03 00:00:00+05:30,27.100000381469727,27.299999237060547,25.850000381469727,26.75,27398246,0.0,0.0
2023-02-06 00:00:00+05:30,26.75,27.100000381469727,26.299999237060547,26.450000762939453,20545603,0.0,0.0
2023-02-07 00:00:00+05:30,26.649999618530273,26.700000762939453,26.049999237060547,26.149999618530273,17928328,0.0,0.0
2023-02-08 00:00:00+05:30,26.25,27.25,26.200000762939453,26.899999618530273,19879995,0.0,0.0
2023-02-09 00:00:00+05:30,27.100000381469727,28.299999237060547,26.700000762939453,27.200000762939453,22806534,0.0,0.0
2023-02-10 00:00:00+05:30,27.200000762939453,28.700000762939453,27.049999237060547,27.25,40290567,0.0,0.0
2023-02-13 00:00:00+05:30,27.399999618530273,27.450000762939453,26.299999237060547,26.600000381469727,13123484,0.0,0.0
2023-02-14 00:00:00+05:30,26.75,26.75,25.899999618530273,26.100000381469727,11858928,0.0,0.0
2023-02-15 00:00:00+05:30,26.100000381469727,26.5,25.950000762939453,26.149999618530273,11321969,0.0,0.0
2023-02-16 00:00:00+05:30,26.399999618530273,26.399999618530273,25.899999618530273,26.049999237060547,8266699,0.0,0.0
2023-02-17 00:00:00+05:30,26.049999237060547,26.100000381469727,25.549999237060547,25.700000762939453,7325554,0.0,0.0
2023-02-20 00:00:00+05:30,25.799999237060547,25.799999237060547,25.0,25.200000762939453,7847529,0.0,0.0
2023-02-21 00:00:00+05:30,25.200000762939453,25.200000762939453,24.600000381469727,24.75,10302156,0.0,0.0
2023-02-22 00:00:00+05:30,24.399999618530273,25.350000381469727,24.100000381469727,24.25,16144970,0.0,0.0
2023-02-23 00:00:00+05:30,24.399999618530273,25.299999237060547,23.799999237060547,24.75,14928164,0.0,0.0
2023-02-24 00:00:00+05:30,25.0,25.149999618530273,23.899999618530273,24.200000762939453,10820263,0.0,0.0
2023-02-27 00:00:00+05:30,23.799999237060547,24.149999618530273,23.350000381469727,23.850000381469727,19685292,0.0,0.0
2023-02-28 00:00:00+05:30,23.850000381469727,24.5,23.649999618530273,24.299999237060547,16894335,0.0,0.0
2023-03-01 00:00:00+05:30,24.299999237060547,25.049999237060547,24.049999237060547,24.899999618530273,14111159,0.0,0.0
2023-03-02 00:00:00+05:30,24.850000381469727,25.299999237060547,24.299999237060547,24.399999618530273,13902623,0.0,0.0
2023-03-03 00:00:00+05:30,24.549999237060547,26.049999237060547,24.549999237060547,25.850000381469727,26667465,0.0,0.0
2023-03-06 00:00:00+05:30,26.100000381469727,26.350000381469727,25.149999618530273,25.350000381469727,14923351,0.0,0.0
2023-03-08 00:00:00+05:30,25.299999237060547,25.299999237060547,24.850000381469727,25.100000381469727,9466409,0.0,0.0
2023-03-09 00:00:00+05:30,25.25,25.399999618530273,24.799999237060547,24.899999618530273,8769516,0.0,0.0
2023-03-10 00:00:00+05:30,24.75,24.850000381469727,24.25,24.649999618530273,7366175,0.0,0.0
2023-03-13 00:00:00+05:30,24.299999237060547,24.700000762939453,23.600000381469727,23.799999237060547,8179523,0.0,0.0
2023-03-14 00:00:00+05:30,23.799999237060547,24.0,22.649999618530273,22.850000381469727,14780237,0.0,0.0
2023-03-15 00:00:00+05:30,23.600000381469727,23.700000762939453,22.850000381469727,23.049999237060547,9171565,0.0,0.0
2023-03-16 00:00:00+05:30,22.950000762939453,23.299999237060547,22.350000381469727,23.100000381469727,14093275,0.0,0.0
2023-03-17 00:00:00+05:30,23.700000762939453,23.700000762939453,22.700000762939453,23.0,11053550,0.0,0.0
2023-03-20 00:00:00+05:30,23.0,23.5,21.600000381469727,22.850000381469727,9277864,0.0,0.0
2023-03-21 00:00:00+05:30,23.0,23.350000381469727,22.75,23.100000381469727,8752098,0.0,0.0
2023-03-22 00:00:00+05:30,23.0,23.850000381469727,23.0,23.25,8708689,0.0,0.0
2023-03-23 00:00:00+05:30,23.100000381469727,23.299999237060547,22.799999237060547,22.950000762939453,6204349,0.0,0.0
2023-03-24 00:00:00+05:30,22.950000762939453,23.100000381469727,22.049999237060547,22.299999237060547,6633580,0.0,0.0
2023-03-27 00:00:00+05:30,22.299999237060547,22.350000381469727,21.399999618530273,21.600000381469727,6800611,0.0,0.0
2023-03-28 00:00:00+05:30,21.75,21.899999618530273,20.850000381469727,21.100000381469727,8279067,0.0,0.0
2023-03-29 00:00:00+05:30,21.100000381469727,23.0,20.899999618530273,22.75,19039498,0.0,0.0
2023-03-31 00:00:00+05:30,22.950000762939453,23.149999618530273,22.100000381469727,22.450000762939453,10923350,0.0,0.0
2023-04-03 00:00:00+05:30,22.600000381469727,23.450000762939453,22.25,23.200000762939453,12032267,0.0,0.0
2023-04-05 00:00:00+05:30,23.25,23.25,22.700000762939453,22.850000381469727,5869098,0.0,0.0
2023-04-06 00:00:00+05:30,22.799999237060547,23.5,22.600000381469727,22.899999618530273,10143533,0.0,0.0
2023-04-10 00:00:00+05:30,22.899999618530273,23.100000381469727,22.5,22.649999618530273,5319021,0.0,0.0
2023-04-11 00:00:00+05:30,22.799999237060547,23.5,22.75,23.0,10812623,0.0,0.0
2023-04-12 00:00:00+05:30,23.049999237060547,23.200000762939453,22.75,22.799999237060547,4228768,0.0,0.0
2023-04-13 00:00:00+05:30,22.850000381469727,23.799999237060547,22.75,23.549999237060547,11211148,0.0,0.0
2023-04-17 00:00:00+05:30,23.75,24.850000381469727,23.450000762939453,24.5,26129709,0.0,0.0
2023-04-18 00:00:00+05:30,24.5,24.75,23.899999618530273,24.200000762939453,17256404,0.0,0.0
2023-04-19 00:00:00+05:30,24.0,24.950000762939453,24.0,24.049999237060547,13872642,0.0,0.0
2023-04-20 00:00:00+05:30,24.200000762939453,24.200000762939453,23.700000762939453,23.850000381469727,6491996,0.0,0.0
2023-04-21 00:00:00+05:30,23.700000762939453,23.899999618530273,23.149999618530273,23.350000381469727,6376538,0.0,0.0
2023-04-24 00:00:00+05:30,23.549999237060547,24.399999618530273,23.299999237060547,24.200000762939453,12798662,0.0,0.0
2023-04-25 00:00:00+05:30,24.399999618530273,24.850000381469727,24.149999618530273,24.350000381469727,16951271,0.0,0.0
2023-04-26 00:00:00+05:30,24.299999237060547,24.75,24.100000381469727,24.5,10839626,0.0,0.0
2023-04-27 00:00:00+05:30,24.700000762939453,25.350000381469727,24.549999237060547,24.700000762939453,18369111,0.0,0.0
2023-04-28 00:00:00+05:30,24.899999618530273,26.0,24.899999618530273,25.799999237060547,28140229,0.0,0.0
2023-05-02 00:00:00+05:30,26.149999618530273,26.5,25.5,25.799999237060547,21490568,0.0,0.0
2023-05-03 00:00:00+05:30,25.450000762939453,25.700000762939453,25.0,25.100000381469727,12249481,0.0,0.0
2023-05-04 00:00:00+05:30,25.350000381469727,25.549999237060547,25.149999618530273,25.399999618530273,8211826,0.0,0.0
2023-05-05 00:00:00+05:30,25.549999237060547,25.850000381469727,24.950000762939453,25.049999237060547,14090520,0.0,0.0
2023-05-08 00:00:00+05:30,25.149999618530273,25.450000762939453,24.75,25.049999237060547,12262452,0.0,0.0
2023-05-09 00:00:00+05:30,25.25,25.399999618530273,24.649999618530273,24.899999618530273,8344019,0.0,0.0
2023-05-10 00:00:00+05:30,24.850000381469727,24.950000762939453,24.299999237060547,24.5,8168326,0.0,0.0
2023-05-11 00:00:00+05:30,24.700000762939453,25.149999618530273,24.350000381469727,24.799999237060547,11061813,0.0,0.0
2023-05-12 00:00:00+05:30,24.899999618530273,25.399999618530273,24.75,25.25,12228545,0.0,0.0
2023-05-15 00:00:00+05:30,25.799999237060547,25.799999237060547,24.649999618530273,24.850000381469727,15492756,0.0,0.0
2023-05-16 00:00:00+05:30,25.049999237060547,25.549999237060547,24.899999618530273,25.0,11976989,0.0,0.0
2023-05-17 00:00:00+05:30,25.049999237060547,25.25,24.649999618530273,24.899999618530273,7063928,0.0,0.0
2023-05-18 00:00:00+05:30,24.950000762939453,25.100000381469727,24.399999618530273,24.600000381469727,6575085,0.0,0.0
2023-05-19 00:00:00+05:30,24.600000381469727,24.649999618530273,24.100000381469727,24.299999237060547,6165125,0.0,0.0
2023-05-22 00:00:00+05:30,24.399999618530273,24.399999618530273,24.0,24.049999237060547,5083867,0.0,0.0
2023-05-23 00:00:00+05:30,24.100000381469727,24.200000762939453,23.799999237060547,23.950000762939453,4864147,0.0,0.0
2023-05-24 00:00:00+05:30,23.850000381469727,24.100000381469727,23.700000762939453,23.899999618530273,5391104,0.0,0.0
2023-05-25 00:00:00+05:30,23.950000762939453,23.950000762939453,23.549999237060547,23.700000762939453,5201992,0.0,0.0
2023-05-26 00:00:00+05:30,23.700000762939453,24.5,23.600000381469727,24.299999237060547,6801502,0.0,0.0
2023-05-29 00:00:00+05:30,24.450000762939453,24.850000381469727,24.149999618530273,24.25,7911110,0.0,0.0
2023-05-30 00:00:00+05:30,24.399999618530273,24.399999618530273,24.100000381469727,24.149999618530273,3459682,0.0,0.0
2023-05-31 00:00:00+05:30,24.149999618530273,24.600000381469727,23.850000381469727,24.450000762939453,7096258,0.0,0.0
2023-06-01 00:00:00+05:30,24.200000762939453,25.450000762939453,24.200000762939453,25.049999237060547,15348111,0.0,0.0
2023-06-02 00:00:00+05:30,25.200000762939453,26.049999237060547,25.100000381469727,25.350000381469727,17451980,0.0,0.0
2023-06-05 00:00:00+05:30,25.100000381469727,25.399999618530273,25.0,25.049999237060547,6319120,0.0,0.0
2023-06-06 00:00:00+05:30,25.049999237060547,25.549999237060547,24.75,25.25,5981121,0.0,0.0
2023-06-07 00:00:00+05:30,25.25,25.700000762939453,25.200000762939453,25.25,6587640,0.0,0.0
2023-06-08 00:00:00+05:30,25.299999237060547,25.5,25.0,25.100000381469727,5590221,0.0,0.0
2023-06-09 00:00:00+05:30,25.200000762939453,25.200000762939453,24.700000762939453,24.75,4038488,0.0,0.0
2023-06-12 00:00:00+05:30,24.75,24.850000381469727,24.450000762939453,24.600000381469727,3196791,0.0,0.0
2023-06-13 00:00:00+05:30,24.600000381469727,24.75,24.600000381469727,24.649999618530273,2770135,0.0,0.0
2023-06-14 00:00:00+05:30,24.649999618530273,24.850000381469727,24.399999618530273,24.549999237060547,3158442,0.0,0.0
2023-06-15 00:00:00+05:30,24.600000381469727,24.899999618530273,24.200000762939453,24.299999237060547,11293499,0.0,0.0
2023-06-16 00:00:00+05:30,24.450000762939453,24.549999237060547,23.899999618530273,24.0,11610436,0.0,0.0
2023-06-19 00:00:00+05:30,24.0,24.5,23.950000762939453,24.200000762939453,6739704,0.0,0.0
2023-06-20 00:00:00+05:30,24.200000762939453,24.700000762939453,24.200000762939453,24.600000381469727,9782242,0.0,0.0
2023-06-21 00:00:00+05:30,24.600000381469727,24.950000762939453,24.399999618530273,24.549999237060547,11639255,0.0,0.0
2023-06-22 00:00:00+05:30,24.549999237060547,24.649999618530273,24.149999618530273,24.25,3243794,0.0,0.0
2023-06-23 00:00:00+05:30,24.25,24.299999237060547,23.75,23.850000381469727,4147653,0.0,0.0
2023-06-26 00:00:00+05:30,23.850000381469727,24.0,23.700000762939453,23.799999237060547,2470534,0.0,0.0
2023-06-27 00:00:00+05:30,23.799999237060547,24.149999618530273,23.799999237060547,24.049999237060547,3534726,0.0,0.0
2023-06-28 00:00:00+05:30,24.100000381469727,24.149999618530273,23.899999618530273,24.0,4059884,0.0,0.0
2023-06-30 00:00:00+05:30,24.100000381469727,24.600000381469727,23.950000762939453,24.399999618530273,10618270,0.0,0.0
2023-07-03 00:00:00+05:30,24.5,25.25,24.450000762939453,24.950000762939453,15403310,0.0,0.0
2023-07-04 00:00:00+05:30,25.0,26.149999618530273,24.5,25.75,31799027,0.0,0.0
2023-07-05 00:00:00+05:30,25.850000381469727,26.600000381469727,25.700000762939453,26.200000762939453,27570430,0.0,0.0
2023-07-06 00:00:00+05:30,26.25,27.200000762939453,26.149999618530273,26.450000762939453,20179981,0.0,0.0
2023-07-07 00:00:00+05:30,26.399999618530273,26.799999237060547,25.899999618530273,26.399999618530273,14785255,0.0,0.0
2023-07-10 00:00:00+05:30,26.450000762939453,27.25,26.25,26.5,14539901,0.0,0.0
2023-07-11 00:00:00+05:30,26.799999237060547,26.799999237060547,26.299999237060547,26.350000381469727,6153783,0.0,0.0
2023-07-12 00:00:00+05:30,26.5,27.149999618530273,26.350000381469727,26.75,15278175,0.0,0.0
2023-07-13 00:00:00+05:30,26.899999618530273,27.25,25.549999237060547,25.899999618530273,12409109,0.0,0.0
2023-07-14 00:00:00+05:30,26.0,26.149999618530273,25.600000381469727,26.0,8342184,0.0,0.0
2023-07-17 00:00:00+05:30,26.600000381469727,26.649999618530273,26.100000381469727,26.549999237060547,10844019,0.0,0.0
2023-07-18 00:00:00+05:30,26.649999618530273,26.700000762939453,25.600000381469727,25.700000762939453,11755001,0.0,0.0
2023-07-19 00:00:00+05:30,25.899999618530273,26.350000381469727,25.75,26.25,10209288,0.0,0.0
2023-07-20 00:00:00+05:30,26.100000381469727,27.100000381469727,26.100000381469727,26.700000762939453,20964186,0.0,0.0
2023-07-21 00:00:00+05:30,26.700000762939453,27.450000762939453,26.5,26.899999618530273,17034309,0.0,0.0
2023-07-24 00:00:00+05:30,26.899999618530273,27.350000381469727,26.149999618530273,26.350000381469727,13459798,0.0,0.0
2023-07-25 00:00:00+05:30,26.549999237060547,26.700000762939453,25.950000762939453,26.100000381469727,6978808,0.0,0.0
2023-07-26 00:00:00+05:30,26.25,26.399999618530273,25.799999237060547,26.149999618530273,13411553,0.0,0.0
2023-07-27 00:00:00+05:30,26.450000762939453,26.950000762939453,26.25,26.399999618530273,11861358,0.0,0.0
2023-07-28 00:00:00+05:30,26.450000762939453,27.100000381469727,26.149999618530273,26.200000762939453,12535889,0.0,0.0
2023-07-31 00:00:00+05:30,26.5,26.549999237060547,26.149999618530273,26.350000381469727,7915607,0.0,0.0
2023-08-01 00:00:00+05:30,26.600000381469727,27.149999618530273,26.5,27.049999237060547,18045649,0.0,0.0
2023-08-02 00:00:00+05:30,27.100000381469727,27.75,25.799999237060547,26.25,43381949,0.0,0.0
2023-08-03 00:00:00+05:30,26.5,26.700000762939453,25.799999237060547,26.049999237060547,23446138,0.0,0.0
2023-08-04 00:00:00+05:30,26.299999237060547,26.450000762939453,26.0,26.100000381469727,10254606,0.0,0.0
2023-08-07 00:00:00+05:30,26.25,26.299999237060547,25.700000762939453,25.850000381469727,11893778,0.0,0.0
2023-08-08 00:00:00+05:30,26.0,26.649999618530273,25.799999237060547,26.5,17843838,0.0,0.0
2023-08-09 00:00:00+05:30,26.649999618530273,27.850000381469727,26.450000762939453,27.350000381469727,40314884,0.0,0.0
2023-08-10 00:00:00+05:30,27.350000381469727,28.049999237060547,26.850000381469727,26.950000762939453,23419053,0.0,0.0
2023-08-11 00:00:00+05:30,27.200000762939453,31.100000381469727,27.100000381469727,30.549999237060547,173935402,0.0,0.0
2023-08-14 00:00:00+05:30,30.549999237060547,31.049999237060547,29.5,30.350000381469727,69133529,0.0,0.0
2023-08-16 00:00:00+05:30,30.299999237060547,32.95000076293945,30.0,32.650001525878906,80212419,0.0,0.0
2023-08-17 00:00:00+05:30,32.5,32.650001525878906,29.75,31.200000762939453,50283751,0.0,0.0
2023-08-18 00:00:00+05:30,31.149999618530273,32.900001525878906,31.0,31.549999237060547,58906742,0.0,0.0
2023-08-21 00:00:00+05:30,31.850000381469727,32.45000076293945,30.75,31.100000381469727,23215908,0.0,0.0
2023-08-22 00:00:00+05:30,31.200000762939453,31.649999618530273,30.600000381469727,30.75,19433041,0.0,0.0
2023-08-23 00:00:00+05:30,30.950000762939453,32.29999923706055,30.700000762939453,31.649999618530273,40787170,0.0,0.0
2023-08-24 00:00:00+05:30,31.950000762939453,33.45000076293945,31.5,31.700000762939453,57534689,0.0,0.0
2023-08-25 00:00:00+05:30,31.75,32.0,30.899999618530273,31.25,22276386,0.0,0.0
2023-08-28 00:00:00+05:30,31.5,31.799999237060547,30.799999237060547,31.0,19298541,0.0,0.0
2023-08-29 00:00:00+05:30,31.200000762939453,31.399999618530273,30.600000381469727,30.899999618530273,14486840,0.0,0.0
2023-08-30 00:00:00+05:30,31.299999237060547,31.299999237060547,30.700000762939453,30.850000381469727,10654925,0.0,0.0
2023-08-31 00:00:00+05:30,30.950000762939453,31.100000381469727,30.5,30.600000381469727,9788235,0.0,0.0
2023-09-01 00:00:00+05:30,30.600000381469727,30.850000381469727,30.0,30.100000381469727,17403307,0.0,0.0
2023-09-04 00:00:00+05:30,30.549999237060547,32.0,30.450000762939453,31.75,30792937,0.0,0.0
2023-09-05 00:00:00+05:30,32.04999923706055,33.0,31.75,32.150001525878906,40879047,0.0,0.0
2023-09-06 00:00:00+05:30,32.400001525878906,32.599998474121094,31.850000381469727,32.099998474121094,15078902,0.0,0.0
2023-09-07 00:00:00+05:30,32.20000076293945,33.099998474121094,32.150001525878906,32.650001525878906,25547678,0.0,0.0
2023-09-08 00:00:00+05:30,32.95000076293945,33.5,32.650001525878906,32.79999923706055,27168142,0.0,0.0
2023-09-11 00:00:00+05:30,32.95000076293945,35.099998474121094,32.849998474121094,34.849998474121094,59983343,0.0,0.0
2023-09-12 00:00:00+05:30,35.70000076293945,36.5,32.0,32.349998474121094,60045427,0.0,0.0
2023-09-13 00:00:00+05:30,32.29999923706055,35.29999923706055,31.600000381469727,35.0,49781027,0.0,0.0
2023-09-14 00:00:00+05:30,35.5,37.54999923706055,34.349998474121094,37.0,83298731,0.0,0.0
2023-09-15 00:00:00+05:30,37.0,40.349998474121094,36.29999923706055,39.5,152172830,0.0,0.0
2023-09-18 00:00:00+05:30,39.5,47.400001525878906,39.099998474121094,46.400001525878906,317388920,0.0,0.0
2023-09-20 00:00:00+05:30,45.400001525878906,48.599998474121094,42.75,43.849998474121094,192600502,0.0,0.0
2023-09-21 00:00:00+05:30,44.400001525878906,47.95000076293945,41.70000076293945,42.95000076293945,337461629,0.0,0.0
2023-09-22 00:00:00+05:30,44.150001525878906,46.29999923706055,42.25,43.849998474121094,245100797,0.0,0.0
2023-09-25 00:00:00+05:30,44.400001525878906,45.0,42.650001525878906,43.5,77489472,0.0,0.0
2023-09-26 00:00:00+05:30,43.75,45.95000076293945,42.95000076293945,45.400001525878906,139933229,0.0,0.0
2023-09-27 00:00:00+05:30,45.099998474121094,45.54999923706055,44.54999923706055,45.0,61745352,0.0,0.0
2023-09-28 00:00:00+05:30,45.349998474121094,48.599998474121094,45.20000076293945,46.349998474121094,214355739,0.0,0.0
2023-09-29 00:00:00+05:30,46.900001525878906,47.5,46.099998474121094,46.75,71688701,0.0,0.0
2023-10-03 00:00:00+05:30,46.95000076293945,48.75,45.79999923706055,48.400001525878906,102260099,0.0,0.0
2023-10-04 00:00:00+05:30,48.25,51.099998474121094,46.400001525878906,47.400001525878906,250806119,0.0,0.0
2023-10-05 00:00:00+05:30,48.0,49.04999923706055,46.29999923706055,46.95000076293945,106222501,0.0,0.0
2023-10-06 00:00:00+05:30,47.25,47.29999923706055,45.29999923706055,46.25,78164539,0.0,0.0
2023-10-09 00:00:00+05:30,45.0,45.25,42.900001525878906,43.29999923706055,66403485,0.0,0.0
2023-10-10 00:00:00+05:30,43.79999923706055,45.54999923706055,43.45000076293945,45.25,50887058,0.0,0.0
2023-10-11 00:00:00+05:30,45.5,45.79999923706055,44.099998474121094,44.400001525878906,44730296,0.0,0.0
2023-10-12 00:00:00+05:30,44.650001525878906,45.04999923706055,44.099998474121094,44.29999923706055,28715992,0.0,0.0
2023-10-13 00:00:00+05:30,44.150001525878906,44.45000076293945,43.0,43.25,31873921,0.0,0.0
2023-10-16 00:00:00+05:30,43.5,44.650001525878906,43.099998474121094,44.25,36892130,0.0,0.0
2023-10-17 00:00:00+05:30,44.599998474121094,45.349998474121094,43.95000076293945,44.29999923706055,23168573,0.0,0.0
2023-10-18 00:00:00+05:30,44.5,44.54999923706055,42.75,43.099998474121094,26786199,0.0,0.0
2023-10-19 00:00:00+05:30,42.900001525878906,43.099998474121094,41.20000076293945,41.54999923706055,35537162,0.0,0.0
2023-10-20 00:00:00+05:30,41.349998474121094,42.20000076293945,40.29999923706055,40.5,34558910,0.0,0.0
2023-10-23 00:00:00+05:30,40.45000076293945,40.70000076293945,36.849998474121094,37.150001525878906,48883675,0.0,0.0
2023-10-25 00:00:00+05:30,37.650001525878906,39.75,36.849998474121094,38.900001525878906,117566812,0.0,0.0
2023-10-26 00:00:00+05:30,38.5,38.849998474121094,36.650001525878906,38.400001525878906,97417425,0.0,0.0
2023-10-27 00:00:00+05:30,39.099998474121094,41.5,38.04999923706055,41.150001525878906,148485987,0.0,0.0
2023-10-30 00:00:00+05:30,41.099998474121094,41.099998474121094,39.349998474121094,39.79999923706055,63681160,0.0,0.0
2023-10-31 00:00:00+05:30,40.099998474121094,40.900001525878906,39.0,39.29999923706055,52154488,0.0,0.0
2023-11-01 00:00:00+05:30,39.29999923706055,39.95000076293945,38.79999923706055,39.099998474121094,49310117,0.0,0.0
2023-11-02 00:00:00+05:30,39.75,40.54999923706055,39.5,39.79999923706055,47506584,0.0,0.0
2023-11-03 00:00:00+05:30,40.20000076293945,40.54999923706055,39.599998474121094,39.849998474121094,26425373,0.0,0.0
2023-11-06 00:00:00+05:30,40.099998474121094,40.400001525878906,39.54999923706055,39.75,22954410,0.0,0.0
2023-11-07 00:00:00+05:30,39.79999923706055,40.20000076293945,39.29999923706055,39.599998474121094,28374826,0.0,0.0
2023-11-08 00:00:00+05:30,39.79999923706055,40.349998474121094,39.45000076293945,39.75,24002407,0.0,0.0
2023-11-09 00:00:00+05:30,39.95000076293945,39.95000076293945,39.45000076293945,39.650001525878906,12107464,0.0,0.0
2023-11-10 00:00:00+05:30,39.25,39.5,39.0,39.349998474121094,11093277,0.0,0.0
2023-11-13 00:00:00+05:30,39.400001525878906,41.70000076293945,39.099998474121094,41.349998474121094,45611865,0.0,0.0
2023-11-15 00:00:00+05:30,42.0,42.400001525878906,41.25,41.599998474121094,26456887,0.0,0.0
2023-11-16 00:00:00+05:30,41.54999923706055,41.54999923706055,40.900001525878906,41.150001525878906,11897403,0.0,0.0
2023-11-17 00:00:00+05:30,41.04999923706055,41.04999923706055,40.150001525878906,40.29999923706055,13480885,0.0,0.0
2023-11-20 00:00:00+05:30,40.29999923706055,40.849998474121094,39.75,40.25,13782528,0.0,0.0
2023-11-21 00:00:00+05:30,40.400001525878906,40.54999923706055,39.54999923706055,39.900001525878906,8786032,0.0,0.0
2023-11-22 00:00:00+05:30,39.849998474121094,39.849998474121094,39.099998474121094,39.29999923706055,9245837,0.0,0.0
2023-11-23 00:00:00+05:30,39.45000076293945,39.650001525878906,39.20000076293945,39.349998474121094,7723811,0.0,0.0
2023-11-24 00:00:00+05:30,39.400001525878906,39.70000076293945,39.20000076293945,39.349998474121094,6295256,0.0,0.0
2023-11-28 00:00:00+05:30,39.349998474121094,40.04999923706055,38.95000076293945,39.650001525878906,13996105,0.0,0.0
2023-11-29 00:00:00+05:30,39.849998474121094,40.0,39.150001525878906,39.45000076293945,8766939,0.0,0.0
2023-11-30 00:00:00+05:30,39.45000076293945,39.599998474121094,39.04999923706055,39.349998474121094,8748427,0.0,0.0
2023-12-01 00:00:00+05:30,39.54999923706055,40.45000076293945,39.25,39.599998474121094,18531480,0.0,0.0
2023-12-04 00:00:00+05:30,40.599998474121094,41.54999923706055,40.04999923706055,41.099998474121094,34907630,0.0,0.0
2023-12-05 00:00:00+05:30,41.29999923706055,43.099998474121094,40.849998474121094,42.25,64695688,0.0,0.0
2023-12-06 00:00:00+05:30,42.54999923706055,42.849998474121094,41.849998474121094,42.650001525878906,22031098,0.0,0.0
2023-12-07 00:00:00+05:30,43.04999923706055,45.29999923706055,42.5,44.099998474121094,40090151,0.0,0.0
2023-12-08 00:00:00+05:30,44.25,44.349998474121094,42.25,42.650001525878906,29344380,0.0,0.0
2023-12-11 00:00:00+05:30,42.79999923706055,44.0,42.79999923706055,43.599998474121094,21494908,0.0,0.0
2023-12-12 00:00:00+05:30,43.849998474121094,44.20000076293945,43.04999923706055,43.20000076293945,17076080,0.0,0.0
2023-12-13 00:00:00+05:30,43.45000076293945,43.45000076293945,42.79999923706055,43.04999923706055,10750162,0.0,0.0
2023-12-14 00:00:00+05:30,43.5,43.650001525878906,43.0,43.150001525878906,11598785,0.0,0.0
2023-12-15 00:00:00+05:30,43.400001525878906,45.0,43.0,44.54999923706055,44161884,0.0,0.0
2023-12-18 00:00:00+05:30,44.54999923706055,45.900001525878906,43.70000076293945,44.70000076293945,48028605,0.0,0.0
2023-12-19 00:00:00+05:30,44.70000076293945,47.5,44.70000076293945,46.650001525878906,72752969,0.0,0.0
2023-12-20 00:00:00+05:30,47.0,47.29999923706055,41.20000076293945,42.29999923706055,59408223,0.0,0.0
2023-12-21 00:00:00+05:30,41.75,44.0,40.75,43.599998474121094,39707970,0.0,0.0
2023-12-22 00:00:00+05:30,43.79999923706055,44.20000076293945,42.5,42.95000076293945,22120641,0.0,0.0
2023-12-26 00:00:00+05:30,43.20000076293945,43.349998474121094,42.75,42.900001525878906,11354779,0.0,0.0
2023-12-27 00:00:00+05:30,43.150001525878906,43.900001525878906,42.900001525878906,43.29999923706055,16351485,0.0,0.0
2023-12-28 00:00:00+05:30,43.5,44.45000076293945,43.0,43.25,24135199,0.0,0.0
2023-12-29 00:00:00+05:30,43.45000076293945,43.75,43.04999923706055,43.29999923706055,10369754,0.0,0.0
2024-01-01 00:00:00+05:30,43.25,44.29999923706055,43.150001525878906,43.599998474121094,12879177,0.0,0.0
2024-01-02 00:00:00+05:30,43.79999923706055,44.70000076293945,43.25,43.45000076293945,18828371,0.0,0.0
2024-01-03 00:00:00+05:30,43.5,44.900001525878906,43.349998474121094,43.95000076293945,28327760,0.0,0.0
2024-01-04 00:00:00+05:30,44.099998474121094,44.599998474121094,43.95000076293945,44.099998474121094,15527140,0.0,0.0
2024-01-05 00:00:00+05:30,44.349998474121094,44.70000076293945,43.5,43.900001525878906,13363697,0.0,0.0
2024-01-08 00:00:00+05:30,44.04999923706055,44.099998474121094,42.900001525878906,43.150001525878906,11071268,0.0,0.0
2024-01-09 00:00:00+05:30,43.45000076293945,43.650001525878906,42.849998474121094,43.0,7597965,0.0,0.0
2024-01-10 00:00:00+05:30,43.04999923706055,43.25,42.5,42.70000076293945,7338505,0.0,0.0
2024-01-11 00:00:00+05:30,43.0,43.5,42.79999923706055,43.0,8974590,0.0,0.0
2024-01-12 00:00:00+05:30,43.349998474121094,44.650001525878906,43.099998474121094,43.95000076293945,31730567,0.0,0.0
2024-01-15 00:00:00+05:30,44.29999923706055,45.75,44.0,44.45000076293945,31461571,0.0,0.0
2024-01-16 00:00:00+05:30,44.45000076293945,45.70000076293945,43.650001525878906,44.5,28712992,0.0,0.0
2024-01-17 00:00:00+05:30,43.849998474121094,44.45000076293945,43.099998474121094,43.599998474121094,20115305,0.0,0.0
2024-01-18 00:00:00+05:30,43.45000076293945,44.849998474121094,42.04999923706055,44.20000076293945,29406860,0.0,0.0
2024-01-19 00:00:00+05:30,44.650001525878906,44.75,43.900001525878906,44.20000076293945,17969405,0.0,0.0
2024-01-23 00:00:00+05:30,46.0,47.099998474121094,43.400001525878906,43.70000076293945,46170655,0.0,0.0
2024-01-24 00:00:00+05:30,44.150001525878906,46.849998474121094,43.45000076293945,46.04999923706055,50123032,0.0,0.0
2024-01-25 00:00:00+05:30,46.349998474121094,47.400001525878906,45.5,45.75,34258089,0.0,0.0
2024-01-29 00:00:00+05:30,46.79999923706055,49.70000076293945,45.900001525878906,48.45000076293945,75060771,0.0,0.0
2024-01-30 00:00:00+05:30,48.95000076293945,50.20000076293945,47.599998474121094,48.25,50745728,0.0,0.0
2024-01-31 00:00:00+05:30,48.400001525878906,51.0,48.0,49.099998474121094,70933272,0.0,0.0
2024-02-01 00:00:00+05:30,49.5,52.70000076293945,48.0,52.04999923706055,121711880,0.0,0.0
2024-02-02 00:00:00+05:30,53.099998474121094,57.0,53.099998474121094,56.150001525878906,157668286,0.0,0.0
2024-02-05 00:00:00+05:30,56.599998474121094,66.0999984741211,56.0,62.650001525878906,239341270,0.0,0.0
2024-02-06 00:00:00+05:30,64.8499984741211,69.80000305175781,62.29999923706055,67.55000305175781,258421884,0.0,0.0
2024-02-07 00:00:00+05:30,68.05000305175781,81.05000305175781,68.0,79.6500015258789,379528754,0.0,0.0
2024-02-08 00:00:00+05:30,81.80000305175781,83.75,72.1500015258789,74.0,137458959,0.0,0.0
2024-02-09 00:00:00+05:30,74.5999984741211,77.5,67.69999694824219,71.0999984741211,80807393,0.0,0.0
2024-02-12 00:00:00+05:30,71.5,71.5999984741211,64.0,64.05000305175781,46344297,0.0,0.0
2024-02-13 00:00:00+05:30,63.150001525878906,66.80000305175781,60.5,65.0,56543370,0.0,0.0
2024-02-14 00:00:00+05:30,64.0,67.5,63.04999923706055,67.0,37302248,0.0,0.0
2024-02-15 00:00:00+05:30,67.3499984741211,69.5999984741211,65.55000305175781,69.1500015258789,55531337,0.0,0.0
2024-02-16 00:00:00+05:30,70.0,70.8499984741211,68.05000305175781,68.30000305175781,30799468,0.0,0.0
2024-02-19 00:00:00+05:30,68.5999984741211,72.44999694824219,67.55000305175781,70.30000305175781,33311812,0.0,0.0
2024-02-20 00:00:00+05:30,70.6500015258789,70.6500015258789,69.0,69.55000305175781,18596793,0.0,0.0
2024-02-21 00:00:00+05:30,69.75,71.19999694824219,68.0,68.55000305175781,26155059,0.0,0.0
2024-02-22 00:00:00+05:30,68.5999984741211,69.6500015258789,65.94999694824219,69.25,21351682,0.0,0.0
2024-02-23 00:00:00+05:30,69.30000305175781,69.80000305175781,67.05000305175781,67.5,15733070,0.0,0.0
2024-02-26 00:00:00+05:30,67.5,67.5,66.0999984741211,66.30000305175781,10070189,0.0,0.0
2024-02-27 00:00:00+05:30,66.25,66.69999694824219,63.79999923706055,64.5,13566526,0.0,0.0
2024-02-28 00:00:00+05:30,64.5,65.5999984741211,62.04999923706055,63.20000076293945,13361400,0.0,0.0
2024-02-29 00:00:00+05:30,63.0,65.1500015258789,62.20000076293945,64.6500015258789,16603392,0.0,0.0
2024-03-01 00:00:00+05:30,65.0,65.75,64.0999984741211,64.5999984741211,12306519,0.0,0.0
2024-03-04 00:00:00+05:30,64.8499984741211,65.05000305175781,63.0,63.150001525878906,7824214,0.0,0.0
2024-03-05 00:00:00+05:30,63.599998474121094,69.44999694824219,62.54999923706055,69.25,52434387,0.0,0.0
2024-03-06 00:00:00+05:30,69.25,70.30000305175781,65.30000305175781,65.69999694824219,32020467,0.0,0.0
2024-03-07 00:00:00+05:30,66.1500015258789,67.6500015258789,65.69999694824219,66.05000305175781,12611496,0.0,0.0
2024-03-11 00:00:00+05:30,66.05000305175781,66.19999694824219,63.5,63.75,12392086,0.0,0.0
2024-03-12 00:00:00+05:30,63.95000076293945,63.95000076293945,61.20000076293945,61.75,11399935,0.0,0.0
2024-03-13 00:00:00+05:30,61.75,62.95000076293945,56.0,56.54999923706055,22189964,0.0,0.0
2024-03-14 00:00:00+05:30,56.5,62.04999923706055,55.04999923706055,61.04999923706055,19997056,0.0,0.0
2024-03-15 00:00:00+05:30,61.0,62.849998474121094,58.45000076293945,60.099998474121094,14183286,0.0,0.0
2024-03-18 00:00:00+05:30,60.099998474121094,61.0,58.650001525878906,59.0,8414732,0.0,0.0
2024-03-19 00:00:00+05:30,59.70000076293945,60.70000076293945,57.5,57.75,11926832,0.0,0.0
2024-03-20 00:00:00+05:30,59.599998474121094,59.599998474121094,56.75,57.25,11194066,0.0,0.0
2024-03-21 00:00:00+05:30,58.95000076293945,59.650001525878906,58.04999923706055,58.5,10879764,0.0,0.0
2024-03-22 00:00:00+05:30,58.45000076293945,60.75,58.04999923706055,59.54999923706055,11844603,0.0,0.0
2024-03-26 00:00:00+05:30,59.5,60.20000076293945,58.29999923706055,58.400001525878906,9385687,0.0,0.0
2024-03-27 00:00:00+05:30,58.79999923706055,59.20000076293945,56.54999923706055,56.900001525878906,12602710,0.0,0.0
2024-03-28 00:00:00+05:30,57.29999923706055,62.0,57.20000076293945,59.95000076293945,30823664,0.0,0.0
2024-04-01 00:00:00+05:30,60.5,65.0,60.29999923706055,64.75,26858536,0.0,0.0
2024-04-02 00:00:00+05:30,64.94999694824219,65.5,63.29999923706055,64.5999984741211,22002905,0.0,0.0
2024-04-03 00:00:00+05:30,64.5,67.0999984741211,63.79999923706055,66.80000305175781,28031613,0.0,0.0
2024-04-04 00:00:00+05:30,67.3499984741211,67.69999694824219,64.9000015258789,65.8499984741211,19127281,0.0,0.0
2024-04-05 00:00:00+05:30,65.94999694824219,67.6500015258789,65.19999694824219,66.5,20745471,0.0,0.0
2024-04-08 00:00:00+05:30,66.80000305175781,66.8499984741211,65.0,65.1500015258789,9167980,0.0,0.0
2024-04-09 00:00:00+05:30,65.25,66.1500015258789,64.30000305175781,65.3499984741211,10719668,0.0,0.0
2024-04-10 00:00:00+05:30,65.3499984741211,66.44999694824219,64.4000015258789,65.69999694824219,10491652,0.0,0.0
2024-04-12 00:00:00+05:30,65.25,65.75,63.75,64.1500015258789,8765923,0.0,0.0
2024-04-15 00:00:00+05:30,61.0,63.0,60.0,61.75,16205290,0.0,0.0
2024-04-16 00:00:00+05:30,61.70000076293945,63.29999923706055,61.0,62.0,10726885,0.0,0.0
2024-04-18 00:00:00+05:30,62.20000076293945,63.95000076293945,61.150001525878906,61.5,13793708,0.0,0.0
2024-04-19 00:00:00+05:30,61.0,62.0,59.54999923706055,61.25,12671263,0.0,0.0
2024-04-22 00:00:00+05:30,61.900001525878906,64.0999984741211,61.54999923706055,63.599998474121094,13884169,0.0,0.0
2024-04-23 00:00:00+05:30,64.0,64.5,63.150001525878906,63.349998474121094,11000303,0.0,0.0
2024-04-24 00:00:00+05:30,63.5,64.19999694824219,63.099998474121094,63.25,6744626,0.0,0.0
2024-04-25 00:00:00+05:30,63.400001525878906,67.44999694824219,62.849998474121094,66.9000015258789,41297357,0.0,0.0
2024-04-26 00:00:00+05:30,67.19999694824219,68.4000015258789,66.3499984741211,66.75,29997431,0.0,0.0
2024-04-29 00:00:00+05:30,67.25,69.0999984741211,66.5,68.69999694824219,27991481,0.0,0.0
2024-04-30 00:00:00+05:30,69.0999984741211,69.69999694824219,67.6500015258789,68.0999984741211,23114240,0.0,0.0
2024-05-02 00:00:00+05:30,68.5,68.5,66.80000305175781,67.05000305175781,12874562,0.0,0.0
2024-05-03 00:00:00+05:30,67.44999694824219,67.69999694824219,65.5999984741211,66.25,11484861,0.0,0.0
2024-05-06 00:00:00+05:30,66.5,66.5999984741211,63.70000076293945,64.75,13026004,0.0,0.0
2024-05-07 00:00:00+05:30,64.75,65.4000015258789,61.650001525878906,62.400001525878906,14344297,0.0,0.0
2024-05-08 00:00:00+05:30,62.400001525878906,64.3499984741211,62.0,63.400001525878906,10829402,0.0,0.0
2024-05-09 00:00:00+05:30,63.70000076293945,64.19999694824219,60.650001525878906,61.150001525878906,19825867,0.0,0.0
2024-05-10 00:00:00+05:30,61.900001525878906,62.599998474121094,59.75,62.0,15762157,0.0,0.0
2024-05-13 00:00:00+05:30,62.0,62.099998474121094,59.099998474121094,60.54999923706055,11598654,0.0,0.0
2024-05-14 00:00:00+05:30,60.900001525878906,62.0,60.70000076293945,61.849998474121094,7968321,0.0,0.0
2024-05-15 00:00:00+05:30,61.849998474121094,63.400001525878906,61.599998474121094,61.900001525878906,7662946,0.0,0.0
2024-05-16 00:00:00+05:30,62.099998474121094,62.5,61.25,61.599998474121094,7792324,0.0,0.0
2024-05-17 00:00:00+05:30,61.75,62.400001525878906,61.29999923706055,62.04999923706055,6758720,0.0,0.0
2024-05-21 00:00:00+05:30,64.9000015258789,68.25,64.0999984741211,67.0999984741211,27748953,0.0,0.0
2024-05-22 00:00:00+05:30,67.5,68.75,66.0,66.8499984741211,15967871,0.0,0.0
2024-05-23 00:00:00+05:30,67.30000305175781,69.69999694824219,67.30000305175781,68.25,27342758,0.0,0.0
2024-05-24 00:00:00+05:30,68.25,69.19999694824219,67.0,67.19999694824219,17405864,0.0,0.0
2024-05-27 00:00:00+05:30,67.6500015258789,75.3499984741211,67.19999694824219,74.5,125030999,0.0,0.0
2024-05-28 00:00:00+05:30,75.0999984741211,75.55000305175781,69.3499984741211,70.5999984741211,59553629,0.0,0.0
2024-05-29 00:00:00+05:30,70.44999694824219,71.5,69.5,69.94999694824219,30781875,0.0,0.0
2024-05-30 00:00:00+05:30,69.94999694824219,70.5999984741211,67.1500015258789,67.55000305175781,28157166,0.0,0.0
2024-05-31 00:00:00+05:30,68.0999984741211,69.80000305175781,66.19999694824219,68.9000015258789,30505455,0.0,0.0
2024-06-03 00:00:00+05:30,73.69999694824219,74.9000015258789,70.3499984741211,73.19999694824219,60182377,0.0,0.0
2024-06-04 00:00:00+05:30,72.0,72.0,58.599998474121094,62.099998474121094,61800928,0.0,0.0
2024-06-05 00:00:00+05:30,62.099998474121094,64.9000015258789,59.150001525878906,64.0999984741211,26799629,0.0,0.0
2024-06-06 00:00:00+05:30,65.6500015258789,68.0,65.19999694824219,66.6500015258789,24733474,0.0,0.0
2024-06-07 00:00:00+05:30,66.9000015258789,67.80000305175781,65.75,67.30000305175781,14896008,0.0,0.0
2024-06-10 00:00:00+05:30,67.8499984741211,68.0999984741211,66.3499984741211,66.8499984741211,13213258,0.0,0.0
2024-06-11 00:00:00+05:30,67.2300033569336,67.30000305175781,65.91000366210938,66.52999877929688,11479045,0.0,0.0
2024-06-12 00:00:00+05:30,66.75,69.41000366210938,66.55000305175781,67.86000061035156,24798173,0.0,0.0
2024-06-13 00:00:00+05:30,68.45999908447266,68.98999786376953,67.0,67.41999816894531,11430272,0.0,0.0
2024-06-14 00:00:00+05:30,67.69999694824219,68.18000030517578,67.05000305175781,67.20999908447266,9550000,0.0,0.0
2024-06-18 00:00:00+05:30,67.5999984741211,68.08000183105469,66.44999694824219,66.66999816894531,9545217,0.0,0.0
2024-06-19 00:00:00+05:30,66.95999908447266,67.69999694824219,64.5,66.16999816894531,19219919,0.0,0.0
2024-06-20 00:00:00+05:30,66.55000305175781,68.68000030517578,66.22000122070312,66.94000244140625,17972603,0.0,0.0
2024-06-21 00:00:00+05:30,67.0,67.30000305175781,65.69999694824219,66.12999725341797,10165101,0.0,0.0
2024-06-24 00:00:00+05:30,65.98999786376953,66.68000030517578,65.25,65.86000061035156,7586218,0.0,0.0
2024-06-25 00:00:00+05:30,66.0,66.33999633789062,64.0999984741211,64.27999877929688,12677814,0.0,0.0
2024-06-26 00:00:00+05:30,64.3499984741211,65.19999694824219,64.0,64.18000030517578,7552633,0.0,0.0
2024-06-27 00:00:00+05:30,64.18000030517578,64.58000183105469,63.060001373291016,63.9900016784668,7626789,0.0,0.0
2024-06-28 00:00:00+05:30,64.08999633789062,66.33999633789062,64.08000183105469,64.27999877929688,10108971,0.0,0.0
2024-07-01 00:00:00+05:30,64.5999984741211,64.7699966430664,63.52000045776367,63.68000030517578,8761598,0.0,0.0
2024-07-02 00:00:00+05:30,63.84000015258789,64.19999694824219,62.81999969482422,63.209999084472656,6166179,0.0,0.0
2024-07-03 00:00:00+05:30,63.529998779296875,64.19999694824219,63.29999923706055,63.45000076293945,5217717,0.0,0.0
2024-07-04 00:00:00+05:30,63.779998779296875,64.0,63.0,63.119998931884766,6053776,0.0,0.0
2024-07-05 00:00:00+05:30,62.209999084472656,63.650001525878906,62.209999084472656,62.9900016784668,8981403,0.0,0.0
2024-07-08 00:00:00+05:30,63.29999923706055,63.29999923706055,62.0,62.029998779296875,7481396,0.0,0.0
2024-07-09 00:00:00+05:30,62.27000045776367,67.9000015258789,62.099998474121094,64.54000091552734,53123928,0.0,0.0
2024-07-10 00:00:00+05:30,64.80000305175781,65.47000122070312,62.91999816894531,64.66000366210938,13203592,0.0,0.0
2024-07-11 00:00:00+05:30,65.0,65.44000244140625,63.5,63.65999984741211,8911223,0.0,0.0
2024-07-12 00:00:00+05:30,64.0,65.0999984741211,63.0,63.66999816894531,8206979,0.0,0.0
2024-07-15 00:00:00+05:30,64.0999984741211,69.44999694824219,63.56999969482422,68.41999816894531,83168612,0.0,0.0
2024-07-16 00:00:00+05:30,68.75,70.94999694824219,67.01000213623047,67.29000091552734,26932299,0.0,0.0
2024-07-18 00:00:00+05:30,67.30000305175781,71.62999725341797,65.61000061035156,67.4800033569336,61370002,0.0,0.0
2024-07-19 00:00:00+05:30,67.9000015258789,68.58000183105469,64.01000213623047,64.4800033569336,26176196,0.0,0.0
2024-07-22 00:00:00+05:30,64.0999984741211,66.55000305175781,63.79999923706055,64.80999755859375,26591118,0.0,0.0
2024-07-23 00:00:00+05:30,65.5,65.75,61.0,63.66999816894531,20143107,0.0,0.0
2024-07-24 00:00:00+05:30,63.7599983215332,67.5,63.54999923706055,65.69999694824219,25981951,0.0,0.0
2024-07-25 00:00:00+05:30,64.98999786376953,66.9000015258789,64.70999908447266,65.66999816894531,14552231,0.0,0.0
2024-07-26 00:00:00+05:30,65.9000015258789,69.27999877929688,65.83999633789062,67.33000183105469,37689303,0.0,0.0
2024-07-29 00:00:00+05:30,68.91000366210938,72.5999984741211,68.0199966430664,68.30000305175781,51832638,0.0,0.0
2024-07-30 00:00:00+05:30,68.5,68.87999725341797,67.20999908447266,67.52999877929688,13623785,0.0,0.0
2024-07-31 00:00:00+05:30,67.75,67.9800033569336,66.12999725341797,66.69999694824219,10181977,0.0,0.0
2024-08-01 00:00:00+05:30,66.9000015258789,68.45999908447266,66.0,66.63999938964844,17106262,0.0,0.0
2024-08-02 00:00:00+05:30,65.38999938964844,66.87000274658203,64.55000305175781,65.25,15668574,0.0,0.0
2024-08-05 00:00:00+05:30,63.0,63.900001525878906,60.65999984741211,61.11000061035156,21816262,0.0,0.0
2024-08-06 00:00:00+05:30,62.09000015258789,63.47999954223633,59.77000045776367,60.130001068115234,13453960,0.0,0.0
2024-08-07 00:00:00+05:30,62.0,62.400001525878906,60.220001220703125,61.90999984741211,13697026,0.0,0.0
2024-08-08 00:00:00+05:30,62.13999938964844,62.95000076293945,61.36000061035156,61.650001525878906,10265370,0.0,0.0
2024-08-09 00:00:00+05:30,62.2400016784668,62.75,61.560001373291016,61.72999954223633,9865218,0.0,0.0
2024-08-12 00:00:00+05:30,61.0,61.47999954223633,60.5,60.88999938964844,8147891,0.0,0.0
2024-08-13 00:00:00+05:30,61.20000076293945,61.630001068115234,60.11000061035156,60.36000061035156,5968369,0.0,0.0
2024-08-14 00:00:00+05:30,60.349998474121094,60.70000076293945,59.209999084472656,59.709999084472656,6763977,0.0,0.0
2024-08-16 00:00:00+05:30,60.29999923706055,61.349998474121094,60.150001525878906,60.88999938964844,5746422,0.0,0.0
2024-08-19 00:00:00+05:30,61.20000076293945,62.45000076293945,61.099998474121094,61.90999984741211,7738878,0.0,0.0
2024-08-20 00:00:00+05:30,62.0,62.349998474121094,61.560001373291016,62.119998931884766,6625107,0.0,0.0
2024-08-21 00:00:00+05:30,62.5,62.650001525878906,61.869998931884766,62.209999084472656,5857733,0.0,0.0
2024-08-22 00:00:00+05:30,62.5,63.63999938964844,62.099998474121094,62.310001373291016,10243658,0.0,0.0
2024-08-23 00:00:00+05:30,62.29999923706055,62.52000045776367,61.810001373291016,62.09000015258789,4066501,0.0,0.0
2024-08-26 00:00:00+05:30,62.099998474121094,62.38999938964844,61.04999923706055,61.279998779296875,5244993,0.0,0.0
2024-08-27 00:00:00+05:30,61.25,61.86000061035156,61.11000061035156,61.369998931884766,3967400,0.0,0.0
2024-08-28 00:00:00+05:30,61.43000030517578,62.130001068115234,60.5,60.7400016784668,5856807,0.0,0.0
2024-08-29 00:00:00+05:30,60.72999954223633,61.2400016784668,60.31999969482422,60.84000015258789,4296379,0.0,0.0
2024-08-30 00:00:00+05:30,61.099998474121094,61.5,60.45000076293945,60.77000045776367,3731727,0.0,0.0
2024-09-02 00:00:00+05:30,60.88999938964844,61.099998474121094,59.95000076293945,60.599998474121094,6013881,0.0,0.0
2024-09-03 00:00:00+05:30,60.599998474121094,60.97999954223633,60.369998931884766,60.470001220703125,3206133,0.0,0.0
2024-09-04 00:00:00+05:30,59.689998626708984,60.34000015258789,59.400001525878906,59.72999954223633,3892961,0.0,0.0
2024-09-05 00:00:00+05:30,59.9900016784668,60.29999923706055,59.599998474121094,59.70000076293945,3163465,0.0,0.0
2024-09-06 00:00:00+05:30,59.689998626708984,59.959999084472656,58.0,58.04999923706055,7797536,0.0,0.0
2024-09-09 00:00:00+05:30,58.04999923706055,58.13999938964844,56.630001068115234,57.2599983215332,6623395,0.0,0.0
2024-09-10 00:00:00+05:30,57.45000076293945,58.72999954223633,57.41999816894531,58.29999923706055,3520447,0.0,0.0
2024-09-11 00:00:00+05:30,58.400001525878906,58.599998474121094,57.0,57.41999816894531,4311077,0.0,0.0
2024-09-12 00:00:00+05:30,57.63999938964844,58.09000015258789,57.040000915527344,57.560001373291016,5016294,0.0,0.0
2024-09-13 00:00:00+05:30,57.79999923706055,60.79999923706055,57.5,59.459999084472656,14158765,0.0,0.0
2024-09-16 00:00:00+05:30,59.75,60.540000915527344,59.13999938964844,59.45000076293945,6407454,0.0,0.0
2024-09-17 00:00:00+05:30,59.45000076293945,59.5,58.04999923706055,58.209999084472656,4374501,0.0,0.0
2024-09-18 00:00:00+05:30,58.25,59.650001525878906,57.70000076293945,58.880001068115234,6576488,0.0,0.0
2024-09-19 00:00:00+05:30,59.349998474121094,59.599998474121094,57.04999923706055,57.439998626708984,5071353,0.0,0.0
2024-09-20 00:00:00+05:30,58.900001525878906,58.900001525878906,57.2400016784668,58.439998626708984,7406089,0.0,0.0
2024-09-23 00:00:00+05:30,58.599998474121094,61.79999923706055,58.20000076293945,61.04999923706055,20391748,0.0,0.0
2024-09-24 00:00:00+05:30,61.5,61.5,59.54999923706055,59.83000183105469,8210080,0.0,0.0
2024-09-25 00:00:00+05:30,60.0,60.029998779296875,58.31999969482422,58.599998474121094,5515937,0.0,0.0
2024-09-26 00:00:00+05:30,58.83000183105469,59.349998474121094,57.900001525878906,58.66999816894531,6131600,0.0,0.0
2024-09-27 00:00:00+05:30,58.70000076293945,59.58000183105469,58.0099983215332,58.36000061035156,12751781,0.0,0.0
2024-09-30 00:00:00+05:30,58.0,58.150001525878906,57.56999969482422,57.72999954223633,4966945,0.0,0.0
2024-10-01 00:00:00+05:30,57.75,58.08000183105469,57.400001525878906,57.529998779296875,4093769,0.0,0.0
2024-10-03 00:00:00+05:30,56.86000061035156,57.189998626708984,55.88999938964844,56.16999816894531,5138707,0.0,0.0
2024-10-04 00:00:00+05:30,56.16999816894531,56.849998474121094,54.61000061035156,55.63999938964844,7361324,0.0,0.0
2024-10-07 00:00:00+05:30,55.90999984741211,56.34000015258789,52.11000061035156,52.56999969482422,9753196,0.0,0.0
2024-10-08 00:00:00+05:30,52.689998626708984,55.20000076293945,52.18000030517578,54.709999084472656,7403711,0.0,0.0
2024-10-09 00:00:00+05:30,55.54999923706055,55.599998474121094,54.68000030517578,54.900001525878906,4925646,0.0,0.0
2024-10-10 00:00:00+05:30,55.29999923706055,55.459999084472656,54.150001525878906,54.459999084472656,3409843,0.0,0.0
2024-10-11 00:00:00+05:30,54.29999923706055,54.68000030517578,53.900001525878906,54.290000915527344,2426864,0.0,0.0
2024-10-14 00:00:00+05:30,54.310001373291016,55.11000061035156,54.0,54.09000015258789,3056802,0.0,0.0
2024-10-15 00:00:00+05:30,54.31999969482422,54.38999938964844,53.72999954223633,54.15999984741211,2894474,0.0,0.0
2024-10-16 00:00:00+05:30,54.15999984741211,55.25,54.029998779296875,54.61000061035156,3181297,0.0,0.0
2024-10-17 00:00:00+05:30,54.81999969482422,56.4900016784668,53.79999923706055,55.970001220703125,13245463,0.0,0.0
2024-10-18 00:00:00+05:30,56.0,56.880001068115234,54.75,55.529998779296875,9965213,0.0,0.0
2024-10-21 00:00:00+05:30,55.630001068115234,55.849998474121094,53.099998474121094,53.38999938964844,5655908,0.0,0.0
2024-10-22 00:00:00+05:30,53.38999938964844,53.45000076293945,49.720001220703125,50.2599983215332,8319040,0.0,0.0
2024-10-23 00:00:00+05:30,50.33000183105469,52.95000076293945,48.439998626708984,52.560001373291016,12852045,0.0,0.0
2024-10-24 00:00:00+05:30,52.599998474121094,53.54999923706055,51.45000076293945,51.65999984741211,6605052,0.0,0.0
2024-10-25 00:00:00+05:30,51.650001525878906,51.650001525878906,49.349998474121094,50.220001220703125,7301659,0.0,0.0
2024-10-28 00:00:00+05:30,50.29999923706055,51.689998626708984,49.720001220703125,51.08000183105469,7375360,0.0,0.0
2024-10-29 00:00:00+05:30,51.25,52.9900016784668,50.779998779296875,52.68000030517578,7384833,0.0,0.0
2024-10-30 00:00:00+05:30,52.56999969482422,54.56999969482422,52.04999923706055,54.18000030517578,9088723,0.0,0.0
2024-10-31 00:00:00+05:30,53.810001373291016,55.38999938964844,53.5,54.459999084472656,7530189,0.0,0.0
2024-11-01 00:00:00+05:30,54.70000076293945,55.400001525878906,54.5099983215332,54.95000076293945,1712565,0.0,0.0
2024-11-04 00:00:00+05:30,54.95000076293945,54.95000076293945,52.86000061035156,53.18000030517578,4949610,0.0,0.0
2024-11-05 00:00:00+05:30,52.5,54.4900016784668,52.47999954223633,54.099998474121094,6780832,0.0,0.0
2024-11-06 00:00:00+05:30,54.400001525878906,55.33000183105469,53.90999984741211,55.11000061035156,5204537,0.0,0.0
2024-11-07 00:00:00+05:30,55.400001525878906,56.380001068115234,54.599998474121094,54.86000061035156,5589622,0.0,0.0
2024-11-08 00:00:00+05:30,54.470001220703125,54.72999954223633,52.900001525878906,53.11000061035156,4624558,0.0,0.0
2024-11-11 00:00:00+05:30,52.9900016784668,53.4900016784668,52.13999938964844,52.61000061035156,4718076,0.0,0.0
2024-11-12 00:00:00+05:30,52.70000076293945,53.36000061035156,51.029998779296875,51.47999954223633,3275324,0.0,0.0
2024-11-13 00:00:00+05:30,50.709999084472656,51.40999984741211,49.16999816894531,49.31999969482422,5350849,0.0,0.0
2024-11-14 00:00:00+05:30,49.5,51.599998474121094,49.04999923706055,49.54999923706055,7255657,0.0,0.0
2024-11-18 00:00:00+05:30,49.75,51.150001525878906,48.56999969482422,49.88999938964844,5889091,0.0,0.0
2024-11-19 00:00:00+05:30,50.5,52.25,50.099998474121094,51.130001068115234,8123270,0.0,0.0
2024-11-21 00:00:00+05:30,51.18000030517578,51.290000915527344,49.349998474121094,49.810001373291016,5623125,0.0,0.0
2024-11-22 00:00:00+05:30,49.810001373291016,50.75,49.5,50.310001373291016,3952448,0.0,0.0
2024-11-25 00:00:00+05:30,52.099998474121094,54.150001525878906,51.459999084472656,52.459999084472656,11292608,0.0,0.0
2024-11-26 00:00:00+05:30,52.459999084472656,52.900001525878906,52.11000061035156,52.45000076293945,3338779,0.0,0.0
2024-11-27 00:00:00+05:30,52.9900016784668,53.79999923706055,52.68000030517578,53.060001373291016,6323194,0.0,0.0
2024-11-28 00:00:00+05:30,53.34000015258789,54.970001220703125,53.29999923706055,54.61000061035156,9513462,0.0,0.0
2024-11-29 00:00:00+05:30,54.849998474121094,55.369998931884766,52.52000045776367,53.83000183105469,10078280,0.0,0.0
2024-12-02 00:00:00+05:30,53.83000183105469,53.900001525878906,52.900001525878906,53.380001068115234,3170022,0.0,0.0
2024-12-03 00:00:00+05:30,53.650001525878906,55.20000076293945,53.43000030517578,54.45000076293945,7566537,0.0,0.0
2024-12-04 00:00:00+05:30,54.599998474121094,59.400001525878906,54.29999923706055,58.970001220703125,47725663,0.0,0.0
2024-12-05 00:00:00+05:30,59.689998626708984,59.939998626708984,57.22999954223633,57.869998931884766,21407451,0.0,0.0
2024-12-06 00:00:00+05:30,57.95000076293945,59.75,57.31999969482422,57.86000061035156,19278886,0.0,0.0
2024-12-09 00:00:00+05:30,58.0,58.33000183105469,57.400001525878906,57.47999954223633,5594379,0.0,0.0
2024-12-10 00:00:00+05:30,57.47999954223633,57.9900016784668,56.61000061035156,56.869998931884766,5493375,0.0,0.0
2024-12-11 00:00:00+05:30,58.400001525878906,59.54999923706055,57.310001373291016,57.650001525878906,22108383,0.0,0.0
2024-12-12 00:00:00+05:30,58.04999923706055,58.720001220703125,57.04999923706055,57.68000030517578,8377470,0.0,0.0
2024-12-13 00:00:00+05:30,57.349998474121094,57.400001525878906,54.38999938964844,55.68000030517578,15192346,0.0,0.0
2024-12-16 00:00:00+05:30,55.79999923706055,56.79999923706055,55.72999954223633,56.04999923706055,5060275,0.0,0.0
2024-12-17 00:00:00+05:30,56.04999923706055,56.04999923706055,55.029998779296875,55.150001525878906,3630308,0.0,0.0
2024-12-18 00:00:00+05:30,55.099998474121094,55.099998474121094,53.79999923706055,53.900001525878906,4838693,0.0,0.0
2024-12-19 00:00:00+05:30,52.599998474121094,53.61000061035156,51.900001525878906,53.209999084472656,4146681,0.0,0.0
2024-12-20 00:00:00+05:30,53.209999084472656,53.68000030517578,52.060001373291016,52.400001525878906,4441746,0.0,0.0
2024-12-23 00:00:00+05:30,52.75,53.0,51.54999923706055,51.63999938964844,4311273,0.0,0.0
2024-12-24 00:00:00+05:30,51.970001220703125,52.08000183105469,51.31999969482422,51.689998626708984,3202568,0.0,0.0
2024-12-26 00:00:00+05:30,51.79999923706055,52.869998931884766,51.369998931884766,51.5,4763749,0.0,0.0
2024-12-27 00:00:00+05:30,51.619998931884766,51.97999954223633,51.13999938964844,51.33000183105469,2794441,0.0,0.0
2024-12-30 00:00:00+05:30,51.5,51.650001525878906,50.040000915527344,50.58000183105469,4383524,0.0,0.0
2024-12-31 00:00:00+05:30,50.599998474121094,51.970001220703125,50.529998779296875,51.7599983215332,4151678,0.0,0.0
2025-01-01 00:00:00+05:30,51.599998474121094,52.18000030517578,51.20000076293945,51.869998931884766,2928341,0.0,0.0
2025-01-02 00:00:00+05:30,51.90999984741211,52.5,51.36000061035156,52.13999938964844,3636626,0.0,0.0
2025-01-03 00:00:00+05:30,52.349998474121094,54.400001525878906,52.349998474121094,53.099998474121094,10787592,0.0,0.0
2025-01-06 00:00:00+05:30,53.310001373291016,53.349998474121094,50.5,50.689998626708984,5842917,0.0,0.0
2025-01-07 00:00:00+05:30,51.0,51.529998779296875,50.36000061035156,51.11000061035156,4406397,0.0,0.0
2025-01-08 00:00:00+05:30,51.0,51.08000183105469,50.27000045776367,50.77000045776367,2647466,0.0,0.0
2025-01-09 00:00:00+05:30,50.5,50.720001220703125,49.599998474121094,49.939998626708984,3046993,0.0,0.0
2025-01-10 00:00:00+05:30,50.0,50.189998626708984,47.900001525878906,48.11000061035156,5333888,0.0,0.0
2025-01-13 00:00:00+05:30,47.0,47.79999923706055,45.04999923706055,45.45000076293945,7160861,0.0,0.0
2025-01-14 00:00:00+05:30,45.61000061035156,54.540000915527344,45.61000061035156,53.77000045776367,25580989,0.0,0.0
2025-01-15 00:00:00+05:30,51.79999923706055,51.79999923706055,49.20000076293945,49.90999984741211,24755502,0.0,0.0
2025-01-16 00:00:00+05:30,50.54999923706055,51.84000015258789,50.099998474121094,50.369998931884766,11962764,0.0,0.0
2025-01-17 00:00:00+05:30,50.369998931884766,50.97999954223633,49.79999923706055,50.63999938964844,6231707,0.0,0.0
2025-01-20 00:00:00+05:30,50.95000076293945,53.650001525878906,50.70000076293945,52.52000045776367,22139563,0.0,0.0
2025-01-21 00:00:00+05:30,52.38999938964844,52.38999938964844,50.79999923706055,51.20000076293945,6634740,0.0,0.0
2025-01-22 00:00:00+05:30,51.209999084472656,51.380001068115234,49.36000061035156,50.29999923706055,4499478,0.0,0.0
2025-01-23 00:00:00+05:30,50.0,51.119998931884766,49.70000076293945,50.63999938964844,3788273,0.0,0.0
2025-01-24 00:00:00+05:30,50.63999938964844,50.84000015258789,48.86000061035156,49.040000915527344,4581745,0.0,0.0
2025-01-27 00:00:00+05:30,49.040000915527344,51.38999938964844,47.41999816894531,49.93000030517578,14973443,0.0,0.0
2025-01-28 00:00:00+05:30,50.5,51.2599983215332,48.900001525878906,49.4900016784668,9330906,0.0,0.0
2025-01-29 00:00:00+05:30,49.599998474121094,50.34000015258789,49.45000076293945,50.099998474121094,4279424,0.0,0.0
2025-01-30 00:00:00+05:30,49.970001220703125,50.790000915527344,49.72999954223633,50.189998626708984,3851286,0.0,0.0
2025-01-31 00:00:00+05:30,50.13999938964844,51.650001525878906,49.4900016784668,51.0,5921321,0.0,0.0
2025-02-01 00:00:00+05:30,51.09000015258789,52.13999938964844,50.02000045776367,50.310001373291016,4996773,0.0,0.0
2025-02-03 00:00:00+05:30,50.099998474121094,50.209999084472656,48.709999084472656,48.849998474121094,3285887,0.0,0.0
2025-02-04 00:00:00+05:30,49.59000015258789,50.29999923706055,49.15999984741211,49.70000076293945,3534556,0.0,0.0
2025-02-05 00:00:00+05:30,50.43000030517578,52.40999984741211,50.29999923706055,51.43000030517578,9836644,0.0,0.0
2025-02-06 00:00:00+05:30,51.77000045776367,51.77000045776367,50.349998474121094,50.900001525878906,3452974,0.0,0.0
2025-02-07 00:00:00+05:30,51.0,51.68000030517578,50.13999938964844,50.369998931884766,4591431,0.0,0.0
2025-02-10 00:00:00+05:30,50.29999923706055,50.29999923706055,49.209999084472656,49.529998779296875,2216534,0.0,0.0
2025-02-11 00:00:00+05:30,49.79999923706055,49.849998474121094,47.90999984741211,48.16999816894531,2985402,0.0,0.0
2025-02-12 00:00:00+05:30,48.08000183105469,48.349998474121094,45.970001220703125,47.7400016784668,5663480,0.0,0.0
2025-02-13 00:00:00+05:30,48.0,48.66999816894531,47.83000183105469,48.189998626708984,3007173,0.0,0.0
2025-02-14 00:00:00+05:30,48.189998626708984,48.349998474121094,46.2599983215332,46.58000183105469,3677228,0.0,0.0
2025-02-17 00:00:00+05:30,46.34000015258789,46.439998626708984,45.0,46.130001068115234,4789272,0.0,0.0
2025-02-18 00:00:00+05:30,46.099998474121094,46.29999923706055,44.720001220703125,45.18000030517578,3871176,0.0,0.0
2025-02-19 00:00:00+05:30,45.0,46.459999084472656,44.47999954223633,46.29999923706055,3191340,0.0,0.0
2025-02-20 00:00:00+05:30,46.0,47.630001068115234,45.79999923706055,47.20000076293945,3364313,0.0,0.0
2025-02-21 00:00:00+05:30,46.79999923706055,47.95000076293945,46.349998474121094,46.61000061035156,3141246,0.0,0.0
2025-02-24 00:00:00+05:30,46.29999923706055,46.4900016784668,45.380001068115234,46.18000030517578,2253429,0.0,0.0
2025-02-25 00:00:00+05:30,47.0,47.900001525878906,45.849998474121094,46.22999954223633,5727515,0.0,0.0
2025-02-27 00:00:00+05:30,46.29999923706055,46.84000015258789,45.400001525878906,45.599998474121094,2699997,0.0,0.0
2025-02-28 00:00:00+05:30,45.0099983215332,45.119998931884766,43.20000076293945,43.529998779296875,3898293,0.0,0.0
2025-03-03 00:00:00+05:30,43.0,43.5099983215332,41.0099983215332,41.709999084472656,9922401,0.0,0.0
2025-03-04 00:00:00+05:30,41.15999984741211,43.36000061035156,40.52000045776367,42.9900016784668,6252615,0.0,0.0
2025-03-05 00:00:00+05:30,42.9900016784668,44.150001525878906,42.86000061035156,43.9900016784668,4118839,0.0,0.0
2025-03-06 00:00:00+05:30,44.5,45.08000183105469,44.150001525878906,44.36000061035156,3522773,0.0,0.0
2025-03-07 00:00:00+05:30,44.29999923706055,45.13999938964844,44.02000045776367,44.66999816894531,3410958,0.0,0.0
2025-03-10 00:00:00+05:30,44.68000030517578,45.02000045776367,42.88999938964844,43.40999984741211,3270666,0.0,0.0
2025-03-11 00:00:00+05:30,42.709999084472656,43.2599983215332,42.29999923706055,42.599998474121094,3315230,0.0,0.0
2025-03-12 00:00:00+05:30,42.619998931884766,43.18000030517578,41.95000076293945,42.09000015258789,3183384,0.0,0.0
2025-03-13 00:00:00+05:30,42.15999984741211,42.560001373291016,41.439998626708984,41.540000915527344,2822442,0.0,0.0
2025-03-17 00:00:00+05:30,42.040000915527344,42.150001525878906,41.02000045776367,41.099998474121094,3203730,0.0,0.0
2025-03-18 00:00:00+05:30,41.099998474121094,41.099998474121094,41.099998474121094,41.099998474121094,0,0.0,0.0
2025-03-19 00:00:00+05:30,42.43000030517578,44.099998474121094,42.43000030517578,43.83000183105469,4788697,0.0,0.0
2025-03-20 00:00:00+05:30,44.41999816894531,44.77000045776367,42.86000061035156,43.0,6379044,0.0,0.0
2025-03-21 00:00:00+05:30,42.9900016784668,43.79999923706055,42.70000076293945,43.560001373291016,7215793,0.0,0.0
2025-03-24 00:00:00+05:30,43.90999984741211,45.09000015258789,43.900001525878906,44.470001220703125,7952521,0.0,0.0
2025-03-25 00:00:00+05:30,44.75,44.9900016784668,42.54999923706055,42.77000045776367,8169669,0.0,0.0
2025-03-26 00:00:00+05:30,42.5,45.150001525878906,42.25,42.5099983215332,14292450,0.0,0.0
2025-03-27 00:00:00+05:30,42.400001525878906,42.75,41.5,41.75,19390490,0.0,0.0
2025-03-28 00:00:00+05:30,39.0,40.40999984741211,38.849998474121094,38.970001220703125,43736167,0.0,0.0
2025-04-01 00:00:00+05:30,39.0,39.04999923706055,37.599998474121094,37.70000076293945,12058764,0.0,0.0
2025-04-02 00:00:00+05:30,37.79999923706055,38.279998779296875,35.79999923706055,37.43000030517578,24917114,0.0,0.0
2025-04-03 00:00:00+05:30,37.060001373291016,38.22999954223633,36.84000015258789,37.65999984741211,15102282,0.0,0.0
2025-04-04 00:00:00+05:30,37.900001525878906,38.400001525878906,36.619998931884766,36.83000183105469,9424803,0.0,0.0
2025-04-07 00:00:00+05:30,34.0,35.5,33.5,34.83000183105469,11308273,0.0,0.0
2025-04-08 00:00:00+05:30,35.900001525878906,36.16999816894531,35.099998474121094,35.83000183105469,6497879,0.0,0.0
2025-04-09 00:00:00+05:30,35.75,35.900001525878906,35.0,35.18000030517578,4932876,0.0,0.0
2025-04-11 00:00:00+05:30,36.209999084472656,36.25,34.66999816894531,34.93000030517578,8208240,0.0,0.0
2025-04-15 00:00:00+05:30,35.689998626708984,35.79999923706055,35.119998931884766,35.43000030517578,7557889,0.0,0.0
2025-04-16 00:00:00+05:30,35.439998626708984,36.65999984741211,35.29999923706055,36.439998626708984,12997494,0.0,0.0
2025-04-17 00:00:00+05:30,36.5,37.470001220703125,36.279998779296875,37.06999969482422,9290057,0.0,0.0
2025-04-21 00:00:00+05:30,37.06999969482422,38.66999816894531,37.06999969482422,38.31999969482422,11349095,0.0,0.0
2025-04-22 00:00:00+05:30,38.599998474121094,39.70000076293945,38.31999969482422,39.029998779296875,15279603,0.0,0.0
2025-04-23 00:00:00+05:30,39.27000045776367,39.4900016784668,38.099998474121094,38.779998779296875,9041098,0.0,0.0
2025-04-24 00:00:00+05:30,38.779998779296875,39.06999969482422,38.5,38.650001525878906,5448976,0.0,0.0
2025-04-25 00:00:00+05:30,38.7400016784668,38.790000915527344,37.06999969482422,37.38999938964844,9359128,0.0,0.0
2025-04-28 00:00:00+05:30,37.209999084472656,38.11000061035156,36.86000061035156,37.83000183105469,6026681,0.0,0.0
2025-04-29 00:00:00+05:30,38.400001525878906,39.29999923706055,38.0,38.34000015258789,7624038,0.0,0.0
2025-04-30 00:00:00+05:30,38.310001373291016,38.310001373291016,37.349998474121094,37.529998779296875,4685753,0.0,0.0
2025-05-02 00:00:00+05:30,37.540000915527344,38.400001525878906,37.150001525878906,37.86000061035156,13937551,0.0,0.0
2025-05-05 00:00:00+05:30,38.0,38.2599983215332,37.29999923706055,37.56999969482422,7482377,0.0,0.0
2025-05-06 00:00:00+05:30,37.56999969482422,37.7400016784668,35.09000015258789,35.43000030517578,9816958,0.0,0.0
2025-05-07 00:00:00+05:30,34.72999954223633,35.7599983215332,34.56999969482422,35.279998779296875,7958252,0.0,0.0
2025-05-08 00:00:00+05:30,35.720001220703125,36.060001373291016,35.0,35.25,6094880,0.0,0.0
2025-05-09 00:00:00+05:30,34.0,35.400001525878906,33.7599983215332,34.81999969482422,8468641,0.0,0.0
2025-05-12 00:00:00+05:30,36.0,37.540000915527344,36.0,37.220001220703125,11401731,0.0,0.0
2025-05-13 00:00:00+05:30,37.220001220703125,37.970001220703125,37.02000045776367,37.5,7133132,0.0,0.0
2025-05-14 00:00:00+05:30,37.65999984741211,38.25,37.459999084472656,37.91999816894531,7469490,0.0,0.0
2025-05-15 00:00:00+05:30,38.099998474121094,38.45000076293945,37.880001068115234,37.95000076293945,5013658,0.0,0.0
2025-05-16 00:00:00+05:30,38.150001525878906,38.400001525878906,37.79999923706055,37.86000061035156,6989235,0.0,0.0
2025-05-19 00:00:00+05:30,38.0,40.779998779296875,37.869998931884766,39.349998474121094,28403638,0.0,0.0
2025-05-20 00:00:00+05:30,39.65999984741211,39.79999923706055,37.529998779296875,37.7400016784668,11924547,0.0,0.0
2025-05-21 00:00:00+05:30,37.88999938964844,38.27000045776367,37.31999969482422,37.70000076293945,9402090,0.0,0.0
2025-05-22 00:00:00+05:30,37.630001068115234,38.2400016784668,37.11000061035156,37.66999816894531,5709147,0.0,0.0
2025-05-23 00:00:00+05:30,37.75,38.0,37.41999816894531,37.86000061035156,8643617,0.0,0.0
2025-05-26 00:00:00+05:30,37.95000076293945,38.65999984741211,37.93000030517578,38.13999938964844,6398054,0.0,0.0
2025-05-27 00:00:00+05:30,38.20000076293945,38.439998626708984,37.599998474121094,37.790000915527344,8799586,0.0,0.0
2025-05-28 00:00:00+05:30,37.959999084472656,38.400001525878906,37.84000015258789,38.0,6259281,0.0,0.0
2025-05-29 00:00:00+05:30,38.20000076293945,38.560001373291016,37.650001525878906,37.77000045776367,5616220,0.0,0.0
2025-05-30 00:00:00+05:30,37.939998626708984,40.400001525878906,37.41999816894531,39.84000015258789,30338967,0.0,0.0
2025-06-02 00:00:00+05:30,40.099998474121094,42.349998474121094,39.70000076293945,42.060001373291016,89295603,0.0,0.0
2025-06-03 00:00:00+05:30,42.400001525878906,42.79999923706055,40.400001525878906,40.54999923706055,24316471,0.0,0.0
2025-06-04 00:00:00+05:30,40.75,41.599998474121094,39.849998474121094,41.20000076293945,17401284,0.0,0.0
2025-06-05 00:00:00+05:30,41.439998626708984,41.79999923706055,40.599998474121094,40.70000076293945,9855589,0.0,0.0
2025-06-06 00:00:00+05:30,40.90999984741211,41.54999923706055,38.88999938964844,39.630001068115234,37324001,0.0,0.0
2025-06-09 00:00:00+05:30,40.0,41.5,39.9900016784668,40.529998779296875,22215987,0.0,0.0
2025-06-10 00:00:00+05:30,40.77000045776367,40.900001525878906,40.02000045776367,40.349998474121094,12068669,0.0,0.0
2025-06-11 00:00:00+05:30,40.56999969482422,40.56999969482422,39.099998474121094,39.58000183105469,15018595,0.0,0.0
2025-06-12 00:00:00+05:30,39.7599983215332,39.849998474121094,38.45000076293945,38.540000915527344,11155246,0.0,0.0
2025-06-13 00:00:00+05:30,38.13999938964844,38.13999938964844,37.29999923706055,37.5,14557931,0.0,0.0
2025-06-16 00:00:00+05:30,37.599998474121094,37.689998626708984,36.29999923706055,37.4900016784668,12860708,0.0,0.0
2025-06-17 00:00:00+05:30,37.599998474121094,38.97999954223633,37.599998474121094,37.81999969482422,12470456,0.0,0.0
2025-06-18 00:00:00+05:30,37.81999969482422,38.20000076293945,37.15999984741211,37.650001525878906,6893803,0.0,0.0
2025-06-19 00:00:00+05:30,37.650001525878906,38.400001525878906,35.939998626708984,36.45000076293945,15959432,0.0,0.0
2025-06-20 00:00:00+05:30,36.5,37.349998474121094,36.40999984741211,37.220001220703125,8892519,0.0,0.0
2025-06-23 00:00:00+05:30,36.88999938964844,37.25,36.619998931884766,36.95000076293945,6783872,0.0,0.0
2025-06-24 00:00:00+05:30,37.61000061035156,38.20000076293945,37.47999954223633,37.65999984741211,9335692,0.0,0.0
2025-06-25 00:00:00+05:30,37.900001525878906,38.380001068115234,37.81999969482422,38.150001525878906,6445685,0.0,0.0
2025-06-26 00:00:00+05:30,38.290000915527344,38.54999923706055,37.63999938964844,37.81999969482422,6645138,0.0,0.0
2025-06-27 00:00:00+05:30,38.040000915527344,38.83000183105469,37.54999923706055,38.25,25772496,0.0,0.0
2025-06-30 00:00:00+05:30,38.439998626708984,39.59000015258789,38.290000915527344,38.97999954223633,24965313,0.0,0.0
2025-07-01 00:00:00+05:30,39.0,40.04999923706055,38.900001525878906,39.95000076293945,21433615,0.0,0.0
2025-07-02 00:00:00+05:30,40.099998474121094,40.709999084472656,39.599998474121094,39.86000061035156,16593488,0.0,0.0
2025-07-03 00:00:00+05:30,39.97999954223633,40.209999084472656,39.45000076293945,39.9900016784668,9524694,0.0,0.0
2025-07-04 00:00:00+05:30,40.099998474121094,40.369998931884766,39.75,39.95000076293945,6853586,0.0,0.0
2025-07-07 00:00:00+05:30,39.75,40.290000915527344,39.709999084472656,39.93000030517578,5533003,0.0,0.0
2025-07-08 00:00:00+05:30,39.720001220703125,40.099998474121094,39.060001373291016,39.2400016784668,6118745,0.0,0.0
2025-07-09 00:00:00+05:30,39.20000076293945,39.7400016784668,39.060001373291016,39.400001525878906,4986818,0.0,0.0
2025-07-10 00:00:00+05:30,39.54999923706055,39.63999938964844,39.0,39.2599983215332,4454190,0.0,0.0
2025-07-11 00:00:00+05:30,39.0099983215332,39.52000045776367,38.70000076293945,38.88999938964844,4587944,0.0,0.0
2025-07-14 00:00:00+05:30,39.060001373291016,39.2400016784668,38.5,38.61000061035156,5523382,0.0,0.0
2025-07-15 00:00:00+05:30,38.83000183105469,39.290000915527344,38.720001220703125,39.04999923706055,5150106,0.0,0.0
2025-07-16 00:00:00+05:30,39.2400016784668,40.400001525878906,39.150001525878906,39.68000030517578,14410233,0.0,0.0
2025-07-17 00:00:00+05:30,39.95000076293945,40.2400016784668,39.61000061035156,39.83000183105469,5476421,0.0,0.0
2025-07-18 00:00:00+05:30,39.95000076293945,40.63999938964844,39.2400016784668,39.790000915527344,24107962,0.0,0.0
2025-07-21 00:00:00+05:30,40.650001525878906,40.75,39.75,39.849998474121094,9404048,0.0,0.0
2025-07-22 00:00:00+05:30,40.0,40.0,39.06999969482422,39.2400016784668,4922584,0.0,0.0
2025-07-23 00:00:00+05:30,39.130001068115234,39.31999969482422,38.900001525878906,39.09000015258789,4196333,0.0,0.0
2025-07-24 00:00:00+05:30,39.0,39.29999923706055,38.75,38.939998626708984,3796478,0.0,0.0
2025-07-25 00:00:00+05:30,38.91999816894531,39.130001068115234,38.20000076293945,38.45000076293945,4263067,0.0,0.0
2025-07-28 00:00:00+05:30,38.45000076293945,38.599998474121094,37.560001373291016,37.7400016784668,4363563,0.0,0.0
2025-07-29 00:00:00+05:30,37.54999923706055,38.08000183105469,37.34000015258789,37.91999816894531,3727233,0.0,0.0
2025-07-30 00:00:00+05:30,37.81999969482422,38.36000061035156,37.81999969482422,37.95000076293945,1973167,0.0,0.0
2025-07-31 00:00:00+05:30,37.439998626708984,37.880001068115234,37.20000076293945,37.560001373291016,2931308,0.0,0.0
2025-08-01 00:00:00+05:30,37.560001373291016,37.66999816894531,36.560001373291016,36.810001373291016,2963737,0.0,0.0
2025-08-04 00:00:00+05:30,36.95000076293945,37.20000076293945,36.650001525878906,37.040000915527344,3248540,0.0,0.0
2025-08-05 00:00:00+05:30,37.040000915527344,37.33000183105469,36.79999923706055,36.900001525878906,2517783,0.0,0.0
2025-08-06 00:00:00+05:30,36.88999938964844,37.150001525878906,36.25,36.400001525878906,3941451,0.0,0.0
2025-08-07 00:00:00+05:30,36.15999984741211,36.380001068115234,35.540000915527344,36.13999938964844,4558070,0.0,0.0
2025-08-08 00:00:00+05:30,36.25,36.689998626708984,35.650001525878906,35.810001373291016,3660905,0.0,0.0
2025-08-11 00:00:00+05:30,36.189998626708984,36.189998626708984,35.5099983215332,36.0,3098058,0.0,0.0
2025-08-12 00:00:00+05:30,36.040000915527344,36.27000045776367,35.93000030517578,36.18000030517578,2375020,0.0,0.0
2025-08-13 00:00:00+05:30,36.400001525878906,36.63999938964844,36.04999923706055,36.119998931884766,2838561,0.0,0.0
2025-08-14 00:00:00+05:30,36.25,36.33000183105469,35.970001220703125,36.16999816894531,2337002,0.0,0.0
2025-08-18 00:00:00+05:30,36.650001525878906,36.9900016784668,36.5,36.65999984741211,3506267,0.0,0.0
2025-08-19 00:00:00+05:30,36.349998474121094,37.939998626708984,36.31999969482422,37.81999969482422,6807640,0.0,0.0
2025-08-20 00:00:00+05:30,37.52000045776367,38.45000076293945,37.52000045776367,38.13999938964844,3757015,0.0,0.0
2025-08-21 00:00:00+05:30,38.040000915527344,38.88999938964844,37.900001525878906,38.41999816894531,5385366,0.0,0.0
2025-08-22 00:00:00+05:30,38.15999984741211,38.81999969482422,37.900001525878906,38.06999969482422,4035353,0.0,0.0
2025-08-25 00:00:00+05:30,38.849998474121094,38.97999954223633,38.04999923706055,38.209999084472656,6911302,0.0,0.0
2025-08-26 00:00:00+05:30,38.060001373291016,38.619998931884766,37.84000015258789,38.18000030517578,5097524,0.0,0.0
2025-08-27 00:00:00+05:30,38.18000030517578,38.18000030517578,38.18000030517578,38.18000030517578,0,0.0,0.0
2025-08-28 00:00:00+05:30,37.599998474121094,38.439998626708984,37.59000015258789,38.18000030517578,5179440,0.0,0.0
2025-08-29 00:00:00+05:30,38.0099983215332,38.349998474121094,37.849998474121094,38.09000015258789,4105179,0.0,0.0
2025-09-01 00:00:00+05:30,37.97999954223633,38.95000076293945,37.900001525878906,38.869998931884766,6276708,0.0,0.0
2025-09-02 00:00:00+05:30,38.869998931884766,40.52000045776367,38.72999954223633,40.0,20550322,0.0,0.0
2025-09-03 00:00:00+05:30,40.0,40.279998779296875,39.400001525878906,39.470001220703125,8324086,0.0,0.0
2025-09-04 00:00:00+05:30,39.81999969482422,39.869998931884766,37.720001220703125,37.959999084472656,9898557,0.0,0.0
2025-09-05 00:00:00+05:30,38.040000915527344,38.599998474121094,37.720001220703125,38.4900016784668,5041667,0.0,0.0
2025-09-08 00:00:00+05:30,38.63999938964844,39.5,38.56999969482422,39.08000183105469,5855609,0.0,0.0
2025-09-09 00:00:00+05:30,39.04999923706055,39.18000030517578,38.59000015258789,38.91999816894531,4504186,0.0,0.0
2025-09-10 00:00:00+05:30,38.9900016784668,40.0,38.97999954223633,39.58000183105469,9653766,0.0,0.0
2025-09-11 00:00:00+05:30,39.5,40.20000076293945,39.33000183105469,39.439998626708984,8351792,0.0,0.0
2025-09-12 00:00:00+05:30,39.619998931884766,39.79999923706055,39.31999969482422,39.43000030517578,3481664,0.0,0.0
2025-09-15 00:00:00+05:30,39.72999954223633,40.15999984741211,39.40999984741211,39.97999954223633,7543665,0.0,0.0
2025-09-16 00:00:00+05:30,40.0,40.58000183105469,39.79999923706055,40.11000061035156,8941296,0.0,0.0
2025-09-17 00:00:00+05:30,40.25,40.65999984741211,40.04999923706055,40.58000183105469,20467425,0.0,0.0
2025-09-18 00:00:00+05:30,40.900001525878906,40.900001525878906,40.099998474121094,40.209999084472656,9053775,0.0,0.0
2025-09-19 00:00:00+05:30,40.459999084472656,41.31999969482422,40.22999954223633,40.880001068115234,78558593,0.0,0.0
2025-09-22 00:00:00+05:30,41.130001068115234,41.2400016784668,39.720001220703125,39.79999923706055,10795550,0.0,0.0
2025-09-23 00:00:00+05:30,39.810001373291016,40.0,39.18000030517578,39.650001525878906,6603921,0.0,0.0
2025-09-24 00:00:00+05:30,40.0,41.08000183105469,39.400001525878906,39.529998779296875,14041803,0.0,0.0
2025-09-25 00:00:00+05:30,39.529998779296875,39.9900016784668,38.650001525878906,38.88999938964844,6075290,0.0,0.0
2025-09-26 00:00:00+05:30,38.88999938964844,39.06999969482422,37.84000015258789,38.20000076293945,4892084,0.0,0.0
2025-09-29 00:00:00+05:30,38.349998474121094,39.099998474121094,38.029998779296875,38.5099983215332,13836522,0.0,0.0
2025-09-30 00:00:00+05:30,38.5,39.7400016784668,38.40999984741211,39.540000915527344,8178119,0.0,0.0
2025-10-01 00:00:00+05:30,39.54999923706055,39.720001220703125,39.18000030517578,39.560001373291016,5727702,0.0,0.0
2025-10-03 00:00:00+05:30,39.58000183105469,40.150001525878906,39.540000915527344,39.88999938964844,5350085,0.0,0.0
2025-10-06 00:00:00+05:30,39.95000076293945,40.43000030517578,39.38999938964844,39.58000183105469,5492907,0.0,0.0
